#if(_LOGO_TYPE == _LOGO_REALTEK)

BYTE code tiOSD_1BIT_LOGO0[]=
{
     0x00, 0x00, 0x01, 0x02, 0x03, 0x04, 0x00, 0x00, 0x00, 0x00, 0x00, 0x00, 0x00, 0x00, 0x04, 0x05, 0x06, 0x07, 0x00,_NEXT_,
     0x00, 0x00, 0x08, 0x09, 0x0a, 0x0b, 0x00, 0x00, 0x00, 0x00, 0x00, 0x00, 0x00, 0x00, 0x0c, 0x0d, 0x0e, 0x0f, 0x00,_NEXT_,
     0x00, 0x00, 0x00, 0x10, 0x11, 0x12, 0x00, 0x00, 0x13, 0x14, 0x00, 0x13, 0x14, 0x00, 0x15, 0x11, 0x16, 0x00, 0x00,_NEXT_,
     0x00, 0x00, 0x00, 0x17, 0x11, 0x18, 0x19, 0x00, 0x1a, 0x1b, 0x00, 0x1a, 0x1b, 0x1c, 0x1d, 0x11, 0x1e, 0x00, 0x00,_NEXT_,
     0x00, 0x00, 0x00, 0x1f, 0x20, 0x11, 0x21, 0x00, 0x08, 0x22, 0x22, 0x23, 0x00, 0x24, 0x11, 0x25, 0x26, 0x00, 0x00,_NEXT_,
     0x00, 0x1c, 0x27, 0x22, 0x22, 0x28, 0x11, 0x04, 0x29, 0x19, 0x1c, 0x2a, 0x04, 0x11, 0x2b, 0x22, 0x22, 0x2c, 0x2d,_NEXT_,
     0x00, 0x2e, 0x2f, 0x30, 0x31, 0x32, 0x33, 0x34, 0x11, 0x21, 0x35, 0x11, 0x36, 0x37, 0x38, 0x31, 0x39, 0x3a, 0x3b,_NEXT_,
     0x00, 0x3c, 0x3d, 0x3e, 0x3f, 0x32, 0x36, 0x40, 0x11, 0x41, 0x42, 0x43, 0x3c, 0x00, 0x00, 0x44, 0x45, 0x46, 0x32,_NEXT_,
     0x00, 0x38, 0x47, 0x0f, 0x48, 0x49, 0x47, 0x08, 0x4a, 0x00, 0x4b, 0x08, 0x4c, 0x31, 0x4d, 0x4e, 0x08, 0x49, 0x4f,_NEXT_,
     0x00, 0x00, 0x00, 0x00, 0x47, 0x00, 0x00, 0x00, 0x00, 0x00, 0x00, 0x00, 0x00, 0x00, 0x00, 0x49, 0x00, 0x00, 0x00,_END_,

};

BYTE code tiOSD_1BIT_LOGO1[]=
{
     0x00, 0x00, 0x00, 0x00, 0x00, 0x00, 0x00, 0x00, 0x00, 0x00, 0x00, 0x00, 0x00, 0x00, 0x00, 0x00, 0x00, 0x00, 0x00, 0x00, 0x00, 0x00, 0x00, 0x00, 0x00, 0x00, 0x00, 0x00, 0x00, 0x00, 0x00, 0x00, 0x00, 0x00, 0x00, 0x00, 0x00, 0x00, 0x00, 0x00, 0x00, 0x00, 0x00, 0x00, 0x00, 0x00, 0x00, 0x00, 0x00, 0x00, 0x00,_NEXT_,
     0x00, 0x00, 0x00, 0x00, 0x00, 0x00, 0x00, 0x00, 0x00, 0x00, 0x00, 0x00, 0x00, 0x00, 0x00, 0x00, 0x00, 0x00, 0x00, 0x00, 0x00, 0x00, 0x00, 0x00, 0x00, 0x00, 0x00, 0x00, 0x00, 0x00, 0x00, 0x00, 0x00, 0x00, 0x00, 0x00, 0x00, 0x00, 0x00, 0x00, 0x00, 0x00, 0x00, 0x00, 0x00, 0x00, 0x00, 0x00, 0x00, 0x00, 0x00,_NEXT_,
     0x00, 0x00, 0x00, 0x01, 0x01, 0x02, 0x02, 0x03, 0x04, 0x05, 0x00, 0x00, 0x00, 0x00, 0x00, 0x00, 0x00, 0x00, 0x00, 0x00, 0x00, 0x00, 0x00, 0x00, 0x00, 0x00, 0x00, 0x00, 0x00, 0x00, 0x00, 0x00, 0x00, 0x00, 0x00, 0x00, 0x00, 0x00, 0x00, 0x00, 0x00, 0x00, 0x00, 0x00, 0x00, 0x00, 0x00, 0x00, 0x00, 0x00, 0x00,_NEXT_,
     0x00, 0x00, 0x00, 0x01, 0x01, 0x00, 0x00, 0x06, 0x01, 0x07, 0x00, 0x08, 0x01, 0x09, 0x02, 0x02, 0x00, 0x00, 0x0a, 0x0b, 0x0c, 0x0d, 0x00, 0x00, 0x00, 0x01, 0x01, 0x00, 0x00, 0x00, 0x02, 0x02, 0x01, 0x01, 0x02, 0x02, 0x00, 0x01, 0x01, 0x02, 0x02, 0x0e, 0x00, 0x01, 0x01, 0x00, 0x0f, 0x10, 0x11, 0x12, 0x00,_NEXT_,
     0x00, 0x00, 0x00, 0x01, 0x01, 0x13, 0x13, 0x14, 0x15, 0x16, 0x00, 0x08, 0x01, 0x17, 0x00, 0x00, 0x00, 0x00, 0x18, 0x19, 0x1a, 0x1b, 0x00, 0x00, 0x00, 0x01, 0x01, 0x00, 0x00, 0x00, 0x00, 0x00, 0x01, 0x01, 0x00, 0x00, 0x00, 0x01, 0x01, 0x00, 0x00, 0x00, 0x00, 0x01, 0x01, 0x1c, 0x1d, 0x1e, 0x00, 0x00, 0x00,_NEXT_,
     0x00, 0x00, 0x00, 0x01, 0x01, 0x01, 0x01, 0x1f, 0x20, 0x00, 0x00, 0x08, 0x01, 0x09, 0x02, 0x02, 0x00, 0x21, 0x22, 0x23, 0x24, 0x25, 0x26, 0x00, 0x00, 0x01, 0x01, 0x00, 0x00, 0x00, 0x00, 0x00, 0x01, 0x01, 0x00, 0x00, 0x00, 0x01, 0x01, 0x02, 0x02, 0x0e, 0x00, 0x01, 0x01, 0x27, 0x28, 0x29, 0x00, 0x00, 0x00,_NEXT_,
     0x00, 0x00, 0x00, 0x01, 0x01, 0x2a, 0x2b, 0x01, 0x2c, 0x2d, 0x00, 0x08, 0x01, 0x17, 0x00, 0x00, 0x00, 0x2e, 0x2f, 0x02, 0x02, 0x30, 0x31, 0x32, 0x00, 0x01, 0x01, 0x00, 0x00, 0x00, 0x00, 0x00, 0x01, 0x01, 0x00, 0x00, 0x00, 0x01, 0x01, 0x00, 0x00, 0x00, 0x00, 0x01, 0x01, 0x33, 0x34, 0x35, 0x36, 0x00, 0x00,_NEXT_,
     0x00, 0x00, 0x00, 0x01, 0x01, 0x00, 0x37, 0x38, 0x01, 0x39, 0x3a, 0x08, 0x01, 0x3b, 0x3c, 0x3c, 0x3d, 0x3e, 0x00, 0x00, 0x00, 0x3f, 0x40, 0x41, 0x00, 0x01, 0x01, 0x3c, 0x3c, 0x3c, 0x00, 0x00, 0x01, 0x01, 0x00, 0x00, 0x00, 0x01, 0x01, 0x3c, 0x3c, 0x42, 0x00, 0x01, 0x01, 0x00, 0x43, 0x44, 0x45, 0x46, 0x00,_NEXT_,
     0x00, 0x00, 0x00, 0x00, 0x00, 0x00, 0x00, 0x00, 0x00, 0x00, 0x00, 0x00, 0x00, 0x00, 0x00, 0x00, 0x00, 0x00, 0x00, 0x00, 0x00, 0x00, 0x00, 0x00, 0x00, 0x00, 0x00, 0x00, 0x00, 0x00, 0x00, 0x00, 0x00, 0x00, 0x00, 0x00, 0x00, 0x00, 0x00, 0x00, 0x00, 0x00, 0x00, 0x00, 0x00, 0x00, 0x00, 0x00, 0x00, 0x00, 0x00,_NEXT_,
     0x00, 0x00, 0x00, 0x00, 0x00, 0x00, 0x00, 0x00, 0x00, 0x00, 0x00, 0x00, 0x00, 0x00, 0x00, 0x00, 0x00, 0x00, 0x00, 0x00, 0x00, 0x00, 0x00, 0x00, 0x00, 0x00, 0x00, 0x00, 0x00, 0x00, 0x00, 0x00, 0x00, 0x00, 0x00, 0x00, 0x00, 0x00, 0x00, 0x00, 0x00, 0x00, 0x00, 0x00, 0x00, 0x00, 0x00, 0x00, 0x00, 0x00, 0x00,_END_,
};
#elif(_LOGO_TYPE == _LOGO_MAG)
BYTE code tiOSD_1BIT_LOGO0[]=
{
	0x00, 0x01, 0x01, 0x01, 0x01, 0x01, 0x01, 0x01, 0x01, 0x01, 0x01, 0x01, 0x01, 0x01, 0x01, 0x02, 0x03, 0x04, 0x04, 0x04, 0x04, 0x04, 0x05, 0x01, 0x01, 0x01, 0x01, 0x01, 0x06, 0x04, 0x04, 0x04, 0x04, 0x04, 0x04, 0x04, 0x07, 0x08, 0x09, 0x01, 0x01, 0x01, 0x01, 0x01, 0x01, 0x01, 0x01, 0x01, 0x0A, 0x04, 0x04, 0x04, 0x04, 0x04, 0x04, 0x04, 0x04, 0x04,_NEXT_, 
	0x0B, 0x0C, 0x0C, 0x0C, 0x0C, 0x0C, 0x0C, 0x0C, 0x0C, 0x0C, 0x0C, 0x0C, 0x0C, 0x0C, 0x0C, 0x0C, 0x0D, 0x0E, 0x04, 0x04, 0x04, 0x0F, 0x10, 0x0C, 0x0C, 0x0C, 0x0C, 0x0C, 0x11, 0x12, 0x04, 0x04, 0x04, 0x04, 0x13, 0x14, 0x15, 0x0C, 0x0C, 0x0C, 0x0C, 0x0C, 0x0C, 0x0C, 0x0C, 0x0C, 0x0C, 0x0C, 0x16, 0x04, 0x04, 0x04, 0x04, 0x04, 0x04, 0x04, 0x04, 0x04,_NEXT_,	
	0x0B, 0x0C, 0x0C, 0x0C, 0x0C, 0x0C, 0x0C, 0x0C, 0x0C, 0x0C, 0x0C, 0x0C, 0x0C, 0x0C, 0x0C, 0x0C, 0x0C, 0x17, 0x04, 0x04, 0x04, 0x18, 0x0C, 0x0C, 0x0C, 0x0C, 0x0C, 0x0C, 0x0C, 0x19, 0x04, 0x04, 0x04, 0x1A, 0x1B, 0x0C, 0x0C, 0x0C, 0x0C, 0x0C, 0x0C, 0x0C, 0x0C, 0x0C, 0x0C, 0x0C, 0x0C, 0x0C, 0x16, 0x04, 0x04, 0x04, 0x04, 0x04, 0x04, 0x04, 0x04, 0x04,_NEXT_,	
	0x0B, 0x0C, 0x0C, 0x0C, 0x1C, 0x1D, 0x1D, 0x1E, 0x0C, 0x0C, 0x1F, 0x1D, 0x1D, 0x20, 0x0C, 0x0C, 0x0C, 0x16, 0x04, 0x04, 0x21, 0x22, 0x0C, 0x0C, 0x0C, 0x23, 0x0C, 0x0C, 0x0C, 0x0C, 0x24, 0x04, 0x25, 0x26, 0x0C, 0x0C, 0x27, 0x28, 0x29, 0x04, 0x04, 0x04, 0x04, 0x04, 0x04, 0x04, 0x04, 0x04, 0x04, 0x04, 0x04, 0x04, 0x04, 0x04, 0x04, 0x04, 0x04, 0x04,_NEXT_,	
	0x0B, 0x0C, 0x0C, 0x0C, 0x2A, 0x04, 0x04, 0x2B, 0x0C, 0x0C, 0x2C, 0x04, 0x04, 0x0B, 0x0C, 0x0C, 0x0C, 0x16, 0x04, 0x2D, 0x2E, 0x0C, 0x0C, 0x0C, 0x2F, 0x30, 0x31, 0x0C, 0x0C, 0x0C, 0x32, 0x33, 0x34, 0x0C, 0x0C, 0x0C, 0x35, 0x04, 0x04, 0x04, 0x04, 0x36, 0x37, 0x37, 0x37, 0x37, 0x37, 0x37, 0x38, 0x04, 0x04, 0x04, 0x04, 0x04, 0x04, 0x04, 0x04, 0x04,_NEXT_,	
	0x0B, 0x0C, 0x0C, 0x0C, 0x2A, 0x04, 0x04, 0x2B, 0x0C, 0x0C, 0x2C, 0x04, 0x04, 0x0B, 0x0C, 0x0C, 0x0C, 0x16, 0x04, 0x39, 0x0C, 0x0C, 0x0C, 0x3A, 0x3B, 0x04, 0x3C, 0x3D, 0x0C, 0x0C, 0x0C, 0x3E, 0x3F, 0x0C, 0x0C, 0x0C, 0x40, 0x04, 0x04, 0x04, 0x04, 0x41, 0x0C, 0x0C, 0x0C, 0x0C, 0x0C, 0x0C, 0x16, 0x04, 0x04, 0x04, 0x04, 0x04, 0x04, 0x04, 0x04, 0x04,_NEXT_,	
	0x0B, 0x0C, 0x0C, 0x0C, 0x2A, 0x04, 0x04, 0x2B, 0x0C, 0x0C, 0x2C, 0x04, 0x04, 0x0B, 0x0C, 0x0C, 0x0C, 0x16, 0x42, 0x0C, 0x0C, 0x0C, 0x0C, 0x43, 0x04, 0x04, 0x04, 0x44, 0x0C, 0x0C, 0x0C, 0x0C, 0x45, 0x0C, 0x0C, 0x0C, 0x46, 0x04, 0x04, 0x04, 0x04, 0x47, 0x48, 0x48, 0x48, 0x48, 0x48, 0x48, 0x49, 0x04, 0x04, 0x04, 0x4A, 0x4B, 0x4C, 0x4D, 0x4E, 0x04,_NEXT_,	
	0x0B, 0x0C, 0x0C, 0x0C, 0x2A, 0x04, 0x04, 0x2B, 0x0C, 0x0C, 0x2C, 0x04, 0x04, 0x0B, 0x0C, 0x0C, 0x0C, 0x4F, 0x50, 0x0C, 0x0C, 0x0C, 0x51, 0x52, 0x53, 0x53, 0x53, 0x54, 0x55, 0x0C, 0x0C, 0x0C, 0x0C, 0x0C, 0x0C, 0x0C, 0x0C, 0x56, 0x57, 0x58, 0x58, 0x58, 0x58, 0x58, 0x58, 0x58, 0x58, 0x59, 0x5A, 0x04, 0x04, 0x5B, 0x5C, 0x5D, 0x5E, 0x5F, 0x60, 0x61,_NEXT_,	
	0x0B, 0x0C, 0x0C, 0x0C, 0x2A, 0x04, 0x04, 0x2B, 0x0C, 0x0C, 0x2C, 0x04, 0x04, 0x0B, 0x0C, 0x0C, 0x0C, 0x0C, 0x0C, 0x0C, 0x0C, 0x0C, 0x0C, 0x0C, 0x0C, 0x0C, 0x0C, 0x62, 0x63, 0x3D, 0x0C, 0x0C, 0x0C, 0x64, 0x65, 0x0C, 0x0C, 0x0C, 0x0C, 0x0C, 0x0C, 0x0C, 0x0C, 0x0C, 0x0C, 0x0C, 0x0C, 0x0C, 0x16, 0x04, 0x04, 0x66, 0x67, 0x68, 0x69, 0x6A, 0x6B, 0x6C,_NEXT_,	
	0x0B, 0x0C, 0x0C, 0x0C, 0x2A, 0x04, 0x04, 0x2B, 0x0C, 0x0C, 0x2C, 0x04, 0x04, 0x0B, 0x0C, 0x0C, 0x0C, 0x0C, 0x0C, 0x0C, 0x0C, 0x0C, 0x0C, 0x0C, 0x0C, 0x0C, 0x6D, 0x6E, 0x04, 0x6F, 0x0C, 0x0C, 0x0C, 0x0C, 0x70, 0x71, 0x72, 0x73, 0x0C, 0x0C, 0x0C, 0x0C, 0x0C, 0x0C, 0x0C, 0x0C, 0x0C, 0x0C, 0x16, 0x04, 0x04, 0x74, 0x75, 0x76, 0x53, 0x77, 0x78, 0x79,_NEXT_,	
	0x7A, 0x7B, 0x7B, 0x7B, 0x7C, 0x04, 0x04, 0x7D, 0x7B, 0x7B, 0x7E, 0x04, 0x04, 0x7A, 0x7B, 0x7B, 0x7B, 0x7B, 0x7B, 0x7B, 0x7B, 0x7B, 0x7B, 0x7B, 0x7B, 0x7F, 0x80, 0x04, 0x04, 0x81, 0x7B, 0x7B, 0x7B, 0x7B, 0x82, 0x04, 0x04, 0x83, 0x84, 0x7B, 0x7B, 0x7B, 0x7B, 0x7B, 0x7B, 0x7B, 0x7B, 0x7B, 0x85, 0x04, 0x04, 0x04, 0x04, 0x86, 0x87, 0x88, 0x04, 0x04,_END_, 

};
#elif(_LOGO_TYPE == _LOGO_TOPUSHENN)
BYTE code tiOSD_1BIT_LOGO0[]=
{
0x00, 0x00, 0x00, 0x00, 0x00, 0x00, 0x00, 0x00, 0x00, 0x00, 0x00, 0x00, 0x00, 0x00, 0x00, 0x00, 0x00, 0x00, 0x00, 0x00, 0x00, 0x00, 0x00, 0x00, 0x00, 0x00, 0x00, 0x00, 0x00, 0x00, 0x00, 0x00, 0x00, 0x00, 0x00, 0x00, 0x00, 0x00, 0x00, 0x00, 0x00, 0x00, 0x00, 0x00, 0x00, 0x01, 0x02, 0x03, 0x04, 0x05, _NEXT_,
0x00, 0x00, 0x06, 0x07, 0x07, 0x07, 0x07, 0x07, 0x07, 0x08, 0x00, 0x00, 0x00, 0x00, 0x00, 0x00, 0x00, 0x00, 0x00, 0x00, 0x00, 0x00, 0x00, 0x00, 0x00, 0x00, 0x00, 0x00, 0x00, 0x00, 0x00, 0x00, 0x00, 0x00, 0x00, 0x00, 0x00, 0x00, 0x00, 0x00, 0x00, 0x00, 0x00, 0x00, 0x00, 0x09, 0x0A, 0x0B, 0x0C, 0x0D,_NEXT_, 
0x00, 0x0E, 0x0F, 0x0F, 0x0F, 0x0F, 0x0F, 0x0F, 0x10, 0x11, 0x00, 0x00, 0x00, 0x00, 0x00, 0x00, 0x00, 0x00, 0x00, 0x00, 0x00, 0x00, 0x00, 0x00, 0x00, 0x00, 0x00, 0x00, 0x00, 0x12, 0x13, 0x14, 0x15, 0x16, 0x17, 0x18, 0x19, 0x1A, 0x1B, 0x1C, 0x1D, 0x1E, 0x1F, 0x20, 0x21, 0x22, 0x23, 0x24, 0x25, 0x26, _NEXT_,
0x00, 0x27, 0x28, 0x29, 0x0F, 0x2A, 0x2B, 0x28, 0x2C, 0x00, 0x00, 0x00, 0x00, 0x00, 0x00, 0x00, 0x00, 0x00, 0x00, 0x00, 0x00, 0x00, 0x00, 0x00, 0x00, 0x00, 0x00, 0x00, 0x00, 0x2D, 0x2E, 0x2F, 0x30, 0x31, 0x32, 0x33, 0x34, 0x35, 0x36, 0x37, 0x38, 0x39, 0x3A, 0x3B, 0x3C, 0x00, 0x00, 0x00, 0x00, 0x00,_NEXT_, 
0x00, 0x00, 0x3D, 0x3E, 0x0F, 0x3F, 0x40, 0x41, 0x42, 0x42, 0x43, 0x00, 0x44, 0x42, 0x42, 0x42, 0x45, 0x46, 0x47, 0x42, 0x48, 0x47, 0x42, 0x48, 0x00, 0x49, 0x42, 0x42, 0x4A, 0x4B, 0x4C, 0x4D, 0x4E, 0x4F, 0x00, 0x50, 0x51, 0x52, 0x53, 0x54, 0x55, 0x56, 0x57, 0x56, 0x58, 0x00, 0x00, 0x00, 0x00, 0x00, _NEXT_,
0x00, 0x00, 0x59, 0x0F, 0x5A, 0x5B, 0x5C, 0x0F, 0x0F, 0x0F, 0x0F, 0x5D, 0x5E, 0x0F, 0x0F, 0x0F, 0x0F, 0x5F, 0x60, 0x0F, 0x61, 0x62, 0x0F, 0x63, 0x64, 0x0F, 0x0F, 0x0F, 0x65, 0x66, 0x67, 0x0F, 0x0F, 0x68, 0x69, 0x0F, 0x0F, 0x0F, 0x0F, 0x6A, 0x6B, 0x0F, 0x0F, 0x0F, 0x6C, 0x00, 0x00, 0x00, 0x00, 0x00,_NEXT_, 
0x00, 0x6D, 0x6E, 0x0F, 0x6F, 0x70, 0x0F, 0x71, 0x72, 0x0F, 0x73, 0x74, 0x75, 0x76, 0x77, 0x0F, 0x76, 0x78, 0x79, 0x7A, 0x7B, 0x7C, 0x7D, 0x7E, 0x79, 0x7F, 0x80, 0x81, 0x00, 0x82, 0x0F, 0x83, 0x84, 0x00, 0x85, 0x0F, 0x86, 0x87, 0x88, 0x89, 0x8A, 0x8B, 0x8C, 0x8D, 0x8E, 0x00, 0x00, 0x00, 0x00, 0x00, _NEXT_,
0x00, 0x8F, 0x0F, 0x90, 0x91, 0x92, 0x0F, 0x93, 0x94, 0x0F, 0x95, 0x96, 0x0F, 0x97, 0x98, 0x0F, 0x99, 0x6B, 0x0F, 0x9A, 0x9B, 0x0F, 0x3F, 0x9C, 0x9D, 0x9E, 0x0F, 0x9F, 0xA0, 0x6E, 0xA1, 0xA2, 0xA3, 0xA4, 0x0F, 0xA5, 0xA6, 0x0F, 0xA7, 0xA8, 0xA9, 0xAA, 0x0F, 0xAB, 0x00, 0x00, 0x00, 0x00, 0x00, 0x00, _NEXT_,
0xAC, 0xAD, 0x0F, 0xAE, 0xAF, 0x0F, 0xB0, 0xB1, 0x0F, 0xB2, 0xB3, 0xB4, 0xB5, 0xB6, 0xB6, 0xB7, 0x89, 0xB8, 0x0F, 0xB9, 0xB8, 0xBA, 0xBB, 0x42, 0x42, 0xBC, 0x0F, 0xBD, 0xBE, 0x0F, 0xBF, 0x42, 0x42, 0xC0, 0x0F, 0xC1, 0xC2, 0xC3, 0xC4, 0xC5, 0xC6, 0xC7, 0xC8, 0xC9, 0x00, 0x00, 0x00, 0x00, 0x00, 0x00,_NEXT_, 
0xCA, 0x0F, 0xCB, 0x00, 0xCC, 0x0F, 0x0F, 0x0F, 0xCD, 0xCE, 0xCF, 0x0F, 0xD0, 0x00, 0x00, 0x00, 0xD1, 0x0F, 0x0F, 0x0F, 0xD2, 0xD3, 0x62, 0x0F, 0x0F, 0x8D, 0xD4, 0xD5, 0xB8, 0x0F, 0x0F, 0x0F, 0x0F, 0x0F, 0xD6, 0xD7, 0x0F, 0x0F, 0x0F, 0xBD, 0xD8, 0x0F, 0xD9, 0x00, 0x00, 0x00, 0x00, 0x00, 0x00, 0x00, _END_,

};
#elif(_LOGO_TYPE == _LOGO_CHANGHONG)
BYTE code tiOSD_1BIT_LOGO0[]=
{
	0x00, 0x00, 0x01, 0x02, 0x03, 0x04, 0x05, 0x06, 0x07, 0x00, 0x00, 0x00, 0x00, 0x00, 0x00, 0x00, 0x00, 0x00, 0x00, 0x00, 0x00, 0x00, 0x00, 0x00, 0x00, 0x00, 0x00, 0x00, 0x00, 0x00, 0x00, 0x00, 0x00, 0x00, 0x00, 0x00, 0x00, 0x00, 0x00, 0x00, 0x00, 0x00, 0x00, 0x00, 0x00, 0x00, 0x00, 0x00, 0x00, 0x00, 0x00, 0x00, 0x00, 0x00, 0x00, 0x00, 0x00, 0x00, 0x00, 0x00, 0x00, 0x00, 0x00, 0x00, 0x00, 0x00, 0x00, 0x00, 0x00, 
	0x00, 0x08, 0x09, 0x0A, 0x0B, 0x0C, 0x0D, 0x0A, 0x0E, 0x0F, 0x10, 0x11, 0x12, 0x00, 0x13, 0x11, 0x11, 0x00, 0x00, 0x14, 0x11, 0x15, 0x00, 0x00, 0x10, 0x11, 0x16, 0x00, 0x17, 0x11, 0x12, 0x00, 0x00, 0x18, 0x19, 0x1A, 0x1B, 0x00, 0x1C, 0x1D, 0x1E, 0x00, 0x1F, 0x1D, 0x20, 0x00, 0x00, 0x21, 0x22, 0x23, 0x24, 0x25, 0x00, 0x00, 0x26, 0x11, 0x27, 0x00, 0x13, 0x11, 0x28, 0x00, 0x00, 0x29, 0x2A, 0x2B, 0x2C, 0x00, 0x00, 
	0x2D, 0x2E, 0x0A, 0x2F, 0x30, 0x00, 0x31, 0x32, 0x0A, 0x33, 0x34, 0x0A, 0x35, 0x00, 0x36, 0x0A, 0x0A, 0x00, 0x00, 0x37, 0x0A, 0x0A, 0x38, 0x00, 0x34, 0x0A, 0x39, 0x3A, 0x3B, 0x0A, 0x35, 0x3C, 0x3D, 0x3E, 0x3F, 0x40, 0x41, 0x42, 0x34, 0x0A, 0x43, 0x00, 0x3B, 0x0A, 0x44, 0x00, 0x45, 0x46, 0x0A, 0x47, 0x48, 0x0A, 0x49, 0x4A, 0x4B, 0x0A, 0x4C, 0x4D, 0x36, 0x0A, 0x4E, 0x4F, 0x50, 0x51, 0x52, 0x53, 0x54, 0x55, 0x00, 
	0x56, 0x0A, 0x0A, 0x57, 0x00, 0x00, 0x00, 0x58, 0x59, 0x59, 0x5A, 0x0A, 0x35, 0x00, 0x36, 0x0A, 0x0A, 0x00, 0x5B, 0x0A, 0x5C, 0x0A, 0x5D, 0x00, 0x34, 0x0A, 0x0A, 0x5E, 0x5F, 0x0A, 0x35, 0x60, 0x0A, 0x61, 0x00, 0x62, 0x63, 0x64, 0x34, 0x0A, 0x43, 0x00, 0x3B, 0x0A, 0x44, 0x65, 0x0A, 0x66, 0x67, 0x68, 0x69, 0x0D, 0x0A, 0x6A, 0x6B, 0x0A, 0x0A, 0x6C, 0x6D, 0x0A, 0x4E, 0x6E, 0x0A, 0x6F, 0x00, 0x70, 0x71, 0x72, 0x73, 
	0x74, 0x0A, 0x0A, 0x75, 0x00, 0x00, 0x00, 0x76, 0x77, 0x77, 0x78, 0x0A, 0x79, 0x7A, 0x7B, 0x0A, 0x0A, 0x00, 0x7C, 0x0A, 0x7D, 0x7E, 0x7F, 0x80, 0x34, 0x0A, 0x81, 0x0A, 0x82, 0x0A, 0x35, 0x83, 0x0A, 0x84, 0x85, 0x86, 0x86, 0x86, 0x34, 0x0A, 0x87, 0x7A, 0x88, 0x0A, 0x44, 0x89, 0x8A, 0x8B, 0x8C, 0x00, 0x00, 0x8D, 0x8E, 0x8F, 0x90, 0x0A, 0x91, 0x92, 0x93, 0x0A, 0x4E, 0x94, 0x0A, 0x95, 0x00, 0x86, 0x86, 0x86, 0x96, 
	0x00, 0x97, 0x0A, 0x98, 0x99, 0x00, 0x9A, 0x9B, 0x0A, 0x9C, 0x34, 0x0A, 0x35, 0x00, 0x36, 0x0A, 0x0A, 0x9D, 0x9E, 0x0A, 0x9F, 0xA0, 0x0A, 0xA1, 0x34, 0x0A, 0xA2, 0xA3, 0x0A, 0x0A, 0x35, 0xA4, 0x0A, 0xA5, 0xA6, 0xA7, 0x0A, 0x0A, 0x34, 0x0A, 0x43, 0x00, 0x3B, 0x0A, 0x44, 0xA8, 0x0A, 0x0A, 0xA9, 0xAA, 0xAB, 0xAC, 0x0A, 0xAD, 0xAE, 0x0A, 0xA2, 0xAF, 0x0A, 0x0A, 0x4E, 0xB0, 0x0A, 0xB1, 0xB2, 0xB3, 0x0A, 0x0A, 0xB4, 
	0x00, 0xB5, 0xB6, 0x0A, 0xB7, 0xB8, 0xAC, 0x66, 0xB9, 0xBA, 0x34, 0x0A, 0x35, 0x00, 0x36, 0x0A, 0x0A, 0xBB, 0x0A, 0xBC, 0xBD, 0xBE, 0x0A, 0xBF, 0xC0, 0x0A, 0xA2, 0x70, 0xC1, 0x0A, 0x35, 0xC2, 0xC3, 0x0A, 0xC4, 0xC5, 0x0A, 0x0A, 0x34, 0x0A, 0x43, 0x00, 0x3B, 0x0A, 0x44, 0x00, 0xC6, 0xC7, 0x0A, 0xC8, 0xC9, 0xCA, 0xCB, 0xCC, 0x4B, 0x0A, 0xA2, 0xCD, 0xCE, 0x0A, 0x4E, 0xCF, 0xD0, 0x0A, 0xD1, 0xD2, 0x0A, 0x0A, 0xB4, 
	0x00, 0x00, 0x00, 0xD3, 0xD4, 0xD5, 0xD6, 0xD7, 0x00, 0x00, 0xD8, 0xD9, 0xDA, 0x00, 0xDB, 0xD9, 0xD9, 0xDC, 0xD9, 0xDD, 0x00, 0xCD, 0xD9, 0xD9, 0xDE, 0xD9, 0xDF, 0x00, 0xE0, 0xD9, 0xE1, 0x00, 0xCD, 0xE2, 0xE3, 0xE4, 0xE5, 0xE5, 0xE6, 0xD9, 0xE7, 0x00, 0xE8, 0xD9, 0xE9, 0x00, 0x00, 0xEA, 0xEB, 0xEC, 0xED, 0xEE, 0x00, 0x00, 0xEF, 0xD9, 0xDF, 0x00, 0xF0, 0xD9, 0xF1, 0x00, 0x00, 0xF2, 0xD9, 0xF3, 0xE5, 0xE5, 0xF4, 
		_END_,

};

#elif(_LOGO_TYPE == _LOGO_ONN)
BYTE code tiOSD_1BIT_LOGO0[]=
{

0x00,0x00,0x00,0x00,0x00,0x00,0x00,0x00,0x00,0x00,0x00,0x00,0x00,0x00,0x00,0x00,0x00,0x00,0x00,0x00,0x00,0x00,0x00,0x00,0x00,0x00,0x00,0x00,0x00,0x00,0x00,0x00,0x00,0x00,0x00,0x00,0x00,0x00,0x00,0x00,0x00,0x00,0x00,0x00,0x00,0x00,0x00,0x00,0x00,0x00,0x00,0x00,0x00,0x00,0x00,0x00,0x00,0x00,0x00,0x00,0x00,0x00,0x00,0x00,0x00,0x00,0x00,0x00,0x00,0x00,0x00,0x00,0x00,0x00,0x00,0x00,0x00, _NEXT_,
0x00,0x00,0x00,0x00,0x00,0x00,0x00,0x00,0x01,0x02,0x03,0x04,0x05,0x06,0x07,0x08,0x09,0x0A,0x00,0x00,0x00,0x00,0x00,0x00,0x00,0x0B,0x0C,0x0C,0x0C,0x0C,0x0C,0x0D,0x00,0x0E,0x0F,0x10,0x11,0x12,0x13,0x14,0x15,0x00,0x00,0x00,0x00,0x00,0x16,0x0C,0x0C,0x0C,0x0C,0x0C,0x17,0x00,0x18,0x19,0x1A,0x1B,0x1C,0x07,0x1D,0x1E,0x1F,0x00,0x00,0x00,0x00,0x00,0x00,0x00,0x00,0x00,0x00,0x00,0x00,0x00,0x00, _NEXT_,
0x00,0x00,0x00,0x00,0x00,0x00,0x20,0x21,0x22,0x23,0x23,0x23,0x23,0x23,0x23,0x23,0x23,0x23,0x24,0x25,0x00,0x00,0x00,0x00,0x00,0x26,0x23,0x23,0x23,0x23,0x23,0x27,0x28,0x23,0x23,0x23,0x23,0x23,0x23,0x23,0x29,0x2A,0x2B,0x00,0x00,0x00,0x2C,0x23,0x23,0x23,0x23,0x23,0x2D,0x2E,0x2F,0x23,0x23,0x23,0x23,0x23,0x23,0x23,0x30,0x31,0x00,0x00,0x00,0x00,0x00,0x00,0x00,0x00,0x00,0x00,0x00,0x00,0x00, _NEXT_,
0x00,0x00,0x00,0x00,0x32,0x33,0x2F,0x23,0x23,0x23,0x23,0x23,0x23,0x23,0x23,0x23,0x23,0x23,0x23,0x23,0x34,0x35,0x00,0x00,0x00,0x26,0x23,0x23,0x23,0x23,0x23,0x23,0x23,0x23,0x23,0x23,0x23,0x23,0x23,0x23,0x23,0x23,0x36,0x37,0x00,0x00,0x2C,0x23,0x23,0x23,0x23,0x23,0x23,0x23,0x23,0x23,0x23,0x23,0x23,0x23,0x23,0x23,0x23,0x38,0x39,0x00,0x00,0x00,0x00,0x00,0x00,0x00,0x00,0x00,0x00,0x00,0x00, _NEXT_,
0x00,0x00,0x00,0x3A,0x3B,0x23,0x23,0x23,0x23,0x23,0x23,0x23,0x23,0x23,0x23,0x23,0x23,0x23,0x23,0x23,0x23,0x3C,0x3D,0x00,0x00,0x26,0x23,0x23,0x23,0x23,0x23,0x23,0x23,0x23,0x23,0x23,0x23,0x23,0x23,0x23,0x23,0x23,0x23,0x3E,0x00,0x00,0x2C,0x23,0x23,0x23,0x23,0x23,0x23,0x23,0x23,0x23,0x23,0x23,0x23,0x23,0x23,0x23,0x23,0x23,0x3F,0x40,0x00,0x00,0x00,0x00,0x00,0x00,0x00,0x00,0x00,0x00,0x00, _NEXT_,
0x00,0x00,0x00,0x41,0x23,0x23,0x23,0x23,0x23,0x23,0x42,0x43,0x44,0x45,0x46,0x47,0x23,0x23,0x23,0x23,0x23,0x23,0x48,0x00,0x00,0x26,0x23,0x23,0x23,0x23,0x23,0x23,0x49,0x4A,0x4B,0x4C,0x4D,0x4E,0x23,0x23,0x23,0x23,0x23,0x4F,0x00,0x00,0x2C,0x23,0x23,0x23,0x23,0x23,0x23,0x50,0x51,0x52,0x53,0x54,0x55,0x23,0x23,0x23,0x23,0x23,0x23,0x56,0x00,0x00,0x00,0x00,0x00,0x00,0x00,0x00,0x00,0x00,0x00, _NEXT_,
0x00,0x00,0x57,0x58,0x23,0x23,0x23,0x23,0x23,0x59,0x5A,0x00,0x00,0x00,0x00,0x5B,0x5C,0x23,0x23,0x23,0x23,0x23,0x29,0x5D,0x00,0x26,0x23,0x23,0x23,0x23,0x23,0x5E,0x5F,0x00,0x00,0x00,0x00,0x60,0x23,0x23,0x23,0x23,0x23,0x23,0x00,0x00,0x2C,0x23,0x23,0x23,0x23,0x23,0x23,0x61,0x00,0x00,0x00,0x00,0x62,0x23,0x23,0x23,0x23,0x23,0x23,0x63,0x00,0x00,0x00,0x00,0x00,0x00,0x00,0x00,0x00,0x00,0x00, _NEXT_,
0x00,0x00,0x64,0x23,0x23,0x23,0x23,0x23,0x23,0x65,0x00,0x00,0x00,0x00,0x00,0x00,0x66,0x23,0x23,0x23,0x23,0x23,0x23,0x67,0x00,0x26,0x23,0x23,0x23,0x23,0x23,0x68,0x00,0x00,0x00,0x00,0x00,0x69,0x23,0x23,0x23,0x23,0x23,0x23,0x00,0x00,0x2C,0x23,0x23,0x23,0x23,0x23,0x6A,0x00,0x00,0x00,0x00,0x00,0x6B,0x23,0x23,0x23,0x23,0x23,0x23,0x6C,0x00,0x00,0x00,0x00,0x00,0x00,0x00,0x00,0x00,0x00,0x00, _NEXT_,
0x00,0x00,0x6D,0x23,0x23,0x23,0x23,0x23,0x23,0x6E,0x00,0x00,0x00,0x00,0x00,0x00,0x6F,0x23,0x23,0x23,0x23,0x23,0x23,0x70,0x00,0x26,0x23,0x23,0x23,0x23,0x23,0x71,0x00,0x00,0x00,0x00,0x00,0x69,0x23,0x23,0x23,0x23,0x23,0x23,0x00,0x00,0x2C,0x23,0x23,0x23,0x23,0x23,0x6A,0x00,0x00,0x00,0x00,0x00,0x6B,0x23,0x23,0x23,0x23,0x23,0x23,0x6C,0x00,0x00,0x00,0x00,0x00,0x00,0x00,0x00,0x00,0x00,0x00, _NEXT_,
0x00,0x00,0x72,0x73,0x23,0x23,0x23,0x23,0x23,0x74,0x35,0x00,0x00,0x00,0x00,0x75,0x76,0x23,0x23,0x23,0x23,0x23,0x77,0x78,0x00,0x26,0x23,0x23,0x23,0x23,0x23,0x71,0x00,0x00,0x00,0x00,0x00,0x69,0x23,0x23,0x23,0x23,0x23,0x23,0x00,0x00,0x2C,0x23,0x23,0x23,0x23,0x23,0x6A,0x00,0x00,0x00,0x00,0x00,0x6B,0x23,0x23,0x23,0x23,0x23,0x23,0x6C,0x00,0x00,0x79,0x0E,0x7A,0x7B,0x7C,0x7D,0x00,0x00,0x00, _NEXT_,
0x00,0x00,0x00,0x7E,0x23,0x23,0x23,0x23,0x23,0x23,0x7F,0x80,0x81,0x82,0x83,0x84,0x23,0x23,0x23,0x23,0x23,0x23,0x85,0x00,0x00,0x26,0x23,0x23,0x23,0x23,0x23,0x71,0x00,0x00,0x00,0x00,0x00,0x69,0x23,0x23,0x23,0x23,0x23,0x23,0x00,0x00,0x2C,0x23,0x23,0x23,0x23,0x23,0x6A,0x00,0x00,0x00,0x00,0x00,0x6B,0x23,0x23,0x23,0x23,0x23,0x23,0x6C,0x00,0x86,0x87,0x23,0x23,0x23,0x23,0x29,0x88,0x00,0x00, _NEXT_,
0x00,0x00,0x00,0x89,0x8A,0x23,0x23,0x23,0x23,0x23,0x23,0x23,0x23,0x23,0x23,0x23,0x23,0x23,0x23,0x23,0x23,0x8B,0x8C,0x00,0x00,0x26,0x23,0x23,0x23,0x23,0x23,0x71,0x00,0x00,0x00,0x00,0x00,0x69,0x23,0x23,0x23,0x23,0x23,0x23,0x00,0x00,0x2C,0x23,0x23,0x23,0x23,0x23,0x6A,0x00,0x00,0x00,0x00,0x00,0x6B,0x23,0x23,0x23,0x23,0x23,0x23,0x6C,0x00,0x8D,0x23,0x23,0x23,0x23,0x23,0x23,0x23,0x8E,0x00, _NEXT_,
0x00,0x00,0x00,0x00,0x8F,0x90,0x4E,0x23,0x23,0x23,0x23,0x23,0x23,0x23,0x23,0x23,0x23,0x23,0x23,0x23,0x91,0x5A,0x00,0x00,0x00,0x26,0x23,0x23,0x23,0x23,0x23,0x71,0x00,0x00,0x00,0x00,0x00,0x69,0x23,0x23,0x23,0x23,0x23,0x23,0x00,0x00,0x2C,0x23,0x23,0x23,0x23,0x23,0x6A,0x00,0x00,0x00,0x00,0x00,0x6B,0x23,0x23,0x23,0x23,0x23,0x23,0x6C,0x00,0x92,0x23,0x23,0x23,0x23,0x23,0x23,0x23,0x93,0x00, _NEXT_,
0x00,0x00,0x00,0x00,0x00,0x00,0x94,0x95,0x4E,0x23,0x23,0x23,0x23,0x23,0x23,0x23,0x23,0x23,0x96,0x97,0x00,0x00,0x00,0x00,0x00,0x26,0x23,0x23,0x23,0x23,0x23,0x71,0x00,0x00,0x00,0x00,0x00,0x69,0x23,0x23,0x23,0x23,0x23,0x23,0x00,0x00,0x2C,0x23,0x23,0x23,0x23,0x23,0x6A,0x00,0x00,0x00,0x00,0x00,0x6B,0x23,0x23,0x23,0x23,0x23,0x23,0x6C,0x00,0x98,0x99,0x23,0x23,0x23,0x23,0x23,0x9A,0x9B,0x00, _NEXT_,
0x00,0x00,0x00,0x00,0x00,0x00,0x00,0x00,0x9C,0x9D,0x9E,0x9F,0xA0,0xA1,0xA2,0xA3,0xA4,0xA5,0x00,0x00,0x00,0x00,0x00,0x00,0x00,0xA6,0xA7,0xA7,0xA7,0xA7,0xA7,0xA8,0x00,0x00,0x00,0x00,0x00,0xA9,0xAA,0xAA,0xAA,0xAA,0xAA,0xAA,0x00,0x00,0xAB,0xAA,0xAA,0xAA,0xAA,0xAA,0xAC,0x00,0x00,0x00,0x00,0x00,0xAD,0xAA,0xAA,0xAA,0xAA,0xAA,0xAA,0xAE,0x00,0x00,0xAF,0xB0,0xB1,0xB2,0xB3,0xB4,0xB5,0x00,0x00, _NEXT_,
0x00,0x00,0x00,0x00,0x00,0x00,0x00,0x00,0x00,0x00,0x00,0x00,0x00,0x00,0x00,0x00,0x00,0x00,0x00,0x00,0x00,0x00,0x00,0x00,0x00,0x00,0x00,0x00,0x00,0x00,0x00,0x00,0x00,0x00,0x00,0x00,0x00,0x00,0x00,0x00,0x00,0x00,0x00,0x00,0x00,0x00,0x00,0x00,0x00,0x00,0x00,0x00,0x00,0x00,0x00,0x00,0x00,0x00,0x00,0x00,0x00,0x00,0x00,0x00,0x00,0x00,0x00,0x00,0x00,0x00,0x00,0x00,0x00,0x00,0x00,0x00,0x00, _END_,};
#elif(_LOGO_TYPE == _LOGO_SONGREN||_LOGO_TYPE ==_LOGO_SONGREN_2)
BYTE code tiOSD_1BIT_LOGO0[]=
{
	0x00, 0x00, 0x00, 0x01, 0x02, 0x03, 0x04, 0x04, 0x05, 0x06, 0x07, 0x08, 0x00, 0x00, 0x00, 0x00, 0x09, 0x0A, 0x0B, 0x0C, 0x0D, 0x0E, 0x0F, 0x00, 0x00, 0x00, 0x00, 0x10, 0x11, 0x11, 0x11, 0x11, 0x12, 0x00, 0x00, 0x00, 0x13, 0x11, 0x11, 0x14, 0x00, 0x00, 0x00, 0x00, 0x00, 0x15, 0x16, _NEXT_,
	0x00, 0x17, 0x18, 0x19, 0x1A, 0x1A, 0x1A, 0x1A, 0x1A, 0x1A, 0x1A, 0x1B, 0x00, 0x00, 0x1C, 0x1D, 0x1A, 0x1A, 0x1A, 0x1A, 0x1A, 0x1A, 0x1E, 0x1F, 0x20, 0x00, 0x00, 0x21, 0x1A, 0x1A, 0x1A, 0x1A, 0x22, 0x23, 0x00, 0x00, 0x24, 0x1A, 0x1A, 0x25, 0x00, 0x00, 0x26, 0x27, 0x28, 0x1A, 0x1A, _NEXT_,
	0x00, 0x29, 0x1A, 0x1A, 0x1A, 0x1A, 0x2A, 0x2B, 0x2C, 0x2D, 0x2E, 0x2F, 0x00, 0x30, 0x1A, 0x1A, 0x1A, 0x31, 0x32, 0x33, 0x34, 0x35, 0x1A, 0x1A, 0x36, 0x37, 0x00, 0x21, 0x1A, 0x1A, 0x1A, 0x1A, 0x1A, 0x38, 0x39, 0x00, 0x24, 0x1A, 0x1A, 0x25, 0x00, 0x3A, 0x3B, 0x1A, 0x1A, 0x1A, 0x3C, _NEXT_,
	0x00, 0x3D, 0x1A, 0x1A, 0x1A, 0x1A, 0x3E, 0x00, 0x00, 0x00, 0x3F, 0x40, 0x41, 0x1A, 0x1A, 0x1A, 0x42, 0x43, 0x00, 0x00, 0x00, 0x44, 0x45, 0x1A, 0x1A, 0x46, 0x00, 0x21, 0x1A, 0x1A, 0x47, 0x48, 0x1A, 0x1A, 0x49, 0x00, 0x24, 0x1A, 0x1A, 0x25, 0x00, 0x4A, 0x1A, 0x1A, 0x4B, 0x4C, 0x43, _NEXT_,
	0x00, 0x4D, 0x1A, 0x1A, 0x1A, 0x1A, 0x4E, 0x4F, 0x00, 0x00, 0x00, 0x00, 0x50, 0x1A, 0x1A, 0x1A, 0x51, 0x00, 0x00, 0x00, 0x00, 0x00, 0x52, 0x1A, 0x1A, 0x1A, 0x53, 0x21, 0x1A, 0x1A, 0x54, 0x55, 0x1A, 0x1A, 0x56, 0x57, 0x24, 0x1A, 0x1A, 0x25, 0x00, 0x58, 0x1A, 0x1A, 0x59, 0x00, 0x00, _NEXT_,
	0x00, 0x5A, 0x5B, 0x1A, 0x1A, 0x1A, 0x1A, 0x5C, 0x5D, 0x5E, 0x00, 0x00, 0x5F, 0x1A, 0x1A, 0x1A, 0x60, 0x00, 0x00, 0x00, 0x00, 0x00, 0x61, 0x1A, 0x1A, 0x62, 0x63, 0x21, 0x1A, 0x1A, 0x54, 0x00, 0x64, 0x1A, 0x1A, 0x65, 0x66, 0x1A, 0x1A, 0x25, 0x00, 0x67, 0x1A, 0x1A, 0x68, 0x00, 0x00, _NEXT_,
	0x00, 0x00, 0x69, 0x6A, 0x6B, 0x1A, 0x1A, 0x1A, 0x1A, 0x6C, 0x6D, 0x00, 0x6E, 0x6F, 0x1A, 0x1A, 0x70, 0x71, 0x00, 0x00, 0x72, 0x73, 0x74, 0x1A, 0x1A, 0x75, 0x00, 0x21, 0x1A, 0x1A, 0x54, 0x00, 0x76, 0x77, 0x1A, 0x1A, 0x1A, 0x1A, 0x1A, 0x25, 0x00, 0x78, 0x1A, 0x1A, 0x79, 0x7A, 0x00, _NEXT_,
	0x00, 0x00, 0x00, 0x00, 0x7B, 0x7C, 0x1A, 0x1A, 0x1A, 0x1A, 0x7D, 0x7E, 0x00, 0x7F, 0x80, 0x1A, 0x1A, 0x81, 0x82, 0x83, 0x84, 0x1A, 0x1A, 0x1A, 0x85, 0x86, 0x00, 0x21, 0x1A, 0x1A, 0x54, 0x00, 0x00, 0x87, 0x88, 0x1A, 0x1A, 0x1A, 0x1A, 0x25, 0x00, 0x89, 0x8A, 0x1A, 0x1A, 0x8B, 0x8C, _NEXT_,
	0x00, 0x00, 0x00, 0x00, 0x00, 0x00, 0x8D, 0x1A, 0x1A, 0x1A, 0x1A, 0x8E, 0x00, 0x00, 0x8F, 0x90, 0x91, 0x1A, 0x1A, 0x1A, 0x1A, 0x92, 0x93, 0x94, 0x00, 0x00, 0x00, 0x21, 0x1A, 0x1A, 0x54, 0x00, 0x00, 0x00, 0x95, 0x96, 0x1A, 0x1A, 0x1A, 0x25, 0x00, 0x00, 0x7B, 0x97, 0x98, 0x1A, 0x1A, _NEXT_,
	0x99, 0x9A, 0x9B, 0x9C, 0x9D, 0x9E, 0x9F, 0x1A, 0x1A, 0x1A, 0x1A, 0xA0, 0xA1, 0xA1, 0xA1, 0xA1, 0xA1, 0xA2, 0xA3, 0xA4, 0xA5, 0xA6, 0xA1, 0xA1, 0xA1, 0xA1, 0xA1, 0xA7, 0xA8, 0xA8, 0xA9, 0xA1, 0xA1, 0xA1, 0xA1, 0xAA, 0xA8, 0xA8, 0xA8, 0xAB, 0xA1, 0xA1, 0xA1, 0xA1, 0xAC, 0xAD, 0xAE, _NEXT_,
	0xAF, 0x1A, 0x1A, 0x1A, 0x1A, 0x1A, 0x1A, 0x1A, 0x1A, 0x1A, 0x1A, 0x1A, 0x1A, 0x1A, 0x1A, 0x1A, 0x1A, 0x1A, 0x1A, 0x1A, 0x1A, 0x1A, 0x1A, 0x1A, 0x1A, 0x1A, 0x1A, 0x1A, 0x1A, 0x1A, 0x1A, 0x1A, 0x1A, 0x1A, 0x1A, 0x1A, 0x1A, 0x1A, 0x1A, 0x1A, 0x1A, 0x1A, 0x1A, 0x1A, 0x1A, 0x1A, 0x1A, _NEXT_,
	0xAF, 0x1A, 0x1A, 0x1A, 0x1A, 0x1A, 0x1A, 0x1A, 0x1A, 0x1A, 0x1A, 0x1A, 0x1A, 0x1A, 0x1A, 0x1A, 0x1A, 0x1A, 0x1A, 0x1A, 0x1A, 0x1A, 0x1A, 0x1A, 0x1A, 0x1A, 0x1A, 0x1A, 0x1A, 0x1A, 0x1A, 0x1A, 0x1A, 0x1A, 0x1A, 0x1A, 0x1A, 0x1A, 0x1A, 0x1A, 0x1A, 0x1A, 0x1A, 0x1A, 0x1A, 0x1A, 0x1A, _NEXT_,
	0xB0, 0xB1, 0xB1, 0xB1, 0xB1, 0xB1, 0xB1, 0xB1, 0xB1, 0xB1, 0xB1, 0xB1, 0xB1, 0xB1, 0xB1, 0xB1, 0xB1, 0xB1, 0xB1, 0xB1, 0xB1, 0xB1, 0xB1, 0xB1, 0xB1, 0xB1, 0xB1, 0xB1, 0xB1, 0xB1, 0xB1, 0xB1, 0xB1, 0xB1, 0xB1, 0xB1, 0xB1, 0xB1, 0xB1, 0xB1, 0xB1, 0xB1, 0xB1, 0xB1, 0xB1, 0xB1, 0xB1, _END_,

	};


BYTE code tiOSD_1BIT_LOGO1[]=
{
	0x00, 0x01, 0x02, 0x03, 0x04, 0x05, 0x06, 0x07, 0x08, 0x08, 0x08, 0x08, 0x08, 0x08, 0x08, 0x08, 0x08, 0x09, 0x0A, 0x06, 0x06, 0x06, 0x06, 0x0B, 0x08, 0x08, 0x08, 0x08, 0x08, 0x08, 0x08, 0x08, 0x0C, 0x06, 0x0D, 0x08, 0x08, 0x08, 0x0E, 0x0F, 0x06, 0x06, 0x06, 0x0B, 0x08, 0x08, 0x10, _NEXT_,
	0x11, 0x11, 0x11, 0x11, 0x11, 0x12, 0x06, 0x13, 0x11, 0x11, 0x11, 0x11, 0x11, 0x11, 0x11, 0x11, 0x11, 0x11, 0x14, 0x15, 0x16, 0x17, 0x06, 0x18, 0x11, 0x11, 0x11, 0x11, 0x11, 0x11, 0x11, 0x11, 0x19, 0x06, 0x1A, 0x11, 0x11, 0x11, 0x11, 0x1B, 0x06, 0x06, 0x06, 0x18, 0x11, 0x11, 0x1C, _NEXT_,
	0x1D, 0x1E, 0x1F, 0x20, 0x21, 0x22, 0x06, 0x13, 0x11, 0x11, 0x11, 0x11, 0x11, 0x11, 0x11, 0x11, 0x11, 0x11, 0x11, 0x11, 0x11, 0x23, 0x0F, 0x18, 0x11, 0x11, 0x24, 0x25, 0x25, 0x25, 0x25, 0x25, 0x26, 0x06, 0x1A, 0x11, 0x11, 0x11, 0x11, 0x27, 0x28, 0x06, 0x06, 0x18, 0x11, 0x11, 0x1C, _NEXT_,
	0x06, 0x06, 0x06, 0x06, 0x06, 0x06, 0x06, 0x13, 0x11, 0x11, 0x11, 0x11, 0x29, 0x2A, 0x2A, 0x2B, 0x2C, 0x2D, 0x11, 0x11, 0x11, 0x11, 0x2E, 0x18, 0x11, 0x11, 0x2F, 0x30, 0x30, 0x30, 0x30, 0x31, 0x06, 0x06, 0x1A, 0x11, 0x11, 0x32, 0x11, 0x11, 0x33, 0x34, 0x06, 0x18, 0x11, 0x11, 0x1C, _NEXT_,
	0x35, 0x36, 0x36, 0x36, 0x36, 0x37, 0x06, 0x13, 0x11, 0x11, 0x11, 0x11, 0x38, 0x06, 0x06, 0x06, 0x06, 0x39, 0x11, 0x11, 0x11, 0x3A, 0x3B, 0x18, 0x11, 0x11, 0x11, 0x11, 0x11, 0x11, 0x11, 0x3C, 0x06, 0x06, 0x1A, 0x11, 0x11, 0x3D, 0x3E, 0x11, 0x11, 0x3F, 0x40, 0x18, 0x11, 0x11, 0x1C, _NEXT_,
	0x41, 0x42, 0x43, 0x11, 0x11, 0x3C, 0x06, 0x13, 0x11, 0x11, 0x11, 0x11, 0x38, 0x44, 0x45, 0x46, 0x47, 0x11, 0x11, 0x11, 0x11, 0x48, 0x06, 0x18, 0x11, 0x11, 0x49, 0x4A, 0x4A, 0x4A, 0x4A, 0x4B, 0x06, 0x06, 0x1A, 0x11, 0x11, 0x4C, 0x4D, 0x4E, 0x11, 0x11, 0x4F, 0x50, 0x11, 0x11, 0x1C, _NEXT_,
	0x06, 0x06, 0x51, 0x11, 0x11, 0x3C, 0x06, 0x13, 0x11, 0x11, 0x11, 0x11, 0x38, 0x52, 0x11, 0x11, 0x11, 0x11, 0x11, 0x53, 0x54, 0x55, 0x06, 0x18, 0x11, 0x11, 0x19, 0x06, 0x06, 0x06, 0x06, 0x06, 0x06, 0x06, 0x1A, 0x11, 0x11, 0x4C, 0x06, 0x56, 0x57, 0x11, 0x11, 0x11, 0x11, 0x11, 0x1C, _NEXT_,
	0x58, 0x59, 0x5A, 0x11, 0x11, 0x3C, 0x06, 0x13, 0x11, 0x11, 0x11, 0x11, 0x38, 0x5B, 0x5C, 0x11, 0x11, 0x11, 0x5D, 0x5E, 0x06, 0x06, 0x06, 0x18, 0x11, 0x11, 0x5F, 0x36, 0x36, 0x36, 0x36, 0x36, 0x60, 0x06, 0x1A, 0x11, 0x11, 0x4C, 0x06, 0x06, 0x61, 0x11, 0x11, 0x11, 0x11, 0x11, 0x1C, _NEXT_,
	0x11, 0x11, 0x11, 0x11, 0x62, 0x63, 0x06, 0x13, 0x11, 0x11, 0x11, 0x11, 0x38, 0x06, 0x52, 0x11, 0x11, 0x11, 0x11, 0x64, 0x06, 0x06, 0x06, 0x18, 0x11, 0x11, 0x11, 0x11, 0x11, 0x11, 0x11, 0x11, 0x12, 0x06, 0x1A, 0x11, 0x11, 0x4C, 0x06, 0x06, 0x06, 0x65, 0x11, 0x11, 0x11, 0x11, 0x1C, _NEXT_,
	0x66, 0x66, 0x67, 0x68, 0x69, 0x6A, 0x06, 0x13, 0x11, 0x11, 0x11, 0x11, 0x38, 0x06, 0x6B, 0x6C, 0x11, 0x11, 0x11, 0x6D, 0x6E, 0x08, 0x08, 0x6F, 0x70, 0x70, 0x70, 0x70, 0x70, 0x70, 0x70, 0x70, 0x71, 0x08, 0x72, 0x70, 0x70, 0x73, 0x08, 0x08, 0x08, 0x74, 0x75, 0x75, 0x75, 0x75, 0x76, _NEXT_,
	0x11, 0x11, 0x11, 0x11, 0x11, 0x77, 0x06, 0x13, 0x11, 0x11, 0x11, 0x11, 0x38, 0x06, 0x06, 0x78, 0x11, 0x11, 0x11, 0x11, 0x11, 0x11, 0x11, 0x11, 0x11, 0x11, 0x11, 0x11, 0x11, 0x11, 0x11, 0x11, 0x11, 0x11, 0x11, 0x11, 0x11, 0x11, 0x11, 0x11, 0x11, 0x11, 0x11, 0x11, 0x11, 0x11, 0x79, _NEXT_,
	0x11, 0x11, 0x11, 0x11, 0x11, 0x77, 0x06, 0x13, 0x11, 0x11, 0x11, 0x11, 0x38, 0x06, 0x06, 0x7A, 0x6C, 0x11, 0x11, 0x11, 0x11, 0x11, 0x11, 0x11, 0x11, 0x11, 0x11, 0x11, 0x11, 0x11, 0x11, 0x11, 0x11, 0x11, 0x11, 0x11, 0x11, 0x11, 0x11, 0x11, 0x11, 0x11, 0x11, 0x11, 0x11, 0x11, 0x79, _NEXT_,
	0x7B, 0x7B, 0x7B, 0x7B, 0x7B, 0x7C, 0x06, 0x7D, 0x7B, 0x7B, 0x7B, 0x7B, 0x7E, 0x06, 0x06, 0x06, 0x7F, 0x7B, 0x7B, 0x7B, 0x7B, 0x7B, 0x7B, 0x7B, 0x7B, 0x7B, 0x7B, 0x7B, 0x7B, 0x7B, 0x7B, 0x7B, 0x7B, 0x7B, 0x7B, 0x7B, 0x7B, 0x7B, 0x7B, 0x7B, 0x7B, 0x7B, 0x7B, 0x7B, 0x7B, 0x7B, 0x80, _END_,
};
#elif(_LOGO_TYPE == _LOGO_TECMIYO)
BYTE code tiOSD_1BIT_LOGO0[]=
{
    0x00, 0x00, 0x00, 0x00, 0x00, 0x00, 0x00, 0x00, 0x00, 0x00, 0x00, 0x00, 0x00, 0x00, 0x00, 0x00, 0x00, 0x00, 0x00, 0x00, 0x00, 0x00, 0x00, 0x00, 0x00, 0x00, 0x00, 0x00, 0x00, 0x00, 0x00, 0x00, 0x00, 0x01, 0x02, 0x03, 0x00, 0x04, 0x00, 0x00, 0x00, 0x00, 0x00, 0x00, 0x00, 0x00, 0x00, 0x00, 0x00, 0x00, 
    0x00, 0x00, 0x00, 0x00, 0x00, 0x00, 0x00, 0x00, 0x00, 0x00, 0x00, 0x00, 0x00, 0x00, 0x00, 0x00, 0x00, 0x00, 0x00, 0x00, 0x00, 0x00, 0x00, 0x00, 0x00, 0x00, 0x00, 0x00, 0x05, 0x06, 0x07, 0x08, 0x09, 0x0A, 0x00, 0x00, 0x00, 0x0B, 0x0C, 0x0D, 0x0E, 0x00, 0x00, 0x00, 0x00, 0x00, 0x00, 0x00, 0x00, 0x00, 
    0x00, 0x00, 0x00, 0x00, 0x00, 0x00, 0x00, 0x00, 0x00, 0x00, 0x00, 0x00, 0x00, 0x00, 0x00, 0x00, 0x00, 0x00, 0x00, 0x00, 0x00, 0x00, 0x00, 0x00, 0x00, 0x0F, 0x10, 0x11, 0x12, 0x13, 0x00, 0x00, 0x00, 0x00, 0x00, 0x00, 0x00, 0x00, 0x00, 0x14, 0x15, 0x00, 0x00, 0x00, 0x00, 0x00, 0x00, 0x00, 0x00, 0x00, 
    0x00, 0x00, 0x00, 0x00, 0x00, 0x00, 0x00, 0x00, 0x00, 0x00, 0x00, 0x00, 0x00, 0x00, 0x00, 0x00, 0x00, 0x00, 0x00, 0x00, 0x00, 0x00, 0x00, 0x16, 0x17, 0x18, 0x19, 0x00, 0x00, 0x00, 0x00, 0x00, 0x00, 0x00, 0x00, 0x00, 0x00, 0x00, 0x00, 0x1A, 0x1B, 0x00, 0x00, 0x00, 0x00, 0x00, 0x00, 0x00, 0x00, 0x00, 
    0x00, 0x00, 0x00, 0x1C, 0x1D, 0x1D, 0x1D, 0x1D, 0x1D, 0x1E, 0x1F, 0x20, 0x20, 0x20, 0x20, 0x21, 0x00, 0x00, 0x22, 0x1D, 0x1D, 0x1D, 0x23, 0x24, 0x25, 0x00, 0x00, 0x00, 0x26, 0x27, 0x28, 0x1D, 0x1D, 0x29, 0x1D, 0x2A, 0x00, 0x00, 0x2B, 0x2C, 0x2D, 0x2E, 0x20, 0x2F, 0x00, 0x00, 0x00, 0x00, 0x00, 0x00, 
    0x00, 0x00, 0x00, 0x30, 0x31, 0x32, 0x33, 0x34, 0x31, 0x35, 0x36, 0x37, 0x37, 0x37, 0x37, 0x38, 0x39, 0x3A, 0x3B, 0x3C, 0x31, 0x3D, 0x3E, 0x3F, 0x33, 0x40, 0x00, 0x41, 0x42, 0x43, 0x44, 0x33, 0x45, 0x46, 0x47, 0x48, 0x49, 0x4A, 0x4B, 0x4C, 0x4D, 0x4E, 0x4F, 0x50, 0x51, 0x52, 0x00, 0x00, 0x00, 0x00, 
    0x00, 0x00, 0x00, 0x00, 0x00, 0x53, 0x33, 0x54, 0x00, 0x00, 0x55, 0x56, 0x56, 0x56, 0x56, 0x57, 0x58, 0x33, 0x59, 0x00, 0x00, 0x00, 0x5A, 0x33, 0x33, 0x5B, 0x5C, 0x5D, 0x33, 0x33, 0x5E, 0x33, 0x5F, 0x00, 0x60, 0x33, 0x61, 0x62, 0x63, 0x64, 0x65, 0x66, 0x00, 0x67, 0x33, 0x68, 0x00, 0x00, 0x00, 0x00, 
    0x00, 0x00, 0x00, 0x00, 0x00, 0x69, 0x33, 0x6A, 0x00, 0x6B, 0x33, 0x33, 0x6C, 0x6D, 0x6D, 0x6E, 0x6F, 0x33, 0x70, 0x00, 0x00, 0x00, 0x71, 0x33, 0x72, 0x33, 0x33, 0x73, 0x74, 0x75, 0x76, 0x33, 0x77, 0x00, 0x78, 0x33, 0x79, 0x7A, 0x7B, 0x7C, 0x65, 0x7D, 0x7E, 0x7F, 0x33, 0x80, 0x00, 0x00, 0x00, 0x00, 
    0x00, 0x00, 0x00, 0x00, 0x00, 0x81, 0x82, 0x83, 0x00, 0x84, 0x85, 0x82, 0x82, 0x82, 0x82, 0x86, 0x87, 0x88, 0x89, 0x8A, 0x8B, 0x8B, 0x8C, 0x82, 0x8D, 0x8E, 0x8F, 0x90, 0x91, 0x92, 0x93, 0x82, 0x94, 0x00, 0x95, 0x82, 0x96, 0x00, 0x00, 0x97, 0x98, 0x99, 0x9A, 0x9B, 0x9C, 0x00, 0x00, 0x00, 0x00, 0x00, 
    0x00, 0x00, 0x00, 0x00, 0x00, 0x00, 0x00, 0x00, 0x00, 0x00, 0x00, 0x00, 0x00, 0x00, 0x00, 0x00, 0x00, 0x00, 0x9D, 0x9E, 0x9F, 0x00, 0x00, 0x00, 0x00, 0x00, 0x00, 0xA0, 0xA1, 0xA2, 0xA3, 0xA4, 0x00, 0x00, 0x00, 0x00, 0x00, 0x00, 0x00, 0x00, 0x00, 0x00, 0x00, 0x00, 0x00, 0x00, 0x00, 0x00, 0x00, 0x00, 
    0x00, 0x00, 0x00, 0x00, 0x00, 0x00, 0x00, 0x00, 0x00, 0x00, 0x00, 0x00, 0x00, 0x00, 0x00, 0x00, 0x00, 0x00, 0x00, 0xA5, 0xA6, 0xA7, 0xA8, 0xA9, 0xAA, 0xAB, 0xAC, 0xAD, 0x00, 0x00, 0x00, 0x00, 0x00, 0x00, 0x00, 0x00, 0x00, 0x00, 0x00, 0x00, 0x00, 0x00, 0x00, 0x00, 0x00, 0x00, 0x00, 0x00, 0x00, 0x00, 
_END_,
};
#elif(_LOGO_TYPE == _LOGO_ZYNTECH)
BYTE code tiOSD_1BIT_LOGO0[]=
{0x00,0x00,0x00,0x00,0x00,0x00,0x00,0x00,0x00,0x00,0x00,0x00,0x00,0x00,0x00,0x00,0x00,0x00,0x00,0x00,0x00,0x00,0x00,0x00,0x00,0x00,0x00,0x00,0x00,0x00,0x00,0x00,0x00, _NEXT_,
0x00,0x00,0x00,0x00,0x00,0x00,0x00,0x00,0x00,0x01,0x02,0x03,0x03,0x03,0x03,0x03,0x03,0x03,0x03,0x03,0x03,0x03,0x04,0x05,0x00,0x00,0x00,0x00,0x00,0x00,0x00,0x00,0x00, _NEXT_,
0x00,0x00,0x00,0x00,0x00,0x00,0x00,0x00,0x06,0x07,0x08,0x09,0x09,0x09,0x09,0x09,0x09,0x09,0x09,0x09,0x09,0x09,0x0A,0x0B,0x0C,0x00,0x00,0x00,0x00,0x00,0x00,0x00,0x00, _NEXT_,
0x00,0x00,0x00,0x00,0x00,0x00,0x00,0x00,0x0D,0x0E,0x0F,0x10,0x10,0x10,0x10,0x10,0x10,0x10,0x10,0x10,0x10,0x10,0x11,0x12,0x13,0x14,0x00,0x00,0x00,0x00,0x00,0x00,0x00, _NEXT_,
0x00,0x00,0x00,0x00,0x00,0x00,0x00,0x15,0x16,0x17,0x18,0x10,0x19,0x1A,0x1A,0x1A,0x1A,0x1A,0x1B,0x10,0x10,0x1C,0x1D,0x1E,0x1F,0x20,0x00,0x00,0x00,0x00,0x00,0x00,0x00, _NEXT_,
0x00,0x00,0x00,0x00,0x00,0x00,0x21,0x22,0x1E,0x23,0x24,0x25,0x26,0x1E,0x1E,0x1E,0x1E,0x27,0x28,0x10,0x10,0x29,0x1E,0x1E,0x2A,0x2B,0x2C,0x00,0x00,0x00,0x00,0x00,0x00, _NEXT_,
0x00,0x00,0x00,0x00,0x00,0x2D,0x2E,0x2F,0x30,0x30,0x31,0x32,0x1E,0x1E,0x1E,0x1E,0x33,0x34,0x10,0x10,0x35,0x1E,0x1E,0x36,0x37,0x38,0x39,0x3A,0x00,0x00,0x00,0x00,0x00, _NEXT_,
0x00,0x00,0x00,0x00,0x3B,0x3C,0x3D,0x3E,0x10,0x10,0x3F,0x1E,0x1E,0x1E,0x1E,0x40,0x41,0x10,0x10,0x42,0x43,0x1E,0x44,0x45,0x10,0x46,0x47,0x48,0x49,0x00,0x00,0x00,0x00, _NEXT_,
0x00,0x00,0x00,0x4A,0x4B,0x4C,0x4D,0x10,0x10,0x4E,0x4F,0x1E,0x1E,0x1E,0x50,0x51,0x10,0x10,0x52,0x53,0x1E,0x1E,0x1E,0x54,0x10,0x10,0x55,0x56,0x57,0x58,0x00,0x00,0x00, _NEXT_,
0x00,0x00,0x00,0x59,0x5A,0x5B,0x5C,0x10,0x10,0x5D,0x1E,0x1E,0x1E,0x1E,0x5E,0x10,0x10,0x5F,0x60,0x1E,0x1E,0x1E,0x1E,0x61,0x10,0x10,0x62,0x63,0x64,0x65,0x00,0x00,0x00, _NEXT_,
0x00,0x00,0x00,0x00,0x66,0x67,0x68,0x69,0x10,0x6A,0x6B,0x1E,0x1E,0x6C,0x10,0x10,0x6D,0x6E,0x1E,0x1E,0x1E,0x1E,0x6F,0x70,0x10,0x1C,0x71,0x72,0x73,0x00,0x00,0x00,0x00, _NEXT_,
0x00,0x00,0x00,0x00,0x00,0x74,0x75,0x76,0x77,0x78,0x1E,0x1E,0x79,0x7A,0x10,0x77,0x7B,0x1E,0x1E,0x1E,0x1E,0x7C,0x7D,0x7E,0x7E,0x7F,0x80,0x81,0x82,0x00,0x00,0x00,0x00, _NEXT_,
0x00,0x00,0x00,0x00,0x00,0x83,0x84,0x85,0x86,0x1E,0x1E,0x87,0x88,0x10,0x10,0x89,0x1E,0x1E,0x1E,0x1E,0x8A,0x8B,0x8C,0x56,0x8D,0x8E,0x8F,0x90,0x00,0x00,0x00,0x00,0x00, _NEXT_,
0x00,0x00,0x00,0x00,0x00,0x00,0x91,0x92,0x1E,0x1E,0x93,0x94,0x10,0x10,0x95,0x96,0x96,0x96,0x96,0x96,0x97,0x10,0x10,0x98,0x99,0x9A,0x00,0x00,0x00,0x00,0x00,0x00,0x00, _NEXT_,
0x00,0x00,0x00,0x00,0x00,0x00,0x00,0x9B,0x9C,0x1E,0x9D,0x10,0x10,0x10,0x10,0x10,0x10,0x10,0x10,0x10,0x10,0x10,0x9E,0x9F,0xA0,0xA1,0x00,0x00,0x00,0x00,0x00,0x00,0x00, _NEXT_,
0x00,0x00,0x00,0x00,0x00,0x00,0x00,0x00,0xA2,0xA3,0xA4,0xA5,0xA6,0xA6,0xA6,0xA6,0xA6,0xA6,0xA6,0xA6,0xA6,0xA6,0xA7,0xA8,0xA9,0x00,0x00,0x00,0x00,0x00,0x00,0x00,0x00, _NEXT_,
0x00,0x00,0x00,0x00,0x00,0x00,0x00,0x00,0x00,0xAA,0xAB,0xAC,0xAC,0xAC,0xAC,0xAC,0xAC,0xAC,0xAC,0xAC,0xAC,0xAC,0xAD,0xAE,0x00,0x00,0x00,0x00,0x00,0x00,0x00,0x00,0x00,_END_,};

	BYTE code tiOSD_1BIT_LOGO1[]=
	{
		
		0x00,0x00,0x00,0x00,0x00,0x00,0x00,0x00,0x00,0x00,0x00,0x00,0x00,0x00,0x00,0x00,0x00,0x00,0x00,0x00,0xAF,0x00,0x00,0x00,0x00,0x00,0x00,0x00,0x00,0x00,0x00,0x00,0x00,  _NEXT_,
0x00,0x00,0x00,0x00,0x00,0x00,0x00,0x00,0x00,0xB0,0xB1,0xB2,0xB3,0xB4,0xB5,0xB6,0xB7,0xB8,0xB9,0xBA,0xBB,0xBC,0xBD,0xBE,0x00,0x00,0x00,0x00,0x00,0x00,0x00,0x00,0x00, _NEXT_,
		0x00,0x00,0x00,0x00,0x00,0x00,0x00,0x00,0x00,0xBF,0xC0,0xC1,0xC2,0xC3,0xC4,0xB6,0xC5,0xC6,0xC7,0xC8,0xC9,0xCA,0xCB,0xCC,0x00,0x00,0x00,0x00,0x00,0x00,0x00,0x00,0x00, _NEXT_,
		0x00,0x00,0x00,0x00,0x00,0x00,0x00,0x00,0x00,0xCD,0xCE,0xCF,0xD0,0xD1,0xD2,0xD3,0xD4,0xD5,0xD6,0xD7,0xD8,0xD9,0xDA,0xDB,0x00,0x00,0x00,0x00,0x00,0x00,0x00,0x00,0x00, _NEXT_,
		0x00,0x00,0x00,0x00,0x00,0x00,0x00,0x00,0x00,0x00,0x00,0x00,0x00,0x00,0x00,0x00,0x00,0x00,0x00,0x00,0x00,0x00,0x00,0x00,0x00,0x00,0x00,0x00,0x00,0x00,0x00,0x00,0x00, _END_,};
		


#elif(_LOGO_TYPE == _LOGO_BRAUMERS)
BYTE code tiOSD_1BIT_LOGO0[]=
{
	0x00, 0x01, 0x01, 0x01, 0x01, 0x01, 0x02, 0x03, 0x04, 0x05, 0x05, 0x05, 0x05, 0x05, 0x05, 0x05, 0x05, 0x05, 0x05, 0x05, 0x05, 0x05, 0x05, 0x05, 0x05, 0x05, 0x05, 0x05, 0x05, 0x05, 0x05, 0x05, 0x05, 0x05, 0x05, 0x05, 0x05, 0x05, 0x05, 0x05, 0x05, 0x05, 0x05, 0x05, 0x05, 0x05, 0x05, 0x05, 0x05, 0x05, 0x05, 0x05, 0x05, 0x05, 0x05, 0x05, 0x05, 0x05, 0x05, 0x05, 0x05, 0x05, 0x05, 0x05, 0x05, 0x05, 0x05, 0x05, 0x05, 0x05, 0x05, 0x05, 0x05, 0x05, 0x05, 0x05, 0x05, 0x05, 0x05, 
	0x06, 0x07, 0x07, 0x08, 0x09, 0x0A, 0x0B, 0x07, 0x0C, 0x0D, 0x05, 0x05, 0x05, 0x05, 0x05, 0x05, 0x05, 0x05, 0x05, 0x05, 0x05, 0x05, 0x05, 0x05, 0x05, 0x05, 0x05, 0x05, 0x05, 0x05, 0x05, 0x05, 0x05, 0x05, 0x05, 0x05, 0x05, 0x05, 0x05, 0x05, 0x05, 0x05, 0x05, 0x05, 0x05, 0x05, 0x05, 0x05, 0x05, 0x05, 0x05, 0x05, 0x05, 0x05, 0x05, 0x05, 0x05, 0x05, 0x05, 0x05, 0x05, 0x05, 0x05, 0x05, 0x05, 0x05, 0x05, 0x05, 0x05, 0x05, 0x05, 0x05, 0x05, 0x05, 0x05, 0x05, 0x05, 0x05, 0x05, 
	0x06, 0x07, 0x07, 0x0E, 0x05, 0x05, 0x0F, 0x07, 0x07, 0x10, 0x05, 0x05, 0x11, 0x11, 0x12, 0x13, 0x14, 0x15, 0x05, 0x16, 0x17, 0x18, 0x19, 0x1A, 0x1B, 0x05, 0x05, 0x05, 0x1C, 0x11, 0x11, 0x1D, 0x05, 0x05, 0x1E, 0x11, 0x11, 0x05, 0x05, 0x1E, 0x11, 0x11, 0x05, 0x1F, 0x20, 0x21, 0x22, 0x05, 0x23, 0x24, 0x19, 0x25, 0x26, 0x05, 0x05, 0x05, 0x05, 0x27, 0x28, 0x19, 0x29, 0x2A, 0x05, 0x05, 0x05, 0x2B, 0x11, 0x2C, 0x2D, 0x2E, 0x2F, 0x05, 0x05, 0x30, 0x31, 0x19, 0x32, 0x33, 0x05, 
	0x06, 0x07, 0x07, 0x34, 0x35, 0x36, 0x37, 0x07, 0x38, 0x39, 0x05, 0x05, 0x07, 0x07, 0x3A, 0x3B, 0x07, 0x3C, 0x05, 0x3D, 0x07, 0x3E, 0x3F, 0x40, 0x07, 0x41, 0x42, 0x05, 0x43, 0x07, 0x07, 0x44, 0x05, 0x05, 0x45, 0x07, 0x07, 0x05, 0x05, 0x45, 0x07, 0x07, 0x46, 0x07, 0x07, 0x07, 0x47, 0x48, 0x49, 0x07, 0x07, 0x07, 0x4A, 0x4B, 0x05, 0x4C, 0x4D, 0x4E, 0x4F, 0x50, 0x0B, 0x51, 0x52, 0x53, 0x05, 0x54, 0x07, 0x55, 0x56, 0x07, 0x57, 0x58, 0x59, 0x07, 0x5A, 0x5B, 0x5C, 0x57, 0x05, 
	0x06, 0x07, 0x07, 0x07, 0x07, 0x07, 0x07, 0x5D, 0x5E, 0x5F, 0x05, 0x05, 0x07, 0x07, 0x07, 0x60, 0x61, 0x62, 0x05, 0x63, 0x64, 0x05, 0x65, 0x66, 0x07, 0x07, 0x67, 0x05, 0x43, 0x07, 0x07, 0x44, 0x05, 0x05, 0x45, 0x07, 0x07, 0x05, 0x05, 0x45, 0x07, 0x07, 0x68, 0x69, 0x6A, 0x07, 0x07, 0x6B, 0x6C, 0x6D, 0x6E, 0x07, 0x07, 0x6F, 0x05, 0x70, 0x07, 0x71, 0x72, 0x05, 0x73, 0x07, 0x07, 0x74, 0x05, 0x54, 0x07, 0x07, 0x75, 0x76, 0x77, 0x78, 0x07, 0x07, 0x79, 0x7A, 0x05, 0x7B, 0x05, 
	0x06, 0x07, 0x07, 0x7C, 0x7D, 0x7D, 0x7E, 0x7F, 0x07, 0x80, 0x81, 0x05, 0x07, 0x07, 0x82, 0x05, 0x05, 0x05, 0x83, 0x84, 0x85, 0x86, 0x87, 0x88, 0x07, 0x07, 0x89, 0x05, 0x43, 0x07, 0x07, 0x44, 0x05, 0x05, 0x45, 0x07, 0x07, 0x05, 0x05, 0x45, 0x07, 0x07, 0x8A, 0x05, 0x8B, 0x07, 0x07, 0x0E, 0x05, 0x05, 0x8C, 0x07, 0x07, 0x89, 0x05, 0x8D, 0x07, 0x8E, 0x8F, 0x8F, 0x90, 0x07, 0x07, 0x91, 0x05, 0x54, 0x07, 0x92, 0x93, 0x05, 0x05, 0x94, 0x95, 0x07, 0x07, 0x96, 0x97, 0x98, 0x53, 
	0x06, 0x07, 0x07, 0x0E, 0x05, 0x05, 0x99, 0x9A, 0x07, 0x07, 0x9B, 0x05, 0x07, 0x07, 0x0E, 0x05, 0x05, 0x05, 0x9C, 0x07, 0x9D, 0x9E, 0x9F, 0xA0, 0x07, 0x07, 0x89, 0x05, 0xA1, 0x07, 0x07, 0xA2, 0x05, 0xA3, 0xA4, 0x07, 0x07, 0x05, 0x05, 0x45, 0x07, 0x07, 0x05, 0x05, 0x8B, 0x07, 0x07, 0x0E, 0x05, 0x05, 0x8C, 0x07, 0x07, 0x89, 0x05, 0xA5, 0x07, 0xA6, 0xA7, 0xA8, 0xA8, 0xA8, 0xA8, 0xA9, 0x05, 0x54, 0x07, 0x3C, 0x05, 0x05, 0x05, 0x05, 0x05, 0xAA, 0xAB, 0xAC, 0x07, 0x07, 0xAD, 
	0x06, 0x07, 0x07, 0xAE, 0xAF, 0xB0, 0xB1, 0x07, 0x07, 0xB2, 0xB3, 0x05, 0x07, 0x07, 0x0E, 0x05, 0x05, 0x05, 0xB4, 0x07, 0x07, 0xB5, 0xB6, 0xB7, 0x07, 0x07, 0x89, 0x05, 0xB8, 0x07, 0x07, 0xB9, 0xBA, 0xBB, 0xBC, 0x07, 0x07, 0x05, 0x05, 0x45, 0x07, 0x07, 0x05, 0x05, 0x8B, 0x07, 0x07, 0x0E, 0x05, 0x05, 0x8C, 0x07, 0x07, 0x89, 0x05, 0xBD, 0x40, 0x07, 0xBE, 0xBF, 0xC0, 0xC1, 0xC2, 0x05, 0x05, 0x54, 0x07, 0x3C, 0x05, 0x05, 0x05, 0xC3, 0xC4, 0xC5, 0xC6, 0xC7, 0x07, 0xC8, 0xC9, 
	0xCA, 0xCB, 0xCB, 0xCB, 0xCB, 0xCB, 0xCC, 0xCD, 0xCE, 0x05, 0x05, 0x05, 0xCB, 0xCB, 0xCF, 0x05, 0x05, 0x05, 0xD0, 0xD1, 0xD2, 0xD3, 0xD4, 0xD5, 0xCB, 0xCB, 0xD6, 0x05, 0x05, 0xD7, 0xD8, 0xD9, 0xDA, 0xDB, 0xDC, 0xCB, 0xCB, 0x05, 0x05, 0xDC, 0xCB, 0xCB, 0x05, 0x05, 0xDD, 0xCB, 0xCB, 0xCF, 0x05, 0x05, 0xDE, 0xCB, 0xCB, 0xD6, 0x05, 0x05, 0xDF, 0xE0, 0xE1, 0xD9, 0xE2, 0xE3, 0xE4, 0x05, 0x05, 0xE5, 0xCB, 0xE6, 0x05, 0x05, 0x05, 0xE7, 0xE8, 0xE9, 0xD9, 0xEA, 0xEB, 0xEC, 0x05, 

_END_,
};

#elif(_LOGO_TYPE == _LOGO_QNIX)
BYTE code tiOSD_1BIT_LOGO0[]=
{
	0x00, 0x00, 0x00, 0x00, 0x00, 0x01, 0x02, 0x03, 0x04, 0x05, 0x06, 0x07, 0x08, 0x09, 0x0A, 0x0B, 0x00, 0x00, 0x00, 0x00, 0x00, 0x00, 0x00, 0x00, 0x00, 0x00, 0x00, 0x00, 0x00, 0x00, 0x00, 0x00, 0x00, 0x00, 0x00, 0x00, 0x0C, 0x0D, 0x0D, 0x0D, 0x0E, 0x00, 0x00, 0x0F, 0x0D, 0x0D, 0x0D, 0x0D, 0x10, 0x00, 0x00, 0x11, 0x0D, 0x0D, 0x0D, 0x0D, 0x12, 0x00, 0x00, 0x00, 0x00, 0x00, 0x00, 0x00, 0x01, 0x0D, 0x0D, 0x0D, 0x0D, 0x13, 0x00, 
	0x00, 0x00, 0x00, 0x14, 0x15, 0x16, 0x17, 0x17, 0x17, 0x17, 0x17, 0x17, 0x17, 0x17, 0x17, 0x18, 0x19, 0x1A, 0x00, 0x00, 0x00, 0x00, 0x1B, 0x17, 0x17, 0x17, 0x17, 0x17, 0x1C, 0x1D, 0x00, 0x00, 0x00, 0x00, 0x00, 0x00, 0x1E, 0x17, 0x17, 0x17, 0x1F, 0x00, 0x00, 0x20, 0x17, 0x17, 0x17, 0x17, 0x21, 0x00, 0x00, 0x22, 0x23, 0x17, 0x17, 0x17, 0x24, 0x25, 0x00, 0x00, 0x00, 0x00, 0x00, 0x26, 0x27, 0x17, 0x17, 0x17, 0x28, 0x29, 0x00, 
	0x00, 0x2A, 0x2B, 0x17, 0x17, 0x17, 0x17, 0x2C, 0x2D, 0x2E, 0x2F, 0x30, 0x31, 0x32, 0x17, 0x17, 0x17, 0x17, 0x33, 0x1D, 0x00, 0x00, 0x34, 0x17, 0x17, 0x17, 0x17, 0x17, 0x17, 0x35, 0x36, 0x00, 0x00, 0x00, 0x00, 0x00, 0x1E, 0x17, 0x17, 0x17, 0x1F, 0x00, 0x00, 0x20, 0x17, 0x17, 0x17, 0x17, 0x21, 0x00, 0x00, 0x00, 0x37, 0x38, 0x17, 0x17, 0x17, 0x39, 0x3A, 0x00, 0x00, 0x00, 0x3B, 0x3C, 0x17, 0x17, 0x17, 0x3D, 0x3E, 0x00, 0x00, 
	0x00, 0x3F, 0x17, 0x17, 0x17, 0x40, 0x41, 0x42, 0x00, 0x00, 0x00, 0x00, 0x00, 0x43, 0x44, 0x45, 0x17, 0x17, 0x17, 0x46, 0x00, 0x00, 0x34, 0x17, 0x17, 0x17, 0x47, 0x48, 0x17, 0x17, 0x49, 0x4A, 0x00, 0x00, 0x00, 0x00, 0x1E, 0x17, 0x17, 0x17, 0x1F, 0x00, 0x00, 0x20, 0x17, 0x17, 0x17, 0x17, 0x21, 0x00, 0x00, 0x00, 0x00, 0x43, 0x4B, 0x4C, 0x17, 0x17, 0x17, 0x4D, 0x0B, 0x4E, 0x4F, 0x17, 0x17, 0x50, 0x51, 0x00, 0x00, 0x00, 0x00, 
	0x52, 0x53, 0x17, 0x17, 0x17, 0x54, 0x00, 0x00, 0x00, 0x00, 0x00, 0x00, 0x00, 0x00, 0x00, 0x55, 0x17, 0x17, 0x17, 0x17, 0x56, 0x00, 0x34, 0x17, 0x17, 0x17, 0x57, 0x58, 0x59, 0x17, 0x17, 0x5A, 0x5B, 0x00, 0x00, 0x00, 0x1E, 0x17, 0x17, 0x17, 0x1F, 0x00, 0x00, 0x20, 0x17, 0x17, 0x17, 0x17, 0x21, 0x00, 0x00, 0x00, 0x00, 0x00, 0x00, 0x5C, 0x5D, 0x17, 0x17, 0x17, 0x5E, 0x17, 0x17, 0x17, 0x5F, 0x60, 0x00, 0x00, 0x00, 0x00, 0x00, 
	0x61, 0x17, 0x17, 0x17, 0x17, 0x62, 0x00, 0x00, 0x00, 0x00, 0x00, 0x00, 0x00, 0x00, 0x00, 0x63, 0x17, 0x17, 0x17, 0x17, 0x64, 0x00, 0x34, 0x17, 0x17, 0x17, 0x57, 0x00, 0x65, 0x66, 0x17, 0x17, 0x67, 0x68, 0x00, 0x00, 0x1E, 0x17, 0x17, 0x17, 0x1F, 0x00, 0x00, 0x20, 0x17, 0x17, 0x17, 0x17, 0x21, 0x00, 0x00, 0x00, 0x00, 0x00, 0x00, 0x00, 0x69, 0x6A, 0x17, 0x17, 0x17, 0x17, 0x17, 0x6B, 0x6C, 0x00, 0x00, 0x00, 0x00, 0x00, 0x00, 
	0x6D, 0x17, 0x17, 0x17, 0x17, 0x6E, 0x00, 0x00, 0x00, 0x00, 0x00, 0x00, 0x00, 0x00, 0x00, 0x6F, 0x17, 0x17, 0x17, 0x17, 0x70, 0x00, 0x34, 0x17, 0x17, 0x17, 0x57, 0x00, 0x00, 0x71, 0x72, 0x17, 0x17, 0x73, 0x74, 0x00, 0x1E, 0x17, 0x17, 0x17, 0x1F, 0x00, 0x00, 0x20, 0x17, 0x17, 0x17, 0x17, 0x21, 0x00, 0x00, 0x00, 0x00, 0x00, 0x00, 0x00, 0x75, 0x76, 0x17, 0x17, 0x17, 0x17, 0x17, 0x77, 0x78, 0x00, 0x00, 0x00, 0x00, 0x00, 0x00, 
	0x79, 0x17, 0x17, 0x17, 0x17, 0x7A, 0x00, 0x00, 0x00, 0x00, 0x00, 0x00, 0x00, 0x00, 0x00, 0x7B, 0x17, 0x17, 0x17, 0x17, 0x7C, 0x00, 0x34, 0x17, 0x17, 0x17, 0x57, 0x00, 0x00, 0x00, 0x7D, 0x7E, 0x17, 0x17, 0x39, 0x7F, 0x1E, 0x17, 0x17, 0x17, 0x1F, 0x00, 0x00, 0x20, 0x17, 0x17, 0x17, 0x17, 0x21, 0x00, 0x00, 0x00, 0x00, 0x00, 0x00, 0x80, 0x81, 0x17, 0x17, 0x17, 0x82, 0x17, 0x17, 0x17, 0x83, 0x84, 0x00, 0x00, 0x00, 0x00, 0x00, 
	0x00, 0x85, 0x17, 0x17, 0x17, 0x86, 0x87, 0x00, 0x00, 0x00, 0x00, 0x00, 0x00, 0x00, 0x88, 0x89, 0x17, 0x17, 0x17, 0x8A, 0x00, 0x00, 0x34, 0x17, 0x17, 0x17, 0x57, 0x00, 0x00, 0x00, 0x00, 0x8B, 0x8C, 0x17, 0x17, 0x8D, 0x8E, 0x17, 0x17, 0x17, 0x1F, 0x00, 0x00, 0x20, 0x17, 0x17, 0x17, 0x17, 0x21, 0x00, 0x00, 0x00, 0x00, 0x00, 0x8F, 0x90, 0x17, 0x17, 0x17, 0x91, 0x92, 0x93, 0x17, 0x17, 0x17, 0x8D, 0x94, 0x95, 0x00, 0x00, 0x00, 
	0x00, 0x96, 0x97, 0x17, 0x17, 0x17, 0x98, 0x99, 0x9A, 0x9B, 0x9C, 0x9D, 0x9E, 0x9F, 0x17, 0x17, 0x17, 0x17, 0xA0, 0xA1, 0x00, 0x00, 0x34, 0x17, 0x17, 0x17, 0x57, 0x00, 0x00, 0x00, 0x00, 0x00, 0xA2, 0xA3, 0x17, 0x17, 0x17, 0x17, 0x17, 0x17, 0x1F, 0x00, 0x00, 0x20, 0x17, 0x17, 0x17, 0x17, 0x21, 0x00, 0x00, 0x00, 0x75, 0xA4, 0x4F, 0x17, 0x17, 0x17, 0xA5, 0xA6, 0x00, 0x00, 0xA7, 0xA8, 0x17, 0x17, 0x17, 0xA9, 0xAA, 0x00, 0x00, 
	0x00, 0x00, 0x43, 0xAB, 0xAC, 0x4C, 0x17, 0x17, 0x17, 0x17, 0x17, 0x17, 0x17, 0x17, 0x17, 0xAD, 0x17, 0x17, 0x17, 0xAE, 0xAF, 0x00, 0x34, 0x17, 0x17, 0x17, 0x57, 0x00, 0x00, 0x00, 0x00, 0x00, 0x00, 0xB0, 0xB1, 0x17, 0x17, 0x17, 0x17, 0x17, 0x1F, 0x00, 0x00, 0x20, 0x17, 0x17, 0x17, 0x17, 0x21, 0x00, 0x00, 0xB2, 0xB3, 0x17, 0x17, 0x17, 0x17, 0xB4, 0x42, 0x00, 0x00, 0x00, 0x00, 0xB5, 0xB6, 0x17, 0x17, 0x17, 0xB7, 0xB8, 0x00, 
	0x00, 0x00, 0x00, 0x00, 0x00, 0xB9, 0xBA, 0xBB, 0xBC, 0xBD, 0xBE, 0xBF, 0xC0, 0xC1, 0xC2, 0xC3, 0xC4, 0xC5, 0xC5, 0xC5, 0xC6, 0xC7, 0xC8, 0xC5, 0xC5, 0xC5, 0xC9, 0x00, 0x00, 0x00, 0x00, 0x00, 0x00, 0x00, 0xCA, 0xCB, 0x2F, 0x2F, 0x2F, 0x2F, 0xCC, 0x00, 0x00, 0xCD, 0xC5, 0xC5, 0xC5, 0xC5, 0xCE, 0x00, 0x00, 0xCF, 0x2F, 0x2F, 0x2F, 0x2F, 0xD0, 0x00, 0x00, 0x00, 0x00, 0x00, 0x00, 0x00, 0xD1, 0xD2, 0x2F, 0x2F, 0x2F, 0xD3, 0xD4, 

_END_,
};

#elif(_LOGO_TYPE == _LOGO_HSO)
BYTE code tiOSD_1BIT_LOGO0[]=
{
	0x00, 0x00, 0x01, 0x00, 0x02, 0x03, 0x00, 0x00, 0x00, 0x00, 0x00, 0x00, 0x00, 0x00, 0x00, 0x04, 0x05, 0x00, 0x00, 0x00, 0x06, 0x07, 0x08, 0x09, 0x09, 0x09, 0x09, 0x09, 0x09, 0x09, 0x09, 0x09, 0x0A, 0x0B, 0x00, 0x00, 0x0C, 0x0D, 0x0E, 0x0F, 0x0F, 0x0F, 0x0F, 0x0F, 0x0F, 0x0F, 0x0F, 0x10, 0x11, 0x12, 
	0x00, 0x00, 0x00, 0x13, 0x14, 0x15, 0x16, 0x00, 0x00, 0x00, 0x00, 0x00, 0x00, 0x00, 0x17, 0x18, 0x15, 0x19, 0x00, 0x1A, 0x1B, 0x15, 0x15, 0x15, 0x15, 0x15, 0x15, 0x15, 0x15, 0x15, 0x15, 0x15, 0x15, 0x1C, 0x00, 0x1D, 0x1E, 0x15, 0x15, 0x15, 0x15, 0x15, 0x15, 0x15, 0x15, 0x15, 0x15, 0x15, 0x15, 0x1F, 
	0x00, 0x00, 0x00, 0x20, 0x15, 0x15, 0x21, 0x00, 0x00, 0x00, 0x00, 0x00, 0x00, 0x00, 0x22, 0x15, 0x15, 0x23, 0x00, 0x24, 0x15, 0x15, 0x25, 0x26, 0x26, 0x26, 0x26, 0x26, 0x26, 0x26, 0x26, 0x26, 0x26, 0x27, 0x00, 0x28, 0x15, 0x29, 0x2A, 0x26, 0x26, 0x26, 0x26, 0x26, 0x26, 0x26, 0x2B, 0x15, 0x15, 0x2C, 
	0x00, 0x00, 0x00, 0x2D, 0x15, 0x2E, 0x2F, 0x00, 0x00, 0x00, 0x00, 0x00, 0x00, 0x00, 0x30, 0x15, 0x15, 0x31, 0x32, 0x33, 0x15, 0x34, 0x35, 0x00, 0x00, 0x00, 0x00, 0x00, 0x00, 0x00, 0x00, 0x00, 0x00, 0x00, 0x36, 0x15, 0x15, 0x37, 0x00, 0x00, 0x00, 0x00, 0x00, 0x00, 0x00, 0x38, 0x39, 0x15, 0x3A, 0x00, 
	0x00, 0x00, 0x3B, 0x15, 0x15, 0x3C, 0x3D, 0x3D, 0x3D, 0x3D, 0x3D, 0x3D, 0x3D, 0x3E, 0x3F, 0x15, 0x40, 0x00, 0x41, 0x15, 0x15, 0x42, 0x0F, 0x0F, 0x0F, 0x0F, 0x0F, 0x0F, 0x0F, 0x0F, 0x43, 0x44, 0x45, 0x00, 0x46, 0x15, 0x15, 0x47, 0x00, 0x00, 0x00, 0x00, 0x00, 0x00, 0x00, 0x48, 0x15, 0x15, 0x49, 0x00, 
	0x00, 0x00, 0x4A, 0x15, 0x15, 0x15, 0x15, 0x15, 0x15, 0x15, 0x15, 0x15, 0x15, 0x15, 0x15, 0x15, 0x4B, 0x00, 0x4C, 0x4D, 0x15, 0x15, 0x15, 0x15, 0x15, 0x15, 0x15, 0x15, 0x15, 0x15, 0x15, 0x15, 0x4E, 0x4F, 0x50, 0x15, 0x51, 0x35, 0x00, 0x00, 0x00, 0x00, 0x00, 0x00, 0x52, 0x53, 0x15, 0x54, 0x55, 0x00, 
	0x00, 0x56, 0x57, 0x15, 0x58, 0x59, 0x00, 0x00, 0x00, 0x00, 0x00, 0x00, 0x5A, 0x5B, 0x15, 0x5C, 0x5D, 0x00, 0x00, 0x00, 0x00, 0x00, 0x00, 0x00, 0x00, 0x00, 0x00, 0x00, 0x5E, 0x15, 0x15, 0x5F, 0x00, 0x60, 0x15, 0x15, 0x61, 0x00, 0x00, 0x00, 0x00, 0x00, 0x00, 0x00, 0x62, 0x15, 0x15, 0x63, 0x00, 0x00, 
	0x00, 0x64, 0x15, 0x15, 0x65, 0x00, 0x00, 0x00, 0x00, 0x00, 0x00, 0x00, 0x66, 0x15, 0x15, 0x67, 0x00, 0x00, 0x00, 0x00, 0x00, 0x00, 0x00, 0x00, 0x00, 0x00, 0x00, 0x00, 0x68, 0x15, 0x15, 0x69, 0x6A, 0x6B, 0x15, 0x6C, 0x6D, 0x00, 0x00, 0x00, 0x00, 0x00, 0x00, 0x00, 0x6E, 0x15, 0x15, 0x6F, 0x00, 0x00, 
	0x70, 0x71, 0x15, 0x72, 0x73, 0x00, 0x00, 0x00, 0x00, 0x00, 0x00, 0x00, 0x74, 0x15, 0x29, 0x75, 0x76, 0x77, 0x77, 0x77, 0x77, 0x77, 0x77, 0x77, 0x77, 0x77, 0x77, 0x78, 0x79, 0x15, 0x7A, 0x7B, 0x7C, 0x15, 0x15, 0x7D, 0x77, 0x77, 0x77, 0x77, 0x77, 0x77, 0x77, 0x7E, 0x15, 0x15, 0x7F, 0x00, 0x00, 0x00, 
	0x80, 0x15, 0x15, 0x81, 0x00, 0x00, 0x00, 0x00, 0x00, 0x00, 0x00, 0x82, 0x15, 0x83, 0x84, 0x00, 0x85, 0x15, 0x15, 0x15, 0x15, 0x15, 0x15, 0x15, 0x15, 0x15, 0x15, 0x15, 0x15, 0x86, 0x87, 0x00, 0x88, 0x15, 0x15, 0x15, 0x15, 0x15, 0x15, 0x15, 0x15, 0x15, 0x15, 0x15, 0x15, 0x89, 0x8A, 0x00, 0x00, 0x00, 
	0x8B, 0x8C, 0x8C, 0x8D, 0x00, 0x00, 0x00, 0x00, 0x00, 0x00, 0x00, 0x8E, 0x8F, 0x90, 0x00, 0x00, 0x00, 0x91, 0x8C, 0x8C, 0x8C, 0x8C, 0x8C, 0x92, 0x93, 0x93, 0x93, 0x94, 0x95, 0x96, 0x00, 0x00, 0x00, 0x97, 0x8C, 0x8C, 0x8C, 0x8C, 0x8C, 0x8C, 0x8C, 0x8C, 0x8C, 0x8C, 0x98, 0x99, 0x00, 0x00, 0x00, 0x00, 
_END_,

};

#elif(_LOGO_TYPE == _LOGO_ASTEX)
BYTE code tiOSD_1BIT_LOGO0[]=
{
0x00, 0x00, 0x00, 0x00, 0x00, 0x00, 0x00, 0x00, 0x01, 0x02, 0x00, 0x00, 0x00, 0x00, 0x00, 0x00, 0x00, 0x00, 0x00, 0x03, 0x04, 0x05, 0x06, 0x07, 0x08, 0x00, 0x00, 0x00, 0x09, 0x0A, 0x0A, 0x0A, 0x0A, 0x0A, 0x0A, 0x0A, 0x0A, 0x0A, 0x0A, 0x0B, 0x00, 0x00, 0x00, 0x0C, 0x0A, 0x0A, 0x0A, 0x0A, 0x0A, 0x0A, 0x0A, 0x00, 0x00, 0x00, 0x0D, 0x0E, 0x0A, 0x0F, 0x00, 0x00, 0x00, 0x00, 0x00, 0x10, 0x11, 0x12, 
0x00, 0x00, 0x00, 0x00, 0x00, 0x00, 0x00, 0x13, 0x14, 0x15, 0x16, 0x00, 0x00, 0x00, 0x00, 0x00, 0x00, 0x00, 0x17, 0x18, 0x19, 0x1A, 0x1B, 0x1C, 0x1D, 0x1E, 0x00, 0x00, 0x1F, 0x20, 0x20, 0x20, 0x20, 0x21, 0x22, 0x23, 0x20, 0x20, 0x20, 0x24, 0x00, 0x00, 0x00, 0x25, 0x26, 0x23, 0x20, 0x20, 0x20, 0x20, 0x27, 0x00, 0x00, 0x00, 0x00, 0x28, 0x29, 0x2A, 0x2B, 0x00, 0x00, 0x00, 0x2C, 0x2D, 0x2E, 0x00, 
0x00, 0x00, 0x00, 0x00, 0x00, 0x00, 0x2F, 0x30, 0x31, 0x15, 0x32, 0x33, 0x00, 0x00, 0x00, 0x00, 0x00, 0x00, 0x34, 0x35, 0x36, 0x00, 0x00, 0x00, 0x37, 0x38, 0x00, 0x00, 0x00, 0x00, 0x00, 0x00, 0x00, 0x25, 0x39, 0x00, 0x00, 0x00, 0x00, 0x00, 0x00, 0x00, 0x00, 0x25, 0x15, 0x00, 0x00, 0x00, 0x00, 0x00, 0x00, 0x00, 0x00, 0x00, 0x00, 0x00, 0x3A, 0x3B, 0x3C, 0x3D, 0x00, 0x3E, 0x3F, 0x40, 0x00, 0x00, 
0x00, 0x00, 0x00, 0x00, 0x00, 0x00, 0x41, 0x42, 0x43, 0x44, 0x15, 0x45, 0x46, 0x00, 0x00, 0x00, 0x00, 0x00, 0x47, 0x48, 0x49, 0x4A, 0x4B, 0x00, 0x00, 0x00, 0x00, 0x00, 0x00, 0x00, 0x00, 0x00, 0x00, 0x25, 0x39, 0x00, 0x00, 0x00, 0x00, 0x00, 0x00, 0x00, 0x00, 0x25, 0x15, 0x4C, 0x4C, 0x4C, 0x4C, 0x00, 0x00, 0x00, 0x00, 0x00, 0x00, 0x00, 0x00, 0x4D, 0x4E, 0x4F, 0x50, 0x51, 0x00, 0x00, 0x00, 0x00, 
0x00, 0x00, 0x00, 0x00, 0x00, 0x52, 0x53, 0x54, 0x00, 0x55, 0x56, 0x15, 0x57, 0x00, 0x00, 0x00, 0x00, 0x00, 0x00, 0x58, 0x59, 0x5A, 0x5B, 0x5C, 0x5D, 0x46, 0x00, 0x00, 0x00, 0x00, 0x00, 0x00, 0x00, 0x25, 0x39, 0x00, 0x00, 0x00, 0x00, 0x00, 0x00, 0x00, 0x00, 0x25, 0x5E, 0x5F, 0x5F, 0x5F, 0x5F, 0x00, 0x00, 0x00, 0x00, 0x00, 0x00, 0x00, 0x00, 0x00, 0x60, 0x61, 0x62, 0x63, 0x00, 0x00, 0x00, 0x00, 
0x00, 0x64, 0x65, 0x66, 0x67, 0x68, 0x69, 0x6A, 0x6B, 0x6C, 0x6D, 0x15, 0x6E, 0x6F, 0x00, 0x00, 0x00, 0x00, 0x00, 0x00, 0x00, 0x70, 0x71, 0x72, 0x15, 0x73, 0x00, 0x00, 0x00, 0x00, 0x00, 0x00, 0x00, 0x25, 0x39, 0x00, 0x00, 0x00, 0x00, 0x00, 0x00, 0x00, 0x00, 0x25, 0x15, 0x00, 0x00, 0x00, 0x00, 0x00, 0x00, 0x00, 0x00, 0x00, 0x00, 0x00, 0x00, 0x74, 0x75, 0x76, 0x77, 0x15, 0x78, 0x79, 0x00, 0x00, 
0x7A, 0x7B, 0x7C, 0x7D, 0x7E, 0x7F, 0x7D, 0x80, 0x81, 0x82, 0x83, 0x84, 0x15, 0x85, 0x86, 0x00, 0x00, 0x87, 0x88, 0x89, 0x00, 0x00, 0x00, 0x00, 0x8A, 0x8B, 0x8C, 0x00, 0x00, 0x00, 0x00, 0x00, 0x00, 0x25, 0x39, 0x00, 0x00, 0x00, 0x00, 0x00, 0x00, 0x00, 0x00, 0x25, 0x15, 0x00, 0x00, 0x00, 0x00, 0x00, 0x00, 0x00, 0x00, 0x00, 0x00, 0x00, 0x8D, 0x8E, 0x8F, 0x00, 0x00, 0x90, 0x15, 0x91, 0x92, 0x00, 
0x00, 0x00, 0x00, 0x93, 0x94, 0x95, 0x00, 0x00, 0x00, 0x00, 0x00, 0x96, 0x97, 0x15, 0x98, 0x00, 0x00, 0x00, 0x99, 0x9A, 0x9B, 0x9C, 0x9D, 0x9E, 0x9F, 0xA0, 0x00, 0x00, 0x00, 0x00, 0x00, 0x00, 0x00, 0x25, 0x39, 0x00, 0x00, 0x00, 0x00, 0x00, 0x00, 0x00, 0x00, 0x25, 0xA1, 0xA2, 0xA2, 0xA2, 0xA2, 0xA2, 0xA2, 0x00, 0x00, 0x00, 0x10, 0xA3, 0xA4, 0x00, 0x00, 0x00, 0x00, 0x00, 0xA5, 0xA6, 0xA7, 0xA8, 
0x00, 0x00, 0xA9, 0xAA, 0xAB, 0x00, 0x00, 0x00, 0x00, 0x00, 0x00, 0x00, 0xAC, 0x15, 0x4F, 0xAD, 0x00, 0x00, 0x00, 0xAE, 0xAF, 0xB0, 0xB1, 0xB2, 0xB3, 0x00, 0x00, 0x00, 0x00, 0x00, 0x00, 0x00, 0x00, 0xB4, 0xB5, 0x00, 0x00, 0x00, 0x00, 0x00, 0x00, 0x00, 0x00, 0xB4, 0xB6, 0xB6, 0xB6, 0xB6, 0xB6, 0xB6, 0xB7, 0x00, 0x00, 0x00, 0xB8, 0xB9, 0x00, 0x00, 0x00, 0x00, 0x00, 0x00, 0x00, 0xBA, 0xB6, 0xBB, 
0x00, 0xBC, 0xBD, 0xBE, 0x00, 0x00, 0x00, 0x00, 0x00, 0x00, 0x00, 0x00, 0x00, 0xBF, 0x15, 0xC0, 0xC1, 0x00, 0x00, 0x00, 0x00, 0x00, 0x00, 0x00, 0x00, 0x00, 0x00, 0x00, 0x00, 0x00, 0x00, 0x00, 0x00, 0x00, 0x00, 0x00, 0x00, 0x00, 0x00, 0x00, 0x00, 0x00, 0x00, 0x00, 0x00, 0x00, 0x00, 0x00, 0x00, 0x00, 0x00, 0x00, 0x00, 0x00, 0x00, 0x00, 0x00, 0x00, 0x00, 0x00, 0x00, 0x00, 0x00, 0x00, 0x00, 0x00, 
0x00, 0xC2, 0xC3, 0xC4, 0x00, 0x00, 0x00, 0x00, 0x00, 0x00, 0x00, 0x00, 0x00, 0xC5, 0xC6, 0x15, 0xC7, 0x00, 0x00, 0x00, 0x00, 0x00, 0x00, 0x00, 0x00, 0x00, 0x00, 0x00, 0x00, 0x00, 0x00, 0x00, 0x00, 0x00, 0x00, 0x00, 0x00, 0x00, 0x00, 0x00, 0x00, 0x00, 0x00, 0x00, 0x00, 0x00, 0x00, 0x00, 0x00, 0x00, 0x00, 0x00, 0x00, 0x00, 0x00, 0x00, 0x00, 0x00, 0x00, 0x00, 0x00, 0x00, 0x00, 0x00, 0x00, 0x00, 
0x00, 0x00, 0x00, 0x00, 0x00, 0x00, 0x00, 0x00, 0x00, 0x00, 0x00, 0x00, 0x00, 0x00, 0xC8, 0x15, 0x62, 0xC9, 0x00, 0x00, 0x00, 0x00, 0x00, 0x00, 0x00, 0x00, 0x00, 0x00, 0x00, 0x00, 0x00, 0x00, 0x00, 0x00, 0x00, 0x00, 0x00, 0x00, 0x00, 0x00, 0x00, 0x00, 0x00, 0x00, 0x00, 0x00, 0x00, 0x00, 0x00, 0x00, 0x00, 0x00, 0x00, 0x00, 0x00, 0x00, 0x00, 0x00, 0x00, 0x00, 0x00, 0x00, 0x00, 0x00, 0x00, 0x00, 
0x00, 0x00, 0x00, 0x00, 0x00, 0x00, 0x00, 0x00, 0x00, 0x00, 0x00, 0x00, 0x00, 0x00, 0x00, 0xCA, 0x15, 0xCB, 0xCC, 0x00, 0x00, 0x00, 0x00, 0x00, 0x00, 0x00, 0x00, 0x00, 0x00, 0x00, 0x00, 0x00, 0x00, 0x00, 0x00, 0x00, 0x00, 0x00, 0x00, 0x00, 0x00, 0x00, 0x00, 0x00, 0x00, 0x00, 0x00, 0x00, 0x00, 0x00, 0x00, 0x00, 0x00, 0x00, 0x00, 0x00, 0x00, 0x00, 0x00, 0x00, 0x00, 0x00, 0x00, 0x00, 0x00, 0x00, 
0x00, 0x00, 0x00, 0x00, 0x00, 0x00, 0x00, 0x00, 0x00, 0x00, 0x00, 0x00, 0x00, 0x00, 0x00, 0xCD, 0xCE, 0x15, 0xCF, 0x00, 0x00, 0x00, 0x00, 0x00, 0x00, 0x00, 0x00, 0x00, 0x00, 0x00, 0x00, 0x00, 0x00, 0x00, 0x00, 0x00, 0x00, 0x00, 0x00, 0x00, 0x00, 0x00, 0x00, 0x00, 0x00, 0x00, 0x00, 0x00, 0x00, 0x00, 0x00, 0x00, 0x00, 0x00, 0x00, 0x00, 0x00, 0x00, 0x00, 0x00, 0x00, 0x00, 0x00, 0x00, 0x00, 0x00, 
0x00, 0x00, 0x00, 0x00, 0x00, 0x00, 0x00, 0x00, 0x00, 0x00, 0x00, 0x00, 0x00, 0x00, 0x00, 0x00, 0xD0, 0xD1, 0xD1, 0xD2, 0x00, 0x00, 0x00, 0x00, 0x00, 0x00, 0x00, 0x00, 0x00, 0x00, 0x00, 0x00, 0x00, 0x00, 0x00, 0x00, 0x00, 0x00, 0x00, 0x00, 0x00, 0x00, 0x00, 0x00, 0x00, 0x00, 0x00, 0x00, 0x00, 0x00, 0x00, 0x00, 0x00, 0x00, 0x00, 0x00, 0x00, 0x00, 0x00, 0x00, 0x00, 0x00, 0x00, 0x00, 0x00, 0x00, 
_END_,

};

#elif(_LOGO_TYPE == _LOGO_TIEMU)
BYTE code tiOSD_1BIT_LOGO0[]=
{

0x00,0x00,0x00,0x00,0x00,0x00,0x00,0x00,0x00,0x01,0x02,0x03,0x04,0x00,0x00,0x00,0x00,0x00,0x00,0x00,0x00, _NEXT_,
0x00,0x00,0x00,0x00,0x00,0x05,0x06,0x07,0x08,0x09,0x09,0x09,0x0A,0x0B,0x0C,0x0D,0x00,0x00,0x00,0x00,0x00, _NEXT_,
0x00,0x00,0x0E,0x0F,0x10,0x11,0x09,0x09,0x09,0x09,0x09,0x09,0x09,0x09,0x09,0x09,0x12,0x13,0x14,0x00,0x00, _NEXT_,
0x00,0x00,0x15,0x16,0x17,0x09,0x09,0x09,0x09,0x09,0x09,0x09,0x09,0x09,0x09,0x09,0x09,0x18,0x19,0x1A,0x00, _NEXT_,
0x00,0x00,0x1B,0x1C,0x1D,0x1E,0x1F,0x20,0x21,0x09,0x09,0x09,0x22,0x23,0x24,0x25,0x26,0x27,0x28,0x00,0x00, _NEXT_,
0x00,0x00,0x29,0x09,0x2A,0x2B,0x2C,0x2D,0x2E,0x2F,0x30,0x31,0x32,0x33,0x34,0x35,0x36,0x09,0x37,0x00,0x00, _NEXT_,
0x00,0x00,0x38,0x39,0x09,0x09,0x09,0x3A,0x3B,0x33,0x33,0x33,0x3C,0x3D,0x3E,0x09,0x09,0x09,0x3F,0x00,0x00, _NEXT_,
0x00,0x00,0x00,0x40,0x09,0x09,0x09,0x09,0x41,0x42,0x33,0x33,0x43,0x09,0x09,0x09,0x09,0x44,0x45,0x00,0x00, _NEXT_,
0x00,0x00,0x00,0x46,0x47,0x09,0x09,0x09,0x09,0x48,0x33,0x49,0x4A,0x09,0x09,0x09,0x09,0x4B,0x00,0x00,0x00, _NEXT_,
0x00,0x00,0x00,0x00,0x4C,0x47,0x09,0x09,0x09,0x4D,0x33,0x4E,0x09,0x09,0x09,0x09,0x4F,0x50,0x00,0x00,0x00, _NEXT_,
0x00,0x00,0x00,0x00,0x00,0x51,0x52,0x09,0x09,0x53,0x33,0x54,0x09,0x09,0x09,0x55,0x56,0x00,0x00,0x00,0x00, _NEXT_,
0x00,0x00,0x00,0x00,0x00,0x00,0x57,0x58,0x09,0x09,0x59,0x5A,0x09,0x09,0x5B,0x45,0x00,0x00,0x00,0x00,0x00, _NEXT_,
0x00,0x00,0x00,0x00,0x00,0x00,0x00,0x5C,0x5D,0x09,0x5E,0x5F,0x60,0x61,0x00,0x00,0x00,0x00,0x00,0x00,0x00, _NEXT_,
0x00,0x00,0x00,0x00,0x00,0x00,0x00,0x00,0x38,0x62,0x63,0x64,0x65,0x00,0x00,0x00,0x00,0x00,0x00,0x00,0x00, _NEXT_,
0x00,0x00,0x66,0x67,0x67,0x67,0x68,0x69,0x6A,0x6B,0x67,0x67,0x67,0x6A,0x6B,0x6C,0x69,0x6A,0x6D,0x6E,0x00, _NEXT_,
0x00,0x00,0x6F,0x70,0x71,0x72,0x73,0x74,0x75,0x76,0x77,0x77,0x78,0x79,0x7A,0x7B,0x74,0x75,0x7C,0x7D,0x00, _NEXT_,
0x00,0x00,0x00,0x7E,0x7F,0x00,0x00,0x74,0x75,0x80,0x81,0x81,0x82,0x83,0x7A,0x7B,0x84,0x85,0x7C,0x7D,0x00, _NEXT_,
0x00,0x00,0x00,0x86,0x87,0x00,0x00,0x88,0x89,0x8A,0x8B,0x8B,0x8B,0x89,0x8A,0x8C,0x00,0x00,0x8D,0x8E,0x00, _END_,
};

#elif(_LOGO_TYPE == _LOGO_3G)
BYTE code tiOSD_1BIT_LOGO0[]=
{
	0x00, 0x00, 0x00, 0x00, 0x00, 0x00, 0x00, 0x00, 0x00, 0x00, 0x00, 0x01, 0x02, 0x03, 0x04, 0x05, 0x06, 0x07, 0x08, 0x09, 0x00, 0x00, 0x00, 0x00, 0x00, 0x00, 0x00, 0x00, 0x00, 0x00, 0x00, 
	0x00, 0x00, 0x00, 0x00, 0x00, 0x00, 0x00, 0x0A, 0x0B, 0x0C, 0x0D, 0x0E, 0x0E, 0x0E, 0x0E, 0x0E, 0x0E, 0x0E, 0x0E, 0x0E, 0x0F, 0x10, 0x11, 0x12, 0x00, 0x00, 0x00, 0x00, 0x00, 0x00, 0x00, 
	0x00, 0x00, 0x00, 0x00, 0x00, 0x13, 0x14, 0x15, 0x0E, 0x0E, 0x16, 0x17, 0x18, 0x19, 0x1A, 0x1B, 0x1C, 0x1D, 0x1E, 0x1F, 0x0E, 0x0E, 0x0E, 0x20, 0x21, 0x22, 0x00, 0x00, 0x00, 0x00, 0x00, 
	0x00, 0x00, 0x00, 0x00, 0x23, 0x24, 0x0E, 0x0E, 0x25, 0x26, 0x27, 0x00, 0x00, 0x00, 0x00, 0x00, 0x00, 0x00, 0x00, 0x00, 0x28, 0x29, 0x2A, 0x0E, 0x0E, 0x2B, 0x2C, 0x00, 0x00, 0x00, 0x00, 
	0x00, 0x00, 0x2D, 0x2E, 0x0E, 0x0E, 0x2F, 0x30, 0x31, 0x00, 0x00, 0x00, 0x00, 0x00, 0x00, 0x00, 0x00, 0x00, 0x00, 0x00, 0x00, 0x00, 0x32, 0x33, 0x34, 0x0E, 0x35, 0x36, 0x00, 0x00, 0x00, 
	0x00, 0x00, 0x37, 0x0E, 0x0E, 0x38, 0x39, 0x00, 0x00, 0x00, 0x00, 0x00, 0x00, 0x00, 0x00, 0x00, 0x00, 0x00, 0x00, 0x00, 0x00, 0x00, 0x00, 0x00, 0x3A, 0x3B, 0x0E, 0x0E, 0x3C, 0x00, 0x00, 
	0x00, 0x3D, 0x0E, 0x0E, 0x3E, 0x3F, 0x00, 0x00, 0x00, 0x00, 0x00, 0x00, 0x00, 0x00, 0x00, 0x00, 0x00, 0x00, 0x00, 0x00, 0x00, 0x00, 0x00, 0x00, 0x00, 0x40, 0x41, 0x0E, 0x42, 0x43, 0x00, 
	0x44, 0x45, 0x0E, 0x46, 0x47, 0x00, 0x48, 0x49, 0x49, 0x49, 0x49, 0x49, 0x49, 0x49, 0x49, 0x4A, 0x49, 0x49, 0x49, 0x49, 0x49, 0x49, 0x49, 0x49, 0x4B, 0x00, 0x4C, 0x4D, 0x0E, 0x4E, 0x00, 
	0x4F, 0x0E, 0x0E, 0x50, 0x00, 0x00, 0x51, 0x0E, 0x0E, 0x0E, 0x0E, 0x0E, 0x0E, 0x0E, 0x0E, 0x52, 0x0E, 0x0E, 0x0E, 0x0E, 0x0E, 0x0E, 0x0E, 0x0E, 0x53, 0x00, 0x00, 0x54, 0x0E, 0x0E, 0x55, 
	0x56, 0x0E, 0x0E, 0x57, 0x00, 0x00, 0x58, 0x59, 0x59, 0x59, 0x59, 0x59, 0x59, 0x59, 0x59, 0x52, 0x0E, 0x0E, 0x5A, 0x5B, 0x5B, 0x5B, 0x5B, 0x5B, 0x5C, 0x00, 0x00, 0x5D, 0x0E, 0x0E, 0x5E, 
	0x5F, 0x0E, 0x0E, 0x60, 0x00, 0x00, 0x51, 0x0E, 0x0E, 0x0E, 0x0E, 0x0E, 0x0E, 0x0E, 0x0E, 0x52, 0x0E, 0x0E, 0x53, 0x00, 0x00, 0x61, 0x62, 0x62, 0x63, 0x00, 0x00, 0x64, 0x0E, 0x0E, 0x65, 
	0x66, 0x0E, 0x0E, 0x67, 0x00, 0x00, 0x68, 0x69, 0x69, 0x69, 0x69, 0x69, 0x69, 0x69, 0x69, 0x52, 0x0E, 0x0E, 0x53, 0x00, 0x00, 0x52, 0x0E, 0x0E, 0x53, 0x00, 0x00, 0x6A, 0x0E, 0x0E, 0x6B, 
	0x6C, 0x0E, 0x0E, 0x6D, 0x00, 0x00, 0x6E, 0x6F, 0x6F, 0x6F, 0x6F, 0x6F, 0x6F, 0x6F, 0x6F, 0x52, 0x0E, 0x0E, 0x70, 0x6F, 0x6F, 0x71, 0x0E, 0x0E, 0x53, 0x00, 0x00, 0x72, 0x0E, 0x0E, 0x73, 
	0x74, 0x75, 0x0E, 0x76, 0x77, 0x00, 0x51, 0x0E, 0x0E, 0x0E, 0x0E, 0x0E, 0x0E, 0x0E, 0x0E, 0x52, 0x0E, 0x0E, 0x0E, 0x0E, 0x0E, 0x0E, 0x0E, 0x0E, 0x53, 0x00, 0x78, 0x79, 0x0E, 0x7A, 0x7B, 
	0x00, 0x7C, 0x0E, 0x0E, 0x7D, 0x00, 0x7E, 0x1B, 0x1B, 0x1B, 0x1B, 0x1B, 0x1B, 0x1B, 0x1B, 0x7F, 0x1B, 0x1B, 0x1B, 0x1B, 0x1B, 0x1B, 0x1B, 0x1B, 0x80, 0x2D, 0x81, 0x0E, 0x0E, 0x82, 0x00, 
	0x00, 0x83, 0x84, 0x0E, 0x85, 0x86, 0x00, 0x00, 0x00, 0x00, 0x00, 0x00, 0x00, 0x00, 0x00, 0x00, 0x00, 0x00, 0x00, 0x00, 0x00, 0x00, 0x00, 0x00, 0x87, 0x88, 0x0E, 0x0E, 0x89, 0x31, 0x00, 
	0x00, 0x00, 0x40, 0x8A, 0x0E, 0x0E, 0x8B, 0x8C, 0x00, 0x00, 0x00, 0x00, 0x00, 0x00, 0x00, 0x00, 0x00, 0x00, 0x00, 0x00, 0x00, 0x00, 0x00, 0x8D, 0x8E, 0x0E, 0x0E, 0x8F, 0x90, 0x00, 0x00, 
	0x00, 0x00, 0x00, 0x91, 0x92, 0x0E, 0x0E, 0x93, 0x94, 0x95, 0x00, 0x00, 0x00, 0x00, 0x00, 0x00, 0x00, 0x00, 0x00, 0x00, 0x00, 0x96, 0x97, 0x98, 0x0E, 0x99, 0x9A, 0x9B, 0x00, 0x00, 0x00, 
	0x00, 0x00, 0x00, 0x00, 0x00, 0x9C, 0x9D, 0x0E, 0x0E, 0x9E, 0x9F, 0xA0, 0xA1, 0xA2, 0xA3, 0xA4, 0xA5, 0xA6, 0xA7, 0xA8, 0xA9, 0x0E, 0x0E, 0x0E, 0xAA, 0xAB, 0x00, 0x00, 0x00, 0x00, 0x00, 
	0x00, 0x00, 0x00, 0x00, 0x00, 0x00, 0xAC, 0xAD, 0xAE, 0xAF, 0x0E, 0x0E, 0x0E, 0x0E, 0x0E, 0x0E, 0x0E, 0x0E, 0x0E, 0x0E, 0x0E, 0xB0, 0xB1, 0xB2, 0x00, 0x00, 0x00, 0x00, 0x00, 0x00, 0x00, 
	0x00, 0x00, 0x00, 0x00, 0x00, 0x00, 0x00, 0x00, 0x00, 0xB3, 0xB4, 0xB5, 0xB6, 0xB7, 0xB8, 0xB9, 0xBA, 0xBB, 0xBC, 0xBD, 0xBE, 0xBF, 0x00, 0x00, 0x00, 0x00, 0x00, 0x00, 0x00, 0x00, 0x00, 
		_END_,

};

#elif(_LOGO_TYPE == _LOGO_ZORO)
	BYTE code tiOSD_1BIT_LOGO0[]=
	{
	0x00, 0x00, 0x00, 0x00, 0x01, 0x02, 0x03, 0x03, 0x03, 0x03, 0x03, 0x03, 0x03, 0x04, 0x05, 0x05, 0x06, 0x00, 0x00, 0x00, 0x00, 0x00, 0x00, 0x00, 0x00, 0x00, 0x00, 0x00, 0x00, 0x00, 0x00, 0x00, 0x00, 0x00, 0x00, 0x00, 0x00, 0x00, 0x00, 0x00, 0x00, 0x00, 0x00, 0x00, 0x00, 0x00, 0x00, 0x00, 0x00, 0x00, 0x00, 0x00, 0x00, 0x00, 0x00, 0x00, 0x00, 0x00, 0x00, 0x00, 0x00, 0x00, 0x00, 0x00, 0x00, 
	0x00, 0x00, 0x07, 0x08, 0x09, 0x0A, 0x0B, 0x0C, 0x0C, 0x0C, 0x0C, 0x0C, 0x0D, 0x0A, 0x0E, 0x0F, 0x10, 0x00, 0x00, 0x00, 0x00, 0x00, 0x00, 0x00, 0x00, 0x00, 0x00, 0x00, 0x00, 0x00, 0x00, 0x00, 0x00, 0x00, 0x00, 0x00, 0x00, 0x00, 0x00, 0x00, 0x00, 0x00, 0x00, 0x00, 0x00, 0x00, 0x00, 0x00, 0x00, 0x00, 0x00, 0x00, 0x00, 0x00, 0x00, 0x00, 0x00, 0x00, 0x00, 0x00, 0x00, 0x00, 0x00, 0x00, 0x00, 
	0x00, 0x11, 0x12, 0x13, 0x0E, 0x14, 0x15, 0x15, 0x15, 0x15, 0x16, 0x17, 0x18, 0x19, 0x1A, 0x1B, 0x1C, 0x00, 0x00, 0x00, 0x00, 0x00, 0x00, 0x00, 0x00, 0x00, 0x00, 0x00, 0x00, 0x00, 0x00, 0x00, 0x00, 0x00, 0x00, 0x00, 0x00, 0x00, 0x00, 0x00, 0x00, 0x00, 0x00, 0x00, 0x00, 0x00, 0x00, 0x00, 0x00, 0x00, 0x00, 0x00, 0x00, 0x00, 0x00, 0x00, 0x00, 0x00, 0x00, 0x00, 0x00, 0x00, 0x00, 0x00, 0x00, 
	0x00, 0x00, 0x00, 0x00, 0x00, 0x00, 0x00, 0x00, 0x1D, 0x1E, 0x1F, 0x20, 0x21, 0x22, 0x23, 0x24, 0x25, 0x26, 0x00, 0x00, 0x00, 0x00, 0x00, 0x07, 0x27, 0x28, 0x29, 0x29, 0x29, 0x29, 0x2A, 0x2B, 0x2C, 0x00, 0x2D, 0x2E, 0x2F, 0x29, 0x29, 0x29, 0x29, 0x30, 0x31, 0x00, 0x00, 0x32, 0x33, 0x29, 0x29, 0x29, 0x29, 0x29, 0x34, 0x35, 0x00, 0x00, 0x29, 0x29, 0x29, 0x29, 0x29, 0x29, 0x36, 0x37, 0x38, 
	0x39, 0x29, 0x3A, 0x3B, 0x3C, 0x00, 0x00, 0x3D, 0x3E, 0x3F, 0x40, 0x41, 0x42, 0x00, 0x43, 0x44, 0x45, 0x46, 0x47, 0x00, 0x00, 0x00, 0x00, 0x48, 0x49, 0x49, 0x49, 0x49, 0x49, 0x4A, 0x4B, 0x0E, 0x4C, 0x00, 0x4D, 0x0E, 0x4E, 0x49, 0x49, 0x49, 0x49, 0x0E, 0x0E, 0x4F, 0x00, 0x50, 0x0E, 0x51, 0x49, 0x49, 0x49, 0x52, 0x0E, 0x53, 0x00, 0x00, 0x0E, 0x0E, 0x54, 0x49, 0x49, 0x49, 0x55, 0x0E, 0x56, 
	0x57, 0x58, 0x59, 0x5A, 0x5B, 0x5C, 0x5D, 0x0E, 0x5E, 0x5F, 0x60, 0x5B, 0x00, 0x00, 0x61, 0x62, 0x63, 0x64, 0x65, 0x00, 0x00, 0x00, 0x00, 0x00, 0x00, 0x00, 0x00, 0x66, 0x67, 0x68, 0x0E, 0x69, 0x6A, 0x00, 0x6B, 0x0E, 0x6C, 0x00, 0x00, 0x00, 0x00, 0x0E, 0x0E, 0x6D, 0x00, 0x6E, 0x0E, 0x6F, 0x70, 0x70, 0x70, 0x71, 0x0E, 0x72, 0x00, 0x00, 0x0E, 0x0E, 0x73, 0x00, 0x00, 0x00, 0x74, 0x0E, 0x75, 
	0x76, 0x77, 0x78, 0x79, 0x00, 0x7A, 0x7B, 0x7C, 0x7D, 0x7E, 0x00, 0x00, 0x00, 0x00, 0x00, 0x0E, 0x7F, 0x64, 0x80, 0x00, 0x00, 0x00, 0x00, 0x00, 0x00, 0x81, 0x82, 0x83, 0x0E, 0x84, 0x85, 0x00, 0x00, 0x00, 0x6B, 0x0E, 0x6C, 0x00, 0x00, 0x00, 0x00, 0x0E, 0x0E, 0x6D, 0x00, 0x6E, 0x0E, 0x0E, 0x0E, 0x0E, 0x0E, 0x0E, 0x0E, 0x86, 0x00, 0x00, 0x0E, 0x0E, 0x73, 0x00, 0x00, 0x00, 0x74, 0x0E, 0x75, 
	0x87, 0x88, 0x89, 0x8A, 0x8B, 0x8C, 0x8D, 0x8E, 0x8F, 0x00, 0x00, 0x00, 0x00, 0x00, 0x90, 0x0E, 0x91, 0x92, 0x93, 0x00, 0x00, 0x00, 0x00, 0x00, 0x94, 0x95, 0x0E, 0x96, 0x97, 0x5B, 0x00, 0x00, 0x00, 0x00, 0x6B, 0x0E, 0x6C, 0x00, 0x00, 0x00, 0x00, 0x0E, 0x0E, 0x6D, 0x00, 0x6E, 0x0E, 0x98, 0x99, 0x9A, 0x0E, 0x0E, 0x9B, 0x5B, 0x00, 0x00, 0x0E, 0x0E, 0x73, 0x00, 0x00, 0x00, 0x74, 0x0E, 0x75, 
	0x9C, 0x9D, 0x9E, 0x9F, 0xA0, 0xA1, 0xA2, 0x00, 0x00, 0x00, 0x00, 0x00, 0x00, 0xA3, 0xA4, 0x0E, 0xA5, 0xA6, 0x5B, 0x00, 0x00, 0x00, 0x00, 0xA7, 0xA8, 0x0E, 0xA9, 0xAA, 0xAB, 0xAB, 0xAB, 0xAB, 0xAC, 0x00, 0x6B, 0x0E, 0xAD, 0xAB, 0xAB, 0xAB, 0xAB, 0x0E, 0x0E, 0x6D, 0x00, 0x6E, 0x0E, 0xAE, 0x00, 0x00, 0xAF, 0xB0, 0x0E, 0xB1, 0x00, 0x00, 0x0E, 0x0E, 0xB2, 0xAB, 0xAB, 0xAB, 0xB3, 0x0E, 0x75, 
	0x00, 0xB4, 0xB5, 0xB6, 0xB7, 0xB8, 0xB9, 0xBA, 0x00, 0x00, 0x00, 0xBB, 0xBC, 0xBD, 0xBE, 0xBF, 0xC0, 0xC1, 0x00, 0x00, 0x00, 0x00, 0x00, 0xC2, 0xC3, 0x0E, 0x0E, 0x0E, 0x0E, 0x0E, 0x0E, 0xC4, 0xC5, 0x00, 0xC6, 0xC7, 0x0E, 0x0E, 0x0E, 0x0E, 0x0E, 0x0E, 0xC8, 0xC9, 0x00, 0xCA, 0xCB, 0xAE, 0x00, 0x00, 0x00, 0xCC, 0xCD, 0xCE, 0x00, 0x00, 0x0E, 0x0E, 0x0E, 0x0E, 0x0E, 0x0E, 0x0E, 0xCF, 0xD0, 
	0x00, 0x00, 0xD1, 0xD2, 0xD3, 0x0E, 0xD4, 0xD5, 0xD6, 0xD7, 0xD8, 0xD9, 0xDA, 0xDB, 0xDC, 0xDD, 0xDE, 0x00, 0x00, 0x00, 0x00, 0x00, 0x00, 0x00, 0x00, 0xDF, 0xE0, 0xE0, 0xE0, 0xE0, 0xE1, 0x5B, 0x00, 0x00, 0x00, 0xE2, 0xE3, 0xE0, 0xE0, 0xE0, 0xE0, 0xE4, 0x00, 0x00, 0x00, 0x00, 0xE5, 0xE6, 0x00, 0x00, 0x00, 0x00, 0x00, 0xE7, 0x00, 0x00, 0xE0, 0xE0, 0xE0, 0xE0, 0xE0, 0xE0, 0xE0, 0xE8, 0x00, 
	0x00, 0x00, 0x00, 0xE9, 0xEA, 0xEB, 0xEC, 0xED, 0xED, 0xEE, 0xEF, 0xF0, 0xF1, 0xF2, 0xF3, 0xF4, 0x00, 0x00, 0x00, 0x00, 0x00, 0x00, 0x00, 0x00, 0x00, 0x00, 0x00, 0x00, 0x00, 0x00, 0x00, 0x00, 0x00, 0x00, 0x00, 0x00, 0x00, 0x00, 0x00, 0x00, 0x00, 0x00, 0x00, 0x00, 0x00, 0x00, 0x00, 0x00, 0x00, 0x00, 0x00, 0x00, 0x00, 0x00, 0x00, 0x00, 0x00, 0x00, 0x00, 0x00, 0x00, 0x00, 0x00, 0x00, 0x00, 
	0x00, 0x00, 0x00, 0x00, 0x00, 0xF5, 0xF6, 0xF7, 0xF8, 0xF9, 0xFA, 0xFB, 0xFC, 0x00, 0x00, 0x00, 0x00, 0x00, 0x00, 0x00, 0x00, 0x00, 0x00, 0x00, 0x00, 0x00, 0x00, 0x00, 0x00, 0x00, 0x00, 0x00, 0x00, 0x00, 0x00, 0x00, 0x00, 0x00, 0x00, 0x00, 0x00, 0x00, 0x00, 0x00, 0x00, 0x00, 0x00, 0x00, 0x00, 0x00, 0x00, 0x00, 0x00, 0x00, 0x00, 0x00, 0x00, 0x00, 0x00, 0x00, 0x00, 0x00, 0x00, 0x00, 0x00, 
	_END_,
	};

#elif(_LOGO_TYPE == _LOGO_HYINGDA)
BYTE code tiOSD_1BIT_LOGO0[]=
{
	0x00, 0x00, 0x00, 0x00, 0x00, 0x00, 0x00, 0x00, 0x01, 0x02, 0x02, 0x03, 0x00, 0x04, 0x02, 0x02, 0x05, 0x00, 0x00, 0x04, 0x02, 0x02, 0x05, 0x00, 0x00, 0x06, 0x02, 0x02, 0x07, 0x00, 0x00, 0x08, 0x02, 0x02, 0x09, 0x0A, 0x02, 0x02, 0x02, 0x00, 0x00, 0x00, 0x00, 0x06, 0x02, 0x02, 0x00, 0x0B, 0x02, 0x02, 0x02, 0x00, 0x00, 0x00, 0x00, 0x06, 0x02, 0x02, 0x02, 0x02, 0x02, 0x00, 0x00, 0x00, 0x00, 0x00, 0x00, 0x00, 0x0C, 0x02, 0x02, 0x02, 0x05, 0x00, 0x00, 0x00, 0x00, 0x00, 0x06, 0x02, 0x02, 0x09, 0x00, 0x00, 0x00,_NEXT_, 
	0x00, 0x00, 0x00, 0x00, 0x00, 0x00, 0x00, 0x00, 0x0D, 0x0E, 0x0E, 0x0F, 0x00, 0x10, 0x0E, 0x0E, 0x11, 0x00, 0x00, 0x12, 0x13, 0x0E, 0x14, 0x15, 0x16, 0x17, 0x0E, 0x18, 0x19, 0x00, 0x00, 0x0D, 0x0E, 0x0E, 0x1A, 0x1B, 0x0E, 0x0E, 0x0E, 0x00, 0x00, 0x00, 0x00, 0x1C, 0x0E, 0x0E, 0x1D, 0x1E, 0x0E, 0x0E, 0x0E, 0x00, 0x00, 0x00, 0x00, 0x1C, 0x0E, 0x0E, 0x0E, 0x0E, 0x0E, 0x1F, 0x20, 0x00, 0x00, 0x00, 0x00, 0x21, 0x22, 0x0E, 0x0E, 0x0E, 0x23, 0x24, 0x00, 0x00, 0x00, 0x00, 0x1C, 0x0E, 0x0E, 0x1A, 0x00, 0x00, 0x00, _NEXT_,
	0x00, 0x00, 0x00, 0x00, 0x00, 0x00, 0x00, 0x00, 0x0D, 0x0E, 0x0E, 0x0F, 0x00, 0x10, 0x0E, 0x0E, 0x11, 0x00, 0x00, 0x00, 0x25, 0x0E, 0x0E, 0x26, 0x27, 0x0E, 0x0E, 0x28, 0x00, 0x00, 0x00, 0x0D, 0x0E, 0x0E, 0x1A, 0x1B, 0x0E, 0x0E, 0x0E, 0x00, 0x00, 0x00, 0x00, 0x1C, 0x0E, 0x0E, 0x29, 0x2A, 0x0E, 0x0E, 0x0E, 0x00, 0x00, 0x00, 0x00, 0x1C, 0x0E, 0x0E, 0x2B, 0x2C, 0x0E, 0x0E, 0x2D, 0x2E, 0x00, 0x00, 0x00, 0x2F, 0x0E, 0x0E, 0x30, 0x0E, 0x0E, 0x31, 0x00, 0x00, 0x00, 0x00, 0x1C, 0x0E, 0x0E, 0x1A, 0x00, 0x00, 0x00, _NEXT_,
	0x00, 0x32, 0x33, 0x34, 0x35, 0x36, 0x37, 0x38, 0x39, 0x3A, 0x3B, 0x3C, 0x3D, 0x3E, 0x3F, 0x40, 0x11, 0x00, 0x00, 0x00, 0x41, 0x42, 0x0E, 0x43, 0x44, 0x0E, 0x45, 0x46, 0x00, 0x00, 0x00, 0x0D, 0x0E, 0x0E, 0x1A, 0x1B, 0x0E, 0x0E, 0x0E, 0x00, 0x00, 0x00, 0x00, 0x1C, 0x0E, 0x0E, 0x0E, 0x47, 0x0E, 0x0E, 0x0E, 0x00, 0x00, 0x00, 0x00, 0x1C, 0x0E, 0x0E, 0x48, 0x1B, 0x0E, 0x0E, 0x0E, 0x49, 0x00, 0x00, 0x00, 0x4A, 0x0E, 0x0E, 0x4B, 0x0E, 0x0E, 0x4C, 0x00, 0x00, 0x00, 0x00, 0x1C, 0x0E, 0x0E, 0x1A, 0x00, 0x00, 0x00, _NEXT_,
		0x00, 0x4D, 0x0E, 0x0E, 0x0E, 0x4E, 0x4F, 0x0E, 0x48, 0x00, 0x50, 0x0E, 0x0E, 0x51, 0x00, 0x52, 0x11, 0x00, 0x00, 0x00, 0x00, 0x53, 0x54, 0x0E, 0x0E, 0x55, 0x56, 0x00, 0x00, 0x00, 0x00, 0x0D, 0x0E, 0x0E, 0x1A, 0x1B, 0x0E, 0x0E, 0x0E, 0x00, 0x00, 0x00, 0x00, 0x1C, 0x0E, 0x0E, 0x0E, 0x0E, 0x0E, 0x0E, 0x0E, 0x00, 0x00, 0x00, 0x00, 0x1C, 0x0E, 0x0E, 0x48, 0x1B, 0x0E, 0x0E, 0x0E, 0x49, 0x00, 0x00, 0x00, 0x57, 0x0E, 0x58, 0x59, 0x0E, 0x0E, 0x5A, 0x00, 0x00, 0x00, 0x00, 0x1C, 0x0E, 0x0E, 0x1A, 0x00, 0x00, 0x00, _NEXT_,
		0x00, 0x5B, 0x5C, 0x5D, 0x5E, 0x5F, 0x60, 0x61, 0x62, 0x63, 0x64, 0x65, 0x66, 0x67, 0x68, 0x69, 0x11, 0x00, 0x00, 0x00, 0x00, 0x00, 0x6A, 0x0E, 0x0E, 0x6B, 0x00, 0x00, 0x00, 0x00, 0x00, 0x0D, 0x0E, 0x0E, 0x1A, 0x1B, 0x0E, 0x0E, 0x0E, 0x00, 0x00, 0x00, 0x00, 0x1C, 0x0E, 0x0E, 0x6C, 0x0E, 0x0E, 0x0E, 0x0E, 0x00, 0x00, 0x00, 0x00, 0x1C, 0x0E, 0x0E, 0x48, 0x1B, 0x0E, 0x0E, 0x0E, 0x49, 0x00, 0x00, 0x6D, 0x0E, 0x0E, 0x6E, 0x6F, 0x70, 0x0E, 0x71, 0x72, 0x00, 0x00, 0x00, 0x1C, 0x0E, 0x0E, 0x1A, 0x00, 0x00, 0x00, _NEXT_,
		0x00, 0x00, 0x00, 0x00, 0x00, 0x00, 0x00, 0x00, 0x0D, 0x0E, 0x0E, 0x0F, 0x00, 0x10, 0x0E, 0x0E, 0x11, 0x00, 0x00, 0x00, 0x00, 0x00, 0x10, 0x0E, 0x0E, 0x73, 0x00, 0x00, 0x00, 0x00, 0x00, 0x74, 0x0E, 0x0E, 0x75, 0x76, 0x0E, 0x0E, 0x77, 0x00, 0x00, 0x00, 0x00, 0x1C, 0x0E, 0x0E, 0x78, 0x79, 0x0E, 0x0E, 0x0E, 0x00, 0x00, 0x00, 0x00, 0x1C, 0x0E, 0x0E, 0x7A, 0x7B, 0x0E, 0x0E, 0x0E, 0x7C, 0x00, 0x00, 0x7D, 0x0E, 0x0E, 0x7E, 0x00, 0x7F, 0x0E, 0x0E, 0x80, 0x00, 0x00, 0x00, 0x1C, 0x0E, 0x0E, 0x1A, 0x00, 0x00, 0x00, _NEXT_,
		0x00, 0x00, 0x00, 0x00, 0x00, 0x00, 0x00, 0x00, 0x0D, 0x0E, 0x0E, 0x0F, 0x00, 0x10, 0x0E, 0x0E, 0x11, 0x00, 0x00, 0x00, 0x00, 0x00, 0x10, 0x0E, 0x0E, 0x73, 0x00, 0x00, 0x00, 0x00, 0x00, 0x81, 0x82, 0x0E, 0x0E, 0x0E, 0x0E, 0x83, 0x84, 0x00, 0x00, 0x00, 0x00, 0x1C, 0x0E, 0x0E, 0x1A, 0x85, 0x0E, 0x0E, 0x0E, 0x00, 0x00, 0x00, 0x00, 0x1C, 0x0E, 0x0E, 0x0E, 0x0E, 0x0E, 0x86, 0x87, 0x00, 0x00, 0x00, 0x88, 0x0E, 0x0E, 0x89, 0x00, 0x8A, 0x0E, 0x0E, 0x8B, 0x00, 0x00, 0x00, 0x1C, 0x0E, 0x0E, 0x1A, 0x00, 0x00, 0x00, _NEXT_,
		0x00, 0x00, 0x00, 0x00, 0x00, 0x00, 0x00, 0x00, 0x8C, 0x8D, 0x8D, 0x8E, 0x00, 0x8F, 0x8D, 0x8D, 0x90, 0x00, 0x00, 0x00, 0x00, 0x00, 0x8F, 0x8D, 0x8D, 0x91, 0x00, 0x00, 0x00, 0x00, 0x00, 0x00, 0x92, 0x93, 0x94, 0x94, 0x95, 0x96, 0x00, 0x00, 0x00, 0x00, 0x00, 0x97, 0x8D, 0x8D, 0x98, 0x00, 0x99, 0x8D, 0x8D, 0x00, 0x00, 0x00, 0x00, 0x97, 0x8D, 0x8D, 0x8D, 0x8D, 0x8D, 0x9A, 0x00, 0x00, 0x00, 0x00, 0x9B, 0x8D, 0x8D, 0x9C, 0x00, 0x9D, 0x8D, 0x8D, 0x9E, 0x00, 0x00, 0x00, 0x97, 0x8D, 0x8D, 0x98, 0x00, 0x00, 0x00, _END_,


};

#elif(_LOGO_TYPE == _LOGO_BIG_ELECTRIQ)
BYTE code tiOSD_1BIT_LOGO0[]=
{
0x00, 0x00, 0x00, 0x00, 0x00, 0x00, 0x00, 0x00, 0x00, 0x00, 0x00, 0x00, 0x01, 0x02, 0x02, 0x03, 0x00, 0x00, 0x00, 0x00, 0x00, 0x00, 0x00, 0x00, 0x00, 0x00, 0x00, 0x00, 0x00, 0x00, 0x00, 0x00, 0x00, 0x00, 0x00, 0x00,_NEXT_, 
0x00, 0x00, 0x00, 0x00, 0x00, 0x00, 0x00, 0x00, 0x00, 0x00, 0x00, 0x00, 0x04, 0x05, 0x05, 0x06, 0x00, 0x00, 0x00, 0x00, 0x00, 0x00, 0x00, 0x00, 0x00, 0x00, 0x00, 0x00, 0x00, 0x00, 0x00, 0x00, 0x00, 0x00, 0x00, 0x00,_NEXT_, 
0x00, 0x00, 0x00, 0x00, 0x00, 0x07, 0x08, 0x00, 0x00, 0x00, 0x00, 0x00, 0x04, 0x05, 0x05, 0x06, 0x00, 0x00, 0x00, 0x00, 0x00, 0x09, 0x07, 0x0A, 0x00, 0x00, 0x00, 0x00, 0x00, 0x00, 0x00, 0x00, 0x00, 0x0B, 0x07, 0x08,_NEXT_, 
0x00, 0x00, 0x0C, 0x0D, 0x0E, 0x05, 0x05, 0x0F, 0x10, 0x11, 0x00, 0x00, 0x04, 0x05, 0x05, 0x06, 0x00, 0x00, 0x00, 0x12, 0x13, 0x14, 0x05, 0x05, 0x15, 0x16, 0x17, 0x00, 0x00, 0x00, 0x18, 0x19, 0x1A, 0x1B, 0x05, 0x05,_NEXT_, 
0x00, 0x1C, 0x05, 0x1D, 0x1E, 0x1F, 0x20, 0x21, 0x05, 0x22, 0x23, 0x00, 0x04, 0x05, 0x05, 0x06, 0x00, 0x00, 0x24, 0x05, 0x25, 0x26, 0x1F, 0x27, 0x28, 0x05, 0x29, 0x2A, 0x00, 0x2B, 0x2C, 0x05, 0x2D, 0x2E, 0x2F, 0x30,_NEXT_, 
0x31, 0x32, 0x05, 0x33, 0x00, 0x00, 0x00, 0x00, 0x34, 0x05, 0x35, 0x00, 0x04, 0x05, 0x05, 0x06, 0x00, 0x36, 0x05, 0x37, 0x38, 0x00, 0x00, 0x00, 0x00, 0x39, 0x05, 0x3A, 0x00, 0x3B, 0x05, 0x3C, 0x3D, 0x00, 0x00, 0x00,_NEXT_, 
0x3E, 0x05, 0x3F, 0x40, 0x40, 0x40, 0x40, 0x40, 0x41, 0x05, 0x05, 0x42, 0x04, 0x05, 0x05, 0x06, 0x00, 0x43, 0x05, 0x44, 0x40, 0x40, 0x40, 0x40, 0x40, 0x45, 0x05, 0x05, 0x46, 0x47, 0x05, 0x48, 0x00, 0x00, 0x00, 0x00,_NEXT_, 
0x49, 0x05, 0x4A, 0x4B, 0x4C, 0x4C, 0x4C, 0x4C, 0x4C, 0x4C, 0x4C, 0x4D, 0x04, 0x05, 0x05, 0x06, 0x00, 0x4E, 0x05, 0x4F, 0x50, 0x4C, 0x4C, 0x4C, 0x4C, 0x4C, 0x4C, 0x4C, 0x00, 0x51, 0x05, 0x52, 0x00, 0x00, 0x00, 0x00,_NEXT_, 
0x53, 0x54, 0x05, 0x55, 0x00, 0x00, 0x00, 0x18, 0x56, 0x40, 0x57, 0x00, 0x04, 0x05, 0x05, 0x06, 0x00, 0x58, 0x59, 0x05, 0x5A, 0x00, 0x00, 0x00, 0x5B, 0x5C, 0x40, 0x5D, 0x00, 0x5E, 0x5F, 0x05, 0x60, 0x00, 0x00, 0x00,_NEXT_, 
0x00, 0x61, 0x62, 0x05, 0x63, 0x64, 0x65, 0x66, 0x05, 0x67, 0x68, 0x00, 0x04, 0x05, 0x05, 0x06, 0x00, 0x00, 0x69, 0x6A, 0x05, 0x6B, 0x64, 0x65, 0x6C, 0x05, 0x6D, 0x6E, 0x00, 0x00, 0x6F, 0x70, 0x05, 0x71, 0x72, 0x73,_NEXT_, 
0x00, 0x00, 0x74, 0x75, 0x76, 0x77, 0x78, 0x79, 0x7A, 0x7B, 0x00, 0x00, 0x7C, 0x7D, 0x7D, 0x7E, 0x00, 0x00, 0x00, 0x7F, 0x80, 0x81, 0x82, 0x83, 0x79, 0x84, 0x7B, 0x00, 0x00, 0x00, 0x00, 0x85, 0x86, 0x87, 0x88, 0x89,_END_, 
};

BYTE code tiOSD_1BIT_LOGO1[]=
{
0x00, 0x00, 0x00, 0x00, 0x00, 0x00, 0x01, 0x02, 0x03, 0x00, 0x00, 0x00, 0x00, 0x00, 0x00, 0x00, 0x00, 0x00, 0x00, 0x00, 0x04, 0x05, 0x06, 0x00, 0x00, 0x00, 0x00, 0x00, 0x00, 0x00, 0x00, 0x00, 0x00, 0x00, 0x00, 0x00, 0x00, 0x00, 0x00,_NEXT_, 
0x00, 0x00, 0x00, 0x00, 0x00, 0x00, 0x07, 0x08, 0x09, 0x00, 0x00, 0x00, 0x00, 0x00, 0x00, 0x00, 0x00, 0x00, 0x00, 0x00, 0x0A, 0x0B, 0x0C, 0x00, 0x00, 0x00, 0x00, 0x00, 0x00, 0x00, 0x0D, 0x0E, 0x0F, 0x00, 0x00, 0x00, 0x00, 0x00, 0x00,_NEXT_, 
0x00, 0x00, 0x00, 0x00, 0x00, 0x00, 0x07, 0x08, 0x09, 0x00, 0x00, 0x00, 0x00, 0x00, 0x00, 0x00, 0x00, 0x10, 0x02, 0x11, 0x00, 0x00, 0x00, 0x00, 0x00, 0x00, 0x12, 0x13, 0x14, 0x00, 0x15, 0x08, 0x16, 0x00, 0x17, 0x18, 0x19, 0x00, 0x00,_NEXT_, 
0x1A, 0x1B, 0x1C, 0x00, 0x1D, 0x1E, 0x1F, 0x08, 0x20, 0x1E, 0x1E, 0x00, 0x21, 0x1E, 0x1E, 0x22, 0x23, 0x24, 0x08, 0x25, 0x26, 0x1E, 0x27, 0x00, 0x00, 0x28, 0x29, 0x08, 0x2A, 0x00, 0x15, 0x08, 0x16, 0x00, 0x2B, 0x08, 0x2C, 0x2D, 0x00,_NEXT_, 
0x2E, 0x08, 0x2F, 0x30, 0x31, 0x32, 0x33, 0x08, 0x34, 0x32, 0x32, 0x00, 0x35, 0x08, 0x08, 0x36, 0x37, 0x38, 0x39, 0x3A, 0x3B, 0x08, 0x16, 0x00, 0x3C, 0x3D, 0x08, 0x3E, 0x3F, 0x00, 0x15, 0x08, 0x16, 0x00, 0x40, 0x41, 0x08, 0x42, 0x43,_NEXT_, 
0x00, 0x44, 0x45, 0x46, 0x00, 0x00, 0x07, 0x08, 0x09, 0x00, 0x00, 0x00, 0x35, 0x08, 0x08, 0x47, 0x48, 0x00, 0x00, 0x00, 0x3B, 0x08, 0x16, 0x00, 0x49, 0x08, 0x08, 0x4A, 0x00, 0x00, 0x4B, 0x4C, 0x4D, 0x00, 0x00, 0x4E, 0x08, 0x08, 0x4F,_NEXT_, 
0x00, 0x00, 0x00, 0x00, 0x00, 0x00, 0x07, 0x08, 0x09, 0x00, 0x00, 0x00, 0x35, 0x08, 0x08, 0x50, 0x00, 0x00, 0x00, 0x00, 0x3B, 0x08, 0x16, 0x00, 0x51, 0x08, 0x08, 0x52, 0x00, 0x00, 0x00, 0x00, 0x00, 0x00, 0x00, 0x53, 0x08, 0x08, 0x54,_NEXT_, 
0x00, 0x55, 0x56, 0x57, 0x00, 0x00, 0x07, 0x08, 0x09, 0x00, 0x00, 0x00, 0x35, 0x08, 0x08, 0x58, 0x00, 0x00, 0x00, 0x00, 0x3B, 0x08, 0x16, 0x00, 0x59, 0x5A, 0x08, 0x5B, 0x5C, 0x00, 0x00, 0x00, 0x00, 0x00, 0x5D, 0x5E, 0x08, 0x5F, 0x60,_NEXT_, 
0x61, 0x62, 0x08, 0x63, 0x00, 0x00, 0x07, 0x08, 0x64, 0x00, 0x00, 0x00, 0x35, 0x08, 0x08, 0x58, 0x00, 0x00, 0x00, 0x00, 0x3B, 0x08, 0x16, 0x00, 0x00, 0x65, 0x66, 0x08, 0x67, 0x68, 0x69, 0x6A, 0x6B, 0x6C, 0x6D, 0x08, 0x08, 0x6E, 0x6F,_NEXT_, 
0x70, 0x71, 0x72, 0x73, 0x00, 0x00, 0x74, 0x08, 0x08, 0x75, 0x76, 0x00, 0x35, 0x08, 0x08, 0x58, 0x00, 0x00, 0x00, 0x00, 0x3B, 0x08, 0x16, 0x00, 0x00, 0x00, 0x77, 0x78, 0x08, 0x08, 0x08, 0x08, 0x08, 0x08, 0x71, 0x79, 0x7A, 0x08, 0x7B,_NEXT_, 
0x7C, 0x7D, 0x00, 0x00, 0x00, 0x00, 0x00, 0x7E, 0x7F, 0x45, 0x80, 0x00, 0x81, 0x82, 0x82, 0x83, 0x00, 0x00, 0x00, 0x00, 0x84, 0x85, 0x86, 0x00, 0x00, 0x00, 0x00, 0x00, 0x87, 0x88, 0x89, 0x8A, 0x8B, 0x8C, 0x8D, 0x00, 0x8E, 0x8F, 0x90,_END_, 
};
#elif(_LOGO_TYPE == _LOGO_FMDISPLAY)
BYTE code tiOSD_1BIT_LOGO0[]=
{
	
	
	////////////////////////////////////////////Font Map index////////////////////////////////////////////
	0x00, 0x01, 0x02, 0x03, 0x00, 0x00, 0x00, 0x00, 0x00, 0x00, 0x00, 0x00, 0x00, 0x04, 0x05, 0x05, 0x05, 0x05, 0x05, 0x05, 0x05, 0x05, 0x05, 0x05, 0x05, 0x05, 0x05, 0x05, 0x05, 0x05, 0x05, 0x06, 0x07, 0x05, 0x05, 0x05, 0x05, 0x05, 0x05, 0x05, 0x05, 0x05, 0x05, 0x05, 0x05, 0x05, 0x05, 0x05, 0x05, 0x05, 0x05, 0x08, 0x09, 0x05, 0x05, 0x05, 0x05, 0x05, 0x05, 0x05, 0x05, 0x05, 0x05, 0x05, 0x05, 0x05, 0x05, 0x05, 
	0x0A, 0x0A, 0x0B, 0x0A, 0x0A, 0x0A, 0x0A, 0x0A, 0x0A, 0x0A, 0x0A, 0x0A, 0x0A, 0x0C, 0x05, 0x05, 0x05, 0x05, 0x05, 0x05, 0x05, 0x05, 0x05, 0x05, 0x05, 0x05, 0x05, 0x05, 0x05, 0x05, 0x05, 0x0D, 0x0A, 0x05, 0x0E, 0x0F, 0x10, 0x05, 0x05, 0x05, 0x05, 0x05, 0x05, 0x05, 0x05, 0x05, 0x05, 0x05, 0x05, 0x05, 0x05, 0x11, 0x12, 0x05, 0x05, 0x05, 0x05, 0x05, 0x05, 0x05, 0x05, 0x05, 0x05, 0x05, 0x05, 0x05, 0x05, 0x05, 
	0x05, 0x05, 0x13, 0x0A, 0x0A, 0x14, 0x05, 0x05, 0x05, 0x05, 0x05, 0x05, 0x05, 0x05, 0x05, 0x05, 0x05, 0x05, 0x05, 0x05, 0x05, 0x05, 0x05, 0x05, 0x05, 0x05, 0x05, 0x05, 0x15, 0x16, 0x17, 0x0D, 0x0A, 0x05, 0x18, 0x19, 0x05, 0x05, 0x1A, 0x16, 0x1B, 0x05, 0x05, 0x05, 0x05, 0x05, 0x16, 0x1C, 0x05, 0x05, 0x05, 0x11, 0x12, 0x05, 0x05, 0x05, 0x05, 0x05, 0x05, 0x05, 0x05, 0x05, 0x05, 0x05, 0x05, 0x05, 0x05, 0x05, 
	0x05, 0x05, 0x13, 0x0A, 0x0A, 0x14, 0x1D, 0x1E, 0x0A, 0x0A, 0x0A, 0x0A, 0x0A, 0x0C, 0x1D, 0x1E, 0x0A, 0x0A, 0x0A, 0x0A, 0x0A, 0x0A, 0x0A, 0x1F, 0x20, 0x05, 0x21, 0x22, 0x23, 0x24, 0x25, 0x26, 0x0A, 0x05, 0x27, 0x28, 0x29, 0x2A, 0x2B, 0x2C, 0x2D, 0x2E, 0x05, 0x2F, 0x30, 0x31, 0x32, 0x33, 0x34, 0x35, 0x05, 0x11, 0x12, 0x05, 0x36, 0x37, 0x38, 0x38, 0x39, 0x3A, 0x3B, 0x3C, 0x3D, 0x05, 0x05, 0x3E, 0x3F, 0x40, 
	0x05, 0x05, 0x13, 0x0A, 0x0A, 0x14, 0x0D, 0x0A, 0x41, 0x42, 0x42, 0x42, 0x42, 0x43, 0x0D, 0x0A, 0x41, 0x42, 0x44, 0x0A, 0x45, 0x46, 0x0A, 0x0A, 0x14, 0x47, 0x48, 0x49, 0x4A, 0x05, 0x4B, 0x4C, 0x0A, 0x05, 0x27, 0x28, 0x4D, 0x0A, 0x4E, 0x4F, 0x50, 0x51, 0x52, 0x53, 0x54, 0x55, 0x05, 0x56, 0x57, 0x58, 0x59, 0x11, 0x12, 0x05, 0x5A, 0x5B, 0x5C, 0x5D, 0x5E, 0x0A, 0x5F, 0x60, 0x61, 0x62, 0x63, 0x64, 0x65, 0x66, 
	0x05, 0x05, 0x13, 0x0A, 0x0A, 0x14, 0x0D, 0x0A, 0x67, 0x05, 0x05, 0x05, 0x05, 0x05, 0x0D, 0x0A, 0x67, 0x05, 0x53, 0x0A, 0x68, 0x13, 0x0A, 0x0A, 0x14, 0x69, 0x0A, 0x6A, 0x05, 0x05, 0x05, 0x6B, 0x0A, 0x05, 0x27, 0x28, 0x05, 0x6C, 0x6D, 0x6E, 0x6F, 0x70, 0x71, 0x53, 0x72, 0x05, 0x05, 0x05, 0x73, 0x0A, 0x74, 0x11, 0x12, 0x75, 0x76, 0x77, 0x78, 0x78, 0x79, 0x0A, 0x7A, 0x7B, 0x7C, 0x7D, 0x7E, 0x7F, 0x80, 0x05, 
	0x05, 0x05, 0x13, 0x0A, 0x0A, 0x14, 0x0D, 0x0A, 0x67, 0x05, 0x05, 0x05, 0x05, 0x05, 0x0D, 0x0A, 0x67, 0x05, 0x53, 0x0A, 0x68, 0x13, 0x0A, 0x0A, 0x14, 0x81, 0x82, 0x83, 0x84, 0x85, 0x86, 0x87, 0x0A, 0x05, 0x27, 0x28, 0x88, 0x89, 0x8A, 0x16, 0x8B, 0x0A, 0x8C, 0x53, 0x8D, 0x8E, 0x8F, 0x90, 0x91, 0x92, 0x93, 0x11, 0x12, 0x94, 0x0A, 0x95, 0x16, 0x16, 0x96, 0x0A, 0x7A, 0x05, 0x97, 0x0A, 0x98, 0x99, 0x05, 0x05, 
	0x05, 0x05, 0x9A, 0x78, 0x78, 0x9B, 0x9C, 0x78, 0x9D, 0x05, 0x05, 0x05, 0x05, 0x05, 0x9C, 0x78, 0x9D, 0x05, 0x9E, 0x78, 0x9F, 0x9A, 0x78, 0x78, 0x9B, 0x05, 0xA0, 0xA1, 0xA2, 0xA3, 0xA4, 0xA5, 0x78, 0x05, 0xA6, 0xA7, 0x05, 0xA8, 0xA9, 0xAA, 0xAB, 0xAC, 0x05, 0x53, 0xAD, 0xAE, 0xAF, 0xB0, 0xB1, 0xB2, 0x05, 0xB3, 0xB4, 0x05, 0xB5, 0xB6, 0xAA, 0xAA, 0xB7, 0xAA, 0xB8, 0x05, 0xB9, 0xBA, 0xBB, 0xBC, 0x05, 0x05, 
	0x05, 0x05, 0x05, 0x05, 0x05, 0x05, 0x05, 0x05, 0x05, 0x05, 0x05, 0x05, 0x05, 0x05, 0x05, 0x05, 0x05, 0x05, 0x05, 0x05, 0x05, 0x05, 0x05, 0x05, 0x05, 0x05, 0x05, 0x05, 0x05, 0x05, 0x05, 0x05, 0x05, 0x05, 0x05, 0x05, 0x05, 0x05, 0x05, 0x05, 0x05, 0x05, 0x05, 0x53, 0x0C, 0x05, 0x05, 0x05, 0x05, 0x05, 0x05, 0x05, 0x05, 0x05, 0x05, 0x05, 0x05, 0x05, 0x05, 0x05, 0x05, 0x05, 0xBD, 0xBE, 0xBF, 0x05, 0x05, 0x05, 
	0x05, 0x05, 0x05, 0x05, 0x05, 0x05, 0x05, 0x05, 0x05, 0x05, 0x05, 0x05, 0x05, 0x05, 0x05, 0x05, 0x05, 0x05, 0x05, 0x05, 0x05, 0x05, 0x05, 0x05, 0x05, 0x05, 0x05, 0x05, 0x05, 0x05, 0x05, 0x05, 0x05, 0x05, 0x05, 0x05, 0x05, 0x05, 0x05, 0x05, 0x05, 0x05, 0x05, 0xC0, 0xC1, 0x05, 0x05, 0x05, 0x05, 0x05, 0x05, 0x05, 0x05, 0x05, 0x05, 0x05, 0x05, 0x05, 0x05, 0x05, 0x05, 0x05, 0xC2, 0xC3, 0x05, 0x05, 0x05, 0x05, 
	_END_,
};



#elif(_LOGO_TYPE == _LOGO_JIAMEIWEI)


BYTE code tiOSD_1BIT_LOGO0[]={
0x00,0x00,0x00,0x00,0x00,0x00,0x00,0x00,0x00,0x00,0x00,0x00,0x00,0x00,0x00,0x00,0x00,0x00,0x00,0x00,0x00,0x01,0x02,0x02,0x03,0x00,0x00,0x00, _NEXT_,
0x00,0x00,0x00,0x00,0x04,0x05,0x06,0x07,0x00,0x00,0x00,0x08,0x06,0x09,0x00,0x00,0x00,0x00,0x00,0x00,0x0A,0x0B,0x0C,0x0C,0x0D,0x0E,0x0F,0x0F, _NEXT_,
0x00,0x00,0x00,0x00,0x10,0x0C,0x11,0x12,0x13,0x13,0x13,0x14,0x0C,0x15,0x13,0x13,0x13,0x16,0x00,0x00,0x17,0x18,0x18,0x18,0x18,0x18,0x19,0x0C, _NEXT_,
0x00,0x00,0x00,0x1A,0x1B,0x0C,0x1C,0x1D,0x1E,0x1E,0x1E,0x1F,0x0C,0x20,0x21,0x21,0x21,0x22,0x00,0x00,0x23,0x24,0x24,0x24,0x24,0x24,0x25,0x0C, _NEXT_,
0x00,0x00,0x00,0x26,0x27,0x0C,0x1C,0x28,0x29,0x29,0x29,0x2A,0x0C,0x2B,0x29,0x29,0x29,0x2C,0x00,0x00,0x2D,0x2E,0x2E,0x2E,0x2E,0x2E,0x2F,0x0C, _NEXT_,
0x00,0x00,0x00,0x00,0x30,0x0C,0x1C,0x31,0x32,0x32,0x32,0x33,0x34,0x35,0x32,0x32,0x32,0x36,0x00,0x00,0x37,0x38,0x38,0x38,0x38,0x38,0x39,0x0C, _NEXT_,
0x00,0x00,0x00,0x00,0x30,0x0C,0x1C,0x00,0x00,0x00,0x00,0x3A,0x0C,0x3B,0x00,0x00,0x00,0x00,0x00,0x00,0x3C,0x3D,0x3D,0x3D,0x3D,0x3D,0x3E,0x0C, _NEXT_,
0x00,0x00,0x00,0x00,0x30,0x0C,0x1C,0x3F,0x0C,0x0C,0x0C,0x0C,0x0C,0x0C,0x0C,0x0C,0x0C,0x1C,0x00,0x00,0x40,0x41,0x41,0x41,0x41,0x41,0x42,0x0C, _NEXT_,
0x00,0x00,0x00,0x00,0x30,0x0C,0x1C,0x43,0x44,0x44,0x44,0x45,0x0C,0x46,0x44,0x44,0x44,0x47,0x00,0x00,0x48,0x3D,0x3D,0x3D,0x49,0x4A,0x0C,0x4B, _NEXT_,
0x00,0x00,0x00,0x00,0x30,0x0C,0x1C,0x4C,0x0F,0x0F,0x0F,0x4D,0x0C,0x4E,0x0F,0x0F,0x0F,0x0F,0x0F,0x0F,0x0F,0x0F,0x0F,0x0F,0x4F,0x0C,0x50,0x51, _NEXT_,
0x00,0x00,0x00,0x00,0x52,0x53,0x54,0x52,0x53,0x53,0x53,0x53,0x53,0x53,0x53,0x53,0x53,0x53,0x53,0x53,0x53,0x53,0x53,0x53,0x55,0x56,0x57,0x00, _NEXT_,
0x00,0x00,0x00,0x00,0x00,0x00,0x00,0x00,0x00,0x00,0x00,0x00,0x00,0x00,0x00,0x00,0x00,0x00,0x00,0x00,0x00,0x00,0x00,0x00,0x00,0x00,0x00,0x00, _NEXT_,
0x00,0x00,0x00,0x00,0x00,0x58,0x59,0x00,0x5A,0x38,0x5B,0x00,0x01,0x5C,0x38,0x5D,0x00,0x00,0x5E,0x38,0x5F,0x00,0x60,0x38,0x38,0x61,0x62,0x38, _NEXT_,
0x00,0x00,0x00,0x00,0x00,0x63,0x64,0x00,0x65,0x0C,0x66,0x00,0x67,0x0C,0x68,0x69,0x6A,0x00,0x6B,0x6C,0x6D,0x6E,0x6F,0x70,0x0C,0x71,0x72,0x0C, _NEXT_,
0x00,0x00,0x62,0x38,0x73,0x74,0x64,0x00,0x65,0x0C,0x66,0x00,0x75,0x76,0x77,0x0C,0x78,0x00,0x6B,0x79,0x7A,0x7B,0x7C,0x7D,0x0C,0x71,0x72,0x0C, _NEXT_,
0x00,0x00,0x7E,0x7F,0x80,0x81,0x82,0x00,0x83,0x84,0x85,0x86,0x84,0x87,0x1E,0x88,0x89,0x8A,0x8B,0x8C,0x8D,0x8E,0x8F,0x83,0x84,0x90,0x91,0x92, _NEXT_,
0x00,0x00,0x00,0x00,0x00,0x00,0x00,0x00,0x00,0x00,0x00,0x00,0x00,0x00,0x00,0x00,0x00,0x00,0x00,0x00,0x00,0x00,0x00,0x00,0x00,0x00,0x00,0x00, _END_,};

BYTE code tiOSD_1BIT_LOGO1[]={
0x00,0x00,0x00,0x01,0x02,0x02,0x03,0x00,0x00,0x00,0x00,0x00,0x00,0x00,0x00,0x00,0x00,0x00,0x00,0x04,0x02,0x05,0x00,0x00,0x00,0x00,0x00,0x00, _NEXT_,
0x06,0x06,0x07,0x08,0x09,0x09,0x0A,0x0B,0x00,0x00,0x0C,0x0D,0x0D,0x0D,0x0D,0x0D,0x0D,0x0D,0x0D,0x0E,0x09,0x0F,0x10,0x11,0x12,0x00,0x00,0x00, _NEXT_,
0x09,0x13,0x14,0x14,0x14,0x14,0x14,0x15,0x00,0x00,0x16,0x09,0x17,0x18,0x18,0x18,0x18,0x18,0x18,0x19,0x09,0x1A,0x18,0x1B,0x1C,0x00,0x00,0x00, _NEXT_,
0x09,0x1D,0x1E,0x1E,0x1E,0x1E,0x1E,0x1F,0x00,0x00,0x16,0x09,0x20,0x21,0x22,0x22,0x22,0x22,0x22,0x23,0x09,0x24,0x25,0x22,0x26,0x00,0x00,0x00, _NEXT_,
0x09,0x27,0x28,0x28,0x28,0x28,0x28,0x29,0x00,0x00,0x16,0x09,0x20,0x2A,0x2B,0x2B,0x2B,0x2B,0x2B,0x2C,0x09,0x2D,0x2E,0x09,0x2F,0x00,0x00,0x00, _NEXT_,
0x09,0x30,0x11,0x11,0x11,0x11,0x11,0x31,0x00,0x00,0x16,0x09,0x32,0x33,0x34,0x35,0x36,0x37,0x38,0x39,0x09,0x3A,0x2E,0x09,0x2F,0x00,0x00,0x00, _NEXT_,
0x09,0x3B,0x3C,0x3C,0x3C,0x3C,0x3C,0x3D,0x00,0x00,0x16,0x09,0x3E,0x3F,0x09,0x40,0x41,0x09,0x42,0x43,0x09,0x44,0x2E,0x09,0x2F,0x00,0x00,0x00, _NEXT_,
0x09,0x45,0x37,0x37,0x37,0x37,0x37,0x46,0x00,0x00,0x16,0x09,0x20,0x47,0x48,0x49,0x4A,0x4B,0x4C,0x4D,0x09,0x4E,0x4F,0x09,0x2F,0x00,0x00,0x00, _NEXT_,
0x50,0x09,0x51,0x52,0x52,0x52,0x52,0x53,0x00,0x00,0x16,0x09,0x20,0x54,0x55,0x56,0x57,0x09,0x58,0x00,0x59,0x09,0x5A,0x5B,0x5C,0x00,0x00,0x00, _NEXT_,
0x5D,0x5E,0x09,0x5F,0x60,0x60,0x60,0x60,0x60,0x60,0x61,0x09,0x62,0x06,0x63,0x09,0x64,0x65,0x66,0x67,0x68,0x09,0x69,0x6A,0x6B,0x00,0x00,0x00, _NEXT_,
0x00,0x6C,0x6D,0x6E,0x6E,0x6E,0x6E,0x6E,0x6E,0x6E,0x6E,0x6F,0x70,0x71,0x71,0x72,0x73,0x74,0x71,0x75,0x76,0x77,0x71,0x71,0x78,0x00,0x00,0x00, _NEXT_,
0x00,0x00,0x00,0x00,0x00,0x00,0x00,0x00,0x00,0x00,0x00,0x00,0x00,0x00,0x00,0x00,0x00,0x00,0x00,0x00,0x00,0x00,0x00,0x00,0x00,0x00,0x00,0x00, _NEXT_,
0x11,0x11,0x11,0x00,0x79,0x11,0x7A,0x7B,0x7C,0x7D,0x7E,0x11,0x7F,0x80,0x11,0x81,0x82,0x11,0x11,0x11,0x11,0x83,0x79,0x11,0x84,0x00,0x00,0x00, _NEXT_,
0x85,0x86,0x86,0x00,0x87,0x09,0x88,0x00,0x89,0x8A,0x8B,0x8C,0x8D,0x8E,0x8F,0x90,0x91,0x09,0x92,0x86,0x86,0x00,0x87,0x09,0x93,0x00,0x00,0x00, _NEXT_,
0x94,0x95,0x95,0x00,0x87,0x09,0x88,0x00,0x96,0x97,0x98,0x99,0x9A,0x9B,0x9C,0x00,0x91,0x09,0x9D,0x9E,0x9E,0x9F,0x87,0x09,0x93,0x00,0x00,0x00, _NEXT_,
0x2B,0x2B,0x2B,0x00,0xA0,0x2B,0xA1,0x00,0xA2,0x2B,0xA3,0xA4,0xA5,0x2B,0xA6,0x00,0xA7,0x14,0x14,0x14,0x14,0xA8,0xA9,0x14,0xAA,0x00,0x00,0x00, _NEXT_,
0x00,0x00,0x00,0x00,0x00,0x00,0x00,0x00,0x00,0x00,0x00,0x00,0x00,0x00,0x00,0x00,0x00,0x00,0x00,0x00,0x00,0x00,0x00,0x00,0x00,0x00,0x00,0x00, _END_,};


#elif(_LOGO_TYPE == _LOGO_EFOUND)


BYTE code tiOSD_1BIT_LOGO0[]={
0x00, 0x00, 0x00, 0x00, 0x00, 0x00, 0x00, 0x00, 0x00, 0x00, 0x00, 0x00, 0x00, 0x00, 0x01, 0x02, 0x02, 0x02, 0x02, 0x02, 0x02, 0x02, 0x02, 0x02, 0x02, 0x03, 0x00, 0x00, 0x00, 0x00, 0x00, 0x00, 0x00, 0x00, 0x00, 0x00, 0x00, 0x00, 0x00, 0x00, 0x00, 0x00, 0x00,  _NEXT_, 
0x00, 0x00, 0x00, 0x00, 0x00, 0x00, 0x00, 0x00, 0x00, 0x00, 0x00, 0x00, 0x00, 0x00, 0x04, 0x05, 0x05, 0x05, 0x05, 0x05, 0x05, 0x05, 0x05, 0x05, 0x05, 0x06, 0x00, 0x00, 0x00, 0x00, 0x00, 0x00, 0x00, 0x00, 0x00, 0x00, 0x00, 0x00, 0x00, 0x00, 0x00, 0x00, 0x00,_NEXT_, 
0x00, 0x00, 0x00, 0x00, 0x00, 0x00, 0x00, 0x00, 0x00, 0x00, 0x00, 0x00, 0x00, 0x00, 0x04, 0x05, 0x05, 0x05, 0x07, 0x08, 0x08, 0x08, 0x08, 0x08, 0x08, 0x09, 0x00, 0x00, 0x00, 0x00, 0x00, 0x00, 0x00, 0x00, 0x00, 0x00, 0x00, 0x00, 0x00, 0x00, 0x00, 0x00, 0x00,_NEXT_, 
0x00, 0x00, 0x00, 0x00, 0x00, 0x00, 0x00, 0x00, 0x00, 0x00, 0x00, 0x00, 0x00, 0x00, 0x04, 0x05, 0x05, 0x05, 0x0A, 0x00, 0x00, 0x00, 0x00, 0x00, 0x00, 0x00, 0x00, 0x00, 0x00, 0x00, 0x00, 0x00, 0x00, 0x00, 0x00, 0x00, 0x00, 0x00, 0x00, 0x00, 0x00, 0x00, 0x00,  _NEXT_, 
0x00, 0x00, 0x00, 0x00, 0x00, 0x0B, 0x0C, 0x0D, 0x0E, 0x00, 0x00, 0x00, 0x00, 0x00, 0x04, 0x05, 0x05, 0x05, 0x0A, 0x00, 0x00, 0x00, 0x00, 0x00, 0x00, 0x00, 0x00, 0x00, 0x00, 0x00, 0x00, 0x00, 0x00, 0x0F, 0x10, 0x11, 0x12, 0x00, 0x00, 0x00, 0x00, 0x00, 0x00, _NEXT_, 
0x00, 0x00, 0x13, 0x14, 0x15, 0x05, 0x05, 0x05, 0x16, 0x17, 0x18, 0x19, 0x00, 0x00, 0x04, 0x05, 0x05, 0x05, 0x1A, 0x00, 0x00, 0x00, 0x00, 0x00, 0x00, 0x00, 0x00, 0x00, 0x00, 0x1B, 0x1C, 0x1D, 0x1E, 0x05, 0x05, 0x05, 0x1F, 0x20, 0x21, 0x22, 0x00, 0x00, 0x00, _NEXT_, 
0x00, 0x23, 0x24, 0x05, 0x25, 0x26, 0x27, 0x28, 0x29, 0x05, 0x05, 0x2A, 0x2B, 0x00, 0x04, 0x05, 0x05, 0x05, 0x05, 0x05, 0x05, 0x05, 0x05, 0x05, 0x05, 0x2C, 0x00, 0x00, 0x2D, 0x2E, 0x05, 0x05, 0x05, 0x2F, 0x30, 0x31, 0x05, 0x05, 0x05, 0x32, 0x33, 0x00, 0x00, _NEXT_, 
0x34, 0x35, 0x05, 0x36, 0x37, 0x00, 0x00, 0x00, 0x00, 0x38, 0x05, 0x05, 0x39, 0x00, 0x04, 0x05, 0x05, 0x05, 0x05, 0x05, 0x05, 0x05, 0x05, 0x05, 0x05, 0x2C, 0x00, 0x3A, 0x3B, 0x05, 0x05, 0x3C, 0x3D, 0x3E, 0x00, 0x00, 0x3F, 0x40, 0x05, 0x05, 0x05, 0x41, 0x00, _NEXT_,  
0x42, 0x05, 0x05, 0x43, 0x44, 0x44, 0x44, 0x44, 0x44, 0x45, 0x05, 0x05, 0x46, 0x00, 0x04, 0x05, 0x05, 0x05, 0x47, 0x48, 0x48, 0x48, 0x48, 0x48, 0x48, 0x49, 0x00, 0x4A, 0x05, 0x05, 0x4B, 0x4C, 0x00, 0x00, 0x00, 0x00, 0x00, 0x4D, 0x4E, 0x05, 0x05, 0x4F, 0x50, _NEXT_,  
0x51, 0x05, 0x05, 0x05, 0x05, 0x05, 0x05, 0x05, 0x05, 0x05, 0x05, 0x05, 0x52, 0x00, 0x04, 0x05, 0x05, 0x05, 0x0A, 0x00, 0x00, 0x00, 0x00, 0x00, 0x00, 0x00, 0x00, 0x53, 0x05, 0x05, 0x54, 0x00, 0x00, 0x00, 0x00, 0x00, 0x00, 0x00, 0x55, 0x05, 0x05, 0x05, 0x56,  _NEXT_, 
0x57, 0x05, 0x05, 0x58, 0x59, 0x59, 0x59, 0x59, 0x59, 0x59, 0x59, 0x59, 0x5A, 0x00, 0x04, 0x05, 0x05, 0x05, 0x0A, 0x00, 0x00, 0x00, 0x00, 0x00, 0x00, 0x00, 0x00, 0x5B, 0x05, 0x05, 0x5C, 0x00, 0x00, 0x00, 0x00, 0x00, 0x00, 0x00, 0x5D, 0x05, 0x05, 0x05, 0x5E,  _NEXT_, 
0x5F, 0x05, 0x05, 0x60, 0x00, 0x00, 0x00, 0x00, 0x00, 0x00, 0x00, 0x00, 0x00, 0x00, 0x04, 0x05, 0x05, 0x05, 0x0A, 0x00, 0x00, 0x00, 0x00, 0x00, 0x00, 0x00, 0x00, 0x61, 0x05, 0x05, 0x16, 0x62, 0x00, 0x00, 0x00, 0x00, 0x00, 0x63, 0x64, 0x05, 0x05, 0x65, 0x00, _NEXT_, 
0x66, 0x67, 0x05, 0x68, 0x69, 0x6A, 0x00, 0x00, 0x00, 0x6B, 0x6C, 0x6D, 0x00, 0x00, 0x04, 0x05, 0x05, 0x05, 0x0A, 0x00, 0x00, 0x00, 0x00, 0x00, 0x00, 0x00, 0x00, 0x6E, 0x6F, 0x05, 0x05, 0x70, 0x71, 0x72, 0x73, 0x74, 0x75, 0x76, 0x05, 0x05, 0x77, 0x78, 0x00,  _NEXT_, 
0x00, 0x79, 0x7A, 0x05, 0x05, 0x7B, 0x7C, 0x7D, 0x7E, 0x7F, 0x05, 0x52, 0x00, 0x00, 0x04, 0x05, 0x05, 0x05, 0x0A, 0x00, 0x00, 0x00, 0x00, 0x00, 0x00, 0x00, 0x00, 0x00, 0x80, 0x81, 0x05, 0x05, 0x05, 0x05, 0x05, 0x05, 0x05, 0x05, 0x05, 0x82, 0x83, 0x00, 0x00, _NEXT_, 
0x00, 0x00, 0x84, 0x85, 0x86, 0x87, 0x88, 0x88, 0x89, 0x8A, 0x8B, 0x8C, 0x00, 0x00, 0x8D, 0x8E, 0x8E, 0x8E, 0x8F, 0x00, 0x00, 0x00, 0x00, 0x00, 0x00, 0x00, 0x00, 0x00, 0x00, 0x00, 0x90, 0x91, 0x92, 0x93, 0x88, 0x94, 0x95, 0x96, 0x97, 0x98, 0x00, 0x00, 0x00, _END_,};

BYTE code tiOSD_1BIT_LOGO1[]={
////////////////////////////////////////////Font Map index////////////////////////////////////////////
0x00, 0x00, 0x00, 0x00, 0x00, 0x00, 0x00, 0x00, 0x00, 0x00, 0x00, 0x00, 0x00, 0x00, 0x00, 0x00, 0x00, 0x00, 0x00, 0x00, 0x00, 0x00, 0x00, 0x00, 0x00, 0x00, 0x00, 0x00, 0x00, 0x00, 0x00, 0x00, 0x00, 0x00, 0x00, 0x00, 0x00, 0x00, 0x00, 0x00, 0x01, 0x02, 0x02, 0x03, _NEXT_, 
0x00, 0x00, 0x00, 0x00, 0x00, 0x00, 0x00, 0x00, 0x00, 0x00, 0x00, 0x00, 0x00, 0x00, 0x00, 0x00, 0x00, 0x00, 0x00, 0x00, 0x00, 0x00, 0x00, 0x00, 0x00, 0x00, 0x00, 0x00, 0x00, 0x00, 0x00, 0x00, 0x00, 0x00, 0x00, 0x00, 0x00, 0x00, 0x00, 0x00, 0x04, 0x05, 0x05, 0x06, _NEXT_, 
0x00, 0x00, 0x00, 0x00, 0x00, 0x00, 0x00, 0x00, 0x00, 0x00, 0x00, 0x00, 0x00, 0x00, 0x00, 0x00, 0x00, 0x00, 0x00, 0x00, 0x00, 0x00, 0x00, 0x00, 0x00, 0x00, 0x00, 0x00, 0x00, 0x00, 0x00, 0x00, 0x00, 0x00, 0x00, 0x00, 0x00, 0x00, 0x00, 0x00, 0x04, 0x05, 0x05, 0x06, _NEXT_, 
0x00, 0x00, 0x00, 0x00, 0x00, 0x00, 0x00, 0x00, 0x00, 0x00, 0x00, 0x00, 0x00, 0x00, 0x00, 0x00, 0x00, 0x00, 0x00, 0x00, 0x00, 0x00, 0x00, 0x00, 0x00, 0x00, 0x00, 0x00, 0x00, 0x00, 0x00, 0x00, 0x00, 0x00, 0x00, 0x00, 0x00, 0x00, 0x00, 0x00, 0x04, 0x05, 0x05, 0x06, _NEXT_, 
0x00, 0x00, 0x00, 0x00, 0x00, 0x00, 0x00, 0x00, 0x00, 0x00, 0x00, 0x00, 0x00, 0x00, 0x00, 0x00, 0x00, 0x00, 0x00, 0x00, 0x00, 0x07, 0x08, 0x09, 0x00, 0x00, 0x00, 0x00, 0x00, 0x00, 0x00, 0x00, 0x00, 0x00, 0x0A, 0x0B, 0x0C, 0x0D, 0x00, 0x00, 0x04, 0x05, 0x05, 0x06, _NEXT_, 
0x0E, 0x0F, 0x0F, 0x10, 0x00, 0x00, 0x00, 0x00, 0x00, 0x11, 0x0F, 0x0F, 0x12, 0x00, 0x13, 0x0F, 0x0F, 0x0F, 0x14, 0x15, 0x16, 0x05, 0x05, 0x05, 0x17, 0x18, 0x19, 0x00, 0x00, 0x00, 0x00, 0x1A, 0x1B, 0x1C, 0x1D, 0x05, 0x05, 0x1E, 0x1F, 0x20, 0x21, 0x05, 0x05, 0x06, _NEXT_, 
0x22, 0x05, 0x05, 0x23, 0x00, 0x00, 0x00, 0x00, 0x00, 0x24, 0x05, 0x05, 0x25, 0x00, 0x26, 0x05, 0x05, 0x05, 0x05, 0x27, 0x28, 0x29, 0x2A, 0x05, 0x05, 0x05, 0x2B, 0x2C, 0x00, 0x00, 0x2D, 0x2E, 0x05, 0x05, 0x05, 0x2F, 0x30, 0x31, 0x05, 0x05, 0x05, 0x05, 0x05, 0x06, _NEXT_, 
0x22, 0x05, 0x05, 0x23, 0x00, 0x00, 0x00, 0x00, 0x00, 0x24, 0x05, 0x05, 0x25, 0x00, 0x26, 0x05, 0x05, 0x05, 0x32, 0x33, 0x00, 0x00, 0x34, 0x35, 0x05, 0x05, 0x05, 0x36, 0x00, 0x37, 0x38, 0x05, 0x05, 0x39, 0x3A, 0x3B, 0x00, 0x00, 0x3C, 0x3D, 0x05, 0x05, 0x05, 0x06, _NEXT_, 
0x22, 0x05, 0x05, 0x23, 0x00, 0x00, 0x00, 0x00, 0x00, 0x24, 0x05, 0x05, 0x25, 0x00, 0x26, 0x05, 0x05, 0x05, 0x3E, 0x00, 0x00, 0x00, 0x00, 0x3F, 0x05, 0x05, 0x05, 0x40, 0x00, 0x41, 0x05, 0x05, 0x05, 0x42, 0x00, 0x00, 0x00, 0x00, 0x00, 0x00, 0x43, 0x05, 0x05, 0x06, _NEXT_, 
0x22, 0x05, 0x05, 0x23, 0x00, 0x00, 0x00, 0x00, 0x00, 0x24, 0x05, 0x05, 0x25, 0x00, 0x26, 0x05, 0x05, 0x05, 0x44, 0x00, 0x00, 0x00, 0x00, 0x00, 0x05, 0x05, 0x05, 0x45, 0x00, 0x46, 0x05, 0x05, 0x47, 0x48, 0x00, 0x00, 0x00, 0x00, 0x00, 0x00, 0x49, 0x05, 0x05, 0x06, _NEXT_, 
0x22, 0x05, 0x05, 0x23, 0x00, 0x00, 0x00, 0x00, 0x00, 0x4A, 0x05, 0x05, 0x25, 0x00, 0x26, 0x05, 0x05, 0x05, 0x4B, 0x00, 0x00, 0x00, 0x00, 0x00, 0x05, 0x05, 0x05, 0x45, 0x00, 0x4C, 0x05, 0x05, 0x4D, 0x4E, 0x00, 0x00, 0x00, 0x00, 0x00, 0x00, 0x4F, 0x05, 0x05, 0x06, _NEXT_, 
0x50, 0x05, 0x05, 0x51, 0x00, 0x00, 0x00, 0x00, 0x52, 0x53, 0x05, 0x05, 0x54, 0x00, 0x26, 0x05, 0x05, 0x05, 0x4B, 0x00, 0x00, 0x00, 0x00, 0x00, 0x05, 0x05, 0x05, 0x45, 0x00, 0x55, 0x05, 0x05, 0x05, 0x56, 0x00, 0x00, 0x00, 0x00, 0x00, 0x52, 0x57, 0x05, 0x05, 0x06, _NEXT_, 
0x58, 0x05, 0x05, 0x05, 0x59, 0x5A, 0x00, 0x5B, 0x5C, 0x05, 0x05, 0x05, 0x5D, 0x00, 0x26, 0x05, 0x05, 0x05, 0x4B, 0x00, 0x00, 0x00, 0x00, 0x00, 0x05, 0x05, 0x05, 0x45, 0x00, 0x00, 0x5E, 0x05, 0x05, 0x05, 0x5F, 0x60, 0x61, 0x62, 0x63, 0x64, 0x05, 0x05, 0x05, 0x06, _NEXT_, 
0x65, 0x66, 0x05, 0x05, 0x05, 0x67, 0x02, 0x1D, 0x05, 0x05, 0x05, 0x68, 0x69, 0x00, 0x26, 0x05, 0x05, 0x05, 0x4B, 0x00, 0x00, 0x00, 0x00, 0x00, 0x05, 0x05, 0x05, 0x45, 0x00, 0x00, 0x6A, 0x6B, 0x05, 0x05, 0x05, 0x05, 0x05, 0x05, 0x05, 0x05, 0x6C, 0x05, 0x05, 0x06, _NEXT_, 
0x00, 0x34, 0x6D, 0x6E, 0x6F, 0x70, 0x71, 0x72, 0x73, 0x74, 0x75, 0x00, 0x00, 0x00, 0x76, 0x77, 0x77, 0x77, 0x78, 0x00, 0x00, 0x00, 0x00, 0x00, 0x77, 0x77, 0x77, 0x79, 0x00, 0x00, 0x00, 0x00, 0x7A, 0x7B, 0x7C, 0x71, 0x71, 0x7D, 0x7E, 0x7F, 0x80, 0x77, 0x77, 0x81,  _END_,};


#elif(_LOGO_TYPE == _LOGO_RENZHEN)


BYTE code tiOSD_1BIT_LOGO0[]={

 0x00, 0x00, 0x01, 0x02, 0x03, 0x00, 0x00, 0x00, 0x00, 0x00, 0x00, 0x00, 0x00, 0x00, 0x00, 0x04, 0x05, 0x06, 0x00, 0x00, 0x00, 0x00, 0x00, 0x00, 0x00, 0x00, 0x00, 0x00, 0x07, 0x08, 0x08, 0x08, _NEXT_,
 0x00, 0x00, 0x09, 0x0A, 0x0B, 0x0C, 0x00, 0x00, 0x00, 0x00, 0x00, 0x00, 0x00, 0x00, 0x00, 0x0D, 0x0A, 0x0E, 0x00, 0x00, 0x00, 0x00, 0x00, 0x00, 0x00, 0x00, 0x00, 0x00, 0x0F, 0x0A, 0x0A, 0x0A, _NEXT_,
 0x00, 0x00, 0x10, 0x11, 0x0A, 0x12, 0x13, 0x00, 0x00, 0x00, 0x00, 0x00, 0x00, 0x00, 0x00, 0x0D, 0x0A, 0x0E, 0x00, 0x00, 0x00, 0x00, 0x00, 0x00, 0x00, 0x00, 0x00, 0x00, 0x00, 0x14, 0x15, 0x15, _NEXT_,
 0x00, 0x00, 0x00, 0x16, 0x17, 0x18, 0x19, 0x1A, 0x00, 0x00, 0x00, 0x00, 0x00, 0x00, 0x00, 0x0D, 0x0A, 0x0E, 0x00, 0x00, 0x00, 0x00, 0x00, 0x00, 0x00, 0x00, 0x00, 0x00, 0x00, 0x0D, 0x0A, 0x0A, _NEXT_,
 0x00, 0x00, 0x00, 0x00, 0x00, 0x1B, 0x1C, 0x00, 0x00, 0x00, 0x00, 0x00, 0x00, 0x00, 0x00, 0x0D, 0x0A, 0x0E, 0x00, 0x00, 0x00, 0x00, 0x00, 0x00, 0x00, 0x00, 0x00, 0x00, 0x00, 0x0D, 0x0A, 0x1D, _NEXT_,
 0x1E, 0x1F, 0x1F, 0x1F, 0x1F, 0x20, 0x00, 0x00, 0x00, 0x00, 0x00, 0x00, 0x00, 0x00, 0x00, 0x0D, 0x0A, 0x0E, 0x00, 0x00, 0x00, 0x00, 0x00, 0x00, 0x00, 0x00, 0x00, 0x00, 0x00, 0x0D, 0x0A, 0x0A, _NEXT_,
 0x21, 0x22, 0x23, 0x0A, 0x0A, 0x24, 0x00, 0x00, 0x00, 0x00, 0x00, 0x00, 0x00, 0x00, 0x00, 0x0D, 0x0A, 0x0E, 0x00, 0x00, 0x00, 0x00, 0x00, 0x00, 0x00, 0x00, 0x00, 0x00, 0x00, 0x0D, 0x0A, 0x25, _NEXT_,
 0x00, 0x00, 0x26, 0x0A, 0x0A, 0x24, 0x00, 0x00, 0x00, 0x00, 0x00, 0x00, 0x00, 0x00, 0x27, 0x28, 0x0A, 0x29, 0x2A, 0x00, 0x00, 0x00, 0x00, 0x00, 0x00, 0x00, 0x00, 0x00, 0x00, 0x0D, 0x0A, 0x2B, _NEXT_,
 0x00, 0x00, 0x26, 0x0A, 0x0A, 0x24, 0x00, 0x00, 0x00, 0x00, 0x00, 0x00, 0x00, 0x2C, 0x2D, 0x0A, 0x2E, 0x0A, 0x2F, 0x30, 0x00, 0x00, 0x00, 0x00, 0x00, 0x00, 0x00, 0x00, 0x00, 0x0D, 0x0A, 0x31, _NEXT_,
 0x00, 0x00, 0x26, 0x0A, 0x0A, 0x24, 0x00, 0x00, 0x00, 0x00, 0x00, 0x00, 0x32, 0x33, 0x0A, 0x34, 0x35, 0x36, 0x0A, 0x37, 0x38, 0x00, 0x00, 0x00, 0x00, 0x00, 0x00, 0x00, 0x00, 0x0D, 0x0A, 0x2B, _NEXT_,
 0x00, 0x00, 0x26, 0x0A, 0x0A, 0x39, 0x3A, 0x00, 0x00, 0x00, 0x00, 0x3B, 0x3C, 0x0A, 0x3D, 0x3E, 0x00, 0x3F, 0x40, 0x0A, 0x41, 0x42, 0x00, 0x00, 0x00, 0x00, 0x00, 0x00, 0x00, 0x0D, 0x0A, 0x31, _NEXT_,
 0x00, 0x00, 0x26, 0x0A, 0x0A, 0x43, 0x44, 0x45, 0x00, 0x00, 0x46, 0x47, 0x0A, 0x48, 0x49, 0x00, 0x00, 0x00, 0x00, 0x4A, 0x4B, 0x2B, 0x4C, 0x00, 0x00, 0x00, 0x00, 0x00, 0x4D, 0x4E, 0x0A, 0x4F, _NEXT_,
 0x00, 0x00, 0x50, 0x0A, 0x0A, 0x51, 0x52, 0x53, 0x00, 0x54, 0x55, 0x0A, 0x56, 0x57, 0x00, 0x00, 0x00, 0x00, 0x00, 0x00, 0x58, 0x59, 0x0A, 0x5A, 0x5B, 0x00, 0x00, 0x00, 0x5C, 0x5D, 0x5D, 0x5D, _NEXT_,
 0x00, 0x5E, 0x0A, 0x5F, 0x60, 0x61, 0x00, 0x00, 0x00, 0x62, 0x0A, 0x63, 0x1A, 0x00, 0x00, 0x00, 0x00, 0x00, 0x00, 0x00, 0x00, 0x64, 0x65, 0x66, 0x67, 0x00, 0x00, 0x00, 0x00, 0x00, 0x68, 0x69, _NEXT_,
 0x00, 0x6A, 0x6B, 0x6C, 0x00, 0x00, 0x00, 0x00, 0x00, 0x6D, 0x6E, 0x00, 0x00, 0x00, 0x00, 0x00, 0x00, 0x00, 0x00, 0x00, 0x00, 0x00, 0x6F, 0x70, 0x00, 0x00, 0x00, 0x00, 0x71, 0x72, 0x73, 0x74, _NEXT_,
 0x00, 0x00, 0x00, 0x00, 0x00, 0x00, 0x00, 0x00, 0x00, 0x00, 0x00, 0x00, 0x00, 0x00, 0x00, 0x00, 0x00, 0x00, 0x00, 0x00, 0x00, 0x00, 0x00, 0x00, 0x00, 0x00, 0x00, 0x00, 0x00, 0x00, 0x00, 0x00, _NEXT_,
 0x75, 0x76, 0x77, 0x77, 0x77, 0x77, 0x77, 0x77, 0x78, 0x00, 0x00, 0x00, 0x00, 0x00, 0x00, 0x00, 0x00, 0x00, 0x00, 0x00, 0x00, 0x79, 0x7A, 0x7B, 0x7C, 0x7D, 0x7E, 0x7F, 0x80, 0x7E, 0x81, 0x00, _NEXT_,
 0x26, 0x82, 0x83, 0x83, 0x83, 0x83, 0x83, 0x83, 0x0A, 0x00, 0x00, 0x00, 0x00, 0x00, 0x00, 0x00, 0x00, 0x00, 0x00, 0x00, 0x00, 0x84, 0x85, 0x86, 0x87, 0x0F, 0x88, 0x89, 0x8A, 0x8B, 0x8C, 0x00, _NEXT_,
 0x8D, 0x8E, 0x8F, 0x8F, 0x8F, 0x8F, 0x8F, 0x8F, 0x90, 0x00, 0x91, 0x83, 0x83, 0x83, 0x83, 0x83, 0x83, 0x83, 0x83, 0x83, 0x00, 0x92, 0x93, 0x94, 0x95, 0x0F, 0x96, 0x97, 0x8C, 0x97, 0x8C, 0x00, _NEXT_,
 0x98, 0x8F, 0x8F, 0x8F, 0x99, 0x9A, 0x8F, 0x8F, 0x8F, 0x9B, 0x00, 0x00, 0x00, 0x00, 0x00, 0x00, 0x00, 0x00, 0x00, 0x00, 0x00, 0x9C, 0x9D, 0x9E, 0x9F, 0x0F, 0x96, 0x97, 0x8C, 0x97, 0x8C, 0x00, _NEXT_,
 0xA0, 0xA1, 0xA2, 0x00, 0x97, 0xA3, 0x8F, 0x8F, 0xA4, 0x00, 0x00, 0x00, 0x00, 0x00, 0x00, 0x00, 0x00, 0x00, 0x00, 0x00, 0x00, 0xA5, 0xA6, 0x9E, 0xA7, 0x0F, 0xA8, 0xA9, 0xAA, 0xAB, 0x8C, 0x00, _NEXT_,
 0xAC, 0xAD, 0xAE, 0xAF, 0xB0, 0xB1, 0x77, 0x77, 0x77, 0xB2, 0x00, 0x00, 0x00, 0x00, 0x00, 0x00, 0x00, 0x00, 0x00, 0x00, 0x00, 0xB3, 0xB4, 0xB5, 0xB6, 0xB7, 0xB8, 0xB9, 0xBA, 0xB8, 0xBB, 0x00,/* _NEXT_,
 0x00, 0x00, 0x00, 0x00, 0x00, 0x00, 0x00, 0x00, 0x00, 0x00, 0x00, 0x00, 0x00, 0x00, 0x00, 0x00, 0x00, 0x00, 0x00, 0x00, 0x00, 0x00, 0x00, 0x00, 0x00, 0x00, 0x00, 0x00, 0x00, 0x00, 0x00, 0x00, _NEXT_,
 0x00, 0x00, 0x00, 0x00, 0x00, 0x00, 0x00, 0x00, 0x00, 0x00, 0x00, 0x00, 0x00, 0x00, 0x00, 0x00, 0x00, 0x00, 0x00, 0x00, 0x00, 0x00, 0x00, 0x00, 0x00, 0x00, 0x00, 0x00, 0x00, 0x00, 0x00, 0x00, _NEXT_,
 0x00, 0x00, 0x00, 0x00, 0x00, 0x00, 0x00, 0x00, 0x00, 0x00, 0x00, 0x00, 0x00, 0x00, 0x00, 0x00, 0x00, 0x00, 0x00, 0x00, 0x00, 0x00, 0x00, 0x00, 0x00, 0x00, 0x00, 0x00, 0x00, 0x00, 0x00, 0x00, _NEXT_,
 0x00, 0x00, 0x00, 0x00, 0x00, 0x00, 0x00, 0x00, 0x00, 0x00, 0x00, 0x00, 0x00, 0x00, 0x00, 0x00, 0x00, 0x00, 0x00, 0x00, 0x00, 0x00, 0x00, 0x00, 0x00, 0x00, 0x00, 0x00, 0x00, 0x00, 0x00, 0x00, _NEXT_,
 0x00, 0x00, 0x00, 0x00, 0x00, 0x00, 0x00, 0x00, 0x00, 0x00, 0x00, 0x00, 0x00, 0x00, 0x00, 0x00, 0x00, 0x00, 0x00, 0x00, 0x00, 0x00, 0x00, 0x00, 0x00, 0x00, 0x00, 0x00, 0x00, 0x00, 0x00, 0x00, _NEXT_,
 0x00, 0x00, 0x00, 0x00, 0x00, 0x00, 0x00, 0x00, 0x00, 0x00, 0x00, 0x00, 0x00, 0x00, 0x00, 0x00, 0x00, 0x00, 0x00, 0x00, 0x00, 0x00, 0x00, 0x00, 0x00, 0x00, 0x00, 0x00, 0x00, 0x00, 0x00, 0x00, _NEXT_,
 0x00, 0x00, 0x00, 0x00, 0x00, 0x00, 0x00, 0x00, 0x00, 0x00, 0x00, 0x00, 0x00, 0x00, 0x00, 0x00, 0x00, 0x00, 0x00, 0x00, 0x00, 0x00, 0x00, 0x00, 0x00, 0x00, 0x00, 0x00, 0x00, 0x00, 0x00, 0x00, _NEXT_,
 0x00, 0x00, 0x00, 0x00, 0x00, 0x00, 0x00, 0x00, 0x00, 0x00, 0x00, 0x00, 0x00, 0x00, 0x00, 0x00, 0x00, 0x00, 0x00, 0x00, 0x00, 0x00, 0x00, 0x00, 0x00, 0x00, 0x00, 0x00, 0x00, 0x00, 0x00, 0x00, _NEXT_,
 0x00, 0x00, 0x00, 0x00, 0x00, 0x00, 0x00, 0x00, 0x00, 0x00, 0x00, 0x00, 0x00, 0x00, 0x00, 0x00, 0x00, 0x00, 0x00, 0x00, 0x00, 0x00, 0x00, 0x00, 0x00, 0x00, 0x00, 0x00, 0x00, 0x00, 0x00, 0x00,*/ _END_,};

BYTE code tiOSD_1BIT_LOGO1[]={
////////////////////////////////////////////Font Map index////////////////////////////////////////////

  0x00, 0x00, 0x00, 0x00, 0x00, 0x00, 0x01, 0x02, 0x02, 0x03, 0x00, 0x00, 0x00, 0x00, 0x00, 0x00, 0x00, 0x00, 0x00, 0x04, 0x05, 0x05, 0x05, 0x05, 0x05, 0x05, 0x05, 0x05, 0x05, 0x05, 0x05, 0x05, _NEXT_,
  0x06, 0x06, 0x06, 0x06, 0x06, 0x06, 0x06, 0x06, 0x06, 0x06, 0x06, 0x06, 0x06, 0x06, 0x06, 0x06, 0x06, 0x06, 0x06, 0x07, 0x05, 0x05, 0x05, 0x05, 0x05, 0x05, 0x05, 0x05, 0x05, 0x05, 0x05, 0x05, _NEXT_,
  0x08, 0x08, 0x08, 0x08, 0x08, 0x08, 0x09, 0x06, 0x06, 0x0A, 0x08, 0x08, 0x08, 0x08, 0x08, 0x08, 0x08, 0x08, 0x0B, 0x05, 0x05, 0x05, 0x05, 0x05, 0x05, 0x05, 0x05, 0x05, 0x05, 0x05, 0x05, 0x05, _NEXT_,
  0x06, 0x06, 0x06, 0x06, 0x06, 0x06, 0x06, 0x06, 0x06, 0x06, 0x06, 0x06, 0x06, 0x06, 0x06, 0x06, 0x06, 0x06, 0x0C, 0x05, 0x05, 0x05, 0x05, 0x05, 0x05, 0x05, 0x05, 0x05, 0x05, 0x05, 0x05, 0x05, _NEXT_,
  0x0D, 0x0D, 0x0D, 0x0D, 0x0D, 0x0D, 0x0D, 0x0D, 0x0D, 0x0D, 0x0D, 0x0D, 0x0D, 0x0D, 0x0D, 0x0E, 0x06, 0x06, 0x0C, 0x05, 0x05, 0x05, 0x05, 0x05, 0x05, 0x05, 0x05, 0x05, 0x05, 0x05, 0x05, 0x05, _NEXT_,
  0x06, 0x06, 0x06, 0x06, 0x06, 0x06, 0x06, 0x06, 0x06, 0x06, 0x06, 0x06, 0x06, 0x06, 0x06, 0x06, 0x06, 0x06, 0x0C, 0x05, 0x05, 0x05, 0x05, 0x05, 0x05, 0x05, 0x05, 0x05, 0x05, 0x05, 0x05, 0x05, _NEXT_,
  0x0F, 0x0F, 0x0F, 0x0F, 0x0F, 0x0F, 0x0F, 0x0F, 0x0F, 0x0F, 0x0F, 0x0F, 0x0F, 0x0F, 0x0F, 0x10, 0x06, 0x06, 0x0C, 0x05, 0x05, 0x05, 0x05, 0x05, 0x05, 0x05, 0x05, 0x05, 0x05, 0x05, 0x05, 0x05, _NEXT_,
  0x11, 0x11, 0x11, 0x11, 0x11, 0x11, 0x11, 0x11, 0x11, 0x11, 0x11, 0x11, 0x11, 0x11, 0x11, 0x12, 0x06, 0x06, 0x0C, 0x05, 0x05, 0x05, 0x05, 0x05, 0x05, 0x05, 0x05, 0x05, 0x05, 0x05, 0x05, 0x05, _NEXT_,
  0x13, 0x13, 0x13, 0x13, 0x13, 0x13, 0x13, 0x13, 0x13, 0x13, 0x13, 0x13, 0x13, 0x13, 0x13, 0x14, 0x06, 0x06, 0x0C, 0x05, 0x05, 0x05, 0x05, 0x05, 0x05, 0x05, 0x05, 0x05, 0x05, 0x05, 0x05, 0x05, _NEXT_,
  0x11, 0x11, 0x11, 0x11, 0x11, 0x11, 0x11, 0x11, 0x11, 0x11, 0x11, 0x11, 0x11, 0x11, 0x11, 0x12, 0x06, 0x06, 0x0C, 0x05, 0x05, 0x05, 0x05, 0x05, 0x05, 0x05, 0x05, 0x05, 0x05, 0x05, 0x05, 0x05, _NEXT_,
  0x13, 0x13, 0x13, 0x13, 0x13, 0x13, 0x13, 0x13, 0x13, 0x13, 0x13, 0x13, 0x13, 0x13, 0x13, 0x14, 0x06, 0x06, 0x0C, 0x05, 0x05, 0x05, 0x05, 0x05, 0x05, 0x05, 0x05, 0x05, 0x05, 0x05, 0x05, 0x05, _NEXT_,
  0x15, 0x15, 0x15, 0x15, 0x15, 0x15, 0x15, 0x15, 0x15, 0x15, 0x15, 0x15, 0x15, 0x15, 0x15, 0x16, 0x06, 0x06, 0x17, 0x18, 0x05, 0x05, 0x05, 0x05, 0x05, 0x05, 0x05, 0x05, 0x05, 0x05, 0x05, 0x05, _NEXT_,
  0x19, 0x19, 0x19, 0x19, 0x19, 0x19, 0x19, 0x19, 0x19, 0x19, 0x19, 0x19, 0x19, 0x19, 0x19, 0x19, 0x19, 0x19, 0x19, 0x1A, 0x05, 0x05, 0x05, 0x05, 0x05, 0x05, 0x05, 0x05, 0x05, 0x05, 0x05, 0x05, _NEXT_,
  0x1B, 0x1C, 0x1D, 0x1E, 0x1F, 0x20, 0x05, 0x05, 0x05, 0x21, 0x22, 0x23, 0x24, 0x25, 0x26, 0x27, 0x28, 0x29, 0x05, 0x05, 0x05, 0x05, 0x05, 0x05, 0x05, 0x05, 0x05, 0x05, 0x05, 0x05, 0x05, 0x05, _NEXT_,
  0x2A, 0x2B, 0x2C, 0x2D, 0x2E, 0x05, 0x05, 0x05, 0x05, 0x05, 0x05, 0x2F, 0x30, 0x31, 0x32, 0x33, 0x34, 0x35, 0x36, 0x37, 0x05, 0x05, 0x05, 0x05, 0x05, 0x05, 0x05, 0x05, 0x05, 0x05, 0x05, 0x05, _NEXT_,
  0x05, 0x05, 0x05, 0x05, 0x05, 0x05, 0x05, 0x05, 0x05, 0x05, 0x05, 0x05, 0x05, 0x05, 0x05, 0x05, 0x05, 0x05, 0x05, 0x05, 0x05, 0x05, 0x05, 0x05, 0x05, 0x05, 0x05, 0x05, 0x05, 0x05, 0x05, 0x05, _NEXT_,
  0x38, 0x38, 0x38, 0x39, 0x3A, 0x38, 0x38, 0x38, 0x3B, 0x05, 0x3C, 0x3D, 0x3E, 0x3E, 0x3E, 0x3F, 0x40, 0x3E, 0x3E, 0x41, 0x05, 0x05, 0x05, 0x05, 0x05, 0x05, 0x05, 0x05, 0x05, 0x05, 0x05, 0x05, _NEXT_,
  0x0F, 0x0F, 0x42, 0x43, 0x44, 0x45, 0x46, 0x0F, 0x47, 0x05, 0x48, 0x49, 0x4A, 0x4B, 0x4C, 0x4D, 0x4D, 0x4E, 0x4F, 0x50, 0x05, 0x05, 0x05, 0x05, 0x05, 0x05, 0x05, 0x05, 0x05, 0x05, 0x05, 0x05, _NEXT_,
  0x51, 0x52, 0x53, 0x54, 0x55, 0x56, 0x57, 0x58, 0x59, 0x05, 0x48, 0x49, 0x5A, 0x5B, 0x5C, 0x5D, 0x5D, 0x5E, 0x5F, 0x60, 0x05, 0x05, 0x05, 0x05, 0x05, 0x05, 0x05, 0x05, 0x05, 0x05, 0x05, 0x05, _NEXT_,
  0x61, 0x62, 0x63, 0x64, 0x65, 0x66, 0x67, 0x68, 0x69, 0x05, 0x48, 0x49, 0x6A, 0x6B, 0x6C, 0x6C, 0x6C, 0x6C, 0x6D, 0x6E, 0x05, 0x05, 0x05, 0x05, 0x05, 0x05, 0x05, 0x05, 0x05, 0x05, 0x05, 0x05, _NEXT_,
  0x6F, 0x70, 0x48, 0x71, 0x05, 0x72, 0x73, 0x74, 0x75, 0x05, 0x76, 0x77, 0x78, 0x79, 0x7A, 0x7B, 0x7C, 0x7D, 0x7E, 0x7F, 0x05, 0x05, 0x05, 0x05, 0x05, 0x05, 0x05, 0x05, 0x05, 0x05, 0x05, 0x05, _NEXT_,
  0x80, 0x81, 0x82, 0x83, 0x84, 0x84, 0x85, 0x86, 0x87, 0x05, 0x88, 0x89, 0x8A, 0x8B, 0x8C, 0x8D, 0x8E, 0x8F, 0x90, 0x91, 0x05, 0x05, 0x05, 0x05, 0x05, 0x05, 0x05, 0x05, 0x05, 0x05, 0x05, 0x05, _NEXT_,
  0x05, 0x05, 0x05, 0x05, 0x05, 0x05, 0x05, 0x05, 0x05, 0x05, 0x05, 0x05, 0x05, 0x05, 0x05, 0x05, 0x05, 0x05, 0x05, 0x05, 0x05, 0x05, 0x05, 0x05, 0x05, 0x05, 0x05, 0x05, 0x05, 0x05, 0x05, 0x05, _NEXT_,
  0x05, 0x05, 0x05, 0x05, 0x05, 0x05, 0x05, 0x05, 0x05, 0x05, 0x05, 0x05, 0x05, 0x05, 0x05, 0x05, 0x05, 0x05, 0x05, 0x05, 0x05, 0x05, 0x05, 0x05, 0x05, 0x05, 0x05, 0x05, 0x05, 0x05, 0x05, 0x05, _NEXT_,
  0x05, 0x05, 0x05, 0x05, 0x05, 0x05, 0x05, 0x05, 0x05, 0x05, 0x05, 0x05, 0x05, 0x05, 0x05, 0x05, 0x05, 0x05, 0x05, 0x05, 0x05, 0x05, 0x05, 0x05, 0x05, 0x05, 0x05, 0x05, 0x05, 0x05, 0x05, 0x05, _NEXT_,
  0x05, 0x05, 0x05, 0x05, 0x05, 0x05, 0x05, 0x05, 0x05, 0x05, 0x05, 0x05, 0x05, 0x05, 0x05, 0x05, 0x05, 0x05, 0x05, 0x05, 0x05, 0x05, 0x05, 0x05, 0x05, 0x05, 0x05, 0x05, 0x05, 0x05, 0x05, 0x05, _NEXT_,
  0x05, 0x05, 0x05, 0x05, 0x05, 0x05, 0x05, 0x05, 0x92, 0x93, 0x94, 0x95, 0x96, 0x97, 0x98, 0x99, 0x9A, 0x9B, 0x9C, 0x9D, 0x9E, 0x9F, 0xA0, 0xA1, 0xA2, 0xA3, 0xA4, 0xA5, 0xA6, 0xA7, 0xA8, 0xA9, _NEXT_,
  0x05, 0x05, 0x05, 0x05, 0x05, 0x05, 0x05, 0x05, 0x05, 0x05, 0x05, 0xAA, 0xAB, 0xAC, 0xAD, 0xAE, 0xAF, 0xB0, 0xB1, 0xB2, 0xB3, 0xB4, 0xB5, 0xB6, 0xB7, 0xB8, 0xB9, 0xBA, 0xBB, 0xBC, 0xBD, 0x05, _NEXT_,
  0x05, 0x05, 0x05, 0x05, 0x05, 0x05, 0x05, 0x05, 0x05, 0x05, 0x05, 0x05, 0xBE, 0xBF, 0xC0, 0xC1, 0xC2, 0xC3, 0xC4, 0xC5, 0xC6, 0xC7, 0xC8, 0xC9, 0xCA, 0xCB, 0xCC, 0xCD, 0x05, 0x05, 0x05, 0x05, _NEXT_,
  0x05, 0x05, 0x05, 0x05, 0x05, 0x05, 0x05, 0x05, 0x05, 0xCE, 0xCF, 0xD0, 0xD1, 0xD2, 0xD3, 0xD4, 0xD5, 0xD6, 0xD7, 0xD8, 0xD9, 0xDA, 0xDB, 0xDC, 0xDD, 0xDE, 0xDF, 0xE0, 0xE1, 0xE2, 0xE3, 0x05, _NEXT_,
  0x05, 0x05, 0x05, 0x05, 0x05, 0x05, 0x05, 0x05, 0x05, 0xE4, 0xE5, 0xE6, 0xE7, 0xE8, 0xE9, 0xEA, 0xEB, 0xEC, 0xED, 0xEE, 0xEF, 0xF0, 0x05, 0xF1, 0xF2, 0xF3, 0xF4, 0xF5, 0xF6, 0xF7, 0xF8, 0x05,   _END_,};



#elif(_LOGO_TYPE == _LOGO_MAG)
BYTE code tiOSD_1BIT_LOGO0[]=
{
	0x00, 0x01, 0x01, 0x01, 0x01, 0x01, 0x01, 0x01, 0x01, 0x01, 0x01, 0x01, 0x01, 0x01, 0x01, 0x02, 0x03, 0x04, 0x04, 0x04, 0x04, 0x04, 0x05, 0x01, 0x01, 0x01, 0x01, 0x01, 0x06, 0x04, 0x04, 0x04, 0x04, 0x04, 0x04, 0x04, 0x07, 0x08, 0x09, 0x01, 0x01, 0x01, 0x01, 0x01, 0x01, 0x01, 0x01, 0x01, 0x0A, 0x04, 0x04, 0x04, 0x04, 0x04, 0x04, 0x04, 0x04, 0x04,_NEXT_, 
	0x0B, 0x0C, 0x0C, 0x0C, 0x0C, 0x0C, 0x0C, 0x0C, 0x0C, 0x0C, 0x0C, 0x0C, 0x0C, 0x0C, 0x0C, 0x0C, 0x0D, 0x0E, 0x04, 0x04, 0x04, 0x0F, 0x10, 0x0C, 0x0C, 0x0C, 0x0C, 0x0C, 0x11, 0x12, 0x04, 0x04, 0x04, 0x04, 0x13, 0x14, 0x15, 0x0C, 0x0C, 0x0C, 0x0C, 0x0C, 0x0C, 0x0C, 0x0C, 0x0C, 0x0C, 0x0C, 0x16, 0x04, 0x04, 0x04, 0x04, 0x04, 0x04, 0x04, 0x04, 0x04,_NEXT_,	
	0x0B, 0x0C, 0x0C, 0x0C, 0x0C, 0x0C, 0x0C, 0x0C, 0x0C, 0x0C, 0x0C, 0x0C, 0x0C, 0x0C, 0x0C, 0x0C, 0x0C, 0x17, 0x04, 0x04, 0x04, 0x18, 0x0C, 0x0C, 0x0C, 0x0C, 0x0C, 0x0C, 0x0C, 0x19, 0x04, 0x04, 0x04, 0x1A, 0x1B, 0x0C, 0x0C, 0x0C, 0x0C, 0x0C, 0x0C, 0x0C, 0x0C, 0x0C, 0x0C, 0x0C, 0x0C, 0x0C, 0x16, 0x04, 0x04, 0x04, 0x04, 0x04, 0x04, 0x04, 0x04, 0x04,_NEXT_,	
	0x0B, 0x0C, 0x0C, 0x0C, 0x1C, 0x1D, 0x1D, 0x1E, 0x0C, 0x0C, 0x1F, 0x1D, 0x1D, 0x20, 0x0C, 0x0C, 0x0C, 0x16, 0x04, 0x04, 0x21, 0x22, 0x0C, 0x0C, 0x0C, 0x23, 0x0C, 0x0C, 0x0C, 0x0C, 0x24, 0x04, 0x25, 0x26, 0x0C, 0x0C, 0x27, 0x28, 0x29, 0x04, 0x04, 0x04, 0x04, 0x04, 0x04, 0x04, 0x04, 0x04, 0x04, 0x04, 0x04, 0x04, 0x04, 0x04, 0x04, 0x04, 0x04, 0x04,_NEXT_,	
	0x0B, 0x0C, 0x0C, 0x0C, 0x2A, 0x04, 0x04, 0x2B, 0x0C, 0x0C, 0x2C, 0x04, 0x04, 0x0B, 0x0C, 0x0C, 0x0C, 0x16, 0x04, 0x2D, 0x2E, 0x0C, 0x0C, 0x0C, 0x2F, 0x30, 0x31, 0x0C, 0x0C, 0x0C, 0x32, 0x33, 0x34, 0x0C, 0x0C, 0x0C, 0x35, 0x04, 0x04, 0x04, 0x04, 0x36, 0x37, 0x37, 0x37, 0x37, 0x37, 0x37, 0x38, 0x04, 0x04, 0x04, 0x04, 0x04, 0x04, 0x04, 0x04, 0x04,_NEXT_,	
	0x0B, 0x0C, 0x0C, 0x0C, 0x2A, 0x04, 0x04, 0x2B, 0x0C, 0x0C, 0x2C, 0x04, 0x04, 0x0B, 0x0C, 0x0C, 0x0C, 0x16, 0x04, 0x39, 0x0C, 0x0C, 0x0C, 0x3A, 0x3B, 0x04, 0x3C, 0x3D, 0x0C, 0x0C, 0x0C, 0x3E, 0x3F, 0x0C, 0x0C, 0x0C, 0x40, 0x04, 0x04, 0x04, 0x04, 0x41, 0x0C, 0x0C, 0x0C, 0x0C, 0x0C, 0x0C, 0x16, 0x04, 0x04, 0x04, 0x04, 0x04, 0x04, 0x04, 0x04, 0x04,_NEXT_,	
	0x0B, 0x0C, 0x0C, 0x0C, 0x2A, 0x04, 0x04, 0x2B, 0x0C, 0x0C, 0x2C, 0x04, 0x04, 0x0B, 0x0C, 0x0C, 0x0C, 0x16, 0x42, 0x0C, 0x0C, 0x0C, 0x0C, 0x43, 0x04, 0x04, 0x04, 0x44, 0x0C, 0x0C, 0x0C, 0x0C, 0x45, 0x0C, 0x0C, 0x0C, 0x46, 0x04, 0x04, 0x04, 0x04, 0x47, 0x48, 0x48, 0x48, 0x48, 0x48, 0x48, 0x49, 0x04, 0x04, 0x04, 0x4A, 0x4B, 0x4C, 0x4D, 0x4E, 0x04,_NEXT_,	
	0x0B, 0x0C, 0x0C, 0x0C, 0x2A, 0x04, 0x04, 0x2B, 0x0C, 0x0C, 0x2C, 0x04, 0x04, 0x0B, 0x0C, 0x0C, 0x0C, 0x4F, 0x50, 0x0C, 0x0C, 0x0C, 0x51, 0x52, 0x53, 0x53, 0x53, 0x54, 0x55, 0x0C, 0x0C, 0x0C, 0x0C, 0x0C, 0x0C, 0x0C, 0x0C, 0x56, 0x57, 0x58, 0x58, 0x58, 0x58, 0x58, 0x58, 0x58, 0x58, 0x59, 0x5A, 0x04, 0x04, 0x5B, 0x5C, 0x5D, 0x5E, 0x5F, 0x60, 0x61,_NEXT_,	
	0x0B, 0x0C, 0x0C, 0x0C, 0x2A, 0x04, 0x04, 0x2B, 0x0C, 0x0C, 0x2C, 0x04, 0x04, 0x0B, 0x0C, 0x0C, 0x0C, 0x0C, 0x0C, 0x0C, 0x0C, 0x0C, 0x0C, 0x0C, 0x0C, 0x0C, 0x0C, 0x62, 0x63, 0x3D, 0x0C, 0x0C, 0x0C, 0x64, 0x65, 0x0C, 0x0C, 0x0C, 0x0C, 0x0C, 0x0C, 0x0C, 0x0C, 0x0C, 0x0C, 0x0C, 0x0C, 0x0C, 0x16, 0x04, 0x04, 0x66, 0x67, 0x68, 0x69, 0x6A, 0x6B, 0x6C,_NEXT_,	
	0x0B, 0x0C, 0x0C, 0x0C, 0x2A, 0x04, 0x04, 0x2B, 0x0C, 0x0C, 0x2C, 0x04, 0x04, 0x0B, 0x0C, 0x0C, 0x0C, 0x0C, 0x0C, 0x0C, 0x0C, 0x0C, 0x0C, 0x0C, 0x0C, 0x0C, 0x6D, 0x6E, 0x04, 0x6F, 0x0C, 0x0C, 0x0C, 0x0C, 0x70, 0x71, 0x72, 0x73, 0x0C, 0x0C, 0x0C, 0x0C, 0x0C, 0x0C, 0x0C, 0x0C, 0x0C, 0x0C, 0x16, 0x04, 0x04, 0x74, 0x75, 0x76, 0x53, 0x77, 0x78, 0x79,_NEXT_,	
	0x7A, 0x7B, 0x7B, 0x7B, 0x7C, 0x04, 0x04, 0x7D, 0x7B, 0x7B, 0x7E, 0x04, 0x04, 0x7A, 0x7B, 0x7B, 0x7B, 0x7B, 0x7B, 0x7B, 0x7B, 0x7B, 0x7B, 0x7B, 0x7B, 0x7F, 0x80, 0x04, 0x04, 0x81, 0x7B, 0x7B, 0x7B, 0x7B, 0x82, 0x04, 0x04, 0x83, 0x84, 0x7B, 0x7B, 0x7B, 0x7B, 0x7B, 0x7B, 0x7B, 0x7B, 0x7B, 0x85, 0x04, 0x04, 0x04, 0x04, 0x86, 0x87, 0x88, 0x04, 0x04,_END_, 

};
#elif(_LOGO_TYPE == _LOGO_TOPUSHENN)
BYTE code tiOSD_1BIT_LOGO0[]=
{
0x00, 0x00, 0x00, 0x00, 0x00, 0x00, 0x00, 0x00, 0x00, 0x00, 0x00, 0x00, 0x00, 0x00, 0x00, 0x00, 0x00, 0x00, 0x00, 0x00, 0x00, 0x00, 0x00, 0x00, 0x00, 0x00, 0x00, 0x00, 0x00, 0x00, 0x00, 0x00, 0x00, 0x00, 0x00, 0x00, 0x00, 0x00, 0x00, 0x00, 0x00, 0x00, 0x00, 0x00, 0x00, 0x01, 0x02, 0x03, 0x04, 0x05, _NEXT_,
0x00, 0x00, 0x06, 0x07, 0x07, 0x07, 0x07, 0x07, 0x07, 0x08, 0x00, 0x00, 0x00, 0x00, 0x00, 0x00, 0x00, 0x00, 0x00, 0x00, 0x00, 0x00, 0x00, 0x00, 0x00, 0x00, 0x00, 0x00, 0x00, 0x00, 0x00, 0x00, 0x00, 0x00, 0x00, 0x00, 0x00, 0x00, 0x00, 0x00, 0x00, 0x00, 0x00, 0x00, 0x00, 0x09, 0x0A, 0x0B, 0x0C, 0x0D,_NEXT_, 
0x00, 0x0E, 0x0F, 0x0F, 0x0F, 0x0F, 0x0F, 0x0F, 0x10, 0x11, 0x00, 0x00, 0x00, 0x00, 0x00, 0x00, 0x00, 0x00, 0x00, 0x00, 0x00, 0x00, 0x00, 0x00, 0x00, 0x00, 0x00, 0x00, 0x00, 0x12, 0x13, 0x14, 0x15, 0x16, 0x17, 0x18, 0x19, 0x1A, 0x1B, 0x1C, 0x1D, 0x1E, 0x1F, 0x20, 0x21, 0x22, 0x23, 0x24, 0x25, 0x26, _NEXT_,
0x00, 0x27, 0x28, 0x29, 0x0F, 0x2A, 0x2B, 0x28, 0x2C, 0x00, 0x00, 0x00, 0x00, 0x00, 0x00, 0x00, 0x00, 0x00, 0x00, 0x00, 0x00, 0x00, 0x00, 0x00, 0x00, 0x00, 0x00, 0x00, 0x00, 0x2D, 0x2E, 0x2F, 0x30, 0x31, 0x32, 0x33, 0x34, 0x35, 0x36, 0x37, 0x38, 0x39, 0x3A, 0x3B, 0x3C, 0x00, 0x00, 0x00, 0x00, 0x00,_NEXT_, 
0x00, 0x00, 0x3D, 0x3E, 0x0F, 0x3F, 0x40, 0x41, 0x42, 0x42, 0x43, 0x00, 0x44, 0x42, 0x42, 0x42, 0x45, 0x46, 0x47, 0x42, 0x48, 0x47, 0x42, 0x48, 0x00, 0x49, 0x42, 0x42, 0x4A, 0x4B, 0x4C, 0x4D, 0x4E, 0x4F, 0x00, 0x50, 0x51, 0x52, 0x53, 0x54, 0x55, 0x56, 0x57, 0x56, 0x58, 0x00, 0x00, 0x00, 0x00, 0x00, _NEXT_,
0x00, 0x00, 0x59, 0x0F, 0x5A, 0x5B, 0x5C, 0x0F, 0x0F, 0x0F, 0x0F, 0x5D, 0x5E, 0x0F, 0x0F, 0x0F, 0x0F, 0x5F, 0x60, 0x0F, 0x61, 0x62, 0x0F, 0x63, 0x64, 0x0F, 0x0F, 0x0F, 0x65, 0x66, 0x67, 0x0F, 0x0F, 0x68, 0x69, 0x0F, 0x0F, 0x0F, 0x0F, 0x6A, 0x6B, 0x0F, 0x0F, 0x0F, 0x6C, 0x00, 0x00, 0x00, 0x00, 0x00,_NEXT_, 
0x00, 0x6D, 0x6E, 0x0F, 0x6F, 0x70, 0x0F, 0x71, 0x72, 0x0F, 0x73, 0x74, 0x75, 0x76, 0x77, 0x0F, 0x76, 0x78, 0x79, 0x7A, 0x7B, 0x7C, 0x7D, 0x7E, 0x79, 0x7F, 0x80, 0x81, 0x00, 0x82, 0x0F, 0x83, 0x84, 0x00, 0x85, 0x0F, 0x86, 0x87, 0x88, 0x89, 0x8A, 0x8B, 0x8C, 0x8D, 0x8E, 0x00, 0x00, 0x00, 0x00, 0x00, _NEXT_,
0x00, 0x8F, 0x0F, 0x90, 0x91, 0x92, 0x0F, 0x93, 0x94, 0x0F, 0x95, 0x96, 0x0F, 0x97, 0x98, 0x0F, 0x99, 0x6B, 0x0F, 0x9A, 0x9B, 0x0F, 0x3F, 0x9C, 0x9D, 0x9E, 0x0F, 0x9F, 0xA0, 0x6E, 0xA1, 0xA2, 0xA3, 0xA4, 0x0F, 0xA5, 0xA6, 0x0F, 0xA7, 0xA8, 0xA9, 0xAA, 0x0F, 0xAB, 0x00, 0x00, 0x00, 0x00, 0x00, 0x00, _NEXT_,
0xAC, 0xAD, 0x0F, 0xAE, 0xAF, 0x0F, 0xB0, 0xB1, 0x0F, 0xB2, 0xB3, 0xB4, 0xB5, 0xB6, 0xB6, 0xB7, 0x89, 0xB8, 0x0F, 0xB9, 0xB8, 0xBA, 0xBB, 0x42, 0x42, 0xBC, 0x0F, 0xBD, 0xBE, 0x0F, 0xBF, 0x42, 0x42, 0xC0, 0x0F, 0xC1, 0xC2, 0xC3, 0xC4, 0xC5, 0xC6, 0xC7, 0xC8, 0xC9, 0x00, 0x00, 0x00, 0x00, 0x00, 0x00,_NEXT_, 
0xCA, 0x0F, 0xCB, 0x00, 0xCC, 0x0F, 0x0F, 0x0F, 0xCD, 0xCE, 0xCF, 0x0F, 0xD0, 0x00, 0x00, 0x00, 0xD1, 0x0F, 0x0F, 0x0F, 0xD2, 0xD3, 0x62, 0x0F, 0x0F, 0x8D, 0xD4, 0xD5, 0xB8, 0x0F, 0x0F, 0x0F, 0x0F, 0x0F, 0xD6, 0xD7, 0x0F, 0x0F, 0x0F, 0xBD, 0xD8, 0x0F, 0xD9, 0x00, 0x00, 0x00, 0x00, 0x00, 0x00, 0x00, _END_,

};
#elif(_LOGO_TYPE == _LOGO_CHANGHONG)
BYTE code tiOSD_1BIT_LOGO0[]=
{
	0x00, 0x00, 0x01, 0x02, 0x03, 0x04, 0x05, 0x06, 0x07, 0x00, 0x00, 0x00, 0x00, 0x00, 0x00, 0x00, 0x00, 0x00, 0x00, 0x00, 0x00, 0x00, 0x00, 0x00, 0x00, 0x00, 0x00, 0x00, 0x00, 0x00, 0x00, 0x00, 0x00, 0x00, 0x00, 0x00, 0x00, 0x00, 0x00, 0x00, 0x00, 0x00, 0x00, 0x00, 0x00, 0x00, 0x00, 0x00, 0x00, 0x00, 0x00, 0x00, 0x00, 0x00, 0x00, 0x00, 0x00, 0x00, 0x00, 0x00, 0x00, 0x00, 0x00, 0x00, 0x00, 0x00, 0x00, 0x00, 0x00, 
	0x00, 0x08, 0x09, 0x0A, 0x0B, 0x0C, 0x0D, 0x0A, 0x0E, 0x0F, 0x10, 0x11, 0x12, 0x00, 0x13, 0x11, 0x11, 0x00, 0x00, 0x14, 0x11, 0x15, 0x00, 0x00, 0x10, 0x11, 0x16, 0x00, 0x17, 0x11, 0x12, 0x00, 0x00, 0x18, 0x19, 0x1A, 0x1B, 0x00, 0x1C, 0x1D, 0x1E, 0x00, 0x1F, 0x1D, 0x20, 0x00, 0x00, 0x21, 0x22, 0x23, 0x24, 0x25, 0x00, 0x00, 0x26, 0x11, 0x27, 0x00, 0x13, 0x11, 0x28, 0x00, 0x00, 0x29, 0x2A, 0x2B, 0x2C, 0x00, 0x00, 
	0x2D, 0x2E, 0x0A, 0x2F, 0x30, 0x00, 0x31, 0x32, 0x0A, 0x33, 0x34, 0x0A, 0x35, 0x00, 0x36, 0x0A, 0x0A, 0x00, 0x00, 0x37, 0x0A, 0x0A, 0x38, 0x00, 0x34, 0x0A, 0x39, 0x3A, 0x3B, 0x0A, 0x35, 0x3C, 0x3D, 0x3E, 0x3F, 0x40, 0x41, 0x42, 0x34, 0x0A, 0x43, 0x00, 0x3B, 0x0A, 0x44, 0x00, 0x45, 0x46, 0x0A, 0x47, 0x48, 0x0A, 0x49, 0x4A, 0x4B, 0x0A, 0x4C, 0x4D, 0x36, 0x0A, 0x4E, 0x4F, 0x50, 0x51, 0x52, 0x53, 0x54, 0x55, 0x00, 
	0x56, 0x0A, 0x0A, 0x57, 0x00, 0x00, 0x00, 0x58, 0x59, 0x59, 0x5A, 0x0A, 0x35, 0x00, 0x36, 0x0A, 0x0A, 0x00, 0x5B, 0x0A, 0x5C, 0x0A, 0x5D, 0x00, 0x34, 0x0A, 0x0A, 0x5E, 0x5F, 0x0A, 0x35, 0x60, 0x0A, 0x61, 0x00, 0x62, 0x63, 0x64, 0x34, 0x0A, 0x43, 0x00, 0x3B, 0x0A, 0x44, 0x65, 0x0A, 0x66, 0x67, 0x68, 0x69, 0x0D, 0x0A, 0x6A, 0x6B, 0x0A, 0x0A, 0x6C, 0x6D, 0x0A, 0x4E, 0x6E, 0x0A, 0x6F, 0x00, 0x70, 0x71, 0x72, 0x73, 
	0x74, 0x0A, 0x0A, 0x75, 0x00, 0x00, 0x00, 0x76, 0x77, 0x77, 0x78, 0x0A, 0x79, 0x7A, 0x7B, 0x0A, 0x0A, 0x00, 0x7C, 0x0A, 0x7D, 0x7E, 0x7F, 0x80, 0x34, 0x0A, 0x81, 0x0A, 0x82, 0x0A, 0x35, 0x83, 0x0A, 0x84, 0x85, 0x86, 0x86, 0x86, 0x34, 0x0A, 0x87, 0x7A, 0x88, 0x0A, 0x44, 0x89, 0x8A, 0x8B, 0x8C, 0x00, 0x00, 0x8D, 0x8E, 0x8F, 0x90, 0x0A, 0x91, 0x92, 0x93, 0x0A, 0x4E, 0x94, 0x0A, 0x95, 0x00, 0x86, 0x86, 0x86, 0x96, 
	0x00, 0x97, 0x0A, 0x98, 0x99, 0x00, 0x9A, 0x9B, 0x0A, 0x9C, 0x34, 0x0A, 0x35, 0x00, 0x36, 0x0A, 0x0A, 0x9D, 0x9E, 0x0A, 0x9F, 0xA0, 0x0A, 0xA1, 0x34, 0x0A, 0xA2, 0xA3, 0x0A, 0x0A, 0x35, 0xA4, 0x0A, 0xA5, 0xA6, 0xA7, 0x0A, 0x0A, 0x34, 0x0A, 0x43, 0x00, 0x3B, 0x0A, 0x44, 0xA8, 0x0A, 0x0A, 0xA9, 0xAA, 0xAB, 0xAC, 0x0A, 0xAD, 0xAE, 0x0A, 0xA2, 0xAF, 0x0A, 0x0A, 0x4E, 0xB0, 0x0A, 0xB1, 0xB2, 0xB3, 0x0A, 0x0A, 0xB4, 
	0x00, 0xB5, 0xB6, 0x0A, 0xB7, 0xB8, 0xAC, 0x66, 0xB9, 0xBA, 0x34, 0x0A, 0x35, 0x00, 0x36, 0x0A, 0x0A, 0xBB, 0x0A, 0xBC, 0xBD, 0xBE, 0x0A, 0xBF, 0xC0, 0x0A, 0xA2, 0x70, 0xC1, 0x0A, 0x35, 0xC2, 0xC3, 0x0A, 0xC4, 0xC5, 0x0A, 0x0A, 0x34, 0x0A, 0x43, 0x00, 0x3B, 0x0A, 0x44, 0x00, 0xC6, 0xC7, 0x0A, 0xC8, 0xC9, 0xCA, 0xCB, 0xCC, 0x4B, 0x0A, 0xA2, 0xCD, 0xCE, 0x0A, 0x4E, 0xCF, 0xD0, 0x0A, 0xD1, 0xD2, 0x0A, 0x0A, 0xB4, 
	0x00, 0x00, 0x00, 0xD3, 0xD4, 0xD5, 0xD6, 0xD7, 0x00, 0x00, 0xD8, 0xD9, 0xDA, 0x00, 0xDB, 0xD9, 0xD9, 0xDC, 0xD9, 0xDD, 0x00, 0xCD, 0xD9, 0xD9, 0xDE, 0xD9, 0xDF, 0x00, 0xE0, 0xD9, 0xE1, 0x00, 0xCD, 0xE2, 0xE3, 0xE4, 0xE5, 0xE5, 0xE6, 0xD9, 0xE7, 0x00, 0xE8, 0xD9, 0xE9, 0x00, 0x00, 0xEA, 0xEB, 0xEC, 0xED, 0xEE, 0x00, 0x00, 0xEF, 0xD9, 0xDF, 0x00, 0xF0, 0xD9, 0xF1, 0x00, 0x00, 0xF2, 0xD9, 0xF3, 0xE5, 0xE5, 0xF4, 
		_END_,

};

#elif(_LOGO_TYPE == _LOGO_MUCAI)

BYTE code tiOSD_1BIT_LOGO0[]={
0x00,0x00,0x00,0x00,0x00,0x00,0x00,0x00,0x00,0x00,0x00,0x00,0x00,0x00,0x00,0x00,0x00,0x00,0x00,0x00,0x00,0x00,0x00,0x00,0x00,0x00,0x00,0x00,0x00,0x00,0x00,0x00,0x00,0x00,0x00,0x00,0x00,0x00,0x00,0x00,0x00,0x00,0x00, _NEXT_,
0x00,0x00,0x00,0x00,0x00,0x00,0x00,0x00,0x00,0x00,0x00,0x00,0x00,0x00,0x00,0x00,0x00,0x00,0x00,0x00,0x00,0x00,0x00,0x00,0x00,0x00,0x00,0x00,0x00,0x00,0x00,0x00,0x00,0x00,0x00,0x00,0x00,0x00,0x00,0x00,0x00,0x00,0x00, _NEXT_,
0x00,0x00,0x00,0x00,0x00,0x00,0x00,0x00,0x00,0x00,0x00,0x00,0x00,0x00,0x00,0x00,0x00,0x00,0x00,0x00,0x00,0x00,0x00,0x00,0x00,0x00,0x00,0x00,0x00,0x00,0x00,0x00,0x00,0x00,0x00,0x00,0x00,0x00,0x00,0x00,0x00,0x00,0x00, _NEXT_,
0x00,0x00,0x00,0x00,0x00,0x00,0x00,0x00,0x00,0x00,0x00,0x00,0x00,0x00,0x00,0x00,0x00,0x00,0x00,0x00,0x00,0x00,0x00,0x00,0x00,0x00,0x00,0x00,0x00,0x00,0x00,0x00,0x00,0x00,0x00,0x00,0x00,0x00,0x00,0x00,0x00,0x00,0x00,_NEXT_,
0x00,0x00,0x00,0x00,0x01,0x02,0x03,0x00,0x04,0x02,0x05,0x00,0x00,0x00,0x06,0x07,0x00,0x00,0x00,0x08,0x09,0x0A,0x00,0x00,0x00,0x0B,0x0C,0x02,0x0D,0x0E,0x00,0x00,0x00,0x0F,0x09,0x10,0x00,0x00,0x00,0x11,0x12,0x13,0x00, _NEXT_,
0x00,0x00,0x00,0x00,0x14,0x15,0x16,0x00,0x17,0x15,0x18,0x00,0x00,0x00,0x19,0x1A,0x00,0x00,0x00,0x1B,0x15,0x1C,0x00,0x1D,0x1E,0x1F,0x20,0x21,0x22,0x23,0x00,0x00,0x24,0x25,0x26,0x27,0x00,0x00,0x28,0x29,0x2A,0x2B,0x2C, _NEXT_,
0x00,0x00,0x00,0x2D,0x2E,0x2F,0x30,0x31,0x32,0x33,0x34,0x35,0x00,0x00,0x19,0x1A,0x00,0x00,0x00,0x1B,0x15,0x1C,0x00,0x36,0x37,0x38,0x00,0x00,0x00,0x00,0x00,0x00,0x39,0x3A,0x3B,0x34,0x3C,0x00,0x3D,0x3E,0x3F,0x40,0x41, _NEXT_,
0x00,0x00,0x00,0x14,0x42,0x43,0x44,0x45,0x46,0x00,0x47,0x48,0x00,0x00,0x19,0x1A,0x00,0x00,0x00,0x1B,0x15,0x1C,0x49,0x15,0x4A,0x00,0x00,0x00,0x00,0x00,0x00,0x4B,0x4C,0x4D,0x4E,0x4F,0x50,0x00,0x00,0x51,0x52,0x53,0x00, _NEXT_,
0x00,0x00,0x2D,0x2E,0x54,0x00,0x55,0x15,0x56,0x00,0x57,0x34,0x58,0x00,0x59,0x1A,0x00,0x00,0x00,0x5A,0x15,0x1C,0x5B,0x15,0x5C,0x00,0x00,0x00,0x00,0x00,0x00,0x5D,0x15,0x5E,0x5F,0x60,0x61,0x62,0x00,0x63,0x15,0x64,0x00, _NEXT_,
0x00,0x00,0x14,0x65,0x00,0x00,0x17,0x15,0x16,0x00,0x00,0x66,0x48,0x00,0x67,0x68,0x69,0x00,0x00,0x6A,0x6B,0x6C,0x00,0x6D,0x6E,0x6F,0x00,0x00,0x00,0x00,0x00,0x70,0x71,0x72,0x72,0x73,0x74,0x75,0x00,0x63,0x15,0x64,0x00, _NEXT_,
0x00,0x2D,0x2E,0x76,0x00,0x77,0x32,0x78,0x30,0x3C,0x00,0x79,0x34,0x58,0x7A,0x7B,0x7C,0x7D,0x7E,0x7F,0x80,0x00,0x00,0x81,0x82,0x83,0x84,0x85,0x86,0x87,0x88,0x15,0x89,0x00,0x00,0x00,0x8A,0x8B,0x8C,0x63,0x15,0x64,0x00, _NEXT_,
0x00,0x8D,0x8E,0x00,0x00,0x8D,0x8E,0x43,0x8E,0x8F,0x00,0x43,0x8E,0x8F,0x00,0x00,0x90,0x91,0x92,0x93,0x00,0x00,0x00,0x00,0x00,0x94,0x95,0x96,0x97,0x98,0x99,0x8E,0x00,0x00,0x00,0x00,0x9A,0x8E,0x9B,0x9C,0x9D,0x9E,0x00, _END_,

};


#elif(_LOGO_TYPE == _LOGO_BEZEL)

BYTE code tiOSD_1BIT_LOGO0[]={
0x00,0x01,0x01,0x01,0x01,0x02,0x03,0x04,0x05,0x06,0x06,0x07,0x01,0x01,0x01,0x01,0x01,0x01,0x01,0x01,0x08,0x09,0x01,0x01,0x01,0x01,0x01,0x01,0x01,0x01,0x01,0x0A,0x06,0x0B,0x01,0x01,0x01,0x01,0x01,0x01,0x01,0x0C,0x06,0x0D,0x01,0x01,0x08,0x06,0x06,0x06,0x06,0x06,0x06, _NEXT_,
0x0E,0x0F,0x0F,0x0F,0x0F,0x0F,0x0F,0x0F,0x10,0x11,0x06,0x12,0x0F,0x0F,0x0F,0x0F,0x0F,0x0F,0x0F,0x0F,0x13,0x14,0x0F,0x0F,0x0F,0x0F,0x0F,0x0F,0x0F,0x0F,0x0F,0x15,0x06,0x16,0x0F,0x0F,0x0F,0x0F,0x0F,0x0F,0x0F,0x17,0x06,0x18,0x0F,0x0F,0x13,0x06,0x06,0x06,0x06,0x06,0x06, _NEXT_,
0x0E,0x0F,0x0F,0x19,0x1A,0x1B,0x1C,0x0F,0x0F,0x1D,0x06,0x12,0x0F,0x0F,0x1E,0x1F,0x1F,0x1F,0x1F,0x1F,0x20,0x21,0x1F,0x1F,0x1F,0x1F,0x22,0x23,0x0F,0x0F,0x24,0x25,0x06,0x16,0x0F,0x0F,0x26,0x1F,0x1F,0x1F,0x1F,0x27,0x06,0x18,0x0F,0x0F,0x13,0x06,0x06,0x06,0x06,0x06,0x06, _NEXT_,
0x0E,0x0F,0x0F,0x28,0x29,0x2A,0x2B,0x0F,0x0F,0x2C,0x06,0x12,0x0F,0x0F,0x2D,0x2E,0x2E,0x2E,0x2E,0x2F,0x06,0x06,0x06,0x06,0x06,0x30,0x31,0x0F,0x0F,0x32,0x33,0x06,0x06,0x16,0x0F,0x0F,0x34,0x2E,0x2E,0x2E,0x2E,0x35,0x06,0x18,0x0F,0x0F,0x13,0x06,0x06,0x06,0x06,0x06,0x06, _NEXT_,
0x0E,0x0F,0x0F,0x0F,0x0F,0x0F,0x0F,0x0F,0x36,0x06,0x06,0x12,0x0F,0x0F,0x0F,0x0F,0x0F,0x0F,0x0F,0x37,0x06,0x06,0x06,0x06,0x38,0x39,0x0F,0x0F,0x3A,0x3B,0x06,0x06,0x06,0x16,0x0F,0x0F,0x0F,0x0F,0x0F,0x0F,0x0F,0x13,0x06,0x18,0x0F,0x0F,0x13,0x06,0x06,0x06,0x06,0x06,0x06, _NEXT_,
0x0E,0x0F,0x0F,0x3C,0x3D,0x3E,0x3F,0x0F,0x40,0x41,0x06,0x12,0x0F,0x0F,0x42,0x43,0x43,0x43,0x43,0x44,0x06,0x06,0x06,0x45,0x46,0x0F,0x0F,0x47,0x48,0x06,0x06,0x06,0x06,0x16,0x0F,0x0F,0x49,0x43,0x43,0x43,0x43,0x4A,0x06,0x18,0x0F,0x0F,0x13,0x06,0x06,0x06,0x06,0x06,0x06, _NEXT_,
0x0E,0x0F,0x0F,0x15,0x06,0x06,0x4B,0x0F,0x0F,0x4C,0x06,0x12,0x0F,0x0F,0x37,0x06,0x06,0x06,0x06,0x06,0x06,0x06,0x4D,0x4E,0x0F,0x0F,0x4F,0x50,0x06,0x06,0x06,0x06,0x06,0x16,0x0F,0x0F,0x51,0x06,0x06,0x06,0x06,0x06,0x06,0x18,0x0F,0x0F,0x13,0x06,0x06,0x06,0x06,0x06,0x06, _NEXT_,
0x0E,0x0F,0x0F,0x52,0x53,0x54,0x55,0x0F,0x0F,0x56,0x06,0x12,0x0F,0x0F,0x57,0x58,0x58,0x58,0x58,0x58,0x59,0x5A,0x5B,0x0F,0x0F,0x5C,0x58,0x58,0x58,0x58,0x58,0x59,0x06,0x16,0x0F,0x0F,0x5D,0x58,0x58,0x58,0x58,0x5E,0x06,0x18,0x0F,0x0F,0x5F,0x60,0x60,0x60,0x60,0x60,0x61, _NEXT_,
0x0E,0x0F,0x0F,0x0F,0x0F,0x0F,0x0F,0x0F,0x62,0x63,0x06,0x12,0x0F,0x0F,0x0F,0x0F,0x0F,0x0F,0x0F,0x0F,0x64,0x65,0x0F,0x0F,0x0F,0x0F,0x0F,0x0F,0x0F,0x0F,0x0F,0x64,0x06,0x16,0x0F,0x0F,0x0F,0x0F,0x0F,0x0F,0x0F,0x37,0x06,0x18,0x0F,0x0F,0x0F,0x0F,0x0F,0x0F,0x0F,0x0F,0x66, _NEXT_,
0x67,0x68,0x68,0x68,0x68,0x68,0x69,0x6A,0x6B,0x06,0x06,0x6C,0x68,0x68,0x68,0x68,0x68,0x68,0x68,0x68,0x6D,0x6E,0x68,0x68,0x68,0x68,0x68,0x68,0x68,0x68,0x68,0x6D,0x06,0x6F,0x68,0x68,0x68,0x68,0x68,0x68,0x68,0x70,0x06,0x71,0x68,0x68,0x68,0x68,0x68,0x68,0x68,0x68,0x72, _END_,};



#elif(_LOGO_TYPE == _LOGO_AUZAI)


BYTE code tiOSD_1BIT_LOGO0[]={


 
 ////////////////////////////////////////////Font Map index////////////////////////////////////////////
 0x00, 0x00, 0x01, 0x02, 0x03, 0x04, 0x05, 0x06, 0x07, 0x08, 0x00, 0x00, 0x00, 0x00, 0x00, 0x09, 0x05, 0x05, 0x0A, 0x00, 0x00, 0x00, 0x00, 0x00, 0x0B, 0x05, 0x05, 0x0C, 0x00, 0x00, 0x0D, 0x0E, 0x0E, 0x0E, 0x0E, 0x0E, 0x0E, 0x0E, 0x0E, 0x0F, 0x10, 0x00, 0x00, 0x00, 0x00, 0x00, 0x11, 0x12, 0x13, 0x05, 0x14, 0x15, 0x16, 0x17, 0x00, 0x00, 0x00, 0x00, 0x00, 0x18, 0x0E, 0x19, _NEXT_,
 0x00, 0x1A, 0x1B, 0x1C, 0x1C, 0x1D, 0x1E, 0x1C, 0x1C, 0x1C, 0x1F, 0x20, 0x00, 0x00, 0x00, 0x21, 0x1C, 0x1C, 0x22, 0x00, 0x00, 0x00, 0x00, 0x00, 0x23, 0x1C, 0x1C, 0x24, 0x00, 0x00, 0x23, 0x1C, 0x1C, 0x1C, 0x1C, 0x1C, 0x1C, 0x1C, 0x1C, 0x1C, 0x1C, 0x25, 0x00, 0x00, 0x26, 0x27, 0x28, 0x1C, 0x1C, 0x29, 0x2A, 0x1C, 0x1C, 0x2B, 0x2C, 0x00, 0x00, 0x00, 0x00, 0x2D, 0x1C, 0x2E, _NEXT_,
 0x2F, 0x30, 0x1C, 0x31, 0x32, 0x33, 0x00, 0x34, 0x35, 0x36, 0x1C, 0x37, 0x00, 0x00, 0x00, 0x21, 0x1C, 0x1C, 0x22, 0x00, 0x00, 0x00, 0x00, 0x00, 0x23, 0x1C, 0x1C, 0x24, 0x00, 0x00, 0x38, 0x39, 0x39, 0x39, 0x39, 0x39, 0x39, 0x3A, 0x3B, 0x1C, 0x3C, 0x3D, 0x00, 0x00, 0x3E, 0x1C, 0x3F, 0x40, 0x41, 0x00, 0x42, 0x43, 0x44, 0x1C, 0x45, 0x46, 0x00, 0x00, 0x00, 0x2D, 0x1C, 0x2E, _NEXT_,
 0x47, 0x1C, 0x1C, 0x48, 0x00, 0x00, 0x00, 0x00, 0x00, 0x49, 0x1C, 0x1C, 0x4A, 0x00, 0x00, 0x21, 0x1C, 0x1C, 0x22, 0x00, 0x00, 0x00, 0x00, 0x00, 0x23, 0x1C, 0x1C, 0x24, 0x00, 0x00, 0x00, 0x00, 0x00, 0x00, 0x00, 0x00, 0x4B, 0x4C, 0x1C, 0x4D, 0x4E, 0x00, 0x00, 0x4F, 0x50, 0x1C, 0x51, 0x00, 0x00, 0x00, 0x00, 0x00, 0x52, 0x53, 0x1C, 0x54, 0x00, 0x00, 0x00, 0x2D, 0x1C, 0x2E, _NEXT_,
 0x55, 0x1C, 0x1C, 0x56, 0x00, 0x00, 0x00, 0x00, 0x00, 0x57, 0x1C, 0x1C, 0x58, 0x00, 0x00, 0x21, 0x1C, 0x1C, 0x22, 0x00, 0x00, 0x00, 0x00, 0x00, 0x23, 0x1C, 0x1C, 0x24, 0x00, 0x00, 0x00, 0x00, 0x00, 0x00, 0x00, 0x59, 0x5A, 0x1C, 0x5B, 0x5C, 0x00, 0x00, 0x00, 0x5D, 0x1C, 0x1C, 0x5E, 0x00, 0x00, 0x00, 0x00, 0x00, 0x00, 0x5F, 0x1C, 0x60, 0x00, 0x00, 0x00, 0x2D, 0x1C, 0x2E, _NEXT_,
 0x61, 0x1C, 0x1C, 0x62, 0x0E, 0x0E, 0x0E, 0x0E, 0x0E, 0x63, 0x1C, 0x1C, 0x24, 0x00, 0x00, 0x21, 0x1C, 0x1C, 0x22, 0x00, 0x00, 0x00, 0x00, 0x00, 0x23, 0x1C, 0x1C, 0x24, 0x00, 0x00, 0x00, 0x00, 0x00, 0x00, 0x64, 0x65, 0x1C, 0x66, 0x67, 0x00, 0x00, 0x00, 0x00, 0x68, 0x1C, 0x1C, 0x69, 0x0E, 0x0E, 0x0E, 0x0E, 0x0E, 0x0E, 0x6A, 0x1C, 0x6B, 0x00, 0x00, 0x00, 0x2D, 0x1C, 0x2E, _NEXT_,
 0x61, 0x1C, 0x1C, 0x61, 0x1C, 0x1C, 0x1C, 0x1C, 0x1C, 0x1C, 0x1C, 0x1C, 0x24, 0x00, 0x00, 0x21, 0x1C, 0x1C, 0x22, 0x00, 0x00, 0x00, 0x00, 0x00, 0x23, 0x1C, 0x1C, 0x24, 0x00, 0x00, 0x00, 0x00, 0x00, 0x6C, 0x6D, 0x1C, 0x6E, 0x6F, 0x00, 0x00, 0x00, 0x00, 0x00, 0x68, 0x1C, 0x1C, 0x70, 0x1C, 0x1C, 0x1C, 0x1C, 0x1C, 0x1C, 0x1C, 0x1C, 0x2E, 0x00, 0x00, 0x00, 0x2D, 0x1C, 0x2E, _NEXT_,
 0x61, 0x1C, 0x1C, 0x71, 0x39, 0x39, 0x39, 0x39, 0x39, 0x72, 0x1C, 0x1C, 0x24, 0x00, 0x00, 0x73, 0x1C, 0x1C, 0x22, 0x00, 0x00, 0x00, 0x00, 0x00, 0x23, 0x1C, 0x1C, 0x24, 0x00, 0x00, 0x00, 0x01, 0x74, 0x1C, 0x1C, 0x75, 0x76, 0x00, 0x00, 0x00, 0x00, 0x00, 0x00, 0x68, 0x1C, 0x1C, 0x77, 0x39, 0x39, 0x39, 0x39, 0x39, 0x39, 0x78, 0x1C, 0x2E, 0x00, 0x00, 0x00, 0x2D, 0x1C, 0x2E, _NEXT_,
 0x61, 0x1C, 0x1C, 0x00, 0x00, 0x00, 0x00, 0x00, 0x00, 0x68, 0x1C, 0x1C, 0x24, 0x00, 0x00, 0x79, 0x1C, 0x1C, 0x7A, 0x00, 0x00, 0x00, 0x00, 0x00, 0x7B, 0x1C, 0x1C, 0x7C, 0x00, 0x00, 0x7D, 0x7E, 0x1C, 0x1C, 0x7F, 0x80, 0x00, 0x00, 0x00, 0x00, 0x00, 0x00, 0x00, 0x68, 0x1C, 0x1C, 0x5E, 0x00, 0x00, 0x00, 0x00, 0x00, 0x00, 0x5F, 0x1C, 0x2E, 0x00, 0x00, 0x00, 0x2D, 0x1C, 0x2E, _NEXT_,
 0x61, 0x1C, 0x1C, 0x00, 0x00, 0x00, 0x00, 0x00, 0x00, 0x68, 0x1C, 0x1C, 0x24, 0x00, 0x00, 0x81, 0x82, 0x1C, 0x83, 0x84, 0x85, 0x00, 0x86, 0x87, 0x65, 0x1C, 0x88, 0x89, 0x00, 0x8A, 0x8B, 0x1C, 0x8C, 0x8D, 0x00, 0x00, 0x00, 0x00, 0x00, 0x00, 0x00, 0x00, 0x00, 0x68, 0x1C, 0x1C, 0x5E, 0x00, 0x00, 0x00, 0x00, 0x00, 0x00, 0x5F, 0x1C, 0x2E, 0x00, 0x00, 0x00, 0x2D, 0x1C, 0x2E, _NEXT_,
 0x61, 0x1C, 0x1C, 0x00, 0x00, 0x00, 0x00, 0x00, 0x00, 0x68, 0x1C, 0x1C, 0x24, 0x00, 0x00, 0x00, 0x8E, 0x8F, 0x1C, 0x1C, 0x90, 0x91, 0x92, 0x1C, 0x1C, 0x93, 0x94, 0x00, 0x00, 0x95, 0x1C, 0x1C, 0x96, 0x97, 0x97, 0x97, 0x97, 0x97, 0x97, 0x97, 0x97, 0x98, 0x00, 0x68, 0x1C, 0x1C, 0x5E, 0x00, 0x00, 0x00, 0x00, 0x00, 0x00, 0x5F, 0x1C, 0x2E, 0x00, 0x00, 0x00, 0x2D, 0x1C, 0x2E, _NEXT_,
 0x99, 0x9A, 0x9A, 0x00, 0x00, 0x00, 0x00, 0x00, 0x00, 0x9B, 0x9A, 0x9A, 0x9C, 0x00, 0x00, 0x00, 0x00, 0x9D, 0x9E, 0x9F, 0xA0, 0x9A, 0xA1, 0xA2, 0xA3, 0x00, 0x00, 0x00, 0x00, 0xA4, 0xA5, 0xA6, 0x9A, 0x9A, 0x9A, 0x9A, 0x9A, 0x9A, 0x9A, 0x9A, 0x9A, 0xA7, 0x00, 0xA8, 0x9A, 0x9A, 0xA9, 0x00, 0x00, 0x00, 0x00, 0x00, 0x00, 0xAA, 0x9A, 0xAB, 0x00, 0x00, 0x00, 0xAC, 0x9A, 0xAD, _END_,




};

#elif(_LOGO_TYPE == _LOGO_ATAS)


BYTE code tiOSD_1BIT_LOGO0[]={


 ////////////////////////////////////////////Font Map index////////////////////////////////////////////
0x00, 0x00, 0x00, 0x00, 0x00, 0x01, 0x02, 0x03, 0x04, 0x04, 0x04, 0x04, 0x04, 0x04, 0x05, 0x06, 0x07, _NEXT_,
0x00, 0x00, 0x00, 0x08, 0x09, 0x0A, 0x0B, 0x0B, 0x0B, 0x0B, 0x0B, 0x0B, 0x0B, 0x0B, 0x0B, 0x0B, 0x0C, 0x0D, 0x00, 0x00, 0x00, 0x00, 0x0E, 0x0F, 0x10, 0x11, _NEXT_,
0x00, 0x00, 0x00, 0x12, 0x0B, 0x0B, 0x0B, 0x0B, 0x13, 0x14, 0x15, 0x16, 0x17, 0x0B, 0x0B, 0x0B, 0x0B, 0x18, 0x00, 0x00, 0x00, 0x00, 0x19, 0x0B, 0x0B, 0x1A,_NEXT_, 
0x00, 0x00, 0x1B, 0x1C, 0x0B, 0x0B, 0x0B, 0x0B, 0x1D, 0x00, 0x00, 0x00, 0x1E, 0x0B, 0x0B, 0x0B, 0x0B, 0x1F, 0x00, 0x00, 0x00, 0x08, 0x20, 0x0B, 0x0B, 0x21,_NEXT_,
0x00, 0x00, 0x22, 0x0B, 0x0B, 0x0B, 0x0B, 0x0B, 0x23, 0x00, 0x00, 0x24, 0x25, 0x0B, 0x0B, 0x0B, 0x0B, 0x26, 0x00, 0x00, 0x00, 0x27, 0x0B, 0x0B, 0x0B, 0x28, _NEXT_,
0x00, 0x00, 0x29, 0x0B, 0x0B, 0x0B, 0x0B, 0x2A, 0x2B, 0x00, 0x00, 0x2C, 0x0B, 0x0B, 0x0B, 0x0B, 0x0B, 0x2D, 0x00, 0x00, 0x00, 0x2E, 0x0B, 0x0B, 0x0B, 0x2F, 0x30, 0x30, 0x31, 0x32, 0x00, 0x00, 0x00, 0x33, 0x34, 0x35, 0x36, 0x36, 0x36, 0x37, 0x38, 0x00, 0x39, 0x36, 0x36, 0x36, 0x3A, 0x00, 0x00, 0x00, 0x00, 0x3B, 0x3C, 0x3D, 0x3E, 0x04, 0x3F, 0x40, 0x41, 0x07, _NEXT_,
0x00, 0x00, 0x42, 0x0B, 0x0B, 0x0B, 0x0B, 0x43, 0x44, 0x44, 0x44, 0x45, 0x0B, 0x0B, 0x0B, 0x0B, 0x46, 0x47, 0x00, 0x00, 0x00, 0x48, 0x0B, 0x0B, 0x0B, 0x0B, 0x0B, 0x0B, 0x49, 0x4A, 0x00, 0x00, 0x4B, 0x4C, 0x0B, 0x0B, 0x0B, 0x0B, 0x0B, 0x0B, 0x4D, 0x4E, 0x4F, 0x0B, 0x0B, 0x0B, 0x50, 0x00, 0x00, 0x00, 0x51, 0x52, 0x0B, 0x0B, 0x0B, 0x0B, 0x0B, 0x0B, 0x0B, 0x53, _NEXT_,
0x00, 0x00, 0x54, 0x0B, 0x0B, 0x0B, 0x0B, 0x0B, 0x0B, 0x0B, 0x0B, 0x0B, 0x0B, 0x0B, 0x0B, 0x0B, 0x55, 0x00, 0x00, 0x00, 0x00, 0x56, 0x0B, 0x0B, 0x57, 0x58, 0x58, 0x58, 0x59, 0x00, 0x00, 0x5A, 0x5B, 0x0B, 0x0B, 0x0B, 0x5C, 0x5D, 0x5E, 0x5F, 0x0B, 0x0B, 0x0B, 0x0B, 0x0B, 0x60, 0x61, 0x00, 0x00, 0x62, 0x63, 0x0B, 0x0B, 0x64, 0x65, 0x66, 0x67, 0x68, 0x69, 0x6A,_NEXT_, 
0x00, 0x6B, 0x6C, 0x0B, 0x0B, 0x0B, 0x0B, 0x6D, 0x6E, 0x6E, 0x6E, 0x6F, 0x0B, 0x0B, 0x0B, 0x0B, 0x70, 0x00, 0x00, 0x00, 0x71, 0x5B, 0x0B, 0x0B, 0x72, 0x00, 0x00, 0x00, 0x00, 0x00, 0x73, 0x0B, 0x0B, 0x0B, 0x0B, 0x74, 0x75, 0x00, 0x00, 0x76, 0x77, 0x0B, 0x0B, 0x0B, 0x0B, 0x78, 0x00, 0x00, 0x00, 0x79, 0x0B, 0x0B, 0x0B, 0x7A, 0x7B, 0x7C, 0x00, 0x00, 0x00, _NEXT_,
0x00, 0x7D, 0x0B, 0x0B, 0x0B, 0x0B, 0x0B, 0x7E, 0x00, 0x00, 0x71, 0x5B, 0x0B, 0x0B, 0x0B, 0x0B, 0x7F, 0x00, 0x00, 0x00, 0x80, 0x0B, 0x0B, 0x0B, 0x81, 0x00, 0x00, 0x00, 0x00, 0x00, 0x82, 0x0B, 0x0B, 0x0B, 0x83, 0x84, 0x00, 0x00, 0x00, 0x00, 0x85, 0x0B, 0x0B, 0x0B, 0x0B, 0x86, 0x00, 0x00, 0x00, 0x87, 0x88, 0x0B, 0x0B, 0x0B, 0x0B, 0x89, 0x8A, 0x8B, 0x8C, _NEXT_,
0x00, 0x8D, 0x0B, 0x0B, 0x0B, 0x0B, 0x8E, 0x00, 0x00, 0x00, 0x8F, 0x0B, 0x0B, 0x0B, 0x0B, 0x0B, 0x90, 0x00, 0x00, 0x00, 0x91, 0x0B, 0x0B, 0x0B, 0x92, 0x00, 0x00, 0x00, 0x00, 0x00, 0x93, 0x0B, 0x0B, 0x0B, 0x94, 0x00, 0x00, 0x00, 0x00, 0x00, 0x95, 0x0B, 0x0B, 0x0B, 0x49, 0x96, 0x00, 0x00, 0x00, 0x00, 0x97, 0x98, 0x99, 0x9A, 0x0B, 0x0B, 0x0B, 0x0B, 0x9B, _NEXT_,
0x00, 0x9C, 0x0B, 0x0B, 0x0B, 0x0B, 0x9D, 0x00, 0x00, 0x00, 0x9E, 0x0B, 0x0B, 0x0B, 0x0B, 0x9F, 0x00, 0x00, 0x00, 0x00, 0xA0, 0x0B, 0x0B, 0x0B, 0xA1, 0x00, 0x00, 0x00, 0x00, 0x00, 0xA2, 0x0B, 0x0B, 0x0B, 0xA3, 0xA4, 0x00, 0x00, 0x00, 0xA5, 0xA6, 0x0B, 0x0B, 0x0B, 0xA7, 0x00, 0x00, 0x00, 0x00, 0xA8, 0xA9, 0x00, 0x00, 0x00, 0xAA, 0xAB, 0x0B, 0x0B, 0xAC, _NEXT_,
0x00, 0xAD, 0x0B, 0x0B, 0x0B, 0x0B, 0xAE, 0x00, 0x00, 0x00, 0xAF, 0x0B, 0x0B, 0x0B, 0x0B, 0xB0, 0x00, 0x00, 0x00, 0x00, 0xB1, 0x0B, 0x0B, 0x0B, 0xB2, 0xB3, 0xB4, 0xB5, 0x00, 0x00, 0xB6, 0x0B, 0x0B, 0x0B, 0x0B, 0xB7, 0xB8, 0xB9, 0xBA, 0x5B, 0xBB, 0x0B, 0x0B, 0x0B, 0x0B, 0xBC, 0xBD, 0x00, 0xBE, 0xBF, 0xC0, 0xC1, 0xC2, 0xC3, 0xC4, 0xC5, 0x0B, 0x0B, 0xC6,_NEXT_,
0xC7, 0x0B, 0x0B, 0x0B, 0x0B, 0x0B, 0xC8, 0x00, 0x00, 0x00, 0xC9, 0x0B, 0x0B, 0x0B, 0x0B, 0xCA, 0x00, 0x00, 0x00, 0x00, 0xCB, 0xCC, 0x0B, 0x0B, 0x0B, 0x0B, 0x0B, 0xCD, 0x00, 0x00, 0x00, 0xCE, 0xCF, 0x0B, 0x0B, 0x0B, 0x0B, 0x0B, 0xD0, 0xD1, 0xD2, 0xD3, 0x0B, 0x0B, 0x0B, 0x0B, 0xD4, 0x00, 0xD5, 0x0B, 0x0B, 0x0B, 0x0B, 0x0B, 0x0B, 0x0B, 0x0B, 0xD6, 0xD7,_NEXT_,
0xD8, 0xD9, 0xD9, 0xD9, 0xD9, 0xDA, 0xDB, 0x00, 0x00, 0xDC, 0xDD, 0xD9, 0xD9, 0xD9, 0xDE, 0xDF, 0x00, 0x00, 0x00, 0x00, 0x00, 0xE0, 0xE1, 0xE2, 0xD9, 0xD9, 0xE3, 0xE4, 0x00, 0x00, 0x00, 0x00, 0xE5, 0xE6, 0xE7, 0xE8, 0xE9, 0xEA, 0xEB, 0x00, 0x00, 0xEC, 0xED, 0xEE, 0xEF, 0xF0, 0xF1, 0x00, 0x00, 0xF2, 0xF3, 0xF4, 0xF5, 0xF6, 0xF7, 0xF8, 0xF9,  _END_,




};
#elif(_LOGO_TYPE == _LOGO_IFOVED_R)
BYTE code tiOSD_1BIT_LOGO0[]=
{


0x00, 0x00, 0x00, 0x00, 0x00, 0x00, 0x00, 0x00, 0x00, 0x00, 0x00, 0x00, 0x00, 0x00, 0x00, 0x00, 0x00, 0x00, 0x00, 0x00, 0x00, 0x00, 0x00, 0x00, 0x00, 0x00, 0x00, 0x00, 0x00, 0x00, 0x00, 0x00, 0x00, 0x00, 0x00, 0x00, 0x00, 0x00, 0x00, 0x00, 0x00, 0x00, 0x00, 0x00, 0x00, 0x00, 0x00, 0x00, 0x00, 0x00, 0x00, 0x00, 0x00, 0x00, 0x00, 0x01, 0x02, 0x03, 0x04, 0x00, _NEXT_,
0x00, 0x00, 0x00, 0x00, 0x00, 0x00, 0x00, 0x00, 0x00, 0x00, 0x00, 0x00, 0x00, 0x00, 0x00, 0x00, 0x00, 0x00, 0x00, 0x00, 0x00, 0x00, 0x00, 0x00, 0x00, 0x00, 0x00, 0x00, 0x00, 0x00, 0x00, 0x00, 0x00, 0x00, 0x00, 0x00, 0x00, 0x00, 0x00, 0x00, 0x00, 0x00, 0x00, 0x00, 0x00, 0x00, 0x00, 0x00, 0x00, 0x00, 0x00, 0x00, 0x00, 0x00, 0x05, 0x06, 0x07, 0x08, 0x09, 0x00, _NEXT_,
0x00, 0x00, 0x00, 0x0A, 0x0B, 0x0B, 0x0C, 0x0D, 0x0B, 0x0B, 0x0B, 0x0B, 0x0B, 0x0B, 0x0B, 0x0B, 0x00, 0x00, 0x00, 0x00, 0x00, 0x00, 0x00, 0x00, 0x00, 0x00, 0x00, 0x00, 0x00, 0x00, 0x00, 0x00, 0x00, 0x00, 0x00, 0x00, 0x00, 0x00, 0x00, 0x00, 0x00, 0x00, 0x00, 0x00, 0x00, 0x00, 0x00, 0x00, 0x00, 0x0B, 0x0B, 0x0B, 0x00, 0x00, 0x0E, 0x0F, 0x10, 0x11, 0x12, 0x00, _NEXT_,
0x00, 0x00, 0x00, 0x13, 0x14, 0x14, 0x15, 0x16, 0x17, 0x17, 0x17, 0x18, 0x19, 0x19, 0x19, 0x19, 0x00, 0x00, 0x00, 0x00, 0x1A, 0x1B, 0x00, 0x00, 0x00, 0x00, 0x00, 0x00, 0x00, 0x00, 0x00, 0x00, 0x00, 0x00, 0x00, 0x00, 0x00, 0x00, 0x1C, 0x1D, 0x00, 0x00, 0x00, 0x00, 0x00, 0x00, 0x00, 0x00, 0x00, 0x17, 0x17, 0x17, 0x00, 0x00, 0x00, 0x1E, 0x1F, 0x20, 0x00, 0x00, _NEXT_,
0x00, 0x00, 0x00, 0x0A, 0x0B, 0x0B, 0x0C, 0x16, 0x17, 0x17, 0x17, 0x21, 0x00, 0x00, 0x00, 0x00, 0x00, 0x22, 0x23, 0x24, 0x25, 0x17, 0x26, 0x27, 0x28, 0x00, 0x29, 0x0B, 0x0B, 0x2A, 0x2B, 0x2C, 0x0B, 0x0B, 0x2D, 0x2E, 0x2F, 0x30, 0x17, 0x17, 0x31, 0x32, 0x33, 0x00, 0x34, 0x35, 0x36, 0x37, 0x38, 0x17, 0x17, 0x17, 0x00, 0x00, 0x00, 0x00, 0x00, 0x00, 0x00, 0x00, _NEXT_,
0x00, 0x00, 0x00, 0x39, 0x17, 0x17, 0x3A, 0x16, 0x17, 0x17, 0x17, 0x3B, 0x3C, 0x3C, 0x3C, 0x3D, 0x00, 0x3E, 0x17, 0x17, 0x3F, 0x40, 0x41, 0x17, 0x42, 0x43, 0x44, 0x17, 0x17, 0x45, 0x46, 0x17, 0x17, 0x47, 0x00, 0x48, 0x17, 0x17, 0x49, 0x4A, 0x17, 0x17, 0x4B, 0x2B, 0x4C, 0x17, 0x17, 0x4D, 0x4E, 0x17, 0x17, 0x17, 0x00, 0x00, 0x00, 0x00, 0x00, 0x00, 0x00, 0x00, _NEXT_,
0x00, 0x00, 0x00, 0x39, 0x17, 0x17, 0x3A, 0x16, 0x17, 0x17, 0x17, 0x18, 0x19, 0x19, 0x19, 0x4F, 0x50, 0x17, 0x17, 0x51, 0x52, 0x00, 0x53, 0x17, 0x17, 0x54, 0x0E, 0x55, 0x17, 0x56, 0x57, 0x17, 0x17, 0x58, 0x59, 0x17, 0x17, 0x5A, 0x0B, 0x0B, 0x17, 0x17, 0x5B, 0x5C, 0x17, 0x17, 0x5D, 0x5E, 0x5F, 0x17, 0x17, 0x17, 0x00, 0x00, 0x00, 0x00, 0x00, 0x00, 0x00, 0x00, _NEXT_,
0x00, 0x00, 0x00, 0x39, 0x17, 0x17, 0x3A, 0x16, 0x17, 0x17, 0x17, 0x21, 0x00, 0x00, 0x00, 0x00, 0x60, 0x17, 0x17, 0x61, 0x62, 0x00, 0x63, 0x17, 0x17, 0x64, 0x00, 0x65, 0x17, 0x17, 0x66, 0x17, 0x67, 0x5E, 0x68, 0x17, 0x17, 0x69, 0x6A, 0x6B, 0x6C, 0x6D, 0x6D, 0x6E, 0x17, 0x17, 0x6F, 0x70, 0x71, 0x17, 0x17, 0x17, 0x00, 0x00, 0x00, 0x00, 0x00, 0x00, 0x00, 0x00, _NEXT_,
0x00, 0x00, 0x00, 0x39, 0x17, 0x17, 0x3A, 0x16, 0x17, 0x17, 0x17, 0x21, 0x00, 0x00, 0x00, 0x00, 0x00, 0x72, 0x17, 0x17, 0x73, 0x74, 0x75, 0x17, 0x76, 0x77, 0x00, 0x78, 0x79, 0x17, 0x17, 0x17, 0x7A, 0x00, 0x00, 0x7B, 0x17, 0x17, 0x7C, 0x7D, 0x7E, 0x17, 0x7F, 0x00, 0x80, 0x17, 0x17, 0x81, 0x82, 0x17, 0x17, 0x17, 0x00, 0x00, 0x00, 0x00, 0x00, 0x00, 0x00, 0x00, _NEXT_,
0x00, 0x00, 0x00, 0x83, 0x84, 0x84, 0x85, 0x86, 0x84, 0x84, 0x84, 0x87, 0x00, 0x00, 0x00, 0x00, 0x00, 0x88, 0x89, 0x8A, 0x19, 0x19, 0x8B, 0x8C, 0x8D, 0x00, 0x00, 0x00, 0x8E, 0x84, 0x84, 0x8F, 0x90, 0x00, 0x00, 0x88, 0x91, 0x92, 0x19, 0x19, 0x93, 0x94, 0x95, 0x00, 0x96, 0x97, 0x98, 0x19, 0x99, 0x9A, 0x84, 0x84, 0x00, 0x00, 0x00, 0x00, 0x00, 0x00, 0x00, 0x00, _NEXT_,
0x00, 0x00, 0x00, 0x00, 0x00, 0x00, 0x00, 0x00, 0x00, 0x00, 0x00, 0x00, 0x00, 0x00, 0x00, 0x00, 0x00, 0x00, 0x00, 0x00, 0x00, 0x00, 0x00, 0x00, 0x00, 0x00, 0x00, 0x00, 0x00, 0x00, 0x00, 0x00, 0x00, 0x00, 0x00, 0x00, 0x00, 0x00, 0x00, 0x00, 0x00, 0x00, 0x00, 0x00, 0x00, 0x00, 0x00, 0x00, 0x00, 0x00, 0x00, 0x00, 0x00, 0x00, 0x00, 0x00, 0x00, 0x00, 0x00, 0x00, _END_,





};

#elif(_LOGO_TYPE == _LOGO_KLKE)
BYTE code tiOSD_1BIT_LOGO0[]=
{


 ////////////////////////////////////////////Font Map index////////////////////////////////////////////
 0x00, 0x00, 0x00, 0x00, 0x00, 0x00, 0x00, 0x00, 0x00, 0x00, 0x00, 0x00, 0x00, 0x00, 0x00, 0x00, 0x00, 0x00, 0x00, 0x00, 0x00, 0x00, 0x00, 0x00, 0x00, 0x00, 0x00, 0x00, 0x00, 0x00, 0x00, 0x00, 0x00, 0x00, 0x00, 0x00, 0x00, 0x00, 0x00, 0x00, 0x00, 0x00, 0x00, 0x00, 0x00, 0x00, 0x00, 0x01, 0x02, 0x00, _NEXT_,
 0x00, 0x00, 0x00, 0x00, 0x00, 0x00, 0x00, 0x00, 0x00, 0x00, 0x00, 0x00, 0x00, 0x00, 0x00, 0x00, 0x00, 0x00, 0x00, 0x00, 0x00, 0x00, 0x00, 0x00, 0x00, 0x00, 0x00, 0x00, 0x00, 0x00, 0x00, 0x00, 0x00, 0x00, 0x00, 0x00, 0x00, 0x00, 0x00, 0x00, 0x00, 0x00, 0x00, 0x00, 0x00, 0x03, 0x04, 0x05, 0x06, 0x07, _NEXT_,
 0x00, 0x00, 0x08, 0x09, 0x0A, 0x00, 0x00, 0x00, 0x0B, 0x0C, 0x09, 0x0D, 0x00, 0x00, 0x0E, 0x0E, 0x0F, 0x00, 0x00, 0x00, 0x00, 0x00, 0x00, 0x10, 0x09, 0x11, 0x00, 0x00, 0x00, 0x12, 0x13, 0x09, 0x14, 0x15, 0x00, 0x16, 0x09, 0x09, 0x09, 0x09, 0x09, 0x09, 0x09, 0x17, 0x00, 0x18, 0x19, 0x1A, 0x1B, 0x1C, _NEXT_,
 0x00, 0x00, 0x1D, 0x1E, 0x1F, 0x00, 0x20, 0x21, 0x22, 0x23, 0x24, 0x00, 0x00, 0x00, 0x1E, 0x1E, 0x25, 0x00, 0x00, 0x00, 0x00, 0x00, 0x00, 0x26, 0x1E, 0x27, 0x00, 0x00, 0x28, 0x29, 0x1E, 0x2A, 0x2B, 0x00, 0x00, 0x2C, 0x1E, 0x2D, 0x2E, 0x2E, 0x2E, 0x2E, 0x2E, 0x2F, 0x00, 0x00, 0x30, 0x31, 0x32, 0x00, _NEXT_,
 0x00, 0x00, 0x1D, 0x1E, 0x1F, 0x33, 0x34, 0x1E, 0x35, 0x36, 0x00, 0x00, 0x00, 0x00, 0x1E, 0x1E, 0x25, 0x00, 0x00, 0x00, 0x00, 0x00, 0x00, 0x26, 0x1E, 0x27, 0x37, 0x38, 0x39, 0x3A, 0x3B, 0x00, 0x00, 0x00, 0x00, 0x2C, 0x1E, 0x3C, 0x00, 0x00, 0x00, 0x00, 0x00, 0x00, 0x00, 0x00, 0x00, 0x00, 0x00, 0x00, _NEXT_,
 0x00, 0x00, 0x1D, 0x1E, 0x3D, 0x3E, 0x1E, 0x3F, 0x40, 0x00, 0x00, 0x00, 0x00, 0x00, 0x1E, 0x1E, 0x25, 0x00, 0x00, 0x00, 0x00, 0x00, 0x00, 0x26, 0x1E, 0x41, 0x42, 0x1E, 0x1E, 0x43, 0x00, 0x00, 0x00, 0x00, 0x00, 0x2C, 0x1E, 0x44, 0x45, 0x45, 0x45, 0x45, 0x46, 0x00, 0x00, 0x00, 0x00, 0x00, 0x00, 0x00, _NEXT_,
 0x00, 0x00, 0x1D, 0x1E, 0x1E, 0x47, 0x48, 0x1E, 0x49, 0x4A, 0x00, 0x00, 0x00, 0x00, 0x1E, 0x1E, 0x25, 0x00, 0x00, 0x00, 0x00, 0x00, 0x00, 0x26, 0x1E, 0x1E, 0x23, 0x4B, 0x4C, 0x4D, 0x4E, 0x00, 0x00, 0x00, 0x00, 0x2C, 0x1E, 0x4F, 0x50, 0x50, 0x50, 0x50, 0x51, 0x00, 0x00, 0x00, 0x00, 0x00, 0x00, 0x00, _NEXT_,
 0x00, 0x00, 0x1D, 0x1E, 0x52, 0x53, 0x00, 0x54, 0x1E, 0x55, 0x56, 0x00, 0x00, 0x00, 0x1E, 0x1E, 0x25, 0x00, 0x00, 0x00, 0x00, 0x00, 0x00, 0x26, 0x1E, 0x57, 0x58, 0x00, 0x59, 0x5A, 0x4D, 0x5B, 0x00, 0x00, 0x00, 0x2C, 0x1E, 0x3C, 0x00, 0x00, 0x00, 0x00, 0x00, 0x00, 0x00, 0x00, 0x00, 0x00, 0x00, 0x00, _NEXT_,
 0x00, 0x00, 0x1D, 0x1E, 0x1F, 0x00, 0x00, 0x5C, 0x5D, 0x1E, 0x5E, 0x5F, 0x00, 0x00, 0x1E, 0x1E, 0x60, 0x61, 0x61, 0x61, 0x61, 0x62, 0x00, 0x26, 0x1E, 0x27, 0x00, 0x00, 0x00, 0x63, 0x64, 0x65, 0x66, 0x00, 0x00, 0x2C, 0x1E, 0x67, 0x61, 0x61, 0x61, 0x61, 0x61, 0x68, 0x00, 0x00, 0x00, 0x00, 0x00, 0x00, _NEXT_,
 0x00, 0x69, 0x6A, 0x6B, 0x6C, 0x00, 0x00, 0x00, 0x6D, 0x6E, 0x6B, 0x6F, 0x00, 0x00, 0x6B, 0x6B, 0x6B, 0x6B, 0x6B, 0x6B, 0x6B, 0x70, 0x00, 0x71, 0x6B, 0x72, 0x00, 0x00, 0x00, 0x00, 0x73, 0x6B, 0x74, 0x75, 0x00, 0x76, 0x6B, 0x6B, 0x6B, 0x6B, 0x6B, 0x6B, 0x6B, 0x70, 0x00, 0x00, 0x00, 0x00, 0x00, 0x00, _END_,





};

#elif(_LOGO_TYPE == _LOGO_AIMU)

BYTE code tiOSD_1BIT_LOGO0[]={
0x00,0x00,0x00,0x00,0x00,0x00,0x00,0x00,0x01,0x02,0x02,0x03,0x04,0x05,0x05,0x06,0x07,0x00,0x00,0x00,0x00,0x00,0x00,0x00,0x00,0x00,0x00,0x08,0x09,0x09,0x09,0x0A,0x00,0x00,0x0B,0x09,0x0C,0x00,0x00, _NEXT_,
0x00,0x00,0x00,0x00,0x00,0x00,0x00,0x0D,0x0E,0x0F,0x0F,0x10,0x11,0x0F,0x0F,0x12,0x13,0x14,0x15,0x16,0x00,0x00,0x00,0x00,0x00,0x17,0x18,0x19,0x0F,0x0F,0x0F,0x1A,0x00,0x00,0x1B,0x0F,0x1C,0x00,0x00, _NEXT_,
0x00,0x00,0x00,0x00,0x00,0x00,0x1D,0x1E,0x0F,0x0F,0x0F,0x10,0x11,0x0F,0x0F,0x12,0x1F,0x0F,0x0F,0x20,0x21,0x22,0x23,0x24,0x25,0x26,0x0F,0x27,0x28,0x0F,0x0F,0x1A,0x00,0x00,0x1B,0x0F,0x1C,0x00,0x00, _NEXT_,
0x00,0x00,0x00,0x00,0x29,0x2A,0x2B,0x0F,0x2C,0x0F,0x0F,0x10,0x11,0x0F,0x0F,0x12,0x1F,0x0F,0x0F,0x2D,0x0F,0x0F,0x2E,0x0F,0x0F,0x2F,0x30,0x31,0x32,0x0F,0x0F,0x1A,0x00,0x00,0x1B,0x0F,0x1C,0x00,0x00, _NEXT_,
0x00,0x00,0x00,0x33,0x34,0x0F,0x35,0x36,0x37,0x0F,0x0F,0x10,0x11,0x0F,0x0F,0x12,0x1F,0x0F,0x0F,0x38,0x39,0x3A,0x3B,0x3C,0x3D,0x3E,0x0F,0x3F,0x32,0x0F,0x0F,0x40,0x00,0x00,0x41,0x0F,0x1C,0x00,0x00, _NEXT_,
0x00,0x00,0x42,0x43,0x0F,0x44,0x45,0x00,0x37,0x0F,0x0F,0x10,0x11,0x0F,0x0F,0x12,0x1F,0x0F,0x0F,0x46,0x00,0x00,0x47,0x00,0x00,0x48,0x0F,0x3F,0x49,0x4A,0x0F,0x4B,0x4C,0x4D,0x4E,0x0F,0x4F,0x00,0x00, _NEXT_,
0x00,0x50,0x51,0x0F,0x52,0x53,0x00,0x00,0x37,0x0F,0x0F,0x10,0x11,0x0F,0x0F,0x12,0x1F,0x0F,0x0F,0x46,0x00,0x00,0x00,0x00,0x00,0x48,0x0F,0x3F,0x00,0x54,0x55,0x56,0x57,0x58,0x59,0x5A,0x5B,0x00,0x00, _NEXT_,
0x00,0x5C,0x5D,0x5D,0x5E,0x00,0x00,0x00,0x5F,0x60,0x60,0x61,0x62,0x5D,0x5D,0x63,0x64,0x5D,0x5D,0x65,0x00,0x00,0x00,0x00,0x00,0x66,0x60,0x67,0x00,0x00,0x00,0x68,0x69,0x6A,0x6B,0x00,0x00,0x00,0x00, _NEXT_,
0x00,0x00,0x00,0x00,0x00,0x00,0x00,0x00,0x00,0x00,0x00,0x00,0x00,0x00,0x00,0x00,0x00,0x00,0x00,0x00,0x00,0x00,0x00,0x00,0x00,0x00,0x00,0x00,0x00,0x00,0x00,0x00,0x00,0x00,0x00,0x00,0x00,0x00,0x00, _END_,
};

#elif(_LOGO_TYPE == _LOGO_qNIX)
BYTE code tiOSD_1BIT_LOGO0[]=
{
	0x00, 0x00, 0x00, 0x00, 0x00, 0x00, 0x00, 0x00, 0x00, 0x00, 0x00, 0x00, 0x00, 0x00, 0x00, 0x00, 0x00, 0x00, 0x00, 0x00, 0x00, 0x00, 0x00, 0x00, 0x00, 0x00, 0x00, 0x00, 0x00, 0x00, 0x00, 0x00, 0x00, 0x00, 0x00, 0x00, 0x00, 0x00, 0x00, 0x00, 0x00, 0x00, 0x00, 0x00, 0x00, 0x00, 0x00, 0x00, 0x00, 0x00, 
	0x00, 0x00, 0x00, 0x00, 0x00, 0x00, 0x00, 0x00, 0x00, 0x00, 0x00, 0x00, 0x00, 0x00, 0x00, 0x00, 0x00, 0x00, 0x00, 0x00, 0x00, 0x00, 0x00, 0x00, 0x00, 0x00, 0x00, 0x00, 0x00, 0x00, 0x00, 0x00, 0x00, 0x00, 0x00, 0x00, 0x00, 0x00, 0x00, 0x00, 0x00, 0x00, 0x00, 0x00, 0x00, 0x00, 0x00, 0x00, 0x00, 0x00, 
	0x00, 0x00, 0x00, 0x00, 0x00, 0x00, 0x00, 0x00, 0x00, 0x00, 0x00, 0x00, 0x00, 0x00, 0x00, 0x00, 0x00, 0x00, 0x00, 0x00, 0x00, 0x00, 0x00, 0x00, 0x00, 0x00, 0x00, 0x00, 0x00, 0x00, 0x00, 0x00, 0x00, 0x00, 0x00, 0x00, 0x00, 0x00, 0x00, 0x00, 0x00, 0x00, 0x00, 0x00, 0x00, 0x00, 0x00, 0x00, 0x00, 0x00, 
	0x00, 0x00, 0x00, 0x00, 0x00, 0x00, 0x00, 0x01, 0x02, 0x03, 0x04, 0x05, 0x06, 0x07, 0x08, 0x09, 0x00, 0x00, 0x0A, 0x0B, 0x0B, 0x0C, 0x00, 0x00, 0x00, 0x0D, 0x0B, 0x0B, 0x0E, 0x0F, 0x0B, 0x0B, 0x10, 0x00, 0x11, 0x0B, 0x12, 0x13, 0x00, 0x00, 0x14, 0x15, 0x0B, 0x16, 0x17, 0x00, 0x00, 0x00, 0x00, 0x00, 
	0x00, 0x00, 0x00, 0x00, 0x00, 0x00, 0x18, 0x19, 0x19, 0x1A, 0x1B, 0x1C, 0x1D, 0x1E, 0x19, 0x1F, 0x20, 0x00, 0x21, 0x19, 0x22, 0x23, 0x24, 0x00, 0x00, 0x25, 0x19, 0x19, 0x26, 0x27, 0x19, 0x19, 0x28, 0x00, 0x29, 0x2A, 0x2B, 0x1F, 0x2C, 0x2D, 0x2E, 0x19, 0x2F, 0x30, 0x00, 0x00, 0x00, 0x00, 0x00, 0x00, 
	0x00, 0x00, 0x00, 0x00, 0x00, 0x31, 0x32, 0x19, 0x33, 0x00, 0x00, 0x00, 0x00, 0x34, 0x35, 0x19, 0x36, 0x00, 0x21, 0x19, 0x37, 0x38, 0x19, 0x39, 0x3A, 0x25, 0x19, 0x19, 0x26, 0x27, 0x19, 0x19, 0x28, 0x00, 0x00, 0x00, 0x3B, 0x3C, 0x19, 0x3D, 0x3E, 0x3F, 0x40, 0x00, 0x00, 0x00, 0x00, 0x00, 0x00, 0x00, 
	0x00, 0x00, 0x00, 0x00, 0x00, 0x41, 0x19, 0x19, 0x42, 0x00, 0x00, 0x00, 0x00, 0x43, 0x44, 0x19, 0x45, 0x00, 0x21, 0x19, 0x26, 0x46, 0x47, 0x19, 0x48, 0x49, 0x19, 0x19, 0x26, 0x27, 0x19, 0x19, 0x28, 0x00, 0x00, 0x00, 0x14, 0x4A, 0x19, 0x19, 0x4B, 0x4C, 0x00, 0x00, 0x00, 0x00, 0x00, 0x00, 0x00, 0x00, 
	0x00, 0x00, 0x00, 0x00, 0x00, 0x00, 0x4D, 0x19, 0x4E, 0x4F, 0x50, 0x00, 0x51, 0x52, 0x19, 0x19, 0x53, 0x00, 0x21, 0x19, 0x26, 0x00, 0x54, 0x55, 0x19, 0x56, 0x19, 0x19, 0x26, 0x27, 0x19, 0x19, 0x28, 0x00, 0x00, 0x57, 0x58, 0x19, 0x59, 0x5A, 0x5B, 0x5C, 0x5D, 0x5E, 0x00, 0x00, 0x00, 0x00, 0x00, 0x00, 
	0x00, 0x00, 0x00, 0x00, 0x00, 0x00, 0x5F, 0x60, 0x61, 0x19, 0x62, 0x63, 0x64, 0x19, 0x65, 0x66, 0x67, 0x5E, 0x21, 0x19, 0x26, 0x00, 0x00, 0x29, 0x68, 0x19, 0x19, 0x19, 0x26, 0x27, 0x19, 0x19, 0x28, 0x00, 0x69, 0x6A, 0x19, 0x6B, 0x40, 0x00, 0x6C, 0x6D, 0x19, 0x6E, 0x6F, 0x00, 0x00, 0x00, 0x00, 0x00, 
	0x00, 0x00, 0x00, 0x00, 0x00, 0x00, 0x00, 0x00, 0x00, 0x70, 0x71, 0x72, 0x73, 0x74, 0x75, 0x76, 0x76, 0x77, 0x78, 0x76, 0x79, 0x00, 0x00, 0x00, 0x00, 0x78, 0x76, 0x76, 0x79, 0x7A, 0x76, 0x76, 0x77, 0x7B, 0x76, 0x76, 0x7C, 0x00, 0x00, 0x00, 0x00, 0x75, 0x76, 0x76, 0x7D, 0x00, 0x00, 0x00, 0x00, 0x00, 
	0x00, 0x00, 0x00, 0x00, 0x00, 0x00, 0x00, 0x00, 0x00, 0x00, 0x00, 0x00, 0x00, 0x00, 0x00, 0x00, 0x00, 0x00, 0x00, 0x00, 0x00, 0x00, 0x00, 0x00, 0x00, 0x00, 0x00, 0x00, 0x00, 0x00, 0x00, 0x00, 0x00, 0x00, 0x00, 0x00, 0x00, 0x00, 0x00, 0x00, 0x00, 0x00, 0x00, 0x00, 0x00, 0x00, 0x00, 0x00, 0x00, 0x00, 
	0x00, 0x00, 0x00, 0x00, 0x00, 0x00, 0x00, 0x00, 0x00, 0x00, 0x00, 0x00, 0x00, 0x00, 0x00, 0x00, 0x00, 0x00, 0x00, 0x00, 0x00, 0x00, 0x00, 0x00, 0x00, 0x00, 0x00, 0x00, 0x00, 0x00, 0x00, 0x00, 0x00, 0x00, 0x00, 0x00, 0x00, 0x00, 0x00, 0x00, 0x00, 0x00, 0x00, 0x00, 0x00, 0x00, 0x00, 0x00, 0x00, 0x00, _END_,
};

#elif(_LOGO_TYPE == _LOGO_AIMU_no)


BYTE code tiOSD_1BIT_LOGO0[]={


  ////////////////////////////////////////////Font Map index////////////////////////////////////////////
  0x00, 0x00, 0x00, 0x00, 0x00, 0x00, 0x00, 0x00, 0x00, 0x00, 0x00, 0x00, 0x00, 0x00, 0x00, 0x00, 0x00, 0x00, 0x00, 0x00, 0x00, 0x00, 0x00, 0x00, 0x00, 0x00, 0x00, 0x00, 0x00, 0x00, 0x00, 0x00, 0x00, 0x00, 0x00, 0x00, 0x00, 0x00, 0x00, 0x00, 0x00, 0x00, 0x00, 0x00, 0x00, 0x00, 0x00, 0x00, 0x00, 0x00, 0x00, 0x00, 0x00, 0x00, 0x00, 0x00, 0x00, 0x00, 0x00, 0x00, 0x00, 0x00, 0x00, 0x00, 0x00, 0x00, 0x00, 0x00, 0x00, 0x00, _NEXT_,
  0x00, 0x00, 0x00, 0x00, 0x00, 0x00, 0x00, 0x00, 0x00, 0x00, 0x00, 0x00, 0x00, 0x00, 0x00, 0x00, 0x00, 0x00, 0x00, 0x00, 0x00, 0x00, 0x00, 0x00, 0x00, 0x00, 0x00, 0x00, 0x00, 0x00, 0x00, 0x00, 0x00, 0x00, 0x00, 0x00, 0x00, 0x00, 0x00, 0x00, 0x00, 0x00, 0x00, 0x00, 0x00, 0x00, 0x00, 0x00, 0x00, 0x00, 0x00, 0x00, 0x00, 0x00, 0x00, 0x00, 0x00, 0x00, 0x00, 0x00, 0x00, 0x00, 0x00, 0x00, 0x00, 0x00, 0x00, 0x00, 0x00, 0x00, _NEXT_,
  0x00, 0x00, 0x00, 0x00, 0x00, 0x00, 0x00, 0x00, 0x00, 0x00, 0x00, 0x00, 0x00, 0x00, 0x00, 0x00, 0x00, 0x00, 0x00, 0x00, 0x00, 0x00, 0x00, 0x00, 0x00, 0x00, 0x00, 0x00, 0x00, 0x00, 0x00, 0x00, 0x00, 0x00, 0x00, 0x00, 0x00, 0x00, 0x00, 0x00, 0x00, 0x00, 0x00, 0x00, 0x00, 0x00, 0x00, 0x00, 0x00, 0x00, 0x00, 0x00, 0x00, 0x00, 0x00, 0x00, 0x00, 0x00, 0x00, 0x00, 0x00, 0x00, 0x00, 0x00, 0x00, 0x00, 0x00, 0x00, 0x00, 0x00, _NEXT_,
  0x00, 0x00, 0x00, 0x00, 0x00, 0x00, 0x00, 0x00, 0x00, 0x00, 0x00, 0x00, 0x00, 0x00, 0x00, 0x00, 0x00, 0x00, 0x00, 0x00, 0x00, 0x00, 0x00, 0x00, 0x00, 0x00, 0x00, 0x00, 0x00, 0x00, 0x00, 0x00, 0x00, 0x00, 0x00, 0x00, 0x00, 0x00, 0x00, 0x00, 0x00, 0x00, 0x00, 0x00, 0x00, 0x00, 0x00, 0x00, 0x00, 0x00, 0x00, 0x00, 0x00, 0x00, 0x00, 0x00, 0x00, 0x00, 0x00, 0x00, 0x00, 0x00, 0x00, 0x00, 0x00, 0x00, 0x00, 0x00, 0x00, 0x00, _NEXT_,
  0x00, 0x00, 0x00, 0x00, 0x00, 0x00, 0x00, 0x00, 0x00, 0x00, 0x00, 0x00, 0x00, 0x00, 0x00, 0x00, 0x00, 0x01, 0x02, 0x03, 0x03, 0x03, 0x04, 0x00, 0x05, 0x03, 0x03, 0x03, 0x03, 0x06, 0x00, 0x07, 0x08, 0x00, 0x00, 0x00, 0x00, 0x00, 0x00, 0x00, 0x00, 0x00, 0x00, 0x00, 0x00, 0x00, 0x00, 0x00, 0x00, 0x09, 0x0A, 0x0B, 0x0B, 0x0B, 0x0B, 0x0B, 0x0C, 0x00, 0x00, 0x00, 0x0D, 0x0B, 0x0B, 0x0B, 0x0B, 0x0E, 0x00, 0x00, 0x00, 0x00, _NEXT_,
  0x00, 0x00, 0x00, 0x00, 0x00, 0x00, 0x00, 0x00, 0x00, 0x00, 0x00, 0x00, 0x00, 0x00, 0x00, 0x00, 0x0F, 0x10, 0x11, 0x11, 0x11, 0x11, 0x12, 0x00, 0x13, 0x11, 0x11, 0x11, 0x11, 0x14, 0x00, 0x15, 0x11, 0x16, 0x17, 0x18, 0x00, 0x00, 0x00, 0x00, 0x00, 0x00, 0x00, 0x00, 0x00, 0x00, 0x19, 0x1A, 0x1B, 0x1C, 0x11, 0x11, 0x11, 0x11, 0x11, 0x11, 0x1D, 0x00, 0x00, 0x00, 0x1E, 0x11, 0x11, 0x11, 0x11, 0x1F, 0x00, 0x00, 0x00, 0x00, _NEXT_,
  0x00, 0x00, 0x00, 0x00, 0x00, 0x00, 0x00, 0x00, 0x00, 0x00, 0x00, 0x00, 0x00, 0x00, 0x00, 0x20, 0x21, 0x11, 0x11, 0x11, 0x11, 0x11, 0x12, 0x00, 0x13, 0x11, 0x11, 0x11, 0x11, 0x14, 0x00, 0x15, 0x11, 0x11, 0x11, 0x22, 0x23, 0x24, 0x00, 0x00, 0x00, 0x00, 0x00, 0x00, 0x25, 0x26, 0x27, 0x11, 0x11, 0x11, 0x11, 0x11, 0x11, 0x11, 0x11, 0x11, 0x1D, 0x00, 0x00, 0x00, 0x28, 0x11, 0x11, 0x11, 0x11, 0x1F, 0x00, 0x00, 0x00, 0x00, _NEXT_,
  0x00, 0x00, 0x00, 0x00, 0x00, 0x00, 0x00, 0x00, 0x00, 0x00, 0x00, 0x00, 0x00, 0x00, 0x29, 0x2A, 0x11, 0x11, 0x11, 0x11, 0x11, 0x11, 0x12, 0x00, 0x13, 0x11, 0x11, 0x11, 0x11, 0x14, 0x00, 0x15, 0x11, 0x11, 0x11, 0x11, 0x11, 0x2B, 0x2C, 0x2D, 0x00, 0x00, 0x2E, 0x2F, 0x30, 0x11, 0x11, 0x11, 0x11, 0x11, 0x31, 0x32, 0x11, 0x11, 0x11, 0x11, 0x1D, 0x00, 0x00, 0x00, 0x28, 0x11, 0x11, 0x11, 0x11, 0x1F, 0x00, 0x00, 0x00, 0x00, _NEXT_,
  0x00, 0x00, 0x00, 0x00, 0x00, 0x00, 0x00, 0x00, 0x00, 0x00, 0x00, 0x00, 0x00, 0x33, 0x34, 0x11, 0x11, 0x11, 0x11, 0x11, 0x11, 0x11, 0x12, 0x00, 0x13, 0x11, 0x11, 0x11, 0x11, 0x14, 0x00, 0x15, 0x11, 0x11, 0x11, 0x11, 0x11, 0x11, 0x11, 0x35, 0x36, 0x37, 0x38, 0x11, 0x11, 0x11, 0x11, 0x39, 0x3A, 0x3B, 0x3C, 0x28, 0x11, 0x11, 0x11, 0x11, 0x3D, 0x00, 0x00, 0x00, 0x28, 0x11, 0x11, 0x11, 0x11, 0x1F, 0x00, 0x00, 0x00, 0x00, _NEXT_,
  0x00, 0x00, 0x00, 0x00, 0x00, 0x00, 0x00, 0x00, 0x00, 0x00, 0x00, 0x00, 0x3E, 0x3F, 0x11, 0x11, 0x11, 0x40, 0x41, 0x11, 0x11, 0x11, 0x12, 0x00, 0x13, 0x11, 0x11, 0x11, 0x11, 0x14, 0x00, 0x15, 0x11, 0x11, 0x11, 0x11, 0x42, 0x11, 0x11, 0x11, 0x11, 0x11, 0x11, 0x11, 0x11, 0x43, 0x44, 0x45, 0x46, 0x30, 0x47, 0x28, 0x11, 0x11, 0x11, 0x11, 0x1F, 0x00, 0x00, 0x00, 0x28, 0x11, 0x11, 0x11, 0x11, 0x1F, 0x00, 0x00, 0x00, 0x00, _NEXT_,
  0x00, 0x00, 0x00, 0x00, 0x00, 0x00, 0x00, 0x00, 0x00, 0x00, 0x00, 0x48, 0x49, 0x11, 0x11, 0x11, 0x4A, 0x4B, 0x4C, 0x11, 0x11, 0x11, 0x12, 0x00, 0x13, 0x11, 0x11, 0x11, 0x11, 0x14, 0x00, 0x15, 0x11, 0x11, 0x11, 0x11, 0x4D, 0x4E, 0x4F, 0x11, 0x11, 0x11, 0x11, 0x50, 0x51, 0x52, 0x53, 0x54, 0x11, 0x11, 0x47, 0x28, 0x11, 0x11, 0x11, 0x11, 0x1F, 0x00, 0x00, 0x00, 0x28, 0x11, 0x11, 0x11, 0x11, 0x1F, 0x00, 0x00, 0x00, 0x00, _NEXT_,
  0x00, 0x00, 0x00, 0x00, 0x00, 0x00, 0x00, 0x00, 0x00, 0x00, 0x55, 0x56, 0x11, 0x11, 0x11, 0x57, 0x58, 0x00, 0x4C, 0x11, 0x11, 0x11, 0x12, 0x00, 0x13, 0x11, 0x11, 0x11, 0x11, 0x14, 0x00, 0x15, 0x11, 0x11, 0x11, 0x11, 0x1D, 0x00, 0x59, 0x5A, 0x5B, 0x5C, 0x5D, 0x5E, 0x00, 0x00, 0x4C, 0x11, 0x11, 0x11, 0x47, 0x5F, 0x11, 0x11, 0x11, 0x11, 0x60, 0x00, 0x00, 0x00, 0x61, 0x11, 0x11, 0x11, 0x11, 0x1F, 0x00, 0x00, 0x00, 0x00, _NEXT_,
  0x00, 0x00, 0x00, 0x00, 0x00, 0x00, 0x00, 0x00, 0x00, 0x62, 0x1C, 0x11, 0x11, 0x11, 0x63, 0x64, 0x00, 0x00, 0x4C, 0x11, 0x11, 0x11, 0x12, 0x00, 0x13, 0x11, 0x11, 0x11, 0x11, 0x14, 0x00, 0x15, 0x11, 0x11, 0x11, 0x11, 0x65, 0x00, 0x00, 0x00, 0x66, 0x67, 0x00, 0x00, 0x00, 0x00, 0x4C, 0x11, 0x11, 0x11, 0x47, 0x00, 0x68, 0x11, 0x11, 0x11, 0x69, 0x6A, 0x00, 0x6B, 0x6C, 0x11, 0x11, 0x11, 0x6D, 0x00, 0x00, 0x00, 0x00, 0x00, _NEXT_,
  0x00, 0x00, 0x00, 0x00, 0x00, 0x00, 0x00, 0x00, 0x6E, 0x11, 0x11, 0x11, 0x11, 0x6F, 0x00, 0x00, 0x00, 0x00, 0x4C, 0x11, 0x11, 0x11, 0x12, 0x00, 0x13, 0x11, 0x11, 0x11, 0x11, 0x14, 0x00, 0x15, 0x11, 0x11, 0x11, 0x11, 0x1F, 0x00, 0x00, 0x00, 0x00, 0x00, 0x00, 0x00, 0x00, 0x00, 0x4C, 0x11, 0x11, 0x11, 0x47, 0x00, 0x70, 0x11, 0x11, 0x11, 0x11, 0x71, 0x00, 0x72, 0x11, 0x11, 0x11, 0x11, 0x73, 0x00, 0x00, 0x00, 0x00, 0x00, _NEXT_,
  0x00, 0x00, 0x00, 0x00, 0x00, 0x00, 0x19, 0x74, 0x11, 0x11, 0x11, 0x11, 0x75, 0x00, 0x00, 0x00, 0x00, 0x00, 0x4C, 0x11, 0x11, 0x11, 0x12, 0x00, 0x13, 0x11, 0x11, 0x11, 0x11, 0x14, 0x00, 0x15, 0x11, 0x11, 0x11, 0x11, 0x1F, 0x00, 0x00, 0x00, 0x00, 0x00, 0x00, 0x00, 0x00, 0x00, 0x4C, 0x11, 0x11, 0x11, 0x47, 0x00, 0x00, 0x76, 0x77, 0x11, 0x11, 0x12, 0x00, 0x78, 0x11, 0x11, 0x39, 0x79, 0x00, 0x00, 0x00, 0x00, 0x00, 0x00, _NEXT_,
  0x00, 0x00, 0x00, 0x00, 0x00, 0x19, 0x7A, 0x11, 0x11, 0x11, 0x7B, 0x7C, 0x00, 0x00, 0x00, 0x00, 0x00, 0x00, 0x4C, 0x11, 0x11, 0x11, 0x12, 0x00, 0x13, 0x11, 0x11, 0x11, 0x11, 0x14, 0x00, 0x15, 0x11, 0x11, 0x11, 0x11, 0x1F, 0x00, 0x00, 0x00, 0x00, 0x00, 0x00, 0x00, 0x00, 0x00, 0x4C, 0x11, 0x11, 0x11, 0x47, 0x00, 0x00, 0x00, 0x7D, 0x7E, 0x7F, 0x80, 0x00, 0x81, 0x82, 0x83, 0x84, 0x00, 0x00, 0x00, 0x00, 0x00, 0x00, 0x00, _NEXT_,
  0x00, 0x00, 0x00, 0x00, 0x00, 0x85, 0x86, 0x86, 0x86, 0x86, 0x87, 0x00, 0x00, 0x00, 0x00, 0x00, 0x00, 0x00, 0x88, 0x86, 0x86, 0x86, 0x89, 0x00, 0x85, 0x86, 0x86, 0x86, 0x86, 0x8A, 0x00, 0x8B, 0x86, 0x86, 0x86, 0x86, 0x00, 0x00, 0x00, 0x00, 0x00, 0x00, 0x00, 0x00, 0x00, 0x00, 0x88, 0x86, 0x86, 0x86, 0x8C, 0x00, 0x00, 0x00, 0x00, 0x00, 0x00, 0x8D, 0x00, 0x8E, 0x00, 0x00, 0x00, 0x00, 0x00, 0x00, 0x00, 0x00, 0x00, 0x00, _NEXT_,
  0x00, 0x00, 0x00, 0x00, 0x00, 0x00, 0x00, 0x00, 0x00, 0x00, 0x00, 0x00, 0x00, 0x00, 0x00, 0x00, 0x00, 0x00, 0x00, 0x00, 0x00, 0x00, 0x00, 0x00, 0x00, 0x00, 0x00, 0x00, 0x00, 0x00, 0x00, 0x00, 0x00, 0x00, 0x00, 0x00, 0x00, 0x00, 0x00, 0x00, 0x00, 0x00, 0x00, 0x00, 0x00, 0x00, 0x00, 0x00, 0x00, 0x00, 0x00, 0x00, 0x00, 0x00, 0x00, 0x00, 0x00, 0x00, 0x00, 0x00, 0x00, 0x00, 0x00, 0x00, 0x00, 0x00, 0x00, 0x00, 0x00, 0x00,_NEXT_, 
  0x00, 0x00, 0x00, 0x00, 0x00, 0x00, 0x00, 0x00, 0x00, 0x00, 0x00, 0x00, 0x00, 0x00, 0x00, 0x00, 0x00, 0x00, 0x00, 0x00, 0x00, 0x00, 0x00, 0x00, 0x00, 0x00, 0x00, 0x00, 0x00, 0x00, 0x00, 0x00, 0x00, 0x00, 0x00, 0x00, 0x00, 0x00, 0x00, 0x00, 0x00, 0x00, 0x00, 0x00, 0x00, 0x00, 0x00, 0x00, 0x00, 0x00, 0x00, 0x00, 0x00, 0x00, 0x00, 0x00, 0x00, 0x00, 0x00, 0x00, 0x00, 0x00, 0x00, 0x00, 0x00, 0x00, 0x00, 0x00, 0x00, 0x00, _NEXT_,
  0x00, 0x00, 0x00, 0x00, 0x00, 0x00, 0x00, 0x00, 0x00, 0x00, 0x00, 0x00, 0x00, 0x00, 0x00, 0x00, 0x00, 0x00, 0x00, 0x00, 0x00, 0x00, 0x00, 0x00, 0x00, 0x00, 0x00, 0x00, 0x00, 0x00, 0x00, 0x00, 0x00, 0x00, 0x00, 0x00, 0x00, 0x00, 0x00, 0x00, 0x00, 0x00, 0x00, 0x00, 0x00, 0x00, 0x00, 0x00, 0x00, 0x00, 0x00, 0x00, 0x00, 0x00, 0x00, 0x00, 0x00, 0x00, 0x00, 0x00, 0x00, 0x00, 0x00, 0x00, 0x00, 0x00, 0x00, 0x00, 0x00, 0x00,   _END_,




};

#elif(_LOGO_TYPE == _LOGO_KONKA)


BYTE code tiOSD_1BIT_LOGO0[]={



0x00, 0x00, 0x00, 0x00, 0x00, 0x00, 0x00, 0x00, 0x00, 0x00, 0x00, 0x00, 0x00, 0x00, 0x00, 0x00, 0x00, 0x00, 0x00, 0x00, 0x00, 0x00, 0x00, 0x00, 0x00, 0x00, 0x00, 0x00, 0x00, 0x00, 0x00, 0x00, 0x00, 0x00, 0x00, 0x00, 0x00, 0x00, 0x00, 0x00, 0x00, 0x00, 0x00, 0x00, 0x00, 0x00, 0x00, 0x00, 0x00, 0x00, 0x00, 0x00, 0x00, 0x00, 0x00, 0x00, 0x00, 0x00, 0x00, 0x00, 0x00, 0x00, 0x00, 0x00, 0x00, 0x00, 0x00, _NEXT_,
0x00, 0x00, 0x00, 0x00, 0x00, 0x00, 0x00, 0x00, 0x00, 0x00, 0x00, 0x00, 0x00, 0x00, 0x00, 0x00, 0x00, 0x00, 0x00, 0x00, 0x00, 0x00, 0x00, 0x00, 0x00, 0x00, 0x00, 0x00, 0x00, 0x00, 0x00, 0x00, 0x00, 0x00, 0x00, 0x00, 0x00, 0x00, 0x00, 0x00, 0x00, 0x00, 0x00, 0x00, 0x00, 0x00, 0x00, 0x00, 0x00, 0x00, 0x00, 0x00, 0x00, 0x00, 0x00, 0x00, 0x00, 0x00, 0x00, 0x00, 0x00, 0x00, 0x00, 0x00, 0x00, 0x00, 0x00, _NEXT_,
0x00, 0x00, 0x00, 0x00, 0x00, 0x00, 0x00, 0x00, 0x00, 0x00, 0x00, 0x00, 0x00, 0x00, 0x00, 0x00, 0x00, 0x00, 0x00, 0x00, 0x00, 0x00, 0x00, 0x00, 0x00, 0x00, 0x00, 0x00, 0x00, 0x00, 0x00, 0x00, 0x00, 0x00, 0x00, 0x00, 0x00, 0x00, 0x00, 0x00, 0x00, 0x00, 0x00, 0x00, 0x00, 0x00, 0x00, 0x00, 0x00, 0x00, 0x00, 0x00, 0x00, 0x00, 0x00, 0x00, 0x00, 0x00, 0x00, 0x00, 0x00, 0x00, 0x00, 0x00, 0x00, 0x00, 0x00, _NEXT_,
0x00, 0x00, 0x00, 0x00, 0x00, 0x00, 0x00, 0x00, 0x00, 0x00, 0x00, 0x00, 0x00, 0x00, 0x00, 0x00, 0x00, 0x00, 0x00, 0x00, 0x00, 0x00, 0x00, 0x00, 0x00, 0x00, 0x00, 0x00, 0x00, 0x00, 0x00, 0x00, 0x00, 0x00, 0x00, 0x00, 0x00, 0x00, 0x00, 0x00, 0x00, 0x00, 0x00, 0x00, 0x00, 0x00, 0x00, 0x00, 0x00, 0x00, 0x00, 0x00, 0x00, 0x00, 0x00, 0x00, 0x00, 0x00, 0x00, 0x00, 0x00, 0x00, 0x00, 0x00, 0x00, 0x00, 0x00, _NEXT_,
0x00, 0x00, 0x01, 0x02, 0x03, 0x00, 0x00, 0x04, 0x05, 0x06, 0x07, 0x08, 0x09, 0x02, 0x02, 0x02, 0x02, 0x02, 0x0A, 0x0B, 0x01, 0x02, 0x0C, 0x0D, 0x00, 0x00, 0x0E, 0x02, 0x0F, 0x10, 0x11, 0x12, 0x00, 0x00, 0x13, 0x14, 0x15, 0x16, 0x00, 0x00, 0x17, 0x11, 0x18, 0x00, 0x00, 0x00, 0x00, 0x00, 0x19, 0x1A, 0x1B, 0x1C, 0x11, 0x1D, 0x1B, 0x1E, 0x00, 0x1F, 0x20, 0x21, 0x22, 0x23, 0x21, 0x24, 0x00, 0x00, 0x00,_NEXT_, 
0x00, 0x00, 0x25, 0x26, 0x27, 0x28, 0x29, 0x2A, 0x2B, 0x2C, 0x00, 0x2D, 0x2E, 0x2F, 0x30, 0x30, 0x30, 0x31, 0x26, 0x32, 0x25, 0x26, 0x33, 0x34, 0x35, 0x00, 0x36, 0x26, 0x37, 0x36, 0x26, 0x38, 0x39, 0x3A, 0x3B, 0x3C, 0x3D, 0x00, 0x00, 0x3E, 0x3F, 0x40, 0x41, 0x42, 0x00, 0x00, 0x00, 0x00, 0x43, 0x44, 0x45, 0x46, 0x26, 0x47, 0x11, 0x48, 0x49, 0x4A, 0x4B, 0x4C, 0x4D, 0x4E, 0x4C, 0x4F, 0x00, 0x00, 0x00, _NEXT_,
0x00, 0x00, 0x25, 0x26, 0x50, 0x51, 0x52, 0x53, 0x00, 0x00, 0x00, 0x26, 0x54, 0x00, 0x00, 0x00, 0x00, 0x55, 0x26, 0x56, 0x25, 0x26, 0x57, 0x58, 0x41, 0x59, 0x5A, 0x26, 0x37, 0x36, 0x26, 0x5B, 0x5C, 0x26, 0x5D, 0x00, 0x00, 0x00, 0x5E, 0x5F, 0x60, 0x61, 0x62, 0x63, 0x64, 0x00, 0x00, 0x00, 0x65, 0x66, 0x67, 0x68, 0x26, 0x69, 0x26, 0x6A, 0x6B, 0x26, 0x6C, 0x30, 0x6D, 0x6E, 0x30, 0x6F, 0x00, 0x00, 0x00,_NEXT_, 
0x00, 0x00, 0x25, 0x26, 0x70, 0x71, 0x72, 0x73, 0x74, 0x00, 0x00, 0x26, 0x75, 0x76, 0x77, 0x77, 0x77, 0x78, 0x26, 0x56, 0x25, 0x26, 0x27, 0x00, 0x79, 0x7A, 0x7B, 0x26, 0x37, 0x36, 0x26, 0x38, 0x7C, 0x7D, 0x7E, 0x7F, 0x80, 0x81, 0x82, 0x26, 0x83, 0x84, 0x85, 0x26, 0x86, 0x87, 0x00, 0x00, 0x4A, 0x88, 0x89, 0x8A, 0x26, 0x8B, 0x8C, 0x8D, 0x8E, 0x26, 0x8F, 0x90, 0x91, 0x92, 0x90, 0x93, 0x00, 0x00, 0x00, _NEXT_,
0x00, 0x00, 0x25, 0x26, 0x27, 0x00, 0x94, 0x95, 0x96, 0x97, 0x0D, 0x98, 0x99, 0x26, 0x26, 0x26, 0x26, 0x26, 0x9A, 0x9B, 0x25, 0x26, 0x27, 0x00, 0x00, 0x9C, 0x9D, 0x26, 0x37, 0x36, 0x26, 0x38, 0x00, 0x9E, 0x9F, 0xA0, 0xA1, 0xA2, 0xA3, 0xA4, 0xA5, 0xA5, 0xA5, 0xA6, 0xA7, 0xA8, 0xA9, 0x0E, 0x26, 0xAA, 0xAB, 0xAC, 0x26, 0xAD, 0xAE, 0xAF, 0x8E, 0x26, 0xB0, 0xB1, 0xB2, 0xB3, 0xB1, 0xB4, 0x00, 0x00, 0x00, _NEXT_,
0x00, 0x00, 0xB5, 0xA5, 0xB6, 0x00, 0x00, 0x00, 0xB7, 0xA5, 0xB8, 0x00, 0xB5, 0xA5, 0xA5, 0xA5, 0xA5, 0xB9, 0x00, 0x00, 0xB5, 0xA5, 0xB6, 0x00, 0x00, 0x00, 0xBA, 0xA5, 0xB9, 0x9E, 0xA5, 0xB8, 0x00, 0x00, 0x00, 0xBA, 0xA5, 0xA5, 0xBB, 0x00, 0x00, 0x00, 0x00, 0x00, 0xB7, 0xA5, 0xBC, 0x9E, 0xA5, 0xBD, 0xB8, 0xBE, 0xA5, 0xBC, 0xB7, 0xBF, 0xC0, 0xA5, 0xC1, 0xA5, 0xA5, 0xA5, 0xA5, 0xB9, 0x00, 0x00, 0x00, _NEXT_,
0x00, 0x00, 0x00, 0x00, 0x00, 0x00, 0x00, 0x00, 0x00, 0x00, 0x00, 0x00, 0x00, 0x00, 0x00, 0x00, 0x00, 0x00, 0x00, 0x00, 0x00, 0x00, 0x00, 0x00, 0x00, 0x00, 0x00, 0x00, 0x00, 0x00, 0x00, 0x00, 0x00, 0x00, 0x00, 0x00, 0x00, 0x00, 0x00, 0x00, 0x00, 0x00, 0x00, 0x00, 0x00, 0x00, 0x00, 0x00, 0x00, 0x00, 0x00, 0x00, 0x00, 0x00, 0x00, 0x00, 0x00, 0x00, 0x00, 0x00, 0x00, 0x00, 0x00, 0x00, 0x00, 0x00, 0x00, _NEXT_,
0x00, 0x00, 0x00, 0x00, 0x00, 0x00, 0x00, 0x00, 0x00, 0x00, 0x00, 0x00, 0x00, 0x00, 0x00, 0x00, 0x00, 0x00, 0x00, 0x00, 0x00, 0x00, 0x00, 0x00, 0x00, 0x00, 0x00, 0x00, 0x00, 0x00, 0x00, 0x00, 0x00, 0x00, 0x00, 0x00, 0x00, 0x00, 0x00, 0x00, 0x00, 0x00, 0x00, 0x00, 0x00, 0x00, 0x00, 0x00, 0x00, 0x00, 0x00, 0x00, 0x00, 0x00, 0x00, 0x00, 0x00, 0x00, 0x00, 0x00, 0x00, 0x00, 0x00, 0x00, 0x00, 0x00, 0x00, _END_,


};
#elif(_LOGO_TYPE == _LOGO_KONKA)


BYTE code tiOSD_1BIT_LOGO0[]={
	////////////////////////////////////////////Font Map index////////////////////////////////////////////
	0x00, 0x00, 0x01, 0x02, 0x03, 0x04, 0x05, 0x06, 0x07, 0x08, 0x00, 0x00, 0x00, 0x00, 0x00, 0x09, 0x05, 0x05, 0x0A, 0x00, 0x00, 0x00, 0x00, 0x00, 0x0B, 0x05, 0x05, 0x0C, 0x00, 0x00, 0x0D, 0x0E, 0x0E, 0x0E, 0x0E, 0x0E, 0x0E, 0x0E, 0x0E, 0x0F, 0x10, 0x00, 0x00, 0x00, 0x00, 0x00, 0x11, 0x12, 0x13, 0x05, 0x14, 0x15, 0x16, 0x17, 0x00, 0x00, 0x00, 0x00, 0x00, 0x18, 0x0E, 0x19,_NEXT_, 
	0x00, 0x1A, 0x1B, 0x1C, 0x1C, 0x1D, 0x1E, 0x1C, 0x1C, 0x1C, 0x1F, 0x20, 0x00, 0x00, 0x00, 0x21, 0x1C, 0x1C, 0x22, 0x00, 0x00, 0x00, 0x00, 0x00, 0x23, 0x1C, 0x1C, 0x24, 0x00, 0x00, 0x23, 0x1C, 0x1C, 0x1C, 0x1C, 0x1C, 0x1C, 0x1C, 0x1C, 0x1C, 0x1C, 0x25, 0x00, 0x00, 0x26, 0x27, 0x28, 0x1C, 0x1C, 0x29, 0x2A, 0x1C, 0x1C, 0x2B, 0x2C, 0x00, 0x00, 0x00, 0x00, 0x2D, 0x1C, 0x2E, _NEXT_,
	0x2F, 0x30, 0x1C, 0x31, 0x32, 0x33, 0x00, 0x34, 0x35, 0x36, 0x1C, 0x37, 0x00, 0x00, 0x00, 0x21, 0x1C, 0x1C, 0x22, 0x00, 0x00, 0x00, 0x00, 0x00, 0x23, 0x1C, 0x1C, 0x24, 0x00, 0x00, 0x38, 0x39, 0x39, 0x39, 0x39, 0x39, 0x39, 0x3A, 0x3B, 0x1C, 0x3C, 0x3D, 0x00, 0x00, 0x3E, 0x1C, 0x3F, 0x40, 0x41, 0x00, 0x42, 0x43, 0x44, 0x1C, 0x45, 0x46, 0x00, 0x00, 0x00, 0x2D, 0x1C, 0x2E, _NEXT_,
	0x47, 0x1C, 0x1C, 0x48, 0x00, 0x00, 0x00, 0x00, 0x00, 0x49, 0x1C, 0x1C, 0x4A, 0x00, 0x00, 0x21, 0x1C, 0x1C, 0x22, 0x00, 0x00, 0x00, 0x00, 0x00, 0x23, 0x1C, 0x1C, 0x24, 0x00, 0x00, 0x00, 0x00, 0x00, 0x00, 0x00, 0x00, 0x4B, 0x4C, 0x1C, 0x4D, 0x4E, 0x00, 0x00, 0x4F, 0x50, 0x1C, 0x51, 0x00, 0x00, 0x00, 0x00, 0x00, 0x52, 0x53, 0x1C, 0x54, 0x00, 0x00, 0x00, 0x2D, 0x1C, 0x2E, _NEXT_,
	0x55, 0x1C, 0x1C, 0x56, 0x00, 0x00, 0x00, 0x00, 0x00, 0x57, 0x1C, 0x1C, 0x58, 0x00, 0x00, 0x21, 0x1C, 0x1C, 0x22, 0x00, 0x00, 0x00, 0x00, 0x00, 0x23, 0x1C, 0x1C, 0x24, 0x00, 0x00, 0x00, 0x00, 0x00, 0x00, 0x00, 0x59, 0x5A, 0x1C, 0x5B, 0x5C, 0x00, 0x00, 0x00, 0x5D, 0x1C, 0x1C, 0x5E, 0x00, 0x00, 0x00, 0x00, 0x00, 0x00, 0x5F, 0x1C, 0x60, 0x00, 0x00, 0x00, 0x2D, 0x1C, 0x2E, _NEXT_,
	0x61, 0x1C, 0x1C, 0x62, 0x0E, 0x0E, 0x0E, 0x0E, 0x0E, 0x63, 0x1C, 0x1C, 0x24, 0x00, 0x00, 0x21, 0x1C, 0x1C, 0x22, 0x00, 0x00, 0x00, 0x00, 0x00, 0x23, 0x1C, 0x1C, 0x24, 0x00, 0x00, 0x00, 0x00, 0x00, 0x00, 0x64, 0x65, 0x1C, 0x66, 0x67, 0x00, 0x00, 0x00, 0x00, 0x68, 0x1C, 0x1C, 0x69, 0x0E, 0x0E, 0x0E, 0x0E, 0x0E, 0x0E, 0x6A, 0x1C, 0x6B, 0x00, 0x00, 0x00, 0x2D, 0x1C, 0x2E,_NEXT_, 
	0x61, 0x1C, 0x1C, 0x61, 0x1C, 0x1C, 0x1C, 0x1C, 0x1C, 0x1C, 0x1C, 0x1C, 0x24, 0x00, 0x00, 0x21, 0x1C, 0x1C, 0x22, 0x00, 0x00, 0x00, 0x00, 0x00, 0x23, 0x1C, 0x1C, 0x24, 0x00, 0x00, 0x00, 0x00, 0x00, 0x6C, 0x6D, 0x1C, 0x6E, 0x6F, 0x00, 0x00, 0x00, 0x00, 0x00, 0x68, 0x1C, 0x1C, 0x70, 0x1C, 0x1C, 0x1C, 0x1C, 0x1C, 0x1C, 0x1C, 0x1C, 0x2E, 0x00, 0x00, 0x00, 0x2D, 0x1C, 0x2E,_NEXT_, 
	0x61, 0x1C, 0x1C, 0x71, 0x39, 0x39, 0x39, 0x39, 0x39, 0x72, 0x1C, 0x1C, 0x24, 0x00, 0x00, 0x73, 0x1C, 0x1C, 0x22, 0x00, 0x00, 0x00, 0x00, 0x00, 0x23, 0x1C, 0x1C, 0x24, 0x00, 0x00, 0x00, 0x01, 0x74, 0x1C, 0x1C, 0x75, 0x76, 0x00, 0x00, 0x00, 0x00, 0x00, 0x00, 0x68, 0x1C, 0x1C, 0x77, 0x39, 0x39, 0x39, 0x39, 0x39, 0x39, 0x78, 0x1C, 0x2E, 0x00, 0x00, 0x00, 0x2D, 0x1C, 0x2E, _NEXT_,
	0x61, 0x1C, 0x1C, 0x00, 0x00, 0x00, 0x00, 0x00, 0x00, 0x68, 0x1C, 0x1C, 0x24, 0x00, 0x00, 0x79, 0x1C, 0x1C, 0x7A, 0x00, 0x00, 0x00, 0x00, 0x00, 0x7B, 0x1C, 0x1C, 0x7C, 0x00, 0x00, 0x7D, 0x7E, 0x1C, 0x1C, 0x7F, 0x80, 0x00, 0x00, 0x00, 0x00, 0x00, 0x00, 0x00, 0x68, 0x1C, 0x1C, 0x5E, 0x00, 0x00, 0x00, 0x00, 0x00, 0x00, 0x5F, 0x1C, 0x2E, 0x00, 0x00, 0x00, 0x2D, 0x1C, 0x2E, _NEXT_,
	0x61, 0x1C, 0x1C, 0x00, 0x00, 0x00, 0x00, 0x00, 0x00, 0x68, 0x1C, 0x1C, 0x24, 0x00, 0x00, 0x81, 0x82, 0x1C, 0x83, 0x84, 0x85, 0x00, 0x86, 0x87, 0x65, 0x1C, 0x88, 0x89, 0x00, 0x8A, 0x8B, 0x1C, 0x8C, 0x8D, 0x00, 0x00, 0x00, 0x00, 0x00, 0x00, 0x00, 0x00, 0x00, 0x68, 0x1C, 0x1C, 0x5E, 0x00, 0x00, 0x00, 0x00, 0x00, 0x00, 0x5F, 0x1C, 0x2E, 0x00, 0x00, 0x00, 0x2D, 0x1C, 0x2E, _NEXT_,
	0x61, 0x1C, 0x1C, 0x00, 0x00, 0x00, 0x00, 0x00, 0x00, 0x68, 0x1C, 0x1C, 0x24, 0x00, 0x00, 0x00, 0x8E, 0x8F, 0x1C, 0x1C, 0x90, 0x91, 0x92, 0x1C, 0x1C, 0x93, 0x94, 0x00, 0x00, 0x95, 0x1C, 0x1C, 0x96, 0x97, 0x97, 0x97, 0x97, 0x97, 0x97, 0x97, 0x97, 0x98, 0x00, 0x68, 0x1C, 0x1C, 0x5E, 0x00, 0x00, 0x00, 0x00, 0x00, 0x00, 0x5F, 0x1C, 0x2E, 0x00, 0x00, 0x00, 0x2D, 0x1C, 0x2E, _NEXT_,
	0x99, 0x9A, 0x9A, 0x00, 0x00, 0x00, 0x00, 0x00, 0x00, 0x9B, 0x9A, 0x9A, 0x9C, 0x00, 0x00, 0x00, 0x00, 0x9D, 0x9E, 0x9F, 0xA0, 0x9A, 0xA1, 0xA2, 0xA3, 0x00, 0x00, 0x00, 0x00, 0xA4, 0xA5, 0xA6, 0x9A, 0x9A, 0x9A, 0x9A, 0x9A, 0x9A, 0x9A, 0x9A, 0x9A, 0xA7, 0x00, 0xA8, 0x9A, 0x9A, 0xA9, 0x00, 0x00, 0x00, 0x00, 0x00, 0x00, 0xAA, 0x9A, 0xAB, 0x00, 0x00, 0x00, 0xAC, 0x9A, 0xAD, _END_,

};

#elif(_LOGO_TYPE == _LOGO_TUBIAO0)
BYTE code tiOSD_1BIT_LOGO0[]=
{
	
	////////////////////////////////////////////Font Map index////////////////////////////////////////////
	0x00, 0x01, 0x02, 0x02, 0x02, 0x02, 0x02, 0x02, 0x02, 0x02, 0x02, 0x03, 0x00, 0x04, 0x02, 0x02, 0x02, 0x02, 0x02, 0x02, 0x02, 0x02, 0x02, 0x05, 0x00, _NEXT_, 
	0x06, 0x07, 0x08, 0x08, 0x08, 0x08, 0x08, 0x08, 0x08, 0x09, 0x0A, 0x0B, 0x00, 0x0C, 0x0A, 0x0D, 0x08, 0x08, 0x08, 0x08, 0x08, 0x08, 0x08, 0x0E, 0x0F, _NEXT_, 
	0x10, 0x11, 0x12, 0x12, 0x12, 0x12, 0x12, 0x13, 0x00, 0x14, 0x0A, 0x0B, 0x00, 0x0C, 0x0A, 0x15, 0x00, 0x16, 0x12, 0x12, 0x12, 0x12, 0x12, 0x17, 0x18, _NEXT_, 
	0x00, 0x19, 0x1A, 0x0A, 0x0A, 0x1B, 0x08, 0x1C, 0x1D, 0x14, 0x0A, 0x0B, 0x00, 0x0C, 0x0A, 0x15, 0x1E, 0x1F, 0x08, 0x20, 0x0A, 0x0A, 0x21, 0x22, 0x00, _NEXT_, 
	0x00, 0x00, 0x23, 0x24, 0x0A, 0x25, 0x26, 0x00, 0x00, 0x27, 0x28, 0x29, 0x00, 0x2A, 0x28, 0x2B, 0x00, 0x00, 0x2C, 0x2D, 0x0A, 0x2E, 0x2F, 0x00, 0x00, _NEXT_, 
	0x00, 0x00, 0x00, 0x30, 0x31, 0x32, 0x33, 0x34, 0x34, 0x34, 0x34, 0x34, 0x00, 0x34, 0x34, 0x34, 0x34, 0x34, 0x35, 0x36, 0x37, 0x38, 0x00, 0x00, 0x00, _NEXT_, 
	0x00, 0x00, 0x00, 0x00, 0x00, 0x39, 0x3A, 0x3A, 0x3A, 0x3B, 0x0A, 0x0A, 0x00, 0x0A, 0x0A, 0x3C, 0x3A, 0x3A, 0x3A, 0x3D, 0x00, 0x00, 0x00, 0x00, 0x00, _NEXT_, 
	0x00, 0x00, 0x00, 0x00, 0x00, 0x00, 0x3E, 0x12, 0x3F, 0x40, 0x0A, 0x0A, 0x00, 0x0A, 0x0A, 0x41, 0x42, 0x12, 0x43, 0x00, 0x00, 0x00, 0x00, 0x00, 0x00, _NEXT_, 
	0x00, 0x00, 0x00, 0x00, 0x00, 0x00, 0x0C, 0x0A, 0x15, 0x40, 0x0A, 0x0A, 0x00, 0x0A, 0x0A, 0x41, 0x14, 0x0A, 0x0B, 0x00, 0x00, 0x00, 0x00, 0x00, 0x00, _NEXT_, 
	0x00, 0x00, 0x00, 0x00, 0x00, 0x00, 0x0C, 0x0A, 0x44, 0x40, 0x0A, 0x0A, 0x00, 0x0A, 0x0A, 0x41, 0x45, 0x0A, 0x0B, 0x00, 0x00, 0x00, 0x00, 0x00, 0x00, _NEXT_, 
	0x00, 0x00, 0x00, 0x00, 0x00, 0x00, 0x46, 0x1A, 0x47, 0x48, 0x0A, 0x0A, 0x00, 0x0A, 0x0A, 0x49, 0x4A, 0x4B, 0x4C, 0x00, 0x00, 0x00, 0x00, 0x00, 0x00, _NEXT_, 
	0x00, 0x00, 0x00, 0x00, 0x00, 0x00, 0x00, 0x4D, 0x4E, 0x0A, 0x0A, 0x0A, 0x00, 0x0A, 0x0A, 0x0A, 0x4F, 0x50, 0x00, 0x00, 0x00, 0x00, 0x00, 0x00, 0x00, _NEXT_, 
	0x00, 0x00, 0x00, 0x00, 0x00, 0x00, 0x00, 0x00, 0x51, 0x52, 0x0A, 0x0A, 0x00, 0x0A, 0x0A, 0x53, 0x54, 0x00, 0x00, 0x00, 0x00, 0x00, 0x00, 0x00, 0x00, _NEXT_, 
	0x00, 0x00, 0x00, 0x00, 0x00, 0x00, 0x00, 0x00, 0x00, 0x00, 0x55, 0x56, 0x00, 0x57, 0x58, 0x00, 0x00, 0x00, 0x00, 0x00, 0x00, 0x00, 0x00, 0x00, 0x00, _NEXT_, 
	0x00, 0x00, 0x00, 0x00, 0x00, 0x00, 0x00, 0x00, 0x00, 0x00, 0x00, 0x59, 0x00, 0x5A, 0x00, 0x00, 0x00, 0x00, 0x00, 0x00, 0x00, 0x00, 0x00, 0x00, 0x00, _END_,  
	
};



#elif(_LOGO_TYPE == _LOGO_KKTV)


BYTE code tiOSD_1BIT_LOGO0[]={
0x00,0x00,0x00,0x00,0x00,0x00,0x00,0x00,0x00,0x00,0x00,0x00,0x00,0x00,0x00,0x00,0x00,0x00,0x00,0x00,0x00,0x00,0x00,0x00,0x00,0x00,0x00,0x00,0x00,0x00,0x00,0x00,0x00,0x00,0x00,0x00,0x00,0x00,0x00,0x00,0x00,0x00,0x00,0x00,0x00,0x00,0x00,0x00,0x00,0x00,0x00,0x00,0x00,0x00,0x00,0x00,0x00,0x00,0x00,0x00,0x00,0x00, _NEXT_,
0x00,0x01,0x02,0x03,0x00,0x00,0x00,0x00,0x00,0x00,0x00,0x00,0x04,0x05,0x06,0x07,0x08,0x09,0x0A,0x00,0x00,0x00,0x00,0x00,0x00,0x00,0x00,0x00,0x0B,0x0C,0x0D,0x0E,0x0F,0x10,0x10,0x10,0x10,0x10,0x10,0x10,0x10,0x10,0x10,0x10,0x10,0x11,0x12,0x13,0x14,0x15,0x00,0x00,0x00,0x00,0x00,0x00,0x00,0x00,0x16,0x0C,0x17,0x00, _NEXT_,
0x00,0x18,0x19,0x1A,0x00,0x00,0x00,0x00,0x00,0x00,0x00,0x1B,0x1C,0x1D,0x1E,0x1F,0x20,0x19,0x21,0x00,0x00,0x00,0x00,0x00,0x00,0x00,0x22,0x23,0x24,0x25,0x26,0x00,0x27,0x28,0x28,0x28,0x28,0x29,0x19,0x2A,0x28,0x28,0x28,0x28,0x2B,0x2C,0x2D,0x2E,0x19,0x2F,0x00,0x00,0x00,0x00,0x00,0x00,0x00,0x30,0x31,0x19,0x32,0x00, _NEXT_,
0x00,0x33,0x19,0x1A,0x00,0x00,0x00,0x00,0x00,0x34,0x35,0x19,0x36,0x37,0x00,0x00,0x38,0x19,0x21,0x00,0x00,0x00,0x00,0x00,0x00,0x39,0x3A,0x3B,0x3C,0x3D,0x00,0x00,0x00,0x00,0x00,0x00,0x00,0x38,0x19,0x3E,0x00,0x00,0x00,0x00,0x00,0x00,0x00,0x3F,0x40,0x41,0x42,0x00,0x00,0x00,0x00,0x00,0x00,0x43,0x19,0x44,0x00,0x00, _NEXT_,
0x00,0x33,0x19,0x1A,0x00,0x00,0x00,0x00,0x45,0x46,0x47,0x48,0x49,0x00,0x00,0x00,0x38,0x19,0x21,0x00,0x00,0x00,0x00,0x08,0x4A,0x4B,0x4C,0x4D,0x00,0x00,0x00,0x00,0x00,0x00,0x00,0x00,0x00,0x38,0x19,0x3E,0x00,0x00,0x00,0x00,0x00,0x00,0x00,0x00,0x4E,0x19,0x4F,0x50,0x00,0x00,0x00,0x00,0x51,0x19,0x52,0x53,0x00,0x00, _NEXT_,
0x00,0x33,0x19,0x1A,0x00,0x00,0x54,0x55,0x56,0x57,0x58,0x00,0x00,0x00,0x00,0x00,0x38,0x19,0x21,0x00,0x00,0x00,0x59,0x5A,0x19,0x5B,0x5C,0x00,0x00,0x00,0x00,0x00,0x00,0x00,0x00,0x00,0x00,0x38,0x19,0x3E,0x00,0x00,0x00,0x00,0x00,0x00,0x00,0x00,0x00,0x5D,0x19,0x5E,0x00,0x00,0x00,0x5F,0x60,0x61,0x62,0x00,0x00,0x00, _NEXT_,
0x00,0x33,0x19,0x1A,0x00,0x63,0x64,0x19,0x65,0x66,0x67,0x68,0x00,0x00,0x00,0x00,0x38,0x19,0x21,0x00,0x00,0x69,0x6A,0x1D,0x6B,0x19,0x6C,0x6D,0x00,0x00,0x00,0x00,0x00,0x00,0x00,0x00,0x00,0x38,0x19,0x3E,0x00,0x00,0x00,0x00,0x00,0x00,0x00,0x00,0x00,0x6E,0x6F,0x19,0x70,0x00,0x30,0x31,0x19,0x71,0x00,0x00,0x00,0x00, _NEXT_,
0x00,0x33,0x19,0x72,0x73,0x24,0x4C,0x4D,0x00,0x74,0x75,0x76,0x77,0x00,0x00,0x00,0x38,0x19,0x21,0x34,0x78,0x19,0x79,0x7A,0x7B,0x7C,0x7D,0x7E,0x7F,0x00,0x00,0x00,0x00,0x00,0x00,0x00,0x00,0x38,0x19,0x3E,0x00,0x00,0x00,0x00,0x00,0x00,0x00,0x00,0x00,0x00,0x80,0x81,0x82,0x83,0x84,0x19,0x85,0x1F,0x00,0x00,0x00,0x00, _NEXT_,
0x00,0x33,0x19,0x86,0x19,0x87,0x88,0x00,0x00,0x00,0x89,0x8A,0x19,0x8B,0x8C,0x00,0x38,0x19,0x8D,0x46,0x8E,0x8F,0x1F,0x00,0x00,0x00,0x90,0x91,0x92,0x93,0x94,0x00,0x00,0x00,0x00,0x00,0x00,0x38,0x19,0x3E,0x00,0x00,0x00,0x00,0x00,0x00,0x00,0x00,0x00,0x00,0x00,0x95,0x19,0x96,0x56,0x97,0x98,0x00,0x00,0x00,0x00,0x00, _NEXT_,
0x00,0x33,0x19,0x99,0x9A,0x00,0x00,0x00,0x00,0x00,0x00,0x00,0x9B,0x9C,0x9D,0x9E,0x38,0x19,0x19,0x36,0x9F,0x00,0x00,0x00,0x00,0x00,0x00,0xA0,0xA1,0xA2,0xA3,0xA4,0x00,0x00,0x00,0x00,0x00,0xA5,0xA6,0x3E,0x00,0x00,0x00,0x00,0x00,0x00,0x00,0x00,0x00,0x00,0x00,0x00,0xA7,0x19,0xA8,0xA9,0x00,0x00,0x00,0x00,0x00,0x00, _NEXT_,
0x00,0x00,0x00,0x00,0x00,0x00,0x00,0x00,0x00,0x00,0x00,0x00,0x00,0x00,0x00,0x00,0x00,0x00,0x00,0x00,0x00,0x00,0x00,0x00,0x00,0x00,0x00,0x00,0x00,0x00,0x00,0x00,0x00,0x00,0x00,0x00,0x00,0x00,0x00,0x00,0x00,0x00,0x00,0x00,0x00,0x00,0x00,0x00,0x00,0x00,0x00,0x00,0x00,0x00,0x00,0x00,0x00,0x00,0x00,0x00,0x00,0x00, _END_,};


#elif(_LOGO_TYPE == _LOGO_DIANJING)

BYTE code tiOSD_1BIT_LOGO0[]={
0x00,0x00,0x00,0x00,0x00,0x00,0x00,0x00,0x00,0x00,0x00,0x00,0x00,0x00,0x00,0x00,0x00,0x00,0x00,0x00,0x00,0x00,0x00,0x00,0x00,0x00,0x00,0x00,0x00,0x00,0x00,0x00,0x00,0x00,0x00,0x00,0x00,0x00,0x00,0x00,0x00,0x00,0x00,0x00,0x00,0x00,0x00,0x00,0x00,0x00,0x00,0x00,0x00,0x00,0x00,0x00,0x00,0x00,0x00,0x00,0x00,0x00,0x00,0x00,0x00,0x00,0x00,0x00,0x00,0x00,0x00,0x00,0x00, _NEXT_,
0x00,0x00,0x00,0x00,0x00,0x00,0x00,0x00,0x00,0x00,0x00,0x00,0x01,0x02,0x00,0x00,0x00,0x00,0x00,0x00,0x00,0x00,0x00,0x00,0x00,0x00,0x00,0x03,0x04,0x00,0x00,0x00,0x00,0x00,0x00,0x00,0x00,0x00,0x00,0x00,0x00,0x00,0x00,0x00,0x00,0x00,0x00,0x05,0x06,0x00,0x00,0x00,0x00,0x00,0x00,0x00,0x00,0x00,0x00,0x00,0x00,0x00,0x00,0x00,0x00,0x00,0x00,0x00,0x00,0x00,0x00,0x00,0x00, _NEXT_,
0x00,0x00,0x00,0x00,0x00,0x00,0x00,0x00,0x00,0x00,0x00,0x00,0x07,0x08,0x09,0x00,0x00,0x00,0x00,0x00,0x00,0x00,0x00,0x00,0x00,0x00,0x00,0x0A,0x0B,0x0C,0x0D,0x00,0x00,0x00,0x00,0x00,0x00,0x00,0x00,0x00,0x00,0x00,0x00,0x00,0x00,0x00,0x0E,0x0F,0x10,0x00,0x00,0x00,0x00,0x00,0x00,0x00,0x00,0x00,0x00,0x00,0x00,0x00,0x00,0x00,0x00,0x00,0x00,0x00,0x00,0x00,0x00,0x00,0x00, _NEXT_,
0x00,0x00,0x00,0x00,0x00,0x00,0x00,0x00,0x00,0x00,0x00,0x00,0x07,0x11,0x10,0x00,0x00,0x00,0x00,0x00,0x00,0x00,0x00,0x00,0x00,0x00,0x00,0x0A,0x11,0x11,0x12,0x00,0x00,0x00,0x00,0x00,0x00,0x00,0x00,0x00,0x00,0x00,0x00,0x00,0x00,0x00,0x13,0x11,0x10,0x00,0x00,0x00,0x00,0x00,0x00,0x00,0x00,0x00,0x00,0x00,0x00,0x00,0x00,0x00,0x00,0x00,0x00,0x00,0x00,0x00,0x00,0x00,0x00, _NEXT_,
0x00,0x00,0x00,0x00,0x00,0x00,0x14,0x15,0x15,0x15,0x15,0x15,0x16,0x11,0x17,0x15,0x15,0x15,0x15,0x15,0x18,0x19,0x1A,0x1A,0x1A,0x1A,0x1A,0x1B,0x11,0x11,0x1C,0x1A,0x1A,0x1A,0x1A,0x1D,0x00,0x1E,0x1F,0x1F,0x1F,0x1F,0x1F,0x20,0x21,0x21,0x22,0x11,0x23,0x24,0x24,0x25,0x00,0x26,0x21,0x21,0x21,0x21,0x21,0x21,0x21,0x27,0x28,0x00,0x00,0x00,0x00,0x00,0x00,0x00,0x00,0x00,0x00, _NEXT_,
0x00,0x00,0x00,0x00,0x00,0x00,0x29,0x11,0x2A,0x2B,0x2B,0x2B,0x2C,0x11,0x2D,0x2B,0x2B,0x2E,0x11,0x11,0x12,0x2F,0x30,0x31,0x31,0x32,0x33,0x33,0x33,0x33,0x33,0x33,0x34,0x31,0x35,0x36,0x00,0x37,0x38,0x38,0x39,0x3A,0x3B,0x3C,0x11,0x3D,0x13,0x11,0x10,0x3E,0x11,0x3F,0x00,0x40,0x11,0x11,0x41,0x42,0x42,0x42,0x42,0x43,0x00,0x00,0x00,0x00,0x00,0x00,0x00,0x00,0x00,0x00,0x00, _NEXT_,
0x00,0x44,0x21,0x21,0x21,0x21,0x45,0x11,0x46,0x21,0x21,0x21,0x47,0x11,0x48,0x21,0x21,0x49,0x11,0x11,0x12,0x4A,0x4B,0x4B,0x4B,0x4B,0x4B,0x4B,0x4B,0x4B,0x4B,0x4B,0x4B,0x4B,0x4B,0x4C,0x00,0x4D,0x3A,0x4E,0x3E,0x11,0x4F,0x50,0x11,0x51,0x52,0x11,0x53,0x54,0x11,0x3F,0x00,0x40,0x11,0x11,0x55,0x21,0x21,0x21,0x21,0x21,0x21,0x21,0x21,0x21,0x21,0x21,0x21,0x56,0x57,0x00,0x00, _NEXT_,
0x00,0x58,0x59,0x5A,0x5A,0x5A,0x5B,0x11,0x5C,0x5A,0x5A,0x5A,0x5D,0x11,0x5E,0x5A,0x5A,0x5F,0x11,0x11,0x12,0x60,0x11,0x11,0x61,0x62,0x62,0x62,0x62,0x62,0x62,0x62,0x62,0x63,0x11,0x3D,0x00,0x13,0x11,0x3F,0x3E,0x11,0x64,0x65,0x11,0x66,0x67,0x11,0x68,0x69,0x11,0x3F,0x00,0x40,0x11,0x11,0x6A,0x5A,0x5A,0x5A,0x5A,0x5A,0x5B,0x11,0x5C,0x5A,0x5A,0x5A,0x5A,0x5A,0x6B,0x6C,0x00, _NEXT_,
0x00,0x00,0x00,0x00,0x00,0x00,0x29,0x11,0x6D,0x6E,0x6E,0x6E,0x6F,0x11,0x53,0x6E,0x6E,0x70,0x11,0x11,0x12,0x60,0x11,0x11,0x71,0x24,0x24,0x24,0x24,0x24,0x24,0x24,0x24,0x72,0x11,0x3D,0x00,0x13,0x11,0x3F,0x3E,0x11,0x73,0x74,0x11,0x3D,0x13,0x11,0x10,0x3E,0x11,0x75,0x76,0x77,0x11,0x11,0x55,0x21,0x21,0x21,0x21,0x21,0x45,0x11,0x46,0x78,0x00,0x00,0x00,0x00,0x00,0x00,0x00, _NEXT_,
0x00,0x00,0x00,0x00,0x00,0x00,0x79,0x42,0x42,0x42,0x42,0x42,0x7A,0x11,0x7B,0x42,0x42,0x42,0x42,0x42,0x7C,0x00,0x00,0x7D,0x11,0x7E,0x00,0x00,0x00,0x00,0x00,0x7F,0x80,0x80,0x81,0x00,0x00,0x82,0x11,0x3F,0x3E,0x11,0x83,0x84,0x85,0x86,0x87,0x11,0x88,0x89,0x85,0x8A,0x00,0x00,0x8B,0x8C,0x8C,0x8D,0x00,0x00,0x00,0x8E,0x8C,0x8C,0x8F,0x00,0x00,0x00,0x00,0x00,0x00,0x00,0x00, _NEXT_,
0x00,0x00,0x00,0x00,0x00,0x00,0x00,0x00,0x00,0x00,0x00,0x00,0x07,0x11,0x90,0x91,0x91,0x91,0x91,0x92,0x02,0x00,0x93,0x94,0x85,0x95,0x00,0x00,0x00,0x00,0x00,0x96,0x85,0x85,0x97,0x98,0x00,0x99,0x9A,0x9B,0x9C,0x9D,0x9E,0x00,0x00,0x00,0x13,0x11,0x9F,0x00,0x00,0x00,0x00,0xA0,0xA1,0x11,0xA2,0x00,0x00,0x00,0x00,0xA3,0xA4,0x11,0xA5,0xA6,0x00,0x00,0x00,0x00,0x00,0x00,0x00, _NEXT_,
0x00,0x00,0x00,0x00,0x00,0x00,0x00,0x00,0x00,0x00,0x00,0x00,0x00,0x00,0x00,0x00,0x00,0x00,0x00,0x00,0x00,0x00,0x00,0x00,0x00,0x00,0x00,0x00,0x00,0x00,0x00,0x00,0x00,0x00,0x00,0x00,0x00,0x00,0x00,0xA7,0xA8,0x00,0x00,0x00,0x00,0x00,0xA9,0xAA,0xAB,0x00,0x00,0x00,0x00,0xAC,0x33,0x33,0xAD,0x00,0x00,0x00,0x00,0x00,0xAE,0x33,0x33,0x33,0x00,0x00,0x00,0x00,0x00,0x00,0x00, _NEXT_,
0x00,0x00,0x00,0x00,0x00,0x00,0x00,0x00,0x00,0x00,0x00,0x00,0x00,0x00,0x00,0x00,0x00,0x00,0x00,0x00,0x00,0x00,0x00,0x00,0x00,0x00,0x00,0x00,0x00,0x00,0x00,0x00,0x00,0x00,0x00,0x00,0x00,0x00,0x00,0x00,0x00,0x00,0x00,0x00,0x00,0x00,0x00,0x00,0x00,0x00,0x00,0x00,0x00,0x00,0x00,0x00,0x00,0x00,0x00,0x00,0x00,0x00,0x00,0x00,0x00,0x00,0x00,0x00,0x00,0x00,0x00,0x00,0x00, _END_,};



#elif(_LOGO_TYPE == _LOGO_HPC)



BYTE code tiOSD_1BIT_LOGO0[]={
0x00,0x01,0x02,0x02,0x02,0x02,0x03,0x00,0x04,0x02,0x02,0x02,0x02,0x05,0x00,0x06,0x02,0x02,0x02,0x02,0x07,0x08,0x09,0x00,0x00,0x00,0x00,0x00,0x00,0x00,0x0A,0x0B,0x0C,0x0D,0x0E,0x0F,0x00,0x10,0x00, _NEXT_,
0x00,0x11,0x12,0x13,0x14,0x15,0x16,0x00,0x17,0x18,0x19,0x13,0x1A,0x1B,0x00,0x1C,0x1D,0x1E,0x1F,0x20,0x21,0x22,0x23,0x24,0x25,0x00,0x00,0x00,0x26,0x27,0x28,0x29,0x2A,0x2B,0x2C,0x2D,0x2E,0x2F,0x00, _NEXT_,
0x00,0x00,0x30,0x13,0x31,0x00,0x00,0x00,0x00,0x00,0x32,0x13,0x33,0x00,0x00,0x00,0x00,0x34,0x13,0x00,0x00,0x00,0x35,0x13,0x36,0x00,0x00,0x37,0x38,0x39,0x3A,0x00,0x00,0x00,0x00,0x00,0x3B,0x3C,0x00, _NEXT_,
0x00,0x00,0x30,0x13,0x3D,0x00,0x00,0x00,0x00,0x00,0x32,0x13,0x3E,0x00,0x00,0x00,0x00,0x34,0x13,0x00,0x00,0x00,0x3F,0x13,0x40,0x00,0x00,0x41,0x13,0x42,0x00,0x00,0x00,0x00,0x00,0x00,0x00,0x43,0x00, _NEXT_,
0x00,0x00,0x30,0x13,0x44,0x45,0x45,0x45,0x45,0x45,0x46,0x13,0x3E,0x00,0x00,0x00,0x00,0x34,0x47,0x48,0x49,0x4A,0x4B,0x4C,0x4D,0x00,0x00,0x4E,0x13,0x4F,0x00,0x00,0x00,0x00,0x00,0x00,0x00,0x00,0x00, _NEXT_,
0x00,0x00,0x30,0x13,0x50,0x51,0x51,0x51,0x51,0x51,0x52,0x13,0x3E,0x00,0x00,0x00,0x00,0x34,0x53,0x54,0x55,0x56,0x57,0x58,0x00,0x00,0x00,0x59,0x13,0x5A,0x00,0x00,0x00,0x00,0x00,0x00,0x00,0x00,0x00, _NEXT_,
0x00,0x00,0x30,0x13,0x3D,0x00,0x00,0x00,0x00,0x00,0x32,0x13,0x3E,0x00,0x00,0x00,0x00,0x34,0x13,0x00,0x00,0x00,0x00,0x00,0x00,0x00,0x00,0x5B,0x13,0x5C,0x00,0x00,0x00,0x00,0x00,0x00,0x00,0x00,0x5D, _NEXT_,
0x00,0x00,0x30,0x13,0x3D,0x00,0x00,0x00,0x00,0x00,0x32,0x13,0x5E,0x00,0x00,0x00,0x00,0x34,0x5F,0x60,0x00,0x00,0x00,0x00,0x00,0x00,0x00,0x61,0x62,0x63,0x64,0x00,0x00,0x00,0x00,0x00,0x65,0x66,0x67, _NEXT_,
0x00,0x68,0x69,0x13,0x6A,0x6B,0x6C,0x00,0x6D,0x6E,0x6F,0x13,0x70,0x71,0x00,0x72,0x73,0x74,0x13,0x75,0x76,0x00,0x00,0x00,0x00,0x00,0x00,0x00,0x77,0x78,0x79,0x7A,0x7B,0x7C,0x7D,0x7E,0x7F,0x80,0x00, _NEXT_,
0x00,0x81,0x82,0x82,0x82,0x82,0x83,0x00,0x84,0x82,0x82,0x82,0x82,0x85,0x00,0x86,0x82,0x82,0x82,0x82,0x87,0x00,0x00,0x00,0x00,0x00,0x00,0x00,0x00,0x00,0x00,0x88,0x89,0x8A,0x8B,0x8C,0x00,0x00,0x00, _END_,};


#elif(_LOGO_TYPE == _LOGO_TIEMU)
BYTE code tiOSD_1BIT_LOGO0[]=
{

0x00,0x00,0x00,0x00,0x00,0x00,0x00,0x00,0x00,0x01,0x02,0x03,0x04,0x00,0x00,0x00,0x00,0x00,0x00,0x00,0x00, _NEXT_,
0x00,0x00,0x00,0x00,0x00,0x05,0x06,0x07,0x08,0x09,0x09,0x09,0x0A,0x0B,0x0C,0x0D,0x00,0x00,0x00,0x00,0x00, _NEXT_,
0x00,0x00,0x0E,0x0F,0x10,0x11,0x09,0x09,0x09,0x09,0x09,0x09,0x09,0x09,0x09,0x09,0x12,0x13,0x14,0x00,0x00, _NEXT_,
0x00,0x00,0x15,0x16,0x17,0x09,0x09,0x09,0x09,0x09,0x09,0x09,0x09,0x09,0x09,0x09,0x09,0x18,0x19,0x1A,0x00, _NEXT_,
0x00,0x00,0x1B,0x1C,0x1D,0x1E,0x1F,0x20,0x21,0x09,0x09,0x09,0x22,0x23,0x24,0x25,0x26,0x27,0x28,0x00,0x00, _NEXT_,
0x00,0x00,0x29,0x09,0x2A,0x2B,0x2C,0x2D,0x2E,0x2F,0x30,0x31,0x32,0x33,0x34,0x35,0x36,0x09,0x37,0x00,0x00, _NEXT_,
0x00,0x00,0x38,0x39,0x09,0x09,0x09,0x3A,0x3B,0x33,0x33,0x33,0x3C,0x3D,0x3E,0x09,0x09,0x09,0x3F,0x00,0x00, _NEXT_,
0x00,0x00,0x00,0x40,0x09,0x09,0x09,0x09,0x41,0x42,0x33,0x33,0x43,0x09,0x09,0x09,0x09,0x44,0x45,0x00,0x00, _NEXT_,
0x00,0x00,0x00,0x46,0x47,0x09,0x09,0x09,0x09,0x48,0x33,0x49,0x4A,0x09,0x09,0x09,0x09,0x4B,0x00,0x00,0x00, _NEXT_,
0x00,0x00,0x00,0x00,0x4C,0x47,0x09,0x09,0x09,0x4D,0x33,0x4E,0x09,0x09,0x09,0x09,0x4F,0x50,0x00,0x00,0x00, _NEXT_,
0x00,0x00,0x00,0x00,0x00,0x51,0x52,0x09,0x09,0x53,0x33,0x54,0x09,0x09,0x09,0x55,0x56,0x00,0x00,0x00,0x00, _NEXT_,
0x00,0x00,0x00,0x00,0x00,0x00,0x57,0x58,0x09,0x09,0x59,0x5A,0x09,0x09,0x5B,0x45,0x00,0x00,0x00,0x00,0x00, _NEXT_,
0x00,0x00,0x00,0x00,0x00,0x00,0x00,0x5C,0x5D,0x09,0x5E,0x5F,0x60,0x61,0x00,0x00,0x00,0x00,0x00,0x00,0x00, _NEXT_,
0x00,0x00,0x00,0x00,0x00,0x00,0x00,0x00,0x38,0x62,0x63,0x64,0x65,0x00,0x00,0x00,0x00,0x00,0x00,0x00,0x00, _NEXT_,
0x00,0x00,0x66,0x67,0x67,0x67,0x68,0x69,0x6A,0x6B,0x67,0x67,0x67,0x6A,0x6B,0x6C,0x69,0x6A,0x6D,0x6E,0x00, _NEXT_,
0x00,0x00,0x6F,0x70,0x71,0x72,0x73,0x74,0x75,0x76,0x77,0x77,0x78,0x79,0x7A,0x7B,0x74,0x75,0x7C,0x7D,0x00, _NEXT_,
0x00,0x00,0x00,0x7E,0x7F,0x00,0x00,0x74,0x75,0x80,0x81,0x81,0x82,0x83,0x7A,0x7B,0x84,0x85,0x7C,0x7D,0x00, _NEXT_,
0x00,0x00,0x00,0x86,0x87,0x00,0x00,0x88,0x89,0x8A,0x8B,0x8B,0x8B,0x89,0x8A,0x8C,0x00,0x00,0x8D,0x8E,0x00, _END_,
};

#elif(_LOGO_TYPE == _LOGO_3G)
BYTE code tiOSD_1BIT_LOGO0[]=
{
	0x00, 0x00, 0x00, 0x00, 0x00, 0x00, 0x00, 0x00, 0x00, 0x00, 0x00, 0x01, 0x02, 0x03, 0x04, 0x05, 0x06, 0x07, 0x08, 0x09, 0x00, 0x00, 0x00, 0x00, 0x00, 0x00, 0x00, 0x00, 0x00, 0x00, 0x00, 
	0x00, 0x00, 0x00, 0x00, 0x00, 0x00, 0x00, 0x0A, 0x0B, 0x0C, 0x0D, 0x0E, 0x0E, 0x0E, 0x0E, 0x0E, 0x0E, 0x0E, 0x0E, 0x0E, 0x0F, 0x10, 0x11, 0x12, 0x00, 0x00, 0x00, 0x00, 0x00, 0x00, 0x00, 
	0x00, 0x00, 0x00, 0x00, 0x00, 0x13, 0x14, 0x15, 0x0E, 0x0E, 0x16, 0x17, 0x18, 0x19, 0x1A, 0x1B, 0x1C, 0x1D, 0x1E, 0x1F, 0x0E, 0x0E, 0x0E, 0x20, 0x21, 0x22, 0x00, 0x00, 0x00, 0x00, 0x00, 
	0x00, 0x00, 0x00, 0x00, 0x23, 0x24, 0x0E, 0x0E, 0x25, 0x26, 0x27, 0x00, 0x00, 0x00, 0x00, 0x00, 0x00, 0x00, 0x00, 0x00, 0x28, 0x29, 0x2A, 0x0E, 0x0E, 0x2B, 0x2C, 0x00, 0x00, 0x00, 0x00, 
	0x00, 0x00, 0x2D, 0x2E, 0x0E, 0x0E, 0x2F, 0x30, 0x31, 0x00, 0x00, 0x00, 0x00, 0x00, 0x00, 0x00, 0x00, 0x00, 0x00, 0x00, 0x00, 0x00, 0x32, 0x33, 0x34, 0x0E, 0x35, 0x36, 0x00, 0x00, 0x00, 
	0x00, 0x00, 0x37, 0x0E, 0x0E, 0x38, 0x39, 0x00, 0x00, 0x00, 0x00, 0x00, 0x00, 0x00, 0x00, 0x00, 0x00, 0x00, 0x00, 0x00, 0x00, 0x00, 0x00, 0x00, 0x3A, 0x3B, 0x0E, 0x0E, 0x3C, 0x00, 0x00, 
	0x00, 0x3D, 0x0E, 0x0E, 0x3E, 0x3F, 0x00, 0x00, 0x00, 0x00, 0x00, 0x00, 0x00, 0x00, 0x00, 0x00, 0x00, 0x00, 0x00, 0x00, 0x00, 0x00, 0x00, 0x00, 0x00, 0x40, 0x41, 0x0E, 0x42, 0x43, 0x00, 
	0x44, 0x45, 0x0E, 0x46, 0x47, 0x00, 0x48, 0x49, 0x49, 0x49, 0x49, 0x49, 0x49, 0x49, 0x49, 0x4A, 0x49, 0x49, 0x49, 0x49, 0x49, 0x49, 0x49, 0x49, 0x4B, 0x00, 0x4C, 0x4D, 0x0E, 0x4E, 0x00, 
	0x4F, 0x0E, 0x0E, 0x50, 0x00, 0x00, 0x51, 0x0E, 0x0E, 0x0E, 0x0E, 0x0E, 0x0E, 0x0E, 0x0E, 0x52, 0x0E, 0x0E, 0x0E, 0x0E, 0x0E, 0x0E, 0x0E, 0x0E, 0x53, 0x00, 0x00, 0x54, 0x0E, 0x0E, 0x55, 
	0x56, 0x0E, 0x0E, 0x57, 0x00, 0x00, 0x58, 0x59, 0x59, 0x59, 0x59, 0x59, 0x59, 0x59, 0x59, 0x52, 0x0E, 0x0E, 0x5A, 0x5B, 0x5B, 0x5B, 0x5B, 0x5B, 0x5C, 0x00, 0x00, 0x5D, 0x0E, 0x0E, 0x5E, 
	0x5F, 0x0E, 0x0E, 0x60, 0x00, 0x00, 0x51, 0x0E, 0x0E, 0x0E, 0x0E, 0x0E, 0x0E, 0x0E, 0x0E, 0x52, 0x0E, 0x0E, 0x53, 0x00, 0x00, 0x61, 0x62, 0x62, 0x63, 0x00, 0x00, 0x64, 0x0E, 0x0E, 0x65, 
	0x66, 0x0E, 0x0E, 0x67, 0x00, 0x00, 0x68, 0x69, 0x69, 0x69, 0x69, 0x69, 0x69, 0x69, 0x69, 0x52, 0x0E, 0x0E, 0x53, 0x00, 0x00, 0x52, 0x0E, 0x0E, 0x53, 0x00, 0x00, 0x6A, 0x0E, 0x0E, 0x6B, 
	0x6C, 0x0E, 0x0E, 0x6D, 0x00, 0x00, 0x6E, 0x6F, 0x6F, 0x6F, 0x6F, 0x6F, 0x6F, 0x6F, 0x6F, 0x52, 0x0E, 0x0E, 0x70, 0x6F, 0x6F, 0x71, 0x0E, 0x0E, 0x53, 0x00, 0x00, 0x72, 0x0E, 0x0E, 0x73, 
	0x74, 0x75, 0x0E, 0x76, 0x77, 0x00, 0x51, 0x0E, 0x0E, 0x0E, 0x0E, 0x0E, 0x0E, 0x0E, 0x0E, 0x52, 0x0E, 0x0E, 0x0E, 0x0E, 0x0E, 0x0E, 0x0E, 0x0E, 0x53, 0x00, 0x78, 0x79, 0x0E, 0x7A, 0x7B, 
	0x00, 0x7C, 0x0E, 0x0E, 0x7D, 0x00, 0x7E, 0x1B, 0x1B, 0x1B, 0x1B, 0x1B, 0x1B, 0x1B, 0x1B, 0x7F, 0x1B, 0x1B, 0x1B, 0x1B, 0x1B, 0x1B, 0x1B, 0x1B, 0x80, 0x2D, 0x81, 0x0E, 0x0E, 0x82, 0x00, 
	0x00, 0x83, 0x84, 0x0E, 0x85, 0x86, 0x00, 0x00, 0x00, 0x00, 0x00, 0x00, 0x00, 0x00, 0x00, 0x00, 0x00, 0x00, 0x00, 0x00, 0x00, 0x00, 0x00, 0x00, 0x87, 0x88, 0x0E, 0x0E, 0x89, 0x31, 0x00, 
	0x00, 0x00, 0x40, 0x8A, 0x0E, 0x0E, 0x8B, 0x8C, 0x00, 0x00, 0x00, 0x00, 0x00, 0x00, 0x00, 0x00, 0x00, 0x00, 0x00, 0x00, 0x00, 0x00, 0x00, 0x8D, 0x8E, 0x0E, 0x0E, 0x8F, 0x90, 0x00, 0x00, 
	0x00, 0x00, 0x00, 0x91, 0x92, 0x0E, 0x0E, 0x93, 0x94, 0x95, 0x00, 0x00, 0x00, 0x00, 0x00, 0x00, 0x00, 0x00, 0x00, 0x00, 0x00, 0x96, 0x97, 0x98, 0x0E, 0x99, 0x9A, 0x9B, 0x00, 0x00, 0x00, 
	0x00, 0x00, 0x00, 0x00, 0x00, 0x9C, 0x9D, 0x0E, 0x0E, 0x9E, 0x9F, 0xA0, 0xA1, 0xA2, 0xA3, 0xA4, 0xA5, 0xA6, 0xA7, 0xA8, 0xA9, 0x0E, 0x0E, 0x0E, 0xAA, 0xAB, 0x00, 0x00, 0x00, 0x00, 0x00, 
	0x00, 0x00, 0x00, 0x00, 0x00, 0x00, 0xAC, 0xAD, 0xAE, 0xAF, 0x0E, 0x0E, 0x0E, 0x0E, 0x0E, 0x0E, 0x0E, 0x0E, 0x0E, 0x0E, 0x0E, 0xB0, 0xB1, 0xB2, 0x00, 0x00, 0x00, 0x00, 0x00, 0x00, 0x00, 
	0x00, 0x00, 0x00, 0x00, 0x00, 0x00, 0x00, 0x00, 0x00, 0xB3, 0xB4, 0xB5, 0xB6, 0xB7, 0xB8, 0xB9, 0xBA, 0xBB, 0xBC, 0xBD, 0xBE, 0xBF, 0x00, 0x00, 0x00, 0x00, 0x00, 0x00, 0x00, 0x00, 0x00, 
		_END_,

};

#elif(_LOGO_TYPE == _LOGO_ZORO)
	BYTE code tiOSD_1BIT_LOGO0[]=
	{
	0x00, 0x00, 0x00, 0x00, 0x01, 0x02, 0x03, 0x03, 0x03, 0x03, 0x03, 0x03, 0x03, 0x04, 0x05, 0x05, 0x06, 0x00, 0x00, 0x00, 0x00, 0x00, 0x00, 0x00, 0x00, 0x00, 0x00, 0x00, 0x00, 0x00, 0x00, 0x00, 0x00, 0x00, 0x00, 0x00, 0x00, 0x00, 0x00, 0x00, 0x00, 0x00, 0x00, 0x00, 0x00, 0x00, 0x00, 0x00, 0x00, 0x00, 0x00, 0x00, 0x00, 0x00, 0x00, 0x00, 0x00, 0x00, 0x00, 0x00, 0x00, 0x00, 0x00, 0x00, 0x00, 
	0x00, 0x00, 0x07, 0x08, 0x09, 0x0A, 0x0B, 0x0C, 0x0C, 0x0C, 0x0C, 0x0C, 0x0D, 0x0A, 0x0E, 0x0F, 0x10, 0x00, 0x00, 0x00, 0x00, 0x00, 0x00, 0x00, 0x00, 0x00, 0x00, 0x00, 0x00, 0x00, 0x00, 0x00, 0x00, 0x00, 0x00, 0x00, 0x00, 0x00, 0x00, 0x00, 0x00, 0x00, 0x00, 0x00, 0x00, 0x00, 0x00, 0x00, 0x00, 0x00, 0x00, 0x00, 0x00, 0x00, 0x00, 0x00, 0x00, 0x00, 0x00, 0x00, 0x00, 0x00, 0x00, 0x00, 0x00, 
	0x00, 0x11, 0x12, 0x13, 0x0E, 0x14, 0x15, 0x15, 0x15, 0x15, 0x16, 0x17, 0x18, 0x19, 0x1A, 0x1B, 0x1C, 0x00, 0x00, 0x00, 0x00, 0x00, 0x00, 0x00, 0x00, 0x00, 0x00, 0x00, 0x00, 0x00, 0x00, 0x00, 0x00, 0x00, 0x00, 0x00, 0x00, 0x00, 0x00, 0x00, 0x00, 0x00, 0x00, 0x00, 0x00, 0x00, 0x00, 0x00, 0x00, 0x00, 0x00, 0x00, 0x00, 0x00, 0x00, 0x00, 0x00, 0x00, 0x00, 0x00, 0x00, 0x00, 0x00, 0x00, 0x00, 
	0x00, 0x00, 0x00, 0x00, 0x00, 0x00, 0x00, 0x00, 0x1D, 0x1E, 0x1F, 0x20, 0x21, 0x22, 0x23, 0x24, 0x25, 0x26, 0x00, 0x00, 0x00, 0x00, 0x00, 0x07, 0x27, 0x28, 0x29, 0x29, 0x29, 0x29, 0x2A, 0x2B, 0x2C, 0x00, 0x2D, 0x2E, 0x2F, 0x29, 0x29, 0x29, 0x29, 0x30, 0x31, 0x00, 0x00, 0x32, 0x33, 0x29, 0x29, 0x29, 0x29, 0x29, 0x34, 0x35, 0x00, 0x00, 0x29, 0x29, 0x29, 0x29, 0x29, 0x29, 0x36, 0x37, 0x38, 
	0x39, 0x29, 0x3A, 0x3B, 0x3C, 0x00, 0x00, 0x3D, 0x3E, 0x3F, 0x40, 0x41, 0x42, 0x00, 0x43, 0x44, 0x45, 0x46, 0x47, 0x00, 0x00, 0x00, 0x00, 0x48, 0x49, 0x49, 0x49, 0x49, 0x49, 0x4A, 0x4B, 0x0E, 0x4C, 0x00, 0x4D, 0x0E, 0x4E, 0x49, 0x49, 0x49, 0x49, 0x0E, 0x0E, 0x4F, 0x00, 0x50, 0x0E, 0x51, 0x49, 0x49, 0x49, 0x52, 0x0E, 0x53, 0x00, 0x00, 0x0E, 0x0E, 0x54, 0x49, 0x49, 0x49, 0x55, 0x0E, 0x56, 
	0x57, 0x58, 0x59, 0x5A, 0x5B, 0x5C, 0x5D, 0x0E, 0x5E, 0x5F, 0x60, 0x5B, 0x00, 0x00, 0x61, 0x62, 0x63, 0x64, 0x65, 0x00, 0x00, 0x00, 0x00, 0x00, 0x00, 0x00, 0x00, 0x66, 0x67, 0x68, 0x0E, 0x69, 0x6A, 0x00, 0x6B, 0x0E, 0x6C, 0x00, 0x00, 0x00, 0x00, 0x0E, 0x0E, 0x6D, 0x00, 0x6E, 0x0E, 0x6F, 0x70, 0x70, 0x70, 0x71, 0x0E, 0x72, 0x00, 0x00, 0x0E, 0x0E, 0x73, 0x00, 0x00, 0x00, 0x74, 0x0E, 0x75, 
	0x76, 0x77, 0x78, 0x79, 0x00, 0x7A, 0x7B, 0x7C, 0x7D, 0x7E, 0x00, 0x00, 0x00, 0x00, 0x00, 0x0E, 0x7F, 0x64, 0x80, 0x00, 0x00, 0x00, 0x00, 0x00, 0x00, 0x81, 0x82, 0x83, 0x0E, 0x84, 0x85, 0x00, 0x00, 0x00, 0x6B, 0x0E, 0x6C, 0x00, 0x00, 0x00, 0x00, 0x0E, 0x0E, 0x6D, 0x00, 0x6E, 0x0E, 0x0E, 0x0E, 0x0E, 0x0E, 0x0E, 0x0E, 0x86, 0x00, 0x00, 0x0E, 0x0E, 0x73, 0x00, 0x00, 0x00, 0x74, 0x0E, 0x75, 
	0x87, 0x88, 0x89, 0x8A, 0x8B, 0x8C, 0x8D, 0x8E, 0x8F, 0x00, 0x00, 0x00, 0x00, 0x00, 0x90, 0x0E, 0x91, 0x92, 0x93, 0x00, 0x00, 0x00, 0x00, 0x00, 0x94, 0x95, 0x0E, 0x96, 0x97, 0x5B, 0x00, 0x00, 0x00, 0x00, 0x6B, 0x0E, 0x6C, 0x00, 0x00, 0x00, 0x00, 0x0E, 0x0E, 0x6D, 0x00, 0x6E, 0x0E, 0x98, 0x99, 0x9A, 0x0E, 0x0E, 0x9B, 0x5B, 0x00, 0x00, 0x0E, 0x0E, 0x73, 0x00, 0x00, 0x00, 0x74, 0x0E, 0x75, 
	0x9C, 0x9D, 0x9E, 0x9F, 0xA0, 0xA1, 0xA2, 0x00, 0x00, 0x00, 0x00, 0x00, 0x00, 0xA3, 0xA4, 0x0E, 0xA5, 0xA6, 0x5B, 0x00, 0x00, 0x00, 0x00, 0xA7, 0xA8, 0x0E, 0xA9, 0xAA, 0xAB, 0xAB, 0xAB, 0xAB, 0xAC, 0x00, 0x6B, 0x0E, 0xAD, 0xAB, 0xAB, 0xAB, 0xAB, 0x0E, 0x0E, 0x6D, 0x00, 0x6E, 0x0E, 0xAE, 0x00, 0x00, 0xAF, 0xB0, 0x0E, 0xB1, 0x00, 0x00, 0x0E, 0x0E, 0xB2, 0xAB, 0xAB, 0xAB, 0xB3, 0x0E, 0x75, 
	0x00, 0xB4, 0xB5, 0xB6, 0xB7, 0xB8, 0xB9, 0xBA, 0x00, 0x00, 0x00, 0xBB, 0xBC, 0xBD, 0xBE, 0xBF, 0xC0, 0xC1, 0x00, 0x00, 0x00, 0x00, 0x00, 0xC2, 0xC3, 0x0E, 0x0E, 0x0E, 0x0E, 0x0E, 0x0E, 0xC4, 0xC5, 0x00, 0xC6, 0xC7, 0x0E, 0x0E, 0x0E, 0x0E, 0x0E, 0x0E, 0xC8, 0xC9, 0x00, 0xCA, 0xCB, 0xAE, 0x00, 0x00, 0x00, 0xCC, 0xCD, 0xCE, 0x00, 0x00, 0x0E, 0x0E, 0x0E, 0x0E, 0x0E, 0x0E, 0x0E, 0xCF, 0xD0, 
	0x00, 0x00, 0xD1, 0xD2, 0xD3, 0x0E, 0xD4, 0xD5, 0xD6, 0xD7, 0xD8, 0xD9, 0xDA, 0xDB, 0xDC, 0xDD, 0xDE, 0x00, 0x00, 0x00, 0x00, 0x00, 0x00, 0x00, 0x00, 0xDF, 0xE0, 0xE0, 0xE0, 0xE0, 0xE1, 0x5B, 0x00, 0x00, 0x00, 0xE2, 0xE3, 0xE0, 0xE0, 0xE0, 0xE0, 0xE4, 0x00, 0x00, 0x00, 0x00, 0xE5, 0xE6, 0x00, 0x00, 0x00, 0x00, 0x00, 0xE7, 0x00, 0x00, 0xE0, 0xE0, 0xE0, 0xE0, 0xE0, 0xE0, 0xE0, 0xE8, 0x00, 
	0x00, 0x00, 0x00, 0xE9, 0xEA, 0xEB, 0xEC, 0xED, 0xED, 0xEE, 0xEF, 0xF0, 0xF1, 0xF2, 0xF3, 0xF4, 0x00, 0x00, 0x00, 0x00, 0x00, 0x00, 0x00, 0x00, 0x00, 0x00, 0x00, 0x00, 0x00, 0x00, 0x00, 0x00, 0x00, 0x00, 0x00, 0x00, 0x00, 0x00, 0x00, 0x00, 0x00, 0x00, 0x00, 0x00, 0x00, 0x00, 0x00, 0x00, 0x00, 0x00, 0x00, 0x00, 0x00, 0x00, 0x00, 0x00, 0x00, 0x00, 0x00, 0x00, 0x00, 0x00, 0x00, 0x00, 0x00, 
	0x00, 0x00, 0x00, 0x00, 0x00, 0xF5, 0xF6, 0xF7, 0xF8, 0xF9, 0xFA, 0xFB, 0xFC, 0x00, 0x00, 0x00, 0x00, 0x00, 0x00, 0x00, 0x00, 0x00, 0x00, 0x00, 0x00, 0x00, 0x00, 0x00, 0x00, 0x00, 0x00, 0x00, 0x00, 0x00, 0x00, 0x00, 0x00, 0x00, 0x00, 0x00, 0x00, 0x00, 0x00, 0x00, 0x00, 0x00, 0x00, 0x00, 0x00, 0x00, 0x00, 0x00, 0x00, 0x00, 0x00, 0x00, 0x00, 0x00, 0x00, 0x00, 0x00, 0x00, 0x00, 0x00, 0x00, 
	_END_,
	};

#elif(_LOGO_TYPE == _LOGO_HYINGDA)
BYTE code tiOSD_1BIT_LOGO0[]=
{
	0x00, 0x00, 0x00, 0x00, 0x00, 0x00, 0x00, 0x00, 0x01, 0x02, 0x02, 0x03, 0x00, 0x04, 0x02, 0x02, 0x05, 0x00, 0x00, 0x04, 0x02, 0x02, 0x05, 0x00, 0x00, 0x06, 0x02, 0x02, 0x07, 0x00, 0x00, 0x08, 0x02, 0x02, 0x09, 0x0A, 0x02, 0x02, 0x02, 0x00, 0x00, 0x00, 0x00, 0x06, 0x02, 0x02, 0x00, 0x0B, 0x02, 0x02, 0x02, 0x00, 0x00, 0x00, 0x00, 0x06, 0x02, 0x02, 0x02, 0x02, 0x02, 0x00, 0x00, 0x00, 0x00, 0x00, 0x00, 0x00, 0x0C, 0x02, 0x02, 0x02, 0x05, 0x00, 0x00, 0x00, 0x00, 0x00, 0x06, 0x02, 0x02, 0x09, 0x00, 0x00, 0x00,_NEXT_, 
	0x00, 0x00, 0x00, 0x00, 0x00, 0x00, 0x00, 0x00, 0x0D, 0x0E, 0x0E, 0x0F, 0x00, 0x10, 0x0E, 0x0E, 0x11, 0x00, 0x00, 0x12, 0x13, 0x0E, 0x14, 0x15, 0x16, 0x17, 0x0E, 0x18, 0x19, 0x00, 0x00, 0x0D, 0x0E, 0x0E, 0x1A, 0x1B, 0x0E, 0x0E, 0x0E, 0x00, 0x00, 0x00, 0x00, 0x1C, 0x0E, 0x0E, 0x1D, 0x1E, 0x0E, 0x0E, 0x0E, 0x00, 0x00, 0x00, 0x00, 0x1C, 0x0E, 0x0E, 0x0E, 0x0E, 0x0E, 0x1F, 0x20, 0x00, 0x00, 0x00, 0x00, 0x21, 0x22, 0x0E, 0x0E, 0x0E, 0x23, 0x24, 0x00, 0x00, 0x00, 0x00, 0x1C, 0x0E, 0x0E, 0x1A, 0x00, 0x00, 0x00, _NEXT_,
	0x00, 0x00, 0x00, 0x00, 0x00, 0x00, 0x00, 0x00, 0x0D, 0x0E, 0x0E, 0x0F, 0x00, 0x10, 0x0E, 0x0E, 0x11, 0x00, 0x00, 0x00, 0x25, 0x0E, 0x0E, 0x26, 0x27, 0x0E, 0x0E, 0x28, 0x00, 0x00, 0x00, 0x0D, 0x0E, 0x0E, 0x1A, 0x1B, 0x0E, 0x0E, 0x0E, 0x00, 0x00, 0x00, 0x00, 0x1C, 0x0E, 0x0E, 0x29, 0x2A, 0x0E, 0x0E, 0x0E, 0x00, 0x00, 0x00, 0x00, 0x1C, 0x0E, 0x0E, 0x2B, 0x2C, 0x0E, 0x0E, 0x2D, 0x2E, 0x00, 0x00, 0x00, 0x2F, 0x0E, 0x0E, 0x30, 0x0E, 0x0E, 0x31, 0x00, 0x00, 0x00, 0x00, 0x1C, 0x0E, 0x0E, 0x1A, 0x00, 0x00, 0x00, _NEXT_,
	0x00, 0x32, 0x33, 0x34, 0x35, 0x36, 0x37, 0x38, 0x39, 0x3A, 0x3B, 0x3C, 0x3D, 0x3E, 0x3F, 0x40, 0x11, 0x00, 0x00, 0x00, 0x41, 0x42, 0x0E, 0x43, 0x44, 0x0E, 0x45, 0x46, 0x00, 0x00, 0x00, 0x0D, 0x0E, 0x0E, 0x1A, 0x1B, 0x0E, 0x0E, 0x0E, 0x00, 0x00, 0x00, 0x00, 0x1C, 0x0E, 0x0E, 0x0E, 0x47, 0x0E, 0x0E, 0x0E, 0x00, 0x00, 0x00, 0x00, 0x1C, 0x0E, 0x0E, 0x48, 0x1B, 0x0E, 0x0E, 0x0E, 0x49, 0x00, 0x00, 0x00, 0x4A, 0x0E, 0x0E, 0x4B, 0x0E, 0x0E, 0x4C, 0x00, 0x00, 0x00, 0x00, 0x1C, 0x0E, 0x0E, 0x1A, 0x00, 0x00, 0x00, _NEXT_,
		0x00, 0x4D, 0x0E, 0x0E, 0x0E, 0x4E, 0x4F, 0x0E, 0x48, 0x00, 0x50, 0x0E, 0x0E, 0x51, 0x00, 0x52, 0x11, 0x00, 0x00, 0x00, 0x00, 0x53, 0x54, 0x0E, 0x0E, 0x55, 0x56, 0x00, 0x00, 0x00, 0x00, 0x0D, 0x0E, 0x0E, 0x1A, 0x1B, 0x0E, 0x0E, 0x0E, 0x00, 0x00, 0x00, 0x00, 0x1C, 0x0E, 0x0E, 0x0E, 0x0E, 0x0E, 0x0E, 0x0E, 0x00, 0x00, 0x00, 0x00, 0x1C, 0x0E, 0x0E, 0x48, 0x1B, 0x0E, 0x0E, 0x0E, 0x49, 0x00, 0x00, 0x00, 0x57, 0x0E, 0x58, 0x59, 0x0E, 0x0E, 0x5A, 0x00, 0x00, 0x00, 0x00, 0x1C, 0x0E, 0x0E, 0x1A, 0x00, 0x00, 0x00, _NEXT_,
		0x00, 0x5B, 0x5C, 0x5D, 0x5E, 0x5F, 0x60, 0x61, 0x62, 0x63, 0x64, 0x65, 0x66, 0x67, 0x68, 0x69, 0x11, 0x00, 0x00, 0x00, 0x00, 0x00, 0x6A, 0x0E, 0x0E, 0x6B, 0x00, 0x00, 0x00, 0x00, 0x00, 0x0D, 0x0E, 0x0E, 0x1A, 0x1B, 0x0E, 0x0E, 0x0E, 0x00, 0x00, 0x00, 0x00, 0x1C, 0x0E, 0x0E, 0x6C, 0x0E, 0x0E, 0x0E, 0x0E, 0x00, 0x00, 0x00, 0x00, 0x1C, 0x0E, 0x0E, 0x48, 0x1B, 0x0E, 0x0E, 0x0E, 0x49, 0x00, 0x00, 0x6D, 0x0E, 0x0E, 0x6E, 0x6F, 0x70, 0x0E, 0x71, 0x72, 0x00, 0x00, 0x00, 0x1C, 0x0E, 0x0E, 0x1A, 0x00, 0x00, 0x00, _NEXT_,
		0x00, 0x00, 0x00, 0x00, 0x00, 0x00, 0x00, 0x00, 0x0D, 0x0E, 0x0E, 0x0F, 0x00, 0x10, 0x0E, 0x0E, 0x11, 0x00, 0x00, 0x00, 0x00, 0x00, 0x10, 0x0E, 0x0E, 0x73, 0x00, 0x00, 0x00, 0x00, 0x00, 0x74, 0x0E, 0x0E, 0x75, 0x76, 0x0E, 0x0E, 0x77, 0x00, 0x00, 0x00, 0x00, 0x1C, 0x0E, 0x0E, 0x78, 0x79, 0x0E, 0x0E, 0x0E, 0x00, 0x00, 0x00, 0x00, 0x1C, 0x0E, 0x0E, 0x7A, 0x7B, 0x0E, 0x0E, 0x0E, 0x7C, 0x00, 0x00, 0x7D, 0x0E, 0x0E, 0x7E, 0x00, 0x7F, 0x0E, 0x0E, 0x80, 0x00, 0x00, 0x00, 0x1C, 0x0E, 0x0E, 0x1A, 0x00, 0x00, 0x00, _NEXT_,
		0x00, 0x00, 0x00, 0x00, 0x00, 0x00, 0x00, 0x00, 0x0D, 0x0E, 0x0E, 0x0F, 0x00, 0x10, 0x0E, 0x0E, 0x11, 0x00, 0x00, 0x00, 0x00, 0x00, 0x10, 0x0E, 0x0E, 0x73, 0x00, 0x00, 0x00, 0x00, 0x00, 0x81, 0x82, 0x0E, 0x0E, 0x0E, 0x0E, 0x83, 0x84, 0x00, 0x00, 0x00, 0x00, 0x1C, 0x0E, 0x0E, 0x1A, 0x85, 0x0E, 0x0E, 0x0E, 0x00, 0x00, 0x00, 0x00, 0x1C, 0x0E, 0x0E, 0x0E, 0x0E, 0x0E, 0x86, 0x87, 0x00, 0x00, 0x00, 0x88, 0x0E, 0x0E, 0x89, 0x00, 0x8A, 0x0E, 0x0E, 0x8B, 0x00, 0x00, 0x00, 0x1C, 0x0E, 0x0E, 0x1A, 0x00, 0x00, 0x00, _NEXT_,
		0x00, 0x00, 0x00, 0x00, 0x00, 0x00, 0x00, 0x00, 0x8C, 0x8D, 0x8D, 0x8E, 0x00, 0x8F, 0x8D, 0x8D, 0x90, 0x00, 0x00, 0x00, 0x00, 0x00, 0x8F, 0x8D, 0x8D, 0x91, 0x00, 0x00, 0x00, 0x00, 0x00, 0x00, 0x92, 0x93, 0x94, 0x94, 0x95, 0x96, 0x00, 0x00, 0x00, 0x00, 0x00, 0x97, 0x8D, 0x8D, 0x98, 0x00, 0x99, 0x8D, 0x8D, 0x00, 0x00, 0x00, 0x00, 0x97, 0x8D, 0x8D, 0x8D, 0x8D, 0x8D, 0x9A, 0x00, 0x00, 0x00, 0x00, 0x9B, 0x8D, 0x8D, 0x9C, 0x00, 0x9D, 0x8D, 0x8D, 0x9E, 0x00, 0x00, 0x00, 0x97, 0x8D, 0x8D, 0x98, 0x00, 0x00, 0x00, _END_,


};
#elif(_LOGO_TYPE == _LOGO_KOTIN)


BYTE code tiOSD_1BIT_LOGO0[]={


0x00,0x01,0x01,0x02,0x02,0x02,0x02,0x02,0x03,0x01,0x01,0x04,0x02,0x02,0x02,0x05,0x06,0x07,0x07,0x08,0x09,0x02,0x02,0x02,0x02,0x01,0x01,0x01,0x01,0x01,0x01,0x01,0x01,0x01,0x01,0x0A,0x02,0x0B,0x01,0x01,0x0C,0x02,0x02,0x0D,0x01,0x0E,0x02,0x02,0x02,0x02,0x02,0x00,0x01,0x0F,0x02, _NEXT_,
0x10,0x11,0x11,0x02,0x02,0x02,0x12,0x13,0x14,0x15,0x16,0x17,0x02,0x18,0x19,0x11,0x11,0x11,0x11,0x11,0x11,0x1A,0x1B,0x1C,0x02,0x11,0x11,0x11,0x11,0x11,0x11,0x11,0x11,0x11,0x11,0x1D,0x02,0x1E,0x11,0x11,0x1F,0x02,0x02,0x20,0x11,0x21,0x22,0x02,0x02,0x02,0x02,0x10,0x11,0x23,0x02, _NEXT_,
0x10,0x11,0x11,0x02,0x02,0x24,0x25,0x11,0x26,0x27,0x02,0x02,0x28,0x11,0x11,0x29,0x2A,0x2B,0x2B,0x2C,0x2D,0x11,0x11,0x2E,0x02,0x2F,0x2F,0x2F,0x30,0x11,0x11,0x31,0x2F,0x2F,0x2F,0x32,0x02,0x1E,0x11,0x11,0x1F,0x02,0x02,0x20,0x11,0x11,0x33,0x34,0x02,0x02,0x02,0x10,0x11,0x23,0x02, _NEXT_,
0x10,0x11,0x11,0x12,0x13,0x14,0x15,0x16,0x17,0x02,0x02,0x35,0x36,0x11,0x37,0x38,0x02,0x02,0x02,0x02,0x02,0x39,0x11,0x3A,0x3B,0x02,0x02,0x02,0x3C,0x11,0x11,0x3D,0x02,0x02,0x02,0x02,0x02,0x1E,0x11,0x11,0x1F,0x02,0x02,0x20,0x11,0x11,0x11,0x3E,0x3F,0x02,0x02,0x10,0x11,0x23,0x02, _NEXT_,
0x10,0x11,0x11,0x25,0x11,0x40,0x41,0x02,0x02,0x02,0x02,0x42,0x11,0x11,0x43,0x02,0x02,0x02,0x02,0x02,0x02,0x44,0x11,0x11,0x45,0x02,0x02,0x02,0x3C,0x11,0x11,0x3D,0x02,0x02,0x02,0x02,0x02,0x1E,0x11,0x11,0x1F,0x02,0x02,0x20,0x11,0x46,0x47,0x11,0x11,0x48,0x0C,0x10,0x11,0x23,0x02, _NEXT_,
0x10,0x11,0x11,0x49,0x4A,0x11,0x4B,0x4C,0x02,0x02,0x02,0x4D,0x4E,0x11,0x4F,0x02,0x02,0x02,0x02,0x02,0x02,0x50,0x11,0x15,0x51,0x02,0x02,0x02,0x3C,0x11,0x11,0x3D,0x02,0x02,0x02,0x02,0x02,0x1E,0x11,0x11,0x1F,0x02,0x02,0x20,0x11,0x52,0x02,0x53,0x54,0x11,0x55,0x56,0x11,0x23,0x02, _NEXT_,
0x10,0x11,0x11,0x02,0x57,0x58,0x11,0x3E,0x59,0x5A,0x02,0x02,0x5B,0x11,0x5C,0x5D,0x02,0x02,0x02,0x02,0x5E,0x5F,0x11,0x60,0x02,0x02,0x02,0x02,0x3C,0x11,0x11,0x3D,0x02,0x02,0x02,0x02,0x02,0x1E,0x11,0x11,0x1F,0x02,0x02,0x20,0x11,0x52,0x02,0x02,0x61,0x62,0x11,0x11,0x11,0x23,0x02, _NEXT_,
0x10,0x11,0x11,0x02,0x02,0x02,0x49,0x4A,0x11,0x4B,0x4C,0x02,0x63,0x64,0x11,0x65,0x66,0x67,0x67,0x68,0x69,0x11,0x6A,0x6B,0x02,0x02,0x02,0x02,0x3C,0x11,0x11,0x3D,0x02,0x02,0x02,0x02,0x02,0x1E,0x11,0x11,0x1F,0x02,0x02,0x20,0x11,0x52,0x02,0x02,0x02,0x6C,0x6D,0x11,0x11,0x23,0x02, _NEXT_,
0x6E,0x6F,0x6F,0x02,0x02,0x02,0x02,0x57,0x70,0x6F,0x71,0x72,0x02,0x73,0x74,0x75,0x76,0x77,0x78,0x79,0x7A,0x7B,0x7C,0x02,0x02,0x02,0x02,0x02,0x7D,0x6F,0x6F,0x7E,0x02,0x02,0x02,0x02,0x02,0x7F,0x6F,0x6F,0x80,0x02,0x02,0x81,0x6F,0x82,0x02,0x02,0x02,0x02,0x83,0x84,0x6F,0x85,0x02, _END_,




};

#elif(_LOGO_TYPE == _LOGO_USE_IFOVED)
BYTE code tiOSD_1BIT_LOGO0[]=
{


0x00,0x00,0x00,0x00,0x00,0x00,0x00,0x00,0x00,0x00,0x00,0x00,0x00,0x00,0x00,0x00,0x00,0x00,0x00,0x00,0x00,0x00,0x00,0x00,0x00,0x00,0x00,0x00,0x00,0x00,0x00,0x00,0x00,0x00,0x00,0x00,0x00,0x00,0x00,0x00,0x00,0x00,0x00,0x00,0x00,0x00,0x00,0x00,0x00,0x00,0x00,0x00,0x00,0x00,0x00, _NEXT_,
0x00,0x00,0x00,0x01,0x02,0x02,0x03,0x00,0x04,0x02,0x02,0x02,0x02,0x02,0x02,0x02,0x05,0x00,0x00,0x00,0x00,0x00,0x00,0x00,0x00,0x00,0x00,0x00,0x00,0x00,0x00,0x00,0x00,0x00,0x00,0x00,0x00,0x00,0x00,0x00,0x00,0x00,0x00,0x00,0x00,0x00,0x00,0x00,0x00,0x00,0x06,0x07,0x07,0x08,0x00, _NEXT_,
0x00,0x00,0x00,0x09,0x0A,0x0A,0x0B,0x00,0x0C,0x0D,0x0D,0x0E,0x0F,0x0F,0x0F,0x0F,0x10,0x00,0x00,0x00,0x11,0x12,0x13,0x00,0x00,0x00,0x00,0x00,0x00,0x00,0x00,0x00,0x00,0x00,0x00,0x00,0x00,0x00,0x14,0x15,0x16,0x17,0x00,0x00,0x00,0x00,0x00,0x18,0x19,0x1A,0x1B,0x0D,0x0D,0x1C,0x00, _NEXT_,
0x00,0x00,0x00,0x1B,0x0D,0x0D,0x1D,0x00,0x0C,0x0D,0x0D,0x1E,0x1F,0x1F,0x1F,0x20,0x00,0x00,0x21,0x22,0x23,0x0D,0x0D,0x24,0x25,0x26,0x27,0x0D,0x0D,0x28,0x00,0x29,0x2A,0x0D,0x2B,0x00,0x2C,0x2D,0x2E,0x0D,0x0D,0x2F,0x30,0x31,0x00,0x32,0x33,0x2E,0x0D,0x34,0x35,0x0D,0x0D,0x1C,0x00, _NEXT_,
0x00,0x00,0x00,0x1B,0x0D,0x0D,0x1D,0x00,0x0C,0x0D,0x0D,0x0D,0x0D,0x0D,0x0D,0x1C,0x00,0x36,0x0D,0x0D,0x37,0x38,0x39,0x0D,0x0D,0x3A,0x3B,0x3C,0x0D,0x3D,0x3E,0x3F,0x0D,0x40,0x41,0x42,0x23,0x0D,0x43,0x44,0x45,0x46,0x0D,0x47,0x48,0x49,0x0D,0x0D,0x4A,0x4B,0x4C,0x0D,0x0D,0x1C,0x00, _NEXT_,
0x00,0x00,0x00,0x1B,0x0D,0x0D,0x1D,0x00,0x0C,0x0D,0x0D,0x4D,0x4E,0x4E,0x4E,0x4F,0x00,0x0C,0x0D,0x0D,0x50,0x00,0x51,0x0D,0x0D,0x52,0x00,0x53,0x54,0x0D,0x55,0x56,0x0D,0x57,0x00,0x58,0x0D,0x0D,0x59,0x07,0x07,0x0D,0x0D,0x0D,0x5A,0x5B,0x0D,0x0D,0x5C,0x00,0x5D,0x0D,0x0D,0x1C,0x00, _NEXT_,
0x00,0x00,0x00,0x1B,0x0D,0x0D,0x1D,0x00,0x0C,0x0D,0x0D,0x5E,0x00,0x00,0x00,0x00,0x00,0x5F,0x0D,0x0D,0x60,0x61,0x62,0x0D,0x0D,0x63,0x00,0x00,0x64,0x0D,0x0D,0x0D,0x65,0x66,0x00,0x67,0x0D,0x0D,0x68,0x69,0x6A,0x6B,0x6C,0x6D,0x00,0x6E,0x0D,0x0D,0x6F,0x70,0x71,0x0D,0x0D,0x1C,0x00, _NEXT_,
0x00,0x00,0x00,0x72,0x73,0x73,0x74,0x00,0x75,0x73,0x73,0x76,0x00,0x00,0x00,0x00,0x00,0x00,0x77,0x78,0x79,0x0D,0x7A,0x7B,0x7C,0x7D,0x00,0x00,0x7E,0x7F,0x73,0x80,0x81,0x00,0x00,0x00,0x82,0x83,0x84,0x0D,0x0D,0x85,0x86,0x87,0x00,0x88,0x89,0x0D,0x0D,0x8A,0x8B,0x0D,0x0D,0x1C,0x00, _NEXT_,
0x00,0x00,0x00,0x00,0x00,0x00,0x00,0x00,0x00,0x00,0x00,0x00,0x00,0x00,0x00,0x00,0x00,0x00,0x00,0x00,0x8C,0x8D,0x8E,0x00,0x00,0x00,0x00,0x00,0x00,0x00,0x00,0x00,0x00,0x00,0x00,0x00,0x00,0x00,0x8F,0x8D,0x8D,0x90,0x00,0x00,0x00,0x00,0x00,0x91,0x92,0x93,0x94,0x8D,0x8D,0x95,0x00, _END_,





};
#elif(_LOGO_TYPE == _LOGO_HONGXIA_B)
BYTE code tiOSD_1BIT_LOGO0[]=
{

0x00, 0x00, 0x00, 0x00, 0x00, 0x00, 0x00, 0x00, 0x00, 0x00, 0x00, 0x00, 0x00, 0x00, 0x00, 0x00, 0x00, 0x00, 0x00, 0x00, 0x00, 0x00, 0x00, 0x00, 0x00, 0x00, 0x00, 0x00, 0x00, 0x00, 0x00, 0x00, 0x00, 0x00, 0x01, 0x02, 0x03, 0x03, 0x03, 0x03, 0x03, 0x03, 0x03, 0x03, 0x03, 0x03, 0x03, 0x03, 0x03, 0x03, 0x03, 0x03, 0x04, 0x05, 0x00, 0x00, 0x00, 0x00, 0x00, 0x00, 0x00, 0x00, 0x00, 0x00, 0x00, 0x00, 0x00, 0x00, 0x00, 0x00, 0x00, _NEXT_,
0x00, 0x00, 0x00, 0x00, 0x00, 0x00, 0x00, 0x00, 0x00, 0x00, 0x00, 0x00, 0x00, 0x00, 0x00, 0x00, 0x00, 0x00, 0x00, 0x00, 0x00, 0x00, 0x00, 0x00, 0x00, 0x00, 0x00, 0x00, 0x00, 0x00, 0x00, 0x00, 0x00, 0x06, 0x07, 0x08, 0x08, 0x08, 0x08, 0x08, 0x08, 0x08, 0x08, 0x08, 0x08, 0x08, 0x08, 0x08, 0x08, 0x08, 0x08, 0x08, 0x08, 0x09, 0x0A, 0x0B, 0x00, 0x00, 0x00, 0x00, 0x00, 0x00, 0x00, 0x00, 0x00, 0x00, 0x00, 0x00, 0x00, 0x00, 0x00, _NEXT_,
0x00, 0x00, 0x00, 0x00, 0x00, 0x00, 0x00, 0x00, 0x00, 0x00, 0x00, 0x00, 0x00, 0x00, 0x00, 0x00, 0x00, 0x00, 0x00, 0x00, 0x00, 0x00, 0x00, 0x00, 0x00, 0x00, 0x00, 0x00, 0x00, 0x00, 0x00, 0x00, 0x0C, 0x0D, 0x08, 0x08, 0x08, 0x08, 0x08, 0x08, 0x08, 0x08, 0x08, 0x08, 0x08, 0x08, 0x08, 0x08, 0x08, 0x08, 0x08, 0x08, 0x08, 0x08, 0x08, 0x0E, 0x0F, 0x10, 0x00, 0x00, 0x00, 0x00, 0x00, 0x00, 0x00, 0x00, 0x00, 0x00, 0x00, 0x00, 0x00, _NEXT_,
0x00, 0x00, 0x00, 0x00, 0x00, 0x00, 0x00, 0x00, 0x00, 0x00, 0x00, 0x00, 0x00, 0x00, 0x00, 0x00, 0x00, 0x00, 0x00, 0x00, 0x00, 0x00, 0x00, 0x00, 0x00, 0x00, 0x00, 0x00, 0x00, 0x00, 0x00, 0x11, 0x12, 0x08, 0x08, 0x08, 0x08, 0x08, 0x08, 0x08, 0x08, 0x08, 0x08, 0x08, 0x08, 0x08, 0x08, 0x08, 0x08, 0x08, 0x08, 0x08, 0x08, 0x08, 0x08, 0x08, 0x08, 0x13, 0x14, 0x00, 0x00, 0x00, 0x00, 0x00, 0x00, 0x00, 0x00, 0x00, 0x00, 0x00, 0x00, _NEXT_,
0x00, 0x00, 0x00, 0x00, 0x00, 0x00, 0x00, 0x00, 0x00, 0x00, 0x00, 0x00, 0x00, 0x00, 0x00, 0x00, 0x00, 0x00, 0x00, 0x00, 0x00, 0x00, 0x00, 0x00, 0x00, 0x00, 0x00, 0x00, 0x00, 0x00, 0x15, 0x16, 0x08, 0x08, 0x08, 0x08, 0x08, 0x08, 0x08, 0x08, 0x08, 0x08, 0x08, 0x08, 0x08, 0x08, 0x08, 0x08, 0x08, 0x08, 0x08, 0x08, 0x08, 0x08, 0x08, 0x08, 0x08, 0x08, 0x08, 0x17, 0x18, 0x00, 0x00, 0x00, 0x00, 0x00, 0x00, 0x00, 0x00, 0x00, 0x00, _NEXT_,
0x00, 0x00, 0x00, 0x00, 0x00, 0x00, 0x00, 0x00, 0x00, 0x00, 0x00, 0x00, 0x00, 0x00, 0x00, 0x00, 0x00, 0x00, 0x00, 0x00, 0x00, 0x00, 0x00, 0x00, 0x00, 0x00, 0x00, 0x00, 0x19, 0x1A, 0x08, 0x08, 0x08, 0x08, 0x08, 0x08, 0x08, 0x08, 0x08, 0x1B, 0x1C, 0x1C, 0x1C, 0x1C, 0x1C, 0x1C, 0x1C, 0x1C, 0x1C, 0x1C, 0x1D, 0x08, 0x08, 0x08, 0x08, 0x08, 0x08, 0x08, 0x08, 0x08, 0x1E, 0x0A, 0x1F, 0x00, 0x00, 0x00, 0x00, 0x00, 0x00, 0x00, 0x00, _NEXT_,
0x00, 0x00, 0x00, 0x00, 0x00, 0x00, 0x00, 0x00, 0x00, 0x00, 0x00, 0x00, 0x00, 0x00, 0x00, 0x00, 0x00, 0x00, 0x00, 0x00, 0x00, 0x00, 0x00, 0x00, 0x00, 0x00, 0x00, 0x20, 0x21, 0x08, 0x08, 0x08, 0x08, 0x08, 0x08, 0x08, 0x08, 0x22, 0x23, 0x00, 0x00, 0x00, 0x00, 0x00, 0x00, 0x00, 0x00, 0x00, 0x00, 0x00, 0x24, 0x25, 0x08, 0x08, 0x08, 0x08, 0x08, 0x08, 0x08, 0x08, 0x08, 0x08, 0x0E, 0x26, 0x27, 0x00, 0x00, 0x00, 0x00, 0x00, 0x00, _NEXT_,
0x00, 0x00, 0x00, 0x00, 0x00, 0x00, 0x00, 0x00, 0x00, 0x00, 0x00, 0x00, 0x00, 0x00, 0x00, 0x00, 0x00, 0x00, 0x00, 0x00, 0x00, 0x00, 0x00, 0x00, 0x00, 0x00, 0x28, 0x29, 0x08, 0x08, 0x08, 0x08, 0x08, 0x08, 0x08, 0x08, 0x2A, 0x2B, 0x00, 0x00, 0x00, 0x00, 0x00, 0x00, 0x00, 0x00, 0x00, 0x00, 0x00, 0x00, 0x00, 0x00, 0x2C, 0x2D, 0x08, 0x08, 0x08, 0x08, 0x08, 0x08, 0x08, 0x08, 0x08, 0x2E, 0x2F, 0x00, 0x00, 0x00, 0x00, 0x00, 0x00, _NEXT_,
0x00, 0x00, 0x00, 0x00, 0x00, 0x00, 0x00, 0x00, 0x00, 0x00, 0x00, 0x00, 0x00, 0x00, 0x00, 0x00, 0x00, 0x00, 0x00, 0x00, 0x00, 0x00, 0x00, 0x00, 0x00, 0x30, 0x31, 0x08, 0x08, 0x08, 0x08, 0x08, 0x08, 0x08, 0x08, 0x32, 0x33, 0x00, 0x00, 0x00, 0x00, 0x00, 0x00, 0x00, 0x00, 0x00, 0x00, 0x00, 0x00, 0x00, 0x00, 0x34, 0x35, 0x08, 0x08, 0x08, 0x08, 0x08, 0x08, 0x08, 0x08, 0x36, 0x37, 0x38, 0x00, 0x00, 0x00, 0x00, 0x00, 0x00, 0x00, _NEXT_,
0x00, 0x00, 0x00, 0x00, 0x00, 0x00, 0x00, 0x00, 0x00, 0x00, 0x00, 0x00, 0x00, 0x00, 0x00, 0x00, 0x00, 0x00, 0x00, 0x00, 0x00, 0x00, 0x00, 0x00, 0x39, 0x3A, 0x08, 0x08, 0x08, 0x08, 0x08, 0x08, 0x08, 0x08, 0x3B, 0x3C, 0x00, 0x00, 0x00, 0x00, 0x00, 0x00, 0x00, 0x00, 0x00, 0x00, 0x00, 0x00, 0x00, 0x00, 0x3D, 0x3E, 0x08, 0x08, 0x08, 0x08, 0x08, 0x08, 0x08, 0x08, 0x3F, 0x40, 0x00, 0x00, 0x00, 0x00, 0x00, 0x00, 0x00, 0x00, 0x00, _NEXT_,
0x00, 0x00, 0x00, 0x00, 0x00, 0x00, 0x00, 0x00, 0x00, 0x00, 0x00, 0x00, 0x00, 0x00, 0x00, 0x00, 0x00, 0x00, 0x00, 0x00, 0x00, 0x00, 0x41, 0x42, 0x08, 0x08, 0x08, 0x08, 0x08, 0x08, 0x08, 0x08, 0x43, 0x44, 0x38, 0x00, 0x00, 0x00, 0x00, 0x00, 0x00, 0x00, 0x00, 0x00, 0x00, 0x00, 0x00, 0x00, 0x00, 0x00, 0x45, 0x46, 0x46, 0x46, 0x46, 0x46, 0x46, 0x46, 0x46, 0x47, 0x48, 0x00, 0x00, 0x00, 0x00, 0x00, 0x00, 0x00, 0x00, 0x00, 0x00, _NEXT_,
0x00, 0x00, 0x00, 0x00, 0x00, 0x00, 0x00, 0x00, 0x00, 0x00, 0x00, 0x00, 0x00, 0x00, 0x00, 0x00, 0x00, 0x00, 0x00, 0x00, 0x00, 0x49, 0x4A, 0x08, 0x08, 0x08, 0x08, 0x08, 0x08, 0x08, 0x08, 0x08, 0x4B, 0x4C, 0x4C, 0x4C, 0x4C, 0x4C, 0x4C, 0x4C, 0x4C, 0x4C, 0x4C, 0x4C, 0x4C, 0x4C, 0x4C, 0x4C, 0x4C, 0x4C, 0x4C, 0x4C, 0x4C, 0x4C, 0x4C, 0x4C, 0x4C, 0x4C, 0x4C, 0x4D, 0x00, 0x00, 0x00, 0x00, 0x00, 0x00, 0x00, 0x00, 0x00, 0x00, 0x00, _NEXT_,
0x00, 0x00, 0x00, 0x00, 0x00, 0x00, 0x00, 0x00, 0x00, 0x00, 0x00, 0x00, 0x00, 0x00, 0x00, 0x00, 0x00, 0x00, 0x00, 0x00, 0x4E, 0x4F, 0x08, 0x08, 0x08, 0x08, 0x08, 0x08, 0x08, 0x08, 0x08, 0x08, 0x08, 0x08, 0x08, 0x08, 0x08, 0x08, 0x08, 0x08, 0x08, 0x08, 0x08, 0x08, 0x08, 0x08, 0x08, 0x08, 0x08, 0x08, 0x08, 0x08, 0x08, 0x08, 0x08, 0x08, 0x08, 0x08, 0x08, 0x50, 0x51, 0x52, 0x00, 0x00, 0x00, 0x00, 0x00, 0x00, 0x00, 0x00, 0x00, _NEXT_,
0x00, 0x00, 0x00, 0x00, 0x00, 0x00, 0x00, 0x00, 0x00, 0x00, 0x00, 0x00, 0x00, 0x00, 0x00, 0x00, 0x00, 0x00, 0x00, 0x53, 0x54, 0x08, 0x08, 0x08, 0x08, 0x08, 0x08, 0x08, 0x08, 0x08, 0x08, 0x08, 0x08, 0x08, 0x08, 0x08, 0x08, 0x08, 0x08, 0x08, 0x08, 0x08, 0x08, 0x08, 0x08, 0x08, 0x08, 0x08, 0x08, 0x08, 0x08, 0x08, 0x08, 0x08, 0x08, 0x08, 0x08, 0x08, 0x08, 0x08, 0x08, 0x55, 0x56, 0x57, 0x00, 0x00, 0x00, 0x00, 0x00, 0x00, 0x00, _NEXT_,
0x00, 0x00, 0x00, 0x00, 0x00, 0x00, 0x00, 0x00, 0x00, 0x00, 0x00, 0x00, 0x00, 0x00, 0x00, 0x00, 0x00, 0x00, 0x58, 0x59, 0x08, 0x08, 0x08, 0x08, 0x08, 0x08, 0x08, 0x08, 0x08, 0x08, 0x08, 0x08, 0x08, 0x08, 0x08, 0x08, 0x08, 0x08, 0x08, 0x08, 0x08, 0x08, 0x08, 0x08, 0x08, 0x08, 0x08, 0x08, 0x08, 0x08, 0x08, 0x08, 0x08, 0x08, 0x08, 0x08, 0x08, 0x08, 0x08, 0x08, 0x08, 0x08, 0x08, 0x5A, 0x5B, 0x00, 0x00, 0x00, 0x00, 0x00, 0x00, _NEXT_,
0x00, 0x00, 0x00, 0x00, 0x00, 0x00, 0x00, 0x00, 0x00, 0x00, 0x00, 0x00, 0x00, 0x00, 0x00, 0x00, 0x19, 0x5C, 0x16, 0x08, 0x08, 0x08, 0x08, 0x08, 0x08, 0x08, 0x08, 0x08, 0x08, 0x08, 0x08, 0x08, 0x08, 0x08, 0x08, 0x08, 0x08, 0x08, 0x08, 0x08, 0x08, 0x08, 0x08, 0x08, 0x08, 0x08, 0x08, 0x08, 0x08, 0x08, 0x08, 0x08, 0x08, 0x08, 0x08, 0x08, 0x08, 0x08, 0x08, 0x08, 0x08, 0x08, 0x08, 0x08, 0x08, 0x5D, 0x5E, 0x00, 0x00, 0x00, 0x00, _NEXT_,
0x00, 0x00, 0x00, 0x00, 0x00, 0x00, 0x00, 0x00, 0x00, 0x00, 0x00, 0x00, 0x00, 0x00, 0x00, 0x5F, 0x60, 0x08, 0x08, 0x08, 0x08, 0x08, 0x08, 0x08, 0x08, 0x08, 0x08, 0x08, 0x08, 0x08, 0x08, 0x08, 0x08, 0x08, 0x08, 0x08, 0x08, 0x08, 0x08, 0x08, 0x08, 0x08, 0x08, 0x08, 0x08, 0x08, 0x08, 0x08, 0x08, 0x08, 0x08, 0x08, 0x08, 0x08, 0x08, 0x08, 0x08, 0x08, 0x08, 0x08, 0x08, 0x08, 0x08, 0x08, 0x08, 0x08, 0x50, 0x61, 0x62, 0x00, 0x00, _NEXT_,
0x00, 0x00, 0x00, 0x00, 0x00, 0x00, 0x00, 0x00, 0x00, 0x00, 0x00, 0x00, 0x00, 0x00, 0x63, 0x64, 0x08, 0x08, 0x08, 0x08, 0x08, 0x08, 0x08, 0x08, 0x65, 0x66, 0x67, 0x67, 0x67, 0x67, 0x67, 0x67, 0x67, 0x67, 0x67, 0x67, 0x67, 0x67, 0x67, 0x67, 0x67, 0x67, 0x67, 0x67, 0x67, 0x67, 0x67, 0x67, 0x67, 0x67, 0x67, 0x67, 0x67, 0x67, 0x67, 0x67, 0x68, 0x69, 0x08, 0x08, 0x08, 0x08, 0x08, 0x08, 0x08, 0x08, 0x08, 0x08, 0x6A, 0x6B, 0x57, _NEXT_,
0x00, 0x00, 0x00, 0x00, 0x00, 0x00, 0x00, 0x00, 0x00, 0x00, 0x00, 0x00, 0x00, 0x6C, 0x6D, 0x08, 0x08, 0x08, 0x08, 0x08, 0x08, 0x08, 0x08, 0x6E, 0x6F, 0x00, 0x00, 0x00, 0x00, 0x00, 0x00, 0x00, 0x00, 0x00, 0x00, 0x00, 0x00, 0x00, 0x00, 0x00, 0x00, 0x00, 0x00, 0x00, 0x00, 0x00, 0x00, 0x00, 0x00, 0x00, 0x00, 0x00, 0x00, 0x00, 0x00, 0x00, 0x00, 0x00, 0x70, 0x71, 0x08, 0x08, 0x08, 0x08, 0x08, 0x08, 0x08, 0x08, 0x08, 0x72, 0x73, _NEXT_,
0x00, 0x00, 0x00, 0x00, 0x00, 0x00, 0x00, 0x00, 0x00, 0x00, 0x00, 0x00, 0x74, 0x75, 0x08, 0x08, 0x08, 0x08, 0x08, 0x08, 0x08, 0x08, 0x2E, 0x76, 0x00, 0x00, 0x00, 0x00, 0x00, 0x00, 0x00, 0x00, 0x00, 0x00, 0x00, 0x00, 0x00, 0x00, 0x00, 0x00, 0x00, 0x00, 0x00, 0x00, 0x00, 0x00, 0x00, 0x00, 0x00, 0x00, 0x00, 0x00, 0x00, 0x00, 0x00, 0x00, 0x00, 0x00, 0x77, 0x78, 0x08, 0x08, 0x08, 0x08, 0x08, 0x08, 0x08, 0x08, 0x79, 0x7A, 0x00, _NEXT_,
0x00, 0x00, 0x00, 0x00, 0x00, 0x00, 0x00, 0x00, 0x00, 0x00, 0x7B, 0x7C, 0x16, 0x08, 0x08, 0x08, 0x08, 0x08, 0x08, 0x08, 0x08, 0x7D, 0x7E, 0x00, 0x00, 0x00, 0x00, 0x00, 0x00, 0x00, 0x00, 0x00, 0x00, 0x00, 0x00, 0x00, 0x00, 0x00, 0x00, 0x00, 0x00, 0x00, 0x00, 0x00, 0x00, 0x00, 0x00, 0x00, 0x00, 0x00, 0x00, 0x00, 0x00, 0x00, 0x00, 0x00, 0x00, 0x7F, 0x80, 0x08, 0x08, 0x08, 0x08, 0x08, 0x08, 0x08, 0x08, 0x81, 0x82, 0x00, 0x00, _NEXT_,
0x00, 0x00, 0x00, 0x00, 0x00, 0x00, 0x00, 0x00, 0x00, 0x83, 0x84, 0x08, 0x08, 0x08, 0x08, 0x08, 0x08, 0x08, 0x08, 0x85, 0x86, 0x00, 0x00, 0x00, 0x00, 0x00, 0x00, 0x00, 0x00, 0x00, 0x00, 0x00, 0x00, 0x00, 0x00, 0x00, 0x00, 0x00, 0x00, 0x00, 0x00, 0x00, 0x00, 0x00, 0x00, 0x00, 0x00, 0x00, 0x00, 0x00, 0x00, 0x00, 0x00, 0x00, 0x00, 0x19, 0x5C, 0x16, 0x08, 0x08, 0x08, 0x08, 0x08, 0x08, 0x08, 0x08, 0x87, 0x38, 0x00, 0x00, 0x00, _NEXT_,
0x00, 0x00, 0x00, 0x00, 0x00, 0x00, 0x00, 0x00, 0x88, 0x89, 0x08, 0x08, 0x08, 0x08, 0x08, 0x08, 0x08, 0x08, 0x8A, 0x8B, 0x00, 0x00, 0x00, 0x00, 0x00, 0x00, 0x00, 0x00, 0x00, 0x00, 0x00, 0x00, 0x00, 0x00, 0x00, 0x00, 0x00, 0x00, 0x00, 0x00, 0x00, 0x00, 0x00, 0x00, 0x00, 0x00, 0x00, 0x00, 0x00, 0x00, 0x00, 0x00, 0x00, 0x00, 0x5F, 0x8C, 0x08, 0x08, 0x08, 0x08, 0x08, 0x08, 0x08, 0x08, 0x8D, 0x8E, 0x00, 0x00, 0x00, 0x00, 0x00, _NEXT_,
0x00, 0x00, 0x00, 0x00, 0x00, 0x00, 0x00, 0x8F, 0x90, 0x08, 0x08, 0x08, 0x08, 0x08, 0x08, 0x08, 0x08, 0x91, 0x92, 0x00, 0x00, 0x00, 0x00, 0x00, 0x00, 0x00, 0x00, 0x00, 0x00, 0x00, 0x00, 0x00, 0x00, 0x00, 0x00, 0x00, 0x00, 0x00, 0x00, 0x00, 0x00, 0x00, 0x00, 0x00, 0x00, 0x00, 0x00, 0x00, 0x00, 0x00, 0x00, 0x00, 0x00, 0x93, 0x64, 0x08, 0x08, 0x08, 0x08, 0x08, 0x08, 0x08, 0x08, 0x94, 0x95, 0x00, 0x00, 0x00, 0x00, 0x00, 0x00, _NEXT_,
0x00, 0x00, 0x00, 0x00, 0x00, 0x00, 0x96, 0x59, 0x08, 0x08, 0x08, 0x08, 0x08, 0x08, 0x08, 0x08, 0x97, 0x98, 0x83, 0x99, 0x9A, 0x9A, 0x9A, 0x9A, 0x9A, 0x9A, 0x9A, 0x9A, 0x9A, 0x9A, 0x9A, 0x9A, 0x9A, 0x9A, 0x9A, 0x9A, 0x9A, 0x9A, 0x9A, 0x9A, 0x9A, 0x9A, 0x9A, 0x9A, 0x9A, 0x9A, 0x9A, 0x9A, 0x9A, 0x9A, 0x9A, 0x9A, 0x9A, 0x9B, 0x08, 0x08, 0x08, 0x08, 0x08, 0x08, 0x08, 0x08, 0x9C, 0x9D, 0x00, 0x00, 0x00, 0x00, 0x00, 0x00, 0x00, _NEXT_,
0x00, 0x00, 0x00, 0x00, 0x7B, 0x9E, 0x16, 0x08, 0x08, 0x08, 0x08, 0x08, 0x08, 0x08, 0x08, 0x9F, 0xA0, 0xA1, 0xA2, 0x08, 0x08, 0x08, 0x08, 0x08, 0x08, 0x08, 0x08, 0x08, 0x08, 0x08, 0x08, 0x08, 0x08, 0x08, 0x08, 0x08, 0x08, 0x08, 0x08, 0x08, 0x08, 0x08, 0x08, 0x08, 0x08, 0x08, 0x08, 0x08, 0x08, 0x08, 0x08, 0x08, 0x08, 0x08, 0x08, 0x08, 0x08, 0x08, 0x08, 0x08, 0x08, 0xA3, 0xA4, 0x00, 0x00, 0x00, 0x00, 0x00, 0x00, 0x00, 0x00, _NEXT_,
0x00, 0x00, 0x00, 0x01, 0xA5, 0x08, 0x08, 0x08, 0x08, 0x08, 0x08, 0x08, 0x08, 0x8D, 0xA6, 0x00, 0xA7, 0xA8, 0x08, 0x08, 0x08, 0x08, 0x08, 0x08, 0x08, 0x08, 0x08, 0x08, 0x08, 0x08, 0x08, 0x08, 0x08, 0x08, 0x08, 0x08, 0x08, 0x08, 0x08, 0x08, 0x08, 0x08, 0x08, 0x08, 0x08, 0x08, 0x08, 0x08, 0x08, 0x08, 0x08, 0x08, 0x08, 0x08, 0x08, 0x08, 0x08, 0x08, 0x08, 0x08, 0xA9, 0x7E, 0x00, 0x00, 0x00, 0x00, 0x00, 0x00, 0x00, 0x00, 0x00, _NEXT_,
0x00, 0x00, 0x06, 0xAA, 0x08, 0x08, 0x08, 0x08, 0x08, 0x08, 0x08, 0x08, 0x22, 0xAB, 0x00, 0x74, 0xAC, 0x08, 0x08, 0x08, 0x08, 0x08, 0x08, 0x08, 0x08, 0x08, 0x08, 0x08, 0x08, 0x08, 0x08, 0x08, 0x08, 0x08, 0x08, 0x08, 0x08, 0x08, 0x08, 0x08, 0x08, 0x08, 0x08, 0x08, 0x08, 0x08, 0x08, 0x08, 0x08, 0x08, 0x08, 0x08, 0x08, 0x08, 0x08, 0x08, 0x08, 0x08, 0xAD, 0xAE, 0x00, 0x00, 0x00, 0x00, 0x00, 0x00, 0x00, 0x00, 0x00, 0x00, 0x00, _NEXT_,
0x00, 0xAF, 0x0D, 0x08, 0x08, 0x08, 0x08, 0x08, 0x08, 0x08, 0x08, 0xB0, 0xB1, 0xB2, 0xB3, 0x16, 0x08, 0x08, 0x08, 0x08, 0x08, 0x08, 0x08, 0x08, 0x08, 0x08, 0x08, 0x08, 0x08, 0x08, 0x08, 0x08, 0x08, 0x08, 0x08, 0x08, 0x08, 0x08, 0x08, 0x08, 0x08, 0x08, 0x08, 0x08, 0x08, 0x08, 0x08, 0x08, 0x08, 0x08, 0x08, 0x08, 0x08, 0x08, 0x08, 0x08, 0x08, 0xB4, 0xB5, 0x00, 0x00, 0x00, 0x00, 0x00, 0x00, 0x00, 0x00, 0x00, 0x00, 0x00, 0x00, _NEXT_,
0xB6, 0xB7, 0xB8, 0xB8, 0xB8, 0xB8, 0xB8, 0xB8, 0xB8, 0xB8, 0xB9, 0xBA, 0x00, 0xBB, 0xB8, 0xB8, 0xB8, 0xB8, 0xB8, 0xB8, 0xB8, 0xB8, 0xB8, 0xB8, 0xB8, 0xB8, 0xB8, 0xB8, 0xB8, 0xB8, 0xB8, 0xB8, 0xB8, 0xB8, 0xB8, 0xB8, 0xB8, 0xB8, 0xB8, 0xB8, 0xB8, 0xB8, 0xB8, 0xB8, 0xB8, 0xB8, 0xB8, 0xB8, 0xB8, 0xB8, 0xB8, 0xB8, 0xB8, 0xB8, 0xB8, 0xB8, 0xBC, 0xBD, 0x00, 0x00, 0x00, 0x00, 0x00, 0x00, 0x00, 0x00, 0x00, 0x00, 0x00, 0x00, 0x00, _END_,



};

#elif(_LOGO_TYPE==_LOGO_JMW)
BYTE code tiOSD_1BIT_LOGO0[] =
{
	0x00, 0x00, 0x00, 0x00, 0x00, 0x00, 0x00, 0x00, 0x00, 0x00, 0x00, 0x00, 0x00, 0x00, 0x00, 0x00, 0x00, 0x00, 0x00, 0x00, 0x00, 0x00, 0x00, 0x00, 0x00, 0x00, 0x00, 0x00, 0x00, 0x00, 0x00, 0x00, 0x00, 0x00, 0x00, 0x00, 0x00, 0x00, 0x00, 0x00, 0x00, 0x00, 0x00, 0x00, 0x00, 0x00, 0x00, 0x00, 0x00, 0x00, 0x00, 0x00, 0x00, 0x00, 0x00, 0x00, 0x00, 0x00, 0x00, 0x00, 0x00, 0x00, 0x00, 0x00, 0x00, 0x00, 0x00, 0x00, 0x00, 0x00, 0x00, 0x00, 0x00, 0x00, 0x00, _NEXT_,
	0x00, 0x00, 0x00, 0x00, 0x00, 0x00, 0x00, 0x00, 0x00, 0x00, 0x00, 0x00, 0x00, 0x00, 0x00, 0x00, 0x00, 0x00, 0x00, 0x00, 0x00, 0x00, 0x00, 0x00, 0x00, 0x00, 0x00, 0x00, 0x00, 0x00, 0x00, 0x00, 0x00, 0x00, 0x00, 0x00, 0x00, 0x00, 0x00, 0x00, 0x00, 0x00, 0x00, 0x00, 0x00, 0x00, 0x00, 0x00, 0x00, 0x00, 0x00, 0x00, 0x00, 0x00, 0x00, 0x00, 0x00, 0x00, 0x00, 0x00, 0x00, 0x00, 0x00, 0x00, 0x00, 0x00, 0x00, 0x00, 0x00, 0x00, 0x00, 0x00, 0x00, 0x00, 0x00, _NEXT_,
	0x00, 0x00, 0x00, 0x00, 0x00, 0x00, 0x00, 0x00, 0x00, 0x00, 0x00, 0x00, 0x00, 0x00, 0x00, 0x00, 0x00, 0x00, 0x00, 0x00, 0x00, 0x00, 0x00, 0x00, 0x00, 0x00, 0x00, 0x00, 0x00, 0x00, 0x00, 0x00, 0x00, 0x00, 0x00, 0x00, 0x00, 0x00, 0x00, 0x00, 0x00, 0x00, 0x00, 0x00, 0x00, 0x00, 0x00, 0x00, 0x00, 0x00, 0x00, 0x00, 0x00, 0x00, 0x00, 0x00, 0x00, 0x00, 0x00, 0x00, 0x00, 0x00, 0x00, 0x00, 0x00, 0x00, 0x00, 0x00, 0x00, 0x00, 0x00, 0x00, 0x00, 0x00, 0x00, _NEXT_,
	0x00, 0x00, 0x00, 0x00, 0x00, 0x00, 0x00, 0x00, 0x00, 0x00, 0x00, 0x00, 0x00, 0x00, 0x00, 0x00, 0x00, 0x00, 0x00, 0x00, 0x00, 0x01, 0x02, 0x02, 0x02, 0x03, 0x00, 0x00, 0x00, 0x00, 0x04, 0x02, 0x02, 0x02, 0x02, 0x02, 0x02, 0x02, 0x02, 0x02, 0x02, 0x02, 0x02, 0x02, 0x02, 0x02, 0x02, 0x02, 0x02, 0x05, 0x06, 0x00, 0x00, 0x00, 0x07, 0x08, 0x02, 0x02, 0x09, 0x00, 0x00, 0x00, 0x00, 0x0A, 0x02, 0x02, 0x0B, 0x00, 0x00, 0x00, 0x00, 0x0C, 0x02, 0x02, 0x0D, _NEXT_,
	0x00, 0x00, 0x00, 0x00, 0x00, 0x00, 0x00, 0x00, 0x00, 0x00, 0x00, 0x00, 0x00, 0x00, 0x00, 0x00, 0x00, 0x00, 0x00, 0x00, 0x0E, 0x0F, 0x10, 0x10, 0x11, 0x12, 0x00, 0x00, 0x00, 0x13, 0x14, 0x10, 0x10, 0x10, 0x10, 0x10, 0x10, 0x10, 0x10, 0x10, 0x10, 0x10, 0x10, 0x10, 0x10, 0x10, 0x10, 0x10, 0x10, 0x15, 0x16, 0x00, 0x00, 0x00, 0x17, 0x10, 0x10, 0x18, 0x19, 0x00, 0x00, 0x00, 0x1A, 0x10, 0x10, 0x10, 0x1B, 0x00, 0x00, 0x00, 0x1C, 0x10, 0x10, 0x10, 0x1D, _NEXT_,
	0x00, 0x00, 0x00, 0x00, 0x00, 0x00, 0x00, 0x00, 0x00, 0x00, 0x00, 0x00, 0x00, 0x00, 0x00, 0x00, 0x00, 0x00, 0x00, 0x00, 0x1E, 0x10, 0x10, 0x10, 0x1F, 0x00, 0x00, 0x00, 0x00, 0x20, 0x21, 0x21, 0x21, 0x21, 0x21, 0x21, 0x22, 0x23, 0x10, 0x10, 0x24, 0x25, 0x21, 0x21, 0x26, 0x27, 0x10, 0x10, 0x10, 0x28, 0x00, 0x00, 0x00, 0x29, 0x21, 0x21, 0x21, 0x2A, 0x00, 0x00, 0x00, 0x2B, 0x2C, 0x10, 0x10, 0x2D, 0x00, 0x00, 0x00, 0x2E, 0x2F, 0x10, 0x10, 0x30, 0x31, _NEXT_,
	0x00, 0x00, 0x00, 0x32, 0x10, 0x10, 0x10, 0x33, 0x00, 0x00, 0x00, 0x00, 0x00, 0x00, 0x00, 0x00, 0x00, 0x00, 0x00, 0x34, 0x14, 0x10, 0x10, 0x35, 0x00, 0x00, 0x00, 0x00, 0x36, 0x10, 0x10, 0x10, 0x1B, 0x00, 0x00, 0x00, 0x37, 0x10, 0x10, 0x10, 0x38, 0x00, 0x00, 0x00, 0x39, 0x2C, 0x10, 0x10, 0x3A, 0x00, 0x00, 0x00, 0x3B, 0x3C, 0x10, 0x10, 0x3D, 0x31, 0x00, 0x00, 0x3E, 0x3F, 0x10, 0x10, 0x40, 0x41, 0x00, 0x00, 0x0E, 0x42, 0x10, 0x10, 0x43, 0x44, 0x00, _NEXT_,
	0x00, 0x00, 0x45, 0x46, 0x10, 0x10, 0x47, 0x31, 0x00, 0x00, 0x00, 0x00, 0x00, 0x00, 0x00, 0x00, 0x00, 0x00, 0x48, 0x49, 0x10, 0x10, 0x4A, 0x4B, 0x00, 0x00, 0x00, 0x4C, 0x2C, 0x10, 0x10, 0x2D, 0x00, 0x00, 0x00, 0x4D, 0x46, 0x10, 0x10, 0x4E, 0x00, 0x00, 0x00, 0x4F, 0x50, 0x10, 0x10, 0x51, 0x41, 0x00, 0x00, 0x00, 0x52, 0x10, 0x10, 0x10, 0x53, 0x00, 0x00, 0x00, 0x54, 0x10, 0x10, 0x55, 0x56, 0x00, 0x00, 0x00, 0x1E, 0x10, 0x10, 0x10, 0x57, 0x00, 0x00, _NEXT_,
	0x00, 0x0E, 0x58, 0x10, 0x10, 0x10, 0x59, 0x5A, 0x5A, 0x5A, 0x5A, 0x5A, 0x5A, 0x5A, 0x5A, 0x5A, 0x5A, 0x5A, 0x5B, 0x10, 0x10, 0x10, 0x5C, 0x00, 0x00, 0x00, 0x5D, 0x5E, 0x10, 0x10, 0x5F, 0x60, 0x00, 0x00, 0x48, 0x58, 0x10, 0x10, 0x4A, 0x4B, 0x00, 0x00, 0x00, 0x61, 0x10, 0x10, 0x18, 0x62, 0x00, 0x00, 0x00, 0x32, 0x10, 0x10, 0x10, 0x10, 0x63, 0x5A, 0x5A, 0x64, 0x10, 0x10, 0x10, 0x65, 0x66, 0x5A, 0x5A, 0x67, 0x2C, 0x10, 0x10, 0x68, 0x31, 0x00, 0x00, _NEXT_,
	0x00, 0x69, 0x10, 0x10, 0x10, 0x10, 0x10, 0x10, 0x10, 0x10, 0x10, 0x10, 0x10, 0x10, 0x10, 0x10, 0x10, 0x10, 0x10, 0x10, 0x10, 0x6A, 0x00, 0x00, 0x00, 0x00, 0x6B, 0x10, 0x10, 0x6C, 0x6D, 0x00, 0x00, 0x00, 0x6E, 0x6F, 0x10, 0x70, 0x71, 0x00, 0x00, 0x00, 0x72, 0x6F, 0x10, 0x73, 0x74, 0x00, 0x00, 0x00, 0x75, 0x76, 0x10, 0x10, 0x10, 0x10, 0x10, 0x10, 0x10, 0x10, 0x10, 0x10, 0x10, 0x10, 0x10, 0x10, 0x10, 0x10, 0x10, 0x55, 0x77, 0x4B, 0x00, 0x00, 0x00, _NEXT_,
	0x00, 0x00, 0x00, 0x00, 0x00, 0x00, 0x00, 0x00, 0x00, 0x00, 0x00, 0x00, 0x00, 0x00, 0x00, 0x00, 0x00, 0x00, 0x00, 0x00, 0x00, 0x00, 0x00, 0x00, 0x00, 0x00, 0x00, 0x00, 0x00, 0x00, 0x00, 0x00, 0x00, 0x00, 0x00, 0x00, 0x00, 0x00, 0x00, 0x00, 0x00, 0x00, 0x00, 0x00, 0x00, 0x00, 0x00, 0x00, 0x00, 0x00, 0x00, 0x00, 0x00, 0x00, 0x00, 0x00, 0x00, 0x00, 0x00, 0x00, 0x00, 0x00, 0x00, 0x00, 0x00, 0x00, 0x00, 0x00, 0x00, 0x00, 0x00, 0x00, 0x00, 0x00, 0x00, _NEXT_,
	0x00, 0x00, 0x00, 0x00, 0x00, 0x00, 0x00, 0x00, 0x00, 0x00, 0x00, 0x00, 0x00, 0x00, 0x00, 0x00, 0x00, 0x00, 0x00, 0x00, 0x00, 0x00, 0x00, 0x00, 0x00, 0x00, 0x00, 0x00, 0x00, 0x00, 0x00, 0x00, 0x00, 0x00, 0x00, 0x00, 0x00, 0x00, 0x00, 0x00, 0x00, 0x00, 0x00, 0x00, 0x00, 0x00, 0x00, 0x00, 0x00, 0x00, 0x00, 0x00, 0x00, 0x00, 0x00, 0x00, 0x00, 0x00, 0x00, 0x00, 0x00, 0x00, 0x00, 0x00, 0x00, 0x00, 0x00, 0x00, 0x00, 0x00, 0x00, 0x00, 0x00, 0x00, 0x00, _END_,

};

#elif(_LOGO_TYPE==_LOGO_G_PLUS)
BYTE code tiOSD_1BIT_LOGO0[] =
{
	0x00, 0x00, 0x00, 0x00, 0x00, 0x01, 0x02, 0x03, 0x04, 0x05, 0x06, 0x07, 0x08, 0x00, 0x00, 0x00, 0x00, 0x00, 0x00, 0x00, 0x00, 0x00, 0x00, 0x00, 0x00, 0x00, 0x00, 0x00, 0x00, 0x00, 0x00, 0x00, 0x00, 0x00, 0x00, 0x00, 0x00, 0x00, 0x00, 0x00, 0x00, 0x00, 0x00, 0x00, 0x00, 0x00, 0x00, 
	0x00, 0x00, 0x00, 0x09, 0x0A, 0x0B, 0x0C, 0x0D, 0x0E, 0x0F, 0x10, 0x11, 0x12, 0x13, 0x14, 0x00, 0x00, 0x15, 0x16, 0x00, 0x00, 0x00, 0x00, 0x00, 0x00, 0x00, 0x00, 0x00, 0x00, 0x00, 0x00, 0x00, 0x00, 0x00, 0x00, 0x00, 0x00, 0x00, 0x00, 0x00, 0x00, 0x00, 0x00, 0x00, 0x00, 0x00, 0x00, 
	0x00, 0x17, 0x18, 0x0B, 0x19, 0x1A, 0x1B, 0x00, 0x00, 0x00, 0x00, 0x1C, 0x1D, 0x1E, 0x1F, 0x00, 0x00, 0x20, 0x1F, 0x00, 0x00, 0x00, 0x00, 0x00, 0x00, 0x00, 0x00, 0x00, 0x00, 0x00, 0x00, 0x00, 0x00, 0x00, 0x00, 0x00, 0x00, 0x00, 0x00, 0x00, 0x00, 0x00, 0x00, 0x00, 0x00, 0x00, 0x00, 
	0x00, 0x21, 0x0B, 0x22, 0x23, 0x00, 0x00, 0x00, 0x00, 0x00, 0x00, 0x00, 0x00, 0x00, 0x24, 0x00, 0x00, 0x20, 0x1F, 0x00, 0x00, 0x00, 0x00, 0x00, 0x00, 0x00, 0x00, 0x00, 0x00, 0x00, 0x00, 0x00, 0x00, 0x00, 0x00, 0x00, 0x00, 0x00, 0x00, 0x00, 0x00, 0x00, 0x00, 0x00, 0x00, 0x00, 0x00, 
	0x25, 0x26, 0x27, 0x28, 0x00, 0x00, 0x00, 0x00, 0x00, 0x00, 0x00, 0x00, 0x00, 0x29, 0x2A, 0x2A, 0x2A, 0x2B, 0x2C, 0x2A, 0x2A, 0x2A, 0x2D, 0x00, 0x00, 0x00, 0x00, 0x2E, 0x2F, 0x00, 0x00, 0x00, 0x00, 0x00, 0x00, 0x00, 0x00, 0x00, 0x00, 0x00, 0x00, 0x00, 0x00, 0x00, 0x00, 0x00, 0x00, 
	0x30, 0x0B, 0x31, 0x00, 0x00, 0x00, 0x00, 0x00, 0x00, 0x32, 0x33, 0x33, 0x33, 0x33, 0x33, 0x33, 0x34, 0x20, 0x1F, 0x00, 0x00, 0x00, 0x35, 0x36, 0x33, 0x37, 0x00, 0x20, 0x38, 0x39, 0x3A, 0x00, 0x00, 0x3B, 0x3C, 0x00, 0x3D, 0x33, 0x33, 0x3E, 0x00, 0x00, 0x00, 0x00, 0x00, 0x00, 0x00, 
	0x3F, 0x0B, 0x40, 0x00, 0x00, 0x00, 0x00, 0x00, 0x00, 0x20, 0x0B, 0x0B, 0x0B, 0x0B, 0x0B, 0x0B, 0x41, 0x20, 0x1F, 0x00, 0x00, 0x42, 0x43, 0x44, 0x45, 0x46, 0x47, 0x20, 0x38, 0x48, 0x49, 0x00, 0x00, 0x4A, 0x4B, 0x4C, 0x4D, 0x4E, 0x4E, 0x4F, 0x00, 0x00, 0x00, 0x00, 0x00, 0x00, 0x00, 
	0x50, 0x51, 0x52, 0x53, 0x00, 0x00, 0x00, 0x00, 0x00, 0x54, 0x55, 0x55, 0x55, 0x55, 0x56, 0x0B, 0x57, 0x58, 0x59, 0x00, 0x00, 0x5A, 0x38, 0x00, 0x00, 0x5B, 0x1F, 0x20, 0x38, 0x48, 0x49, 0x00, 0x00, 0x4A, 0x4B, 0x5C, 0x5D, 0x5E, 0x5F, 0x60, 0x00, 0x00, 0x00, 0x00, 0x00, 0x00, 0x00, 
	0x00, 0x61, 0x0B, 0x62, 0x63, 0x00, 0x00, 0x00, 0x00, 0x00, 0x00, 0x00, 0x00, 0x64, 0x65, 0x66, 0x67, 0x00, 0x00, 0x00, 0x00, 0x5A, 0x68, 0x00, 0x00, 0x69, 0x1F, 0x20, 0x38, 0x48, 0x49, 0x00, 0x00, 0x4A, 0x4B, 0x00, 0x6A, 0x6B, 0x6C, 0x6D, 0x6E, 0x00, 0x00, 0x00, 0x00, 0x00, 0x00, 
	0x00, 0x00, 0x6F, 0x70, 0x71, 0x72, 0x73, 0x74, 0x00, 0x00, 0x00, 0x75, 0x76, 0x77, 0x78, 0x79, 0x00, 0x00, 0x00, 0x00, 0x00, 0x5A, 0x7A, 0x7B, 0x7C, 0x7D, 0x7E, 0x7F, 0x80, 0x81, 0x82, 0x7C, 0x7C, 0x83, 0x84, 0x85, 0x7C, 0x7C, 0x86, 0x87, 0x88, 0x00, 0x00, 0x00, 0x00, 0x00, 0x00, 
	0x00, 0x00, 0x00, 0x89, 0x8A, 0x8B, 0x0B, 0x8C, 0x8D, 0x8E, 0x8F, 0x0B, 0x90, 0x91, 0x92, 0x00, 0x00, 0x00, 0x00, 0x00, 0x00, 0x5A, 0x38, 0x00, 0x00, 0x00, 0x00, 0x00, 0x00, 0x00, 0x00, 0x00, 0x00, 0x00, 0x00, 0x00, 0x00, 0x00, 0x00, 0x00, 0x00, 0x00, 0x00, 0x00, 0x00, 0x00, 0x00, 
	0x00, 0x00, 0x00, 0x00, 0x00, 0x93, 0x94, 0x95, 0x96, 0x97, 0x98, 0x99, 0x9A, 0x00, 0x00, 0x00, 0x00, 0x00, 0x00, 0x00, 0x00, 0x9B, 0x9C, 0x9D, 0x9E, 0x9D, 0x00, 0x9F, 0xA0, 0xA1, 0xA2, 0xA3, 0xA4, 0xA5, 0xA6, 0xA5, 0xA7, 0x00, 0xA8, 0xA9, 0x74, 0xAA, 0xAB, 0x9F, 0xAC, 0xAD, 0x00, 
	0x00, 0x00, 0x00, 0x00, 0x00, 0x00, 0x00, 0x00, 0x00, 0x00, 0x00, 0x00, 0x00, 0x00, 0x00, 0x00, 0x00, 0x00, 0x00, 0x00, 0x00, 0xAE, 0xAF, 0xB0, 0xB1, 0xB2, 0x00, 0xB3, 0xB4, 0xB5, 0xB6, 0x20, 0xB7, 0xB8, 0xB9, 0xBA, 0xBB, 0x00, 0xBC, 0xBD, 0xBE, 0xBF, 0xC0, 0xC1, 0xC2, 0xC3, 0xC4, 
	0x00, 0x00, 0x00, 0x00, 0x00, 0x00, 0x00, 0x00, 0x00, 0x00, 0x00, 0x00, 0x00, 0x00, 0x00, 0x00, 0x00, 0x00, 0x00, 0x00, 0x00, 0xC5, 0xC6, 0xC7, 0xC8, 0xC9, 0x00, 0xCA, 0xCB, 0xCC, 0xCD, 0xCE, 0xCF, 0xD0, 0xD1, 0xD2, 0xD3, 0x00, 0xD4, 0xD5, 0xD5, 0xD6, 0xD7, 0xD8, 0xD9, 0xC6, 0xDA, 
	_END_,

};
#elif(_LOGO_TYPE==_LOGO_HONXIA)

BYTE code tiOSD_1BIT_LOGO0[] =
{
	0x00, 0x00, 0x00, 0x00, 0x00, 0x00, 0x00, 0x00, 0x00, 0x00, 0x00, 0x00, 0x00, 0x00, 0x00, 0x00, 0x00, 0x00, 0x00, 0x00, 0x01, 0x02, 0x03, 0x00, 0x00, 0x00, 0x00, 0x00, 0x00, 0x00, 0x00, 0x00, 0x00, 0x00, 0x00, 0x00, 0x00, 0x00, 0x00, 0x00, 0x00, 0x00, 0x00, 0x00, 0x00, 0x00, 0x00, 0x00, 0x00, 0x00, 0x00, 0x00, 0x00, 0x00, 0x00, 0x00, 0x00, 0x00, 0x00, 0x00, 0x00, 0x00, 0x00, 0x00, 0x00, 0x00, 0x00, 0x00, 0x00, 0x00, 0x00, 0x00, 0x00, 0x00, 0x00, 0x00, 0x00, 0x00, 0x00, 0x00, 0x00, 0x00, 0x00, 0x00, 0x00, 0x00, 0x00, 0x00, 0x00, 0x00, 0x00, 0x00, 0x00, 
	0x00, 0x04, 0x05, 0x05, 0x06, 0x00, 0x00, 0x00, 0x00, 0x07, 0x05, 0x05, 0x08, 0x00, 0x00, 0x00, 0x09, 0x0A, 0x0B, 0x0C, 0x05, 0x05, 0x0D, 0x00, 0x00, 0x0E, 0x0F, 0x00, 0x00, 0x00, 0x10, 0x05, 0x05, 0x05, 0x11, 0x12, 0x00, 0x00, 0x00, 0x13, 0x05, 0x05, 0x14, 0x00, 0x00, 0x00, 0x00, 0x00, 0x00, 0x00, 0x00, 0x00, 0x00, 0x00, 0x00, 0x00, 0x00, 0x00, 0x15, 0x16, 0x05, 0x05, 0x17, 0x18, 0x00, 0x00, 0x00, 0x19, 0x1A, 0x05, 0x1B, 0x1C, 0x00, 0x1D, 0x05, 0x05, 0x1E, 0x00, 0x00, 0x00, 0x00, 0x00, 0x1F, 0x20, 0x05, 0x05, 0x21, 0x22, 0x00, 0x00, 0x00, 0x00, 0x00, 
	0x00, 0x04, 0x05, 0x05, 0x06, 0x00, 0x00, 0x00, 0x00, 0x07, 0x05, 0x05, 0x08, 0x00, 0x00, 0x23, 0x24, 0x05, 0x05, 0x25, 0x26, 0x27, 0x28, 0x00, 0x1F, 0x29, 0x2A, 0x2B, 0x00, 0x00, 0x10, 0x05, 0x05, 0x05, 0x05, 0x2C, 0x00, 0x00, 0x00, 0x13, 0x05, 0x05, 0x14, 0x00, 0x00, 0x00, 0x00, 0x00, 0x00, 0x00, 0x00, 0x00, 0x00, 0x00, 0x00, 0x00, 0x00, 0x00, 0x00, 0x15, 0x16, 0x05, 0x05, 0x17, 0x18, 0x00, 0x2D, 0x2E, 0x05, 0x1B, 0x2F, 0x00, 0x00, 0x1D, 0x05, 0x05, 0x1E, 0x00, 0x00, 0x00, 0x00, 0x00, 0x30, 0x05, 0x05, 0x05, 0x05, 0x31, 0x00, 0x00, 0x00, 0x00, 0x00, 
	0x00, 0x04, 0x05, 0x05, 0x06, 0x00, 0x00, 0x00, 0x00, 0x07, 0x05, 0x05, 0x08, 0x00, 0x00, 0x32, 0x05, 0x05, 0x33, 0x34, 0x00, 0x00, 0x00, 0x00, 0x35, 0x05, 0x05, 0x36, 0x37, 0x00, 0x10, 0x05, 0x05, 0x38, 0x05, 0x39, 0x3A, 0x00, 0x00, 0x13, 0x05, 0x05, 0x14, 0x00, 0x00, 0x00, 0x00, 0x00, 0x00, 0x00, 0x00, 0x00, 0x00, 0x00, 0x00, 0x00, 0x00, 0x00, 0x00, 0x00, 0x15, 0x16, 0x05, 0x05, 0x17, 0x3B, 0x1A, 0x05, 0x3C, 0x3D, 0x00, 0x00, 0x00, 0x1D, 0x05, 0x05, 0x1E, 0x00, 0x00, 0x00, 0x00, 0x3E, 0x3F, 0x05, 0x40, 0x41, 0x05, 0x05, 0x42, 0x00, 0x00, 0x00, 0x00, 
	0x00, 0x04, 0x05, 0x05, 0x06, 0x00, 0x43, 0x44, 0x44, 0x45, 0x05, 0x05, 0x08, 0x00, 0x46, 0x05, 0x05, 0x05, 0x47, 0x00, 0x48, 0x49, 0x4A, 0x12, 0x4B, 0x4C, 0x05, 0x05, 0x4D, 0x00, 0x10, 0x05, 0x05, 0x4E, 0x4F, 0x05, 0x50, 0x51, 0x00, 0x13, 0x05, 0x05, 0x14, 0x00, 0x00, 0x00, 0x00, 0x00, 0x00, 0x00, 0x00, 0x00, 0x00, 0x00, 0x00, 0x00, 0x00, 0x00, 0x00, 0x00, 0x00, 0x15, 0x52, 0x05, 0x05, 0x05, 0x05, 0x3C, 0x53, 0x00, 0x00, 0x00, 0x00, 0x1D, 0x05, 0x05, 0x1E, 0x00, 0x00, 0x00, 0x00, 0x54, 0x05, 0x05, 0x55, 0x56, 0x57, 0x05, 0x58, 0x59, 0x00, 0x00, 0x00, 
	0x00, 0x04, 0x05, 0x05, 0x06, 0x5A, 0x3F, 0x05, 0x05, 0x05, 0x05, 0x05, 0x08, 0x00, 0x07, 0x05, 0x05, 0x5B, 0x00, 0x5C, 0x05, 0x05, 0x05, 0x5D, 0x00, 0x1D, 0x05, 0x05, 0x5E, 0x00, 0x10, 0x05, 0x05, 0x5F, 0x60, 0x61, 0x05, 0x62, 0x63, 0x13, 0x05, 0x05, 0x14, 0x00, 0x00, 0x00, 0x00, 0x00, 0x00, 0x00, 0x00, 0x00, 0x00, 0x00, 0x00, 0x00, 0x00, 0x00, 0x00, 0x00, 0x00, 0x00, 0x64, 0x65, 0x05, 0x05, 0x05, 0x66, 0x00, 0x00, 0x00, 0x00, 0x00, 0x1D, 0x05, 0x05, 0x1E, 0x00, 0x00, 0x00, 0x67, 0x05, 0x05, 0x68, 0x69, 0x00, 0x6A, 0x05, 0x05, 0x6B, 0x00, 0x00, 0x00, 
	0x00, 0x04, 0x05, 0x05, 0x6C, 0x6D, 0x6E, 0x6E, 0x6E, 0x6F, 0x05, 0x05, 0x08, 0x00, 0x70, 0x05, 0x05, 0x39, 0x71, 0x72, 0x73, 0x74, 0x75, 0x76, 0x00, 0x77, 0x05, 0x05, 0x78, 0x00, 0x10, 0x05, 0x05, 0x5F, 0x00, 0x79, 0x7A, 0x05, 0x7B, 0x13, 0x05, 0x05, 0x14, 0x00, 0x00, 0x00, 0x00, 0x00, 0x00, 0x00, 0x00, 0x00, 0x00, 0x00, 0x00, 0x00, 0x00, 0x00, 0x00, 0x00, 0x00, 0x00, 0x7C, 0x1A, 0x05, 0x05, 0x05, 0x17, 0x18, 0x00, 0x00, 0x00, 0x00, 0x1D, 0x05, 0x05, 0x1E, 0x00, 0x00, 0x7D, 0x29, 0x05, 0x05, 0x7E, 0x7F, 0x80, 0x81, 0x82, 0x05, 0x83, 0x84, 0x00, 0x00, 
	0x00, 0x04, 0x05, 0x05, 0x06, 0x00, 0x00, 0x00, 0x00, 0x07, 0x05, 0x05, 0x08, 0x00, 0x85, 0x86, 0x05, 0x05, 0x87, 0x00, 0x00, 0x00, 0x00, 0x00, 0x88, 0x05, 0x05, 0x89, 0x8A, 0x00, 0x10, 0x05, 0x05, 0x5F, 0x00, 0x00, 0x8B, 0x05, 0x05, 0x8C, 0x05, 0x05, 0x14, 0x00, 0x00, 0x00, 0x00, 0x00, 0x00, 0x00, 0x00, 0x00, 0x00, 0x00, 0x00, 0x00, 0x00, 0x00, 0x00, 0x00, 0x00, 0x7C, 0x1A, 0x05, 0x3C, 0x8D, 0x05, 0x05, 0x8E, 0x8F, 0x00, 0x00, 0x00, 0x1D, 0x05, 0x05, 0x1E, 0x00, 0x00, 0x90, 0x05, 0x05, 0x91, 0x92, 0x05, 0x05, 0x05, 0x05, 0x05, 0x05, 0x93, 0x00, 0x00, 
	0x00, 0x04, 0x05, 0x05, 0x06, 0x00, 0x00, 0x00, 0x00, 0x07, 0x05, 0x05, 0x08, 0x00, 0x00, 0x94, 0x05, 0x05, 0x95, 0x00, 0x00, 0x96, 0x97, 0x98, 0x99, 0x05, 0x05, 0x9A, 0x00, 0x00, 0x10, 0x05, 0x05, 0x5F, 0x00, 0x00, 0x00, 0x9B, 0x05, 0x9C, 0x05, 0x05, 0x14, 0x00, 0x00, 0x00, 0x00, 0x00, 0x00, 0x00, 0x00, 0x00, 0x00, 0x00, 0x00, 0x00, 0x00, 0x00, 0x00, 0x00, 0x7C, 0x1A, 0x05, 0x3C, 0x9D, 0x64, 0x9E, 0x05, 0x05, 0x9F, 0x18, 0x00, 0x00, 0x1D, 0x05, 0x05, 0x1E, 0x00, 0xA0, 0xA1, 0x05, 0xA2, 0xA3, 0xA4, 0xA4, 0xA4, 0xA4, 0xA5, 0xA6, 0x05, 0x05, 0xA7, 0x00, 
	0x00, 0x04, 0x05, 0x05, 0x06, 0x00, 0x00, 0x00, 0x00, 0x07, 0x05, 0x05, 0x08, 0x00, 0x00, 0x00, 0xA8, 0xA9, 0xAA, 0x00, 0xAB, 0xAC, 0x05, 0x05, 0x05, 0xAD, 0xAE, 0x34, 0x00, 0x00, 0x10, 0x05, 0x05, 0x5F, 0x00, 0x00, 0x00, 0x64, 0xAF, 0x05, 0x05, 0x05, 0x14, 0x00, 0x00, 0x00, 0x00, 0x00, 0x00, 0x00, 0x00, 0x00, 0x00, 0x00, 0x00, 0x00, 0x00, 0x00, 0x00, 0x7C, 0x1A, 0x05, 0xB0, 0xB1, 0x00, 0x00, 0x64, 0xB2, 0x05, 0x05, 0x9F, 0x8F, 0x00, 0x1D, 0x05, 0x05, 0x1E, 0xB3, 0xB4, 0x05, 0x05, 0xB5, 0x00, 0x00, 0x00, 0x00, 0x00, 0x00, 0xB6, 0x05, 0x05, 0xB7, 0xB8, 
	0x00, 0xB9, 0xBA, 0xBA, 0xBB, 0x00, 0x00, 0x00, 0x00, 0xBC, 0xBA, 0xBA, 0xBD, 0x00, 0x00, 0x00, 0x00, 0x00, 0x00, 0x00, 0xBE, 0xBF, 0xC0, 0xC1, 0xC2, 0xC3, 0x00, 0x00, 0x00, 0x00, 0xC4, 0xBA, 0xBA, 0xC5, 0x00, 0x00, 0x00, 0x00, 0xC6, 0xBA, 0xBA, 0xBA, 0xC7, 0x00, 0x00, 0x00, 0x00, 0x00, 0x00, 0x00, 0x00, 0x00, 0x00, 0x00, 0x00, 0x00, 0x00, 0x00, 0xC8, 0xC9, 0xBA, 0xBA, 0xCA, 0x00, 0x00, 0x00, 0x00, 0x64, 0xCB, 0xBA, 0xBA, 0xCC, 0x00, 0xCD, 0x6E, 0x6E, 0xCE, 0xCF, 0xBA, 0xBA, 0xBA, 0xD0, 0x00, 0x00, 0x00, 0x00, 0x00, 0x00, 0xD1, 0xD2, 0xBA, 0xBA, 0xD3, _END_,

};


#elif(_LOGO_TYPE==_LOGO_IMAGIC)
BYTE code tiOSD_1BIT_LOGO0[] =
{
    0x00,0x00,0x00,0x00,0x00,0x00,0x00,0x00,0x00,0x00,0x00,0x00,0x00,0x00,0x00,0x00,0x00,0x00,0x01,0x02,0x03,0x04,0x05,0x06,0x00,0x00,0x00,0x00,0x00,0x00,0x00,0x00,0x00,0x00,0x00,0x00,0x00,0x00,0x00,0x00,0x00,0x00,0x00,0x00,0x00,0x00,0x00,0x00,0x00,0x00,0x00,0x00,_NEXT_,   //                  18_019_020_021_022_023_0                            
    0x00,0x00,0x00,0x00,0x00,0x00,0x00,0x00,0x00,0x00,0x00,0x00,0x07,0x08,0x09,0x0A,0x0B,0x0C,0x0D,0x0E,0x0F,0x10,0x11,0x12,0x00,0x00,0x00,0x00,0x00,0x00,0x00,0x00,0x00,0x00,0x00,0x00,0x00,0x00,0x00,0x00,0x00,0x00,0x00,0x00,0x00,0x00,0x00,0x00,0x00,0x00,0x00,0x00,_NEXT_,   //            12_113_114_115_116_117_118_119_120_121_122_123_1                            
    0x00,0x00,0x00,0x00,0x00,0x00,0x00,0x00,0x00,0x00,0x13,0x14,0x15,0x16,0x17,0x18,0x19,0x1A,0x1B,0x1C,0x1D,0x00,0x00,0x00,0x00,0x00,0x00,0x00,0x00,0x00,0x00,0x00,0x00,0x00,0x00,0x00,0x00,0x00,0x00,0x00,0x00,0x00,0x00,0x00,0x00,0x00,0x00,0x00,0x00,0x00,0x00,0x00,_NEXT_,   //          10_211_212_213_214_215_216_217_218_219_220_2                               
    0x1E,0x1F,0x20,0x21,0x22,0x23,0x24,0x25,0x26,0x27,0x28,0x29,0x2A,0x2B,0x00,0x2C,0x2D,0x2E,0x2F,0x30,0x31,0x32,0x00,0x00,0x00,0x00,0x00,0x00,0x00,0x00,0x00,0x00,0x00,0x00,0x00,0x00,0x00,0x00,0x00,0x00,0x00,0x00,0x00,0x33,0x34,0x00,0x00,0x00,0x00,0x00,0x00,0x00,_NEXT_,   //0_31_32_33_34_35_36_37_38_39_310_311_312_313_3 15_316_317_318_319_320_321_3                     43_344_3       
   	0x00,0x35,0x36,0x37,0x38,0x39,0x3A,0x3B,0x3C,0x3D,0x3E,0x00,0x3F,0x40,0x41,0x42,0x43,0x00,0x00,0x00,0x00,0x00,0x00,0x00,0x00,0x00,0x00,0x00,0x00,0x00,0x00,0x00,0x00,0x00,0x00,0x00,0x00,0x00,0x00,0x00,0x00,0x00,0x00,0x44,0x45,0x46,0x00,0x00,0x00,0x00,0x00,0x00,_NEXT_,   // 1_42_43_44_45_46_47_48_49_410_4 12_413_414_415_416_4						   43_444_445_4 	 
	0x00,0x00,0x00,0x00,0x00,0x00,0x00,0x00,0x00,0x00,0x00,0x00,0x47,0x48,0x49,0x4A,0x00,0x00,0x00,0x4B,0x4C,0x00,0x4D,0x4E,0x4F,0x50,0x51,0x52,0x53,0x54,0x00,0x55,0x56,0x57,0x58,0x59,0x00,0x5A,0x5B,0x5C,0x5D,0x5E,0x5F,0x00,0x60,0x61,0x00,0x62,0x63,0x64,0x65,0x66,_NEXT_,   //			12_513_514_515_5   19_520_5 22_523_524_525_526_527_528_529_5 31_532_533_534_535_5 37_538_539_540_541_542_5 44_545_5 47_548_549_550_551_5
	0x00,0x00,0x00,0x00,0x00,0x00,0x00,0x00,0x00,0x00,0x00,0x67,0x68,0x69,0x16,0x00,0x00,0x00,0x00,0x6A,0x6B,0x00,0x6C,0x6D,0x00,0x6E,0x6F,0x00,0x70,0x71,0x00,0x72,0x73,0x74,0x75,0x76,0x00,0x77,0x78,0x00,0x79,0x7A,0x7B,0x00,0x7C,0x7D,0x7E,0x7F,0x80,0x00,0x81,0x82,_NEXT_,   //		   11_612_613_613_2    19_620_6 22_623_6 25_626_6 28_629_6 31_632_633_634_635_6 37_638_6 40_641_642_6 44_645_646_647_648_6 50_651_6
	0x00,0x00,0x00,0x00,0x00,0x00,0x00,0x00,0x00,0x00,0x00,0x83,0x84,0x85,0x00,0x00,0x00,0x00,0x00,0x6A,0x6B,0x00,0x6C,0x86,0x00,0x7C,0x7D,0x00,0x87,0x71,0x00,0x88,0x89,0x8A,0x8B,0x76,0x00,0x8C,0x8D,0x00,0x00,0x8E,0x7B,0x00,0x7C,0x7D,0x8F,0x90,0x91,0x00,0x92,0x93,_NEXT_,	 // 		  11_712_713_7	   19_620_6 22_623_7 44_645_6 28_729_6 31_732_733_734_735_6 37_738_7  41_742_6 44_645_646_747_748_7 50_751_7
	0x00,0x00,0x00,0x00,0x00,0x00,0x00,0x00,0x00,0x00,0x00,0x94,0x95,0x00,0x00,0x00,0x00,0x00,0x00,0x6A,0x6B,0x00,0x6C,0x86,0x00,0x7C,0x7D,0x00,0x87,0x71,0x00,0x96,0x97,0x98,0x99,0x9A,0x91,0x9B,0x9C,0x9D,0x9E,0x9F,0x7B,0x00,0x7C,0x7D,0x00,0xA0,0xA1,0xA2,0xA3,0xA4,_NEXT_,   //		   11_812_8 	 19_620_6 22_623_7 44_645_6 28_729_6 31_832_833_834_835_848_737_838_839_840_841_842_6 44_645_6 47_848_849_850_851_8
	0x00,0x00,0x00,0x00,0x00,0x00,0x00,0x00,0x00,0x00,0x00,0xA5,0xA6,0x00,0x00,0x00,0x00,0x00,0x00,0xA7,0xA8,0x00,0xA9,0xAA,0x00,0xAB,0xAC,0x00,0xAD,0xAE,0x00,0x35,0xAF,0xB0,0x16,0xB1,0xAA,0xB2,0xB3,0xB4,0xB5,0xB6,0xB7,0x00,0xAB,0xAC,0x00,0x00,0xB8,0xB9,0xBA,0x00,_NEXT_,	 // 		  11_912_9		19_920_9 22_923_9 25_926_9 28_929_9 1_432_933_913_235_923_937_938_939_940_941_942_9 25_926_9  48_949_950_9 
	0x00,0x00,0x00,0x00,0x00,0x00,0x00,0x00,0x00,0x00,0x00,0xBB,0x00,0x00,0x00,0x00,0x00,0x00,0x00,0x00,0x00,0x00,0x00,0x00,0x00,0x00,0x00,0x00,0x00,0x00,0x00,0x00,0x00,0x00,0x00,0x00,0x00,0xBC,0xBD,0xBE,0xBF,0xC0,0x00,0x00,0x00,0x00,0x00,0x00,0x00,0x00,0x00,0x00,_NEXT_,	 // 		  ? 						?????		   
	0x00,0x00,0x00,0x00,0x00,0x00,0x00,0x00,0x00,0x00,0x00,0xC1,0x00,0x00,0x00,0x00,0x00,0x00,0x00,0x00,0x00,0x00,0x00,0x00,0x00,0x00,0x00,0x00,0x00,0x00,0x00,0x00,0x00,0x00,0x00,0x00,0x00,0x00,0x00,0x00,0x00,0x00,0x00,0x00,0x00,0x00,0x00,0x00,0x00,0x00,0x00,0x00,_END_,	//			 ?										  
		  
};

/*BYTE code tiOSD_1BIT_LOGO0[] =
{
    0x00,0x00,0x00,0x00,0x00,0x00,0x00,0x00,0x00,0x00,0x00,0x00,0x00,0x00,0x00,0x00,0x00,0x00,0x01,0x02,0x03,0x04,0x05,0x06,0x00,0x00,0x00,0x00,0x00,0x00,0x00,0x00,0x00,0x00,0x00,0x00,0x00,0x00,0x00,0x00,0x00,0x00,0x00,0x00,0x00,0x00,0x00,0x00,0x00,0x00,0x00,0x00,_NEXT_,   //                  18_019_020_021_022_023_0                            
    0x00,0x00,0x00,0x00,0x00,0x00,0x00,0x00,0x00,0x00,0x00,0x00,0x07,0x08,0x09,0x0A,0x0B,0x0C,0x0D,0x0E,0x0F,0x10,0x11,0x12,0x00,0x00,0x00,0x00,0x00,0x00,0x00,0x00,0x00,0x00,0x00,0x00,0x00,0x00,0x00,0x00,0x00,0x00,0x00,0x00,0x00,0x00,0x00,0x00,0x00,0x00,0x00,0x00,_NEXT_,   //            12_113_114_115_116_117_118_119_120_121_122_123_1                            
    0x00,0x00,0x00,0x00,0x00,0x00,0x00,0x00,0x00,0x00,0x13,0x14,0x15,0x16,0x17,0x18,0x19,0x1A,0x1B,0x1C,0x1D,0x00,0x00,0x00,0x00,0x00,0x00,0x00,0x00,0x00,0x00,0x00,0x00,0x00,0x00,0x00,0x00,0x00,0x00,0x00,0x00,0x00,0x00,0x00,0x00,0x00,0x00,0x00,0x00,0x00,0x00,0x00,_NEXT_,   //          10_211_212_213_214_215_216_217_218_219_220_2                               
    0x1E,0x1F,0x20,0x21,0x22,0x23,0x24,0x25,0x26,0x27,0x28,0x29,0x2A,0x2B,0x00,0x2C,0x2D,0x2E,0x2F,0x30,0x31,0x32,0x00,0x00,0x00,0x00,0x00,0x00,0x00,0x00,0x00,0x00,0x00,0x00,0x00,0x00,0x00,0x00,0x00,0x00,0x00,0x00,0x00,0x33,0x34,0x00,0x00,0x00,0x00,0x00,0x00,0x00,_END_,   //0_31_32_33_34_35_36_37_38_39_310_311_312_313_3 15_316_317_318_319_320_321_3                     43_344_3       
   
};

BYTE code tiOSD_1BIT_LOGO1[] =
{
 	0x00,0x35,0x36,0x37,0x38,0x39,0x3A,0x3B,0x3C,0x3D,0x3E,0x00,0x3F,0x40,0x41,0x42,0x43,0x00,0x00,0x00,0x00,0x00,0x00,0x00,0x00,0x00,0x00,0x00,0x00,0x00,0x00,0x00,0x00,0x00,0x00,0x00,0x00,0x00,0x00,0x00,0x00,0x00,0x00,0x44,0x45,0x46,0x00,0x00,0x00,0x00,0x00,0x00,_NEXT_,   // 1_42_43_44_45_46_47_48_49_410_4 12_413_414_415_416_4                          43_444_445_4      
 	0x00,0x00,0x00,0x00,0x00,0x00,0x00,0x00,0x00,0x00,0x00,0x00,0x47,0x48,0x49,0x4A,0x00,0x00,0x00,0x4B,0x4C,0x00,0x4D,0x4E,0x4F,0x50,0x51,0x52,0x53,0x54,0x00,0x55,0x56,0x57,0x58,0x59,0x00,0x5A,0x5B,0x5C,0x5D,0x5E,0x5F,0x00,0x60,0x61,0x00,0x62,0x63,0x64,0x65,0x66,_NEXT_,   //            12_513_514_515_5   19_520_5 22_523_524_525_526_527_528_529_5 31_532_533_534_535_5 37_538_539_540_541_542_5 44_545_5 47_548_549_550_551_5
	0x00,0x00,0x00,0x00,0x00,0x00,0x00,0x00,0x00,0x00,0x00,0x67,0x68,0x69,0x16,0x00,0x00,0x00,0x00,0x6A,0x6B,0x00,0x6C,0x6D,0x00,0x6E,0x6F,0x00,0x70,0x71,0x00,0x72,0x73,0x74,0x75,0x76,0x00,0x77,0x78,0x00,0x79,0x7A,0x7B,0x00,0x7C,0x7D,0x7E,0x7F,0x80,0x00,0x81,0x82,_NEXT_,   //           11_612_613_613_2    19_620_6 22_623_6 25_626_6 28_629_6 31_632_633_634_635_6 37_638_6 40_641_642_6 44_645_646_647_648_6 50_651_6
	0x00,0x00,0x00,0x00,0x00,0x00,0x00,0x00,0x00,0x00,0x00,0x83,0x84,0x85,0x00,0x00,0x00,0x00,0x00,0x6A,0x6B,0x00,0x6C,0x86,0x00,0x7C,0x7D,0x00,0x87,0x71,0x00,0x88,0x89,0x8A,0x8B,0x76,0x00,0x8C,0x8D,0x00,0x00,0x8E,0x7B,0x00,0x7C,0x7D,0x8F,0x90,0x91,0x00,0x92,0x93,_END_,   //           11_712_713_7     19_620_6 22_623_7 44_645_6 28_729_6 31_732_733_734_735_6 37_738_7  41_742_6 44_645_646_747_748_7 50_751_7

};
BYTE code tiOSD_1BIT_LOGO2[] =
{

    0x00,0x00,0x00,0x00,0x00,0x00,0x00,0x00,0x00,0x00,0x00,0x94,0x95,0x00,0x00,0x00,0x00,0x00,0x00,0x6A,0x6B,0x00,0x6C,0x86,0x00,0x7C,0x7D,0x00,0x87,0x71,0x00,0x96,0x97,0x98,0x99,0x9A,0x91,0x9B,0x9C,0x9D,0x9E,0x9F,0x7B,0x00,0x7C,0x7D,0x00,0xA0,0xA1,0xA2,0xA3,0xA4,_NEXT_,   //           11_812_8      19_620_6 22_623_7 44_645_6 28_729_6 31_832_833_834_835_848_737_838_839_840_841_842_6 44_645_6 47_848_849_850_851_8
    0x00,0x00,0x00,0x00,0x00,0x00,0x00,0x00,0x00,0x00,0x00,0xA5,0xA6,0x00,0x00,0x00,0x00,0x00,0x00,0xA7,0xA8,0x00,0xA9,0xAA,0x00,0xAB,0xAC,0x00,0xAD,0xAE,0x00,0x35,0xAF,0xB0,0x16,0xB1,0xAA,0xB2,0xB3,0xB4,0xB5,0xB6,0xB7,0x00,0xAB,0xAC,0x00,0x00,0xB8,0xB9,0xBA,0x00,_NEXT_,   //           11_912_9      19_920_9 22_923_9 25_926_9 28_929_9 1_432_933_913_235_923_937_938_939_940_941_942_9 25_926_9  48_949_950_9 
    0x00,0x00,0x00,0x00,0x00,0x00,0x00,0x00,0x00,0x00,0x00,0xBB,0x00,0x00,0x00,0x00,0x00,0x00,0x00,0x00,0x00,0x00,0x00,0x00,0x00,0x00,0x00,0x00,0x00,0x00,0x00,0x00,0x00,0x00,0x00,0x00,0x00,0xBC,0xBD,0xBE,0xBF,0xC0,0x00,0x00,0x00,0x00,0x00,0x00,0x00,0x00,0x00,0x00,_NEXT_,   //           ?                         ?????          
    0x00,0x00,0x00,0x00,0x00,0x00,0x00,0x00,0x00,0x00,0x00,0xC1,0x00,0x00,0x00,0x00,0x00,0x00,0x00,0x00,0x00,0x00,0x00,0x00,0x00,0x00,0x00,0x00,0x00,0x00,0x00,0x00,0x00,0x00,0x00,0x00,0x00,0x00,0x00,0x00,0x00,0x00,0x00,0x00,0x00,0x00,0x00,0x00,0x00,0x00,0x00,0x00,_END_,   //           ?                                        
   
};*/


#elif(_LOGO_TYPE == _LOGO_BIG_WESCOM)
BYTE code tiOSD_1BIT_LOGO0[]=
{
	0x01,0x02,0x02,0x03,0x00,0x04,0x05,0x06,0x07,0x08,0x09,0x0A,0x08,0x08,0x08,0x08,0x0B,0x00,0x0C,0x0D,0x0E,0x00,0x00,0x00,0x0F,0x10,0x11,0x12,0x12,0x13,0x14,0x15,0x16,0x17,0x18,0x19,0x1A,0x00,0x00,0x1B,0x1C,0x1C,0x1C,0x1C,0x1C,0x1C,0x1D,0x1E,_NEXT_,
    0x00,0x1F,0x9a,0x20,0x21,0x22,0x23,0x24,0x9a,0x25,0x26,0x27,0x28,0x28,0x28,0x28,0x29,0x00,0x2A,0x9a,0x2B,0x2C,0x2D,0x2E,0x2F,0x9a,0x30,0x31,0x32,0x33,0x34,0x9a,0x35,0x36,0x37,0x38,0x9a,0x39,0x00,0x3A,0x9a,0x3B,0x3C,0x3D,0x32,0x3E,0x9a,0x3F,_NEXT_,
	0x00,0x40,0x41,0x9a,0x42,0x43,0x9a,0x9a,0x9a,0x44,0x00,0x45,0x02,0x02,0x02,0x02,0x46,0x00,0x00,0x47,0x48,0x9a,0x49,0x4A,0x9a,0x4B,0x4C,0x00,0x00,0x4D,0x9a,0x9a,0x4E,0x00,0x00,0x4F,0x9a,0x50,0x00,0x3A,0x9a,0x51,0x52,0x08,0x53,0x54,0x9a,0x55,_NEXT_,
	0x00,0x00,0x56,0x57,0x58,0x59,0x5A,0x9a,0x5B,0x00,0x00,0x5C,0x9a,0x5D,0x5E,0x5E,0x5F,0x00,0x00,0x00,0x60,0x9a,0x61,0x62,0x9a,0x63,0x64,0x65,0x00,0x66,0x67,0x9a,0x68,0x00,0x14,0x69,0x9a,0x6A,0x00,0x3A,0x9a,0x51,0x6B,0x9a,0x6C,0x54,0x9a,0x55,_NEXT_,
	0x00,0x00,0x00,0x6D,0x9a,0x6E,0x6F,0x70,0x71,0x00,0x00,0x5C,0x9a,0x72,0x08,0x08,0x73,0x74,0x02,0x02,0x75,0x9a,0x76,0x00,0x77,0x78,0x9a,0x79,0x7A,0x7B,0x7C,0x7D,0x9a,0x7E,0x7F,0x9a,0x80,0x81,0x00,0x3A,0x9a,0x51,0x6B,0x9a,0x6C,0x54,0x9a,0x55,_NEXT_,
	0x00,0x00,0x00,0x82,0x83,0x00,0x00,0x84,0x00,0x00,0x00,0x27,0x28,0x28,0x28,0x28,0x29,0x85,0x28,0x28,0x28,0x86,0x87,0x00,0x00,0x88,0x89,0x5E,0x8A,0x8B,0x00,0x8C,0x8D,0x8E,0x8F,0x90,0x87,0x00,0x00,0x91,0x8A,0x92,0x93,0x94,0x95,0x96,0x5E,0x97,_NEXT_,
	0x98,0x99,0x99,0x99,0x99,0x99,0x99,0x99,0x99,0x99,0x99,0x99,0x99,0x99,0x99,0x99,0x99,0x99,0x99,0x99,0x99,0x99,0x99,0x99,0x99,0x99,0x99,0x99,0x99,0x99,0x99,0x99,0x99,0x99,0x99,0x99,0x99,0x99,0x99,0x99,0x99,0x99,0x99,0x99,0x99,0x99,0x99,0x99,_END_,

};

BYTE code tiOSD_1BIT_LOGO1[]=
{

    0x00,0x00,0x00,0x00,0x00,0x00,0x00,0x01,0x02,0x03,0x04,0x00,0x00,0x01,0x05,0x06,0x07,0x08,0x00,0x09,0x0A,0x0B,0x0C,0x0D,0x00,0x00,0x0E,0x0F,0x0F,0x10,0x11,0x00,0x12,0x13,0x14,0x15,0x16,0x00,0x17,0x18,0x0F,0x10,0x19,0x00,0x00,0x00,0x00,0x00,_NEXT_,
    0x00,0x00,0x00,0x00,0x00,0x00,0x00,0x1A,0x1B,0x1C,0x1D,0x1E,0x00,0x1F,0x20,0x21,0x22,0x23,0x00,0x24,0x25,0x26,0x27,0x28,0x00,0x00,0x29,0x2A,0x2B,0x2C,0x2D,0x00,0x2E,0x2F,0x30,0x31,0x32,0x00,0x33,0x34,0x35,0x36,0x37,0x00,0x00,0x00,0x00,0x00,_NEXT_,
    0x00,0x00,0x00,0x00,0x00,0x00,0x00,0x38,0x39,0x3A,0x3B,0x3C,0x00,0x3D,0x3E,0x3F,0x40,0x41,0x00,0x42,0x43,0x44,0x45,0x46,0x00,0x00,0x47,0x48,0x49,0x4A,0x4B,0x00,0x4C,0x4D,0x4E,0x4F,0x50,0x00,0x51,0x52,0x53,0x54,0x55,0x00,0x00,0x00,0x00,0x00,_NEXT_,
    0x00,0x00,0x00,0x00,0x00,0x00,0x00,0x56,0x57,0x58,0x59,0x5A,0x00,0x5B,0x5C,0x5D,0x5E,0x5F,0x00,0x60,0x61,0x62,0x63,0x64,0x00,0x00,0x65,0x66,0x66,0x67,0x68,0x00,0x69,0x6A,0x6A,0x6B,0x6C,0x00,0x6D,0x6E,0x6F,0x70,0x71,0x00,0x00,0x00,0x00,0x00,_END_,
};

#elif(_LOGO_TYPE == _LOGO_SANSUI_NEW)



BYTE code tiOSD_1BIT_LOGO0[]=
{

0x00,0x00,0x00,0x00,0x00,0x00,0x00,0x00,0x00,0x00,0x00,0x00,0x00,0x00,0x00,0x00,0x00,0x00,0x00,0x00,0x00,0x00,0x00,0x00,0x00,0x00,0x00,0x00,0x00,0x00,0x00,0x00,0x00, _NEXT_,
0x00,0x00,0x00,0x00,0x01,0x02,0x03,0x04,0x05,0x06,0x07,0x08,0x09,0x0A,0x0B,0x0C,0x0D,0x00,0x0E,0x0F,0x10,0x11,0x12,0x13,0x14,0x00,0x00,0x00,0x15,0x16,0x17,0x18,0x00, _NEXT_,
0x00,0x00,0x00,0x19,0x1A,0x1B,0x1C,0x1C,0x1D,0x1E,0x1F,0x20,0x1C,0x1C,0x21,0x22,0x23,0x24,0x25,0x26,0x27,0x28,0x29,0x2A,0x2B,0x00,0x00,0x2C,0x2D,0x2E,0x2F,0x30,0x00, _NEXT_,
0x00,0x00,0x31,0x32,0x1C,0x1C,0x33,0x34,0x35,0x36,0x37,0x1C,0x1C,0x1C,0x38,0x00,0x00,0x39,0x3A,0x3B,0x3C,0x3D,0x3E,0x3F,0x00,0x00,0x00,0x40,0x41,0x42,0x43,0x44,0x45, _NEXT_,
0x00,0x00,0x46,0x1C,0x1C,0x1C,0x47,0x48,0x49,0x4A,0x4B,0x1C,0x1C,0x4C,0x4D,0x00,0x00,0x00,0x4E,0x4F,0x50,0x51,0x52,0x53,0x54,0x55,0x56,0x57,0x58,0x59,0x5A,0x5B,0x5C, _NEXT_,
0x00,0x5D,0x5E,0x1C,0x1C,0x1C,0x5F,0x60,0x61,0x62,0x1C,0x1C,0x63,0x64,0x00,0x00,0x00,0x65,0x66,0x00,0x00,0x00,0x00,0x67,0x68,0x69,0x6A,0x6B,0x6C,0x6C,0x6C,0x6D,0x6E, _NEXT_,
0x00,0x6F,0x1C,0x70,0x71,0x72,0x73,0x74,0x75,0x1C,0x76,0x77,0x78,0x00,0x00,0x00,0x00,0x79,0x7A,0x7B,0x7C,0x7D,0x7E,0x7F,0x80,0x81,0x1C,0x82,0x00,0x00,0x00,0x00,0x83, _NEXT_,
0x00,0x84,0x85,0x86,0x87,0x00,0x00,0x88,0x89,0x8A,0x8B,0x8C,0x00,0x00,0x00,0x00,0x00,0x00,0x8D,0x8E,0x8F,0x90,0x91,0x92,0x00,0x93,0x94,0x95,0x00,0x00,0x00,0x00,0x96, _NEXT_,
0x00,0x00,0x00,0x00,0x00,0x00,0x00,0x00,0x00,0x00,0x00,0x00,0x00,0x00,0x00,0x00,0x00,0x00,0x00,0x00,0x00,0x00,0x00,0x00,0x00,0x00,0x00,0x00,0x00,0x00,0x00,0x00,0x00, _NEXT_,
0x00,0x00,0x00,0x00,0x00,0x00,0x00,0x00,0x00,0x00,0x00,0x00,0x00,0x00,0x00,0x00,0x00,0x00,0x00,0x00,0x00,0x00,0x00,0x00,0x00,0x00,0x00,0x00,0x00,0x00,0x00,0x00,0x00, _NEXT_,
0x00,0x00,0x00,0x00,0x00,0x00,0x00,0x00,0x00,0x00,0x00,0x97,0x98,0x98,0x98,0x99,0x9A,0x9B,0x9C,0x00,0x00,0x00,0x9D,0x9E,0x9F,0xA0,0xA1,0xA2,0x00,0xA3,0x00,0x00,0x00, _NEXT_,
0x00,0x00,0x00,0x00,0x00,0x00,0x00,0x00,0x00,0x00,0x00,0xA4,0xA5,0xA6,0xA7,0xA8,0xA9,0xAA,0xAB,0xAC,0xAD,0x00,0xAE,0xAF,0xB0,0xB1,0xB2,0xB3,0xB4,0xB5,0xB6,0x00,0x00, _NEXT_,
0x00,0x00,0x00,0x00,0x00,0x00,0x00,0x00,0x00,0x00,0x00,0xB7,0xB8,0xB9,0xBA,0xBB,0xBC,0xBD,0xBE,0xBF,0xC0,0xC1,0xC2,0xC3,0xC4,0xC5,0xC6,0xC7,0xC8,0xC9,0xCA,0x00,0x00, _NEXT_,
0x00,0x00,0x00,0x00,0x00,0x00,0x00,0x00,0x00,0x00,0x00,0xCB,0xCC,0xCD,0xCD,0xCE,0xCF,0xD0,0xD1,0xD2,0xD3,0xD4,0xD5,0xD6,0xD7,0xD8,0xD9,0xDA,0xDB,0xDC,0xDD,0x00,0x00, _NEXT_,
0x00,0x00,0x00,0x00,0x00,0x00,0x00,0x00,0x00,0x00,0x00,0x00,0x00,0x00,0x00,0x00,0x00,0x00,0x00,0x00,0x00,0x00,0x00,0x00,0x00,0x00,0x00,0x00,0x00,0x00,0x00,0x00,0x00, _END_,




};

BYTE code tiOSD_1BIT_LOGO1[]=
{

0x00,0x00,0x00,0x00,0x00,0x00,0x00,0x00,0x00,0x00,0x00,0x00,0x00,0x00,0x00,0x00,0x00,0x00,0x00,0x00,0x00,0x00,0x00,0x00,0x00,0x00,0x00,0x00,0x00,0x00,0x00,0x00,0x00, _NEXT_,
0x00,0x00,0x01,0x02,0x03,0x00,0x00,0x00,0x04,0x05,0x06,0x00,0x07,0x08,0x09,0x0A,0x0B,0x0C,0x0D,0x00,0x0E,0x0F,0x00,0x00,0x00,0x00,0x10,0x11,0x00,0x12,0x13,0x14,0x00, _NEXT_,
0x00,0x00,0x15,0x16,0x17,0x18,0x19,0x00,0x1A,0x1B,0x1C,0x1D,0x1E,0x1F,0x20,0x21,0x22,0x23,0x24,0x00,0x25,0x26,0x00,0x00,0x00,0x00,0x27,0x28,0x00,0x29,0x1B,0x2A,0x00, _NEXT_,
0x00,0x00,0x15,0x2B,0x2C,0x2D,0x2E,0x2F,0x1A,0x1B,0x1C,0x30,0x31,0x32,0x33,0x34,0x35,0x36,0x00,0x00,0x25,0x26,0x00,0x00,0x00,0x00,0x27,0x28,0x00,0x29,0x1B,0x2A,0x00, _NEXT_,
0x37,0x00,0x15,0x2B,0x00,0x38,0x39,0x3A,0x3B,0x1B,0x1C,0x00,0x3C,0x3D,0x3E,0x3F,0x40,0x41,0x42,0x00,0x25,0x26,0x00,0x00,0x00,0x00,0x27,0x28,0x00,0x29,0x1B,0x2A,0x00, _NEXT_,
0x43,0x00,0x15,0x2B,0x00,0x00,0x44,0x45,0x46,0x1B,0x1C,0x47,0x48,0x00,0x00,0x00,0x49,0x4A,0x4B,0x00,0x4C,0x4D,0x4E,0x00,0x00,0x4F,0x50,0x51,0x00,0x29,0x1B,0x2A,0x00, _NEXT_,
0x52,0x53,0x15,0x2B,0x00,0x00,0x00,0x54,0x55,0x1B,0x1C,0x56,0x57,0x58,0x59,0x5A,0x5B,0x5C,0x5D,0x00,0x5E,0x5F,0x60,0x61,0x62,0x63,0x64,0x65,0x00,0x29,0x1B,0x2A,0x00, _NEXT_,
0x66,0x67,0x68,0x69,0x00,0x00,0x00,0x00,0x6A,0x6B,0x6C,0x6D,0x6E,0x6F,0x70,0x71,0x72,0x73,0x00,0x00,0x00,0x74,0x75,0x76,0x77,0x78,0x79,0x00,0x00,0x7A,0x7B,0x7C,0x00, _NEXT_,
0x00,0x00,0x00,0x00,0x00,0x00,0x00,0x00,0x00,0x00,0x00,0x00,0x00,0x00,0x00,0x00,0x00,0x00,0x00,0x00,0x00,0x00,0x00,0x00,0x00,0x00,0x00,0x00,0x00,0x00,0x00,0x00,0x00, _NEXT_,
0x00,0x00,0x00,0x00,0x00,0x00,0x00,0x00,0x00,0x00,0x00,0x00,0x00,0x00,0x00,0x00,0x00,0x00,0x00,0x00,0x00,0x00,0x00,0x00,0x00,0x00,0x00,0x00,0x00,0x00,0x00,0x00,0x00, _NEXT_,
0x00,0x00,0x7D,0x7E,0x00,0x00,0x7F,0x80,0x81,0x82,0x00,0x00,0x83,0x84,0x00,0x00,0x00,0x00,0x85,0x86,0x00,0x00,0x00,0x00,0x00,0x00,0x00,0x00,0x00,0x00,0x00,0x00,0x00, _NEXT_,
0x87,0x88,0x89,0x8A,0x8B,0x8C,0x8D,0x8E,0x8F,0x90,0x91,0x92,0x93,0x94,0x95,0x96,0x97,0x98,0x99,0x9A,0x9B,0x00,0x00,0x00,0x00,0x00,0x00,0x00,0x00,0x00,0x00,0x00,0x00, _NEXT_,
0x9C,0x9D,0x9E,0x9F,0xA0,0xA1,0xA2,0xA3,0xA4,0xA5,0xA6,0xA7,0xA8,0xA9,0xAA,0xAB,0xAC,0xAD,0xAE,0xAF,0x00,0x00,0x00,0x00,0x00,0x00,0x00,0x00,0x00,0x00,0x00,0x00,0x00, _NEXT_,
0xB0,0xB1,0xB2,0xB3,0xB4,0xB5,0xB6,0xB7,0xB8,0xB9,0xBA,0xBB,0xBC,0xBD,0xBE,0xBF,0xC0,0xC1,0xC2,0xC3,0xC4,0x00,0x00,0x00,0x00,0x00,0x00,0x00,0x00,0x00,0x00,0x00,0x00, _NEXT_,
0x00,0x00,0x00,0x00,0x00,0x00,0x00,0x00,0x00,0x00,0x00,0x00,0x00,0x00,0x00,0x00,0x00,0x00,0x00,0x00,0x00,0x00,0x00,0x00,0x00,0x00,0x00,0x00,0x00,0x00,0x00,0x00,0x00, _END_,



};

#elif(_LOGO_TYPE == _LOGO_ZGD)





BYTE code tiOSD_1BIT_LOGO0[]={
0x00,0x00,0x00,0x00,0x00,0x00,0x00,0x00,0x00,0x00,0x00,0x00,0x00,0x00,0x00,0x00,0x00,0x00,0x00,0x00,0x00,0x00,0x00,0x00,0x00,0x00,0x00,0x00,0x00,0x00,0x00,0x00,0x00,0x00,0x00,0x00,0x00,0x00,0x00,0x00,0x00,0x00,0x00, _NEXT_,
0x00,0x00,0x00,0x00,0x00,0x00,0x00,0x00,0x00,0x00,0x00,0x00,0x00,0x00,0x00,0x00,0x00,0x00,0x00,0x00,0x00,0x00,0x00,0x00,0x00,0x00,0x00,0x00,0x00,0x00,0x00,0x00,0x00,0x00,0x00,0x00,0x00,0x00,0x00,0x00,0x00,0x00,0x00, _NEXT_,
0x00,0x00,0x00,0x00,0x00,0x00,0x00,0x00,0x00,0x00,0x00,0x00,0x00,0x00,0x00,0x00,0x00,0x00,0x00,0x00,0x00,0x00,0x00,0x00,0x01,0x02,0x03,0x04,0x00,0x00,0x00,0x00,0x00,0x00,0x00,0x00,0x00,0x00,0x00,0x00,0x00,0x00,0x00, _NEXT_,
0x00,0x00,0x00,0x00,0x00,0x00,0x00,0x00,0x00,0x00,0x00,0x00,0x00,0x00,0x00,0x00,0x00,0x00,0x00,0x00,0x00,0x00,0x00,0x05,0x06,0x07,0x08,0x09,0x0A,0x00,0x00,0x00,0x00,0x00,0x00,0x00,0x0B,0x0C,0x0C,0x0C,0x0D,0x0E,0x0C, _NEXT_,
0x00,0x00,0x00,0x00,0x00,0x00,0x00,0x00,0x00,0x00,0x00,0x00,0x00,0x00,0x00,0x00,0x00,0x00,0x00,0x00,0x00,0x0F,0x10,0x11,0x12,0x13,0x14,0x15,0x15,0x16,0x04,0x00,0x00,0x00,0x00,0x00,0x17,0x15,0x18,0x19,0x1A,0x1B,0x19, _NEXT_,
0x00,0x00,0x00,0x00,0x00,0x00,0x00,0x00,0x00,0x00,0x00,0x00,0x00,0x00,0x00,0x00,0x00,0x00,0x00,0x00,0x1C,0x1D,0x1E,0x1F,0x20,0x21,0x15,0x22,0x23,0x24,0x09,0x25,0x00,0x00,0x00,0x00,0x26,0x27,0x28,0x29,0x15,0x2A,0x00, _NEXT_,
0x00,0x00,0x00,0x00,0x00,0x00,0x00,0x00,0x00,0x00,0x00,0x00,0x00,0x00,0x00,0x00,0x00,0x00,0x00,0x00,0x2B,0x2C,0x2D,0x16,0x2E,0x2F,0x30,0x31,0x32,0x33,0x34,0x35,0x00,0x00,0x00,0x00,0x36,0x37,0x00,0x38,0x15,0x39,0x3A, _NEXT_,
0x00,0x00,0x00,0x00,0x00,0x00,0x00,0x00,0x00,0x00,0x00,0x00,0x00,0x00,0x00,0x00,0x00,0x00,0x00,0x00,0x00,0x00,0x3B,0x3C,0x3D,0x3E,0x3F,0x40,0x41,0x42,0x00,0x00,0x00,0x00,0x00,0x43,0x44,0x45,0x46,0x47,0x48,0x46,0x49, _NEXT_,
0x00,0x00,0x00,0x00,0x00,0x00,0x00,0x00,0x00,0x00,0x00,0x00,0x00,0x00,0x00,0x00,0x00,0x00,0x00,0x00,0x00,0x00,0x00,0x4A,0x4B,0x2D,0x15,0x4C,0x4D,0x00,0x00,0x00,0x00,0x00,0x00,0x00,0x00,0x00,0x00,0x4E,0x4F,0x00,0x00, _NEXT_,
0x00,0x00,0x00,0x00,0x00,0x00,0x00,0x00,0x00,0x00,0x00,0x00,0x00,0x00,0x00,0x00,0x00,0x00,0x00,0x00,0x00,0x00,0x00,0x00,0x00,0x3B,0x50,0x00,0x00,0x00,0x00,0x00,0x00,0x00,0x00,0x00,0x00,0x00,0x00,0x00,0x00,0x00,0x00, _NEXT_,
0x00,0x00,0x00,0x00,0x00,0x00,0x00,0x00,0x00,0x00,0x00,0x00,0x00,0x00,0x00,0x00,0x00,0x00,0x00,0x00,0x00,0x00,0x00,0x00,0x00,0x00,0x00,0x00,0x00,0x00,0x00,0x00,0x00,0x00,0x00,0x00,0x00,0x00,0x00,0x00,0x00,0x00,0x00, _NEXT_,
0x00,0x00,0x00,0x00,0x00,0x00,0x00,0x00,0x00,0x00,0x00,0x00,0x00,0x00,0x00,0x00,0x00,0x00,0x00,0x00,0x00,0x00,0x00,0x00,0x00,0x00,0x00,0x00,0x00,0x00,0x00,0x00,0x00,0x00,0x00,0x00,0x00,0x00,0x00,0x00,0x00,0x00,0x00, _NEXT_,
0x00,0x00,0x00,0x00,0x51,0x52,0x52,0x52,0x52,0x52,0x52,0x52,0x52,0x52,0x52,0x52,0x52,0x52,0x52,0x52,0x52,0x52,0x52,0x52,0x52,0x52,0x52,0x52,0x52,0x52,0x52,0x52,0x52,0x52,0x52,0x52,0x52,0x52,0x52,0x52,0x52,0x52,0x52, _NEXT_,
0x00,0x00,0x00,0x00,0x00,0x00,0x00,0x00,0x00,0x00,0x00,0x00,0x00,0x00,0x00,0x00,0x00,0x00,0x00,0x00,0x00,0x00,0x00,0x00,0x00,0x00,0x00,0x00,0x00,0x00,0x00,0x00,0x00,0x00,0x00,0x00,0x00,0x00,0x00,0x00,0x00,0x00,0x00, _NEXT_,
0x00,0x00,0x00,0x00,0x00,0x00,0x00,0x00,0x00,0x00,0x00,0x00,0x00,0x00,0x00,0x00,0x00,0x00,0x00,0x00,0x00,0x00,0x00,0x00,0x00,0x00,0x00,0x00,0x00,0x00,0x00,0x00,0x00,0x00,0x00,0x00,0x00,0x00,0x00,0x00,0x00,0x00,0x00, _NEXT_,
0x00,0x00,0x00,0x00,0x00,0x00,0x00,0x00,0x00,0x00,0x00,0x00,0x00,0x00,0x00,0x00,0x00,0x00,0x00,0x00,0x00,0x00,0x00,0x00,0x00,0x00,0x00,0x00,0x00,0x00,0x00,0x00,0x00,0x00,0x00,0x00,0x00,0x00,0x00,0x00,0x00,0x00,0x00, _NEXT_,
0x00,0x00,0x00,0x00,0x00,0x00,0x00,0x00,0x00,0x00,0x00,0x00,0x00,0x00,0x00,0x00,0x00,0x00,0x00,0x00,0x00,0x00,0x00,0x00,0x00,0x00,0x00,0x00,0x00,0x00,0x00,0x00,0x00,0x00,0x00,0x00,0x00,0x00,0x00,0x00,0x00,0x00,0x00, _NEXT_,
0x00,0x00,0x00,0x00,0x00,0x00,0x00,0x00,0x00,0x00,0x00,0x00,0x00,0x00,0x00,0x00,0x00,0x00,0x00,0x00,0x00,0x00,0x00,0x00,0x00,0x00,0x00,0x00,0x00,0x00,0x00,0x00,0x00,0x00,0x00,0x00,0x00,0x00,0x00,0x00,0x00,0x00,0x00, _NEXT_,
0x00,0x00,0x00,0x00,0x00,0x00,0x00,0x00,0x00,0x00,0x00,0x00,0x00,0x00,0x00,0x00,0x00,0x00,0x00,0x00,0x00,0x00,0x00,0x00,0x00,0x00,0x00,0x00,0x00,0x00,0x00,0x00,0x00,0x00,0x00,0x00,0x00,0x00,0x00,0x00,0x00,0x00,0x00, _NEXT_,
0x00,0x00,0x00,0x00,0x00,0x00,0x00,0x00,0x00,0x00,0x00,0x00,0x00,0x00,0x00,0x00,0x00,0x00,0x00,0x00,0x00,0x00,0x00,0x00,0x00,0x00,0x00,0x00,0x00,0x00,0x00,0x00,0x00,0x00,0x00,0x00,0x00,0x00,0x00,0x00,0x00,0x00,0x00, _NEXT_,
0x00,0x00,0x00,0x00,0x00,0x00,0x00,0x00,0x00,0x00,0x00,0x00,0x00,0x00,0x53,0x54,0x55,0x00,0x00,0x56,0x57,0x58,0x00,0x00,0x00,0x59,0x5A,0x5B,0x5C,0x00,0x00,0x5D,0x5E,0x5F,0x00,0x00,0x60,0x61,0x62,0x63,0x00,0x00,0x00, _NEXT_,
0x00,0x00,0x00,0x00,0x00,0x00,0x00,0x00,0x00,0x00,0x00,0x00,0x00,0x00,0x64,0x65,0x66,0x67,0x00,0x68,0x69,0x6A,0x00,0x00,0x6B,0x6C,0x6D,0x6E,0x6F,0x70,0x00,0x71,0x72,0x73,0x74,0x00,0x75,0x76,0x77,0x78,0x79,0x00,0x00, _NEXT_,
0x00,0x00,0x00,0x00,0x00,0x00,0x00,0x00,0x00,0x00,0x00,0x00,0x00,0x00,0x7A,0x7B,0x7C,0x7D,0x00,0x7E,0x7F,0x80,0x81,0x82,0x83,0x84,0x85,0x86,0x87,0x00,0x88,0x89,0x8A,0x8B,0x8C,0x8D,0x8E,0x8F,0x90,0x91,0x92,0x00,0x00, _NEXT_,
0x00,0x00,0x00,0x00,0x00,0x00,0x00,0x00,0x00,0x00,0x00,0x00,0x00,0x00,0x00,0x00,0x93,0x94,0x00,0x00,0x00,0x00,0x95,0x96,0x00,0x00,0x00,0x97,0x00,0x00,0x00,0x00,0x00,0x00,0x00,0x00,0x00,0x00,0x98,0x00,0x00,0x00,0x00, _NEXT_,
0x00,0x00,0x00,0x00,0x00,0x00,0x00,0x00,0x00,0x00,0x00,0x00,0x00,0x00,0x00,0x00,0x00,0x00,0x00,0x00,0x00,0x00,0x00,0x00,0x00,0x00,0x00,0x00,0x00,0x00,0x00,0x00,0x00,0x00,0x00,0x00,0x00,0x00,0x00,0x00,0x00,0x00,0x00, _END_,};


BYTE code tiOSD_1BIT_LOGO1[]={
0x00,0x00,0x00,0x00,0x00,0x00,0x00,0x00,0x00,0x00,0x00,0x00,0x00,0x00,0x00,0x00,0x00,0x00,0x00,0x00,0x00,0x00,0x00,0x00,0x00,0x00,0x00,0x00,0x00,0x00,0x00,0x00,0x00,0x00,0x00,0x00,0x00,0x00,0x00,0x00,0x00,0x00,0x00, _NEXT_,
0x00,0x00,0x00,0x00,0x00,0x00,0x00,0x00,0x00,0x00,0x00,0x00,0x00,0x00,0x00,0x00,0x00,0x00,0x00,0x00,0x00,0x00,0x00,0x00,0x00,0x00,0x00,0x00,0x00,0x00,0x00,0x00,0x00,0x00,0x00,0x00,0x00,0x00,0x00,0x00,0x00,0x00,0x00, _NEXT_,
0x00,0x00,0x00,0x00,0x00,0x00,0x00,0x00,0x00,0x00,0x00,0x00,0x00,0x00,0x00,0x00,0x00,0x00,0x00,0x00,0x00,0x00,0x00,0x00,0x00,0x00,0x00,0x00,0x00,0x00,0x00,0x00,0x00,0x00,0x00,0x00,0x00,0x00,0x00,0x00,0x00,0x00,0x00, _NEXT_,
0x01,0x01,0x02,0x03,0x04,0x04,0x05,0x06,0x07,0x04,0x04,0x08,0x09,0x01,0x01,0x01,0x0A,0x0B,0x01,0x01,0x01,0x0C,0x0D,0x0E,0x00,0x00,0x00,0x00,0x00,0x00,0x00,0x00,0x00,0x00,0x00,0x00,0x00,0x00,0x00,0x00,0x00,0x00,0x00, _NEXT_,
0x0F,0x10,0x11,0x12,0x13,0x14,0x14,0x14,0x14,0x14,0x14,0x15,0x16,0x10,0x17,0x18,0x19,0x1A,0x1B,0x1C,0x1D,0x1E,0x1F,0x20,0x00,0x00,0x00,0x00,0x00,0x00,0x00,0x00,0x00,0x00,0x00,0x00,0x00,0x00,0x00,0x00,0x00,0x00,0x00, _NEXT_,
0x21,0x22,0x23,0x24,0x25,0x00,0x00,0x00,0x00,0x00,0x00,0x00,0x26,0x27,0x28,0x29,0x19,0x2A,0x2B,0x2C,0x2D,0x00,0x00,0x00,0x00,0x00,0x00,0x00,0x00,0x00,0x00,0x00,0x00,0x00,0x00,0x00,0x00,0x00,0x00,0x00,0x00,0x00,0x00, _NEXT_,
0x2E,0x2F,0x30,0x19,0x31,0x00,0x00,0x00,0x00,0x00,0x00,0x00,0x32,0x33,0x04,0x34,0x35,0x04,0x36,0x37,0x38,0x00,0x00,0x00,0x00,0x00,0x00,0x00,0x00,0x00,0x00,0x00,0x00,0x00,0x00,0x00,0x00,0x00,0x00,0x00,0x00,0x00,0x00, _NEXT_,
0x39,0x3A,0x3B,0x19,0x3C,0x00,0x00,0x00,0x00,0x00,0x00,0x3D,0x3E,0x3E,0x3E,0x3F,0x40,0x41,0x41,0x42,0x43,0x00,0x00,0x00,0x00,0x00,0x00,0x00,0x00,0x00,0x00,0x00,0x00,0x00,0x00,0x00,0x00,0x00,0x00,0x00,0x00,0x00,0x00, _NEXT_,
0x00,0x00,0x44,0x45,0x00,0x00,0x00,0x00,0x00,0x00,0x00,0x00,0x00,0x00,0x46,0x1B,0x1B,0x1B,0x1B,0x47,0x00,0x00,0x00,0x00,0x00,0x00,0x00,0x00,0x00,0x00,0x00,0x00,0x00,0x00,0x00,0x00,0x00,0x00,0x00,0x00,0x00,0x00,0x00, _NEXT_,
0x00,0x00,0x00,0x00,0x00,0x00,0x00,0x00,0x00,0x00,0x00,0x00,0x00,0x00,0x00,0x00,0x00,0x00,0x00,0x00,0x00,0x00,0x00,0x00,0x00,0x00,0x00,0x00,0x00,0x00,0x00,0x00,0x00,0x00,0x00,0x00,0x00,0x00,0x00,0x00,0x00,0x00,0x00, _NEXT_,
0x00,0x00,0x00,0x00,0x00,0x00,0x00,0x00,0x00,0x00,0x00,0x00,0x00,0x00,0x00,0x00,0x00,0x00,0x00,0x00,0x00,0x00,0x00,0x00,0x00,0x00,0x00,0x00,0x00,0x00,0x00,0x00,0x00,0x00,0x00,0x00,0x00,0x00,0x00,0x00,0x00,0x00,0x00, _NEXT_,
0x00,0x00,0x00,0x00,0x00,0x00,0x00,0x00,0x00,0x00,0x00,0x00,0x00,0x00,0x00,0x00,0x00,0x00,0x00,0x00,0x00,0x00,0x00,0x00,0x00,0x00,0x00,0x00,0x00,0x00,0x00,0x00,0x00,0x00,0x00,0x00,0x00,0x00,0x00,0x00,0x00,0x00,0x00, _NEXT_,
0x48,0x48,0x48,0x48,0x48,0x48,0x48,0x48,0x48,0x48,0x48,0x48,0x48,0x48,0x48,0x48,0x48,0x48,0x48,0x48,0x48,0x48,0x48,0x48,0x48,0x48,0x48,0x48,0x48,0x48,0x48,0x48,0x48,0x48,0x48,0x48,0x48,0x48,0x48,0x49,0x00,0x00,0x00, _NEXT_,
0x00,0x00,0x00,0x00,0x00,0x00,0x00,0x00,0x00,0x00,0x00,0x00,0x00,0x00,0x00,0x00,0x00,0x00,0x00,0x00,0x00,0x00,0x00,0x00,0x00,0x00,0x00,0x00,0x00,0x00,0x00,0x00,0x00,0x00,0x00,0x00,0x00,0x00,0x00,0x00,0x00,0x00,0x00, _NEXT_,
0x00,0x00,0x00,0x00,0x00,0x00,0x00,0x00,0x00,0x00,0x00,0x00,0x00,0x00,0x00,0x00,0x00,0x00,0x00,0x00,0x00,0x00,0x00,0x00,0x00,0x00,0x00,0x00,0x00,0x00,0x00,0x00,0x00,0x00,0x00,0x00,0x00,0x00,0x00,0x00,0x00,0x00,0x00, _NEXT_,
0x00,0x00,0x00,0x00,0x00,0x00,0x00,0x00,0x00,0x00,0x00,0x00,0x00,0x00,0x00,0x00,0x00,0x00,0x00,0x00,0x00,0x00,0x00,0x00,0x00,0x00,0x00,0x00,0x00,0x00,0x00,0x00,0x00,0x00,0x00,0x00,0x00,0x00,0x00,0x00,0x00,0x00,0x00, _NEXT_,
0x00,0x00,0x00,0x00,0x00,0x00,0x00,0x00,0x00,0x00,0x00,0x00,0x00,0x00,0x00,0x00,0x00,0x00,0x00,0x00,0x00,0x00,0x00,0x00,0x00,0x00,0x00,0x00,0x00,0x00,0x00,0x00,0x00,0x00,0x00,0x00,0x00,0x00,0x00,0x00,0x00,0x00,0x00, _NEXT_,
0x00,0x00,0x00,0x00,0x00,0x00,0x00,0x00,0x00,0x00,0x00,0x00,0x00,0x00,0x00,0x00,0x00,0x00,0x00,0x00,0x00,0x00,0x00,0x00,0x00,0x00,0x00,0x00,0x00,0x00,0x00,0x00,0x00,0x00,0x00,0x00,0x00,0x00,0x00,0x00,0x00,0x00,0x00, _NEXT_,
0x00,0x00,0x00,0x00,0x00,0x00,0x00,0x00,0x00,0x00,0x00,0x00,0x00,0x00,0x00,0x00,0x00,0x00,0x00,0x00,0x00,0x00,0x00,0x00,0x00,0x00,0x00,0x00,0x00,0x00,0x00,0x00,0x00,0x00,0x00,0x00,0x00,0x00,0x00,0x00,0x00,0x00,0x00, _NEXT_,
0x00,0x00,0x00,0x00,0x00,0x00,0x00,0x00,0x00,0x00,0x00,0x00,0x00,0x00,0x00,0x00,0x00,0x00,0x00,0x00,0x00,0x00,0x00,0x00,0x00,0x00,0x00,0x00,0x00,0x00,0x00,0x00,0x00,0x00,0x00,0x00,0x00,0x00,0x00,0x00,0x00,0x00,0x00, _NEXT_,
0x00,0x00,0x00,0x00,0x4A,0x4B,0x4C,0x4D,0x00,0x00,0x00,0x4E,0x4F,0x00,0x00,0x00,0x50,0x51,0x52,0x00,0x00,0x53,0x54,0x55,0x00,0x00,0x00,0x56,0x57,0x58,0x59,0x00,0x00,0x00,0x00,0x00,0x00,0x00,0x00,0x00,0x00,0x00,0x00, _NEXT_,
0x5A,0x5B,0x00,0x5C,0x5D,0x5E,0x5F,0x60,0x61,0x00,0x62,0x63,0x64,0x00,0x00,0x00,0x65,0x66,0x00,0x00,0x00,0x00,0x67,0x68,0x69,0x00,0x00,0x6A,0x6B,0x6C,0x6D,0x00,0x00,0x00,0x00,0x00,0x00,0x00,0x00,0x00,0x00,0x00,0x00, _NEXT_,
0x6E,0x6F,0x00,0x70,0x71,0x72,0x73,0x74,0x00,0x75,0x76,0x77,0x78,0x79,0x7A,0x7B,0x7C,0x7D,0x7E,0x7F,0x00,0x80,0x81,0x82,0x83,0x00,0x84,0x85,0x86,0x87,0x00,0x00,0x00,0x00,0x00,0x00,0x00,0x00,0x00,0x00,0x00,0x00,0x00, _NEXT_,
0x00,0x00,0x00,0x00,0x88,0x89,0x8A,0x8B,0x00,0x00,0x00,0x00,0x00,0x00,0x00,0x88,0x8C,0x00,0x8D,0x00,0x00,0x00,0x00,0x00,0x00,0x00,0x00,0x00,0x8E,0x8F,0x90,0x00,0x00,0x00,0x00,0x00,0x00,0x00,0x00,0x00,0x00,0x00,0x00, _NEXT_,
0x00,0x00,0x00,0x00,0x00,0x00,0x00,0x00,0x00,0x00,0x00,0x00,0x00,0x00,0x00,0x00,0x00,0x00,0x00,0x00,0x00,0x00,0x00,0x00,0x00,0x00,0x00,0x00,0x00,0x00,0x00,0x00,0x00,0x00,0x00,0x00,0x00,0x00,0x00,0x00,0x00,0x00,0x00, _END_,};


#elif(_LOGO_TYPE == _LOGO_MOOB)

BYTE code tiOSD_1BIT_LOGO0[]={
0x00,0x00,0x00,0x00,0x00,0x00,0x00,0x00,0x00,0x00,0x00,0x00,0x00,0x00,0x00,0x00,0x00,0x00,0x00,0x00,0x00,0x00,0x00,0x00,0x00,0x00,0x00,0x00,0x00,0x00,0x00,0x00, _NEXT_,
0x00,0x00,0x00,0x00,0x00,0x00,0x00,0x00,0x00,0x00,0x00,0x00,0x00,0x00,0x00,0x00,0x00,0x00,0x00,0x00,0x00,0x00,0x00,0x00,0x00,0x00,0x00,0x00,0x00,0x00,0x00,0x00, _NEXT_,
0x00,0x00,0x00,0x00,0x00,0x00,0x00,0x00,0x00,0x00,0x00,0x00,0x00,0x00,0x00,0x00,0x00,0x00,0x00,0x00,0x00,0x00,0x00,0x00,0x00,0x00,0x00,0x00,0x00,0x00,0x00,0x00, _NEXT_,
0x00,0x00,0x00,0x01,0x02,0x03,0x04,0x05,0x06,0x07,0x00,0x08,0x09,0x0A,0x0B,0x0C,0x0D,0x0E,0x00,0x00,0x00,0x00,0x00,0x0F,0x10,0x11,0x12,0x04,0x13,0x14,0x15,0x16, _NEXT_,
0x00,0x17,0x18,0x19,0x1A,0x1A,0x1A,0x1A,0x1A,0x1B,0x1C,0x1D,0x1A,0x1A,0x1A,0x1A,0x1A,0x1A,0x1E,0x1F,0x00,0x00,0x20,0x21,0x1A,0x1A,0x1A,0x1A,0x1A,0x1A,0x1A,0x22, _NEXT_,
0x00,0x23,0x1A,0x1A,0x24,0x25,0x26,0x27,0x28,0x1A,0x1A,0x1A,0x1A,0x29,0x2A,0x2B,0x2C,0x1A,0x1A,0x2D,0x2E,0x2F,0x1A,0x1A,0x1A,0x30,0x31,0x32,0x33,0x34,0x35,0x1A, _NEXT_,
0x36,0x1A,0x1A,0x1A,0x37,0x00,0x00,0x00,0x38,0x1A,0x1A,0x1A,0x39,0x00,0x00,0x00,0x3A,0x3B,0x1A,0x1A,0x3C,0x1A,0x1A,0x3D,0x3E,0x3F,0x00,0x00,0x00,0x00,0x40,0x41, _NEXT_,
0x42,0x1A,0x1A,0x1A,0x00,0x00,0x00,0x00,0x43,0x1A,0x1A,0x1A,0x44,0x00,0x00,0x00,0x00,0x45,0x1A,0x1A,0x1A,0x1A,0x1A,0x46,0x00,0x00,0x00,0x00,0x00,0x00,0x00,0x47, _NEXT_,
0x42,0x1A,0x1A,0x1A,0x00,0x00,0x00,0x00,0x43,0x1A,0x1A,0x1A,0x48,0x00,0x00,0x00,0x00,0x45,0x1A,0x1A,0x1A,0x1A,0x1A,0x49,0x00,0x00,0x00,0x00,0x00,0x00,0x00,0x00, _NEXT_,
0x42,0x1A,0x1A,0x1A,0x00,0x00,0x00,0x00,0x43,0x1A,0x1A,0x1A,0x48,0x00,0x00,0x00,0x00,0x45,0x1A,0x1A,0x1A,0x1A,0x1A,0x4A,0x00,0x00,0x00,0x00,0x00,0x00,0x00,0x4B, _NEXT_,
0x4C,0x1A,0x1A,0x1A,0x00,0x00,0x00,0x00,0x43,0x1A,0x1A,0x1A,0x48,0x00,0x00,0x00,0x00,0x45,0x1A,0x1A,0x4D,0x1A,0x1A,0x4E,0x4F,0x00,0x00,0x00,0x00,0x00,0x50,0x51, _NEXT_,
0x52,0x53,0x54,0x55,0x00,0x00,0x00,0x00,0x43,0x1A,0x1A,0x1A,0x48,0x00,0x00,0x00,0x00,0x45,0x1A,0x1A,0x56,0x57,0x1A,0x1A,0x1A,0x58,0x59,0x5A,0x5B,0x5C,0x5D,0x1A, _NEXT_,
0x00,0x00,0x00,0x00,0x00,0x00,0x00,0x00,0x43,0x1A,0x1A,0x1A,0x48,0x00,0x00,0x00,0x00,0x5E,0x1A,0x1A,0x5F,0x60,0x61,0x62,0x1A,0x1A,0x1A,0x1A,0x1A,0x1A,0x1A,0x1A, _NEXT_,
0x00,0x00,0x00,0x00,0x00,0x00,0x00,0x00,0x00,0x63,0x64,0x65,0x66,0x00,0x00,0x00,0x00,0x67,0x68,0x69,0x6A,0x00,0x00,0x6B,0x6C,0x6D,0x6E,0x6F,0x70,0x71,0x72,0x73, _END_,};

BYTE code tiOSD_1BIT_LOGO1[]={
0x00,0x00,0x00,0x00,0x00,0x00,0x00,0x00,0x00,0x00,0x00,0x00,0x00,0x00,0x00,0x01,0x02,0x03,0x04,0x00,0x00,0x00,0x00,0x00,0x00,0x00,0x00,0x00,0x00,0x00,0x00,0x00, _NEXT_,
0x00,0x00,0x00,0x00,0x00,0x00,0x00,0x00,0x00,0x00,0x00,0x00,0x00,0x00,0x00,0x05,0x06,0x06,0x07,0x00,0x00,0x00,0x00,0x00,0x00,0x00,0x00,0x00,0x00,0x00,0x00,0x00, _NEXT_,
0x00,0x00,0x00,0x00,0x00,0x00,0x00,0x00,0x00,0x00,0x00,0x00,0x00,0x00,0x00,0x08,0x06,0x06,0x09,0x00,0x00,0x00,0x00,0x00,0x00,0x00,0x00,0x00,0x00,0x00,0x00,0x00, _NEXT_,
0x00,0x00,0x00,0x00,0x0A,0x0B,0x0C,0x0D,0x0E,0x0F,0x10,0x11,0x12,0x00,0x00,0x13,0x06,0x06,0x14,0x0E,0x0E,0x0E,0x0E,0x0E,0x15,0x16,0x17,0x18,0x00,0x00,0x00,0x00, _NEXT_,
0x19,0x1A,0x1B,0x1C,0x1D,0x06,0x06,0x06,0x06,0x06,0x06,0x06,0x1E,0x1F,0x20,0x21,0x22,0x06,0x06,0x06,0x06,0x06,0x06,0x06,0x06,0x06,0x06,0x23,0x24,0x25,0x00,0x00, _NEXT_,
0x06,0x26,0x27,0x06,0x06,0x28,0x29,0x2A,0x2B,0x2C,0x2D,0x06,0x06,0x06,0x2E,0x2F,0x30,0x31,0x32,0x2B,0x2B,0x2B,0x2B,0x2B,0x33,0x34,0x06,0x06,0x06,0x35,0x36,0x00, _NEXT_,
0x06,0x06,0x06,0x06,0x37,0x38,0x00,0x00,0x00,0x00,0x30,0x39,0x3A,0x06,0x06,0x3B,0x00,0x00,0x00,0x00,0x00,0x00,0x00,0x00,0x00,0x00,0x3C,0x3D,0x06,0x06,0x3E,0x3F, _NEXT_,
0x40,0x06,0x06,0x41,0x42,0x00,0x00,0x00,0x00,0x00,0x00,0x00,0x43,0x06,0x06,0x44,0x45,0x46,0x47,0x00,0x00,0x00,0x00,0x00,0x00,0x00,0x00,0x48,0x49,0x06,0x06,0x4A, _NEXT_,
0x4B,0x06,0x06,0x4C,0x00,0x00,0x00,0x00,0x00,0x00,0x00,0x00,0x4D,0x06,0x06,0x06,0x06,0x06,0x4E,0x00,0x00,0x00,0x00,0x00,0x00,0x00,0x00,0x00,0x4F,0x06,0x06,0x50, _NEXT_,
0x51,0x06,0x06,0x52,0x53,0x00,0x00,0x00,0x00,0x00,0x00,0x00,0x54,0x06,0x06,0x06,0x06,0x06,0x06,0x55,0x00,0x00,0x00,0x00,0x00,0x00,0x00,0x56,0x57,0x06,0x06,0x58, _NEXT_,
0x06,0x06,0x06,0x06,0x59,0x5A,0x00,0x00,0x00,0x00,0x00,0x5B,0x5C,0x06,0x06,0x5D,0x5E,0x06,0x06,0x5F,0x60,0x00,0x00,0x00,0x00,0x00,0x61,0x62,0x06,0x06,0x63,0x64, _NEXT_,
0x06,0x65,0x66,0x06,0x06,0x67,0x68,0x69,0x6A,0x6B,0x6C,0x06,0x06,0x06,0x6D,0x6E,0x6F,0x70,0x06,0x06,0x71,0x72,0x73,0x6A,0x74,0x75,0x76,0x06,0x06,0x77,0x78,0x00, _NEXT_,
0x79,0x7A,0x7B,0x7C,0x06,0x06,0x06,0x06,0x06,0x06,0x06,0x06,0x7D,0x7E,0x7F,0x00,0x00,0x80,0x81,0x82,0x06,0x06,0x06,0x06,0x06,0x06,0x06,0x28,0x83,0x84,0x00,0x00, _NEXT_,
0x00,0x00,0x00,0x00,0x85,0x86,0x87,0x88,0x89,0x8A,0x8B,0x8C,0x8D,0x00,0x00,0x00,0x00,0x00,0x00,0x8E,0x8F,0x90,0x91,0x89,0x92,0x93,0x94,0x95,0x00,0x00,0x00,0x00, _END_,};

#elif(_LOGO_TYPE == _LOGO_GENLOVE)

BYTE code tiOSD_1BIT_LOGO0[]={

 0x00, 0x00, 0x00, 0x00, 0x01, 0x02, 0x03, 0x04, 0x05, 0x06, 0x07, 0x08, 0x09, 0x00, 0x00, 0x00, 0x00, 0x00, 0x00, 0x00, 0x00, 0x00, 0x00, 0x00, 0x00, 0x00, 0x00, 0x00, 0x00, 0x00, 0x00, 0x00, 0x00, 0x00, 0x00, 0x00, 0x00, 0x00,_NEXT_, 
 0x00, 0x00, 0x0A, 0x0B, 0x0C, 0x0D, 0x0E, 0x0F, 0x10, 0x11, 0x12, 0x13, 0x0C, 0x14, 0x15, 0x00, 0x00, 0x00, 0x00, 0x00, 0x00, 0x00, 0x00, 0x00, 0x00, 0x00, 0x00, 0x00, 0x00, 0x00, 0x00, 0x00, 0x00, 0x00, 0x00, 0x00, 0x00, 0x00, _NEXT_,
 0x00, 0x16, 0x17, 0x18, 0x19, 0x1A, 0x00, 0x00, 0x00, 0x00, 0x00, 0x1B, 0x1C, 0x1D, 0x1E, 0x00, 0x00, 0x00, 0x00, 0x00, 0x00, 0x00, 0x00, 0x00, 0x00, 0x00, 0x00, 0x00, 0x00, 0x00, 0x00, 0x00, 0x00, 0x00, 0x00, 0x00, 0x00, 0x00, _NEXT_,
 0x1F, 0x20, 0x21, 0x22, 0x00, 0x00, 0x00, 0x00, 0x00, 0x00, 0x00, 0x00, 0x00, 0x00, 0x00, 0x00, 0x00, 0x00, 0x00, 0x23, 0x24, 0x25, 0x26, 0x27, 0x28, 0x29, 0x00, 0x00, 0x00, 0x00, 0x23, 0x2A, 0x2B, 0x2C, 0x2D, 0x2E, 0x00, 0x00, _NEXT_,
 0x2F, 0x0C, 0x30, 0x00, 0x00, 0x00, 0x00, 0x00, 0x31, 0x32, 0x32, 0x32, 0x32, 0x32, 0x32, 0x32, 0x33, 0x34, 0x35, 0x36, 0x37, 0x38, 0x39, 0x3A, 0x3B, 0x3C, 0x3D, 0x00, 0x00, 0x3E, 0x3F, 0x40, 0x41, 0x42, 0x43, 0x0C, 0x44, 0x45, _NEXT_,
 0x46, 0x0C, 0x47, 0x00, 0x00, 0x00, 0x00, 0x00, 0x48, 0x0C, 0x0C, 0x0C, 0x0C, 0x0C, 0x0C, 0x0C, 0x47, 0x49, 0x0C, 0x4A, 0x4B, 0x00, 0x00, 0x4C, 0x4D, 0x0C, 0x4E, 0x4F, 0x50, 0x51, 0x52, 0x53, 0x00, 0x00, 0x54, 0x55, 0x0C, 0x56, _NEXT_,
 0x57, 0x0C, 0x58, 0x00, 0x00, 0x00, 0x00, 0x00, 0x59, 0x5A, 0x5A, 0x5A, 0x5A, 0x5A, 0x5B, 0x0C, 0x5C, 0x5D, 0x5E, 0x5F, 0x23, 0x60, 0x61, 0x62, 0x63, 0x64, 0x65, 0x00, 0x66, 0x0C, 0x67, 0x00, 0x00, 0x00, 0x00, 0x68, 0x0C, 0x69, _NEXT_,
 0x6A, 0x6B, 0x6C, 0x6D, 0x00, 0x00, 0x00, 0x00, 0x00, 0x00, 0x00, 0x00, 0x00, 0x6E, 0x0C, 0x6F, 0x70, 0x0C, 0x71, 0x72, 0x73, 0x74, 0x75, 0x76, 0x00, 0x77, 0x78, 0x79, 0x66, 0x0C, 0x7A, 0x00, 0x00, 0x00, 0x00, 0x00, 0x0C, 0x7B, _NEXT_,
	 0x00, 0x7C, 0x3B, 0x7D, 0x7E, 0x00, 0x00, 0x00, 0x00, 0x00, 0x00, 0x7F, 0x80, 0x81, 0x82, 0x83, 0x00, 0x84, 0x0C, 0x85, 0x86, 0x87, 0x00, 0x00, 0x00, 0x88, 0x0C, 0x89, 0x66, 0x0C, 0x7A, 0x00, 0x00, 0x00, 0x00, 0x00, 0x0C, 0x7B, _NEXT_,
 	0x00, 0x00, 0x8A, 0x8B, 0x0C, 0x8C, 0x8D, 0x8E, 0x8F, 0x90, 0x91, 0x92, 0x93, 0x94, 0x95, 0x00, 0x00, 0x96, 0x97, 0x98, 0x99, 0x9A, 0x8F, 0x9B, 0x9C, 0x0C, 0x9D, 0x9E, 0x66, 0x0C, 0x7A, 0x00, 0x00, 0x00, 0x00, 0x00, 0x0C, 0x7B, _NEXT_,
	0x00, 0x00, 0x00, 0x00, 0x9F, 0xA0, 0xA1, 0xA2, 0xA3, 0xA4, 0xA5, 0xA6, 0xA7, 0x00, 0x00, 0x00, 0x00, 0x00, 0x54, 0xA8, 0xA9, 0xAA, 0xAB, 0xAC, 0xAD, 0xAE, 0x00, 0x00, 0xAF, 0x39, 0xB0, 0x00, 0x00, 0x00, 0x00, 0x00, 0x39, 0xB1,  _END_,};

BYTE code tiOSD_1BIT_LOGO1[]={
 0x00, 0x01, 0x02, 0x03, 0x00, 0x00, 0x00, 0x00, 0x00, 0x00, 0x00, 0x00, 0x00, 0x00, 0x00, 0x00, 0x00, 0x00, 0x00, 0x00, 0x00, 0x00, 0x00, 0x00, 0x00, 0x00, 0x00, 0x00, 0x00, 0x00, 0x00, 0x00, 0x00, 0x00, 0x00, 0x00, 0x00, 0x00,  _NEXT_,
 0x00, 0x04, 0x05, 0x06, 0x00, 0x00, 0x00, 0x00, 0x00, 0x00, 0x00, 0x00, 0x00, 0x00, 0x00, 0x00, 0x00, 0x00, 0x00, 0x00, 0x00, 0x00, 0x00, 0x00, 0x00, 0x00, 0x00, 0x00, 0x00, 0x00, 0x00, 0x00, 0x00, 0x00, 0x00, 0x00, 0x00, 0x00,  _NEXT_,
 0x00, 0x04, 0x05, 0x06, 0x00, 0x00, 0x00, 0x00, 0x00, 0x00, 0x00, 0x00, 0x00, 0x00, 0x00, 0x00, 0x00, 0x00, 0x00, 0x00, 0x00, 0x00, 0x00, 0x00, 0x00, 0x00, 0x00, 0x00, 0x00, 0x00, 0x00, 0x00, 0x00, 0x00, 0x00, 0x00, 0x00, 0x00,  _NEXT_,
 0x00, 0x04, 0x05, 0x06, 0x00, 0x00, 0x00, 0x07, 0x08, 0x09, 0x0A, 0x0B, 0x0C, 0x00, 0x00, 0x0D, 0x0E, 0x0F, 0x00, 0x00, 0x00, 0x00, 0x00, 0x10, 0x0E, 0x11, 0x00, 0x00, 0x12, 0x13, 0x14, 0x15, 0x16, 0x17, 0x00, 0x00, 0x00, 0x00,  _NEXT_,
 0x00, 0x04, 0x05, 0x06, 0x00, 0x18, 0x19, 0x1A, 0x1B, 0x1C, 0x1D, 0x1E, 0x05, 0x1F, 0x20, 0x21, 0x05, 0x22, 0x00, 0x00, 0x00, 0x00, 0x23, 0x24, 0x25, 0x26, 0x27, 0x28, 0x29, 0x2A, 0x1D, 0x2B, 0x2C, 0x2D, 0x2E, 0x2F, 0x00, 0x00,  _NEXT_,
 0x00, 0x04, 0x05, 0x06, 0x00, 0x30, 0x05, 0x31, 0x32, 0x00, 0x00, 0x00, 0x33, 0x34, 0x35, 0x36, 0x37, 0x05, 0x38, 0x00, 0x00, 0x00, 0x39, 0x05, 0x3A, 0x3B, 0x3C, 0x3D, 0x3E, 0x00, 0x00, 0x3F, 0x40, 0x41, 0x05, 0x42, 0x00, 0x00,  _NEXT_,
 0x00, 0x04, 0x05, 0x06, 0x43, 0x05, 0x44, 0x00, 0x00, 0x00, 0x00, 0x00, 0x00, 0x45, 0x05, 0x46, 0x47, 0x48, 0x49, 0x4A, 0x00, 0x4B, 0x4C, 0x4D, 0x4E, 0x4F, 0x05, 0x50, 0x00, 0x51, 0x52, 0x53, 0x54, 0x55, 0x56, 0x00, 0x00, 0x00,  _NEXT_,
 0x00, 0x04, 0x05, 0x06, 0x57, 0x05, 0x58, 0x00, 0x00, 0x00, 0x00, 0x00, 0x00, 0x59, 0x05, 0x5A, 0x00, 0x5B, 0x05, 0x5C, 0x00, 0x5D, 0x05, 0x5E, 0x00, 0x5F, 0x05, 0x60, 0x61, 0x62, 0x63, 0x64, 0x65, 0x00, 0x66, 0x67, 0x68, 0x00,  _NEXT_,
 0x00, 0x04, 0x05, 0x06, 0x69, 0x6A, 0x6B, 0x6C, 0x00, 0x00, 0x00, 0x00, 0x6D, 0x6E, 0x05, 0x6F, 0x00, 0x69, 0x70, 0x6B, 0x71, 0x72, 0x73, 0x74, 0x00, 0x75, 0x05, 0x76, 0x77, 0x78, 0x00, 0x00, 0x00, 0x79, 0x3C, 0x7A, 0x7B, 0x00,  _NEXT_,
 0x00, 0x04, 0x05, 0x06, 0x00, 0x7C, 0x7D, 0x7E, 0x7F, 0x80, 0x0E, 0x81, 0x82, 0x83, 0x84, 0x00, 0x00, 0x00, 0x85, 0x05, 0x86, 0x05, 0x87, 0x00, 0x00, 0x88, 0x89, 0x8A, 0x8B, 0x8C, 0x0E, 0x8D, 0x8E, 0x8F, 0x90, 0x91, 0x00, 0x00,  _NEXT_,
 0x00, 0x92, 0x1D, 0x93, 0x00, 0x00, 0x94, 0x95, 0x96, 0x97, 0x98, 0x99, 0x9A, 0x9B, 0x00, 0x00, 0x00, 0x00, 0x9C, 0x9D, 0x98, 0x9E, 0x00, 0x00, 0x00, 0x00, 0x00, 0x9F, 0xA0, 0xA1, 0xA2, 0xA3, 0xA4, 0xA5, 0xA6, 0x00, 0x00, 0x00,  _END_,};

#elif(_LOGO_TYPE == _LOGO_ABIT_SMALL_LOGO)
BYTE code tiOSD_1BIT_LOGO0[]=
{

0x00,0x00,0x00,0x00,0x00,0x00,0x00,0x00,0x00,0x00,0x00,0x00,0x00,0x00,0x01,0x02,0x03,0x04,0x05,0x06,0x00,0x00,0x00,0x00,0x00,0x00,0x00,0x00,0x07,0x08,0x09,0x09,0x0A,0x0B,0x0C,0x0D,0x0E,0x0F,0x00,0x00,0x00, _NEXT_,
0x00,0x00,0x00,0x00,0x00,0x00,0x00,0x00,0x00,0x00,0x00,0x00,0x00,0x00,0x00,0x10,0x11,0x11,0x12,0x00,0x00,0x00,0x00,0x00,0x00,0x00,0x00,0x00,0x13,0x14,0x11,0x11,0x15,0x16,0x11,0x11,0x17,0x00,0x00,0x00,0x00, _NEXT_,
0x00,0x00,0x00,0x00,0x00,0x00,0x00,0x00,0x00,0x00,0x00,0x00,0x00,0x00,0x00,0x18,0x11,0x11,0x19,0x1A,0x00,0x00,0x00,0x00,0x00,0x00,0x00,0x00,0x1B,0x1C,0x1D,0x1D,0x1E,0x1F,0x11,0x11,0x20,0x00,0x00,0x00,0x00, _NEXT_,
0x00,0x00,0x21,0x22,0x23,0x24,0x24,0x24,0x24,0x24,0x25,0x26,0x27,0x28,0x00,0x18,0x11,0x11,0x29,0x2A,0x2B,0x2B,0x2B,0x2C,0x2D,0x2E,0x00,0x00,0x2F,0x30,0x31,0x31,0x32,0x33,0x11,0x11,0x34,0x35,0x35,0x35,0x36, _NEXT_,
0x00,0x00,0x37,0x38,0x38,0x38,0x38,0x38,0x39,0x3A,0x3B,0x3C,0x3D,0x3E,0x3F,0x18,0x11,0x11,0x40,0x41,0x41,0x41,0x42,0x43,0x11,0x44,0x45,0x46,0x47,0x48,0x11,0x11,0x49,0x4A,0x11,0x11,0x4B,0x4C,0x4D,0x4D,0x4E, _NEXT_,
0x00,0x00,0x00,0x4F,0x50,0x00,0x00,0x00,0x00,0x51,0x52,0x53,0x11,0x11,0x54,0x18,0x11,0x11,0x55,0x00,0x00,0x00,0x56,0x57,0x58,0x11,0x59,0x5A,0x47,0x48,0x11,0x11,0x49,0x4A,0x11,0x11,0x5B,0x5C,0x00,0x00,0x00, _NEXT_,
0x00,0x5D,0x5E,0x5F,0x60,0x61,0x62,0x62,0x62,0x63,0x64,0x65,0x11,0x11,0x66,0x18,0x11,0x11,0x55,0x00,0x00,0x00,0x00,0x00,0x67,0x11,0x11,0x68,0x47,0x48,0x11,0x11,0x49,0x4A,0x11,0x11,0x69,0x00,0x00,0x00,0x00, _NEXT_,
0x6A,0x6B,0x6C,0x11,0x6D,0x6E,0x6F,0x70,0x71,0x72,0x73,0x74,0x11,0x11,0x75,0x18,0x11,0x11,0x55,0x00,0x00,0x00,0x00,0x00,0x76,0x11,0x11,0x77,0x78,0x79,0x11,0x11,0x49,0x4A,0x11,0x11,0x69,0x00,0x00,0x00,0x00, _NEXT_,
0x7A,0x7B,0x7C,0x11,0x7D,0x7E,0x00,0x00,0x00,0x00,0x7F,0x80,0x11,0x11,0x75,0x18,0x11,0x11,0x81,0x82,0x82,0x82,0x83,0x84,0x85,0x11,0x86,0x87,0x88,0x89,0x11,0x11,0x49,0x8A,0x11,0x11,0x8B,0x8C,0x8D,0x00,0x8E, _NEXT_,
0x8F,0x90,0x91,0x92,0x93,0x94,0x95,0x95,0x95,0x95,0x96,0x97,0x11,0x11,0x98,0x18,0x11,0x11,0x99,0x9A,0x9A,0x9A,0x9B,0x9C,0x11,0x9D,0x9E,0x9F,0xA0,0xA1,0x11,0x11,0xA2,0xA3,0xA4,0xA5,0x11,0xA6,0xA7,0xA8,0xA9, _NEXT_,
0x00,0xAA,0xAB,0xAC,0xAD,0xAE,0xAE,0xAE,0xAE,0xAE,0xAF,0xB0,0xB1,0xB2,0xB3,0xB4,0xB5,0xB5,0xB5,0xB5,0xB5,0xB5,0xB5,0xB6,0xB7,0xB8,0xB9,0x00,0xBA,0xBB,0xBC,0xBD,0xBE,0x00,0xBF,0xC0,0xC1,0xC2,0xC2,0xC2,0xC3, _END_,




};
#elif(_LOGO_TYPE == _LOGO_ABIT_LOGO)
BYTE code tiOSD_1BIT_LOGO0[]=
{

0x00,0x00,0x00,0x00,0x00,0x00,0x00,0x00,0x00,0x00,0x00,0x00,0x00,0x00,0x00,0x00,0x00,0x00,0x00,0x00,0x01,0x02,0x03,0x04,0x05,0x06,0x00,0x00, _NEXT_,
0x00,0x00,0x00,0x00,0x00,0x00,0x00,0x00,0x00,0x00,0x00,0x00,0x00,0x00,0x00,0x00,0x00,0x00,0x00,0x00,0x07,0x08,0x08,0x08,0x09,0x00,0x00,0x00, _NEXT_,
0x00,0x00,0x00,0x00,0x00,0x00,0x00,0x00,0x00,0x00,0x00,0x00,0x00,0x00,0x00,0x00,0x00,0x00,0x00,0x00,0x07,0x08,0x08,0x08,0x09,0x00,0x00,0x00, _NEXT_,
0x00,0x00,0x00,0x00,0x00,0x00,0x00,0x00,0x00,0x00,0x00,0x00,0x00,0x00,0x00,0x00,0x00,0x00,0x00,0x00,0x07,0x08,0x08,0x08,0x09,0x00,0x00,0x00, _NEXT_,
0x00,0x00,0x0A,0x0B,0x0C,0x0D,0x0E,0x0E,0x0E,0x0E,0x0E,0x0E,0x0E,0x0E,0x0F,0x10,0x11,0x12,0x00,0x00,0x07,0x08,0x08,0x08,0x13,0x14,0x15,0x15, _NEXT_,
0x00,0x00,0x16,0x17,0x08,0x08,0x08,0x08,0x08,0x08,0x08,0x08,0x18,0x08,0x08,0x08,0x19,0x1A,0x1B,0x1C,0x07,0x08,0x08,0x08,0x08,0x08,0x08,0x08, _NEXT_,
0x00,0x00,0x1D,0x1E,0x1F,0x1F,0x1F,0x1F,0x1F,0x1F,0x1F,0x20,0x21,0x22,0x23,0x08,0x08,0x08,0x24,0x25,0x26,0x08,0x08,0x08,0x27,0x28,0x29,0x29, _NEXT_,
0x00,0x00,0x00,0x00,0x00,0x2A,0x2B,0x2C,0x2D,0x2D,0x2D,0x2D,0x2D,0x2D,0x2E,0x08,0x08,0x08,0x2F,0x00,0x30,0x08,0x08,0x08,0x31,0x32,0x00,0x00, _NEXT_,
0x00,0x00,0x33,0x34,0x35,0x36,0x08,0x08,0x08,0x08,0x08,0x08,0x08,0x08,0x08,0x08,0x08,0x08,0x08,0x00,0x30,0x08,0x08,0x08,0x37,0x38,0x00,0x00, _NEXT_,
0x00,0x39,0x3A,0x3B,0x08,0x08,0x3C,0x3D,0x3E,0x3E,0x3F,0x40,0x41,0x41,0x42,0x08,0x08,0x08,0x08,0x00,0x30,0x08,0x08,0x08,0x37,0x38,0x00,0x00, _NEXT_,
0x00,0x43,0x08,0x08,0x08,0x08,0x44,0x45,0x46,0x46,0x47,0x48,0x00,0x00,0x49,0x08,0x08,0x08,0x08,0x00,0x30,0x08,0x08,0x08,0x37,0x38,0x00,0x00, _NEXT_,
0x00,0x4A,0x08,0x08,0x08,0x08,0x4B,0x4C,0x4D,0x4E,0x4E,0x4E,0x4E,0x4E,0x4F,0x08,0x08,0x08,0x08,0x00,0x30,0x08,0x08,0x08,0x50,0x51,0x52,0x53, _NEXT_,
0x00,0x54,0x55,0x56,0x08,0x08,0x08,0x08,0x08,0x08,0x08,0x08,0x08,0x08,0x08,0x08,0x08,0x08,0x08,0x00,0x30,0x08,0x08,0x08,0x08,0x08,0x08,0x08, _NEXT_,
0x00,0x00,0x57,0x58,0x59,0x5A,0x5B,0x5B,0x5B,0x5B,0x5B,0x5B,0x5B,0x5B,0x5B,0x5B,0x5B,0x5B,0x5C,0x00,0x5D,0x41,0x41,0x41,0x41,0x41,0x41,0x41, _NEXT_,
0x00,0x00,0x00,0x00,0x00,0x00,0x00,0x00,0x00,0x00,0x00,0x00,0x00,0x00,0x00,0x00,0x00,0x00,0x00,0x00,0x5E,0x00,0x00,0x00,0x00,0x00,0x00,0x00, _END_,


};





BYTE code tiOSD_1BIT_LOGO1[]=
{
0x00,0x00,0x00,0x00,0x00,0x00,0x00,0x00,0x00,0x01,0x02,0x03,0x04,0x05,0x06,0x07,0x08,0x09,0x0A,0x0A,0x0B,0x0C,0x00,0x00,0x00,0x00,0x00,0x00, _NEXT_,
0x00,0x00,0x00,0x00,0x00,0x00,0x00,0x00,0x00,0x0D,0x0E,0x0F,0x0F,0x0F,0x0F,0x10,0x11,0x0F,0x0F,0x0F,0x12,0x13,0x00,0x00,0x00,0x00,0x00,0x00, _NEXT_,
0x00,0x00,0x00,0x00,0x00,0x00,0x00,0x00,0x00,0x14,0x15,0x0F,0x0F,0x0F,0x0F,0x16,0x11,0x0F,0x0F,0x0F,0x12,0x13,0x00,0x00,0x00,0x00,0x00,0x00, _NEXT_,
0x00,0x00,0x00,0x00,0x00,0x00,0x00,0x00,0x00,0x17,0x18,0x19,0x1A,0x1B,0x1C,0x1D,0x11,0x0F,0x0F,0x0F,0x1E,0x1F,0x20,0x20,0x20,0x21,0x00,0x00, _NEXT_,
0x22,0x22,0x22,0x23,0x24,0x25,0x26,0x27,0x00,0x00,0x28,0x29,0x2A,0x2A,0x2B,0x2C,0x11,0x0F,0x0F,0x0F,0x0F,0x0F,0x0F,0x0F,0x0F,0x2D,0x00,0x00, _NEXT_,
0x2E,0x2E,0x2E,0x2E,0x2E,0x2E,0x2F,0x30,0x00,0x00,0x31,0x2E,0x2E,0x2E,0x2E,0x32,0x11,0x0F,0x0F,0x0F,0x33,0x34,0x35,0x35,0x35,0x36,0x00,0x00, _NEXT_,
0x37,0x37,0x38,0x39,0x2E,0x2E,0x2E,0x3A,0x3B,0x00,0x31,0x2E,0x2E,0x2E,0x2E,0x32,0x11,0x0F,0x0F,0x0F,0x3C,0x3D,0x3E,0x3E,0x3E,0x3F,0x00,0x00, _NEXT_,
0x00,0x00,0x40,0x41,0x42,0x2E,0x2E,0x2E,0x43,0x44,0x31,0x2E,0x2E,0x2E,0x2E,0x32,0x11,0x0F,0x0F,0x0F,0x45,0x46,0x00,0x00,0x00,0x00,0x00,0x00, _NEXT_,
0x00,0x00,0x00,0x00,0x47,0x2E,0x2E,0x2E,0x48,0x49,0x31,0x2E,0x2E,0x2E,0x2E,0x32,0x11,0x0F,0x0F,0x0F,0x45,0x46,0x00,0x00,0x00,0x00,0x00,0x00, _NEXT_,
0x00,0x00,0x00,0x00,0x4A,0x2E,0x2E,0x2E,0x4B,0x4C,0x31,0x2E,0x2E,0x2E,0x2E,0x32,0x11,0x0F,0x0F,0x0F,0x45,0x46,0x00,0x00,0x00,0x00,0x00,0x00, _NEXT_,
0x00,0x00,0x00,0x4D,0x4E,0x2E,0x2E,0x2E,0x4F,0x50,0x31,0x2E,0x2E,0x2E,0x2E,0x32,0x11,0x0F,0x0F,0x0F,0x51,0x52,0x00,0x00,0x00,0x00,0x00,0x00, _NEXT_,
0x53,0x53,0x54,0x55,0x56,0x2E,0x2E,0x57,0x58,0x00,0x31,0x2E,0x2E,0x2E,0x2E,0x32,0x59,0x0F,0x0F,0x0F,0x5A,0x5B,0x5C,0x5D,0x5E,0x5F,0x00,0x00, _NEXT_,
0x2E,0x2E,0x2E,0x2E,0x2E,0x60,0x61,0x62,0x00,0x00,0x31,0x2E,0x2E,0x2E,0x2E,0x32,0x63,0x64,0x0F,0x0F,0x0F,0x0F,0x0F,0x0F,0x0F,0x65,0x00,0x00, _NEXT_,
0x66,0x66,0x66,0x67,0x68,0x69,0x6A,0x6B,0x00,0x00,0x6C,0x6D,0x6D,0x6D,0x6E,0x6F,0x70,0x71,0x72,0x73,0x74,0x75,0x76,0x76,0x77,0x78,0x00,0x00, _NEXT_,
0x00,0x00,0x00,0x79,0x00,0x00,0x00,0x00,0x00,0x00,0x00,0x00,0x00,0x00,0x00,0x00,0x00,0x00,0x00,0x7A,0x7B,0x00,0x00,0x00,0x00,0x7C,0x00,0x00, _END_,

};

#elif(_LOGO_TYPE == _LOGO_KOIOS_LOGO)
BYTE code tiOSD_1BIT_LOGO0[]=
{

0x00,0x00,0x00,0x00,0x00,0x00,0x00,0x00,0x00,0x00,0x00,0x00,0x00,0x00,0x00,0x00,0x00,0x00,0x00,0x00,0x00,0x00,0x00,0x00,0x00,0x00,0x00,0x00,0x00,0x00,0x00,0x00,0x00,0x00,0x00,0x00,0x00,0x00,0x00, _NEXT_,
0x00,0x00,0x00,0x00,0x00,0x00,0x00,0x00,0x00,0x00,0x00,0x00,0x00,0x00,0x00,0x00,0x00,0x00,0x00,0x00,0x00,0x00,0x00,0x00,0x00,0x00,0x00,0x00,0x00,0x00,0x00,0x00,0x00,0x00,0x00,0x00,0x00,0x00,0x00, _NEXT_,
0x00,0x00,0x00,0x00,0x00,0x00,0x00,0x00,0x00,0x00,0x00,0x00,0x00,0x00,0x00,0x00,0x00,0x00,0x00,0x00,0x00,0x00,0x00,0x00,0x00,0x00,0x00,0x00,0x00,0x00,0x00,0x00,0x00,0x00,0x00,0x00,0x00,0x00,0x00, _NEXT_,
0x00,0x00,0x00,0x00,0x00,0x00,0x01,0x02,0x02,0x03,0x00,0x00,0x00,0x00,0x04,0x05,0x02,0x02,0x02,0x06,0x07,0x00,0x00,0x00,0x08,0x09,0x0A,0x0B,0x0C,0x0D,0x0E,0x0F,0x10,0x11,0x00,0x00,0x00,0x00,0x00, _NEXT_,
0x00,0x00,0x00,0x00,0x00,0x12,0x13,0x14,0x14,0x15,0x00,0x00,0x00,0x16,0x17,0x14,0x14,0x18,0x19,0x1A,0x00,0x00,0x00,0x1B,0x1C,0x14,0x14,0x14,0x1D,0x1E,0x14,0x14,0x14,0x1F,0x20,0x21,0x00,0x00,0x00, _NEXT_,
0x00,0x00,0x00,0x00,0x00,0x22,0x14,0x14,0x23,0x24,0x00,0x25,0x26,0x27,0x14,0x28,0x29,0x2A,0x00,0x00,0x00,0x2B,0x2C,0x2D,0x14,0x2E,0x2F,0x30,0x31,0x32,0x33,0x34,0x14,0x14,0x14,0x35,0x00,0x00,0x00, _NEXT_,
0x00,0x00,0x00,0x00,0x00,0x36,0x14,0x14,0x37,0x38,0x39,0x3A,0x14,0x3B,0x3C,0x3D,0x00,0x00,0x00,0x00,0x00,0x3E,0x14,0x14,0x3F,0x40,0x00,0x00,0x00,0x00,0x00,0x41,0x42,0x14,0x14,0x43,0x00,0x00,0x44, _NEXT_,
0x00,0x00,0x00,0x00,0x45,0x46,0x14,0x14,0x47,0x48,0x14,0x14,0x49,0x4A,0x00,0x00,0x00,0x00,0x00,0x00,0x4B,0x4C,0x14,0x4D,0x4E,0x00,0x00,0x00,0x00,0x00,0x00,0x00,0x4F,0x14,0x14,0x50,0x00,0x00,0x51, _NEXT_,
0x00,0x00,0x00,0x00,0x52,0x14,0x14,0x14,0x14,0x14,0x14,0x14,0x53,0x54,0x00,0x00,0x00,0x00,0x00,0x00,0x55,0x14,0x14,0x56,0x00,0x00,0x00,0x00,0x00,0x00,0x00,0x00,0x57,0x14,0x14,0x58,0x00,0x00,0x59, _NEXT_,
0x00,0x00,0x00,0x00,0x5A,0x14,0x14,0x14,0x5B,0x5C,0x14,0x14,0x14,0x5D,0x5E,0x00,0x00,0x00,0x00,0x00,0x5F,0x14,0x14,0x60,0x00,0x00,0x00,0x00,0x00,0x00,0x00,0x61,0x62,0x14,0x14,0x63,0x00,0x64,0x65, _NEXT_,
0x00,0x00,0x00,0x66,0x67,0x14,0x14,0x68,0x69,0x6A,0x6B,0x14,0x14,0x14,0x6C,0x00,0x00,0x00,0x00,0x00,0x6D,0x14,0x14,0x6E,0x00,0x00,0x00,0x00,0x00,0x00,0x6F,0x70,0x14,0x14,0x71,0x00,0x00,0x72,0x14, _NEXT_,
0x00,0x00,0x00,0x73,0x14,0x14,0x74,0x75,0x00,0x00,0x76,0x77,0x14,0x14,0x78,0x79,0x00,0x00,0x00,0x00,0x7A,0x14,0x14,0x7B,0x7C,0x00,0x00,0x00,0x00,0x7D,0x7E,0x14,0x14,0x7F,0x80,0x00,0x00,0x81,0x14, _NEXT_,
0x00,0x00,0x00,0x82,0x14,0x14,0x83,0x00,0x00,0x00,0x00,0x84,0x85,0x14,0x14,0x86,0x87,0x00,0x00,0x00,0x88,0x89,0x14,0x14,0x8A,0x8B,0x8C,0x8D,0x8E,0x8F,0x14,0x90,0x91,0x92,0x00,0x00,0x00,0x93,0x14, _NEXT_,
0x00,0x00,0x00,0x94,0x95,0x95,0x96,0x00,0x00,0x00,0x00,0x00,0x97,0x95,0x95,0x95,0x98,0x99,0x00,0x00,0x00,0x9A,0x9B,0x9C,0x14,0x14,0x14,0x14,0x9D,0x9E,0x9F,0xA0,0x00,0x00,0x00,0x00,0xA1,0xA2,0x95, _NEXT_,
0x00,0x00,0x00,0x00,0x00,0x00,0x00,0x00,0x00,0x00,0x00,0x00,0x00,0x00,0x00,0x00,0x00,0x00,0x00,0x00,0x00,0x00,0x00,0xA3,0xA4,0xA5,0xA6,0xA7,0xA8,0x00,0x00,0x00,0x00,0x00,0x00,0x00,0x00,0x00,0x00, _NEXT_,
0x00,0x00,0x00,0x00,0x00,0x00,0x00,0x00,0x00,0x00,0x00,0x00,0x00,0x00,0x00,0x00,0x00,0x00,0x00,0x00,0x00,0x00,0x00,0x00,0x00,0x00,0x00,0x00,0x00,0x00,0x00,0x00,0x00,0x00,0x00,0x00,0x00,0x00,0x00, _END_,

};





BYTE code tiOSD_1BIT_LOGO1[]=
{

0x00,0x00,0x00,0x00,0x00,0x00,0x00,0x00,0x00,0x00,0x00,0x00,0x00,0x00,0x00,0x00,0x00,0x00,0x00,0x00,0x00,0x00,0x00,0x00,0x00,0x00,0x00,0x00,0x00,0x00,0x00,0x00,0x00,0x00,0x00,0x00,0x00,0x00,0x00, _NEXT_,
0x00,0x00,0x00,0x00,0x00,0x00,0x00,0x00,0x00,0x00,0x00,0x00,0x00,0x00,0x00,0x00,0x00,0x00,0x00,0x00,0x00,0x00,0x00,0x00,0x00,0x00,0x00,0x00,0x00,0x00,0x00,0x00,0x00,0x00,0x00,0x00,0x00,0x00,0x00, _NEXT_,
0x00,0x00,0x00,0x00,0x00,0x00,0x00,0x00,0x00,0x00,0x00,0x00,0x00,0x00,0x00,0x00,0x00,0x00,0x00,0x00,0x00,0x00,0x00,0x00,0x00,0x00,0x00,0x00,0x00,0x00,0x00,0x00,0x00,0x00,0x00,0x00,0x00,0x00,0x00, _NEXT_,
0x01,0x02,0x03,0x03,0x04,0x00,0x00,0x00,0x00,0x00,0x05,0x06,0x07,0x08,0x09,0x0A,0x0B,0x0C,0x0D,0x0E,0x00,0x00,0x00,0x00,0x00,0x00,0x0F,0x10,0x11,0x12,0x13,0x14,0x15,0x16,0x17,0x18,0x00,0x00,0x00, _NEXT_,
0x19,0x1A,0x1A,0x1B,0x1C,0x00,0x00,0x00,0x1D,0x1E,0x1F,0x1A,0x1A,0x20,0x21,0x22,0x1A,0x1A,0x1A,0x23,0x24,0x00,0x00,0x00,0x00,0x25,0x26,0x1A,0x1A,0x27,0x28,0x29,0x1A,0x1A,0x1A,0x2A,0x2B,0x00,0x00, _NEXT_,
0x2C,0x1A,0x1A,0x2D,0x00,0x00,0x00,0x2E,0x2F,0x1A,0x30,0x31,0x32,0x33,0x00,0x34,0x35,0x36,0x1A,0x1A,0x37,0x38,0x00,0x00,0x39,0x3A,0x1A,0x3B,0x3C,0x3D,0x00,0x3E,0x3F,0x40,0x1A,0x1A,0x41,0x00,0x00, _NEXT_,
0x42,0x1A,0x1A,0x43,0x00,0x00,0x44,0x45,0x1A,0x46,0x47,0x00,0x00,0x00,0x00,0x00,0x00,0x48,0x1A,0x1A,0x1A,0x49,0x00,0x00,0x4A,0x1A,0x1A,0x4B,0x00,0x00,0x00,0x00,0x00,0x4C,0x4D,0x4D,0x4E,0x00,0x00, _NEXT_,
0x1A,0x1A,0x4F,0x50,0x00,0x51,0x52,0x1A,0x1A,0x53,0x00,0x00,0x00,0x00,0x00,0x00,0x00,0x54,0x1A,0x1A,0x1A,0x55,0x00,0x00,0x56,0x1A,0x1A,0x57,0x58,0x59,0x5A,0x5B,0x5C,0x00,0x00,0x00,0x00,0x00,0x00, _NEXT_,
0x1A,0x1A,0x5D,0x00,0x00,0x5E,0x1A,0x1A,0x5F,0x60,0x00,0x00,0x00,0x00,0x00,0x00,0x00,0x61,0x1A,0x1A,0x62,0x63,0x00,0x00,0x64,0x65,0x66,0x1A,0x1A,0x1A,0x1A,0x1A,0x67,0x68,0x69,0x6A,0x00,0x00,0x00, _NEXT_,
0x1A,0x1A,0x6B,0x00,0x00,0x6C,0x1A,0x1A,0x6D,0x00,0x00,0x00,0x00,0x00,0x00,0x00,0x6E,0x6F,0x1A,0x1A,0x70,0x00,0x00,0x00,0x00,0x00,0x71,0x72,0x73,0x74,0x75,0x76,0x1A,0x1A,0x1A,0x77,0x00,0x00,0x00, _NEXT_,
0x1A,0x78,0x79,0x00,0x00,0x7A,0x1A,0x1A,0x7B,0x7C,0x00,0x00,0x00,0x00,0x00,0x00,0x7D,0x1A,0x1A,0x7E,0x7F,0x00,0x80,0x81,0x81,0x82,0x00,0x00,0x00,0x00,0x00,0x83,0x84,0x1A,0x1A,0x85,0x00,0x00,0x00, _NEXT_,
0x1A,0x86,0x00,0x00,0x00,0x87,0x1A,0x1A,0x1A,0x88,0x89,0x00,0x00,0x00,0x8A,0x8B,0x8C,0x1A,0x8D,0x8E,0x00,0x00,0x8F,0x1A,0x1A,0x90,0x91,0x00,0x00,0x00,0x00,0x92,0x93,0x1A,0x1A,0x94,0x00,0x00,0x00, _NEXT_,
0x1A,0x95,0x00,0x00,0x00,0x96,0x97,0x1A,0x1A,0x1A,0x98,0x99,0x9A,0x9B,0x9C,0x1A,0x1A,0x9D,0x9E,0x00,0x00,0x00,0x9F,0xA0,0x1A,0x1A,0xA1,0xA2,0xA3,0xA4,0xA5,0xA6,0x1A,0xA7,0xA8,0xA9,0x00,0x00,0x00, _NEXT_,
0xAA,0xAB,0x00,0x00,0x00,0x00,0xAC,0xAD,0xAE,0xAF,0x1A,0x1A,0x1A,0x1A,0xB0,0xB1,0xB2,0xB3,0x00,0x00,0x00,0x00,0x00,0xB4,0xB5,0xB6,0x1A,0x1A,0x1A,0x1A,0xB7,0xB8,0xB9,0xBA,0x00,0x00,0x00,0x00,0x00, _NEXT_,
0x00,0x00,0x00,0x00,0x00,0x00,0x00,0x00,0x00,0xBB,0xBC,0xBD,0xBE,0xBF,0xC0,0x00,0x00,0x00,0x00,0x00,0x00,0x00,0x00,0x00,0x00,0xC1,0xC2,0xC3,0xC4,0xC5,0xC6,0x00,0x00,0x00,0x00,0x00,0x00,0x00,0x00, _NEXT_,
0x00,0x00,0x00,0x00,0x00,0x00,0x00,0x00,0x00,0x00,0x00,0x00,0x00,0x00,0x00,0x00,0x00,0x00,0x00,0x00,0x00,0x00,0x00,0x00,0x00,0x00,0x00,0x00,0x00,0x00,0x00,0x00,0x00,0x00,0x00,0x00,0x00,0x00,0x00, _END_,


};

#elif(_LOGO_TYPE == _LOGO_UNOEROOG)

BYTE code tiOSD_1BIT_LOGO0[]={

   0x00, 0x01, 0x02, 0x03, 0x03, 0x03, 0x03, 0x03, 0x03, 0x03, 0x03, 0x03, 0x03, 0x03, 0x04, 0x05, 0x03, 0x03, 0x03, 0x03, 0x03, 0x03, 0x03, 0x03, 0x03, 0x03, 0x03, 0x03, 0x03, 0x03, 0x03, 0x03, 0x03, 0x03, 0x03, 0x03, 0x03, 0x03, 0x03, 0x03, 0x03, 0x03, 0x03, 0x03, 0x03, 0x03, 0x03, 0x03, 0x03, 0x03, 0x03, 0x03, 0x03, 0x03, 0x03, 0x03, 0x03, 0x03, 0x03, 0x03, 0x03, 0x03, 0x03, 0x03, 0x03, 0x03, _NEXT_,
   0x06, 0x07, 0x08, 0x09, 0x02, 0x03, 0x03, 0x03, 0x03, 0x03, 0x03, 0x03, 0x03, 0x03, 0x07, 0x0A, 0x0B, 0x0C, 0x03, 0x03, 0x03, 0x03, 0x03, 0x03, 0x03, 0x03, 0x03, 0x03, 0x03, 0x03, 0x03, 0x03, 0x03, 0x03, 0x03, 0x03, 0x03, 0x03, 0x03, 0x03, 0x03, 0x03, 0x03, 0x03, 0x03, 0x03, 0x03, 0x03, 0x03, 0x03, 0x03, 0x03, 0x03, 0x03, 0x03, 0x03, 0x03, 0x03, 0x03, 0x03, 0x03, 0x03, 0x03, 0x03, 0x03, 0x03, _NEXT_,
   0x06, 0x07, 0x07, 0x07, 0x08, 0x0D, 0x03, 0x03, 0x03, 0x03, 0x03, 0x03, 0x03, 0x03, 0x07, 0x07, 0x07, 0x0A, 0x0E, 0x0F, 0x03, 0x03, 0x03, 0x03, 0x03, 0x03, 0x03, 0x03, 0x03, 0x03, 0x03, 0x03, 0x03, 0x03, 0x03, 0x03, 0x03, 0x03, 0x03, 0x03, 0x03, 0x03, 0x03, 0x03, 0x03, 0x03, 0x03, 0x03, 0x03, 0x03, 0x03, 0x03, 0x03, 0x03, 0x03, 0x03, 0x03, 0x03, 0x03, 0x03, 0x03, 0x03, 0x03, 0x03, 0x03, 0x03, _NEXT_,
   0x06, 0x07, 0x07, 0x07, 0x07, 0x07, 0x03, 0x03, 0x03, 0x03, 0x03, 0x03, 0x03, 0x03, 0x07, 0x07, 0x07, 0x07, 0x07, 0x10, 0x03, 0x03, 0x03, 0x03, 0x03, 0x03, 0x03, 0x03, 0x11, 0x12, 0x13, 0x03, 0x03, 0x03, 0x03, 0x03, 0x03, 0x03, 0x03, 0x03, 0x03, 0x03, 0x03, 0x03, 0x03, 0x03, 0x03, 0x03, 0x03, 0x03, 0x03, 0x03, 0x03, 0x03, 0x03, 0x03, 0x03, 0x03, 0x03, 0x03, 0x03, 0x03, 0x03, 0x03, 0x03, 0x14, _NEXT_,
   0x06, 0x07, 0x07, 0x07, 0x07, 0x07, 0x03, 0x03, 0x03, 0x03, 0x03, 0x03, 0x03, 0x03, 0x07, 0x07, 0x07, 0x07, 0x07, 0x15, 0x16, 0x17, 0x18, 0x03, 0x03, 0x03, 0x19, 0x1A, 0x1B, 0x07, 0x1C, 0x1D, 0x1E, 0x03, 0x03, 0x03, 0x1F, 0x20, 0x03, 0x03, 0x03, 0x03, 0x21, 0x22, 0x03, 0x03, 0x03, 0x03, 0x03, 0x03, 0x03, 0x03, 0x03, 0x03, 0x03, 0x03, 0x03, 0x03, 0x23, 0x24, 0x25, 0x03, 0x03, 0x03, 0x03, 0x26, _NEXT_,
   0x06, 0x07, 0x07, 0x07, 0x07, 0x07, 0x03, 0x03, 0x03, 0x03, 0x03, 0x03, 0x03, 0x03, 0x07, 0x07, 0x07, 0x07, 0x07, 0x15, 0x06, 0x07, 0x07, 0x27, 0x28, 0x29, 0x2A, 0x2B, 0x2C, 0x07, 0x07, 0x07, 0x2D, 0x2E, 0x2F, 0x03, 0x26, 0x30, 0x31, 0x32, 0x33, 0x34, 0x35, 0x07, 0x36, 0x37, 0x38, 0x03, 0x03, 0x03, 0x03, 0x03, 0x03, 0x03, 0x03, 0x39, 0x3A, 0x3B, 0x3C, 0x07, 0x3D, 0x3E, 0x3F, 0x03, 0x03, 0x26, _NEXT_,
   0x06, 0x07, 0x07, 0x07, 0x07, 0x07, 0x03, 0x03, 0x03, 0x03, 0x03, 0x03, 0x03, 0x03, 0x07, 0x07, 0x07, 0x07, 0x07, 0x15, 0x06, 0x07, 0x07, 0x07, 0x07, 0x40, 0x03, 0x03, 0x41, 0x42, 0x07, 0x07, 0x07, 0x07, 0x43, 0x03, 0x26, 0x07, 0x07, 0x07, 0x44, 0x45, 0x46, 0x07, 0x07, 0x07, 0x47, 0x48, 0x49, 0x03, 0x03, 0x03, 0x03, 0x4A, 0x4B, 0x4C, 0x4D, 0x4E, 0x4F, 0x07, 0x07, 0x50, 0x51, 0x52, 0x03, 0x26, _NEXT_,
   0x06, 0x07, 0x07, 0x07, 0x07, 0x07, 0x03, 0x03, 0x03, 0x03, 0x03, 0x03, 0x03, 0x03, 0x07, 0x07, 0x07, 0x07, 0x07, 0x15, 0x06, 0x07, 0x07, 0x07, 0x07, 0x15, 0x03, 0x03, 0x03, 0x03, 0x53, 0x07, 0x07, 0x07, 0x54, 0x03, 0x26, 0x07, 0x07, 0x07, 0x55, 0x03, 0x56, 0x57, 0x58, 0x07, 0x07, 0x07, 0x59, 0x5A, 0x03, 0x5B, 0x5C, 0x5D, 0x07, 0x5E, 0x03, 0x03, 0x5F, 0x60, 0x61, 0x62, 0x03, 0x03, 0x03, 0x26, _NEXT_,
   0x06, 0x07, 0x07, 0x07, 0x07, 0x07, 0x03, 0x03, 0x03, 0x03, 0x03, 0x03, 0x03, 0x03, 0x07, 0x07, 0x07, 0x07, 0x07, 0x15, 0x06, 0x07, 0x07, 0x07, 0x07, 0x15, 0x03, 0x03, 0x03, 0x03, 0x63, 0x07, 0x07, 0x07, 0x54, 0x03, 0x26, 0x07, 0x07, 0x07, 0x55, 0x03, 0x03, 0x03, 0x64, 0x07, 0x07, 0x07, 0x07, 0x65, 0x66, 0x07, 0x07, 0x07, 0x07, 0x65, 0x03, 0x03, 0x03, 0x03, 0x03, 0x03, 0x03, 0x03, 0x03, 0x26, _NEXT_,
   0x06, 0x07, 0x07, 0x07, 0x07, 0x07, 0x03, 0x03, 0x03, 0x03, 0x03, 0x03, 0x03, 0x03, 0x07, 0x07, 0x07, 0x07, 0x07, 0x15, 0x06, 0x07, 0x07, 0x07, 0x07, 0x15, 0x03, 0x03, 0x03, 0x03, 0x63, 0x07, 0x07, 0x07, 0x54, 0x03, 0x26, 0x07, 0x07, 0x07, 0x55, 0x03, 0x03, 0x03, 0x67, 0x07, 0x07, 0x07, 0x07, 0x65, 0x67, 0x07, 0x07, 0x07, 0x07, 0x68, 0x03, 0x03, 0x03, 0x03, 0x03, 0x03, 0x03, 0x03, 0x03, 0x26, _NEXT_,
   0x06, 0x07, 0x07, 0x07, 0x07, 0x07, 0x03, 0x03, 0x03, 0x03, 0x03, 0x03, 0x03, 0x03, 0x07, 0x07, 0x07, 0x07, 0x07, 0x15, 0x06, 0x07, 0x07, 0x07, 0x07, 0x15, 0x03, 0x03, 0x03, 0x03, 0x63, 0x07, 0x07, 0x07, 0x54, 0x03, 0x26, 0x07, 0x07, 0x07, 0x55, 0x03, 0x03, 0x03, 0x67, 0x07, 0x07, 0x07, 0x07, 0x65, 0x69, 0x6A, 0x07, 0x07, 0x07, 0x6B, 0x6C, 0x38, 0x03, 0x03, 0x03, 0x03, 0x03, 0x03, 0x03, 0x26, _NEXT_,
   0x06, 0x07, 0x07, 0x07, 0x07, 0x07, 0x03, 0x03, 0x03, 0x03, 0x03, 0x03, 0x03, 0x03, 0x07, 0x07, 0x07, 0x07, 0x07, 0x15, 0x06, 0x07, 0x07, 0x07, 0x07, 0x15, 0x03, 0x03, 0x03, 0x03, 0x63, 0x07, 0x07, 0x07, 0x54, 0x03, 0x26, 0x07, 0x07, 0x07, 0x55, 0x03, 0x03, 0x03, 0x67, 0x07, 0x07, 0x07, 0x07, 0x65, 0x03, 0x6D, 0x6E, 0x46, 0x07, 0x07, 0x6F, 0x70, 0x03, 0x03, 0x03, 0x03, 0x03, 0x03, 0x03, 0x26, _NEXT_,
   0x06, 0x07, 0x07, 0x07, 0x07, 0x07, 0x03, 0x03, 0x03, 0x03, 0x03, 0x03, 0x03, 0x03, 0x07, 0x07, 0x07, 0x07, 0x07, 0x15, 0x06, 0x07, 0x07, 0x07, 0x07, 0x15, 0x03, 0x03, 0x03, 0x03, 0x63, 0x07, 0x07, 0x07, 0x54, 0x03, 0x26, 0x07, 0x07, 0x07, 0x55, 0x03, 0x03, 0x03, 0x67, 0x07, 0x07, 0x07, 0x07, 0x65, 0x03, 0x03, 0x71, 0x72, 0x07, 0x73, 0x74, 0x03, 0x03, 0x03, 0x03, 0x03, 0x03, 0x03, 0x03, 0x26, _NEXT_,
   0x06, 0x07, 0x07, 0x07, 0x07, 0x07, 0x03, 0x03, 0x03, 0x03, 0x03, 0x03, 0x03, 0x03, 0x07, 0x07, 0x07, 0x07, 0x07, 0x15, 0x06, 0x07, 0x07, 0x07, 0x07, 0x15, 0x03, 0x03, 0x03, 0x03, 0x63, 0x07, 0x07, 0x07, 0x54, 0x03, 0x26, 0x07, 0x07, 0x07, 0x55, 0x03, 0x03, 0x03, 0x67, 0x07, 0x07, 0x07, 0x07, 0x65, 0x75, 0x76, 0x07, 0x07, 0x07, 0x65, 0x03, 0x03, 0x03, 0x03, 0x03, 0x03, 0x03, 0x03, 0x03, 0x26, _NEXT_,
   0x06, 0x07, 0x07, 0x07, 0x07, 0x07, 0x03, 0x03, 0x03, 0x03, 0x03, 0x03, 0x03, 0x03, 0x07, 0x07, 0x07, 0x07, 0x07, 0x15, 0x06, 0x07, 0x07, 0x07, 0x07, 0x15, 0x03, 0x03, 0x03, 0x03, 0x63, 0x07, 0x07, 0x07, 0x54, 0x03, 0x26, 0x07, 0x07, 0x07, 0x55, 0x03, 0x03, 0x03, 0x67, 0x07, 0x07, 0x07, 0x07, 0x65, 0x77, 0x07, 0x07, 0x07, 0x07, 0x65, 0x03, 0x03, 0x03, 0x03, 0x03, 0x03, 0x03, 0x03, 0x03, 0x26, _NEXT_,
   0x06, 0x07, 0x07, 0x07, 0x07, 0x07, 0x03, 0x03, 0x03, 0x03, 0x03, 0x03, 0x03, 0x03, 0x07, 0x07, 0x07, 0x07, 0x07, 0x15, 0x06, 0x07, 0x07, 0x07, 0x07, 0x15, 0x03, 0x03, 0x03, 0x03, 0x63, 0x07, 0x07, 0x07, 0x54, 0x03, 0x26, 0x07, 0x07, 0x07, 0x55, 0x03, 0x03, 0x03, 0x67, 0x07, 0x07, 0x07, 0x07, 0x65, 0x77, 0x07, 0x07, 0x07, 0x07, 0x65, 0x03, 0x03, 0x03, 0x03, 0x03, 0x03, 0x03, 0x03, 0x03, 0x26, _NEXT_,
   0x06, 0x07, 0x07, 0x07, 0x07, 0x07, 0x03, 0x03, 0x03, 0x03, 0x03, 0x03, 0x03, 0x03, 0x07, 0x07, 0x07, 0x07, 0x07, 0x15, 0x06, 0x07, 0x07, 0x07, 0x07, 0x15, 0x03, 0x03, 0x03, 0x03, 0x63, 0x07, 0x07, 0x07, 0x54, 0x03, 0x26, 0x07, 0x07, 0x07, 0x55, 0x03, 0x03, 0x03, 0x67, 0x07, 0x07, 0x78, 0x79, 0x7A, 0x77, 0x07, 0x07, 0x07, 0x07, 0x7B, 0x03, 0x03, 0x03, 0x03, 0x03, 0x03, 0x7C, 0x7D, 0x03, 0x26, _NEXT_,
   0x06, 0x07, 0x07, 0x07, 0x07, 0x07, 0x03, 0x03, 0x03, 0x03, 0x03, 0x03, 0x03, 0x03, 0x07, 0x07, 0x07, 0x07, 0x07, 0x15, 0x06, 0x07, 0x07, 0x07, 0x07, 0x7E, 0x03, 0x03, 0x03, 0x03, 0x63, 0x07, 0x07, 0x07, 0x54, 0x03, 0x26, 0x07, 0x07, 0x07, 0x7F, 0x80, 0x03, 0x81, 0x82, 0x83, 0x84, 0x85, 0x03, 0x03, 0x86, 0x87, 0x07, 0x07, 0x07, 0x07, 0x88, 0x89, 0x38, 0x39, 0x8A, 0x8B, 0x8C, 0x8D, 0x03, 0x26, _NEXT_,
   0x06, 0x07, 0x07, 0x07, 0x07, 0x07, 0x8E, 0x03, 0x03, 0x03, 0x03, 0x03, 0x03, 0x8F, 0x07, 0x07, 0x07, 0x07, 0x07, 0x15, 0x06, 0x07, 0x07, 0x90, 0x91, 0x03, 0x03, 0x03, 0x03, 0x03, 0x63, 0x07, 0x07, 0x07, 0x54, 0x03, 0x92, 0x93, 0x07, 0x07, 0x07, 0x94, 0x95, 0x96, 0x97, 0x98, 0x03, 0x03, 0x03, 0x03, 0x03, 0x03, 0x99, 0x9A, 0x2C, 0x07, 0x07, 0x07, 0x9B, 0x9C, 0x9D, 0x9E, 0x03, 0x03, 0x03, 0x9F, _NEXT_,
   0xA0, 0xA1, 0x07, 0x07, 0x07, 0x07, 0xA2, 0xA3, 0xA4, 0xA5, 0xA6, 0x0F, 0xA7, 0xA8, 0x07, 0x07, 0x07, 0x07, 0x07, 0x15, 0xA9, 0xAA, 0xAB, 0xAC, 0x03, 0x03, 0x03, 0x03, 0x03, 0x03, 0xAD, 0xAE, 0x07, 0x07, 0x54, 0x03, 0x03, 0x03, 0xAF, 0xB0, 0xB1, 0xB2, 0xB3, 0x03, 0x03, 0x03, 0x03, 0x03, 0x03, 0x03, 0x03, 0x03, 0x03, 0x03, 0xB4, 0xB5, 0xB6, 0xB7, 0xB8, 0xB9, 0x03, 0x03, 0x03, 0x03, 0x03, 0x03, _NEXT_,
   0x03, 0xBA, 0xBB, 0xBC, 0x07, 0x07, 0x07, 0x07, 0x07, 0x07, 0x07, 0xBD, 0xBE, 0xBF, 0xC0, 0xC1, 0x07, 0x07, 0x07, 0x15, 0x03, 0x03, 0x03, 0x03, 0x03, 0x03, 0x03, 0x03, 0x03, 0x03, 0x03, 0xC2, 0xC3, 0xC4, 0x54, 0x03, 0x03, 0x03, 0x03, 0x03, 0x03, 0x03, 0x03, 0x03, 0x03, 0x03, 0x03, 0x03, 0x03, 0x03, 0x03, 0x03, 0x03, 0x03, 0x03, 0x03, 0x03, 0x03, 0x03, 0x03, 0x03, 0x03, 0x03, 0x03, 0x03, 0x03, _NEXT_,
   0x03, 0x03, 0x03, 0xC5, 0xC6, 0xC7, 0xC8, 0x07, 0x07, 0x07, 0x78, 0xC9, 0xCA, 0x03, 0x03, 0xCB, 0xCC, 0xC1, 0x07, 0x15, 0x03, 0x03, 0x03, 0x03, 0x03, 0x03, 0x03, 0x03, 0x03, 0x03, 0x03, 0x03, 0x03, 0xCD, 0xCE, 0x03, 0x03, 0x03, 0x03, 0x03, 0x03, 0x03, 0x03, 0x03, 0x03, 0x03, 0x03, 0x03, 0x03, 0x03, 0x03, 0x03, 0x03, 0x03, 0x03, 0x03, 0x03, 0x03, 0x03, 0x03, 0x03, 0x03, 0x03, 0x03, 0x03, 0x03, _NEXT_,
   0x03, 0x03, 0x03, 0x03, 0x03, 0x03, 0x03, 0xCF, 0xD0, 0xD1, 0xD2, 0x03, 0x03, 0x03, 0x03, 0x03, 0x03, 0xCB, 0xD3, 0xD4, 0x03, 0x03, 0x03, 0x03, 0x03, 0x03, 0x03, 0x03, 0x03, 0x03, 0x03, 0x03, 0x03, 0x03, 0x03, 0x03, 0x03, 0x03, 0x03, 0x03, 0x03, 0x03, 0x03, 0x03, 0x03, 0x03, 0x03, 0x03, 0x03, 0x03, 0x03, 0x03, 0x03, 0x03, 0x03, 0x03, 0x03, 0x03, 0x03, 0x03, 0x03, 0x03, 0x03, 0x03, 0x03, 0x03,    _END_,};

BYTE code tiOSD_1BIT_LOGO1[]={

 ///////////////////////////////////////////Font Map index////////////////////////////////////////////
 0x00, 0x00, 0x00, 0x00, 0x00, 0x00, 0x00, 0x00, 0x00, 0x00, 0x00, 0x00, 0x00, 0x00, 0x00, 0x00, 0x00, 0x00, 0x00, 0x00, 0x00, 0x00, 0x00, 0x00, 0x00, 0x00, 0x00, 0x00, 0x00, 0x00, 0x00, 0x00, 0x00, 0x00, 0x00, 0x00, 0x00, 0x00, 0x00, 0x00, 0x00, 0x00, 0x00, 0x00, 0x00, 0x00, 0x00, 0x00, 0x00, 0x00, 0x00, 0x00, 0x00, 0x00, 0x00, 0x00, 0x00, 0x00, 0x01, 0x02, 0x03, 0x04, 0x00, 0x00, 0x00, 0x00, _NEXT_,
 0x00, 0x00, 0x00, 0x00, 0x00, 0x00, 0x00, 0x00, 0x00, 0x00, 0x00, 0x00, 0x00, 0x00, 0x00, 0x00, 0x00, 0x00, 0x00, 0x00, 0x00, 0x00, 0x00, 0x00, 0x00, 0x00, 0x00, 0x00, 0x00, 0x00, 0x00, 0x00, 0x00, 0x00, 0x00, 0x00, 0x00, 0x00, 0x00, 0x00, 0x00, 0x00, 0x00, 0x00, 0x00, 0x00, 0x00, 0x00, 0x00, 0x00, 0x00, 0x00, 0x00, 0x00, 0x00, 0x00, 0x05, 0x06, 0x07, 0x08, 0x08, 0x09, 0x0A, 0x00, 0x00, 0x00, _NEXT_,
 0x00, 0x00, 0x00, 0x00, 0x00, 0x00, 0x00, 0x00, 0x00, 0x00, 0x00, 0x00, 0x00, 0x00, 0x00, 0x00, 0x00, 0x00, 0x00, 0x00, 0x00, 0x00, 0x00, 0x00, 0x00, 0x00, 0x00, 0x00, 0x00, 0x00, 0x00, 0x00, 0x00, 0x00, 0x00, 0x00, 0x00, 0x00, 0x00, 0x00, 0x00, 0x00, 0x00, 0x00, 0x00, 0x00, 0x00, 0x00, 0x00, 0x00, 0x00, 0x00, 0x00, 0x00, 0x00, 0x0B, 0x0C, 0x08, 0x08, 0x08, 0x08, 0x08, 0x08, 0x0D, 0x00, 0x00, _NEXT_,
 0x0E, 0x00, 0x00, 0x00, 0x0F, 0x10, 0x11, 0x12, 0x00, 0x00, 0x00, 0x00, 0x00, 0x00, 0x00, 0x00, 0x00, 0x00, 0x00, 0x00, 0x00, 0x00, 0x00, 0x00, 0x00, 0x00, 0x00, 0x00, 0x00, 0x00, 0x00, 0x00, 0x00, 0x00, 0x00, 0x00, 0x00, 0x00, 0x00, 0x00, 0x00, 0x13, 0x14, 0x15, 0x16, 0x00, 0x00, 0x00, 0x00, 0x00, 0x00, 0x00, 0x00, 0x17, 0x18, 0x19, 0x1A, 0x1B, 0x1C, 0x1D, 0x08, 0x08, 0x1E, 0x1F, 0x00, 0x00, _NEXT_,
 0x08, 0x20, 0x21, 0x22, 0x08, 0x08, 0x08, 0x23, 0x24, 0x25, 0x00, 0x00, 0x00, 0x00, 0x00, 0x00, 0x00, 0x00, 0x00, 0x00, 0x26, 0x27, 0x00, 0x00, 0x00, 0x00, 0x28, 0x29, 0x2A, 0x00, 0x00, 0x00, 0x00, 0x00, 0x00, 0x00, 0x00, 0x00, 0x00, 0x2B, 0x2C, 0x2D, 0x08, 0x08, 0x2E, 0x2F, 0x30, 0x00, 0x00, 0x00, 0x00, 0x31, 0x32, 0x33, 0x08, 0x34, 0x00, 0x00, 0x00, 0x35, 0x36, 0x37, 0x38, 0x00, 0x00, 0x00, _NEXT_,
 0x08, 0x08, 0x08, 0x39, 0x3A, 0x3B, 0x08, 0x08, 0x08, 0x2E, 0x3C, 0x3D, 0x00, 0x00, 0x00, 0x00, 0x00, 0x00, 0x00, 0x00, 0x3E, 0x3F, 0x40, 0x41, 0x42, 0x43, 0x44, 0x08, 0x45, 0x46, 0x47, 0x00, 0x00, 0x00, 0x00, 0x00, 0x00, 0x48, 0x49, 0x4A, 0x4B, 0x4C, 0x4D, 0x08, 0x08, 0x08, 0x3F, 0x4E, 0x4F, 0x00, 0x50, 0x51, 0x08, 0x08, 0x08, 0x52, 0x00, 0x00, 0x00, 0x00, 0x00, 0x00, 0x00, 0x00, 0x00, 0x00, _NEXT_,
 0x08, 0x08, 0x08, 0x53, 0x00, 0x00, 0x54, 0x55, 0x08, 0x08, 0x08, 0x56, 0x00, 0x00, 0x00, 0x00, 0x00, 0x00, 0x00, 0x00, 0x3E, 0x08, 0x08, 0x08, 0x57, 0x58, 0x59, 0x08, 0x08, 0x08, 0x5A, 0x5B, 0x5C, 0x00, 0x00, 0x31, 0x5D, 0x5E, 0x08, 0x5F, 0x00, 0x00, 0x60, 0x61, 0x62, 0x08, 0x08, 0x08, 0x63, 0x00, 0x64, 0x08, 0x08, 0x08, 0x08, 0x52, 0x00, 0x00, 0x00, 0x00, 0x00, 0x00, 0x00, 0x00, 0x00, 0x00, _NEXT_,
 0x08, 0x08, 0x08, 0x53, 0x00, 0x00, 0x00, 0x65, 0x08, 0x08, 0x08, 0x08, 0x00, 0x00, 0x00, 0x00, 0x00, 0x00, 0x00, 0x00, 0x3E, 0x08, 0x08, 0x08, 0x66, 0x00, 0x67, 0x68, 0x69, 0x08, 0x08, 0x08, 0x6A, 0x6B, 0x6C, 0x6D, 0x08, 0x08, 0x08, 0x6E, 0x00, 0x00, 0x00, 0x00, 0x6F, 0x08, 0x08, 0x08, 0x70, 0x00, 0x64, 0x08, 0x08, 0x08, 0x08, 0x52, 0x00, 0x00, 0x00, 0x00, 0x00, 0x00, 0x00, 0x00, 0x00, 0x00, _NEXT_,
 0x08, 0x08, 0x08, 0x53, 0x00, 0x00, 0x00, 0x65, 0x08, 0x08, 0x08, 0x71, 0x00, 0x00, 0x00, 0x00, 0x00, 0x00, 0x00, 0x00, 0x3E, 0x08, 0x08, 0x08, 0x72, 0x00, 0x00, 0x00, 0x73, 0x08, 0x08, 0x08, 0x08, 0x74, 0x75, 0x08, 0x08, 0x08, 0x08, 0x6E, 0x00, 0x00, 0x00, 0x00, 0x76, 0x08, 0x08, 0x08, 0x70, 0x00, 0x64, 0x08, 0x08, 0x08, 0x08, 0x52, 0x00, 0x00, 0x00, 0x00, 0x00, 0x00, 0x00, 0x00, 0x00, 0x00, _NEXT_,
 0x08, 0x08, 0x08, 0x53, 0x00, 0x00, 0x77, 0x78, 0x08, 0x79, 0x7A, 0x7B, 0x00, 0x00, 0x00, 0x00, 0x00, 0x00, 0x00, 0x00, 0x3E, 0x08, 0x08, 0x08, 0x72, 0x00, 0x00, 0x00, 0x75, 0x08, 0x08, 0x08, 0x08, 0x74, 0x75, 0x08, 0x08, 0x08, 0x08, 0x6E, 0x00, 0x00, 0x00, 0x00, 0x76, 0x08, 0x08, 0x08, 0x70, 0x00, 0x64, 0x08, 0x08, 0x08, 0x08, 0x52, 0x00, 0x00, 0x00, 0x00, 0x00, 0x00, 0x00, 0x00, 0x7C, 0x7D, _NEXT_,
 0x08, 0x08, 0x08, 0x7E, 0x7F, 0x80, 0x81, 0x08, 0x08, 0x82, 0x83, 0x84, 0x00, 0x00, 0x00, 0x00, 0x00, 0x00, 0x00, 0x00, 0x3E, 0x08, 0x08, 0x08, 0x72, 0x00, 0x00, 0x00, 0x75, 0x08, 0x08, 0x08, 0x08, 0x74, 0x75, 0x08, 0x08, 0x08, 0x08, 0x6E, 0x00, 0x00, 0x00, 0x00, 0x76, 0x08, 0x08, 0x08, 0x70, 0x00, 0x64, 0x08, 0x08, 0x08, 0x08, 0x52, 0x00, 0x00, 0x00, 0x00, 0x00, 0x00, 0x05, 0x85, 0x51, 0x86, _NEXT_,
 0x08, 0x08, 0x08, 0x87, 0x88, 0x89, 0x8A, 0x8B, 0x08, 0x08, 0x08, 0x56, 0x8C, 0x8D, 0x00, 0x00, 0x00, 0x00, 0x00, 0x00, 0x3E, 0x08, 0x08, 0x08, 0x72, 0x00, 0x00, 0x00, 0x75, 0x08, 0x08, 0x08, 0x08, 0x74, 0x75, 0x08, 0x08, 0x08, 0x08, 0x6E, 0x00, 0x00, 0x00, 0x00, 0x76, 0x08, 0x08, 0x08, 0x70, 0x00, 0x64, 0x08, 0x08, 0x08, 0x08, 0x52, 0x00, 0x00, 0x00, 0x00, 0x00, 0x8E, 0x8F, 0x90, 0x91, 0x00, _NEXT_,
 0x08, 0x08, 0x08, 0x92, 0x00, 0x00, 0x00, 0x00, 0x93, 0x08, 0x08, 0x08, 0x08, 0x72, 0x00, 0x00, 0x00, 0x00, 0x00, 0x00, 0x3E, 0x08, 0x08, 0x08, 0x72, 0x00, 0x00, 0x00, 0x75, 0x08, 0x08, 0x08, 0x08, 0x74, 0x75, 0x08, 0x08, 0x08, 0x08, 0x6E, 0x00, 0x00, 0x00, 0x00, 0x76, 0x08, 0x08, 0x08, 0x70, 0x00, 0x64, 0x08, 0x08, 0x08, 0x08, 0x52, 0x00, 0x00, 0x00, 0x94, 0x95, 0x08, 0x08, 0x96, 0x97, 0x00, _NEXT_,
 0x08, 0x08, 0x08, 0x53, 0x00, 0x00, 0x00, 0x00, 0x00, 0x08, 0x08, 0x08, 0x08, 0x72, 0x00, 0x00, 0x00, 0x00, 0x00, 0x00, 0x3E, 0x08, 0x08, 0x08, 0x72, 0x00, 0x00, 0x00, 0x75, 0x08, 0x08, 0x08, 0x08, 0x74, 0x75, 0x08, 0x08, 0x08, 0x08, 0x6E, 0x00, 0x00, 0x00, 0x00, 0x76, 0x08, 0x08, 0x08, 0x70, 0x00, 0x64, 0x08, 0x08, 0x08, 0x08, 0x52, 0x00, 0x00, 0x00, 0x98, 0x08, 0x08, 0x08, 0x08, 0x08, 0x99, _NEXT_,
 0x08, 0x08, 0x08, 0x53, 0x00, 0x00, 0x00, 0x00, 0x00, 0x08, 0x08, 0x08, 0x08, 0x72, 0x00, 0x00, 0x00, 0x00, 0x00, 0x00, 0x3E, 0x08, 0x08, 0x08, 0x72, 0x00, 0x00, 0x00, 0x75, 0x08, 0x08, 0x08, 0x08, 0x74, 0x75, 0x08, 0x08, 0x08, 0x08, 0x6E, 0x00, 0x00, 0x00, 0x00, 0x76, 0x08, 0x08, 0x08, 0x70, 0x00, 0x64, 0x08, 0x08, 0x08, 0x08, 0x52, 0x00, 0x00, 0x00, 0x9A, 0x9B, 0x08, 0x08, 0x08, 0x08, 0x72, _NEXT_,
 0x08, 0x08, 0x08, 0x53, 0x00, 0x00, 0x00, 0x00, 0x00, 0x08, 0x08, 0x08, 0x08, 0x72, 0x00, 0x00, 0x00, 0x00, 0x00, 0x00, 0x3E, 0x08, 0x08, 0x08, 0x72, 0x00, 0x00, 0x00, 0x75, 0x08, 0x08, 0x08, 0x08, 0x74, 0x75, 0x08, 0x08, 0x08, 0x08, 0x6E, 0x00, 0x00, 0x00, 0x00, 0x76, 0x08, 0x08, 0x08, 0x70, 0x00, 0x64, 0x08, 0x08, 0x08, 0x08, 0x52, 0x00, 0x00, 0x00, 0x00, 0x75, 0x08, 0x08, 0x08, 0x08, 0x72, _NEXT_,
 0x08, 0x08, 0x08, 0x9C, 0x00, 0x00, 0x00, 0x00, 0x00, 0x08, 0x08, 0x08, 0x08, 0x72, 0x00, 0x00, 0x00, 0x00, 0x00, 0x00, 0x3E, 0x08, 0x08, 0x08, 0x72, 0x00, 0x00, 0x00, 0x75, 0x08, 0x08, 0x08, 0x08, 0x74, 0x75, 0x08, 0x08, 0x08, 0x08, 0x6E, 0x00, 0x00, 0x00, 0x00, 0x76, 0x08, 0x08, 0x08, 0x70, 0x00, 0x64, 0x08, 0x08, 0x08, 0x08, 0x52, 0x00, 0x00, 0x00, 0x00, 0x75, 0x08, 0x08, 0x08, 0x08, 0x72, _NEXT_,
 0x87, 0x9D, 0x9E, 0x9F, 0x00, 0x00, 0x00, 0x00, 0x00, 0xA0, 0x08, 0x08, 0x08, 0x72, 0x00, 0x00, 0x00, 0x00, 0x00, 0x00, 0x3E, 0x08, 0x08, 0x08, 0x72, 0x00, 0x00, 0x00, 0x75, 0x08, 0x08, 0x08, 0xA1, 0xA2, 0x75, 0x08, 0x08, 0x08, 0x08, 0xA3, 0x00, 0x00, 0x00, 0x00, 0x76, 0x08, 0x08, 0xA4, 0xA5, 0x00, 0x64, 0x08, 0x08, 0x08, 0x08, 0xA6, 0x00, 0x00, 0x00, 0x00, 0x75, 0x08, 0x08, 0x08, 0x08, 0xA7, _NEXT_,
 0xA8, 0x00, 0x00, 0x00, 0x00, 0x00, 0x00, 0x00, 0x00, 0xA9, 0xAA, 0x08, 0x08, 0x72, 0x00, 0x00, 0x00, 0x00, 0x00, 0x00, 0x3E, 0x08, 0x08, 0x08, 0xAB, 0x12, 0x00, 0x00, 0xAC, 0x08, 0xAD, 0xAE, 0xAF, 0x00, 0xB0, 0xB1, 0x08, 0x08, 0x08, 0x08, 0xB2, 0xB3, 0x00, 0xB4, 0xB5, 0xB6, 0xB7, 0xB8, 0x00, 0x00, 0x64, 0x08, 0x08, 0x08, 0x08, 0xB9, 0xBA, 0x00, 0x00, 0x00, 0xBB, 0x08, 0x08, 0xBC, 0xBD, 0xBE, _NEXT_,
 0x00, 0x00, 0x00, 0x00, 0x00, 0x00, 0x00, 0x00, 0x00, 0x00, 0xBF, 0xC0, 0xC1, 0xC2, 0x00, 0x00, 0x00, 0x00, 0x00, 0x00, 0xC3, 0xA0, 0x08, 0x08, 0x08, 0xC4, 0xC5, 0xC6, 0xC7, 0xC8, 0x38, 0x00, 0x00, 0x00, 0x00, 0xC9, 0xCA, 0xCB, 0x08, 0x08, 0x08, 0x08, 0xCC, 0xCD, 0xCE, 0xCF, 0x00, 0x00, 0x00, 0x00, 0xD0, 0xD1, 0x08, 0x08, 0x08, 0x08, 0x3F, 0xD2, 0xD3, 0xD4, 0xD5, 0xD6, 0xD7, 0xD8, 0x00, 0x00, _NEXT_,
 0x00, 0x00, 0x00, 0x00, 0x00, 0x00, 0x00, 0x00, 0x00, 0x00, 0x00, 0x00, 0x00, 0x00, 0x00, 0x00, 0x00, 0x00, 0x00, 0x00, 0x00, 0xD9, 0xDA, 0xDB, 0x08, 0x87, 0xDC, 0xDD, 0x00, 0x00, 0x00, 0x00, 0x00, 0x00, 0x00, 0x00, 0x00, 0xDE, 0xDF, 0xE0, 0x08, 0xE1, 0xE2, 0xE3, 0x00, 0x00, 0x00, 0x00, 0x00, 0x00, 0x00, 0x35, 0xE4, 0xE5, 0x08, 0x08, 0x08, 0x08, 0xE6, 0xE7, 0xE8, 0xE9, 0x00, 0x00, 0x00, 0x00, _NEXT_,
 0x00, 0x00, 0x00, 0x00, 0x00, 0x00, 0x00, 0x00, 0x00, 0x00, 0x00, 0x00, 0x00, 0x00, 0x00, 0x00, 0x00, 0x00, 0x00, 0x00, 0x00, 0x00, 0x00, 0xEA, 0xEB, 0xEC, 0x00, 0x00, 0x00, 0x00, 0x00, 0x00, 0x00, 0x00, 0x00, 0x00, 0x00, 0x00, 0x00, 0xED, 0xEE, 0xEF, 0x00, 0x00, 0x00, 0x00, 0x00, 0x00, 0x00, 0x00, 0x00, 0x00, 0x00, 0xF0, 0xF1, 0xA0, 0x08, 0x08, 0xF2, 0xF3, 0x00, 0x00, 0x00, 0x00, 0x00, 0x00, _NEXT_,
 0x00, 0x00, 0x00, 0x00, 0x00, 0x00, 0x00, 0x00, 0x00, 0x00, 0x00, 0x00, 0x00, 0x00, 0x00, 0x00, 0x00, 0x00, 0x00, 0x00, 0x00, 0x00, 0x00, 0x00, 0x00, 0x00, 0x00, 0x00, 0x00, 0x00, 0x00, 0x00, 0x00, 0x00, 0x00, 0x00, 0x00, 0x00, 0x00, 0x00, 0x00, 0x00, 0x00, 0x00, 0x00, 0x00, 0x00, 0x00, 0x00, 0x00, 0x00, 0x00, 0x00, 0x00, 0x00, 0xF4, 0xF5, 0xF6, 0xF7, 0x00, 0x00, 0x00, 0x00, 0x00, 0x00, 0x00, _END_,};

#elif(_LOGO_TYPE == _LOGO_LAPAELO)
 
 BYTE code tiOSD_1BIT_LOGO0[]={
     
     ////////////////////////////////////////////Font Map index////////////////////////////////////////////
     0x00, 0x01, 0x02, 0x03, 0x03, 0x03, 0x03, 0x03, 0x03, 0x03, 0x03, 0x03, 0x03, 0x04, 0x05, 0x01, 0x01, 0x01, 0x06, 0x03, 0x03, 0x03, 0x03, 0x03, 0x03, 0x00, 0x01, 0x01, 0x01, 0x01, 0x01, 0x07, 0x08, 0x09, 0x03, 0x03, 0x03, 0x03, 0x03, 0x03, 0x03, 0x0A, _NEXT_,
     0x0B, 0x0C, 0x0D, 0x03, 0x03, 0x03, 0x03, 0x03, 0x03, 0x03, 0x03, 0x03, 0x03, 0x0E, 0x0C, 0x0C, 0x0F, 0x0C, 0x10, 0x03, 0x03, 0x03, 0x03, 0x03, 0x03, 0x11, 0x0C, 0x0C, 0x0C, 0x0C, 0x0C, 0x0C, 0x0C, 0x12, 0x13, 0x03, 0x03, 0x03, 0x03, 0x03, 0x14, 0x0C, _NEXT_,
     0x0B, 0x0C, 0x0D, 0x03, 0x03, 0x03, 0x03, 0x03, 0x03, 0x03, 0x03, 0x03, 0x03, 0x15, 0x0C, 0x0C, 0x16, 0x0C, 0x17, 0x18, 0x03, 0x03, 0x03, 0x03, 0x03, 0x03, 0x03, 0x03, 0x03, 0x03, 0x03, 0x19, 0x0C, 0x0C, 0x1A, 0x03, 0x03, 0x03, 0x03, 0x03, 0x1B, 0x0C, _NEXT_,
     0x0B, 0x0C, 0x0D, 0x03, 0x03, 0x03, 0x03, 0x03, 0x03, 0x03, 0x03, 0x03, 0x03, 0x1C, 0x0C, 0x1D, 0x1E, 0x0C, 0x0C, 0x1F, 0x03, 0x03, 0x03, 0x03, 0x03, 0x20, 0x21, 0x22, 0x03, 0x03, 0x03, 0x03, 0x0C, 0x0C, 0x23, 0x03, 0x03, 0x03, 0x03, 0x03, 0x24, 0x0C, _NEXT_,
     0x0B, 0x0C, 0x0D, 0x03, 0x03, 0x03, 0x03, 0x03, 0x03, 0x03, 0x03, 0x03, 0x03, 0x25, 0x0C, 0x26, 0x27, 0x0C, 0x0C, 0x28, 0x03, 0x03, 0x03, 0x03, 0x03, 0x0B, 0x0C, 0x0D, 0x03, 0x03, 0x03, 0x03, 0x0C, 0x0C, 0x23, 0x03, 0x03, 0x03, 0x03, 0x03, 0x29, 0x0C, _NEXT_,
     0x0B, 0x0C, 0x0D, 0x03, 0x03, 0x03, 0x03, 0x03, 0x03, 0x03, 0x03, 0x03, 0x04, 0x2A, 0x0C, 0x2B, 0x03, 0x2C, 0x0C, 0x2D, 0x03, 0x03, 0x03, 0x03, 0x03, 0x0B, 0x0C, 0x0D, 0x03, 0x03, 0x03, 0x03, 0x0C, 0x0C, 0x23, 0x03, 0x03, 0x03, 0x03, 0x03, 0x2E, 0x0C, _NEXT_,
     0x0B, 0x0C, 0x0D, 0x03, 0x03, 0x03, 0x03, 0x03, 0x03, 0x03, 0x03, 0x03, 0x2F, 0x0C, 0x0C, 0x30, 0x03, 0x31, 0x0C, 0x32, 0x03, 0x03, 0x03, 0x03, 0x03, 0x0B, 0x0C, 0x0D, 0x03, 0x03, 0x03, 0x03, 0x0C, 0x0C, 0x23, 0x03, 0x03, 0x03, 0x03, 0x33, 0x0C, 0x0C, _NEXT_,
     0x0B, 0x0C, 0x0D, 0x03, 0x03, 0x03, 0x03, 0x03, 0x03, 0x03, 0x03, 0x03, 0x34, 0x0C, 0x0C, 0x35, 0x03, 0x36, 0x0C, 0x37, 0x38, 0x03, 0x03, 0x03, 0x03, 0x0B, 0x0C, 0x0D, 0x03, 0x03, 0x03, 0x03, 0x0C, 0x0C, 0x23, 0x03, 0x03, 0x03, 0x03, 0x39, 0x0C, 0x0C, _NEXT_,
     0x0B, 0x0C, 0x0D, 0x03, 0x03, 0x03, 0x03, 0x03, 0x03, 0x03, 0x03, 0x03, 0x1C, 0x0C, 0x3A, 0x03, 0x03, 0x3B, 0x0C, 0x0C, 0x3C, 0x03, 0x03, 0x03, 0x03, 0x0B, 0x0C, 0x0D, 0x03, 0x03, 0x03, 0x3D, 0x0C, 0x0C, 0x3E, 0x03, 0x03, 0x03, 0x03, 0x3F, 0x0C, 0x40, _NEXT_,
     0x0B, 0x0C, 0x0D, 0x03, 0x03, 0x03, 0x03, 0x03, 0x03, 0x03, 0x03, 0x03, 0x41, 0x42, 0x43, 0x03, 0x03, 0x44, 0x45, 0x0C, 0x46, 0x03, 0x03, 0x03, 0x03, 0x0B, 0x0C, 0x0D, 0x03, 0x47, 0x48, 0x49, 0x0C, 0x4A, 0x4B, 0x03, 0x03, 0x03, 0x03, 0x4C, 0x42, 0x4D, _NEXT_,
     0x0B, 0x0C, 0x0D, 0x03, 0x03, 0x03, 0x03, 0x03, 0x03, 0x03, 0x03, 0x03, 0x03, 0x03, 0x03, 0x03, 0x03, 0x03, 0x4E, 0x0C, 0x4F, 0x03, 0x03, 0x03, 0x03, 0x0B, 0x0C, 0x0D, 0x03, 0x50, 0x51, 0x52, 0x53, 0x54, 0x03, 0x03, 0x03, 0x03, 0x03, 0x03, 0x03, 0x03, _NEXT_,
     0x0B, 0x0C, 0x0D, 0x03, 0x03, 0x03, 0x03, 0x03, 0x03, 0x03, 0x03, 0x55, 0x56, 0x56, 0x56, 0x56, 0x56, 0x56, 0x57, 0x0C, 0x58, 0x03, 0x03, 0x03, 0x03, 0x0B, 0x0C, 0x0D, 0x03, 0x03, 0x03, 0x03, 0x03, 0x03, 0x03, 0x03, 0x03, 0x03, 0x59, 0x5A, 0x56, 0x56, _NEXT_,
     0x0B, 0x0C, 0x0D, 0x03, 0x03, 0x03, 0x03, 0x03, 0x03, 0x03, 0x03, 0x5B, 0x0C, 0x0C, 0x5C, 0x5D, 0x5D, 0x5D, 0x5D, 0x5D, 0x5D, 0x5E, 0x03, 0x03, 0x03, 0x0B, 0x0C, 0x0D, 0x03, 0x03, 0x03, 0x03, 0x03, 0x03, 0x03, 0x03, 0x03, 0x03, 0x5F, 0x0C, 0x0C, 0x60, _NEXT_,
     0x0B, 0x0C, 0x0D, 0x03, 0x03, 0x03, 0x03, 0x03, 0x03, 0x03, 0x03, 0x61, 0x0C, 0x62, 0x03, 0x03, 0x03, 0x03, 0x63, 0x64, 0x64, 0x65, 0x03, 0x03, 0x03, 0x0B, 0x0C, 0x0D, 0x03, 0x03, 0x03, 0x03, 0x03, 0x03, 0x03, 0x03, 0x03, 0x03, 0x66, 0x0C, 0x67, 0x68, _NEXT_,
     0x69, 0x42, 0x6A, 0x03, 0x03, 0x03, 0x03, 0x03, 0x03, 0x03, 0x03, 0x6B, 0x0C, 0x6C, 0x03, 0x03, 0x03, 0x03, 0x6D, 0x6E, 0x0C, 0x28, 0x03, 0x03, 0x03, 0x0B, 0x0C, 0x0D, 0x03, 0x03, 0x03, 0x03, 0x03, 0x03, 0x03, 0x03, 0x03, 0x03, 0x6F, 0x0C, 0x70, 0x03, _NEXT_,
     0x03, 0x03, 0x03, 0x03, 0x03, 0x03, 0x03, 0x03, 0x03, 0x03, 0x71, 0x72, 0x0C, 0x73, 0x03, 0x03, 0x03, 0x03, 0x03, 0x74, 0x0C, 0x75, 0x03, 0x03, 0x03, 0x0B, 0x0C, 0x0D, 0x03, 0x03, 0x03, 0x03, 0x03, 0x03, 0x03, 0x03, 0x03, 0x76, 0x77, 0x0C, 0x78, 0x03, _NEXT_,
     0x79, 0x48, 0x48, 0x48, 0x48, 0x48, 0x48, 0x7A, 0x03, 0x03, 0x7B, 0x0C, 0x0C, 0x7C, 0x03, 0x03, 0x03, 0x03, 0x03, 0x7D, 0x0C, 0x7E, 0x03, 0x03, 0x03, 0x0B, 0x0C, 0x0D, 0x03, 0x03, 0x03, 0x03, 0x03, 0x03, 0x03, 0x03, 0x03, 0x7F, 0x0C, 0x0C, 0x80, 0x03, _NEXT_,
     0x81, 0x82, 0x82, 0x82, 0x82, 0x82, 0x82, 0x83, 0x03, 0x03, 0x84, 0x82, 0x82, 0x85, 0x03, 0x03, 0x03, 0x03, 0x03, 0x86, 0x82, 0x82, 0x87, 0x03, 0x03, 0x81, 0x82, 0x88, 0x03, 0x03, 0x03, 0x03, 0x03, 0x03, 0x03, 0x03, 0x03, 0x89, 0x82, 0x82, 0x8A, 0x03, _END_,
 };
 
 BYTE code tiOSD_1BIT_LOGO1[]=
 {
     
     
     ////////////////////////////////////////////Font Map index////////////////////////////////////////////
     0x00, 0x00, 0x00, 0x01, 0x02, 0x02, 0x02, 0x02, 0x02, 0x02, 0x03, 0x00, 0x00, 0x00, 0x00, 0x00, 0x00, 0x04, 0x02, 0x02, 0x02, 0x05, 0x00, 0x06, 0x02, 0x02, 0x02, 0x02, 0x02, 0x02, 0x02, 0x02, 0x02, 0x07, 0x08, 0x09, 0x02, 0x0A, 0x0B, 0x0C, 0x0D, 0x02, _NEXT_,
     0x0E, 0x0F, 0x0E, 0x10, 0x02, 0x02, 0x02, 0x02, 0x02, 0x02, 0x11, 0x0E, 0x0E, 0x0E, 0x0E, 0x0E, 0x0E, 0x12, 0x02, 0x02, 0x02, 0x13, 0x0E, 0x14, 0x02, 0x02, 0x02, 0x02, 0x02, 0x02, 0x02, 0x02, 0x15, 0x16, 0x0E, 0x17, 0x02, 0x18, 0x0E, 0x0E, 0x19, 0x1A, _NEXT_,
     0x0E, 0x1B, 0x0E, 0x0E, 0x1C, 0x02, 0x02, 0x02, 0x02, 0x02, 0x02, 0x02, 0x02, 0x02, 0x02, 0x02, 0x02, 0x02, 0x02, 0x02, 0x02, 0x13, 0x0E, 0x14, 0x02, 0x02, 0x02, 0x02, 0x02, 0x02, 0x02, 0x02, 0x1D, 0x0E, 0x1E, 0x1F, 0x02, 0x02, 0x20, 0x21, 0x0E, 0x22, _NEXT_,
     0x23, 0x24, 0x0E, 0x0E, 0x25, 0x02, 0x02, 0x02, 0x02, 0x02, 0x26, 0x27, 0x28, 0x02, 0x02, 0x02, 0x02, 0x02, 0x02, 0x02, 0x02, 0x13, 0x0E, 0x14, 0x02, 0x02, 0x02, 0x02, 0x02, 0x02, 0x02, 0x02, 0x29, 0x0E, 0x2A, 0x02, 0x02, 0x02, 0x02, 0x2B, 0x0E, 0x12, _NEXT_,
     0x2C, 0x2D, 0x0E, 0x0E, 0x2E, 0x02, 0x02, 0x02, 0x02, 0x02, 0x11, 0x0E, 0x0E, 0x02, 0x02, 0x02, 0x02, 0x02, 0x02, 0x02, 0x02, 0x13, 0x0E, 0x14, 0x02, 0x02, 0x02, 0x02, 0x02, 0x02, 0x02, 0x02, 0x29, 0x0E, 0x2A, 0x02, 0x02, 0x02, 0x02, 0x2B, 0x0E, 0x12, _NEXT_,
     0x2F, 0x02, 0x30, 0x0E, 0x31, 0x02, 0x02, 0x02, 0x02, 0x02, 0x11, 0x0E, 0x0E, 0x02, 0x02, 0x02, 0x02, 0x02, 0x02, 0x02, 0x02, 0x13, 0x0E, 0x14, 0x02, 0x02, 0x02, 0x02, 0x02, 0x02, 0x02, 0x02, 0x29, 0x0E, 0x2A, 0x02, 0x02, 0x02, 0x02, 0x2B, 0x0E, 0x12, _NEXT_,
     0x32, 0x02, 0x33, 0x0E, 0x34, 0x02, 0x02, 0x02, 0x02, 0x02, 0x11, 0x0E, 0x0E, 0x02, 0x02, 0x02, 0x02, 0x02, 0x02, 0x02, 0x02, 0x13, 0x0E, 0x14, 0x02, 0x02, 0x02, 0x02, 0x02, 0x02, 0x02, 0x02, 0x29, 0x0E, 0x2A, 0x02, 0x02, 0x02, 0x02, 0x2B, 0x0E, 0x12, _NEXT_,
     0x35, 0x02, 0x36, 0x0E, 0x0E, 0x37, 0x02, 0x02, 0x02, 0x02, 0x11, 0x0E, 0x0E, 0x38, 0x38, 0x38, 0x38, 0x39, 0x02, 0x02, 0x02, 0x13, 0x0E, 0x14, 0x02, 0x02, 0x02, 0x02, 0x02, 0x02, 0x02, 0x02, 0x29, 0x0E, 0x2A, 0x02, 0x02, 0x02, 0x02, 0x2B, 0x0E, 0x12, _NEXT_,
     0x3A, 0x02, 0x3B, 0x0E, 0x0E, 0x3C, 0x02, 0x02, 0x02, 0x02, 0x11, 0x0E, 0x0E, 0x0E, 0x0E, 0x0E, 0x0E, 0x3D, 0x02, 0x02, 0x02, 0x13, 0x0E, 0x14, 0x02, 0x02, 0x02, 0x02, 0x02, 0x02, 0x02, 0x02, 0x29, 0x0E, 0x2A, 0x02, 0x02, 0x02, 0x02, 0x2B, 0x0E, 0x12, _NEXT_,
     0x02, 0x02, 0x3E, 0x0E, 0x0E, 0x3F, 0x02, 0x02, 0x02, 0x02, 0x11, 0x0E, 0x0E, 0x40, 0x40, 0x40, 0x40, 0x3A, 0x02, 0x02, 0x02, 0x13, 0x0E, 0x14, 0x02, 0x02, 0x02, 0x02, 0x02, 0x02, 0x02, 0x02, 0x29, 0x0E, 0x2A, 0x02, 0x02, 0x02, 0x02, 0x2B, 0x0E, 0x12, _NEXT_,
     0x02, 0x02, 0x02, 0x41, 0x0E, 0x42, 0x02, 0x02, 0x02, 0x02, 0x11, 0x0E, 0x0E, 0x02, 0x02, 0x02, 0x02, 0x02, 0x02, 0x02, 0x02, 0x13, 0x0E, 0x14, 0x02, 0x02, 0x02, 0x02, 0x02, 0x02, 0x02, 0x02, 0x29, 0x0E, 0x2A, 0x02, 0x02, 0x02, 0x02, 0x2B, 0x0E, 0x12, _NEXT_,
     0x43, 0x43, 0x43, 0x44, 0x0E, 0x45, 0x02, 0x02, 0x02, 0x02, 0x11, 0x0E, 0x0E, 0x02, 0x02, 0x02, 0x02, 0x02, 0x02, 0x02, 0x02, 0x13, 0x0E, 0x14, 0x02, 0x02, 0x02, 0x02, 0x02, 0x02, 0x02, 0x02, 0x29, 0x0E, 0x2A, 0x02, 0x02, 0x02, 0x02, 0x2B, 0x0E, 0x12, _NEXT_,
     0x46, 0x46, 0x46, 0x46, 0x46, 0x46, 0x47, 0x02, 0x02, 0x02, 0x11, 0x0E, 0x0E, 0x02, 0x02, 0x02, 0x02, 0x02, 0x02, 0x02, 0x02, 0x13, 0x0E, 0x14, 0x02, 0x02, 0x02, 0x02, 0x02, 0x02, 0x02, 0x02, 0x29, 0x0E, 0x2A, 0x02, 0x02, 0x02, 0x02, 0x2B, 0x0E, 0x12, _NEXT_,
     0x02, 0x02, 0x02, 0x48, 0x49, 0x49, 0x4A, 0x02, 0x02, 0x02, 0x11, 0x0E, 0x0E, 0x02, 0x02, 0x02, 0x02, 0x02, 0x02, 0x02, 0x02, 0x13, 0x0E, 0x14, 0x02, 0x02, 0x02, 0x02, 0x02, 0x02, 0x02, 0x02, 0x29, 0x0E, 0x2A, 0x02, 0x02, 0x02, 0x02, 0x2B, 0x0E, 0x12, _NEXT_,
     0x02, 0x02, 0x02, 0x4B, 0x4C, 0x0E, 0x2E, 0x02, 0x02, 0x02, 0x4D, 0x4E, 0x4E, 0x02, 0x02, 0x02, 0x02, 0x02, 0x02, 0x02, 0x02, 0x4F, 0x4E, 0x50, 0x02, 0x02, 0x02, 0x02, 0x02, 0x02, 0x02, 0x02, 0x29, 0x0E, 0x2A, 0x02, 0x02, 0x02, 0x02, 0x2B, 0x0E, 0x12, _NEXT_,
     0x02, 0x02, 0x02, 0x02, 0x51, 0x0E, 0x52, 0x02, 0x02, 0x02, 0x02, 0x02, 0x02, 0x02, 0x02, 0x02, 0x02, 0x02, 0x02, 0x02, 0x02, 0x02, 0x02, 0x02, 0x02, 0x02, 0x02, 0x02, 0x02, 0x02, 0x02, 0x02, 0x53, 0x0E, 0x54, 0x55, 0x02, 0x02, 0x56, 0x57, 0x0E, 0x58, _NEXT_,
     0x02, 0x02, 0x02, 0x02, 0x59, 0x0E, 0x5A, 0x02, 0x02, 0x02, 0x5B, 0x5C, 0x5C, 0x5C, 0x5C, 0x5C, 0x5C, 0x5D, 0x02, 0x02, 0x02, 0x5E, 0x5C, 0x5C, 0x5C, 0x5C, 0x5C, 0x5C, 0x5F, 0x02, 0x02, 0x02, 0x60, 0x0E, 0x0E, 0x61, 0x02, 0x62, 0x63, 0x0E, 0x64, 0x65, _NEXT_,
     0x02, 0x02, 0x02, 0x02, 0x66, 0x67, 0x67, 0x68, 0x02, 0x02, 0x69, 0x67, 0x67, 0x67, 0x67, 0x67, 0x67, 0x6A, 0x02, 0x02, 0x02, 0x6B, 0x67, 0x67, 0x67, 0x67, 0x67, 0x67, 0x6C, 0x02, 0x02, 0x02, 0x02, 0x6D, 0x6E, 0x6F, 0x02, 0x70, 0x71, 0x72, 0x73, 0x02, _END_,
 
 };
#elif(_LOGO_TYPE == _LOGO_GUANJIE)
 
 
 BYTE code tiOSD_1BIT_LOGO0[]={
 0x00,0x00,0x00,0x00,0x00,0x00,0x00,0x00,0x00,0x00,0x00,0x00,0x00,0x00,0x00,0x00,0x00,0x00,0x00,0x00,0x00,0x00,0x00,0x00,0x00, _NEXT_,
 0x00,0x00,0x00,0x00,0x00,0x00,0x00,0x00,0x00,0x00,0x00,0x00,0x01,0x02,0x03,0x03,0x03,0x03,0x03,0x03,0x03,0x03,0x03,0x03,0x03, _NEXT_,
 0x00,0x00,0x00,0x00,0x00,0x00,0x00,0x00,0x00,0x00,0x00,0x00,0x04,0x05,0x06,0x07,0x07,0x07,0x07,0x07,0x07,0x07,0x07,0x07,0x08, _NEXT_,
 0x00,0x00,0x00,0x00,0x00,0x00,0x00,0x00,0x00,0x00,0x00,0x00,0x04,0x05,0x09,0x0A,0x00,0x00,0x00,0x00,0x00,0x00,0x00,0x0B,0x0C, _NEXT_,
 0x00,0x00,0x00,0x00,0x00,0x00,0x00,0x00,0x00,0x00,0x00,0x00,0x04,0x05,0x0D,0x0E,0x0E,0x0F,0x10,0x11,0x12,0x13,0x14,0x15,0x16, _NEXT_,
 0x00,0x00,0x00,0x00,0x00,0x00,0x00,0x00,0x00,0x00,0x00,0x00,0x04,0x05,0x17,0x18,0x19,0x1A,0x1B,0x18,0x1C,0x18,0x1D,0x1E,0x1F, _NEXT_,
 0x00,0x00,0x00,0x00,0x00,0x00,0x00,0x00,0x00,0x00,0x00,0x00,0x04,0x05,0x20,0x00,0x21,0x1A,0x22,0x00,0x23,0x00,0x24,0x25,0x26, _NEXT_,
 0x00,0x00,0x00,0x00,0x00,0x00,0x00,0x00,0x00,0x00,0x00,0x00,0x04,0x05,0x20,0x00,0x21,0x1A,0x22,0x00,0x27,0x28,0x29,0x25,0x2A, _NEXT_,
 0x00,0x00,0x00,0x00,0x00,0x00,0x00,0x00,0x00,0x00,0x00,0x00,0x04,0x05,0x20,0x00,0x21,0x1A,0x2B,0x2C,0x2D,0x07,0x07,0x2E,0x2F, _NEXT_,
 0x00,0x00,0x00,0x00,0x00,0x00,0x00,0x00,0x00,0x00,0x00,0x00,0x04,0x05,0x20,0x00,0x21,0x1A,0x00,0x00,0x00,0x30,0x00,0x00,0x00, _NEXT_,
 0x00,0x00,0x00,0x00,0x00,0x00,0x00,0x00,0x00,0x00,0x00,0x00,0x04,0x05,0x20,0x00,0x21,0x1A,0x31,0x32,0x32,0x33,0x32,0x32,0x34, _NEXT_,
 0x00,0x00,0x00,0x00,0x00,0x00,0x00,0x00,0x00,0x00,0x00,0x00,0x04,0x05,0x35,0x36,0x37,0x38,0x39,0x3A,0x3A,0x3B,0x3A,0x3A,0x3C, _NEXT_,
 0x00,0x00,0x00,0x00,0x00,0x00,0x00,0x00,0x00,0x00,0x00,0x00,0x04,0x05,0x20,0x00,0x21,0x1A,0x3D,0x3E,0x3E,0x3F,0x3E,0x3E,0x40, _NEXT_,
 0x00,0x00,0x00,0x00,0x00,0x00,0x00,0x00,0x00,0x00,0x00,0x00,0x04,0x05,0x20,0x00,0x21,0x1A,0x41,0x42,0x42,0x43,0x42,0x42,0x44, _NEXT_,
 0x00,0x00,0x00,0x00,0x00,0x00,0x00,0x00,0x00,0x00,0x00,0x00,0x04,0x05,0x20,0x45,0x46,0x47,0x45,0x45,0x45,0x48,0x45,0x45,0x49, _NEXT_,
 0x00,0x00,0x00,0x00,0x00,0x00,0x00,0x00,0x00,0x00,0x00,0x00,0x04,0x05,0x20,0x00,0x4A,0x4B,0x4C,0x4C,0x4C,0x4D,0x4C,0x4C,0x4C, _NEXT_,
 0x00,0x00,0x00,0x00,0x00,0x00,0x00,0x00,0x00,0x00,0x00,0x00,0x04,0x4E,0x4F,0x50,0x50,0x50,0x50,0x50,0x50,0x50,0x50,0x50,0x50, _NEXT_,
 0x00,0x00,0x00,0x00,0x00,0x00,0x00,0x00,0x00,0x00,0x00,0x00,0x51,0x52,0x52,0x52,0x52,0x52,0x52,0x52,0x52,0x52,0x52,0x52,0x52, _NEXT_,
 0x00,0x00,0x53,0x13,0x13,0x13,0x13,0x13,0x13,0x54,0x00,0x00,0x55,0x56,0x00,0x00,0x57,0x58,0x00,0x00,0x00,0x59,0x13,0x13,0x13, _NEXT_,
 0x00,0x00,0x5A,0x5B,0x5C,0x5C,0x5C,0x5C,0x5D,0x5E,0x00,0x5F,0x60,0x61,0x62,0x63,0x64,0x65,0x63,0x66,0x00,0x24,0x67,0x68,0x68, _NEXT_,
 0x00,0x00,0x69,0x6A,0x6A,0x6B,0x6C,0x6D,0x6E,0x6F,0x00,0x70,0x71,0x72,0x73,0x74,0x64,0x75,0x64,0x76,0x00,0x24,0x77,0x78,0x78, _NEXT_,
 0x00,0x00,0x79,0x7A,0x7B,0x7C,0x7D,0x7E,0x7F,0x80,0x00,0x81,0x82,0x83,0x84,0x78,0x64,0x85,0x86,0x87,0x00,0x88,0x64,0x89,0x8A, _NEXT_,
 0x00,0x00,0x8B,0x8C,0x8D,0x8E,0x8F,0x90,0x91,0x92,0x00,0x93,0x94,0x95,0x96,0x97,0x64,0x98,0x99,0x9A,0x00,0x9B,0x9C,0x9D,0x9E, _NEXT_,
 0x00,0x00,0x9F,0xA0,0xA1,0xA2,0xA3,0xA3,0xA3,0xA4,0x00,0x00,0xA5,0xA6,0xA7,0xA8,0xA9,0xAA,0xA3,0xAB,0x00,0xAC,0xAD,0xAE,0xAF, _NEXT_,
 0x00,0x00,0xB0,0xB1,0xB2,0x00,0xB3,0xB4,0xB5,0x00,0xB6,0x00,0xB7,0xB8,0xB9,0xBA,0xBB,0xBC,0xBD,0xBE,0xB4,0xBF,0xC0,0xC1,0xC2, _NEXT_,
 0x00,0x00,0xC3,0xC4,0xC5,0x00,0xC6,0xC7,0xC8,0xC9,0xCA,0xCB,0x00,0xCC,0xCD,0x1A,0xCE,0x1A,0xCE,0x20,0x00,0xCF,0xD0,0x00,0xD1, _NEXT_,
 0x00,0x00,0x00,0xD2,0xD3,0x00,0xD4,0xD5,0x00,0xD6,0xD7,0xD8,0xD9,0xDA,0xDB,0xDC,0xDD,0xDC,0xDE,0xDF,0xE0,0xE1,0xE2,0x00,0xE3, _END_,};
 
 
 BYTE code tiOSD_1BIT_LOGO1[]={
 0x00,0x00,0x00,0x00,0x00,0x00,0x00,0x00,0x00,0x00,0x00,0x00,0x00,0x00,0x00,0x00,0x00,0x00,0x00,0x00,0x00,0x00,0x00,0x00,0x00, _NEXT_,
 0x01,0x01,0x01,0x01,0x01,0x01,0x01,0x01,0x01,0x01,0x01,0x02,0x00,0x00,0x00,0x00,0x00,0x00,0x00,0x00,0x00,0x00,0x00,0x00,0x00, _NEXT_,
 0x03,0x03,0x03,0x03,0x03,0x03,0x03,0x03,0x03,0x04,0x05,0x06,0x00,0x00,0x00,0x00,0x00,0x00,0x00,0x00,0x00,0x00,0x00,0x00,0x00, _NEXT_,
 0x07,0x08,0x08,0x08,0x08,0x08,0x09,0x00,0x00,0x0A,0x0B,0x06,0x00,0x00,0x00,0x00,0x00,0x00,0x00,0x00,0x00,0x00,0x00,0x00,0x00, _NEXT_,
 0x0C,0x0D,0x0D,0x0D,0x0D,0x0E,0x0F,0x0D,0x0D,0x10,0x0B,0x06,0x00,0x00,0x00,0x00,0x00,0x00,0x00,0x00,0x00,0x00,0x00,0x00,0x00, _NEXT_,
 0x11,0x12,0x13,0x14,0x15,0x16,0x17,0x18,0x19,0x1A,0x0B,0x06,0x00,0x00,0x00,0x00,0x00,0x00,0x00,0x00,0x00,0x00,0x00,0x00,0x00, _NEXT_,
 0x1B,0x1C,0x1D,0x1E,0x1F,0x20,0x21,0x22,0x23,0x24,0x0B,0x06,0x00,0x00,0x00,0x00,0x00,0x00,0x00,0x00,0x00,0x00,0x00,0x00,0x00, _NEXT_,
 0x25,0x26,0x27,0x28,0x29,0x2A,0x2B,0x2B,0x2B,0x2C,0x0B,0x06,0x00,0x00,0x00,0x00,0x00,0x00,0x00,0x00,0x00,0x00,0x00,0x00,0x00, _NEXT_,
 0x2D,0x2E,0x2F,0x2F,0x2F,0x2F,0x2F,0x2F,0x2F,0x30,0x0B,0x06,0x00,0x00,0x00,0x00,0x00,0x00,0x00,0x00,0x00,0x00,0x00,0x00,0x00, _NEXT_,
 0x31,0x32,0x32,0x32,0x33,0x32,0x32,0x32,0x32,0x34,0x0B,0x06,0x00,0x00,0x00,0x00,0x00,0x00,0x00,0x00,0x00,0x00,0x00,0x00,0x00, _NEXT_,
 0x35,0x35,0x36,0x37,0x38,0x35,0x39,0x3A,0x3B,0x3C,0x0B,0x06,0x00,0x00,0x00,0x00,0x00,0x00,0x00,0x00,0x00,0x00,0x00,0x00,0x00, _NEXT_,
 0x00,0x3D,0x3E,0x3F,0x40,0x40,0x41,0x42,0x43,0x0A,0x0B,0x06,0x00,0x00,0x00,0x00,0x00,0x00,0x00,0x00,0x00,0x00,0x00,0x00,0x00, _NEXT_,
 0x44,0x44,0x45,0x46,0x47,0x48,0x49,0x4A,0x4B,0x0A,0x0B,0x06,0x00,0x00,0x00,0x00,0x00,0x00,0x00,0x00,0x00,0x00,0x00,0x00,0x00, _NEXT_,
 0x00,0x00,0x4C,0x00,0x4D,0x4E,0x4F,0x50,0x00,0x0A,0x0B,0x06,0x00,0x00,0x00,0x00,0x00,0x00,0x00,0x00,0x00,0x00,0x00,0x00,0x00, _NEXT_,
 0x00,0x00,0x4C,0x51,0x52,0x53,0x00,0x50,0x00,0x0A,0x0B,0x06,0x00,0x00,0x00,0x00,0x00,0x00,0x00,0x00,0x00,0x00,0x00,0x00,0x00, _NEXT_,
 0x54,0x55,0x56,0x57,0x58,0x59,0x5A,0x5B,0x54,0x5C,0x0B,0x06,0x00,0x00,0x00,0x00,0x00,0x00,0x00,0x00,0x00,0x00,0x00,0x00,0x00, _NEXT_,
 0x5D,0x5D,0x5D,0x5D,0x5D,0x5D,0x5D,0x5D,0x5D,0x5D,0x5E,0x06,0x00,0x00,0x00,0x00,0x00,0x00,0x00,0x00,0x00,0x00,0x00,0x00,0x00, _NEXT_,
 0x5F,0x5F,0x5F,0x5F,0x5F,0x5F,0x5F,0x5F,0x5F,0x5F,0x5F,0x60,0x00,0x00,0x00,0x00,0x00,0x00,0x00,0x00,0x00,0x00,0x00,0x00,0x00, _NEXT_,
 
 0x40,0x40,0x40,0x61,0x00,0x00,0x62,0x63,0x64,0x00,0x65,0x2B,0x66,0x00,0x00,0x67,0x68,0x69,0x40,0x6A,0x6B,0x6C,0x00,0x00,0x00, _NEXT_,
 0x6D,0x6D,0x6E,0x6F,0x00,0x70,0x71,0x72,0x73,0x74,0x75,0x76,0x77,0x78,0x00,0x79,0x7A,0x7B,0x7C,0x7D,0x7E,0x06,0x7F,0x00,0x00, _NEXT_,
 0x80,0x80,0x81,0x82,0x00,0x83,0x84,0x85,0x85,0x86,0x87,0x85,0x85,0x88,0x00,0x89,0x86,0x8A,0x8B,0x8C,0x8D,0x06,0x8E,0x00,0x00, _NEXT_,
 0x8F,0x8F,0x8F,0x90,0x00,0x91,0x92,0x92,0x92,0x86,0x93,0x92,0x92,0x94,0x00,0x95,0x86,0x96,0x97,0x98,0x99,0x06,0x9A,0x00,0x00, _NEXT_,
 0x9B,0x9C,0x9D,0x9E,0x00,0x9F,0xA0,0xA1,0xA2,0xA3,0xA4,0xA5,0xA0,0xA6,0x00,0x95,0x86,0xA7,0xA8,0xA9,0xAA,0xAB,0xAC,0x00,0x00, _NEXT_,
 0xAD,0xAE,0xAF,0xB0,0x00,0xB1,0xB2,0xB3,0xB4,0xB5,0xB6,0xB7,0xB8,0xB9,0x00,0xBA,0xBB,0xBC,0xBD,0xBE,0xBE,0xBE,0xBE,0x00,0x00, _NEXT_,
 0xBF,0xC0,0xC1,0x00,0xC2,0x00,0xC3,0xC4,0xC5,0xC6,0x00,0xC7,0xC8,0xC9,0xCA,0xCB,0xCC,0xCD,0xCE,0xCF,0xD0,0xD1,0xD2,0x00,0x00, _NEXT_,
 0xD3,0x00,0xD4,0x00,0xD5,0xD6,0xD7,0x00,0xD8,0xD9,0xDA,0xDB,0xDC,0xDD,0xDE,0xDF,0x00,0xE0,0xE1,0x00,0xE2,0xE3,0xE4,0x00,0x00, _NEXT_,
 0xE5,0xE6,0xE7,0xE6,0xE8,0xE9,0xEA,0xEB,0xEC,0xED,0xEE,0xEF,0xF0,0xF1,0xF2,0xE7,0x00,0xF3,0xF4,0x00,0xF5,0xE5,0xF6,0x00,0x00, _END_,};
 
#elif(_LOGO_TYPE == _LOGO_GJMXJ)
 
 
 BYTE code tiOSD_1BIT_LOGO0[]={
 
  
  ////////////////////////////////////////////Font Map index////////////////////////////////////////////
  0x00, 0x00, 0x00, 0x00, 0x00, 0x00, 0x00, 0x00, 0x00, 0x00, 0x00, 0x00, 0x00, 0x00, 0x01, 0x00, 0x00, 0x00, 0x00, 0x02, 0x00, 0x00, 0x00, 0x00, 0x00, 0x00, 0x03, 0x04, 0x00, 0x00,   _NEXT_,
  0x00, 0x05, 0x06, 0x07, 0x08, 0x08, 0x08, 0x08, 0x09, 0x0A, 0x0B, 0x00, 0x00, 0x0C, 0x0D, 0x0E, 0x0F, 0x10, 0x11, 0x12, 0x13, 0x10, 0x14, 0x00, 0x00, 0x15, 0x16, 0x17, 0x18, 0x19,   _NEXT_,
  0x00, 0x1A, 0x08, 0x08, 0x08, 0x1B, 0x1C, 0x1D, 0x1E, 0x1F, 0x20, 0x00, 0x21, 0x22, 0x23, 0x24, 0x25, 0x26, 0x27, 0x28, 0x29, 0x2A, 0x2B, 0x00, 0x00, 0x2C, 0x2D, 0x2E, 0x2F, 0x30,   _NEXT_,
  0x00, 0x31, 0x32, 0x33, 0x34, 0x35, 0x36, 0x37, 0x38, 0x39, 0x3A, 0x00, 0x00, 0x03, 0x3B, 0x3C, 0x3D, 0x3E, 0x3F, 0x40, 0x3E, 0x41, 0x42, 0x43, 0x44, 0x45, 0x46, 0x47, 0x48, 0x49,   _NEXT_,
  0x00, 0x00, 0x4A, 0x4B, 0x4C, 0x00, 0x4D, 0x4E, 0x00, 0x4F, 0x00, 0x00, 0x50, 0x51, 0x52, 0x53, 0x54, 0x55, 0x56, 0x57, 0x58, 0x59, 0x5A, 0x00, 0x00, 0x5B, 0x5C, 0x5D, 0x5E, 0x5F,   _NEXT_,
  0x00, 0x00, 0x60, 0x00, 0x61, 0x00, 0x62, 0x63, 0x64, 0x4F, 0x65, 0x00, 0x00, 0x00, 0x66, 0x00, 0x67, 0x68, 0x69, 0x6A, 0x6B, 0x6C, 0x6D, 0x00, 0x6E, 0x6F, 0x70, 0x71, 0x72, 0x73,   _NEXT_,
  0x74, 0x75, 0x76, 0x00, 0x77, 0x78, 0x79, 0x7A, 0x7B, 0x7C, 0x7D, 0x00, 0x7E, 0x7F, 0x80, 0x81, 0x82, 0x83, 0x84, 0x85, 0x86, 0x87, 0x88, 0x00, 0x89, 0x8A, 0x8B, 0x8C, 0x8D, 0x8E,   _NEXT_,
  0x8F, 0x90, 0x91, 0x00, 0x92, 0x00, 0x93, 0x00, 0x94, 0x95, 0x00, 0x96, 0x97, 0x00, 0x98, 0x00, 0x99, 0x9A, 0x00, 0x9B, 0x9C, 0x9D, 0x9E, 0x00, 0x9F, 0xA0, 0xA1, 0xA2, 0xA3, 0xA4,   _NEXT_,
  0xA5, 0xA6, 0xA7, 0x00, 0xA8, 0x00, 0xA9, 0x00, 0xAA, 0xAB, 0xAC, 0xAD, 0xAE, 0xAF, 0xB0, 0x00, 0xB1, 0xB2, 0x00, 0xB3, 0xB4, 0x9D, 0xB5, 0xB6, 0xB7, 0xB8, 0xB9, 0xBA, 0xBB, 0xBC,   _NEXT_,
  0xBD, 0xBE, 0xBF, 0x00, 0xC0, 0xC1, 0xC2, 0xC3, 0xC4, 0x00, 0xC5, 0xC6, 0x00, 0xC7, 0xC8, 0xC9, 0xCA, 0xCB, 0x00, 0xCC, 0xCD, 0x00, 0xCE, 0xCF, 0xD0, 0xD1, 0xD2, 0xD3, 0xD4, 0xD5,   _END_,};
 
 
 BYTE code tiOSD_1BIT_LOGO1[]={
 
  ////////////////////////////////////////////Font Map index////////////////////////////////////////////
  0x00, 0x00, 0x01, 0x00, 0x00, 0x00, 0x00, 0x00, 0x00, 0x02, 0x00, 0x00, 0x00, 0x00, 0x00, 0x00, 0x00, 0x00, 0x00, 0x00, 0x00, 0x00, 0x00, 0x03, 0x00, 0x00, 0x00, 0x00, 0x00, 0x00,  _NEXT_,
  0x04, 0x05, 0x06, 0x07, 0x08, 0x00, 0x00, 0x09, 0x0A, 0x0B, 0x0C, 0x0D, 0x0E, 0x0F, 0x10, 0x11, 0x12, 0x00, 0x00, 0x13, 0x14, 0x15, 0x16, 0x17, 0x18, 0x19, 0x1A, 0x1B, 0x1C, 0x00, _NEXT_, 
  0x1D, 0x1E, 0x1F, 0x20, 0x21, 0x00, 0x00, 0x22, 0x23, 0x24, 0x25, 0x26, 0x27, 0x28, 0x29, 0x2A, 0x2B, 0x00, 0x00, 0x2C, 0x2D, 0x2E, 0x2F, 0x30, 0x31, 0x32, 0x2E, 0x33, 0x34, 0x00, _NEXT_, 
  0x35, 0x36, 0x37, 0x38, 0x39, 0x3A, 0x3B, 0x3C, 0x3D, 0x3E, 0x3F, 0x40, 0x41, 0x42, 0x43, 0x44, 0x45, 0x00, 0x00, 0x46, 0x47, 0x48, 0x49, 0x4A, 0x4B, 0x4C, 0x4D, 0x4E, 0x4F, 0x00, _NEXT_, 
  0x50, 0x51, 0x52, 0x53, 0x54, 0x00, 0x55, 0x56, 0x57, 0x58, 0x59, 0x5A, 0x5B, 0x5C, 0x10, 0x5D, 0x5E, 0x00, 0x00, 0x5F, 0x60, 0x61, 0x62, 0x63, 0x64, 0x65, 0x66, 0x67, 0x00, 0x00,  _NEXT_,
  0x68, 0x69, 0x6A, 0x6B, 0x00, 0x00, 0x00, 0x6C, 0x6D, 0x6E, 0x6F, 0x00, 0x70, 0x71, 0x72, 0x73, 0x74, 0x00, 0x00, 0x75, 0x76, 0x77, 0x78, 0x79, 0x7A, 0x7B, 0x7C, 0x7D, 0x7E, 0x00, _NEXT_, 
  0x7F, 0x80, 0x00, 0x00, 0x00, 0x00, 0x81, 0x82, 0x83, 0x84, 0x85, 0x86, 0x87, 0x88, 0x89, 0x8A, 0x8B, 0x8C, 0x00, 0x8D, 0x8E, 0x8F, 0x90, 0x91, 0x92, 0x93, 0x00, 0x94, 0x95, 0x00,  _NEXT_,
  0x96, 0x00, 0x97, 0x98, 0x99, 0x9A, 0x9B, 0x9C, 0x9D, 0x00, 0x9E, 0x00, 0x9F, 0xA0, 0x00, 0xA1, 0xA2, 0xA3, 0x00, 0xA4, 0xA5, 0xA6, 0x00, 0xA7, 0xA8, 0xA9, 0x00, 0xAA, 0xAB, 0x00,  _NEXT_,
  0xAC, 0xAD, 0xAE, 0xAF, 0xB0, 0xB1, 0x00, 0xB2, 0xB3, 0x00, 0xB4, 0x00, 0xB5, 0xB6, 0xB7, 0xB8, 0xB9, 0xBA, 0x00, 0xBB, 0xBC, 0xBD, 0x00, 0xBE, 0x6E, 0x00, 0xBF, 0xC0, 0xC1, 0x00,  _NEXT_,
  0xC2, 0xC3, 0xC4, 0xC5, 0xC6, 0xC7, 0xC8, 0xC9, 0xCA, 0xCB, 0xCC, 0xCD, 0xCE, 0x94, 0xCF, 0xD0, 0x00, 0xD1, 0x00, 0xD2, 0xD3, 0xD4, 0xD5, 0xD6, 0xD7, 0x00, 0xD8, 0x00, 0xD9, 0x00,  _END_,};
 
 
#elif(_LOGO_TYPE == _LOGO_CERBERUS)
 
 BYTE code tiOSD_1BIT_LOGO0[]={
 
  ////////////////////////////////////////////Font Map index////////////////////////////////////////////
  0x00, 0x01, 0x02, 0x02, 0x02, 0x03, 0x04, 0x05, 0x06, 0x02, 0x02, 0x02, 0x07, 0x08, 0x09, 0x0A, 0x02, 0x02, 0x02, 0x0B, 0x0C, 0x0D, 0x02, 0x02, 0x02, 0x02, 0x0E, 0x0F, 0x10, 0x02, 0x02, 0x02, 0x02, 0x11, 0x12, 0x13, 0x02, 0x02, 0x02, 0x02, 0x14, 0x15, 0x16, 0x17, 0x18, 0x19, 0x1A, 0x1B, 0x1C, 0x1D, 0x02, 0x02, 0x02, 0x1E, 0x1F, 0x19,_NEXT_, 
  0x19, 0x20, 0x21, 0x22, 0x23, 0x23, 0x23, 0x24, 0x25, 0x21, 0x26, 0x23, 0x23, 0x23, 0x27, 0x28, 0x21, 0x29, 0x23, 0x2A, 0x21, 0x2B, 0x2C, 0x2D, 0x23, 0x2E, 0x21, 0x2F, 0x30, 0x21, 0x31, 0x23, 0x23, 0x23, 0x32, 0x33, 0x21, 0x34, 0x23, 0x35, 0x21, 0x36, 0x37, 0x21, 0x38, 0x19, 0x39, 0x21, 0x3A, 0x3B, 0x3C, 0x3D, 0x23, 0x23, 0x3E, 0x19,_NEXT_, 
  0x19, 0x3F, 0x21, 0x40, 0x19, 0x19, 0x19, 0x19, 0x41, 0x21, 0x42, 0x43, 0x44, 0x19, 0x45, 0x46, 0x21, 0x02, 0x02, 0x47, 0x48, 0x49, 0x21, 0x4A, 0x02, 0x4B, 0x21, 0x4C, 0x4D, 0x21, 0x4E, 0x4F, 0x50, 0x51, 0x19, 0x52, 0x21, 0x53, 0x02, 0x54, 0x55, 0x56, 0x57, 0x21, 0x58, 0x19, 0x59, 0x21, 0x5A, 0x5B, 0x5C, 0x5D, 0x02, 0x5E, 0x5F, 0x19, _NEXT_,
  0x19, 0x60, 0x21, 0x61, 0x19, 0x19, 0x19, 0x19, 0x62, 0x21, 0x63, 0x64, 0x19, 0x19, 0x65, 0x21, 0x66, 0x67, 0x68, 0x21, 0x69, 0x6A, 0x21, 0x6B, 0x6C, 0x6D, 0x21, 0x6E, 0x6F, 0x21, 0x70, 0x71, 0x19, 0x19, 0x19, 0x60, 0x21, 0x72, 0x73, 0x74, 0x21, 0x75, 0x76, 0x77, 0x78, 0x19, 0x79, 0x21, 0x7A, 0x19, 0x7B, 0x6C, 0x7C, 0x21, 0x7D, 0x19,_NEXT_, 
  0x19, 0x7E, 0x21, 0x7F, 0x02, 0x80, 0x81, 0x82, 0x21, 0x21, 0x02, 0x02, 0x83, 0x84, 0x85, 0x21, 0x86, 0x19, 0x87, 0x88, 0x89, 0x20, 0x21, 0x4E, 0x02, 0x8A, 0x8B, 0x8C, 0x8D, 0x21, 0x8E, 0x02, 0x8F, 0x90, 0x51, 0x91, 0x21, 0x92, 0x19, 0x93, 0x94, 0x95, 0x96, 0x97, 0x02, 0x98, 0x99, 0x9A, 0x9B, 0x9C, 0x9D, 0x02, 0x9E, 0x9F, 0xA0, 0x19, _NEXT_,
  0x19, 0xA1, 0x6C, 0x6C, 0x6C, 0xA2, 0x19, 0xA3, 0x6C, 0x6C, 0x6C, 0x6C, 0xA4, 0x19, 0xA5, 0x6C, 0xA6, 0x19, 0xA7, 0x19, 0x19, 0xA8, 0x6C, 0x6C, 0x6C, 0xA9, 0x19, 0x19, 0xAA, 0x6C, 0x6C, 0x6C, 0xA6, 0x19, 0x19, 0xA1, 0x6C, 0x19, 0x19, 0xAB, 0x19, 0x19, 0x19, 0xA8, 0x6C, 0x6C, 0xA4, 0x19, 0xA5, 0x6C, 0x6C, 0x6C, 0xAC, 0x19, 0x19, 0x19,  _END_,
  };
 
#elif(_LOGO_TYPE == _LOGO_ANMTE)
BYTE code tiOSD_1BIT_LOGO0[]={
   
  0x00,0x00,0x00,0x00,0x00,0x00,0x00,0x00,0x00,0x00,0x00,0x00,0x00,0x00,0x00,0x00,0x00,0x00,0x00,0x00,0x00,0x00,0x01,0x02,0x00,0x00,0x00,0x00,0x00,0x00,0x00,0x00,0x00,0x00,0x00, _NEXT_,
0x00,0x00,0x00,0x03,0x04,0x05,0x06,0x07,0x00,0x08,0x09,0x0A,0x00,0x00,0x0B,0x0C,0x0D,0x0E,0x0F,0x00,0x00,0x10,0x0E,0x11,0x12,0x13,0x0E,0x14,0x15,0x16,0x17,0x18,0x19,0x19,0x1A, _NEXT_,
0x00,0x00,0x1B,0x1C,0x1D,0x1E,0x1F,0x20,0x00,0x21,0x22,0x23,0x24,0x00,0x25,0x26,0x27,0x28,0x29,0x00,0x2A,0x2B,0x1F,0x2C,0x00,0x2D,0x1F,0x2E,0x00,0x2F,0x1F,0x30,0x31,0x31,0x32, _NEXT_,
0x00,0x33,0x34,0x35,0x36,0x37,0x38,0x39,0x3A,0x3B,0x3C,0x3D,0x3E,0x3F,0x1F,0x40,0x41,0x42,0x43,0x44,0x45,0x46,0x1F,0x47,0x00,0x48,0x49,0x4A,0x00,0x4B,0x4C,0x4D,0x4E,0x4E,0x4F, _NEXT_,
0x50,0x51,0x52,0x53,0x1F,0x54,0x55,0x1F,0x56,0x1F,0x57,0x00,0x58,0x59,0x1F,0x5A,0x5B,0x5C,0x5D,0x5E,0x5F,0x60,0x61,0x62,0x00,0x63,0x64,0x00,0x00,0x65,0x66,0x67,0x67,0x67,0x68, _NEXT_,
0x69,0x6A,0x6B,0x6C,0x6C,0x6D,0x6E,0x6F,0x70,0x71,0x72,0x00,0x00,0x73,0x74,0x75,0x76,0x00,0x77,0x78,0x79,0x6C,0x7A,0x00,0x00,0x7B,0x7C,0x00,0x00,0x7D,0x6C,0x6C,0x6C,0x7E,0x7F, _END_,};
  

#elif(_LOGO_TYPE == _LOGO_NCT)
BYTE code tiOSD_1BIT_LOGO0[]={
////////////////////////////////////////////Font Map index////////////////////////////////////////////
0x00, 0x01, 0x01, 0x01, 0x01, 0x01, 0x01, 0x01, 0x01, 0x02, 0x03, 0x03, 0x03, 0x03, 0x03, 0x03, 0x03, 0x03, 0x03, 0x03, 0x04, 0x01, 0x01, 0x01, 0x01, 0x01, 0x01, 0x01, 0x05, 0x03, 0x06, 0x01, 0x01, 0x01, 0x01, 0x01, 0x01, 0x01, 0x07, 0x03, 0x03, 0x03, 0x03, 0x03, 0x03, 0x03, 0x08, 0x01, 0x01, 0x01, 0x01, 0x01, 0x01, 0x01, 0x09, _NEXT_,
0x0A, 0x0B, 0x0B, 0x0B, 0x0B, 0x0B, 0x0B, 0x0B, 0x0B, 0x0C, 0x0D, 0x03, 0x03, 0x03, 0x03, 0x03, 0x03, 0x03, 0x0E, 0x0F, 0x0B, 0x0B, 0x0B, 0x0B, 0x0B, 0x0B, 0x0B, 0x10, 0x11, 0x12, 0x13, 0x0B, 0x0B, 0x0B, 0x0B, 0x0B, 0x0B, 0x0B, 0x14, 0x03, 0x03, 0x03, 0x03, 0x03, 0x03, 0x03, 0x15, 0x0B, 0x0B, 0x0B, 0x0B, 0x0B, 0x0B, 0x0B, 0x16, _NEXT_,
0x0A, 0x0B, 0x0B, 0x0B, 0x0B, 0x0B, 0x0B, 0x0B, 0x0B, 0x0B, 0x17, 0x18, 0x03, 0x03, 0x03, 0x03, 0x03, 0x19, 0x1A, 0x0B, 0x0B, 0x0B, 0x0B, 0x0B, 0x0B, 0x0B, 0x10, 0x1B, 0x1C, 0x1D, 0x0B, 0x0B, 0x0B, 0x0B, 0x0B, 0x0B, 0x0B, 0x1E, 0x03, 0x03, 0x03, 0x03, 0x03, 0x03, 0x03, 0x03, 0x15, 0x0B, 0x0B, 0x0B, 0x0B, 0x0B, 0x0B, 0x0B, 0x16, _NEXT_,
0x0A, 0x0B, 0x0B, 0x0B, 0x0B, 0x0B, 0x0B, 0x0B, 0x0B, 0x0B, 0x0B, 0x1F, 0x20, 0x03, 0x03, 0x03, 0x21, 0x22, 0x0B, 0x0B, 0x0B, 0x0B, 0x0B, 0x0B, 0x0B, 0x10, 0x1B, 0x23, 0x24, 0x0B, 0x0B, 0x0B, 0x0B, 0x0B, 0x0B, 0x0B, 0x25, 0x26, 0x03, 0x03, 0x03, 0x03, 0x03, 0x03, 0x03, 0x03, 0x15, 0x0B, 0x0B, 0x0B, 0x0B, 0x0B, 0x0B, 0x0B, 0x16, _NEXT_,
0x0A, 0x0B, 0x0B, 0x0B, 0x0B, 0x0B, 0x0B, 0x0B, 0x0B, 0x0B, 0x0B, 0x0B, 0x27, 0x28, 0x03, 0x29, 0x2A, 0x0B, 0x0B, 0x0B, 0x0B, 0x0B, 0x0B, 0x0B, 0x2B, 0x2C, 0x2D, 0x2E, 0x0B, 0x0B, 0x0B, 0x0B, 0x0B, 0x0B, 0x0B, 0x2F, 0x26, 0x03, 0x03, 0x03, 0x03, 0x03, 0x03, 0x03, 0x03, 0x03, 0x15, 0x0B, 0x0B, 0x0B, 0x0B, 0x0B, 0x0B, 0x0B, 0x16, _NEXT_,
0x0A, 0x0B, 0x0B, 0x0B, 0x0B, 0x0B, 0x0B, 0x0B, 0x0B, 0x0B, 0x0B, 0x0B, 0x0B, 0x0B, 0x30, 0x31, 0x0B, 0x0B, 0x0B, 0x0B, 0x0B, 0x0B, 0x0B, 0x32, 0x11, 0x33, 0x34, 0x0B, 0x0B, 0x0B, 0x0B, 0x0B, 0x0B, 0x0B, 0x35, 0x26, 0x03, 0x03, 0x03, 0x03, 0x03, 0x03, 0x03, 0x03, 0x03, 0x03, 0x15, 0x0B, 0x0B, 0x0B, 0x0B, 0x0B, 0x0B, 0x0B, 0x16, _NEXT_,
0x0A, 0x0B, 0x0B, 0x0B, 0x0B, 0x0B, 0x0B, 0x0B, 0x0B, 0x0B, 0x0B, 0x0B, 0x0B, 0x0B, 0x0B, 0x0B, 0x0B, 0x0B, 0x0B, 0x0B, 0x0B, 0x0B, 0x36, 0x37, 0x38, 0x39, 0x0B, 0x0B, 0x0B, 0x0B, 0x0B, 0x0B, 0x0B, 0x3A, 0x03, 0x3B, 0x3C, 0x3C, 0x3C, 0x3C, 0x3C, 0x3C, 0x3C, 0x3C, 0x3C, 0x3C, 0x3D, 0x0B, 0x0B, 0x0B, 0x0B, 0x0B, 0x0B, 0x0B, 0x16, _NEXT_,
0x0A, 0x0B, 0x0B, 0x0B, 0x0B, 0x0B, 0x0B, 0x0B, 0x0B, 0x0B, 0x0B, 0x0B, 0x0B, 0x0B, 0x0B, 0x0B, 0x0B, 0x0B, 0x0B, 0x0B, 0x0B, 0x3E, 0x3F, 0x40, 0x39, 0x0B, 0x0B, 0x0B, 0x0B, 0x0B, 0x0B, 0x0B, 0x3A, 0x03, 0x41, 0x0B, 0x0B, 0x0B, 0x0B, 0x0B, 0x0B, 0x0B, 0x0B, 0x0B, 0x0B, 0x0B, 0x0B, 0x0B, 0x0B, 0x0B, 0x0B, 0x0B, 0x0B, 0x0B, 0x16, _NEXT_,
0x0A, 0x0B, 0x0B, 0x0B, 0x0B, 0x0B, 0x0B, 0x42, 0x43, 0x0B, 0x0B, 0x0B, 0x0B, 0x0B, 0x0B, 0x0B, 0x0B, 0x0B, 0x0B, 0x0B, 0x44, 0x45, 0x03, 0x46, 0x0B, 0x0B, 0x0B, 0x0B, 0x0B, 0x0B, 0x0B, 0x47, 0x48, 0x49, 0x4A, 0x0B, 0x0B, 0x0B, 0x0B, 0x0B, 0x0B, 0x0B, 0x0B, 0x0B, 0x0B, 0x0B, 0x0B, 0x0B, 0x0B, 0x0B, 0x0B, 0x0B, 0x0B, 0x0B, 0x16, _NEXT_,
0x0A, 0x0B, 0x0B, 0x0B, 0x0B, 0x0B, 0x0B, 0x4B, 0x4C, 0x4D, 0x0B, 0x0B, 0x0B, 0x0B, 0x0B, 0x0B, 0x0B, 0x0B, 0x0B, 0x4E, 0x4F, 0x03, 0x03, 0x50, 0x51, 0x0B, 0x0B, 0x0B, 0x0B, 0x0B, 0x0B, 0x0B, 0x52, 0x53, 0x54, 0x55, 0x0B, 0x0B, 0x0B, 0x0B, 0x0B, 0x0B, 0x0B, 0x0B, 0x0B, 0x0B, 0x0B, 0x0B, 0x0B, 0x0B, 0x0B, 0x0B, 0x0B, 0x0B, 0x16, _NEXT_,
0x0A, 0x0B, 0x0B, 0x0B, 0x0B, 0x0B, 0x0B, 0x4B, 0x03, 0x03, 0x56, 0x0B, 0x0B, 0x0B, 0x0B, 0x0B, 0x0B, 0x0B, 0x57, 0x58, 0x03, 0x03, 0x03, 0x03, 0x59, 0x5A, 0x0B, 0x0B, 0x0B, 0x0B, 0x0B, 0x0B, 0x0B, 0x5B, 0x5C, 0x5D, 0x5E, 0x5E, 0x5E, 0x5E, 0x5E, 0x5E, 0x5E, 0x5E, 0x5E, 0x5E, 0x5F, 0x0B, 0x0B, 0x0B, 0x0B, 0x0B, 0x0B, 0x0B, 0x16, _NEXT_,
0x0A, 0x0B, 0x0B, 0x0B, 0x0B, 0x0B, 0x0B, 0x4B, 0x03, 0x03, 0x03, 0x60, 0x61, 0x0B, 0x0B, 0x0B, 0x0B, 0x62, 0x63, 0x03, 0x03, 0x03, 0x03, 0x03, 0x03, 0x64, 0x65, 0x0B, 0x0B, 0x0B, 0x0B, 0x0B, 0x0B, 0x0B, 0x66, 0x5C, 0x03, 0x03, 0x03, 0x03, 0x03, 0x03, 0x03, 0x03, 0x03, 0x03, 0x15, 0x0B, 0x0B, 0x0B, 0x0B, 0x0B, 0x0B, 0x0B, 0x16, _NEXT_,
0x0A, 0x0B, 0x0B, 0x0B, 0x0B, 0x0B, 0x0B, 0x4B, 0x03, 0x03, 0x03, 0x03, 0x67, 0x68, 0x0B, 0x0B, 0x69, 0x6A, 0x03, 0x03, 0x03, 0x03, 0x03, 0x03, 0x03, 0x03, 0x64, 0x65, 0x0B, 0x0B, 0x0B, 0x0B, 0x0B, 0x0B, 0x0B, 0x66, 0x5C, 0x03, 0x03, 0x03, 0x03, 0x03, 0x03, 0x03, 0x03, 0x03, 0x15, 0x0B, 0x0B, 0x0B, 0x0B, 0x0B, 0x0B, 0x0B, 0x16, _NEXT_,
0x0A, 0x0B, 0x0B, 0x0B, 0x0B, 0x0B, 0x0B, 0x4B, 0x03, 0x03, 0x03, 0x03, 0x03, 0x6B, 0x6C, 0x6D, 0x6E, 0x03, 0x03, 0x03, 0x03, 0x03, 0x03, 0x03, 0x03, 0x03, 0x03, 0x64, 0x6F, 0x0B, 0x0B, 0x0B, 0x0B, 0x0B, 0x0B, 0x0B, 0x66, 0x70, 0x03, 0x03, 0x03, 0x03, 0x03, 0x03, 0x03, 0x03, 0x15, 0x0B, 0x0B, 0x0B, 0x0B, 0x0B, 0x0B, 0x0B, 0x16, _NEXT_,
0x0A, 0x0B, 0x0B, 0x0B, 0x0B, 0x0B, 0x0B, 0x4B, 0x03, 0x03, 0x03, 0x03, 0x03, 0x03, 0x71, 0x72, 0x03, 0x03, 0x03, 0x03, 0x03, 0x03, 0x03, 0x03, 0x03, 0x03, 0x03, 0x03, 0x64, 0x73, 0x0B, 0x0B, 0x0B, 0x0B, 0x0B, 0x0B, 0x0B, 0x74, 0x75, 0x03, 0x03, 0x03, 0x03, 0x03, 0x03, 0x03, 0x15, 0x0B, 0x0B, 0x0B, 0x0B, 0x0B, 0x0B, 0x0B, 0x16, _NEXT_,
0x76, 0x77, 0x77, 0x77, 0x77, 0x77, 0x77, 0x78, 0x03, 0x03, 0x03, 0x03, 0x03, 0x03, 0x03, 0x03, 0x03, 0x03, 0x03, 0x03, 0x03, 0x03, 0x03, 0x03, 0x03, 0x03, 0x03, 0x03, 0x03, 0x03, 0x79, 0x77, 0x77, 0x77, 0x77, 0x77, 0x77, 0x77, 0x7A, 0x7B, 0x03, 0x03, 0x03, 0x03, 0x03, 0x03, 0x7C, 0x77, 0x77, 0x77, 0x77, 0x77, 0x77, 0x77, 0x7D,  _END_,};
 
#elif(_LOGO_TYPE == _LOGO_QNIX1)
 BYTE code tiOSD_1BIT_LOGO0[]={
 ////////////////////////////////////////////Font Map index////////////////////////////////////////////

 ////////////////////////////////////////////Font Map index////////////////////////////////////////////
 0x00, 0x01, 0x02, 0x03, 0x04, 0x05, 0x06, 0x07, 0x08, 0x09, 0x0A, 0x0B, 0x00, 0x00, 0x0C, 0x0D, 0x0D, 0x0D, 0x0E, 0x00, 0x00, 0x00, 0x00, 0x00, 0x0F, 0x0F, 0x10, 0x00, 0x11, 0x0F, 0x0F, 0x10, 0x00, 0x12, 0x13, 0x0F, 0x14, 0x15, 0x00, 0x00, 0x00, 0x00, 0x16, 0x0F, 0x0F, 0x17, 0x18, _NEXT_,
 0x19, 0x1A, 0x1B, 0x1B, 0x1C, 0x1D, 0x1E, 0x1F, 0x20, 0x21, 0x1B, 0x22, 0x23, 0x00, 0x24, 0x1B, 0x1B, 0x1B, 0x25, 0x26, 0x00, 0x00, 0x00, 0x00, 0x1B, 0x1B, 0x27, 0x00, 0x28, 0x1B, 0x1B, 0x27, 0x00, 0x00, 0x29, 0x2A, 0x1B, 0x2B, 0x2C, 0x0B, 0x2D, 0x2E, 0x2F, 0x1B, 0x30, 0x31, 0x00, _NEXT_,
 0x32, 0x1B, 0x1B, 0x33, 0x00, 0x00, 0x00, 0x00, 0x00, 0x34, 0x1B, 0x1B, 0x35, 0x36, 0x24, 0x1B, 0x1B, 0x37, 0x38, 0x1B, 0x39, 0x3A, 0x00, 0x00, 0x1B, 0x1B, 0x27, 0x00, 0x28, 0x1B, 0x1B, 0x27, 0x00, 0x00, 0x00, 0x3B, 0x3C, 0x3D, 0x1B, 0x3E, 0x3F, 0x1B, 0x40, 0x41, 0x00, 0x00, 0x00, _NEXT_,
 0x42, 0x1B, 0x1B, 0x43, 0x00, 0x00, 0x00, 0x00, 0x00, 0x00, 0x44, 0x1B, 0x1B, 0x45, 0x24, 0x1B, 0x1B, 0x46, 0x47, 0x48, 0x1B, 0x49, 0x4A, 0x00, 0x1B, 0x1B, 0x27, 0x00, 0x28, 0x1B, 0x1B, 0x27, 0x00, 0x00, 0x00, 0x00, 0x00, 0x29, 0x4B, 0x1B, 0x1B, 0x4C, 0x31, 0x00, 0x00, 0x00, 0x00, _NEXT_,
 0x4D, 0x1B, 0x1B, 0x4E, 0x00, 0x00, 0x00, 0x00, 0x00, 0x4F, 0x50, 0x1B, 0x1B, 0x51, 0x24, 0x1B, 0x1B, 0x46, 0x00, 0x52, 0x53, 0x1B, 0x54, 0x55, 0x1B, 0x1B, 0x27, 0x00, 0x28, 0x1B, 0x1B, 0x27, 0x00, 0x00, 0x00, 0x00, 0x01, 0x56, 0x57, 0x1B, 0x1B, 0x58, 0x59, 0x3A, 0x00, 0x00, 0x00, _NEXT_,
 0x5A, 0x1B, 0x1B, 0x5B, 0x5C, 0x00, 0x00, 0x00, 0x5D, 0x5E, 0x1B, 0x1B, 0x5F, 0x00, 0x24, 0x1B, 0x1B, 0x46, 0x00, 0x00, 0x60, 0x61, 0x1B, 0x62, 0x1B, 0x1B, 0x27, 0x00, 0x28, 0x1B, 0x1B, 0x27, 0x00, 0x00, 0x00, 0x63, 0x64, 0x1B, 0x1B, 0x65, 0x66, 0x21, 0x1B, 0x67, 0x68, 0x00, 0x00, _NEXT_,
 0x69, 0x6A, 0x6B, 0x1B, 0x6C, 0x6D, 0x6E, 0x6F, 0x70, 0x1B, 0x1B, 0x1B, 0x71, 0x0B, 0x24, 0x1B, 0x1B, 0x46, 0x00, 0x00, 0x00, 0x72, 0x73, 0x1B, 0x1B, 0x1B, 0x27, 0x00, 0x28, 0x1B, 0x1B, 0x27, 0x00, 0x01, 0x56, 0x57, 0x1B, 0x74, 0x75, 0x00, 0x00, 0x76, 0x77, 0x1B, 0x58, 0x59, 0x3A, _NEXT_,
 0x00, 0x00, 0x78, 0x79, 0x7A, 0x7B, 0x7C, 0x7D, 0x7E, 0x7F, 0x80, 0x81, 0x81, 0x82, 0x83, 0x81, 0x81, 0x84, 0x00, 0x00, 0x00, 0x00, 0x85, 0x86, 0x87, 0x87, 0x88, 0x00, 0x89, 0x81, 0x81, 0x8A, 0x00, 0x8B, 0x87, 0x87, 0x8C, 0x8D, 0x00, 0x00, 0x00, 0x00, 0x8E, 0x8F, 0x87, 0x87, 0x90,   _END_,};
#elif(_LOGO_TYPE == _LOGO_SEVENWIN)
 
 BYTE code tiOSD_1BIT_LOGO0[]={
  ////////////////////////////////////////////Font Map index////////////////////////////////////////////
  0x00, 0x00, 0x00, 0x00, 0x00, 0x00, 0x00, 0x00, 0x00, 0x00, 0x00, 0x00, 0x01, 0x02, 0x03, 0x03, 0x03, 0x03, 0x04, 0x00, 0x00, 0x05, 0x03, 0x03, 0x03, 0x03, 0x06, 0x00, 0x00, 0x00, 0x07, 0x03, 0x03, 0x03, 0x03, 0x03, 0x03, 0x03, 0x03, 0x03, 0x03, 0x03, 0x03, 0x03, 0x03, 0x08, 0x09, 0x00, 0x00, 0x00, 0x00, 0x00, 0x00, 0x00, 0x00, 0x00, 0x00, 0x00, 0x00, _NEXT_,
  0x00, 0x00, 0x00, 0x00, 0x00, 0x00, 0x00, 0x00, 0x00, 0x00, 0x00, 0x00, 0x00, 0x0A, 0x0B, 0x0C, 0x0C, 0x0C, 0x0D, 0x0E, 0x00, 0x0F, 0x10, 0x0C, 0x0C, 0x0C, 0x0C, 0x11, 0x00, 0x00, 0x12, 0x13, 0x0C, 0x0C, 0x0C, 0x0C, 0x0C, 0x0C, 0x0C, 0x0C, 0x0C, 0x0C, 0x0C, 0x0C, 0x14, 0x15, 0x00, 0x00, 0x00, 0x00, 0x00, 0x00, 0x00, 0x00, 0x00, 0x00, 0x00, 0x00, 0x00, _NEXT_,
  0x00, 0x00, 0x00, 0x00, 0x00, 0x00, 0x00, 0x00, 0x00, 0x00, 0x00, 0x00, 0x00, 0x00, 0x16, 0x0C, 0x0C, 0x0C, 0x0C, 0x17, 0x18, 0x00, 0x19, 0x1A, 0x0C, 0x0C, 0x0C, 0x1B, 0x1C, 0x00, 0x00, 0x1D, 0x1E, 0x0C, 0x0C, 0x0C, 0x0C, 0x0C, 0x0C, 0x0C, 0x0C, 0x0C, 0x0C, 0x0C, 0x1F, 0x00, 0x00, 0x00, 0x00, 0x00, 0x00, 0x00, 0x00, 0x00, 0x00, 0x00, 0x00, 0x00, 0x00, _NEXT_,
  0x00, 0x00, 0x00, 0x00, 0x00, 0x00, 0x00, 0x00, 0x00, 0x00, 0x00, 0x00, 0x00, 0x00, 0x20, 0x21, 0x0C, 0x0C, 0x0C, 0x0C, 0x22, 0x00, 0x00, 0x23, 0x0C, 0x0C, 0x0C, 0x0C, 0x24, 0x25, 0x00, 0x00, 0x26, 0x27, 0x27, 0x27, 0x27, 0x27, 0x28, 0x0C, 0x0C, 0x0C, 0x0C, 0x29, 0x2A, 0x00, 0x00, 0x00, 0x00, 0x00, 0x00, 0x00, 0x00, 0x00, 0x00, 0x00, 0x00, 0x00, 0x00, _NEXT_,
  0x00, 0x00, 0x00, 0x00, 0x00, 0x00, 0x00, 0x00, 0x00, 0x00, 0x00, 0x00, 0x00, 0x00, 0x00, 0x2B, 0x2C, 0x0C, 0x0C, 0x0C, 0x2D, 0x04, 0x00, 0x00, 0x2E, 0x0C, 0x0C, 0x0C, 0x0C, 0x2F, 0x00, 0x00, 0x00, 0x00, 0x00, 0x00, 0x00, 0x30, 0x0C, 0x0C, 0x0C, 0x0C, 0x31, 0x32, 0x00, 0x00, 0x00, 0x00, 0x00, 0x00, 0x00, 0x00, 0x00, 0x00, 0x00, 0x00, 0x00, 0x00, 0x00, _NEXT_,
  0x00, 0x00, 0x00, 0x00, 0x00, 0x00, 0x00, 0x00, 0x00, 0x00, 0x00, 0x00, 0x00, 0x00, 0x00, 0x00, 0x0A, 0x0B, 0x0C, 0x0C, 0x0C, 0x33, 0x34, 0x00, 0x0F, 0x10, 0x0C, 0x0C, 0x0C, 0x0C, 0x11, 0x00, 0x00, 0x00, 0x00, 0x00, 0x35, 0x36, 0x0C, 0x0C, 0x0C, 0x14, 0x15, 0x00, 0x00, 0x00, 0x00, 0x00, 0x00, 0x00, 0x00, 0x00, 0x00, 0x00, 0x00, 0x00, 0x00, 0x00, 0x00, _NEXT_,
  0x00, 0x00, 0x00, 0x00, 0x00, 0x00, 0x00, 0x00, 0x00, 0x00, 0x00, 0x00, 0x00, 0x00, 0x00, 0x00, 0x00, 0x16, 0x0C, 0x0C, 0x0C, 0x0C, 0x37, 0x38, 0x00, 0x19, 0x1A, 0x0C, 0x0C, 0x0C, 0x1B, 0x1C, 0x00, 0x00, 0x00, 0x39, 0x3A, 0x0C, 0x0C, 0x0C, 0x0C, 0x1F, 0x00, 0x00, 0x00, 0x00, 0x00, 0x00, 0x00, 0x00, 0x00, 0x00, 0x00, 0x00, 0x00, 0x00, 0x00, 0x00, 0x00, _NEXT_,
  0x00, 0x00, 0x00, 0x00, 0x00, 0x00, 0x00, 0x00, 0x00, 0x00, 0x00, 0x00, 0x00, 0x00, 0x00, 0x00, 0x00, 0x20, 0x21, 0x0C, 0x0C, 0x0C, 0x0C, 0x3B, 0x00, 0x00, 0x23, 0x0C, 0x0C, 0x0C, 0x0C, 0x24, 0x25, 0x00, 0x00, 0x3C, 0x0C, 0x0C, 0x0C, 0x0C, 0x29, 0x2A, 0x00, 0x00, 0x00, 0x00, 0x00, 0x00, 0x00, 0x00, 0x00, 0x00, 0x00, 0x00, 0x00, 0x00, 0x00, 0x00, 0x00, _NEXT_,
  0x00, 0x00, 0x00, 0x00, 0x00, 0x00, 0x00, 0x00, 0x00, 0x00, 0x00, 0x00, 0x00, 0x00, 0x00, 0x00, 0x00, 0x00, 0x2B, 0x2C, 0x0C, 0x0C, 0x0C, 0x3D, 0x00, 0x00, 0x00, 0x2E, 0x0C, 0x0C, 0x0C, 0x0C, 0x3E, 0x00, 0x00, 0x0C, 0x0C, 0x0C, 0x0C, 0x31, 0x32, 0x00, 0x00, 0x00, 0x00, 0x00, 0x00, 0x00, 0x00, 0x00, 0x00, 0x00, 0x00, 0x00, 0x00, 0x00, 0x00, 0x00, 0x00, _NEXT_,
  0x00, 0x00, 0x00, 0x00, 0x00, 0x00, 0x00, 0x00, 0x00, 0x00, 0x00, 0x00, 0x00, 0x00, 0x00, 0x00, 0x00, 0x00, 0x00, 0x0A, 0x0B, 0x0C, 0x0C, 0x3D, 0x00, 0x00, 0x00, 0x0F, 0x10, 0x0C, 0x0C, 0x0C, 0x3F, 0x00, 0x00, 0x0C, 0x0C, 0x0C, 0x14, 0x15, 0x00, 0x00, 0x00, 0x00, 0x00, 0x00, 0x00, 0x00, 0x00, 0x00, 0x00, 0x00, 0x00, 0x00, 0x00, 0x00, 0x00, 0x00, 0x00, _NEXT_,
  0x00, 0x00, 0x00, 0x00, 0x00, 0x00, 0x00, 0x00, 0x00, 0x00, 0x00, 0x00, 0x00, 0x00, 0x00, 0x00, 0x00, 0x00, 0x00, 0x00, 0x16, 0x0C, 0x0C, 0x3D, 0x00, 0x00, 0x00, 0x00, 0x19, 0x1A, 0x0C, 0x0C, 0x3F, 0x00, 0x00, 0x0C, 0x0C, 0x0C, 0x1F, 0x00, 0x00, 0x00, 0x00, 0x00, 0x00, 0x00, 0x00, 0x00, 0x00, 0x00, 0x00, 0x00, 0x00, 0x00, 0x00, 0x00, 0x00, 0x00, 0x00, _NEXT_,
  0x00, 0x00, 0x00, 0x00, 0x00, 0x00, 0x00, 0x00, 0x00, 0x00, 0x00, 0x00, 0x00, 0x00, 0x00, 0x00, 0x00, 0x00, 0x00, 0x00, 0x20, 0x21, 0x0C, 0x3D, 0x00, 0x00, 0x00, 0x00, 0x00, 0x23, 0x0C, 0x0C, 0x3F, 0x00, 0x00, 0x0C, 0x0C, 0x29, 0x2A, 0x00, 0x00, 0x00, 0x00, 0x00, 0x00, 0x00, 0x00, 0x00, 0x00, 0x00, 0x00, 0x00, 0x00, 0x00, 0x00, 0x00, 0x00, 0x00, 0x00, _NEXT_,
  0x00, 0x00, 0x00, 0x00, 0x00, 0x00, 0x00, 0x00, 0x00, 0x00, 0x00, 0x00, 0x00, 0x00, 0x00, 0x00, 0x00, 0x00, 0x00, 0x00, 0x00, 0x2B, 0x2C, 0x3D, 0x00, 0x00, 0x00, 0x00, 0x00, 0x00, 0x2E, 0x0C, 0x3F, 0x00, 0x00, 0x0C, 0x31, 0x32, 0x00, 0x00, 0x00, 0x00, 0x00, 0x00, 0x00, 0x00, 0x00, 0x00, 0x00, 0x00, 0x00, 0x00, 0x00, 0x00, 0x00, 0x00, 0x00, 0x00, 0x00, _NEXT_,
  0x00, 0x00, 0x00, 0x00, 0x00, 0x00, 0x00, 0x00, 0x00, 0x00, 0x00, 0x00, 0x00, 0x00, 0x00, 0x00, 0x00, 0x00, 0x00, 0x00, 0x00, 0x00, 0x0A, 0x40, 0x00, 0x00, 0x00, 0x00, 0x00, 0x00, 0x0F, 0x10, 0x3F, 0x00, 0x00, 0x14, 0x15, 0x00, 0x00, 0x00, 0x00, 0x00, 0x00, 0x00, 0x00, 0x00, 0x00, 0x00, 0x00, 0x00, 0x00, 0x00, 0x00, 0x00, 0x00, 0x00, 0x00, 0x00, 0x00, _NEXT_,
  0x00, 0x00, 0x00, 0x00, 0x00, 0x00, 0x00, 0x00, 0x00, 0x00, 0x00, 0x00, 0x00, 0x00, 0x00, 0x00, 0x00, 0x00, 0x00, 0x00, 0x00, 0x00, 0x00, 0x41, 0x00, 0x00, 0x00, 0x00, 0x00, 0x00, 0x00, 0x19, 0x42, 0x00, 0x00, 0x1F, 0x00, 0x00, 0x00, 0x00, 0x00, 0x00, 0x00, 0x00, 0x00, 0x00, 0x00, 0x00, 0x00, 0x00, 0x00, 0x00, 0x00, 0x00, 0x00, 0x00, 0x00, 0x00, 0x00, _NEXT_,
  0x00, 0x00, 0x00, 0x00, 0x00, 0x00, 0x00, 0x00, 0x00, 0x00, 0x00, 0x00, 0x00, 0x00, 0x00, 0x00, 0x00, 0x00, 0x00, 0x00, 0x00, 0x00, 0x00, 0x43, 0x00, 0x00, 0x00, 0x00, 0x00, 0x00, 0x00, 0x00, 0x00, 0x00, 0x00, 0x44, 0x00, 0x00, 0x00, 0x00, 0x00, 0x00, 0x00, 0x00, 0x00, 0x00, 0x00, 0x00, 0x00, 0x00, 0x00, 0x00, 0x00, 0x00, 0x00, 0x00, 0x00, 0x00, 0x00,_NEXT_, 
  0x00, 0x00, 0x00, 0x00, 0x00, 0x00, 0x00, 0x00, 0x00, 0x00, 0x00, 0x00, 0x00, 0x00, 0x00, 0x00, 0x00, 0x00, 0x00, 0x00, 0x00, 0x00, 0x00, 0x00, 0x00, 0x00, 0x00, 0x00, 0x00, 0x00, 0x00, 0x00, 0x00, 0x00, 0x00, 0x00, 0x00, 0x00, 0x00, 0x00, 0x00, 0x00, 0x00, 0x00, 0x00, 0x00, 0x00, 0x00, 0x00, 0x00, 0x00, 0x00, 0x00, 0x00, 0x00, 0x00, 0x00, 0x00, 0x00,   _END_,};
 
 
 BYTE code tiOSD_1BIT_LOGO1[]={
 
////////////////////////////////////////////Font Map index////////////////////////////////////////////
0x00, 0x01, 0x01, 0x01, 0x01, 0x02, 0x03, 0x03, 0x04, 0x01, 0x01, 0x01, 0x01, 0x05, 0x03, 0x06, 0x01, 0x07, 0x08, 0x01, 0x01, 0x09, 0x03, 0x03, 0x00, 0x01, 0x01, 0x01, 0x01, 0x0A, 0x03, 0x03, 0x0B, 0x0C, 0x03, 0x03, 0x0D, 0x01, 0x0E, 0x03, 0x0B, 0x0F, 0x10, 0x11, 0x12, 0x01, 0x13, 0x03, 0x03, 0x01, 0x14, 0x03, 0x03, 0x15, 0x16, 0x03, 0x03, 0x17, 0x05, _NEXT_, 
0x18, 0x19, 0x1A, 0x1A, 0x1A, 0x1B, 0x03, 0x03, 0x1C, 0x1D, 0x1A, 0x1A, 0x1A, 0x1E, 0x03, 0x1F, 0x20, 0x21, 0x22, 0x23, 0x24, 0x25, 0x03, 0x03, 0x18, 0x1D, 0x1A, 0x1A, 0x1A, 0x26, 0x03, 0x03, 0x27, 0x24, 0x28, 0x29, 0x2A, 0x24, 0x2B, 0x03, 0x27, 0x2C, 0x2D, 0x2E, 0x2F, 0x24, 0x30, 0x03, 0x03, 0x24, 0x31, 0x03, 0x03, 0x32, 0x33, 0x34, 0x35, 0x36, 0x37, _NEXT_, 
0x38, 0x39, 0x3A, 0x3A, 0x3B, 0x3C, 0x03, 0x03, 0x1C, 0x3D, 0x3A, 0x3A, 0x3E, 0x03, 0x03, 0x03, 0x3F, 0x40, 0x41, 0x42, 0x43, 0x44, 0x03, 0x03, 0x18, 0x3D, 0x3A, 0x3A, 0x45, 0x03, 0x03, 0x03, 0x27, 0x46, 0x47, 0x48, 0x49, 0x24, 0x2B, 0x03, 0x27, 0x2C, 0x2D, 0x2E, 0x2F, 0x24, 0x30, 0x03, 0x03, 0x24, 0x31, 0x03, 0x03, 0x32, 0x4A, 0x4B, 0x4C, 0x4D, 0x37, _NEXT_, 
0x4E, 0x4F, 0x4F, 0x4F, 0x50, 0x51, 0x03, 0x03, 0x1C, 0x52, 0x4F, 0x4F, 0x4F, 0x53, 0x03, 0x03, 0x03, 0x54, 0x55, 0x56, 0x57, 0x03, 0x03, 0x03, 0x18, 0x52, 0x4F, 0x4F, 0x4F, 0x58, 0x03, 0x03, 0x27, 0x2C, 0x59, 0x5A, 0x5B, 0x24, 0x2B, 0x03, 0x27, 0x5C, 0x5D, 0x5E, 0x5F, 0x24, 0x30, 0x03, 0x03, 0x24, 0x31, 0x03, 0x03, 0x32, 0x51, 0x60, 0x61, 0x62, 0x37, _NEXT_, 
0x63, 0x64, 0x64, 0x64, 0x64, 0x65, 0x03, 0x03, 0x66, 0x64, 0x64, 0x64, 0x64, 0x67, 0x03, 0x03, 0x03, 0x68, 0x64, 0x69, 0x03, 0x03, 0x03, 0x03, 0x63, 0x64, 0x64, 0x64, 0x64, 0x6A, 0x03, 0x03, 0x6B, 0x6C, 0x03, 0x03, 0x6D, 0x6E, 0x6F, 0x03, 0x6B, 0x6E, 0x6E, 0x6E, 0x6E, 0x6E, 0x70, 0x03, 0x03, 0x6E, 0x71, 0x03, 0x03, 0x72, 0x73, 0x03, 0x03, 0x74, 0x75, _NEXT_, 
0x76, 0x77, 0x78, 0x79, 0x77, 0x7A, 0x7B, 0x77, 0x7C, 0x7D, 0x7E, 0x7F, 0x03, 0x03, 0x03, 0x80, 0x81, 0x03, 0x03, 0x82, 0x83, 0x84, 0x85, 0x86, 0x87, 0x88, 0x89, 0x8A, 0x03, 0x03, 0x03, 0x03, 0x03, 0x03, 0x8B, 0x8C, 0x8D, 0x03, 0x8E, 0x8F, 0x90, 0x91, 0x92, 0x93, 0x94, 0x77, 0x95, 0x03, 0x03, 0x03, 0x96, 0x97, 0x98, 0x99, 0x03, 0x9A, 0x9B, 0x9C, 0x9D, _NEXT_, 
0x9E, 0x9F, 0xA0, 0xA1, 0xA2, 0xA3, 0xA4, 0xA2, 0xA5, 0xA6, 0xA7, 0xA8, 0x03, 0x03, 0x03, 0xA9, 0xAA, 0xAB, 0x03, 0xAC, 0xAD, 0xAE, 0xAF, 0xB0, 0xB1, 0xB2, 0xB3, 0xB4, 0x03, 0xB5, 0x03, 0x03, 0x03, 0x03, 0xB6, 0xB7, 0xB8, 0xB9, 0xBA, 0xBB, 0x03, 0xBC, 0xBD, 0x03, 0xBE, 0xBF, 0xC0, 0x03, 0x03, 0x03, 0xC1, 0xC2, 0xC3, 0xC4, 0xA2, 0xC5, 0xB6, 0xC6, 0xC7,   _END_,};
 
 
#elif(_LOGO_TYPE == _LOGO_APEX)
   BYTE code tiOSD_1BIT_LOGO0[]={
	   0x00, 0x00, 0x00, 0x00, 0x00, 0x00, 0x00, 0x00, 0x00, 0x00, 0x00, 0x00, 0x00, 0x00, 0x00, 0x00, 0x00, 0x00, 0x00, 0x00, 0x00, 0x00, 0x00, 0x00, 0x00, 0x00, 0x00, 0x00, 0x00, 0x00, 0x00, 0x00, 0x00, 0x00, 0x00, 0x00, 0x00, 0x00, 0x00, 0x00, 0x00, 0x00, 0x00, 0x00, 0x00, 0x00, 0x00, 0x00, 0x00, 0x00, 0x00, 0x00, 0x00, 0x00, 0x00, 0x00, 0x00, 0x00, 0x00, 0x00, 0x00, 0x00, 0x00, 0x00, 0x00, 0x00, 0x00, 0x00, 0x00, 0x00, 0x00, 0x00, 0x00, 0x00, 0x01, 0x02, 
	   0x00, 0x00, 0x00, 0x00, 0x00, 0x00, 0x00, 0x00, 0x00, 0x00, 0x00, 0x00, 0x00, 0x00, 0x00, 0x00, 0x00, 0x00, 0x00, 0x00, 0x00, 0x00, 0x00, 0x00, 0x00, 0x00, 0x00, 0x00, 0x00, 0x00, 0x00, 0x00, 0x00, 0x00, 0x00, 0x00, 0x00, 0x00, 0x00, 0x00, 0x00, 0x00, 0x00, 0x00, 0x00, 0x00, 0x00, 0x00, 0x00, 0x00, 0x00, 0x00, 0x00, 0x00, 0x00, 0x00, 0x00, 0x00, 0x00, 0x00, 0x00, 0x00, 0x00, 0x00, 0x00, 0x00, 0x00, 0x00, 0x00, 0x00, 0x00, 0x00, 0x03, 0x04, 0x05, 0x00, 
	   0x00, 0x00, 0x00, 0x00, 0x06, 0x07, 0x08, 0x08, 0x08, 0x08, 0x08, 0x08, 0x08, 0x08, 0x08, 0x08, 0x09, 0x00, 0x00, 0x0A, 0x08, 0x08, 0x08, 0x08, 0x08, 0x08, 0x08, 0x08, 0x08, 0x08, 0x08, 0x08, 0x08, 0x08, 0x08, 0x08, 0x0B, 0x00, 0x00, 0x00, 0x00, 0x00, 0x0C, 0x0D, 0x08, 0x08, 0x08, 0x08, 0x08, 0x08, 0x08, 0x08, 0x08, 0x08, 0x09, 0x00, 0x0E, 0x0F, 0x0F, 0x0F, 0x0F, 0x10, 0x11, 0x00, 0x00, 0x00, 0x00, 0x00, 0x00, 0x00, 0x12, 0x13, 0x14, 0x15, 0x00, 0x00, 
	   0x00, 0x16, 0x17, 0x18, 0x19, 0x19, 0x19, 0x19, 0x19, 0x19, 0x19, 0x19, 0x19, 0x19, 0x19, 0x19, 0x1A, 0x00, 0x00, 0x1B, 0x19, 0x19, 0x19, 0x19, 0x19, 0x19, 0x19, 0x19, 0x19, 0x19, 0x19, 0x19, 0x19, 0x19, 0x19, 0x19, 0x1C, 0x00, 0x00, 0x1D, 0x1E, 0x1F, 0x20, 0x19, 0x19, 0x19, 0x19, 0x19, 0x19, 0x19, 0x19, 0x19, 0x19, 0x19, 0x1A, 0x00, 0x21, 0x22, 0x23, 0x19, 0x19, 0x19, 0x24, 0x25, 0x00, 0x00, 0x00, 0x00, 0x26, 0x27, 0x20, 0x14, 0x28, 0x00, 0x00, 0x00, 
	   0x29, 0x2A, 0x19, 0x19, 0x2B, 0x2C, 0x2D, 0x2E, 0x2E, 0x2E, 0x2E, 0x2E, 0x2E, 0x2F, 0x19, 0x19, 0x1A, 0x00, 0x00, 0x1B, 0x19, 0x19, 0x30, 0x2E, 0x2E, 0x2E, 0x2E, 0x2E, 0x2E, 0x2E, 0x2E, 0x2E, 0x2E, 0x31, 0x19, 0x19, 0x32, 0x00, 0x33, 0x34, 0x19, 0x19, 0x19, 0x35, 0x36, 0x2E, 0x2E, 0x2E, 0x2E, 0x2E, 0x2E, 0x2E, 0x2E, 0x2E, 0x37, 0x00, 0x00, 0x00, 0x38, 0x39, 0x19, 0x19, 0x19, 0x3A, 0x3B, 0x00, 0x3C, 0x3D, 0x3E, 0x19, 0x3F, 0x40, 0x00, 0x00, 0x00, 0x00, 
	   0x41, 0x19, 0x19, 0x42, 0x43, 0x00, 0x00, 0x00, 0x00, 0x00, 0x00, 0x00, 0x00, 0x44, 0x19, 0x19, 0x1A, 0x00, 0x00, 0x1B, 0x19, 0x19, 0x45, 0x00, 0x00, 0x00, 0x00, 0x00, 0x00, 0x00, 0x00, 0x00, 0x46, 0x47, 0x19, 0x19, 0x48, 0x00, 0x49, 0x19, 0x19, 0x4A, 0x4B, 0x00, 0x00, 0x00, 0x00, 0x00, 0x00, 0x00, 0x00, 0x00, 0x00, 0x00, 0x00, 0x00, 0x00, 0x00, 0x00, 0x21, 0x22, 0x23, 0x4C, 0x4D, 0x4E, 0x4F, 0x50, 0x19, 0x19, 0x51, 0x52, 0x00, 0x00, 0x00, 0x00, 0x00, 
	   0x53, 0x19, 0x19, 0x54, 0x55, 0x55, 0x55, 0x55, 0x55, 0x55, 0x55, 0x55, 0x56, 0x44, 0x19, 0x19, 0x1A, 0x00, 0x00, 0x1B, 0x19, 0x19, 0x45, 0x57, 0x58, 0x58, 0x58, 0x58, 0x58, 0x58, 0x59, 0x5A, 0x19, 0x19, 0x19, 0x5B, 0x00, 0x00, 0x5C, 0x19, 0x19, 0x5D, 0x00, 0x5E, 0x58, 0x58, 0x58, 0x58, 0x58, 0x58, 0x58, 0x58, 0x5F, 0x00, 0x00, 0x00, 0x00, 0x00, 0x00, 0x00, 0x00, 0x38, 0x60, 0x61, 0x62, 0x19, 0x19, 0x19, 0x63, 0x64, 0x00, 0x00, 0x00, 0x00, 0x00, 0x00, 
	   0x19, 0x19, 0x19, 0x19, 0x19, 0x19, 0x19, 0x19, 0x19, 0x19, 0x19, 0x19, 0x65, 0x44, 0x19, 0x19, 0x1A, 0x00, 0x00, 0x1B, 0x19, 0x19, 0x45, 0x66, 0x19, 0x19, 0x19, 0x19, 0x19, 0x19, 0x19, 0x19, 0x67, 0x68, 0x69, 0x6A, 0x00, 0x00, 0x1B, 0x19, 0x19, 0x45, 0x00, 0x6B, 0x19, 0x19, 0x19, 0x19, 0x19, 0x19, 0x19, 0x19, 0x6C, 0x00, 0x00, 0x00, 0x00, 0x00, 0x00, 0x00, 0x00, 0x00, 0x6D, 0x6E, 0x19, 0x19, 0x19, 0x19, 0x6F, 0x70, 0x00, 0x00, 0x00, 0x00, 0x00, 0x00, 
	   0x19, 0x19, 0x19, 0x71, 0x72, 0x72, 0x72, 0x72, 0x72, 0x72, 0x72, 0x72, 0x73, 0x44, 0x19, 0x19, 0x1A, 0x00, 0x00, 0x1B, 0x19, 0x19, 0x45, 0x74, 0x72, 0x72, 0x72, 0x72, 0x72, 0x72, 0x72, 0x75, 0x00, 0x00, 0x00, 0x00, 0x00, 0x00, 0x1B, 0x19, 0x19, 0x45, 0x00, 0x76, 0x72, 0x72, 0x72, 0x72, 0x72, 0x72, 0x72, 0x72, 0x77, 0x00, 0x00, 0x00, 0x00, 0x00, 0x00, 0x00, 0x78, 0x79, 0x19, 0x19, 0x19, 0x4C, 0x23, 0x19, 0x19, 0x19, 0x7A, 0x7B, 0x00, 0x00, 0x00, 0x00, 
	   0x19, 0x19, 0x19, 0x7C, 0x00, 0x00, 0x00, 0x00, 0x00, 0x00, 0x00, 0x00, 0x00, 0x44, 0x19, 0x19, 0x1A, 0x00, 0x00, 0x1B, 0x19, 0x19, 0x45, 0x00, 0x00, 0x00, 0x00, 0x00, 0x00, 0x00, 0x00, 0x00, 0x00, 0x00, 0x00, 0x00, 0x00, 0x00, 0x1B, 0x19, 0x19, 0x7D, 0x7E, 0x7E, 0x7E, 0x7E, 0x7E, 0x7E, 0x7E, 0x7E, 0x7E, 0x7E, 0x7E, 0x7E, 0x7F, 0x00, 0x00, 0x00, 0x00, 0x80, 0x81, 0x19, 0x19, 0x14, 0x82, 0x83, 0x84, 0x85, 0x19, 0x19, 0x19, 0x86, 0x87, 0x11, 0x00, 0x00, 
	   0x19, 0x19, 0x19, 0x7C, 0x00, 0x00, 0x00, 0x00, 0x00, 0x00, 0x00, 0x00, 0x00, 0x44, 0x19, 0x19, 0x1A, 0x00, 0x00, 0x1B, 0x19, 0x19, 0x45, 0x00, 0x00, 0x00, 0x00, 0x00, 0x00, 0x00, 0x00, 0x00, 0x00, 0x00, 0x00, 0x00, 0x00, 0x00, 0x1B, 0x19, 0x19, 0x19, 0x19, 0x19, 0x19, 0x19, 0x19, 0x19, 0x19, 0x19, 0x19, 0x19, 0x19, 0x19, 0x1A, 0x00, 0x00, 0x00, 0x88, 0x89, 0x19, 0x2B, 0x8A, 0x8B, 0x00, 0x00, 0x00, 0x8C, 0x8D, 0x8E, 0x19, 0x19, 0x19, 0x8F, 0x90, 0x00, 
	   0x91, 0x91, 0x91, 0x92, 0x00, 0x00, 0x00, 0x00, 0x00, 0x00, 0x00, 0x00, 0x00, 0x93, 0x91, 0x91, 0x94, 0x00, 0x00, 0x95, 0x91, 0x91, 0x96, 0x00, 0x00, 0x00, 0x00, 0x00, 0x00, 0x00, 0x00, 0x00, 0x00, 0x00, 0x00, 0x00, 0x00, 0x00, 0x95, 0x91, 0x91, 0x91, 0x91, 0x91, 0x91, 0x91, 0x91, 0x91, 0x91, 0x91, 0x91, 0x91, 0x91, 0x91, 0x94, 0x00, 0x00, 0x97, 0x98, 0x19, 0x99, 0x9A, 0x00, 0x00, 0x00, 0x00, 0x00, 0x00, 0x00, 0x9B, 0x9C, 0x91, 0x91, 0x91, 0x91, 0x9D, 
	   0x00, 0x00, 0x00, 0x00, 0x00, 0x00, 0x00, 0x00, 0x00, 0x00, 0x00, 0x00, 0x00, 0x00, 0x00, 0x00, 0x00, 0x00, 0x00, 0x00, 0x00, 0x00, 0x00, 0x00, 0x00, 0x00, 0x00, 0x00, 0x00, 0x00, 0x00, 0x00, 0x00, 0x00, 0x00, 0x00, 0x00, 0x00, 0x00, 0x00, 0x00, 0x00, 0x00, 0x00, 0x00, 0x00, 0x00, 0x00, 0x00, 0x00, 0x00, 0x00, 0x00, 0x00, 0x00, 0x00, 0x9E, 0x9F, 0xA0, 0xA1, 0x00, 0x00, 0x00, 0x00, 0x00, 0x00, 0x00, 0x00, 0x00, 0x00, 0x00, 0x00, 0x00, 0x00, 0x00, 0x00, 
	   0x00, 0x00, 0x00, 0x00, 0x00, 0x00, 0x00, 0x00, 0x00, 0x00, 0x00, 0x00, 0x00, 0x00, 0x00, 0x00, 0x00, 0x00, 0x00, 0x00, 0x00, 0x00, 0x00, 0x00, 0x00, 0x00, 0x00, 0x00, 0x00, 0x00, 0x00, 0x00, 0x00, 0x00, 0x00, 0x00, 0x00, 0x00, 0x00, 0x00, 0x00, 0x00, 0x00, 0x00, 0x00, 0x00, 0x00, 0x00, 0x00, 0x00, 0x00, 0x00, 0x00, 0x00, 0x00, 0xA2, 0xA3, 0xA4, 0x00, 0x00, 0x00, 0x00, 0x00, 0x00, 0x00, 0x00, 0x00, 0x00, 0x00, 0x00, 0x00, 0x00, 0x00, 0x00, 0x00, 0x00, 
	   0x00, 0x00, 0x00, 0x00, 0x00, 0x00, 0x00, 0x00, 0x00, 0x00, 0x00, 0x00, 0x00, 0x00, 0x00, 0x00, 0x00, 0x00, 0x00, 0x00, 0x00, 0x00, 0x00, 0x00, 0x00, 0x00, 0x00, 0x00, 0x00, 0x00, 0x00, 0x00, 0x00, 0x00, 0x00, 0x00, 0x00, 0x00, 0x00, 0x00, 0x00, 0x00, 0x00, 0x00, 0x00, 0x00, 0x00, 0x00, 0x00, 0x00, 0x00, 0x00, 0x00, 0x33, 0xA5, 0xA4, 0x00, 0x00, 0x00, 0x00, 0x00, 0x00, 0x00, 0x00, 0x00, 0x00, 0x00, 0x00, 0x00, 0x00, 0x00, 0x00, 0x00, 0x00, 0x00, 0x00, 
   _END_,};
#elif(_LOGO_TYPE == _LOGO_ODNA)
   BYTE code tiOSD_1BIT_LOGO0[]={
	  
	  ////////////////////////////////////////////Font Map index////////////////////////////////////////////
	  0x00, 0x00, 0x00, 0x00, 0x00, 0x00, 0x01, 0x02, 0x03, 0x04, 0x05, 0x00, 0x06, 0x07, 0x08, 0x09, 0x0A, 0x00, 0x00, 0x00, 0x00, 0x00, 0x00, 0x00, 0x00, 0x00, 0x00, 0x00, 0x00, 0x00, 0x00, 0x00, 0x00, 0x00, 0x00, 0x00, 0x00, 0x00, 0x00, 0x00, 0x00, 0x00, _NEXT_,
	  0x00, 0x00, 0x00, 0x00, 0x0B, 0x0C, 0x0D, 0x0E, 0x0E, 0x0E, 0x0F, 0x00, 0x10, 0x0E, 0x0E, 0x0E, 0x11, 0x12, 0x13, 0x00, 0x00, 0x00, 0x00, 0x00, 0x00, 0x00, 0x00, 0x00, 0x00, 0x00, 0x00, 0x00, 0x00, 0x00, 0x00, 0x00, 0x00, 0x00, 0x00, 0x00, 0x00, 0x00, _NEXT_,
	  0x00, 0x00, 0x14, 0x15, 0x0E, 0x0E, 0x16, 0x17, 0x18, 0x19, 0x00, 0x00, 0x00, 0x1A, 0x1B, 0x1C, 0x1D, 0x0E, 0x1E, 0x1F, 0x20, 0x00, 0x00, 0x00, 0x00, 0x00, 0x00, 0x00, 0x00, 0x00, 0x00, 0x00, 0x00, 0x00, 0x00, 0x00, 0x00, 0x00, 0x00, 0x00, 0x00, 0x00, _NEXT_,
	  0x00, 0x21, 0x22, 0x0E, 0x23, 0x24, 0x25, 0x00, 0x00, 0x26, 0x27, 0x00, 0x28, 0x29, 0x00, 0x00, 0x2A, 0x2B, 0x2C, 0x0E, 0x2D, 0x2E, 0x00, 0x00, 0x00, 0x00, 0x00, 0x2F, 0x2F, 0x2F, 0x2F, 0x2F, 0x2F, 0x2F, 0x2F, 0x2F, 0x2F, 0x2F, 0x2F, 0x2F, 0x2F, 0x2F, _NEXT_,
	  0x30, 0x31, 0x0E, 0x32, 0x33, 0x00, 0x34, 0x35, 0x36, 0x0E, 0x37, 0x38, 0x39, 0x0E, 0x3A, 0x3B, 0x3C, 0x00, 0x3D, 0x3E, 0x0E, 0x3F, 0x40, 0x00, 0x00, 0x00, 0x00, 0x0E, 0x0E, 0x0E, 0x0E, 0x0E, 0x0E, 0x0E, 0x0E, 0x0E, 0x0E, 0x0E, 0x0E, 0x0E, 0x0E, 0x0E, _NEXT_,
	  0x41, 0x0E, 0x42, 0x43, 0x00, 0x44, 0x45, 0x0E, 0x0E, 0x0E, 0x0E, 0x0E, 0x0E, 0x0E, 0x0E, 0x0E, 0x46, 0x47, 0x00, 0x48, 0x0E, 0x0E, 0x49, 0x00, 0x00, 0x00, 0x00, 0x4A, 0x4A, 0x4A, 0x4A, 0x4A, 0x4A, 0x4A, 0x4A, 0x4A, 0x4A, 0x4A, 0x4A, 0x4A, 0x4A, 0x4A, _NEXT_,
	  0x4B, 0x0E, 0x4C, 0x00, 0x00, 0x4D, 0x0E, 0x0E, 0x0E, 0x4E, 0x4F, 0x50, 0x51, 0x52, 0x0E, 0x0E, 0x0E, 0x53, 0x00, 0x00, 0x54, 0x0E, 0x55, 0x00, 0x00, 0x00, 0x00, 0x56, 0x56, 0x56, 0x56, 0x57, 0x00, 0x00, 0x00, 0x00, 0x00, 0x00, 0x00, 0x00, 0x58, 0x56, _NEXT_,
	  0x59, 0x59, 0x5A, 0x00, 0x00, 0x5B, 0x5C, 0x0E, 0x5D, 0x5E, 0x00, 0x00, 0x00, 0x5F, 0x0E, 0x0E, 0x60, 0x61, 0x00, 0x00, 0x62, 0x59, 0x63, 0x00, 0x00, 0x00, 0x00, 0x0E, 0x0E, 0x0E, 0x0E, 0x64, 0x00, 0x00, 0x00, 0x00, 0x00, 0x00, 0x00, 0x00, 0x65, 0x0E, _NEXT_,
	  0x66, 0x66, 0x67, 0x00, 0x00, 0x68, 0x69, 0x0E, 0x6A, 0x6B, 0x00, 0x00, 0x00, 0x6C, 0x0E, 0x0E, 0x6D, 0x6E, 0x00, 0x00, 0x6F, 0x66, 0x66, 0x70, 0x00, 0x00, 0x00, 0x0E, 0x0E, 0x0E, 0x0E, 0x64, 0x00, 0x00, 0x00, 0x00, 0x00, 0x00, 0x00, 0x00, 0x71, 0x0E, _NEXT_,
	  0x72, 0x0E, 0x73, 0x00, 0x00, 0x74, 0x0E, 0x0E, 0x0E, 0x75, 0x76, 0x77, 0x78, 0x79, 0x0E, 0x0E, 0x0E, 0x7A, 0x00, 0x00, 0x7B, 0x0E, 0x7C, 0x00, 0x00, 0x00, 0x00, 0x0E, 0x0E, 0x0E, 0x0E, 0x64, 0x00, 0x00, 0x00, 0x00, 0x00, 0x00, 0x00, 0x7D, 0x7E, 0x0E, _NEXT_,
	  0x7F, 0x0E, 0x1E, 0x80, 0x00, 0x81, 0x82, 0x0E, 0x0E, 0x0E, 0x0E, 0x0E, 0x0E, 0x0E, 0x0E, 0x0E, 0x83, 0x84, 0x00, 0x85, 0x0E, 0x0E, 0x86, 0x00, 0x00, 0x00, 0x00, 0x0E, 0x0E, 0x0E, 0x0E, 0x87, 0x88, 0x88, 0x88, 0x88, 0x88, 0x89, 0x8A, 0x8B, 0x0E, 0x0E, _NEXT_,
	  0x8C, 0x8D, 0x0E, 0x8E, 0x8F, 0x00, 0x00, 0x90, 0x91, 0x92, 0x93, 0x94, 0x95, 0x96, 0x97, 0x98, 0x00, 0x00, 0x99, 0x9A, 0x0E, 0x9B, 0x25, 0x00, 0x00, 0x00, 0x00, 0x0E, 0x0E, 0x0E, 0x0E, 0x0E, 0x0E, 0x0E, 0x0E, 0x0E, 0x0E, 0x0E, 0x0E, 0x0E, 0x0E, 0x0E, _NEXT_,
	  0x00, 0x9C, 0x9D, 0x0E, 0x9E, 0x9F, 0xA0, 0x00, 0x00, 0xA1, 0xA2, 0x00, 0xA3, 0xA4, 0x00, 0x00, 0xA5, 0xA6, 0x8B, 0x0E, 0xA7, 0xA8, 0x00, 0x00, 0x00, 0x00, 0x00, 0xA9, 0xA9, 0xA9, 0xA9, 0xA9, 0xA9, 0xA9, 0xA9, 0xA9, 0xA9, 0xAA, 0xAB, 0xAC, 0xAD, 0xAE, _NEXT_,
	  0x00, 0x00, 0xAF, 0xB0, 0xB1, 0x0E, 0xB2, 0xB3, 0xB4, 0xB5, 0xB6, 0x00, 0xB7, 0xB8, 0xB9, 0xBA, 0xBB, 0x0E, 0xBC, 0xBD, 0xBE, 0x00, 0x00, 0x00, 0x00, 0x00, 0x00, 0x00, 0x00, 0x00, 0x00, 0x00, 0x00, 0x00, 0x00, 0x00, 0x00, 0x00, 0x00, 0x00, 0x00, 0x00, _NEXT_,
	  0x00, 0x00, 0x00, 0x00, 0xBF, 0xC0, 0xC1, 0x0E, 0x0E, 0x0E, 0xC2, 0x00, 0xC3, 0x0E, 0x0E, 0x0E, 0xC4, 0xC5, 0xC6, 0x00, 0x00, 0x00, 0x00, 0x00, 0x00, 0x00, 0x00, 0x00, 0x00, 0x00, 0x00, 0x00, 0x00, 0x00, 0x00, 0x00, 0x00, 0x00, 0x00, 0x00, 0x00, 0x00, _NEXT_,
	  0x00, 0x00, 0x00, 0x00, 0x00, 0x00, 0xC7, 0xC8, 0xC9, 0xCA, 0xCB, 0x00, 0xCC, 0xCD, 0xCE, 0xCF, 0xD0, 0x00, 0x00, 0x00, 0x00, 0x00, 0x00, 0x00, 0x00, 0x00, 0x00, 0x00, 0x00, 0x00, 0x00, 0x00, 0x00, 0x00, 0x00, 0x00, 0x00, 0x00, 0x00, 0x00, 0x00, 0x00,  _END_,};
	      BYTE code tiOSD_1BIT_LOGO1[]={
	   
	   
	   ////////////////////////////////////////////Font Map index////////////////////////////////////////////
	   0x00, 0x00, 0x00, 0x00, 0x00, 0x00, 0x00, 0x00, 0x00, 0x00, 0x00, 0x00, 0x00, 0x00, 0x00, 0x00, 0x00, 0x00, 0x00, 0x00, 0x00, 0x00, 0x00, 0x00, 0x00, 0x00, 0x00, 0x00, 0x00, 0x00, 0x00, 0x00, 0x00, 0x00, 0x00, 0x00, 0x00, 0x00, 0x00, 0x00, 0x00, 0x00,_NEXT_, 
	   0x00, 0x00, 0x00, 0x00, 0x00, 0x00, 0x00, 0x00, 0x00, 0x00, 0x00, 0x00, 0x00, 0x00, 0x00, 0x00, 0x00, 0x00, 0x00, 0x00, 0x00, 0x00, 0x00, 0x00, 0x00, 0x00, 0x00, 0x00, 0x00, 0x00, 0x00, 0x00, 0x00, 0x00, 0x00, 0x00, 0x00, 0x00, 0x00, 0x00, 0x00, 0x00, _NEXT_,
	   0x00, 0x00, 0x00, 0x00, 0x00, 0x00, 0x00, 0x00, 0x00, 0x00, 0x00, 0x00, 0x00, 0x00, 0x00, 0x00, 0x00, 0x00, 0x00, 0x00, 0x00, 0x00, 0x00, 0x00, 0x00, 0x00, 0x00, 0x00, 0x00, 0x00, 0x00, 0x00, 0x00, 0x00, 0x00, 0x00, 0x00, 0x00, 0x00, 0x00, 0x00, 0x00, _NEXT_,
	   0x01, 0x01, 0x01, 0x01, 0x01, 0x01, 0x02, 0x03, 0x04, 0x00, 0x00, 0x00, 0x00, 0x00, 0x00, 0x00, 0x00, 0x05, 0x06, 0x06, 0x06, 0x06, 0x07, 0x00, 0x00, 0x00, 0x00, 0x08, 0x09, 0x0A, 0x0B, 0x0C, 0x00, 0x00, 0x00, 0x00, 0x00, 0x00, 0x00, 0x00, 0x00, 0x00, _NEXT_,
	   0x0D, 0x0D, 0x0D, 0x0D, 0x0D, 0x0D, 0x0D, 0x0D, 0x0E, 0x0F, 0x10, 0x00, 0x00, 0x00, 0x00, 0x00, 0x00, 0x11, 0x0D, 0x0D, 0x0D, 0x0D, 0x12, 0x00, 0x00, 0x00, 0x13, 0x14, 0x0D, 0x0D, 0x0D, 0x15, 0x16, 0x00, 0x00, 0x00, 0x00, 0x00, 0x00, 0x00, 0x00, 0x00, _NEXT_,
	   0x17, 0x17, 0x17, 0x17, 0x17, 0x18, 0x0D, 0x0D, 0x0D, 0x0D, 0x19, 0x1A, 0x1B, 0x00, 0x00, 0x00, 0x00, 0x11, 0x0D, 0x0D, 0x0D, 0x0D, 0x12, 0x00, 0x00, 0x1C, 0x1D, 0x0D, 0x0D, 0x0D, 0x0D, 0x0D, 0x1E, 0x1F, 0x00, 0x00, 0x00, 0x00, 0x00, 0x00, 0x00, 0x00, _NEXT_,
	   0x20, 0x20, 0x20, 0x21, 0x22, 0x23, 0x24, 0x25, 0x0D, 0x0D, 0x0D, 0x0D, 0x26, 0x27, 0x00, 0x00, 0x00, 0x11, 0x0D, 0x0D, 0x0D, 0x0D, 0x12, 0x00, 0x28, 0x29, 0x0D, 0x0D, 0x0D, 0x2A, 0x0D, 0x0D, 0x0D, 0x1E, 0x2B, 0x00, 0x00, 0x00, 0x00, 0x00, 0x00, 0x00, _NEXT_,
	   0x0D, 0x0D, 0x0D, 0x2C, 0x11, 0x1E, 0x2D, 0x2E, 0x2F, 0x30, 0x0D, 0x0D, 0x0D, 0x0D, 0x31, 0x32, 0x00, 0x11, 0x0D, 0x0D, 0x0D, 0x0D, 0x12, 0x33, 0x34, 0x0D, 0x0D, 0x0D, 0x35, 0x36, 0x37, 0x0D, 0x0D, 0x0D, 0x0D, 0x38, 0x00, 0x00, 0x00, 0x00, 0x00, 0x00, _NEXT_,
	   0x0D, 0x0D, 0x0D, 0x39, 0x11, 0x0D, 0x0D, 0x15, 0x3A, 0x3B, 0x3C, 0x0D, 0x0D, 0x0D, 0x0D, 0x1E, 0x3D, 0x3E, 0x0D, 0x0D, 0x0D, 0x3F, 0x40, 0x41, 0x0D, 0x0D, 0x0D, 0x42, 0x43, 0x00, 0x44, 0x45, 0x0D, 0x0D, 0x0D, 0x0D, 0x46, 0x00, 0x00, 0x00, 0x00, 0x00, _NEXT_,
	   0x0D, 0x0D, 0x47, 0x48, 0x11, 0x0D, 0x0D, 0x0D, 0x0D, 0x49, 0x00, 0x4A, 0x4B, 0x0D, 0x0D, 0x0D, 0x0D, 0x0D, 0x0D, 0x0D, 0x4C, 0x4D, 0x4E, 0x0D, 0x0D, 0x0D, 0x4F, 0x50, 0x00, 0x00, 0x00, 0x51, 0x52, 0x0D, 0x0D, 0x0D, 0x1E, 0x53, 0x00, 0x00, 0x00, 0x00, _NEXT_,
	   0x0D, 0x54, 0x55, 0x00, 0x11, 0x0D, 0x0D, 0x0D, 0x0D, 0x56, 0x00, 0x00, 0x57, 0x58, 0x59, 0x0D, 0x0D, 0x0D, 0x0D, 0x3F, 0x5A, 0x34, 0x0D, 0x0D, 0x0D, 0x5B, 0x5C, 0x5D, 0x5D, 0x5D, 0x5D, 0x5D, 0x5E, 0x5F, 0x0D, 0x0D, 0x0D, 0x0D, 0x60, 0x00, 0x00, 0x00, _NEXT_,
	   0x61, 0x62, 0x00, 0x00, 0x11, 0x0D, 0x0D, 0x0D, 0x0D, 0x56, 0x00, 0x00, 0x00, 0x00, 0x63, 0x64, 0x65, 0x0D, 0x66, 0x67, 0x4E, 0x0D, 0x0D, 0x0D, 0x68, 0x69, 0x6A, 0x0D, 0x0D, 0x0D, 0x0D, 0x0D, 0x0D, 0x0D, 0x0D, 0x0D, 0x0D, 0x0D, 0x0D, 0x6B, 0x00, 0x00,_NEXT_, 
	   0x6C, 0x00, 0x00, 0x00, 0x6D, 0x6E, 0x6E, 0x6E, 0x6E, 0x6F, 0x00, 0x00, 0x00, 0x00, 0x00, 0x00, 0x70, 0x71, 0x72, 0x73, 0x0D, 0x0D, 0x0D, 0x54, 0x74, 0x75, 0x0D, 0x0D, 0x0D, 0x0D, 0x0D, 0x0D, 0x0D, 0x0D, 0x0D, 0x0D, 0x0D, 0x0D, 0x0D, 0x0D, 0x76, 0x77, _NEXT_,
	   0x00, 0x00, 0x00, 0x00, 0x00, 0x00, 0x00, 0x00, 0x00, 0x00, 0x00, 0x00, 0x00, 0x00, 0x00, 0x00, 0x00, 0x00, 0x78, 0x79, 0x79, 0x79, 0x79, 0x7A, 0x7B, 0x79, 0x79, 0x79, 0x79, 0x79, 0x79, 0x79, 0x79, 0x79, 0x79, 0x79, 0x79, 0x79, 0x79, 0x79, 0x79, 0x7C, _NEXT_,
	   0x00, 0x00, 0x00, 0x00, 0x00, 0x00, 0x00, 0x00, 0x00, 0x00, 0x00, 0x00, 0x00, 0x00, 0x00, 0x00, 0x00, 0x00, 0x00, 0x00, 0x00, 0x00, 0x00, 0x00, 0x00, 0x00, 0x00, 0x00, 0x00, 0x00, 0x00, 0x00, 0x00, 0x00, 0x00, 0x00, 0x00, 0x00, 0x00, 0x00, 0x00, 0x00, _NEXT_,
	   0x00, 0x00, 0x00, 0x00, 0x00, 0x00, 0x00, 0x00, 0x00, 0x00, 0x00, 0x00, 0x00, 0x00, 0x00, 0x00, 0x00, 0x00, 0x00, 0x00, 0x00, 0x00, 0x00, 0x00, 0x00, 0x00, 0x00, 0x00, 0x00, 0x00, 0x00, 0x00, 0x00, 0x00, 0x00, 0x00, 0x00, 0x00, 0x00, 0x00, 0x00, 0x00, _END_,};
#elif(_LOGO_TYPE == _LOGO_SONGREN_SMALL)
	   BYTE code tiOSD_1BIT_LOGO0[]=
	   {
		   0x00, 0x01, 0x02, 0x03, 0x04, 0x05, 0x06, 0x07, 0x00, 0x08, 0x09, 0x0A, 0x0B, 0x0C, 0x0D, 0x0E, 0x00, 0x00, 0x0F, 0x10, 0x10, 0x11, 0x00, 0x00, 0x12, 0x10, 0x13, 0x00, 0x14, 0x15, 0x16, 0x17, 0x18, 0x19, 0x1A, 0x00, 0x12, 0x10, 0x10, 0x10, 0x10, 0x10, 0x1B, 0x1C, 0x1D, 0x1E, 0x1F, 0x10, 0x10, 0x10, 0x10, 0x10, 0x20, 0x00, 0x21, 0x10, 0x10, 0x22, 0x00, 0x23, 0x10, 0x24, 
		   0x25, 0x26, 0x26, 0x27, 0x28, 0x29, 0x2A, 0x2B, 0x2C, 0x2D, 0x27, 0x2E, 0x2F, 0x30, 0x31, 0x32, 0x33, 0x00, 0x34, 0x26, 0x26, 0x35, 0x36, 0x00, 0x37, 0x26, 0x38, 0x39, 0x3A, 0x26, 0x3B, 0x3C, 0x3D, 0x3E, 0x3F, 0x00, 0x40, 0x26, 0x26, 0x41, 0x42, 0x43, 0x26, 0x26, 0x26, 0x44, 0x45, 0x26, 0x26, 0x46, 0x47, 0x48, 0x49, 0x00, 0x4A, 0x26, 0x26, 0x4B, 0x4C, 0x4D, 0x26, 0x4E, 
		   0x4F, 0x26, 0x26, 0x50, 0x51, 0x00, 0x00, 0x00, 0x52, 0x26, 0x53, 0x00, 0x00, 0x00, 0x54, 0x26, 0x35, 0x55, 0x56, 0x26, 0x57, 0x26, 0x58, 0x59, 0x5A, 0x26, 0x5B, 0x5C, 0x26, 0x5D, 0x5E, 0x5F, 0x60, 0x60, 0x61, 0x00, 0x40, 0x26, 0x26, 0x62, 0x00, 0x00, 0x63, 0x26, 0x26, 0x64, 0x45, 0x26, 0x26, 0x65, 0x65, 0x66, 0x67, 0x00, 0x26, 0x26, 0x68, 0x26, 0x69, 0x6A, 0x26, 0x6B, 
		   0x6C, 0x6D, 0x6E, 0x26, 0x6F, 0x70, 0x71, 0x00, 0x72, 0x26, 0x73, 0x00, 0x00, 0x00, 0x74, 0x26, 0x27, 0x75, 0x76, 0x26, 0x77, 0x78, 0x26, 0x79, 0x7A, 0x26, 0x62, 0x7B, 0x26, 0x7C, 0x00, 0x7D, 0x7E, 0x26, 0x4E, 0x00, 0x40, 0x26, 0x26, 0x7F, 0x80, 0x81, 0x82, 0x26, 0x27, 0x83, 0x45, 0x26, 0x84, 0x29, 0x29, 0x29, 0x85, 0x86, 0x26, 0x26, 0x87, 0x88, 0x26, 0x89, 0x26, 0x8A, 
		   0x00, 0x00, 0x8B, 0x8C, 0x26, 0x26, 0x8D, 0x8E, 0x8F, 0x90, 0x35, 0x91, 0x92, 0x93, 0x94, 0x26, 0x95, 0x00, 0x40, 0x26, 0x77, 0x96, 0x97, 0x26, 0x26, 0x26, 0x98, 0x99, 0x26, 0x9A, 0x9B, 0x80, 0x9C, 0x26, 0x4E, 0x00, 0x9D, 0x26, 0x26, 0x62, 0x9E, 0x26, 0x26, 0x9F, 0xA0, 0x00, 0xA1, 0x26, 0xA2, 0xA3, 0xA4, 0x60, 0xA5, 0xA6, 0x26, 0x26, 0x00, 0xA7, 0xA8, 0x26, 0x26, 0x64, 
		   0xA9, 0x00, 0x00, 0xAA, 0xAB, 0x26, 0x26, 0xAC, 0x00, 0xAD, 0xAE, 0xAF, 0xB0, 0xB1, 0xB2, 0xB3, 0x00, 0x00, 0xB4, 0xB5, 0xB6, 0x00, 0xB7, 0xB8, 0xB5, 0xB5, 0xB9, 0x00, 0xBA, 0xBB, 0xBC, 0x42, 0xBD, 0xBE, 0xBF, 0x00, 0xC0, 0x26, 0x26, 0x62, 0xC1, 0x26, 0x26, 0xC2, 0xC3, 0x00, 0xC4, 0xC5, 0xC5, 0xC5, 0xC5, 0xC5, 0xC6, 0xC7, 0xC5, 0xC5, 0x00, 0x00, 0xC8, 0xB5, 0xB5, 0xC9, 
		   0xCA, 0xCB, 0xCC, 0xCD, 0x26, 0x26, 0x26, 0xCE, 0xCF, 0xCF, 0xCF, 0xCF, 0xCF, 0xCF, 0xCF, 0xCF, 0xCF, 0xCF, 0xCF, 0xCF, 0xCF, 0xCF, 0xCF, 0xCF, 0xCF, 0xCF, 0xCF, 0xCF, 0xCF, 0xCF, 0xCF, 0xCF, 0xCF, 0xCF, 0xD0, 0x00, 0xD1, 0x26, 0x26, 0x62, 0x00, 0x9E, 0x26, 0x26, 0xD2, 0x10, 0x10, 0x10, 0x10, 0x10, 0x10, 0x10, 0x10, 0x10, 0x10, 0x10, 0x10, 0x10, 0x10, 0x10, 0x10, 0x24, 
		   0xD3, 0x42, 0x42, 0x42, 0x42, 0x42, 0x42, 0x42, 0x42, 0x42, 0x42, 0x42, 0x42, 0x42, 0x42, 0x42, 0x42, 0x42, 0x42, 0x42, 0x42, 0x42, 0x42, 0x42, 0x42, 0x42, 0x42, 0x42, 0x42, 0x42, 0x42, 0x42, 0x42, 0x42, 0xD4, 0xD5, 0x42, 0x42, 0x42, 0xD6, 0x00, 0xD7, 0x42, 0x42, 0x42, 0x42, 0x42, 0x42, 0x42, 0x42, 0x42, 0x42, 0x42, 0x42, 0x42, 0x42, 0x42, 0x42, 0x42, 0x42, 0x42, 0xD8, 
		   
	   _END_,
	   };
	   
#elif(_LOGO_TYPE == _LOGO_SHUJIE)
	   BYTE code tiOSD_1BIT_LOGO0[]=
	   {
		   
		   0x00, 0x01, 0x02, 0x03, 0x04, 0x05, 0x06, 0x07, 0x08, 0x09, 0x0A, 0x0B, 0x0C, 0x0D, 0x0E, 0x0F, 0x10, 0x11, 0x0B, 0x0B, 0x12, 0x13, 0x0E, 0x0F, 0x14, 0x15, 0x16, 0x17, 0x0E, 0x18, 0x19, 0x1A, 0x0B, 0x0B, 0x1B, 0x1C, 0x17, 0x1D, 0x1E, 0x1F, 0x20, 0x21, 0x0E, 0x0F, 0x22, 0x23, 0x24, 0x25, 0x0E, 0x26, 0x27, 0x28, 0x29, 0x2A, 0x0E, 0x0E, 0x0E, 0x0E, 0x0E, 0x0E, 0x0E, 0x0E, 0x2B, 
		   0x2C, 0x2D, 0x2D, 0x2E, 0x2F, 0x0B, 0x0B, 0x0B, 0x30, 0x31, 0x32, 0x0B, 0x33, 0x34, 0x2D, 0x2D, 0x35, 0x0B, 0x0B, 0x0B, 0x36, 0x2D, 0x2D, 0x37, 0x38, 0x0B, 0x39, 0x2D, 0x2D, 0x3A, 0x3B, 0x0B, 0x0B, 0x0B, 0x3C, 0x3D, 0x2D, 0x2D, 0x3E, 0x0B, 0x3F, 0x2D, 0x2D, 0x40, 0x41, 0x0B, 0x42, 0x43, 0x2D, 0x2D, 0x44, 0x0B, 0x0B, 0x45, 0x2D, 0x2D, 0x46, 0x47, 0x47, 0x47, 0x47, 0x48, 0x49, 
		   0x4A, 0x4B, 0x2D, 0x2D, 0x4C, 0x4D, 0x4E, 0x4F, 0x50, 0x51, 0x0B, 0x0B, 0x52, 0x2D, 0x2D, 0x2D, 0x53, 0x54, 0x54, 0x54, 0x55, 0x2D, 0x2D, 0x56, 0x0B, 0x0B, 0x57, 0x2D, 0x2D, 0x58, 0x0B, 0x0B, 0x0B, 0x0B, 0x59, 0x2D, 0x2D, 0x5A, 0x0B, 0x0B, 0x5B, 0x2D, 0x2D, 0x5C, 0x0B, 0x0B, 0x5D, 0x2D, 0x2D, 0x5E, 0x0B, 0x0B, 0x0B, 0x5F, 0x2D, 0x2D, 0x60, 0x61, 0x61, 0x62, 0x63, 0x0B, 0x0B, 
		   0x64, 0x65, 0x66, 0x67, 0x68, 0x69, 0x6A, 0x6B, 0x2D, 0x2D, 0x6C, 0x0B, 0x6D, 0x2D, 0x2D, 0x6E, 0x6F, 0x6F, 0x6F, 0x6F, 0x70, 0x2D, 0x2D, 0x71, 0x0B, 0x0B, 0x72, 0x2D, 0x2D, 0x73, 0x0B, 0x0B, 0x0B, 0x0B, 0x74, 0x2D, 0x2D, 0x75, 0x0B, 0x0B, 0x76, 0x2D, 0x2D, 0x77, 0x0B, 0x0B, 0x78, 0x2D, 0x2D, 0x79, 0x0B, 0x0B, 0x7A, 0x2D, 0x2D, 0x7B, 0x7C, 0x6F, 0x6F, 0x7D, 0x7E, 0x0B, 0x0B, 
		   0x7F, 0x80, 0x81, 0x0B, 0x0B, 0x0B, 0x82, 0x83, 0x2D, 0x2D, 0x84, 0x0B, 0x85, 0x2D, 0x2D, 0x86, 0x0B, 0x0B, 0x0B, 0x0B, 0x87, 0x2D, 0x2D, 0x88, 0x0B, 0x0B, 0x89, 0x2D, 0x2D, 0x8A, 0x0B, 0x0B, 0x0B, 0x8B, 0x8C, 0x2D, 0x8D, 0x8E, 0x0B, 0x0B, 0x8F, 0x2D, 0x2D, 0x90, 0x0B, 0x0B, 0x91, 0x2D, 0x2D, 0x92, 0x0B, 0x0B, 0x93, 0x2D, 0x2D, 0x94, 0x95, 0x95, 0x95, 0x95, 0x95, 0x96, 0x97, 
		   0x98, 0x99, 0x9A, 0x9B, 0x0E, 0x9C, 0x9D, 0x9E, 0x9F, 0xA0, 0xA1, 0xA2, 0xA3, 0x06, 0x06, 0xA4, 0xA5, 0x0B, 0x0B, 0xA6, 0xA7, 0x06, 0x06, 0xA8, 0x0B, 0x0B, 0xA9, 0xAA, 0xAB, 0xAC, 0xAD, 0xAE, 0xAF, 0xB0, 0xB1, 0xB2, 0xB3, 0x0B, 0x0B, 0xB4, 0x2D, 0x2D, 0xB5, 0xB6, 0x0B, 0xB7, 0xB8, 0x06, 0xB9, 0xBA, 0xBB, 0xBC, 0xBD, 0x06, 0x06, 0x06, 0x06, 0x06, 0x06, 0x06, 0x06, 0x06, 0xBE, 
		   0x0B, 0x0B, 0x0B, 0x0B, 0x0B, 0x0B, 0x0B, 0x0B, 0x0B, 0x0B, 0x0B, 0x0B, 0x0B, 0x0B, 0x0B, 0x0B, 0x0B, 0x0B, 0x0B, 0x0B, 0x0B, 0x0B, 0x0B, 0x0B, 0x0B, 0x0B, 0x0B, 0x0B, 0x0B, 0x0B, 0x0B, 0x0B, 0x0B, 0x0B, 0x0B, 0x0B, 0x0B, 0x0B, 0xBF, 0xC0, 0xC1, 0xC2, 0xC3, 0x0B, 0x0B, 0x0B, 0x0B, 0x0B, 0x0B, 0x0B, 0x0B, 0x0B, 0x0B, 0x0B, 0x0B, 0x0B, 0x0B, 0x0B, 0x0B, 0x0B, 0x0B, 0x0B, 0x0B, 
		   _END_,
	   };

#elif(_LOGO_TYPE == _LOGO_CRK_RUIKE)
BYTE code tiOSD_1BIT_LOGO0[]=
{
	
	
    0x00, 0x00, 0x01, 0x02, 0x03, 0x04, 0x04, 0x04, 0x04, 0x04, 0x04, 0x05, 0x00, 0x06, 0x04, 0x04, 0x04, 0x04, 0x04, 0x04, 0x04, 0x04, 0x07, 0x08, 0x09, 0x00, 0x0A, 0x04, 0x04, 0x04, 0x04, 0x0B, 0x00, 0x0C, 0x0D, 0x0E, 0x0F, 0x10, 0x00, 0x00, 0x11, 0x12, 0x12, 0x13, 0x14, 0x15, 0x00, 0x16, 0x17, 0x00, 0x18, 0x15, 0x00, 0x19, 0x1A, 0x1A, 0x1A, 0x1A, 0x1B, 0x1C, 0x1D, 0x1A, 0x1A, 0x1A, 0x1A, 0x1E, _NEXT_, 
    0x00, 0x1F, 0x20, 0x21, 0x22, 0x23, 0x24, 0x25, 0x25, 0x25, 0x25, 0x26, 0x00, 0x27, 0x28, 0x28, 0x28, 0x28, 0x28, 0x28, 0x29, 0x2A, 0x21, 0x21, 0x2B, 0x2C, 0x2D, 0x21, 0x21, 0x2E, 0x2F, 0x30, 0x31, 0x32, 0x21, 0x33, 0x34, 0x00, 0x00, 0x00, 0x35, 0x21, 0x36, 0x37, 0x38, 0x39, 0x04, 0x3A, 0x3B, 0x3C, 0x3D, 0x3E, 0x00, 0x3F, 0x40, 0x40, 0x40, 0x40, 0x41, 0x21, 0x42, 0x40, 0x40, 0x40, 0x40, 0x43, _NEXT_, 
    0x44, 0x21, 0x21, 0x45, 0x46, 0x00, 0x00, 0x00, 0x00, 0x00, 0x00, 0x00, 0x00, 0x00, 0x00, 0x00, 0x00, 0x00, 0x00, 0x00, 0x00, 0x00, 0x47, 0x21, 0x21, 0x48, 0x2D, 0x21, 0x49, 0x4A, 0x0C, 0x4B, 0x21, 0x4C, 0x4D, 0x00, 0x00, 0x00, 0x00, 0x00, 0x00, 0x21, 0x4E, 0x4F, 0x50, 0x51, 0x51, 0x51, 0x51, 0x51, 0x52, 0x12, 0x53, 0x00, 0x54, 0x12, 0x12, 0x12, 0x55, 0x21, 0x56, 0x12, 0x12, 0x12, 0x57, 0x00, _NEXT_, 
    0x58, 0x21, 0x21, 0x59, 0x00, 0x00, 0x00, 0x00, 0x00, 0x00, 0x00, 0x00, 0x00, 0x5A, 0x5B, 0x5B, 0x5B, 0x5B, 0x5B, 0x5B, 0x5C, 0x5D, 0x5E, 0x21, 0x5F, 0x60, 0x61, 0x2F, 0x30, 0x31, 0x32, 0x21, 0x33, 0x34, 0x00, 0x00, 0x00, 0x00, 0x00, 0x00, 0x62, 0x21, 0x63, 0x64, 0x65, 0x66, 0x67, 0x68, 0x69, 0x6A, 0x6B, 0x6C, 0x6D, 0x00, 0x6E, 0x21, 0x6F, 0x70, 0x70, 0x70, 0x70, 0x70, 0x71, 0x21, 0x72, 0x00, _NEXT_, 
    0x73, 0x21, 0x21, 0x74, 0x00, 0x00, 0x00, 0x00, 0x00, 0x00, 0x00, 0x00, 0x00, 0x75, 0x21, 0x21, 0x76, 0x77, 0x77, 0x78, 0x21, 0x21, 0x79, 0x7A, 0x7B, 0x00, 0x7C, 0x0C, 0x4B, 0x7D, 0x7E, 0x21, 0x7F, 0x80, 0x00, 0x00, 0x00, 0x00, 0x00, 0x00, 0x00, 0x21, 0x4E, 0x00, 0x81, 0x82, 0x83, 0x84, 0x85, 0x82, 0x86, 0x87, 0x00, 0x00, 0x6E, 0x21, 0x88, 0x89, 0x89, 0x89, 0x89, 0x89, 0x8A, 0x21, 0x8B, 0x00, _NEXT_, 
    0x8C, 0x21, 0x21, 0x8D, 0x8E, 0x00, 0x00, 0x00, 0x00, 0x00, 0x00, 0x00, 0x00, 0x75, 0x21, 0x21, 0x8F, 0x00, 0x00, 0x90, 0x91, 0x21, 0x92, 0x93, 0x00, 0x00, 0x94, 0x32, 0x21, 0x8F, 0x95, 0x96, 0x21, 0x97, 0x98, 0x99, 0x00, 0x00, 0x00, 0x00, 0x00, 0x21, 0x4E, 0x00, 0x9A, 0x4E, 0x9B, 0x4E, 0x9B, 0x4E, 0x9C, 0x21, 0x00, 0x00, 0x9D, 0x70, 0x9E, 0x21, 0x9F, 0x70, 0xA0, 0xA1, 0x70, 0xA2, 0x00, 0x00, _NEXT_, 
    0xA3, 0xA4, 0xA5, 0x21, 0xA6, 0xA7, 0xA8, 0x04, 0x04, 0x04, 0x04, 0x05, 0x00, 0x75, 0x21, 0x21, 0x8F, 0x00, 0x00, 0x00, 0xA9, 0xAA, 0x21, 0xAB, 0xAC, 0x00, 0xAD, 0x21, 0x21, 0x8F, 0x00, 0x00, 0xAE, 0x7E, 0x21, 0x7F, 0x80, 0x00, 0x00, 0x00, 0xAF, 0x21, 0xB0, 0xB1, 0x9A, 0x4E, 0x9B, 0x4E, 0x9B, 0x4E, 0x9C, 0x21, 0x00, 0x00, 0x00, 0xB2, 0xB3, 0xB4, 0xB5, 0x00, 0xAD, 0xB6, 0x00, 0x00, 0xB7, 0xB8, _NEXT_, 
    0x00, 0x00, 0xB9, 0xBA, 0xBB, 0xBC, 0x25, 0x25, 0x25, 0x25, 0x25, 0x26, 0x00, 0xBD, 0x25, 0x25, 0xBE, 0x00, 0x00, 0x00, 0x00, 0xBF, 0x25, 0x25, 0xC0, 0xC1, 0xC2, 0x28, 0x28, 0xC3, 0x00, 0x00, 0x00, 0x95, 0xC4, 0x28, 0xC5, 0xC6, 0x00, 0x00, 0xC7, 0xC8, 0xC9, 0x00, 0xCA, 0xCB, 0xCC, 0xCD, 0xCC, 0xCD, 0xCE, 0xCF, 0x00, 0xD0, 0xD1, 0xD2, 0xD3, 0xD4, 0x00, 0x00, 0xD5, 0xD6, 0xD7, 0xD8, 0xD9, 0xDA,  _END_,
};



BYTE code tiOSD_1BIT_LOGO1[]=
{
	0x00, 0x01, 0x02, 0x03, 0x04, 0x05, 0x06, 0x07, 0x08, 0x08, 0x08, 0x08, 0x08, 0x08, 0x08, 0x08, 0x08, 0x09, 0x0A, 0x06, 0x06, 0x06, 0x06, 0x0B, 0x08, 0x08, 0x08, 0x08, 0x08, 0x08, 0x08, 0x08, 0x0C, 0x06, 0x0D, 0x08, 0x08, 0x08, 0x0E, 0x0F, 0x06, 0x06, 0x06, 0x0B, 0x08, 0x08, 0x10, _NEXT_,
	0x11, 0x11, 0x11, 0x11, 0x11, 0x12, 0x06, 0x13, 0x11, 0x11, 0x11, 0x11, 0x11, 0x11, 0x11, 0x11, 0x11, 0x11, 0x14, 0x15, 0x16, 0x17, 0x06, 0x18, 0x11, 0x11, 0x11, 0x11, 0x11, 0x11, 0x11, 0x11, 0x19, 0x06, 0x1A, 0x11, 0x11, 0x11, 0x11, 0x1B, 0x06, 0x06, 0x06, 0x18, 0x11, 0x11, 0x1C, _NEXT_,
	0x1D, 0x1E, 0x1F, 0x20, 0x21, 0x22, 0x06, 0x13, 0x11, 0x11, 0x11, 0x11, 0x11, 0x11, 0x11, 0x11, 0x11, 0x11, 0x11, 0x11, 0x11, 0x23, 0x0F, 0x18, 0x11, 0x11, 0x24, 0x25, 0x25, 0x25, 0x25, 0x25, 0x26, 0x06, 0x1A, 0x11, 0x11, 0x11, 0x11, 0x27, 0x28, 0x06, 0x06, 0x18, 0x11, 0x11, 0x1C, _NEXT_,
	0x06, 0x06, 0x06, 0x06, 0x06, 0x06, 0x06, 0x13, 0x11, 0x11, 0x11, 0x11, 0x29, 0x2A, 0x2A, 0x2B, 0x2C, 0x2D, 0x11, 0x11, 0x11, 0x11, 0x2E, 0x18, 0x11, 0x11, 0x2F, 0x30, 0x30, 0x30, 0x30, 0x31, 0x06, 0x06, 0x1A, 0x11, 0x11, 0x32, 0x11, 0x11, 0x33, 0x34, 0x06, 0x18, 0x11, 0x11, 0x1C, _NEXT_,
	0x35, 0x36, 0x36, 0x36, 0x36, 0x37, 0x06, 0x13, 0x11, 0x11, 0x11, 0x11, 0x38, 0x06, 0x06, 0x06, 0x06, 0x39, 0x11, 0x11, 0x11, 0x3A, 0x3B, 0x18, 0x11, 0x11, 0x11, 0x11, 0x11, 0x11, 0x11, 0x3C, 0x06, 0x06, 0x1A, 0x11, 0x11, 0x3D, 0x3E, 0x11, 0x11, 0x3F, 0x40, 0x18, 0x11, 0x11, 0x1C, _NEXT_,
	0x41, 0x42, 0x43, 0x11, 0x11, 0x3C, 0x06, 0x13, 0x11, 0x11, 0x11, 0x11, 0x38, 0x44, 0x45, 0x46, 0x47, 0x11, 0x11, 0x11, 0x11, 0x48, 0x06, 0x18, 0x11, 0x11, 0x49, 0x4A, 0x4A, 0x4A, 0x4A, 0x4B, 0x06, 0x06, 0x1A, 0x11, 0x11, 0x4C, 0x4D, 0x4E, 0x11, 0x11, 0x4F, 0x50, 0x11, 0x11, 0x1C, _NEXT_,
	0x06, 0x06, 0x51, 0x11, 0x11, 0x3C, 0x06, 0x13, 0x11, 0x11, 0x11, 0x11, 0x38, 0x52, 0x11, 0x11, 0x11, 0x11, 0x11, 0x53, 0x54, 0x55, 0x06, 0x18, 0x11, 0x11, 0x19, 0x06, 0x06, 0x06, 0x06, 0x06, 0x06, 0x06, 0x1A, 0x11, 0x11, 0x4C, 0x06, 0x56, 0x57, 0x11, 0x11, 0x11, 0x11, 0x11, 0x1C, _NEXT_,
	0x58, 0x59, 0x5A, 0x11, 0x11, 0x3C, 0x06, 0x13, 0x11, 0x11, 0x11, 0x11, 0x38, 0x5B, 0x5C, 0x11, 0x11, 0x11, 0x5D, 0x5E, 0x06, 0x06, 0x06, 0x18, 0x11, 0x11, 0x5F, 0x36, 0x36, 0x36, 0x36, 0x36, 0x60, 0x06, 0x1A, 0x11, 0x11, 0x4C, 0x06, 0x06, 0x61, 0x11, 0x11, 0x11, 0x11, 0x11, 0x1C, _NEXT_,
	0x11, 0x11, 0x11, 0x11, 0x62, 0x63, 0x06, 0x13, 0x11, 0x11, 0x11, 0x11, 0x38, 0x06, 0x52, 0x11, 0x11, 0x11, 0x11, 0x64, 0x06, 0x06, 0x06, 0x18, 0x11, 0x11, 0x11, 0x11, 0x11, 0x11, 0x11, 0x11, 0x12, 0x06, 0x1A, 0x11, 0x11, 0x4C, 0x06, 0x06, 0x06, 0x65, 0x11, 0x11, 0x11, 0x11, 0x1C, _NEXT_,
	0x66, 0x66, 0x67, 0x68, 0x69, 0x6A, 0x06, 0x13, 0x11, 0x11, 0x11, 0x11, 0x38, 0x06, 0x6B, 0x6C, 0x11, 0x11, 0x11, 0x6D, 0x6E, 0x08, 0x08, 0x6F, 0x70, 0x70, 0x70, 0x70, 0x70, 0x70, 0x70, 0x70, 0x71, 0x08, 0x72, 0x70, 0x70, 0x73, 0x08, 0x08, 0x08, 0x74, 0x75, 0x75, 0x75, 0x75, 0x76, _NEXT_,
	0x11, 0x11, 0x11, 0x11, 0x11, 0x77, 0x06, 0x13, 0x11, 0x11, 0x11, 0x11, 0x38, 0x06, 0x06, 0x78, 0x11, 0x11, 0x11, 0x11, 0x11, 0x11, 0x11, 0x11, 0x11, 0x11, 0x11, 0x11, 0x11, 0x11, 0x11, 0x11, 0x11, 0x11, 0x11, 0x11, 0x11, 0x11, 0x11, 0x11, 0x11, 0x11, 0x11, 0x11, 0x11, 0x11, 0x79, _NEXT_,
	0x11, 0x11, 0x11, 0x11, 0x11, 0x77, 0x06, 0x13, 0x11, 0x11, 0x11, 0x11, 0x38, 0x06, 0x06, 0x7A, 0x6C, 0x11, 0x11, 0x11, 0x11, 0x11, 0x11, 0x11, 0x11, 0x11, 0x11, 0x11, 0x11, 0x11, 0x11, 0x11, 0x11, 0x11, 0x11, 0x11, 0x11, 0x11, 0x11, 0x11, 0x11, 0x11, 0x11, 0x11, 0x11, 0x11, 0x79, _NEXT_,
	0x7B, 0x7B, 0x7B, 0x7B, 0x7B, 0x7C, 0x06, 0x7D, 0x7B, 0x7B, 0x7B, 0x7B, 0x7E, 0x06, 0x06, 0x06, 0x7F, 0x7B, 0x7B, 0x7B, 0x7B, 0x7B, 0x7B, 0x7B, 0x7B, 0x7B, 0x7B, 0x7B, 0x7B, 0x7B, 0x7B, 0x7B, 0x7B, 0x7B, 0x7B, 0x7B, 0x7B, 0x7B, 0x7B, 0x7B, 0x7B, 0x7B, 0x7B, 0x7B, 0x7B, 0x7B, 0x80, _END_,
};

#elif(_LOGO_TYPE == _LOGO_SONGREN_3)
BYTE code tiOSD_1BIT_LOGO0[]=
{
	0x00, 0x00, 0x01, 0x02, 0x03, 0x04, 0x04, 0x05, 0x06, 0x07, 0x00, 0x00, 0x08, 0x09, 0x0A, 0x0B, 0x0C, 0x0D, 0x0E, 0x00, 0x00, 0x00, 0x0F, 0x10, 0x10, 0x11, 0x12, 0x00, 0x00, 0x0F, 0x10, 0x10, 0x13, 0x00, 0x00, 0x14, 0x15, _NEXT_,
	0x00, 0x16, 0x17, 0x17, 0x17, 0x17, 0x17, 0x17, 0x17, 0x18, 0x19, 0x1A, 0x17, 0x17, 0x1B, 0x1C, 0x1D, 0x17, 0x1E, 0x1F, 0x20, 0x00, 0x21, 0x17, 0x17, 0x17, 0x22, 0x23, 0x00, 0x24, 0x17, 0x17, 0x00, 0x25, 0x26, 0x17, 0x17, _NEXT_,
	0x27, 0x28, 0x17, 0x17, 0x29, 0x2A, 0x2B, 0x2C, 0x2D, 0x2E, 0x2F, 0x17, 0x17, 0x30, 0x31, 0x00, 0x32, 0x33, 0x17, 0x17, 0x34, 0x00, 0x35, 0x17, 0x36, 0x17, 0x17, 0x37, 0x00, 0x35, 0x17, 0x38, 0x00, 0x39, 0x17, 0x17, 0x3A, _NEXT_,
	0x3B, 0x3C, 0x17, 0x17, 0x17, 0x3D, 0x3E, 0x00, 0x00, 0x3F, 0x28, 0x17, 0x40, 0x41, 0x00, 0x00, 0x00, 0x42, 0x43, 0x17, 0x44, 0x00, 0x35, 0x17, 0x45, 0x46, 0x17, 0x1E, 0x47, 0x48, 0x17, 0x49, 0x4A, 0x17, 0x17, 0x4B, 0x00, _NEXT_,
	0x00, 0x4C, 0x4D, 0x17, 0x17, 0x17, 0x4E, 0x4F, 0x00, 0x50, 0x51, 0x17, 0x52, 0x53, 0x00, 0x00, 0x00, 0x54, 0x17, 0x17, 0x55, 0x00, 0x56, 0x17, 0x45, 0x57, 0x58, 0x17, 0x59, 0x5A, 0x17, 0x5B, 0x5C, 0x5D, 0x17, 0x5E, 0x5F, _NEXT_,
	0x00, 0x00, 0x00, 0x60, 0x61, 0x17, 0x17, 0x17, 0x62, 0x23, 0x63, 0x64, 0x17, 0x65, 0x66, 0x67, 0x68, 0x69, 0x17, 0x6A, 0x6B, 0x00, 0x6C, 0x17, 0x45, 0x00, 0x6D, 0x6E, 0x17, 0x17, 0x17, 0x6F, 0x00, 0x70, 0x17, 0x17, 0x71, _NEXT_,
	0x00, 0x00, 0x00, 0x00, 0x4C, 0x72, 0x17, 0x17, 0x17, 0x73, 0x00, 0x74, 0x75, 0x76, 0x17, 0x17, 0x17, 0x77, 0x78, 0x79, 0x00, 0x00, 0x7A, 0x17, 0x45, 0x00, 0x00, 0x7B, 0x7C, 0x17, 0x17, 0x7D, 0x00, 0x7E, 0x7F, 0x80, 0x17, _NEXT_,
	0x81, 0x82, 0x83, 0x84, 0x85, 0x86, 0x17, 0x17, 0x17, 0x87, 0x88, 0x88, 0x88, 0x89, 0x8A, 0x8B, 0x8C, 0x8D, 0x88, 0x88, 0x88, 0x88, 0x8E, 0x8F, 0x90, 0x88, 0x88, 0x88, 0x91, 0x8F, 0x8F, 0x92, 0x88, 0x88, 0x88, 0x93, 0x94, _NEXT_,
	0x95, 0x17, 0x17, 0x17, 0x17, 0x17, 0x17, 0x17, 0x17, 0x17, 0x17, 0x17, 0x17, 0x17, 0x17, 0x17, 0x17, 0x17, 0x17, 0x17, 0x17, 0x17, 0x17, 0x17, 0x17, 0x17, 0x17, 0x17, 0x17, 0x17, 0x17, 0x17, 0x17, 0x17, 0x17, 0x17, 0x17, _NEXT_,
	0x96, 0x97, 0x97, 0x97, 0x97, 0x97, 0x97, 0x97, 0x97, 0x97, 0x97, 0x97, 0x97, 0x97, 0x97, 0x97, 0x97, 0x97, 0x97, 0x97, 0x97, 0x97, 0x97, 0x97, 0x97, 0x97, 0x97, 0x97, 0x97, 0x97, 0x97, 0x97, 0x97, 0x97, 0x97, 0x97, 0x97, _END_,
	};


BYTE code tiOSD_1BIT_LOGO1[]=
{
	0x00, 0x01, 0x01, 0x02, 0x03, 0x04, 0x05, 0x06, 0x06, 0x06, 0x06, 0x06, 0x06, 0x06, 0x07, 0x08, 0x09, 0x0A, 0x0A, 0x0B, 0x06, 0x06, 0x06, 0x06, 0x06, 0x06, 0x0C, 0x0A, 0x0B, 0x06, 0x06, 0x0D, 0x0E, 0x0A, 0x0A, 0x0F, 0x06, 0x10, _NEXT_,
	0x11, 0x12, 0x13, 0x14, 0x15, 0x16, 0x17, 0x18, 0x18, 0x18, 0x18, 0x18, 0x18, 0x18, 0x18, 0x18, 0x19, 0x1A, 0x0E, 0x1B, 0x18, 0x18, 0x1C, 0x1D, 0x1D, 0x1D, 0x1E, 0x0A, 0x1F, 0x18, 0x18, 0x18, 0x20, 0x0A, 0x0A, 0x21, 0x18, 0x22, _NEXT_,
	0x23, 0x0A, 0x0A, 0x0A, 0x24, 0x25, 0x17, 0x18, 0x18, 0x18, 0x26, 0x27, 0x28, 0x29, 0x2A, 0x18, 0x18, 0x18, 0x2B, 0x1B, 0x18, 0x18, 0x2C, 0x2D, 0x2D, 0x2E, 0x0A, 0x0A, 0x21, 0x18, 0x18, 0x18, 0x18, 0x2F, 0x0A, 0x30, 0x18, 0x22, _NEXT_,
	0x0A, 0x31, 0x32, 0x32, 0x32, 0x33, 0x17, 0x18, 0x18, 0x18, 0x34, 0x0A, 0x0A, 0x0A, 0x35, 0x18, 0x18, 0x18, 0x36, 0x1B, 0x18, 0x18, 0x18, 0x18, 0x18, 0x37, 0x0A, 0x0A, 0x21, 0x18, 0x38, 0x39, 0x18, 0x3A, 0x3B, 0x3C, 0x18, 0x3D, _NEXT_,
	0x0A, 0x3E, 0x3F, 0x18, 0x18, 0x40, 0x17, 0x18, 0x18, 0x18, 0x34, 0x41, 0x42, 0x43, 0x44, 0x18, 0x18, 0x45, 0x46, 0x47, 0x18, 0x18, 0x48, 0x48, 0x48, 0x49, 0x0A, 0x0A, 0x4A, 0x18, 0x4B, 0x4C, 0x4D, 0x18, 0x4E, 0x4F, 0x18, 0x4B, _NEXT_,
	0x50, 0x51, 0x52, 0x18, 0x18, 0x40, 0x53, 0x18, 0x18, 0x18, 0x34, 0x54, 0x18, 0x18, 0x18, 0x55, 0x56, 0x0A, 0x0A, 0x57, 0x18, 0x18, 0x58, 0x58, 0x58, 0x58, 0x59, 0x0A, 0x5A, 0x18, 0x4B, 0x0A, 0x5B, 0x5C, 0x18, 0x18, 0x18, 0x5D, _NEXT_,
	0x18, 0x18, 0x18, 0x18, 0x11, 0x5E, 0x5F, 0x18, 0x18, 0x18, 0x34, 0x60, 0x61, 0x18, 0x18, 0x62, 0x63, 0x0A, 0x0A, 0x5A, 0x18, 0x18, 0x18, 0x18, 0x18, 0x18, 0x4B, 0x64, 0x18, 0x18, 0x4B, 0x0A, 0x0A, 0x65, 0x15, 0x18, 0x18, 0x66, _NEXT_,
	0x67, 0x68, 0x69, 0x6A, 0x6B, 0x6C, 0x6D, 0x18, 0x18, 0x18, 0x34, 0x0A, 0x6E, 0x18, 0x18, 0x18, 0x6F, 0x70, 0x71, 0x72, 0x72, 0x72, 0x72, 0x72, 0x72, 0x72, 0x73, 0x71, 0x72, 0x72, 0x73, 0x70, 0x70, 0x70, 0x74, 0x75, 0x75, 0x76, _NEXT_,
	0x18, 0x18, 0x18, 0x18, 0x18, 0x16, 0x77, 0x18, 0x18, 0x18, 0x34, 0x0A, 0x78, 0x61, 0x18, 0x18, 0x18, 0x18, 0x18, 0x18, 0x18, 0x18, 0x18, 0x18, 0x18, 0x18, 0x18, 0x18, 0x18, 0x18, 0x18, 0x18, 0x18, 0x18, 0x18, 0x18, 0x18, 0x79, _NEXT_,
	0x7A, 0x7A, 0x7A, 0x7A, 0x7A, 0x7B, 0x7C, 0x7A, 0x7A, 0x7A, 0x7D, 0x0A, 0x0A, 0x7E, 0x7A, 0x7A, 0x7A, 0x7A, 0x7A, 0x7A, 0x7A, 0x7A, 0x7A, 0x7A, 0x7A, 0x7A, 0x7A, 0x7A, 0x7A, 0x7A, 0x7A, 0x7A, 0x7A, 0x7A, 0x7A, 0x7A, 0x7A, 0x7F, _END_,
};
#elif(_LOGO_TYPE == _LOGO_MECER_BIG)

BYTE code tiOSD_1BIT_LOGO0[]=

{
////////////////////////////////////////////Font Map index////////////////////////////////////////////
0x00, 0x00, 0x00, 0x00, 0x00, 0x00, 0x00, 0x00, 0x01, 0x02, 0x03, 0x04, 0x05, 0x06, 0x07, 0x00, 0x08, 0x09, 0x0A, 0x04, 0x0B, 0x0C, 0x0D, 0x0E, 0x0F, 0x10, 0x11, 0x04, 0x0B, 0x0C, 0x12, 0x13, 0x14, 0x15, 0x16, 0x17, _NEXT_,
0x00, 0x00, 0x00, 0x00, 0x00, 0x00, 0x00, 0x00, 0x00, 0x00, 0x18, 0x0F, 0x19, 0x11, 0x04, 0x1A, 0x1B, 0x1C, 0x00, 0x1D, 0x1E, 0x1F, 0x04, 0x20, 0x21, 0x22, 0x23, 0x24, 0x25, 0x04, 0x26, 0x00, 0x27, 0x28, 0x29, 0x04, _NEXT_,
0x00, 0x00, 0x00, 0x00, 0x00, 0x00, 0x00, 0x00, 0x00, 0x00, 0x00, 0x00, 0x00, 0x2A, 0x2B, 0x2C, 0x2D, 0x2E, 0x2F, 0x30, 0x31, 0x32, 0x33, 0x34, 0x11, 0x2E, 0x35, 0x00, 0x36, 0x04, 0x26, 0x00, 0x37, 0x38, 0x39, 0x3A, _NEXT_,
0x00, 0x00, 0x00, 0x00, 0x00, 0x00, 0x00, 0x00, 0x00, 0x00, 0x00, 0x00, 0x00, 0x00, 0x00, 0x00, 0x3B, 0x3C, 0x3D, 0x3E, 0x3F, 0x40, 0x41, 0x42, 0x43, 0x04, 0x04, 0x00, 0x36, 0x04, 0x26, 0x00, 0x44, 0x45, 0x00, 0x00, _NEXT_,
0x00, 0x00, 0x00, 0x00, 0x00, 0x00, 0x00, 0x00, 0x00, 0x00, 0x00, 0x00, 0x00, 0x00, 0x00, 0x00, 0x00, 0x00, 0x00, 0x46, 0x47, 0x48, 0x04, 0x49, 0x4A, 0x04, 0x04, 0x00, 0x36, 0x04, 0x26, 0x00, 0x00, 0x00, 0x00, 0x00, _NEXT_,
0x00, 0x00, 0x00, 0x00, 0x00, 0x00, 0x00, 0x00, 0x00, 0x00, 0x00, 0x00, 0x00, 0x00, 0x00, 0x00, 0x00, 0x00, 0x00, 0x00, 0x00, 0x4B, 0x04, 0x49, 0x4A, 0x04, 0x04, 0x00, 0x36, 0x04, 0x26, 0x00, 0x00, 0x00, 0x00, 0x00, _NEXT_,
0x00, 0x00, 0x00, 0x00, 0x00, 0x00, 0x00, 0x00, 0x00, 0x00, 0x00, 0x00, 0x00, 0x00, 0x00, 0x00, 0x00, 0x00, 0x00, 0x00, 0x00, 0x4B, 0x04, 0x49, 0x4A, 0x04, 0x04, 0x00, 0x36, 0x04, 0x26, 0x00, 0x00, 0x00, 0x00, 0x00, _NEXT_,
0x00, 0x00, 0x00, 0x00, 0x00, 0x00, 0x00, 0x00, 0x00, 0x00, 0x00, 0x00, 0x00, 0x00, 0x00, 0x00, 0x00, 0x00, 0x00, 0x00, 0x00, 0x4B, 0x04, 0x49, 0x4A, 0x04, 0x04, 0x00, 0x36, 0x04, 0x26, 0x00, 0x00, 0x00, 0x00, 0x00, _NEXT_,
0x00, 0x00, 0x00, 0x00, 0x00, 0x00, 0x00, 0x00, 0x00, 0x00, 0x00, 0x00, 0x00, 0x00, 0x00, 0x00, 0x00, 0x00, 0x00, 0x00, 0x00, 0x4B, 0x04, 0x49, 0x4A, 0x04, 0x04, 0x00, 0x36, 0x04, 0x26, 0x00, 0x00, 0x00, 0x00, 0x00, _NEXT_,
0x00, 0x00, 0x00, 0x00, 0x00, 0x00, 0x00, 0x00, 0x00, 0x00, 0x00, 0x00, 0x00, 0x00, 0x00, 0x00, 0x00, 0x00, 0x00, 0x00, 0x00, 0x4B, 0x04, 0x49, 0x4A, 0x04, 0x04, 0x00, 0x36, 0x04, 0x26, 0x00, 0x00, 0x00, 0x00, 0x00, _NEXT_,
0x00, 0x00, 0x00, 0x00, 0x00, 0x00, 0x00, 0x00, 0x00, 0x00, 0x00, 0x00, 0x00, 0x00, 0x00, 0x00, 0x00, 0x00, 0x00, 0x00, 0x00, 0x4B, 0x04, 0x49, 0x4A, 0x04, 0x04, 0x00, 0x36, 0x04, 0x26, 0x00, 0x00, 0x00, 0x00, 0x00, _NEXT_,
0x00, 0x00, 0x00, 0x00, 0x00, 0x00, 0x00, 0x00, 0x00, 0x00, 0x00, 0x00, 0x00, 0x00, 0x00, 0x00, 0x00, 0x00, 0x00, 0x00, 0x00, 0x4B, 0x04, 0x49, 0x4A, 0x04, 0x04, 0x00, 0x36, 0x04, 0x26, 0x00, 0x00, 0x00, 0x00, 0x00, _NEXT_,
0x00, 0x00, 0x00, 0x00, 0x00, 0x00, 0x00, 0x00, 0x00, 0x00, 0x00, 0x00, 0x00, 0x00, 0x00, 0x00, 0x00, 0x00, 0x00, 0x00, 0x00, 0x4B, 0x04, 0x49, 0x4A, 0x04, 0x04, 0x00, 0x36, 0x04, 0x26, 0x00, 0x00, 0x00, 0x00, 0x00, _NEXT_,
0x00, 0x00, 0x00, 0x00, 0x00, 0x00, 0x00, 0x00, 0x00, 0x00, 0x00, 0x00, 0x00, 0x00, 0x00, 0x00, 0x00, 0x00, 0x00, 0x00, 0x00, 0x4B, 0x04, 0x49, 0x4A, 0x04, 0x04, 0x00, 0x36, 0x04, 0x26, 0x00, 0x00, 0x00, 0x00, 0x00, _NEXT_,
0x00, 0x00, 0x00, 0x00, 0x00, 0x00, 0x00, 0x00, 0x00, 0x00, 0x00, 0x00, 0x00, 0x00, 0x00, 0x00, 0x00, 0x00, 0x00, 0x00, 0x00, 0x4B, 0x04, 0x49, 0x4A, 0x04, 0x04, 0x00, 0x36, 0x04, 0x4C, 0x4D, 0x4E, 0x00, 0x00, 0x00, _NEXT_,
0x00, 0x00, 0x00, 0x00, 0x00, 0x00, 0x00, 0x00, 0x00, 0x00, 0x00, 0x00, 0x00, 0x00, 0x00, 0x00, 0x00, 0x00, 0x4F, 0x50, 0x00, 0x4B, 0x04, 0x49, 0x4A, 0x04, 0x04, 0x31, 0x51, 0x52, 0x53, 0x04, 0x2E, 0x54, 0x55, 0x56, _NEXT_,
0x00, 0x00, 0x00, 0x00, 0x00, 0x00, 0x00, 0x00, 0x00, 0x00, 0x00, 0x00, 0x00, 0x00, 0x00, 0x57, 0x58, 0x59, 0x5A, 0x5B, 0x00, 0x4B, 0x04, 0x49, 0x5C, 0x1F, 0x04, 0x3F, 0x5D, 0x5E, 0x56, 0x5F, 0x60, 0x61, 0x04, 0x62, _NEXT_,
0x00, 0x00, 0x00, 0x00, 0x00, 0x00, 0x00, 0x00, 0x00, 0x00, 0x00, 0x00, 0x63, 0x64, 0x65, 0x66, 0x04, 0x67, 0x68, 0x69, 0x00, 0x4B, 0x04, 0x6A, 0x55, 0x6B, 0x6C, 0x6D, 0x61, 0x04, 0x6E, 0x6F, 0x70, 0x71, 0x72, 0x73, _NEXT_,
0x00, 0x00, 0x00, 0x00, 0x00, 0x00, 0x00, 0x00, 0x00, 0x00, 0x74, 0x75, 0x76, 0x04, 0x77, 0x78, 0x79, 0x7A, 0x7B, 0x7C, 0x07, 0x7D, 0x7E, 0x61, 0x04, 0x6E, 0x7F, 0x80, 0x81, 0x82, 0x83, 0x84, 0x04, 0x85, 0x86, 0x07, _NEXT_,
0x00, 0x00, 0x00, 0x00, 0x00, 0x00, 0x00, 0x87, 0x88, 0x89, 0x04, 0x8A, 0x8B, 0x8C, 0x8D, 0x8E, 0x8F, 0x90, 0x04, 0x91, 0x92, 0x93, 0x00, 0x94, 0x95, 0x96, 0x97, 0x04, 0x98, 0x99, 0x9A, 0x9B, 0x9C, 0x9D, 0x3E, 0x04, _NEXT_,
0x00, 0x00, 0x00, 0x00, 0x00, 0x9E, 0x9F, 0x04, 0xA0, 0xA1, 0xA2, 0xA3, 0xA4, 0xA5, 0xA6, 0x04, 0xA7, 0xA8, 0xA9, 0xAA, 0xAB, 0xAC, 0xAD, 0xAE, 0xAF, 0xB0, 0xB1, 0xB2, 0xB3, 0x2D, 0x04, 0xB4, 0xB5, 0x22, 0xB6, 0x47, _NEXT_,
0x00, 0x00, 0x00, 0x00, 0x00, 0xB7, 0x04, 0xB8, 0xB9, 0xBA, 0xAC, 0xBB, 0x04, 0xBC, 0xBD, 0xBE, 0xBF, 0x87, 0xC0, 0xC1, 0x04, 0xC2, 0xC3, 0xC4, 0xB9, 0x00, 0x00, 0x00, 0x00, 0xC5, 0x3C, 0x3D, 0x3E, 0x2E, 0xC6, 0x30, _NEXT_,
0x00, 0x00, 0x00, 0x00, 0x00, 0xB7, 0x04, 0xC7, 0x00, 0xB7, 0x04, 0xC8, 0xC9, 0xCA, 0xCB, 0xCC, 0xCD, 0x04, 0x04, 0xCE, 0xCF, 0xD0, 0x00, 0x00, 0x00, 0x00, 0x00, 0x00, 0x00, 0x00, 0x00, 0x00, 0xB6, 0x47, 0xD1, 0x04, _NEXT_,
0x00, 0x00, 0x00, 0x00, 0x00, 0xB7, 0x04, 0xC7, 0x00, 0xB7, 0x04, 0xC7, 0x00, 0xD2, 0xD3, 0x04, 0xD4, 0xD5, 0xD6, 0x00, 0x00, 0x00, 0x00, 0x00, 0x00, 0x00, 0x00, 0x00, 0x00, 0x00, 0x00, 0x00, 0x00, 0x00, 0x00, 0xD7, _NEXT_,
0x00, 0x00, 0x00, 0x00, 0x00, 0xB7, 0x04, 0xC7, 0x00, 0xB7, 0x04, 0xC7, 0x00, 0x37, 0x04, 0xD8, 0x00, 0x00, 0x00, 0x00, 0x00, 0x00, 0x00, 0x00, 0x00, 0x00, 0x00, 0x00, 0x00, 0x00, 0x00, 0x00, 0x00, 0x00, 0x00, 0x00, _NEXT_,
0x00, 0x00, 0x00, 0x00, 0x00, 0xB7, 0x04, 0xC7, 0x00, 0xB7, 0x04, 0xC7, 0x00, 0x37, 0x04, 0xD9, 0x00, 0x00, 0x00, 0x00, 0x00, 0x00, 0x00, 0x00, 0x00, 0x00, 0x00, 0x00, 0x00, 0x00, 0x00, 0x00, 0x00, 0x00, 0x00, 0x00, _NEXT_,
0x00, 0x00, 0x00, 0x00, 0x00, 0xB7, 0x04, 0xC7, 0x00, 0xB7, 0x04, 0xC7, 0x00, 0x37, 0x04, 0xD9, 0x00, 0x00, 0x00, 0x00, 0x00, 0x00, 0x00, 0x00, 0x00, 0x00, 0x00, 0x00, 0x00, 0x00, 0x00, 0x00, 0x00, 0x00, 0x00, 0x00, _NEXT_,
0x00, 0x00, 0x00, 0x00, 0x00, 0xB7, 0x04, 0xC7, 0x00, 0xB7, 0x04, 0xC7, 0x00, 0x37, 0x04, 0xD9, 0x00, 0x00, 0x00, 0x00, 0x00, 0x00, 0x00, 0x00, 0x00, 0x00, 0x00, 0x00, 0x00, 0x00, 0x00, 0x00, 0x00, 0x00, 0x00, 0x00, _NEXT_,
0x00, 0x00, 0x00, 0x00, 0x00, 0xB7, 0x04, 0xC7, 0x00, 0xB7, 0x04, 0xC7, 0x00, 0x37, 0x04, 0xD9, 0x00, 0x00, 0x00, 0x00, 0x00, 0x00, 0x00, 0x00, 0x00, 0x00, 0x00, 0x00, 0x00, 0x00, 0x00, 0x00, 0x00, 0x00, 0x00, 0x00, _NEXT_,
0x00, 0x00, 0x00, 0x00, 0x00, 0xB7, 0x04, 0xC7, 0x00, 0xB7, 0x04, 0xC7, 0x00, 0x37, 0x04, 0xD9, 0x00, 0x00, 0x00, 0x00, 0x00, 0x00, 0x00, 0x00, 0x00, 0x00, 0x00, 0x00, 0x00, 0x00, 0x00, 0x00, 0x00, 0x00, 0x00, 0x00, _NEXT_,
0x00, 0x00, 0x00, 0x00, 0x00, 0xB7, 0x04, 0xC7, 0x00, 0xB7, 0x04, 0xC7, 0x00, 0x37, 0x04, 0xD9, 0x00, 0x00, 0x00, 0x00, 0x00, 0x00, 0x00, 0x00, 0x00, 0x00, 0x00, 0x00, 0x00, 0x00, 0x00, 0x00, 0x00, 0x00, 0x00, 0x00, _NEXT_,
0x00, 0x00, 0x00, 0x00, 0x00, 0xB7, 0x04, 0xC7, 0x00, 0xB7, 0x04, 0xC7, 0x00, 0x37, 0x04, 0xD9, 0x00, 0x00, 0x00, 0x00, 0x00, 0x00, 0x00, 0x00, 0x00, 0x00, 0x00, 0x00, 0x00, 0x00, 0x00, 0x00, 0x00, 0x00, 0x00, 0x00, _NEXT_,
0x00, 0x00, 0x00, 0x00, 0x00, 0xB7, 0x04, 0xC7, 0x00, 0xB7, 0x04, 0xC7, 0x00, 0x37, 0x04, 0xD9, 0x00, 0x00, 0x00, 0x00, 0x00, 0x00, 0x00, 0x00, 0x00, 0x00, 0x00, 0x00, 0x00, 0x00, 0x00, 0x00, 0x00, 0x00, 0x00, 0x00, _NEXT_,
0x00, 0x00, 0x00, 0x00, 0x00, 0xB7, 0x04, 0xC7, 0x00, 0xB7, 0x04, 0xC7, 0x00, 0x37, 0x04, 0xD9, 0x00, 0x00, 0x00, 0x00, 0x00, 0x00, 0x00, 0x00, 0x00, 0x00, 0x00, 0x00, 0x00, 0x00, 0x00, 0x00, 0x00, 0x00, 0x00, 0x00, _NEXT_,
0x00, 0x00, 0x63, 0xDA, 0xDB, 0x90, 0x04, 0xDC, 0x00, 0xB7, 0x04, 0xC7, 0x00, 0x37, 0x04, 0xD9, 0xDD, 0xDE, 0xDF, 0xE0, 0x00, 0x00, 0x00, 0x00, 0x00, 0x00, 0x00, 0x00, 0x00, 0x00, 0x00, 0x00, 0x00, 0x00, 0xE1, 0xE2, _NEXT_,
0xE3, 0xE4, 0xE5, 0x04, 0xE6, 0xE7, 0xE8, 0xE9, 0xEA, 0xEB, 0x04, 0xC7, 0x00, 0x37, 0x04, 0xD9, 0xEC, 0xED, 0x04, 0xEE, 0xEF, 0xF0, 0x00, 0x00, 0x00, 0x00, 0x00, 0x00, 0x00, 0x00, 0x00, 0xF1, 0xF2, 0xF3, 0xF4, 0x04, 
_END_,
};
BYTE code tiOSD_1BIT_LOGO1[]=
{
	////////////////////////////////////////////Font Map index////////////////////////////////////////////
	0x00, 0x00, 0x00, 0x00, 0x01, 0x02, 0x03, 0x04, 0x00, 0x05, 0x06, 0x02, 0x07, 0x00, 0x00, 0x00, 0x00, 0x00, 0x00, 0x00, 0x00, 0x00, 0x00, 0x00, 0x00, 0x00, 0x00, 0x00, 0x00, 0x00, 0x00, 0x00, 0x00, 0x00, 0x00, 0x00, 0x00, 0x00, 0x00, 0x00, 0x00, 0x00,_NEXT_, 
	0x00, 0x00, 0x00, 0x08, 0x09, 0x0A, 0x0A, 0x0B, 0x00, 0x0C, 0x0A, 0x0A, 0x0D, 0x00, 0x0E, 0x0F, 0x10, 0x11, 0x11, 0x12, 0x0E, 0x13, 0x10, 0x11, 0x11, 0x14, 0x15, 0x16, 0x17, 0x11, 0x11, 0x18, 0x19, 0x11, 0x11, 0x11, 0x11, 0x11, 0x1A, 0x1B, 0x1C, 0x1D,_NEXT_, 
	0x00, 0x00, 0x1E, 0x1F, 0x20, 0x20, 0x20, 0x21, 0x22, 0x20, 0x20, 0x20, 0x20, 0x23, 0x24, 0x25, 0x26, 0x26, 0x26, 0x27, 0x28, 0x29, 0x26, 0x26, 0x26, 0x2A, 0x2B, 0x25, 0x26, 0x26, 0x26, 0x2C, 0x2D, 0x20, 0x2E, 0x26, 0x26, 0x2F, 0x20, 0x30, 0x31, 0x32, _NEXT_,
	0x00, 0x00, 0x33, 0x34, 0x35, 0x36, 0x34, 0x37, 0x38, 0x34, 0x39, 0x34, 0x34, 0x3A, 0x34, 0x3B, 0x02, 0x02, 0x3C, 0x3D, 0x34, 0x3E, 0x00, 0x00, 0x00, 0x3F, 0x34, 0x40, 0x02, 0x02, 0x02, 0x41, 0x42, 0x34, 0x43, 0x02, 0x02, 0x44, 0x34, 0x45, 0x00, 0x00, _NEXT_,
	0x00, 0x46, 0x34, 0x47, 0x48, 0x49, 0x34, 0x34, 0x34, 0x4A, 0x4B, 0x4C, 0x34, 0x34, 0x34, 0x4D, 0x4E, 0x4E, 0x4F, 0x50, 0x34, 0x51, 0x00, 0x00, 0x00, 0x52, 0x34, 0x53, 0x4E, 0x4E, 0x54, 0x00, 0x55, 0x56, 0x4E, 0x57, 0x34, 0x58, 0x59, 0x32, 0x00, 0x00, _NEXT_,
	0x5A, 0x5B, 0x34, 0x5C, 0x00, 0x5D, 0x34, 0x34, 0x5E, 0x5F, 0x00, 0x60, 0x34, 0x61, 0x62, 0x63, 0x64, 0x02, 0x02, 0x65, 0x66, 0x34, 0x67, 0x02, 0x02, 0x68, 0x69, 0x6A, 0x6B, 0x02, 0x02, 0x6C, 0x6D, 0x6E, 0x00, 0x6F, 0x70, 0x71, 0x72, 0x00, 0x00, 0x00, _NEXT_,
	0x73, 0x74, 0x75, 0x00, 0x00, 0x76, 0x74, 0x74, 0x77, 0x00, 0x00, 0x78, 0x74, 0x79, 0x7A, 0x7B, 0x7C, 0x74, 0x74, 0x7D, 0x7E, 0x7F, 0x80, 0x74, 0x74, 0x81, 0x82, 0x83, 0x84, 0x74, 0x74, 0x85, 0x86, 0x87, 0x00, 0x00, 0x88, 0x89, 0x74, 0x8A, 0x00, 0x00, 
		_END_,

};
#elif(_LOGO_TYPE == _LOGO_CRUA)

BYTE code tiOSD_1BIT_LOGO0[]=

{
	0x00, 0x00, 0x00, 0x00, 0x00, 0x00, 0x00, 0x00, 0x00, 0x00, 0x00, 0x00, 0x00, 0x00, 0x00, 0x00, 0x00, 0x00, 0x00, 0x00, 0x00, 0x00, 0x00, 0x00, 0x00, 0x00, 0x00, 0x00, 0x00, 0x00, 0x00, 0x00, 0x00, 0x00, 0x00, 0x00, 0x00, _NEXT_, 
	0x00, 0x00, 0x00, 0x00, 0x00, 0x00, 0x00, 0x00, 0x01, 0x02, 0x03, 0x04, 0x05, 0x06, 0x07, 0x08, 0x09, 0x0A, 0x00, 0x00, 0x00, 0x00, 0x00, 0x00, 0x00, 0x00, 0x00, 0x00, 0x00, 0x00, 0x00, 0x00, 0x0B, 0x0C, 0x0D, 0x0E, 0x0F, _NEXT_, 
	0x00, 0x00, 0x00, 0x00, 0x00, 0x00, 0x10, 0x11, 0x12, 0x13, 0x14, 0x15, 0x16, 0x17, 0x18, 0x19, 0x12, 0x1A, 0x1B, 0x1C, 0x00, 0x00, 0x00, 0x00, 0x00, 0x00, 0x00, 0x00, 0x00, 0x00, 0x1D, 0x1E, 0x1F, 0x20, 0x21, 0x22, 0x23, _NEXT_, 
	0x00, 0x00, 0x00, 0x00, 0x0B, 0x24, 0x25, 0x26, 0x27, 0x28, 0x29, 0x12, 0x12, 0x12, 0x2A, 0x2B, 0x2C, 0x12, 0x12, 0x2D, 0x2E, 0x2F, 0x30, 0x31, 0x32, 0x00, 0x00, 0x00, 0x00, 0x33, 0x34, 0x12, 0x35, 0x36, 0x00, 0x00, 0x37, _NEXT_, 
	0x00, 0x00, 0x00, 0x38, 0x39, 0x3A, 0x00, 0x3B, 0x12, 0x12, 0x3C, 0x3D, 0x3E, 0x3F, 0x40, 0x00, 0x41, 0x42, 0x43, 0x44, 0x05, 0x05, 0x45, 0x46, 0x47, 0x00, 0x00, 0x00, 0x00, 0x48, 0x12, 0x12, 0x49, 0x00, 0x00, 0x00, 0x00, _NEXT_, 
	0x4A, 0x4B, 0x4C, 0x4D, 0x4E, 0x4F, 0x50, 0x51, 0x52, 0x53, 0x54, 0x00, 0x00, 0x55, 0x56, 0x57, 0x58, 0x59, 0x5A, 0x5B, 0x00, 0x00, 0x00, 0x00, 0x00, 0x00, 0x00, 0x00, 0x00, 0x5C, 0x12, 0x12, 0x5D, 0x00, 0x00, 0x00, 0x00, _NEXT_, 
	0x5E, 0x5F, 0x60, 0x61, 0x62, 0x63, 0x12, 0x12, 0x64, 0x65, 0x66, 0x00, 0x00, 0x00, 0x67, 0x68, 0x69, 0x6A, 0x6B, 0x6C, 0x00, 0x00, 0x00, 0x00, 0x00, 0x00, 0x00, 0x00, 0x00, 0x6D, 0x6E, 0x12, 0x6F, 0x70, 0x00, 0x71, 0x72, _NEXT_, 
	0x00, 0x00, 0x00, 0x00, 0x00, 0x73, 0x74, 0x75, 0x76, 0x12, 0x77, 0x78, 0x79, 0x7A, 0x7B, 0x7C, 0x7D, 0x7E, 0x00, 0x00, 0x00, 0x00, 0x00, 0x00, 0x00, 0x00, 0x00, 0x00, 0x00, 0x00, 0x7F, 0x80, 0x81, 0x12, 0x82, 0x83, 0x84, _NEXT_, 
	0x00, 0x00, 0x00, 0x00, 0x00, 0x00, 0x00, 0x00, 0x00, 0x85, 0x86, 0x87, 0x88, 0x89, 0x8A, 0x8B, 0x00, 0x00, 0x00, 0x00, 0x00, 0x00, 0x00, 0x00, 0x00, 0x00, 0x00, 0x00, 0x00, 0x00, 0x00, 0x00, 0x00, 0x8C, 0x8D, 0x8E, 0x8F, _NEXT_, 
	0x00, 0x00, 0x00, 0x00, 0x00, 0x00, 0x00, 0x00, 0x00, 0x00, 0x00, 0x00, 0x00, 0x00, 0x00, 0x00, 0x00, 0x00, 0x00, 0x00, 0x00, 0x00, 0x00, 0x00, 0x00, 0x00, 0x00, 0x00, 0x00, 0x00, 0x00, 0x00, 0x00, 0x00, 0x00, 0x00, 0x00, _NEXT_, 
	0x00, 0x00, 0x00, 0x00, 0x00, 0x00, 0x00, 0x00, 0x00, 0x00, 0x00, 0x00, 0x00, 0x00, 0x00, 0x00, 0x00, 0x00, 0x00, 0x00, 0x00, 0x00, 0x00, 0x00, 0x00, 0x00, 0x00, 0x00, 0x00, 0x00, 0x00, 0x00, 0x00, 0x00, 0x00, 0x00, 0x00, _NEXT_, 
	0x00, 0x00, 0x00, 0x00, 0x90, 0x91, 0x00, 0x00, 0x00, 0x92, 0x93, 0x94, 0x00, 0x00, 0x00, 0x95, 0x96, 0x00, 0x00, 0x00, 0x97, 0x98, 0x00, 0x00, 0x00, 0x99, 0x9A, 0x9B, 0x00, 0x00, 0x00, 0x00, 0x00, 0x00, 0x00, 0x9C, 0x9D, _NEXT_, 
	0x00, 0x00, 0x00, 0x9E, 0x9F, 0xA0, 0x00, 0x00, 0x00, 0xA1, 0xA2, 0xA3, 0x00, 0x00, 0xA4, 0xA5, 0xA6, 0x00, 0x00, 0x00, 0xA7, 0xA8, 0x00, 0x00, 0x00, 0xA9, 0xAA, 0xAB, 0x00, 0x00, 0x00, 0x00, 0x00, 0x00, 0x00, 0xAC, 0xAD, _NEXT_, 
	0x00, 0x00, 0x00, 0x00, 0x00, 0x00, 0x00, 0x00, 0x00, 0x00, 0x00, 0x00, 0x00, 0x00, 0x00, 0x00, 0x00, 0x00, 0x00, 0x00, 0x00, 0x00, 0x00, 0x00, 0x00, 0x00, 0x00, 0x00, 0x00, 0x00, 0x00, 0x00, 0x00, 0x00, 0x00, 0x00, 0x00, _END_, 

};
BYTE code tiOSD_1BIT_LOGO1[]=
{
	0x00, 0x00, 0x00, 0x00, 0x00, 0x00, 0x00, 0x00, 0x00, 0x00, 0x00, 0x00, 0x00, 0x00, 0x00, 0x00, 0x00, 0x00, 0x00, 0x00, 0x00, 0x00, 0x00, 0x00, 0x00, 0x00, 0x00, 0x00, 0x00, 0x00, 0x00, 0x00, 0x00, 0x00, 0x01, 0x02, 0x03, _NEXT_,
	0x00, 0x00, 0x00, 0x04, 0x05, 0x05, 0x05, 0x05, 0x05, 0x05, 0x06, 0x00, 0x00, 0x00, 0x00, 0x07, 0x05, 0x08, 0x00, 0x00, 0x00, 0x04, 0x05, 0x09, 0x00, 0x00, 0x00, 0x00, 0x0A, 0x05, 0x05, 0x0B, 0x00, 0x00, 0x0C, 0x0D, 0x0E, _NEXT_,
	0x0F, 0x10, 0x00, 0x11, 0x12, 0x12, 0x12, 0x12, 0x12, 0x13, 0x14, 0x15, 0x16, 0x17, 0x00, 0x18, 0x14, 0x19, 0x00, 0x00, 0x00, 0x1A, 0x14, 0x1B, 0x00, 0x00, 0x00, 0x1C, 0x1D, 0x14, 0x14, 0x1E, 0x1F, 0x00, 0x20, 0x21, 0x22, _NEXT_,
	0x14, 0x23, 0x24, 0x00, 0x00, 0x00, 0x00, 0x00, 0x00, 0x00, 0x25, 0x14, 0x14, 0x26, 0x00, 0x18, 0x14, 0x19, 0x00, 0x00, 0x00, 0x1A, 0x14, 0x1B, 0x00, 0x00, 0x00, 0x27, 0x14, 0x28, 0x29, 0x14, 0x2A, 0x00, 0x00, 0x00, 0x00, _NEXT_,
	0x2B, 0x2C, 0x2D, 0x2E, 0x2F, 0x2F, 0x2F, 0x2F, 0x2F, 0x30, 0x31, 0x14, 0x32, 0x33, 0x00, 0x18, 0x14, 0x19, 0x00, 0x00, 0x00, 0x1A, 0x14, 0x1B, 0x00, 0x00, 0x34, 0x35, 0x36, 0x37, 0x38, 0x14, 0x39, 0x3A, 0x00, 0x00, 0x00, _NEXT_,
	0x3B, 0x3C, 0x3D, 0x1A, 0x14, 0x14, 0x3E, 0x3F, 0x3F, 0x40, 0x14, 0x41, 0x42, 0x00, 0x00, 0x18, 0x14, 0x19, 0x00, 0x00, 0x00, 0x1A, 0x14, 0x1B, 0x00, 0x43, 0x44, 0x45, 0x46, 0x00, 0x47, 0x48, 0x14, 0x49, 0x1F, 0x00, 0x00, _NEXT_,
	0x35, 0x4A, 0x4B, 0x1A, 0x14, 0x14, 0x4C, 0x00, 0x00, 0x4D, 0x4E, 0x4F, 0x50, 0x00, 0x00, 0x51, 0x14, 0x52, 0x53, 0x00, 0x54, 0x55, 0x14, 0x56, 0x00, 0x57, 0x14, 0x58, 0x00, 0x00, 0x00, 0x59, 0x5A, 0x14, 0x5B, 0x00, 0x00, _NEXT_,
	0x5C, 0x5D, 0x00, 0x1A, 0x14, 0x14, 0x4C, 0x00, 0x00, 0x00, 0x5E, 0x14, 0x5F, 0x60, 0x00, 0x61, 0x62, 0x63, 0x14, 0x64, 0x65, 0x66, 0x67, 0x68, 0x69, 0x6A, 0x6B, 0x6C, 0x00, 0x00, 0x00, 0x00, 0x6D, 0x14, 0x6E, 0x6F, 0x00, _NEXT_,
	0x00, 0x00, 0x00, 0x70, 0x2C, 0x2C, 0x71, 0x00, 0x00, 0x00, 0x72, 0x2C, 0x2C, 0x73, 0x00, 0x00, 0x00, 0x74, 0x75, 0x76, 0x2C, 0x77, 0x00, 0x00, 0x78, 0x2C, 0x79, 0x00, 0x00, 0x00, 0x00, 0x00, 0x72, 0x7A, 0x2C, 0x7B, 0x00, _NEXT_,
	0x00, 0x00, 0x00, 0x00, 0x00, 0x00, 0x00, 0x00, 0x00, 0x00, 0x00, 0x00, 0x00, 0x00, 0x00, 0x00, 0x00, 0x00, 0x00, 0x00, 0x00, 0x00, 0x00, 0x00, 0x00, 0x00, 0x00, 0x00, 0x00, 0x00, 0x00, 0x00, 0x00, 0x00, 0x00, 0x00, 0x00, _NEXT_,
	0x00, 0x00, 0x00, 0x00, 0x00, 0x00, 0x00, 0x00, 0x00, 0x00, 0x00, 0x00, 0x00, 0x00, 0x00, 0x00, 0x00, 0x00, 0x00, 0x00, 0x00, 0x00, 0x00, 0x00, 0x00, 0x00, 0x00, 0x00, 0x00, 0x00, 0x00, 0x00, 0x00, 0x00, 0x00, 0x00, 0x00, _NEXT_,
	0x7C, 0x00, 0x00, 0x00, 0x7D, 0x7E, 0x7F, 0x00, 0x00, 0x00, 0x80, 0x81, 0x82, 0x00, 0x00, 0x00, 0x83, 0x00, 0x00, 0x00, 0x84, 0x85, 0x86, 0x00, 0x00, 0x87, 0x88, 0x89, 0x00, 0x00, 0x00, 0x8A, 0x8B, 0x8C, 0x00, 0x00, 0x00, _NEXT_,
	0x8D, 0x00, 0x00, 0x00, 0x8E, 0x8F, 0x90, 0x00, 0x00, 0x00, 0x91, 0x92, 0x93, 0x00, 0x00, 0x00, 0x94, 0x00, 0x00, 0x00, 0x95, 0x96, 0x00, 0x00, 0x00, 0x97, 0x98, 0x99, 0x00, 0x00, 0x00, 0x9A, 0x9B, 0x00, 0x00, 0x00, 0x00, _NEXT_,
	0x00, 0x00, 0x00, 0x00, 0x00, 0x00, 0x00, 0x00, 0x00, 0x00, 0x00, 0x00, 0x00, 0x00, 0x00, 0x00, 0x00, 0x00, 0x00, 0x00, 0x00, 0x00, 0x00, 0x00, 0x00, 0x00, 0x00, 0x00, 0x00, 0x00, 0x00, 0x00, 0x00, 0x00, 0x00, 0x00, 0x00, _END_,


};
#elif(_LOGO_TYPE == _LOGO_MONSTER)

BYTE code tiOSD_1BIT_LOGO0[]=

{
	0x00, 0x01, 0x02, 0x03, 0x04, 0x00, 0x00, 0x05, 0x06, 0x07, 0x08, 0x09, 0x00, 0x00,  _NEXT_,
	0x00, 0x0A, 0x0B, 0x0B, 0x0B, 0x0C, 0x00, 0x0D, 0x0B, 0x0B, 0x0B, 0x0E, 0x00, 0x00,  _NEXT_,
	0x00, 0x0A, 0x0B, 0x0B, 0x0B, 0x0F, 0x10, 0x0B, 0x0B, 0x0B, 0x0B, 0x0E, 0x00, 0x00,  _NEXT_,
	0x00, 0x0A, 0x0B, 0x0B, 0x0B, 0x0B, 0x11, 0x0B, 0x0B, 0x0B, 0x0B, 0x0E, 0x00, 0x00,  _NEXT_,
	0x00, 0x0A, 0x0B, 0x0B, 0x0B, 0x0B, 0x11, 0x0B, 0x0B, 0x0B, 0x0B, 0x0E, 0x00, 0x00, 
		_END_,

};
BYTE code tiOSD_1BIT_LOGO1[]=
{
	0x00, 0x01, 0x01, 0x01, 0x02, 0x03, 0x03, 0x03, 0x04, 0x01, 0x01, 0x01, 0x05, 0x06, 0x07, 0x01, 0x01, 0x01, 0x01, 0x01, 0x08, 0x09, 0x0A, 0x01, 0x01, 0x01, 0x0B, 0x0C, 0x03, 0x03, 0x0D, 0x01, 0x01, 0x05, 0x0E, 0x0F, 0x01, 0x01, 0x01, 0x01, 0x01, 0x01, 0x10, 0x01, 0x01, 0x01, 0x01, 0x01, 0x01, 0x01, 0x01, 0x11, 0x01, 0x01, 0x01, 0x01, 0x01, 0x01, 0x01, 0x01, 0x12, 0x01, 0x01, 0x01, 0x01, 0x01, 0x01, 0x01, 0x13, 0x14, 0x15, 0x16, 0x17, 0x18, _NEXT_,
	0x19, 0x1A, 0x1A, 0x1A, 0x1B, 0x1C, 0x03, 0x1D, 0x1A, 0x1A, 0x1A, 0x1A, 0x1E, 0x1F, 0x1A, 0x20, 0x21, 0x21, 0x21, 0x22, 0x1A, 0x1A, 0x1E, 0x1A, 0x1A, 0x23, 0x1A, 0x24, 0x25, 0x03, 0x26, 0x1A, 0x1A, 0x1E, 0x1F, 0x1A, 0x27, 0x28, 0x28, 0x28, 0x28, 0x29, 0x2A, 0x2B, 0x2B, 0x2C, 0x1A, 0x1A, 0x2D, 0x2B, 0x2B, 0x2E, 0x1A, 0x1A, 0x2F, 0x28, 0x28, 0x28, 0x28, 0x30, 0x31, 0x1A, 0x1A, 0x32, 0x33, 0x33, 0x33, 0x34, 0x1A, 0x35, 0x36, 0x37, 0x38, 0x39, _NEXT_,
	0x19, 0x1A, 0x1A, 0x3A, 0x1A, 0x3B, 0x3C, 0x3D, 0x1A, 0x3E, 0x1A, 0x1A, 0x1E, 0x1A, 0x1A, 0x3F, 0x03, 0x03, 0x03, 0x40, 0x1A, 0x1A, 0x1E, 0x1A, 0x1A, 0x41, 0x42, 0x1A, 0x1A, 0x43, 0x26, 0x1A, 0x1A, 0x1E, 0x44, 0x1A, 0x1A, 0x1A, 0x1A, 0x1A, 0x1A, 0x45, 0x46, 0x03, 0x03, 0x47, 0x1A, 0x1A, 0x3F, 0x03, 0x03, 0x47, 0x1A, 0x1A, 0x1A, 0x1A, 0x1A, 0x1A, 0x1A, 0x48, 0x49, 0x1A, 0x1A, 0x4A, 0x4B, 0x4B, 0x4B, 0x4C, 0x1A, 0x4D, 0x03, 0x03, 0x4E, 0x03, _NEXT_,
	0x19, 0x1A, 0x1A, 0x4F, 0x50, 0x1A, 0x51, 0x1A, 0x52, 0x26, 0x1A, 0x1A, 0x1E, 0x1A, 0x1A, 0x53, 0x4B, 0x4B, 0x4B, 0x54, 0x1A, 0x1A, 0x1E, 0x1A, 0x1A, 0x55, 0x03, 0x56, 0x57, 0x1A, 0x58, 0x1A, 0x1A, 0x59, 0x5A, 0x5B, 0x5C, 0x5C, 0x5C, 0x5C, 0x5D, 0x1A, 0x5E, 0x03, 0x03, 0x47, 0x1A, 0x1A, 0x3F, 0x03, 0x03, 0x47, 0x1A, 0x1A, 0x5F, 0x60, 0x60, 0x60, 0x60, 0x61, 0x62, 0x1A, 0x1A, 0x63, 0x64, 0x64, 0x64, 0x65, 0x1A, 0x66, 0x03, 0x03, 0x03, 0x03, _NEXT_,
	0x19, 0x1A, 0x1A, 0x1E, 0x67, 0x68, 0x1A, 0x69, 0x6A, 0x26, 0x1A, 0x1A, 0x1E, 0x6B, 0x57, 0x1A, 0x1A, 0x1A, 0x1A, 0x1A, 0x1A, 0x6C, 0x6D, 0x1A, 0x1A, 0x55, 0x03, 0x03, 0x6E, 0x6F, 0x1A, 0x1A, 0x1A, 0x70, 0x1A, 0x1A, 0x1A, 0x1A, 0x1A, 0x1A, 0x1A, 0x71, 0x72, 0x03, 0x03, 0x47, 0x1A, 0x1A, 0x3F, 0x03, 0x03, 0x47, 0x1A, 0x1A, 0x1A, 0x1A, 0x1A, 0x1A, 0x1A, 0x1A, 0x70, 0x1A, 0x1A, 0x73, 0x03, 0x03, 0x03, 0x26, 0x1A, 0x35, 0x03, 0x03, 0x03, 0x03, 
		_END_,


};

#elif(_LOGO_TYPE == _LOGO_JAPANNEXT_BIG)
BYTE code tiOSD_1BIT_LOGO1[]=
{
	0x00, 0x00, 0x01, 0x02, 0x03, 0x02, 0x04, 0x05, 0x00, 0x00, 0x00, 0x00, 0x00, 0x00, 0x00, 0x02, 0x06, 0x07, 0x02, 0x02, 0x02, 0x02, 0x02, 0x02, 0x02, 0x02, 0x02, 0x02, 0x08, 0x09, 0x00, 0x00, 0x00, 0x00, 0x00, 0x00, 0x0A, 0x0B, 0x02, 0x02, 0x02, 0x02, 0x02, 0x02, 0x02, 0x02, 0x02, 0x02, 0x02, 0x02, 0x02, 0x0C, _NEXT_,
	0x00, 0x00, 0x0D, 0x0E, 0x0F, 0x0E, 0x0E, 0x10, 0x11, 0x00, 0x00, 0x00, 0x00, 0x00, 0x00, 0x0E, 0x12, 0x13, 0x0E, 0x14, 0x15, 0x15, 0x15, 0x15, 0x15, 0x15, 0x15, 0x16, 0x17, 0x18, 0x19, 0x00, 0x00, 0x00, 0x00, 0x1A, 0x1B, 0x1C, 0x1D, 0x15, 0x15, 0x15, 0x1E, 0x0E, 0x1F, 0x15, 0x15, 0x15, 0x15, 0x15, 0x15, 0x20, _NEXT_,
	0x00, 0x00, 0x0D, 0x0E, 0x0F, 0x0E, 0x21, 0x22, 0x23, 0x24, 0x00, 0x00, 0x00, 0x00, 0x00, 0x0E, 0x12, 0x13, 0x0E, 0x25, 0x00, 0x00, 0x00, 0x00, 0x00, 0x00, 0x00, 0x00, 0x26, 0x27, 0x28, 0x29, 0x00, 0x2A, 0x2B, 0x2C, 0x2D, 0x2E, 0x00, 0x00, 0x00, 0x00, 0x2F, 0x0E, 0x30, 0x00, 0x00, 0x00, 0x00, 0x00, 0x00, 0x00, _NEXT_,
	0x00, 0x00, 0x0D, 0x0E, 0x0F, 0x0E, 0x12, 0x31, 0x32, 0x0E, 0x33, 0x34, 0x00, 0x00, 0x00, 0x0E, 0x12, 0x13, 0x0E, 0x35, 0x36, 0x36, 0x36, 0x36, 0x36, 0x36, 0x37, 0x00, 0x00, 0x38, 0x39, 0x3A, 0x00, 0x3B, 0x3C, 0x3D, 0x3E, 0x00, 0x00, 0x00, 0x00, 0x00, 0x2F, 0x0E, 0x30, 0x00, 0x00, 0x00, 0x00, 0x00, 0x00, 0x00, _NEXT_,
	0x3F, 0x00, 0x0D, 0x0E, 0x0F, 0x0E, 0x12, 0x00, 0x00, 0x40, 0x17, 0x41, 0x42, 0x00, 0x00, 0x0E, 0x12, 0x13, 0x0E, 0x0E, 0x0E, 0x0E, 0x0E, 0x0E, 0x0E, 0x0E, 0x12, 0x00, 0x00, 0x00, 0x00, 0x00, 0x00, 0x00, 0x00, 0x00, 0x00, 0x00, 0x00, 0x00, 0x00, 0x00, 0x2F, 0x0E, 0x30, 0x00, 0x00, 0x00, 0x00, 0x00, 0x00, 0x00, _NEXT_,
	0x43, 0x44, 0x0D, 0x0E, 0x0F, 0x0E, 0x12, 0x00, 0x00, 0x00, 0x45, 0x46, 0x23, 0x47, 0x00, 0x0E, 0x12, 0x13, 0x0E, 0x25, 0x00, 0x00, 0x00, 0x00, 0x00, 0x00, 0x00, 0x00, 0x00, 0x0A, 0x48, 0x49, 0x00, 0x4A, 0x4B, 0x4C, 0x4D, 0x00, 0x00, 0x00, 0x00, 0x00, 0x2F, 0x0E, 0x30, 0x00, 0x00, 0x00, 0x00, 0x00, 0x00, 0x00, _NEXT_,
	0x4E, 0x4F, 0x50, 0x0E, 0x0F, 0x0E, 0x12, 0x00, 0x00, 0x00, 0x00, 0x51, 0x52, 0x0E, 0x33, 0x0E, 0x12, 0x13, 0x0E, 0x25, 0x00, 0x00, 0x00, 0x00, 0x00, 0x00, 0x00, 0x00, 0x53, 0x54, 0x55, 0x56, 0x00, 0x57, 0x58, 0x59, 0x5A, 0x5B, 0x00, 0x00, 0x00, 0x00, 0x2F, 0x0E, 0x30, 0x00, 0x00, 0x00, 0x00, 0x00, 0x00, 0x00, _NEXT_,
	0x5C, 0x5D, 0x0E, 0x0E, 0x0F, 0x0E, 0x12, 0x00, 0x00, 0x00, 0x00, 0x00, 0x57, 0x5E, 0x59, 0x0E, 0x12, 0x13, 0x0E, 0x5F, 0x60, 0x60, 0x60, 0x60, 0x60, 0x60, 0x60, 0x61, 0x62, 0x63, 0x64, 0x00, 0x00, 0x00, 0x00, 0x65, 0x66, 0x23, 0x67, 0x00, 0x00, 0x00, 0x2F, 0x0E, 0x30, 0x00, 0x00, 0x00, 0x00, 0x00, 0x00, 0x00, _NEXT_,
	0x00, 0x68, 0x69, 0x6A, 0x6B, 0x6A, 0x6C, 0x00, 0x00, 0x00, 0x00, 0x00, 0x00, 0x00, 0x6D, 0x6E, 0x6C, 0x6F, 0x6A, 0x6A, 0x6A, 0x6A, 0x6A, 0x6A, 0x6A, 0x6A, 0x6A, 0x6A, 0x70, 0x3E, 0x00, 0x00, 0x00, 0x00, 0x00, 0x00, 0x71, 0x72, 0x6A, 0x73, 0x00, 0x00, 0x74, 0x6A, 0x75, 0x00, 0x00, 0x00, 0x00, 0x00, 0x00, 0x00, _END_,

};
BYTE code tiOSD_1BIT_LOGO0[]=

{
0x00, 0x00, 0x00, 0x00, 0x00, 0x00, 0x00, 0x01, 0x02, 0x03, 0x00, 0x00, 0x00, 0x00, 0x04, 0x02, 0x05, 0x00, 0x00, 0x00, 0x00, 0x06, 0x02, 0x02, 0x02, 0x02, 0x02, 0x02, 0x07, 0x08, 0x09, 0x0A, 0x00, 0x00, 0x00, 0x00, 0x00, 0x0B, 0x02, 0x0C, 0x00, 0x00, 0x00, 0x00, 0x0D, 0x02, 0x0E, 0x00, 0x00, 0x00, 0x00, 0x00, _NEXT_,
0x00, 0x00, 0x00, 0x00, 0x00, 0x00, 0x00, 0x0F, 0x10, 0x11, 0x00, 0x00, 0x00, 0x12, 0x13, 0x10, 0x14, 0x15, 0x00, 0x00, 0x00, 0x16, 0x10, 0x17, 0x18, 0x18, 0x18, 0x18, 0x19, 0x1A, 0x1B, 0x1C, 0x1D, 0x00, 0x00, 0x00, 0x1E, 0x1F, 0x10, 0x20, 0x21, 0x00, 0x00, 0x00, 0x22, 0x10, 0x10, 0x23, 0x24, 0x00, 0x00, 0x00, _NEXT_,
0x00, 0x00, 0x00, 0x00, 0x00, 0x00, 0x00, 0x0F, 0x10, 0x11, 0x00, 0x00, 0x00, 0x25, 0x10, 0x26, 0x27, 0x28, 0x29, 0x00, 0x00, 0x16, 0x10, 0x2A, 0x00, 0x00, 0x00, 0x00, 0x00, 0x00, 0x2B, 0x10, 0x2C, 0x00, 0x00, 0x00, 0x2D, 0x10, 0x2E, 0x2F, 0x30, 0x31, 0x00, 0x00, 0x22, 0x10, 0x32, 0x27, 0x33, 0x34, 0x00, 0x00, _NEXT_,
0x00, 0x00, 0x00, 0x00, 0x00, 0x00, 0x00, 0x0F, 0x10, 0x11, 0x00, 0x00, 0x35, 0x10, 0x36, 0x00, 0x37, 0x10, 0x38, 0x00, 0x00, 0x16, 0x10, 0x2A, 0x00, 0x00, 0x00, 0x00, 0x00, 0x00, 0x39, 0x10, 0x3A, 0x00, 0x00, 0x3B, 0x10, 0x3C, 0x00, 0x3D, 0x10, 0x3E, 0x00, 0x00, 0x22, 0x10, 0x3F, 0x40, 0x41, 0x42, 0x43, 0x00, _NEXT_,
0x00, 0x00, 0x00, 0x00, 0x00, 0x00, 0x00, 0x0F, 0x10, 0x11, 0x00, 0x44, 0x45, 0x46, 0x47, 0x00, 0x48, 0x49, 0x4A, 0x4B, 0x00, 0x16, 0x10, 0x4C, 0x4D, 0x4D, 0x4D, 0x4D, 0x4E, 0x4F, 0x50, 0x51, 0x52, 0x00, 0x53, 0x54, 0x55, 0x56, 0x00, 0x57, 0x58, 0x59, 0x5A, 0x00, 0x22, 0x10, 0x3F, 0x00, 0x5B, 0x5C, 0x4A, 0x5D, _NEXT_,
0x00, 0x00, 0x00, 0x00, 0x00, 0x00, 0x00, 0x0F, 0x10, 0x11, 0x5E, 0x5F, 0x10, 0x60, 0x61, 0x61, 0x61, 0x62, 0x10, 0x63, 0x64, 0x16, 0x10, 0x65, 0x66, 0x66, 0x66, 0x66, 0x67, 0x68, 0x69, 0x00, 0x00, 0x6A, 0x6B, 0x10, 0x6C, 0x61, 0x61, 0x61, 0x6D, 0x10, 0x6E, 0x6F, 0x22, 0x10, 0x3F, 0x00, 0x00, 0x70, 0x71, 0x2F, _NEXT_,
0x72, 0x4D, 0x73, 0x00, 0x00, 0x00, 0x00, 0x74, 0x10, 0x75, 0x76, 0x10, 0x77, 0x78, 0x78, 0x78, 0x78, 0x78, 0x79, 0x7A, 0x7B, 0x7C, 0x10, 0x2A, 0x00, 0x00, 0x00, 0x00, 0x00, 0x00, 0x00, 0x00, 0x7D, 0x7E, 0x10, 0x7F, 0x78, 0x78, 0x78, 0x78, 0x78, 0x80, 0x10, 0x81, 0x22, 0x10, 0x3F, 0x00, 0x00, 0x00, 0x00, 0x82, _NEXT_,
0x83, 0x84, 0x85, 0x86, 0x87, 0x88, 0x89, 0x8A, 0x8B, 0x8C, 0x10, 0x8D, 0x00, 0x00, 0x00, 0x00, 0x00, 0x00, 0x00, 0x8E, 0x10, 0x8F, 0x10, 0x2A, 0x00, 0x00, 0x00, 0x00, 0x00, 0x00, 0x00, 0x00, 0x90, 0x10, 0x91, 0x00, 0x00, 0x00, 0x00, 0x00, 0x00, 0x00, 0x92, 0x10, 0x93, 0x10, 0x3F, 0x00, 0x00, 0x00, 0x00, 0x00, _NEXT_,
0x00, 0x94, 0x95, 0x96, 0x97, 0x98, 0x99, 0x9A, 0x9B, 0x9C, 0x9D, 0x47, 0x00, 0x00, 0x00, 0x00, 0x00, 0x00, 0x00, 0x9E, 0x9F, 0xA0, 0xA0, 0xA1, 0x00, 0x00, 0x00, 0x00, 0x00, 0x00, 0x00, 0xA2, 0xA3, 0xA4, 0xA5, 0x00, 0x00, 0x00, 0x00, 0x00, 0x00, 0x00, 0xA6, 0xA7, 0xA0, 0xA0, 0xA8, 0x00, 0x00, 0x00, 0x00, 0x00, _END_,
};

#elif(_LOGO_TYPE == _LOGO_PREMIER)
BYTE code tiOSD_1BIT_LOGO0[]=
{
	
	
   ////////////////////////////////////////////Font Map index////////////////////////////////////////////
0x00, 0x01, 0x02, 0x03, 0x04, 0x05, 0x06, 0x07, 0x08, 0x09, 0x0A, 0x0B, 0x0C, 0x0D, 0x0E, 0x0F, 0x10, 0x11, 0x12, 0x13, 0x14, 0x15, 0x16, 0x17, 0x18, 0x13, 0x13, 0x11, 0x19, 0x1A, 0x1B, 0x11, 0x11, 0x11, 0x11, 0x1C, 0x1D, 0x11, 0x11, 0x11, 0x11, 0x11, 0x1E, 0x1F, 0x11, 0x20, 0x21, 0x22, 0x11, 0x11, 0x11, 0x23, 0x24, 0x11, 0x13, 0x13, 0x25, 0x26, 0x27, 0x28, 
0x29, 0x2A, 0x2A, 0x2A, 0x2B, 0x2C, 0x2A, 0x2A, 0x2A, 0x2D, 0x2E, 0x2A, 0x2A, 0x2A, 0x2F, 0x0F, 0x30, 0x2A, 0x31, 0x32, 0x33, 0x34, 0x35, 0x36, 0x37, 0x32, 0x38, 0x39, 0x2A, 0x3A, 0x2A, 0x3B, 0x3C, 0x3C, 0x3C, 0x3D, 0x2A, 0x3E, 0x3F, 0x2A, 0x40, 0x41, 0x2A, 0x40, 0x2A, 0x42, 0x43, 0x44, 0x3C, 0x3C, 0x3C, 0x45, 0x46, 0x2A, 0x32, 0x32, 0x47, 0x2A, 0x48, 0x49, 
0x4A, 0x2A, 0x2A, 0x2A, 0x4B, 0x4C, 0x2A, 0x2A, 0x2A, 0x4D, 0x4E, 0x2A, 0x2A, 0x2A, 0x4F, 0x0F, 0x30, 0x2A, 0x50, 0x51, 0x51, 0x52, 0x53, 0x36, 0x54, 0x55, 0x56, 0x57, 0x58, 0x59, 0x2A, 0x5A, 0x51, 0x51, 0x51, 0x5B, 0x2A, 0x40, 0x30, 0x2A, 0x40, 0x5C, 0x2A, 0x40, 0x2A, 0x42, 0x43, 0x5D, 0x51, 0x51, 0x51, 0x5E, 0x46, 0x2A, 0x5F, 0x60, 0x61, 0x62, 0x63, 0x0F, 
0x64, 0x65, 0x66, 0x67, 0x0F, 0x68, 0x69, 0x6A, 0x67, 0x0F, 0x6B, 0x6C, 0x6D, 0x6E, 0x63, 0x0F, 0x6F, 0x70, 0x71, 0x0F, 0x0F, 0x0F, 0x0F, 0x72, 0x73, 0x0F, 0x74, 0x75, 0x76, 0x77, 0x78, 0x79, 0x7A, 0x7A, 0x7A, 0x7B, 0x70, 0x7C, 0x6F, 0x70, 0x7C, 0x7D, 0x70, 0x7C, 0x70, 0x7E, 0x7F, 0x80, 0x7A, 0x7A, 0x7A, 0x81, 0x82, 0x70, 0x0F, 0x83, 0x84, 0x85, 0x86, 0x0F,
_END_,
};
#elif(_LOGO_TYPE == _LOGO_JVC)
BYTE code tiOSD_1BIT_LOGO0[]=
{
	
	////////////////////////////////////////////Font Map index////////////////////////////////////////////
0x00, 0x00, 0x00, 0x00, 0x00, 0x00, 0x00, 0x01, 0x02, 0x02, 0x03, 0x04, 0x05, 0x02, 0x02, 0x06, 0x00, 0x00, 0x00, 0x00, 0x07, 0x02, 0x02, 0x08, 0x09, 0x0A, 0x0B, 0x0C, 0x0C, 0x0C, 0x0C, 0x0C, 0x0C, 0x0D, 0x0E, 0x0F, 
0x00, 0x00, 0x00, 0x00, 0x00, 0x00, 0x00, 0x10, 0x0C, 0x0C, 0x11, 0x00, 0x12, 0x0C, 0x0C, 0x13, 0x00, 0x00, 0x00, 0x00, 0x14, 0x0C, 0x0C, 0x15, 0x00, 0x16, 0x0C, 0x0C, 0x0C, 0x0C, 0x0C, 0x0C, 0x0C, 0x0C, 0x0C, 0x17, 
0x00, 0x00, 0x00, 0x00, 0x00, 0x00, 0x00, 0x10, 0x0C, 0x0C, 0x11, 0x00, 0x18, 0x19, 0x0C, 0x0C, 0x1A, 0x00, 0x00, 0x1B, 0x0C, 0x0C, 0x1C, 0x1D, 0x00, 0x0C, 0x0C, 0x0C, 0x1E, 0x1F, 0x1F, 0x1F, 0x20, 0x0C, 0x0C, 0x11, 
0x00, 0x00, 0x00, 0x00, 0x00, 0x00, 0x00, 0x10, 0x0C, 0x0C, 0x11, 0x00, 0x00, 0x21, 0x0C, 0x0C, 0x22, 0x00, 0x00, 0x23, 0x0C, 0x0C, 0x15, 0x00, 0x00, 0x0C, 0x0C, 0x0C, 0x24, 0x00, 0x00, 0x00, 0x25, 0x26, 0x26, 0x27, 
0x00, 0x00, 0x00, 0x00, 0x00, 0x00, 0x00, 0x10, 0x0C, 0x0C, 0x11, 0x00, 0x00, 0x18, 0x19, 0x0C, 0x0C, 0x28, 0x29, 0x0C, 0x0C, 0x2A, 0x2B, 0x00, 0x00, 0x0C, 0x0C, 0x0C, 0x24, 0x00, 0x00, 0x00, 0x00, 0x00, 0x00, 0x00, 
0x2C, 0x2C, 0x2C, 0x2D, 0x00, 0x00, 0x00, 0x10, 0x0C, 0x0C, 0x11, 0x00, 0x00, 0x00, 0x2E, 0x0C, 0x0C, 0x2F, 0x30, 0x0C, 0x0C, 0x31, 0x00, 0x00, 0x00, 0x0C, 0x0C, 0x0C, 0x24, 0x00, 0x00, 0x00, 0x32, 0x33, 0x33, 0x34, 
0x0C, 0x0C, 0x0C, 0x24, 0x00, 0x00, 0x00, 0x10, 0x0C, 0x0C, 0x11, 0x00, 0x00, 0x00, 0x35, 0x0C, 0x0C, 0x0C, 0x0C, 0x0C, 0x2A, 0x2B, 0x00, 0x00, 0x00, 0x0C, 0x0C, 0x0C, 0x24, 0x00, 0x00, 0x00, 0x10, 0x0C, 0x0C, 0x11, 
0x36, 0x0C, 0x0C, 0x37, 0x38, 0x38, 0x38, 0x39, 0x0C, 0x0C, 0x11, 0x00, 0x00, 0x00, 0x00, 0x2E, 0x0C, 0x0C, 0x0C, 0x0C, 0x3A, 0x00, 0x00, 0x00, 0x00, 0x3B, 0x0C, 0x0C, 0x37, 0x38, 0x38, 0x38, 0x39, 0x0C, 0x0C, 0x3C, 
0x3D, 0x0C, 0x0C, 0x0C, 0x0C, 0x0C, 0x0C, 0x0C, 0x0C, 0x3E, 0x3F, 0x00, 0x00, 0x00, 0x00, 0x40, 0x0C, 0x0C, 0x0C, 0x0C, 0x41, 0x00, 0x00, 0x00, 0x00, 0x3D, 0x0C, 0x0C, 0x0C, 0x0C, 0x0C, 0x0C, 0x0C, 0x0C, 0x3E, 0x3F, 
0x00, 0x42, 0x43, 0x43, 0x43, 0x43, 0x43, 0x43, 0x43, 0x44, 0x00, 0x00, 0x00, 0x00, 0x00, 0x00, 0x45, 0x46, 0x46, 0x47, 0x00, 0x00, 0x00, 0x00, 0x00, 0x00, 0x42, 0x43, 0x43, 0x43, 0x43, 0x43, 0x43, 0x43, 0x44, 0x00, 
_END_,
};
#elif(_LOGO_TYPE ==  _LOGO_JAPANNEXT)
	
BYTE code tiOSD_1BIT_LOGO0[]=
{
#if 1//OLD
////////////////////////////////////////////Font Map index////////////////////////////////////////////
0x00, 0x00, 0x00, 0x00, 0x00, 0x00, 0x00, 0x00, 0x00, 0x01, 0x02, 0x00, 0x00, 0x00, 0x00, 0x00, 0x03, 0x04, 0x05, 0x00, 0x00, 0x00, 0x00, 0x06, 0x04, 0x04, 0x04, 0x04, 0x04, 0x04, 0x07, 0x08, 0x09, 0x00, 0x00, 0x00, 0x00, 0x0A, 0x04, 0x0B, 0x00, 0x00, 0x00, 0x00, 0x00, 0x01, 0x0C, 0x0D, 0x00, 0x00, 0x00, 0x00, 0x00, 0x00, 0x0E, 0x04, 0x0F, 0x04, 0x10, 0x00, 0x00, 0x00, 0x00, 0x00, 0x00, 0x00, 0x11, 0x04, 0x12, 0x04, 0x04, 0x04, 0x04, 0x04, 0x04, 0x04, 0x04, 0x04, 0x04, 0x13, 0x00, 0x00, 0x00, 0x00, 0x00, 0x00, 0x00, 0x14, 0x04, 0x04, 0x04, 0x04, 0x04, 0x04, 0x04, 0x04, 0x04, 0x04, 0x04, 0x04, 0x15, 0x00, 0x00, 0x00, 
0x00, 0x00, 0x00, 0x00, 0x00, 0x00, 0x00, 0x00, 0x00, 0x16, 0x17, 0x00, 0x00, 0x00, 0x00, 0x18, 0x19, 0x1A, 0x1B, 0x00, 0x00, 0x00, 0x00, 0x1C, 0x1A, 0x1D, 0x1E, 0x1E, 0x1E, 0x1E, 0x1F, 0x20, 0x21, 0x22, 0x23, 0x00, 0x24, 0x25, 0x1A, 0x26, 0x27, 0x00, 0x00, 0x00, 0x00, 0x16, 0x1A, 0x28, 0x29, 0x00, 0x00, 0x00, 0x00, 0x00, 0x2A, 0x1A, 0x2B, 0x1A, 0x2C, 0x2D, 0x2E, 0x00, 0x00, 0x00, 0x00, 0x00, 0x2F, 0x1A, 0x30, 0x1A, 0x31, 0x1E, 0x1E, 0x1E, 0x1E, 0x1E, 0x1E, 0x1E, 0x32, 0x33, 0x34, 0x00, 0x00, 0x00, 0x00, 0x35, 0x36, 0x37, 0x38, 0x1E, 0x1E, 0x1E, 0x1A, 0x39, 0x1E, 0x1E, 0x1E, 0x1E, 0x1E, 0x1E, 0x3A, 0x00, 0x00, 0x00, 
0x00, 0x00, 0x00, 0x00, 0x00, 0x00, 0x00, 0x00, 0x00, 0x16, 0x17, 0x00, 0x00, 0x00, 0x00, 0x3B, 0x3C, 0x3D, 0x1A, 0x3E, 0x00, 0x00, 0x00, 0x1C, 0x1A, 0x3F, 0x00, 0x00, 0x00, 0x00, 0x00, 0x00, 0x40, 0x1A, 0x41, 0x00, 0x42, 0x1A, 0x43, 0x1A, 0x44, 0x00, 0x00, 0x00, 0x00, 0x16, 0x45, 0x46, 0x33, 0x47, 0x00, 0x00, 0x00, 0x00, 0x2A, 0x1A, 0x2B, 0x1A, 0x48, 0x1A, 0x49, 0x4A, 0x00, 0x00, 0x00, 0x00, 0x2F, 0x1A, 0x30, 0x1A, 0x4B, 0x00, 0x00, 0x00, 0x00, 0x00, 0x00, 0x00, 0x4C, 0x4D, 0x1A, 0x4E, 0x13, 0x00, 0x4F, 0x50, 0x3C, 0x51, 0x52, 0x00, 0x00, 0x00, 0x1A, 0x17, 0x00, 0x00, 0x00, 0x00, 0x00, 0x00, 0x00, 0x00, 0x00, 0x00, 
0x00, 0x00, 0x00, 0x00, 0x00, 0x00, 0x00, 0x00, 0x00, 0x16, 0x17, 0x00, 0x00, 0x00, 0x53, 0x1A, 0x54, 0x55, 0x56, 0x57, 0x58, 0x00, 0x00, 0x1C, 0x1A, 0x3F, 0x00, 0x00, 0x00, 0x00, 0x00, 0x59, 0x5A, 0x1A, 0x5B, 0x5C, 0x1A, 0x5D, 0x5E, 0x5F, 0x1A, 0x60, 0x00, 0x00, 0x00, 0x16, 0x17, 0x61, 0x62, 0x63, 0x64, 0x65, 0x00, 0x00, 0x2A, 0x1A, 0x2B, 0x1A, 0x4B, 0x66, 0x67, 0x68, 0x69, 0x00, 0x00, 0x00, 0x2F, 0x1A, 0x30, 0x1A, 0x6A, 0x6B, 0x6B, 0x6B, 0x6B, 0x6B, 0x6B, 0x6C, 0x00, 0x00, 0x6D, 0x32, 0x6E, 0x6F, 0x37, 0x70, 0x71, 0x00, 0x00, 0x00, 0x00, 0x00, 0x1A, 0x17, 0x00, 0x00, 0x00, 0x00, 0x00, 0x00, 0x00, 0x00, 0x00, 0x00, 
0x00, 0x00, 0x00, 0x00, 0x00, 0x00, 0x00, 0x00, 0x00, 0x16, 0x17, 0x00, 0x00, 0x72, 0x73, 0x74, 0x75, 0x00, 0x76, 0x77, 0x78, 0x05, 0x00, 0x1C, 0x1A, 0x79, 0x7A, 0x7A, 0x7A, 0x7A, 0x7B, 0x7C, 0x7D, 0x7E, 0x7F, 0x80, 0x81, 0x82, 0x00, 0x83, 0x84, 0x85, 0x86, 0x00, 0x00, 0x16, 0x17, 0x00, 0x87, 0x88, 0x89, 0x8A, 0x13, 0x00, 0x2A, 0x1A, 0x2B, 0x1A, 0x4B, 0x00, 0x8B, 0x8C, 0x2C, 0x8D, 0x0D, 0x00, 0x2F, 0x1A, 0x30, 0x1A, 0x1A, 0x1A, 0x1A, 0x1A, 0x1A, 0x1A, 0x1A, 0x8E, 0x00, 0x00, 0x00, 0x8F, 0x90, 0x91, 0x92, 0x52, 0x00, 0x00, 0x00, 0x00, 0x00, 0x00, 0x1A, 0x17, 0x00, 0x00, 0x00, 0x00, 0x00, 0x00, 0x00, 0x00, 0x00, 0x00, 
0x00, 0x00, 0x00, 0x00, 0x00, 0x00, 0x00, 0x00, 0x00, 0x16, 0x17, 0x00, 0x18, 0x19, 0x1A, 0x93, 0x94, 0x94, 0x94, 0x95, 0x1A, 0x1B, 0x00, 0x1C, 0x1A, 0x96, 0x97, 0x97, 0x97, 0x97, 0x98, 0x99, 0x9A, 0x24, 0x25, 0x1A, 0x9B, 0x94, 0x94, 0x94, 0x9C, 0x1A, 0x26, 0x27, 0x00, 0x16, 0x17, 0x00, 0x00, 0x00, 0x9D, 0x9E, 0x9F, 0xA0, 0x2A, 0x1A, 0x2B, 0x1A, 0x4B, 0x00, 0x00, 0xA1, 0xA2, 0x1A, 0xA3, 0xA4, 0x2F, 0x1A, 0x30, 0x1A, 0x4B, 0x00, 0x00, 0x00, 0x00, 0x00, 0x00, 0x00, 0x00, 0x00, 0x4F, 0x50, 0xA5, 0xA6, 0x1A, 0xA7, 0xA8, 0x00, 0x00, 0x00, 0x00, 0x00, 0x1A, 0x17, 0x00, 0x00, 0x00, 0x00, 0x00, 0x00, 0x00, 0x00, 0x00, 0x00, 
0x00, 0x00, 0xA9, 0x94, 0xAA, 0x00, 0x00, 0x00, 0xAB, 0xAC, 0xAD, 0x00, 0x3B, 0xAE, 0xAF, 0x92, 0x92, 0x92, 0x92, 0x92, 0xB0, 0x1A, 0x3E, 0x1C, 0x1A, 0x3F, 0x00, 0x00, 0x00, 0x00, 0x00, 0x00, 0x00, 0x42, 0x1A, 0xB1, 0x92, 0x92, 0x92, 0x92, 0x92, 0xB2, 0x1A, 0x44, 0x00, 0x16, 0x17, 0x00, 0x00, 0x00, 0x00, 0xB3, 0xB4, 0xB5, 0xB6, 0x1A, 0x2B, 0x1A, 0x4B, 0x00, 0x00, 0x00, 0x00, 0xB7, 0xB8, 0x68, 0xB9, 0x1A, 0x30, 0x1A, 0x4B, 0x00, 0x00, 0x00, 0x00, 0x00, 0x00, 0x00, 0x35, 0x36, 0x37, 0xBA, 0xBB, 0x00, 0x66, 0xBC, 0x68, 0xBD, 0x00, 0x00, 0x00, 0x00, 0x1A, 0x17, 0x00, 0x00, 0x00, 0x00, 0x00, 0x00, 0x00, 0x00, 0x00, 0x00, 
0x00, 0x00, 0xBE, 0xBF, 0xC0, 0xC1, 0xC2, 0xC3, 0xC4, 0xC5, 0xC6, 0x53, 0x1A, 0xC7, 0x00, 0x00, 0x00, 0x00, 0x00, 0x00, 0xC8, 0xC9, 0x57, 0xCA, 0x1A, 0x3F, 0x00, 0x00, 0x00, 0x00, 0x00, 0x00, 0x5C, 0x1A, 0xCB, 0x00, 0x00, 0x00, 0x00, 0x00, 0x00, 0xCC, 0xCD, 0x1A, 0x60, 0x16, 0x17, 0x00, 0x00, 0x00, 0x00, 0x00, 0xCE, 0xCF, 0x1A, 0x1A, 0x2B, 0x1A, 0x4B, 0x00, 0x00, 0x00, 0x00, 0x00, 0xD0, 0xD1, 0x1A, 0x1A, 0x30, 0x1A, 0xD2, 0xD3, 0xD3, 0xD3, 0xD3, 0xD3, 0xD3, 0xD3, 0x50, 0xD4, 0xD5, 0xD6, 0x00, 0x00, 0x00, 0xD7, 0xD8, 0x1A, 0xA7, 0xA8, 0x00, 0x00, 0x1A, 0x17, 0x00, 0x00, 0x00, 0x00, 0x00, 0x00, 0x00, 0x00, 0x00, 0x00, 
0x00, 0x00, 0x00, 0xD9, 0xDA, 0xDB, 0xDC, 0xDD, 0xDE, 0xDF, 0xE0, 0xE1, 0xE2, 0xE3, 0x00, 0x00, 0x00, 0x00, 0x00, 0x00, 0x00, 0xE4, 0xE5, 0xE6, 0xE5, 0xE7, 0x00, 0x00, 0x00, 0x00, 0x00, 0xE8, 0xE9, 0xEA, 0xEB, 0x00, 0x00, 0x00, 0x00, 0x00, 0x00, 0x00, 0xEC, 0xE5, 0xED, 0xEE, 0xEF, 0x00, 0x00, 0x00, 0x00, 0x00, 0x00, 0x00, 0xF0, 0xE5, 0xF1, 0xE5, 0xF2, 0x00, 0x00, 0x00, 0x00, 0x00, 0x00, 0xCE, 0xF3, 0xE5, 0xF4, 0xE5, 0xE5, 0xE5, 0xE5, 0xE5, 0xE5, 0xE5, 0xE5, 0xE5, 0xF5, 0xBB, 0x00, 0x00, 0x00, 0x00, 0x00, 0x00, 0x00, 0xF6, 0xE5, 0xF7, 0xF8, 0x00, 0xE5, 0xEF, 0x00, 0x00, 0x00, 0x00, 0x00, 0x00, 0x00, 0x00, 0x00, 0x00, 
	_END_,

#else //NEW
	0x00, 0x00, 0x00, 0x00, 0x00, 0x00, 0x00, 0x00, 0x00, 0x01, 0x02, 0x03, 0x00, 0x00, 0x00, 0x00, 0x00, 0x04, 0x05, 0x00, 0x00, 0x00, 0x00, 0x00, 0x01, 0x02, 0x02, 0x02, 0x02, 0x02, 0x02, 0x06, 0x07, 0x08, 0x00, 0x00, 0x00, 0x00, 0x09, 0x02, 0x0A, 0x00, 0x00, 0x00, 0x00, 0x00, 0x02, 0x0B, 0x00, 0x00, 0x00, 0x00, 0x00, 0x00, 0x00, 0x0C, 0x02, 0x0D, 0x02, 0x0E, 0x00, 0x00, 0x00, 0x00, 0x00, 0x00, 0x00, 0x0F, 0x10, 0x11, 0x02, 0x02, 0x02, 0x02, 0x02, 0x02, 0x02, 0x12, 0x13, 0x02, 0x14, 0x00, 0x00, 0x00, 0x00, 0x00, 0x00, 0x00, 0x15, 0x16, 0x02, 0x02, 0x02, 0x02, 0x02, 0x02, 0x02, 0x02, 0x02, 0x02, 0x02, 0x10, 0x00, 0x00, 
	0x00, 0x00, 0x00, 0x00, 0x00, 0x00, 0x00, 0x00, 0x00, 0x17, 0x18, 0x19, 0x00, 0x00, 0x00, 0x00, 0x1A, 0x18, 0x1B, 0x1C, 0x00, 0x00, 0x00, 0x00, 0x17, 0x18, 0x1D, 0x1E, 0x1E, 0x1E, 0x1E, 0x1F, 0x20, 0x21, 0x22, 0x00, 0x00, 0x23, 0x24, 0x18, 0x25, 0x00, 0x00, 0x00, 0x00, 0x00, 0x18, 0x18, 0x26, 0x27, 0x00, 0x00, 0x00, 0x00, 0x00, 0x28, 0x18, 0x29, 0x18, 0x2A, 0x2B, 0x00, 0x00, 0x00, 0x00, 0x00, 0x00, 0x2C, 0x2D, 0x2E, 0x18, 0x2F, 0x1E, 0x1E, 0x1E, 0x1E, 0x1E, 0x1E, 0x30, 0x31, 0x32, 0x33, 0x34, 0x00, 0x00, 0x00, 0x00, 0x35, 0x36, 0x37, 0x1E, 0x1E, 0x1E, 0x38, 0x18, 0x1E, 0x1E, 0x1E, 0x1E, 0x1E, 0x1E, 0x39, 0x00, 0x00, 
	0x00, 0x00, 0x00, 0x00, 0x00, 0x00, 0x00, 0x00, 0x00, 0x17, 0x18, 0x19, 0x00, 0x00, 0x00, 0x23, 0x24, 0x3A, 0x3B, 0x3C, 0x3D, 0x00, 0x00, 0x00, 0x17, 0x18, 0x19, 0x00, 0x00, 0x00, 0x00, 0x00, 0x3E, 0x3F, 0x18, 0x40, 0x41, 0x42, 0x43, 0x44, 0x18, 0x45, 0x00, 0x00, 0x00, 0x00, 0x18, 0x46, 0x47, 0x48, 0x49, 0x00, 0x00, 0x00, 0x00, 0x28, 0x18, 0x29, 0x18, 0x4A, 0x18, 0x4B, 0x4C, 0x00, 0x00, 0x00, 0x00, 0x2C, 0x2D, 0x2E, 0x18, 0x4D, 0x00, 0x00, 0x00, 0x00, 0x00, 0x00, 0x00, 0x4E, 0x4F, 0x50, 0x51, 0x52, 0x00, 0x15, 0x53, 0x18, 0x54, 0x55, 0x00, 0x00, 0x00, 0x56, 0x18, 0x00, 0x00, 0x00, 0x00, 0x00, 0x00, 0x00, 0x00, 0x00, 
	0x00, 0x00, 0x00, 0x00, 0x00, 0x00, 0x00, 0x00, 0x00, 0x17, 0x18, 0x19, 0x00, 0x00, 0x41, 0x42, 0x43, 0x57, 0x58, 0x59, 0x5A, 0x5B, 0x00, 0x00, 0x17, 0x18, 0x19, 0x00, 0x00, 0x00, 0x00, 0x00, 0x5C, 0x5D, 0x18, 0x5E, 0x5F, 0x18, 0x60, 0x61, 0x3B, 0x62, 0x63, 0x00, 0x00, 0x00, 0x18, 0x64, 0x65, 0x66, 0x32, 0x67, 0x00, 0x00, 0x00, 0x28, 0x18, 0x29, 0x18, 0x19, 0x68, 0x69, 0x6A, 0x6B, 0x00, 0x00, 0x00, 0x2C, 0x2D, 0x2E, 0x18, 0x6C, 0x6D, 0x6D, 0x6D, 0x6D, 0x6D, 0x6D, 0x6E, 0x00, 0x00, 0x6F, 0x31, 0x32, 0x00, 0x70, 0x71, 0x72, 0x00, 0x00, 0x00, 0x00, 0x00, 0x56, 0x18, 0x00, 0x00, 0x00, 0x00, 0x00, 0x00, 0x00, 0x00, 0x00, 
	0x00, 0x00, 0x00, 0x00, 0x00, 0x00, 0x00, 0x00, 0x00, 0x17, 0x18, 0x19, 0x00, 0x00, 0x5F, 0x18, 0x60, 0x00, 0x00, 0x73, 0x18, 0x74, 0x00, 0x00, 0x17, 0x18, 0x75, 0x76, 0x76, 0x76, 0x76, 0x77, 0x78, 0x79, 0x7A, 0x1A, 0x18, 0x7B, 0x00, 0x00, 0x58, 0x59, 0x7C, 0x0A, 0x00, 0x00, 0x18, 0x64, 0x00, 0x7D, 0x7E, 0x18, 0x7F, 0x80, 0x00, 0x28, 0x18, 0x29, 0x18, 0x19, 0x00, 0x81, 0x82, 0x2A, 0x83, 0x00, 0x00, 0x2C, 0x2D, 0x2E, 0x18, 0x18, 0x18, 0x18, 0x18, 0x18, 0x18, 0x18, 0x84, 0x00, 0x00, 0x00, 0x4E, 0x85, 0x00, 0x86, 0x87, 0x00, 0x00, 0x00, 0x00, 0x00, 0x00, 0x56, 0x18, 0x00, 0x00, 0x00, 0x00, 0x00, 0x00, 0x00, 0x00, 0x00, 
	0x00, 0x00, 0x00, 0x00, 0x00, 0x00, 0x00, 0x00, 0x00, 0x17, 0x18, 0x19, 0x00, 0x88, 0x18, 0x89, 0x8A, 0x8A, 0x8A, 0x8B, 0x18, 0x1B, 0x1C, 0x00, 0x17, 0x18, 0x8C, 0x8D, 0x8D, 0x8D, 0x8D, 0x8E, 0x8F, 0x90, 0x23, 0x24, 0x18, 0x91, 0x8A, 0x8A, 0x8A, 0x92, 0x18, 0x25, 0x00, 0x00, 0x18, 0x64, 0x00, 0x00, 0x00, 0x93, 0x94, 0x95, 0x96, 0x28, 0x18, 0x29, 0x18, 0x19, 0x00, 0x00, 0x97, 0x98, 0x18, 0x99, 0x9A, 0x2C, 0x2D, 0x2E, 0x18, 0x4D, 0x00, 0x00, 0x00, 0x00, 0x00, 0x00, 0x00, 0x00, 0x00, 0x15, 0x53, 0x9B, 0x00, 0x9C, 0x9D, 0x9E, 0x00, 0x00, 0x00, 0x00, 0x00, 0x56, 0x18, 0x00, 0x00, 0x00, 0x00, 0x00, 0x00, 0x00, 0x00, 0x00, 
	0x00, 0x00, 0x00, 0x9F, 0xA0, 0x34, 0x00, 0x00, 0x00, 0xA1, 0x18, 0xA2, 0xA3, 0xA4, 0xA5, 0x85, 0x85, 0x85, 0x85, 0x85, 0xA6, 0xA7, 0x3C, 0x3D, 0x17, 0x18, 0x19, 0x00, 0x00, 0x00, 0x00, 0x00, 0x00, 0x41, 0x42, 0xA8, 0xA9, 0x85, 0x85, 0x85, 0x85, 0x85, 0xAA, 0x18, 0x45, 0x00, 0x18, 0x64, 0x00, 0x00, 0x00, 0x00, 0xAB, 0xAC, 0xAD, 0xAE, 0x18, 0x29, 0x18, 0x19, 0x00, 0x00, 0x00, 0xAF, 0xB0, 0xB1, 0xB2, 0xB3, 0x2D, 0x2E, 0x18, 0x4D, 0x00, 0x00, 0x00, 0x00, 0x00, 0x00, 0x00, 0x00, 0x35, 0x36, 0xB4, 0xB5, 0x00, 0xB6, 0xB7, 0x2A, 0xB8, 0xB9, 0x00, 0x00, 0x00, 0x56, 0x18, 0x00, 0x00, 0x00, 0x00, 0x00, 0x00, 0x00, 0x00, 0x00, 
	0x00, 0x00, 0x00, 0xBA, 0x94, 0xBB, 0xBC, 0xBD, 0xBE, 0xBF, 0xC0, 0xC1, 0xC2, 0xC3, 0xC4, 0x00, 0x00, 0x00, 0x00, 0x00, 0x00, 0xC5, 0x18, 0x5A, 0xC6, 0x18, 0x19, 0x00, 0x00, 0x00, 0x00, 0x00, 0x00, 0x5F, 0x18, 0xC7, 0x00, 0x00, 0x00, 0x00, 0x00, 0x00, 0xC8, 0xC9, 0x62, 0x63, 0x18, 0x64, 0x00, 0x00, 0x00, 0x00, 0x00, 0xCA, 0xCB, 0x18, 0x18, 0x29, 0x18, 0x19, 0x00, 0x00, 0x00, 0x00, 0x00, 0xCC, 0xCD, 0x18, 0x2D, 0x2E, 0x18, 0xCE, 0xCF, 0xCF, 0xCF, 0xCF, 0xCF, 0xCF, 0xD0, 0x53, 0x9B, 0xD1, 0xD2, 0x00, 0x00, 0x00, 0x3E, 0xD3, 0x94, 0x9D, 0x9E, 0x00, 0x00, 0x56, 0x18, 0x00, 0x00, 0x00, 0x00, 0x00, 0x00, 0x00, 0x00, 0x00, 
	0x00, 0x00, 0x00, 0x00, 0xD4, 0xD5, 0xD6, 0xD7, 0xD8, 0xD9, 0xDA, 0xDB, 0xDC, 0xDD, 0x00, 0x00, 0x00, 0x00, 0x00, 0x00, 0x00, 0x00, 0xDE, 0xDC, 0xDF, 0xDC, 0xE0, 0x00, 0x00, 0x00, 0x00, 0x00, 0xE1, 0xDC, 0xE2, 0x00, 0x00, 0x00, 0x00, 0x00, 0x00, 0x00, 0x00, 0xE3, 0xDC, 0xE4, 0xDC, 0xE5, 0x00, 0x00, 0x00, 0x00, 0x00, 0x00, 0xE6, 0xE7, 0xDC, 0xE8, 0xDC, 0xE0, 0x00, 0x00, 0x00, 0x00, 0x00, 0x00, 0xE9, 0xEA, 0xEB, 0xEC, 0xDC, 0xDC, 0xDC, 0xDC, 0xDC, 0xDC, 0xDC, 0xED, 0xEE, 0xDC, 0xB5, 0x00, 0x00, 0x00, 0x00, 0x00, 0x00, 0x00, 0xB6, 0xDC, 0xEF, 0xF0, 0x00, 0xF1, 0xDC, 0x00, 0x00, 0x00, 0x00, 0x00, 0x00, 0x00, 0x00, 0x00, 

_END_,
#endif
};
#elif(_LOGO_TYPE ==  _LOGO_FYHXele)
	
BYTE code tiOSD_1BIT_LOGO0[]=
{
	0x00, 0x01, 0x02, 0x02, 0x02, 0x02, 0x02, 0x02, 0x02, 0x03, 0x04, 0x02, 0x02, 0x05, 0x06, 0x06, 0x06, 0x06, 0x07, 0x02, 0x02, 0x08, 0x06, 0x09, 0x02, 0x02, 0x0A, 0x06, 0x06, 0x0B, 0x02, 0x02, 0x0C, 0x06, 0x06, 0x0D, 0x02, 0x02, 0x0E, 0x06, 0x06, 0x06, 0x0F, 0x02, 0x02, 0x10, 0x06, 0x06, 0x06, 0x06, 0x06, 0x06, 0x06, 0x06, 0x06, 0x06, 0x06, 0x06, 0x11, 0x02, 0x02, 0x12, 0x06, 0x06, 0x06, 0x06, 0x06, 0x06, 0x06, 0x06, 0x06, 0x06, 0x06, 0x06, 
	0x13, 0x14, 0x14, 0x15, 0x16, 0x16, 0x16, 0x16, 0x16, 0x17, 0x18, 0x19, 0x14, 0x1A, 0x1B, 0x06, 0x06, 0x1C, 0x1D, 0x14, 0x1E, 0x1F, 0x06, 0x20, 0x14, 0x14, 0x21, 0x06, 0x06, 0x22, 0x14, 0x14, 0x23, 0x06, 0x06, 0x24, 0x25, 0x14, 0x26, 0x27, 0x06, 0x28, 0x14, 0x14, 0x29, 0x2A, 0x06, 0x06, 0x06, 0x06, 0x06, 0x06, 0x06, 0x06, 0x06, 0x06, 0x06, 0x06, 0x2B, 0x14, 0x14, 0x2C, 0x06, 0x06, 0x06, 0x06, 0x06, 0x06, 0x06, 0x06, 0x06, 0x06, 0x06, 0x06, 
	0x13, 0x14, 0x14, 0x2D, 0x06, 0x06, 0x06, 0x06, 0x06, 0x06, 0x06, 0x2E, 0x2F, 0x14, 0x14, 0x30, 0x31, 0x32, 0x14, 0x33, 0x34, 0x06, 0x06, 0x20, 0x14, 0x14, 0x21, 0x06, 0x06, 0x22, 0x14, 0x14, 0x23, 0x06, 0x06, 0x06, 0x35, 0x36, 0x14, 0x37, 0x38, 0x32, 0x14, 0x39, 0x3A, 0x06, 0x06, 0x06, 0x06, 0x06, 0x06, 0x06, 0x06, 0x06, 0x06, 0x06, 0x06, 0x06, 0x2B, 0x14, 0x14, 0x2C, 0x06, 0x06, 0x06, 0x06, 0x06, 0x06, 0x06, 0x06, 0x06, 0x06, 0x06, 0x06, 
	0x13, 0x14, 0x14, 0x2D, 0x06, 0x06, 0x06, 0x06, 0x06, 0x06, 0x06, 0x06, 0x3B, 0x3C, 0x14, 0x14, 0x14, 0x14, 0x3D, 0x3E, 0x06, 0x06, 0x06, 0x20, 0x14, 0x14, 0x21, 0x06, 0x06, 0x22, 0x14, 0x14, 0x23, 0x06, 0x06, 0x06, 0x06, 0x3F, 0x40, 0x14, 0x14, 0x14, 0x41, 0x42, 0x06, 0x06, 0x06, 0x06, 0x43, 0x02, 0x02, 0x02, 0x02, 0x02, 0x02, 0x02, 0x44, 0x06, 0x2B, 0x14, 0x14, 0x2C, 0x06, 0x06, 0x00, 0x45, 0x02, 0x02, 0x02, 0x02, 0x02, 0x02, 0x46, 0x47, 
	0x13, 0x14, 0x14, 0x48, 0x49, 0x49, 0x49, 0x49, 0x49, 0x4A, 0x06, 0x06, 0x06, 0x4B, 0x4C, 0x14, 0x14, 0x4D, 0x4E, 0x06, 0x06, 0x06, 0x06, 0x20, 0x14, 0x14, 0x4F, 0x49, 0x49, 0x50, 0x14, 0x14, 0x23, 0x06, 0x06, 0x06, 0x06, 0x06, 0x51, 0x14, 0x14, 0x14, 0x52, 0x06, 0x06, 0x06, 0x06, 0x06, 0x20, 0x14, 0x14, 0x53, 0x16, 0x54, 0x14, 0x14, 0x14, 0x55, 0x2B, 0x14, 0x14, 0x2C, 0x06, 0x06, 0x13, 0x14, 0x14, 0x56, 0x16, 0x16, 0x57, 0x14, 0x14, 0x58, 
	0x13, 0x14, 0x14, 0x2D, 0x06, 0x06, 0x06, 0x06, 0x06, 0x06, 0x06, 0x06, 0x06, 0x06, 0x59, 0x14, 0x14, 0x58, 0x06, 0x06, 0x06, 0x06, 0x06, 0x20, 0x14, 0x14, 0x21, 0x06, 0x06, 0x22, 0x14, 0x14, 0x23, 0x06, 0x06, 0x06, 0x06, 0x5A, 0x5B, 0x14, 0x14, 0x14, 0x5C, 0x5D, 0x06, 0x06, 0x06, 0x06, 0x20, 0x14, 0x14, 0x21, 0x06, 0x5E, 0x14, 0x14, 0x14, 0x55, 0x2B, 0x14, 0x14, 0x2C, 0x06, 0x06, 0x13, 0x14, 0x14, 0x2D, 0x06, 0x06, 0x5F, 0x14, 0x14, 0x58, 
	0x13, 0x14, 0x14, 0x2D, 0x06, 0x06, 0x06, 0x06, 0x06, 0x06, 0x06, 0x06, 0x06, 0x06, 0x59, 0x14, 0x14, 0x58, 0x06, 0x06, 0x06, 0x06, 0x06, 0x20, 0x14, 0x14, 0x21, 0x06, 0x06, 0x22, 0x14, 0x14, 0x23, 0x06, 0x06, 0x06, 0x60, 0x61, 0x14, 0x62, 0x63, 0x14, 0x14, 0x64, 0x65, 0x06, 0x06, 0x06, 0x20, 0x14, 0x14, 0x66, 0x67, 0x67, 0x67, 0x67, 0x68, 0x69, 0x2B, 0x14, 0x14, 0x2C, 0x06, 0x06, 0x13, 0x14, 0x14, 0x6A, 0x67, 0x67, 0x67, 0x67, 0x6B, 0x6C, 
	0x13, 0x14, 0x14, 0x2D, 0x06, 0x06, 0x06, 0x06, 0x06, 0x06, 0x06, 0x06, 0x06, 0x06, 0x59, 0x14, 0x14, 0x58, 0x06, 0x06, 0x06, 0x06, 0x06, 0x20, 0x14, 0x14, 0x21, 0x06, 0x06, 0x22, 0x14, 0x14, 0x23, 0x06, 0x06, 0x6D, 0x6E, 0x14, 0x6F, 0x70, 0x06, 0x71, 0x14, 0x14, 0x72, 0x73, 0x06, 0x06, 0x20, 0x14, 0x14, 0x21, 0x06, 0x06, 0x06, 0x06, 0x06, 0x06, 0x2B, 0x14, 0x14, 0x2C, 0x06, 0x06, 0x13, 0x14, 0x14, 0x2D, 0x06, 0x06, 0x06, 0x06, 0x06, 0x06, 
	0x74, 0x75, 0x75, 0x76, 0x06, 0x06, 0x06, 0x06, 0x06, 0x06, 0x06, 0x06, 0x06, 0x06, 0x77, 0x78, 0x78, 0x79, 0x06, 0x06, 0x06, 0x06, 0x06, 0x7A, 0x75, 0x75, 0x7B, 0x06, 0x06, 0x7C, 0x75, 0x75, 0x7D, 0x06, 0x06, 0x7E, 0x78, 0x78, 0x7F, 0x06, 0x06, 0x80, 0x81, 0x78, 0x78, 0x82, 0x06, 0x06, 0x83, 0x78, 0x78, 0x84, 0x85, 0x85, 0x85, 0x85, 0x85, 0x86, 0x87, 0x88, 0x78, 0x89, 0x85, 0x8A, 0x8B, 0x8C, 0x78, 0x8D, 0x85, 0x85, 0x85, 0x85, 0x85, 0x8E, 
	_END_,

};
#elif(_LOGO_TYPE ==  _LOGO_Brookstone)
BYTE code tiOSD_1BIT_LOGO0[]=
{
	////////////////////////////////////////////Font Map index////////////////////////////////////////////
	0x00, 0x01, 0x02, 0x03, 0x00, 0x04, 0x05, 0x06, 0x07, 0x08, 0x08, 0x08, 0x08, 0x08, 0x08, 0x08, 0x08, 0x08, 0x08, 0x08, 0x08, 0x08, 0x08, 0x08, 0x08, 0x08, 0x08, 0x08, 0x08, 0x09, 0x0A, 0x0B, 0x0C, 0x08, 0x08, 0x08, 0x08, 0x08, 0x08, 0x08, 0x08, 0x08, 0x08, 0x08, 0x08, 0x08, 0x08, 0x08, 0x08, 0x08, 0x08, 0x08, 0x08, 0x08, 0x08, 0x08, 0x08, 0x08, 0x08, 0x08, 0x08, 0x08, 0x08, 0x08, 0x08, 0x08, 0x08, 0x08, 0x08, 0x08, 0x08, 0x08, 
	0x08, 0x0D, 0x0E, 0x0F, 0x08, 0x08, 0x10, 0x0E, 0x11, 0x08, 0x08, 0x08, 0x08, 0x08, 0x08, 0x08, 0x08, 0x08, 0x08, 0x08, 0x08, 0x08, 0x08, 0x08, 0x08, 0x08, 0x08, 0x08, 0x08, 0x08, 0x12, 0x0E, 0x0E, 0x08, 0x08, 0x08, 0x08, 0x08, 0x08, 0x08, 0x08, 0x08, 0x08, 0x08, 0x13, 0x14, 0x15, 0x08, 0x08, 0x08, 0x08, 0x08, 0x08, 0x08, 0x08, 0x08, 0x08, 0x08, 0x08, 0x08, 0x08, 0x08, 0x08, 0x08, 0x08, 0x08, 0x08, 0x08, 0x08, 0x08, 0x16, 0x17, 
	0x08, 0x0D, 0x0E, 0x0F, 0x08, 0x18, 0x19, 0x1A, 0x1B, 0x1C, 0x1D, 0x1E, 0x1F, 0x20, 0x21, 0x22, 0x23, 0x24, 0x25, 0x26, 0x27, 0x28, 0x08, 0x29, 0x2A, 0x2B, 0x2C, 0x2D, 0x2E, 0x2F, 0x12, 0x0E, 0x0E, 0x08, 0x30, 0x31, 0x32, 0x33, 0x34, 0x35, 0x36, 0x37, 0x38, 0x39, 0x3A, 0x0E, 0x3B, 0x3C, 0x3D, 0x3E, 0x3F, 0x40, 0x41, 0x42, 0x43, 0x3C, 0x1D, 0x44, 0x45, 0x46, 0x47, 0x48, 0x49, 0x08, 0x4A, 0x4B, 0x4C, 0x4D, 0x4E, 0x4F, 0x50, 0x51, 
	0x08, 0x0D, 0x0E, 0x52, 0x53, 0x54, 0x55, 0x56, 0x28, 0x12, 0x0E, 0x57, 0x58, 0x59, 0x5A, 0x5B, 0x0E, 0x5C, 0x08, 0x5D, 0x0E, 0x5E, 0x5F, 0x60, 0x0E, 0x61, 0x08, 0x62, 0x0E, 0x63, 0x64, 0x0E, 0x0E, 0x08, 0x65, 0x66, 0x67, 0x08, 0x68, 0x69, 0x6A, 0x6B, 0x6C, 0x08, 0x6D, 0x0E, 0x6E, 0x08, 0x6F, 0x0E, 0x70, 0x08, 0x71, 0x0E, 0x72, 0x73, 0x0E, 0x0E, 0x74, 0x08, 0x75, 0x0E, 0x76, 0x77, 0x78, 0x79, 0x08, 0x7A, 0x0E, 0x7B, 0x08, 0x08, 
	0x08, 0x0D, 0x0E, 0x0F, 0x08, 0x08, 0x7C, 0x0E, 0x7D, 0x7E, 0x0E, 0x0E, 0x7F, 0x08, 0x80, 0x0E, 0x0E, 0x81, 0x08, 0x82, 0x0E, 0x0E, 0x83, 0x0E, 0x0E, 0x81, 0x08, 0x84, 0x0E, 0x0E, 0x85, 0x0E, 0x0E, 0x86, 0x0E, 0x87, 0x08, 0x08, 0x88, 0x0E, 0x0E, 0x0E, 0x89, 0x8A, 0x6D, 0x0E, 0x6E, 0x8B, 0x0E, 0x0E, 0x8C, 0x08, 0x82, 0x0E, 0x0E, 0x8D, 0x0E, 0x0E, 0x8E, 0x08, 0x8F, 0x0E, 0x76, 0x90, 0x0E, 0x91, 0x92, 0x93, 0x94, 0x94, 0x08, 0x08, 
	0x08, 0x0D, 0x0E, 0x0F, 0x08, 0x08, 0x95, 0x0E, 0x96, 0x97, 0x0E, 0x0E, 0x08, 0x08, 0x98, 0x99, 0x0E, 0x9A, 0x08, 0x9B, 0x0E, 0x9C, 0x9D, 0x9E, 0x0E, 0x9F, 0x08, 0xA0, 0x0E, 0xA1, 0xA2, 0x0E, 0x0E, 0xA3, 0xA4, 0x0E, 0xA5, 0xA6, 0xA7, 0xA8, 0xA9, 0xAA, 0xAB, 0xAC, 0x6D, 0x0E, 0x6E, 0xAD, 0xAE, 0x0E, 0xAF, 0x08, 0xB0, 0x0E, 0xB1, 0xB2, 0x0E, 0x0E, 0xB3, 0x08, 0x8F, 0x0E, 0x76, 0xB4, 0x0E, 0xB5, 0x08, 0x08, 0x08, 0xB6, 0xB7, 0x08, 
	0xB8, 0xB9, 0xBA, 0xBB, 0xB8, 0xBC, 0xBD, 0xBE, 0xBF, 0xC0, 0xBA, 0xBA, 0xB8, 0xC1, 0x08, 0xC2, 0xC3, 0xC4, 0xC5, 0xC6, 0xC7, 0xC8, 0x08, 0xC9, 0xCA, 0xCB, 0xCC, 0xCD, 0xCE, 0xCF, 0xC0, 0xBA, 0xBA, 0xD0, 0xD1, 0xD2, 0xBA, 0xD3, 0xD4, 0xD5, 0xD6, 0xD7, 0xD8, 0xD9, 0xDA, 0x0E, 0xDB, 0xDC, 0xDD, 0xDE, 0xDF, 0xC5, 0xE0, 0xE1, 0xE2, 0xB8, 0xBA, 0xBA, 0xE3, 0xE4, 0xE5, 0xBA, 0xE6, 0xE7, 0xE8, 0xE9, 0xEA, 0xEB, 0xEC, 0xED, 0x08, 0x08, 
	0x08, 0x08, 0x08, 0x08, 0x08, 0x08, 0x08, 0x08, 0x08, 0x08, 0x08, 0x08, 0x08, 0x08, 0x08, 0x08, 0x08, 0xEE, 0xEF, 0xF0, 0x08, 0x08, 0x08, 0x08, 0x08, 0xF1, 0xEF, 0xF2, 0x08, 0x08, 0x08, 0x08, 0x08, 0x08, 0x08, 0x08, 0x08, 0x08, 0x08, 0x08, 0xF3, 0xF4, 0x08, 0x08, 0x08, 0xF5, 0xF6, 0xF7, 0x08, 0x08, 0xF8, 0xEF, 0xF0, 0x08, 0x08, 0x08, 0x08, 0x08, 0x08, 0x08, 0x08, 0x08, 0x08, 0x08, 0x08, 0xF9, 0xFA, 0xF6, 0xF7, 0x08, 0x08, 0x08, 
	_END_, 

};
#elif(_LOGO_TYPE ==  _LOGO_DUAM)
BYTE code tiOSD_1BIT_LOGO0[]=
{
	////////////////////////////////////////////Font Map index////////////////////////////////////////////
0x00, 0x00, 0x00, 0x00, 0x00, 0x00, 0x00, 0x00, 0x00, 0x00, 0x00, 0x00, 0x00, 0x00, 0x00, 0x00, 0x00, 0x00, 0x00, 0x00, 0x00, 0x00, 0x00, 0x00, 0x00, 0x00, 0x00, 0x00, 0x00, 0x00, 0x00, 0x00, 0x00, 0x00, 0x00, 0x00, 0x00, 0x00, 0x00, 0x00, 0x00, 0x00, 0x00, 0x00, 0x00, 0x00, 0x00, 0x00, 0x00, 0x00, 0x00, 0x00, 0x01, 0x02, 0x03, 0x04, 0x05, 0x00, 
0x00, 0x00, 0x00, 0x00, 0x00, 0x00, 0x00, 0x00, 0x00, 0x00, 0x00, 0x00, 0x00, 0x00, 0x00, 0x00, 0x00, 0x00, 0x00, 0x06, 0x07, 0x00, 0x00, 0x00, 0x00, 0x00, 0x00, 0x00, 0x00, 0x00, 0x00, 0x00, 0x00, 0x00, 0x00, 0x00, 0x00, 0x00, 0x00, 0x00, 0x00, 0x00, 0x00, 0x00, 0x00, 0x00, 0x00, 0x00, 0x00, 0x00, 0x00, 0x08, 0x09, 0x0A, 0x0B, 0x0C, 0x0D, 0x0E, 
0x0F, 0x0F, 0x0F, 0x0F, 0x0F, 0x0F, 0x0F, 0x0F, 0x0F, 0x10, 0x11, 0x12, 0x00, 0x00, 0x00, 0x00, 0x00, 0x00, 0x13, 0x0F, 0x14, 0x15, 0x00, 0x00, 0x00, 0x00, 0x00, 0x00, 0x16, 0x17, 0x18, 0x18, 0x19, 0x1A, 0x00, 0x00, 0x00, 0x00, 0x1B, 0x18, 0x18, 0x18, 0x1C, 0x00, 0x00, 0x00, 0x00, 0x1D, 0x18, 0x18, 0x1E, 0x1F, 0x20, 0x21, 0x22, 0x23, 0x00, 0x24, 
0x25, 0x25, 0x25, 0x25, 0x25, 0x25, 0x25, 0x25, 0x26, 0x27, 0x0F, 0x28, 0x00, 0x00, 0x00, 0x00, 0x00, 0x00, 0x29, 0x2A, 0x2B, 0x0F, 0x2C, 0x07, 0x00, 0x00, 0x00, 0x00, 0x2D, 0x0F, 0x2E, 0x0F, 0x0F, 0x2F, 0x00, 0x00, 0x00, 0x00, 0x30, 0x0F, 0x0F, 0x0F, 0x31, 0x32, 0x00, 0x00, 0x00, 0x33, 0x0F, 0x0F, 0x34, 0x35, 0x36, 0x37, 0x38, 0x39, 0x3A, 0x3B, 
0x3C, 0x3C, 0x3D, 0x00, 0x00, 0x00, 0x00, 0x00, 0x00, 0x3E, 0x0F, 0x3F, 0x00, 0x00, 0x00, 0x00, 0x00, 0x00, 0x00, 0x00, 0x40, 0x41, 0x0F, 0x14, 0x15, 0x00, 0x00, 0x42, 0x43, 0x0F, 0x44, 0x45, 0x0F, 0x46, 0x47, 0x00, 0x00, 0x00, 0x30, 0x0F, 0x0F, 0x48, 0x0F, 0x49, 0x4A, 0x00, 0x00, 0x33, 0x0F, 0x0F, 0x34, 0x00, 0x4B, 0x4C, 0x4D, 0x4E, 0x4F, 0x00, 
0x0F, 0x0F, 0x50, 0x00, 0x00, 0x00, 0x00, 0x00, 0x00, 0x51, 0x0F, 0x3F, 0x00, 0x52, 0x53, 0x54, 0x00, 0x00, 0x00, 0x00, 0x00, 0x29, 0x2A, 0x2B, 0x0F, 0x2C, 0x07, 0x55, 0x0F, 0x56, 0x57, 0x58, 0x0F, 0x0F, 0x59, 0x00, 0x00, 0x00, 0x30, 0x0F, 0x0F, 0x5A, 0x5B, 0x0F, 0x5C, 0x5D, 0x00, 0x33, 0x0F, 0x0F, 0x34, 0x00, 0x00, 0x00, 0x00, 0x00, 0x00, 0x00, 
0x0F, 0x0F, 0x50, 0x00, 0x00, 0x00, 0x00, 0x00, 0x00, 0x51, 0x0F, 0x3F, 0x5E, 0x41, 0x0F, 0x5F, 0x60, 0x00, 0x00, 0x00, 0x00, 0x00, 0x00, 0x40, 0x61, 0x0F, 0x62, 0x0F, 0x0F, 0x63, 0x00, 0x00, 0x64, 0x0F, 0x65, 0x66, 0x00, 0x00, 0x30, 0x0F, 0x0F, 0x67, 0x68, 0x69, 0x0F, 0x6A, 0x6B, 0x33, 0x0F, 0x0F, 0x34, 0x00, 0x00, 0x00, 0x00, 0x00, 0x00, 0x00, 
0x0F, 0x0F, 0x50, 0x00, 0x00, 0x00, 0x00, 0x00, 0x00, 0x51, 0x0F, 0x3F, 0x00, 0x29, 0x2A, 0x2B, 0x6C, 0x6D, 0x54, 0x00, 0x00, 0x00, 0x00, 0x6E, 0x6F, 0x0F, 0x0F, 0x0F, 0x0F, 0x70, 0x71, 0x71, 0x72, 0x0F, 0x0F, 0x73, 0x00, 0x00, 0x30, 0x0F, 0x0F, 0x67, 0x00, 0x74, 0x75, 0x0F, 0x76, 0x77, 0x0F, 0x0F, 0x34, 0x00, 0x00, 0x00, 0x00, 0x00, 0x00, 0x00, 
0x0F, 0x0F, 0x50, 0x00, 0x00, 0x00, 0x00, 0x00, 0x78, 0x79, 0x0F, 0x3F, 0x00, 0x00, 0x00, 0x40, 0x41, 0x0F, 0x5F, 0x60, 0x00, 0x7A, 0x7B, 0x7C, 0x7D, 0x7E, 0x0F, 0x0F, 0x0F, 0x0F, 0x0F, 0x0F, 0x0F, 0x0F, 0x0F, 0x0F, 0x7F, 0x00, 0x30, 0x0F, 0x0F, 0x67, 0x00, 0x00, 0x80, 0x81, 0x0F, 0x82, 0x0F, 0x0F, 0x34, 0x00, 0x00, 0x00, 0x00, 0x00, 0x00, 0x00, 
0x0F, 0x0F, 0x83, 0x84, 0x84, 0x84, 0x84, 0x84, 0x85, 0x0F, 0x0F, 0x86, 0x00, 0x00, 0x00, 0x00, 0x29, 0x2A, 0x2B, 0x6C, 0x87, 0x88, 0x0F, 0x89, 0x8A, 0x8B, 0x0F, 0x8C, 0x8D, 0x8E, 0x8E, 0x8E, 0x8E, 0x8F, 0x0F, 0x0F, 0x90, 0x91, 0x30, 0x0F, 0x0F, 0x67, 0x00, 0x00, 0x00, 0x92, 0x93, 0x0F, 0x0F, 0x0F, 0x34, 0x00, 0x00, 0x00, 0x00, 0x00, 0x00, 0x00, 
0x94, 0x94, 0x94, 0x94, 0x94, 0x94, 0x94, 0x94, 0x94, 0x95, 0x96, 0x97, 0x00, 0x00, 0x00, 0x00, 0x00, 0x00, 0x40, 0x98, 0x0F, 0x99, 0x9A, 0x9B, 0x9C, 0x9D, 0x9D, 0x9E, 0x00, 0x00, 0x00, 0x00, 0x00, 0x9F, 0xA0, 0x9D, 0x9D, 0xA1, 0xA2, 0x9D, 0x9D, 0xA3, 0x00, 0x00, 0x00, 0x00, 0xA4, 0xA5, 0x9D, 0x9D, 0xA6, 0x00, 0x00, 0x00, 0x00, 0x00, 0x00, 0x00, 
_END_, 

};
#elif(_LOGO_TYPE ==  _LOGO_EXAN)
BYTE code tiOSD_1BIT_LOGO0[]=
{

 ////////////////////////////////////////////Font Map index////////////////////////////////////////////
 0x00, 0x00, 0x00, 0x00, 0x00, 0x00, 0x00, 0x00, 0x00, 0x00, 0x00, 0x00, 0x00, 0x00, 0x01, 0x02, 0x02, 0x02, 0x02, 0x02, 0x03, 0x00, 0x00, 0x00, 0x04, 0x02, 0x02, 0x02, 0x02, 0x05, 0x06, 0x07, 0x02, 0x02, 0x02, 0x02, 0x02, 0x02, 0x02, 0x08, 0x09, 0x02, 0x02, 0x02, 0x02, 0x02, 0x02, 0x02, 0x02, 0x0A, 0x0B, 0x0B, 0x0C, 
 0x0D, 0x0D, 0x0D, 0x0D, 0x0D, 0x0D, 0x0D, 0x0D, 0x0D, 0x0D, 0x0D, 0x0D, 0x0D, 0x0D, 0x0E, 0x0F, 0x02, 0x02, 0x02, 0x10, 0x11, 0x0D, 0x0D, 0x12, 0x13, 0x02, 0x02, 0x02, 0x14, 0x15, 0x0D, 0x16, 0x02, 0x02, 0x02, 0x02, 0x02, 0x02, 0x02, 0x17, 0x18, 0x19, 0x1A, 0x02, 0x02, 0x02, 0x02, 0x02, 0x02, 0x17, 0x0D, 0x0D, 0x1B, 
 0x1C, 0x1C, 0x1C, 0x1C, 0x1C, 0x1C, 0x1C, 0x1C, 0x1C, 0x1C, 0x1C, 0x1C, 0x1D, 0x0D, 0x0D, 0x1E, 0x1F, 0x02, 0x20, 0x21, 0x0D, 0x0D, 0x22, 0x23, 0x02, 0x02, 0x02, 0x02, 0x24, 0x0D, 0x0D, 0x0D, 0x25, 0x02, 0x02, 0x02, 0x02, 0x02, 0x02, 0x17, 0x0D, 0x0D, 0x26, 0x27, 0x02, 0x02, 0x02, 0x02, 0x02, 0x17, 0x0D, 0x0D, 0x1B, 
 0x02, 0x02, 0x02, 0x02, 0x02, 0x02, 0x02, 0x02, 0x02, 0x02, 0x02, 0x02, 0x28, 0x29, 0x0D, 0x0D, 0x2A, 0x2B, 0x02, 0x2C, 0x2D, 0x2E, 0x02, 0x02, 0x02, 0x02, 0x02, 0x2F, 0x02, 0x30, 0x0D, 0x0D, 0x31, 0x32, 0x02, 0x02, 0x02, 0x02, 0x02, 0x33, 0x34, 0x0D, 0x0D, 0x35, 0x36, 0x37, 0x02, 0x02, 0x02, 0x17, 0x0D, 0x0D, 0x1B, 
 0x00, 0x00, 0x00, 0x00, 0x00, 0x00, 0x00, 0x00, 0x00, 0x38, 0x02, 0x02, 0x02, 0x02, 0x39, 0x3A, 0x0D, 0x0D, 0x3B, 0x02, 0x3C, 0x02, 0x02, 0x02, 0x02, 0x02, 0x3D, 0x3E, 0x3F, 0x40, 0x41, 0x0D, 0x0D, 0x42, 0x43, 0x02, 0x02, 0x02, 0x02, 0x44, 0x45, 0x46, 0x47, 0x0D, 0x0D, 0x48, 0x49, 0x4A, 0x02, 0x17, 0x0D, 0x0D, 0x1B, 
 0x0D, 0x0D, 0x0D, 0x0D, 0x0D, 0x0D, 0x0D, 0x0D, 0x0D, 0x4B, 0x02, 0x02, 0x02, 0x02, 0x02, 0x4C, 0x4D, 0x0D, 0x0D, 0x4E, 0x4F, 0x02, 0x02, 0x02, 0x02, 0x50, 0x51, 0x0D, 0x52, 0x53, 0x54, 0x55, 0x0D, 0x0D, 0x56, 0x1A, 0x02, 0x02, 0x02, 0x57, 0x58, 0x4A, 0x59, 0x5A, 0x0D, 0x0D, 0x0D, 0x5B, 0x5C, 0x17, 0x0D, 0x0D, 0x1B, 
 0x0D, 0x0D, 0x0D, 0x5D, 0x5E, 0x5E, 0x5E, 0x5E, 0x5E, 0x5F, 0x02, 0x02, 0x02, 0x60, 0x61, 0x62, 0x63, 0x64, 0x0D, 0x0D, 0x65, 0x66, 0x02, 0x02, 0x02, 0x67, 0x0D, 0x0D, 0x68, 0x69, 0x6A, 0x6B, 0x0D, 0x0D, 0x0D, 0x6C, 0x02, 0x02, 0x02, 0x17, 0x0D, 0x6D, 0x6E, 0x02, 0x6F, 0x70, 0x0D, 0x0D, 0x0D, 0x0D, 0x0D, 0x0D, 0x1B, 
 0x0D, 0x0D, 0x0D, 0x71, 0x02, 0x02, 0x02, 0x02, 0x02, 0x02, 0x02, 0x02, 0x72, 0x73, 0x0D, 0x74, 0x75, 0x76, 0x77, 0x0D, 0x0D, 0x78, 0x79, 0x02, 0x7A, 0x7B, 0x0D, 0x0D, 0x7C, 0x7D, 0x7E, 0x0D, 0x0D, 0x0D, 0x0D, 0x2A, 0x3F, 0x02, 0x02, 0x17, 0x0D, 0x0D, 0x1B, 0x02, 0x02, 0x7F, 0x80, 0x81, 0x0D, 0x0D, 0x0D, 0x0D, 0x1B, 
 0x0D, 0x0D, 0x0D, 0x82, 0x83, 0x83, 0x83, 0x83, 0x83, 0x83, 0x83, 0x84, 0x85, 0x0D, 0x0D, 0x86, 0x87, 0x02, 0x88, 0x89, 0x0D, 0x0D, 0x8A, 0x8B, 0x8C, 0x0D, 0x0D, 0x8D, 0x02, 0x8E, 0x8F, 0x8F, 0x8F, 0x90, 0x0D, 0x0D, 0x52, 0x53, 0x02, 0x17, 0x0D, 0x0D, 0x1B, 0x02, 0x02, 0x02, 0x02, 0x91, 0x92, 0x93, 0x0D, 0x0D, 0x1B, 
 0x0D, 0x0D, 0x0D, 0x0D, 0x0D, 0x0D, 0x0D, 0x0D, 0x0D, 0x0D, 0x0D, 0x0D, 0x0D, 0x94, 0x95, 0x96, 0x02, 0x02, 0x02, 0x97, 0x98, 0x0D, 0x0D, 0x0D, 0x0D, 0x0D, 0x99, 0x9A, 0x02, 0x02, 0x02, 0x02, 0x02, 0x9B, 0x9C, 0x0D, 0x0D, 0x9D, 0x07, 0x17, 0x0D, 0x0D, 0x1B, 0x02, 0x02, 0x02, 0x02, 0x02, 0x02, 0x9E, 0x9F, 0x0D, 0x1B, 
 0xA0, 0xA0, 0xA0, 0xA0, 0xA0, 0xA0, 0xA0, 0xA0, 0xA0, 0xA0, 0xA0, 0xA0, 0xA0, 0x87, 0x02, 0x02, 0x02, 0x02, 0x02, 0x02, 0xA1, 0xA2, 0xA0, 0xA0, 0xA0, 0xA0, 0xA3, 0x02, 0x02, 0x02, 0x02, 0x02, 0x02, 0x02, 0xA4, 0xA0, 0xA0, 0xA0, 0xA5, 0xA6, 0xA0, 0xA0, 0xA7, 0x02, 0x02, 0x02, 0x02, 0x02, 0x02, 0x02, 0x28, 0xA8, 0xA9, 
 _END_,
};
#elif(_LOGO_TYPE ==  _LOGO_Polaroid)
BYTE code tiOSD_1BIT_LOGO0[]=
{
	////////////////////////////////////////////Font Map index////////////////////////////////////////////
	0x00, 0x00, 0x00, 0x00, 0x00, 0x00, 0x01, 0x02, 0x03, 0x04, 0x05, 0x05, 0x05, 0x05, 0x05, 0x05, 0x05, 0x05, 0x05, 0x05, 0x05, 0x05, 0x06, 0x00, 0x07, 0x05, 0x05, 0x05, 0x05, 0x05, 0x05, 0x05, 0x05, 0x05, 0x05, 0x05, 0x05, 0x05, 0x05, 0x05, 0x05, 0x05, 0x05, 0x05, 0x05, 0x05, 0x05, 0x05, 0x05, 0x05, 0x05, 0x05, 0x05, 0x05, 0x08, 0x00, 0x09, 0x05, 0x05, 0x05, 0x05, 0x05, 0x05, 0x05, 0x05, 0x0A, 0x00, 0x07, 
	0x00, 0x00, 0x0B, 0x0C, 0x0C, 0x0C, 0x0D, 0x0E, 0x00, 0x0F, 0x10, 0x05, 0x05, 0x05, 0x05, 0x05, 0x05, 0x05, 0x05, 0x05, 0x05, 0x05, 0x06, 0x00, 0x07, 0x05, 0x05, 0x05, 0x05, 0x05, 0x05, 0x05, 0x05, 0x05, 0x05, 0x05, 0x05, 0x05, 0x05, 0x05, 0x05, 0x05, 0x05, 0x05, 0x05, 0x05, 0x05, 0x05, 0x05, 0x05, 0x05, 0x05, 0x05, 0x05, 0x11, 0x12, 0x13, 0x05, 0x05, 0x05, 0x05, 0x05, 0x05, 0x05, 0x05, 0x0A, 0x00, 0x07, 
	0x00, 0x00, 0x09, 0x05, 0x05, 0x05, 0x05, 0x14, 0x15, 0x00, 0x16, 0x05, 0x05, 0x17, 0x18, 0x19, 0x1A, 0x1B, 0x1C, 0x1D, 0x05, 0x05, 0x06, 0x00, 0x07, 0x05, 0x05, 0x1E, 0x1F, 0x20, 0x21, 0x22, 0x23, 0x24, 0x05, 0x05, 0x25, 0x26, 0x27, 0x28, 0x29, 0x2A, 0x2B, 0x05, 0x1E, 0x1F, 0x2C, 0x21, 0x22, 0x2D, 0x2E, 0x05, 0x05, 0x05, 0x2F, 0x26, 0x30, 0x05, 0x05, 0x31, 0x32, 0x33, 0x34, 0x35, 0x36, 0x0A, 0x00, 0x07, 
	0x00, 0x00, 0x09, 0x05, 0x05, 0x05, 0x05, 0x37, 0x38, 0x00, 0x39, 0x3A, 0x3B, 0x00, 0x3C, 0x3D, 0x3E, 0x3F, 0x00, 0x40, 0x41, 0x05, 0x06, 0x00, 0x07, 0x05, 0x42, 0x43, 0x00, 0x44, 0x45, 0x46, 0x00, 0x47, 0x48, 0x05, 0x0A, 0x00, 0x49, 0x4A, 0x00, 0x00, 0x4B, 0x4C, 0x4D, 0x00, 0x4E, 0x4F, 0x50, 0x00, 0x51, 0x52, 0x1D, 0x05, 0x08, 0x00, 0x53, 0x05, 0x54, 0x4D, 0x00, 0x55, 0x56, 0x57, 0x58, 0x59, 0x00, 0x07, 
	0x00, 0x00, 0x5A, 0x2A, 0x2A, 0x2A, 0x5B, 0x5C, 0x00, 0x5D, 0x5E, 0x5F, 0x00, 0x60, 0x61, 0x05, 0x05, 0x62, 0x63, 0x00, 0x64, 0x05, 0x06, 0x00, 0x07, 0x05, 0x65, 0x66, 0x67, 0x68, 0x05, 0x69, 0x6A, 0x00, 0x6B, 0x05, 0x0A, 0x00, 0x00, 0x6C, 0x6D, 0x6E, 0x6F, 0x70, 0x00, 0x71, 0x72, 0x05, 0x05, 0x73, 0x74, 0x00, 0x75, 0x05, 0x08, 0x00, 0x53, 0x05, 0x76, 0x00, 0x77, 0x78, 0x05, 0x05, 0x79, 0x7A, 0x00, 0x07, 
	0x00, 0x00, 0x7B, 0x7C, 0x7C, 0x7C, 0x7D, 0x7E, 0x7F, 0x80, 0x05, 0x81, 0x00, 0x82, 0x05, 0x05, 0x05, 0x05, 0x83, 0x00, 0x84, 0x85, 0x06, 0x00, 0x07, 0x05, 0x05, 0x86, 0x87, 0x88, 0x89, 0x8A, 0x00, 0x00, 0x09, 0x05, 0x0A, 0x00, 0x8B, 0x8C, 0x05, 0x05, 0x8D, 0x00, 0x00, 0x8E, 0x05, 0x05, 0x05, 0x05, 0x8F, 0x00, 0x90, 0x05, 0x08, 0x00, 0x53, 0x91, 0x00, 0x00, 0x92, 0x05, 0x05, 0x05, 0x05, 0x93, 0x00, 0x07, 
	0x00, 0x00, 0x09, 0x05, 0x05, 0x05, 0x05, 0x05, 0x05, 0x05, 0x05, 0x94, 0x00, 0x95, 0x05, 0x05, 0x05, 0x05, 0x96, 0x00, 0x97, 0x98, 0x06, 0x00, 0x07, 0x05, 0x99, 0x00, 0x9A, 0x9B, 0x9C, 0x9D, 0x9E, 0x00, 0x09, 0x05, 0x0A, 0x00, 0x9F, 0x05, 0x05, 0x05, 0xA0, 0x00, 0x00, 0xA1, 0x05, 0x05, 0x05, 0x05, 0xA2, 0x00, 0xA3, 0x05, 0x08, 0x00, 0x53, 0xA4, 0x00, 0x00, 0xA5, 0x05, 0x05, 0x05, 0x05, 0xA6, 0x00, 0x07, 
	0x00, 0x00, 0x09, 0x05, 0x05, 0x05, 0x05, 0x05, 0x05, 0x05, 0x05, 0xA7, 0x00, 0xA8, 0xA9, 0xAA, 0xAB, 0xAC, 0xAD, 0x00, 0xAE, 0x05, 0x06, 0x00, 0x07, 0x05, 0xAF, 0x00, 0xB0, 0x05, 0x05, 0xB1, 0xB2, 0x00, 0x09, 0x05, 0x0A, 0x00, 0x9F, 0x05, 0x05, 0x05, 0xB3, 0xB4, 0x00, 0xB5, 0xB6, 0x05, 0xB7, 0xB8, 0x00, 0xB9, 0xBA, 0x05, 0x08, 0x00, 0x53, 0x05, 0xBB, 0x00, 0xBC, 0xBD, 0xBE, 0xBF, 0xC0, 0xC1, 0x00, 0x07, 
	0x00, 0x00, 0x09, 0x05, 0x05, 0x05, 0x05, 0x05, 0x05, 0x05, 0x05, 0xC2, 0xC3, 0xC4, 0x00, 0xC5, 0xC6, 0x00, 0x3C, 0xC7, 0xC8, 0x05, 0x06, 0x00, 0x07, 0x05, 0xC9, 0xCA, 0x00, 0xCB, 0xCC, 0xB9, 0xCD, 0x00, 0xCE, 0x05, 0x0A, 0x00, 0x9F, 0x05, 0x05, 0x05, 0x05, 0xCF, 0xD0, 0x00, 0x00, 0xD1, 0xD2, 0x00, 0xD3, 0xD4, 0x05, 0x05, 0x08, 0x00, 0x53, 0x05, 0xD5, 0xD6, 0x00, 0x00, 0x00, 0x00, 0xD7, 0xD8, 0x00, 0x07, 
	0xD9, 0xD9, 0xDA, 0x05, 0x05, 0x05, 0x05, 0x05, 0x05, 0x05, 0x05, 0x05, 0x05, 0xDB, 0xDC, 0xDD, 0xDE, 0xDF, 0xE0, 0x05, 0x05, 0x05, 0xE1, 0xD9, 0xE2, 0x05, 0x05, 0xE3, 0xE4, 0xE5, 0xE6, 0xE7, 0xE1, 0xD9, 0xE8, 0x05, 0xE9, 0xD9, 0xEA, 0x05, 0x05, 0x05, 0x05, 0x05, 0x05, 0xEB, 0xEC, 0xED, 0xEE, 0xEF, 0xF0, 0x05, 0x05, 0x05, 0xF1, 0xD9, 0xF2, 0x05, 0x05, 0x05, 0xF3, 0xF4, 0xED, 0xF5, 0xF6, 0xE9, 0xD9, 0xF7, 
	0x05, 0x05, 0x05, 0x05, 0x05, 0x05, 0x05, 0x05, 0x05, 0x05, 0x05, 0x05, 0x05, 0x05, 0x05, 0x05, 0x05, 0x05, 0x05, 0x05, 0x05, 0x05, 0x05, 0x05, 0x05, 0x05, 0x05, 0x05, 0x05, 0x05, 0x05, 0x05, 0x05, 0x05, 0x05, 0x05, 0x05, 0x05, 0x05, 0x05, 0x05, 0x05, 0x05, 0x05, 0x05, 0x05, 0x05, 0x05, 0x05, 0x05, 0x05, 0x05, 0x05, 0x05, 0x05, 0x05, 0x05, 0x05, 0x05, 0x05, 0x05, 0x05, 0x05, 0x05, 0x05, 0x05, 0x05, 0x05, 
	0x05, 0x05, 0x05, 0x05, 0x05, 0x05, 0x05, 0x05, 0x05, 0x05, 0x05, 0x05, 0x05, 0x05, 0x05, 0x05, 0x05, 0x05, 0x05, 0x05, 0x05, 0x05, 0x05, 0x05, 0x05, 0x05, 0x05, 0x05, 0x05, 0x05, 0x05, 0x05, 0x05, 0x05, 0x05, 0x05, 0x05, 0x05, 0x05, 0x05, 0x05, 0x05, 0x05, 0x05, 0x05, 0x05, 0x05, 0x05, 0x05, 0x05, 0x05, 0x05, 0x05, 0x05, 0x05, 0x05, 0x05, 0x05, 0x05, 0x05, 0x05, 0x05, 0x05, 0x05, 0x05, 0x05, 0x05, 0x05, 
	0xF8, 0xF8, 0xF8, 0xF8, 0xF8, 0xF8, 0xF8, 0xF8, 0xF8, 0xF8, 0xF8, 0xF8, 0xF8, 0xF8, 0xF8, 0xF8, 0xF8, 0xF8, 0xF8, 0xF8, 0xF8, 0xF8, 0xF8, 0xF8, 0xF8, 0xF8, 0xF8, 0xF8, 0xF8, 0xF8, 0xF8, 0xF8, 0xF8, 0xF8, 0xF9, 0x05, 0x05, 0x05, 0x05, 0x05, 0x05, 0x05, 0x05, 0x05, 0x05, 0x05, 0x05, 0x05, 0x05, 0x05, 0x05, 0x05, 0x05, 0x05, 0x05, 0x05, 0x05, 0x05, 0x05, 0x05, 0x05, 0x05, 0x05, 0x05, 0x05, 0x05, 0x05, 0x05, 
	0x00, 0x00, 0x00, 0x00, 0x00, 0x00, 0x00, 0x00, 0x00, 0x00, 0x00, 0x00, 0x00, 0x00, 0x00, 0x00, 0x00, 0x00, 0x00, 0x00, 0x00, 0x00, 0x00, 0x00, 0x00, 0x00, 0x00, 0x00, 0x00, 0x00, 0x00, 0x00, 0x00, 0x00, 0xFA, 0x05, 0x05, 0x05, 0x05, 0x05, 0x05, 0x05, 0x05, 0x05, 0x05, 0x05, 0x05, 0x05, 0x05, 0x05, 0x05, 0x05, 0x05, 0x05, 0x05, 0x05, 0x05, 0x05, 0x05, 0x05, 0x05, 0x05, 0x05, 0x05, 0x05, 0x05, 0x05, 0x05, 
 _END_,
};
#elif(_LOGO_TYPE ==  _LOGO_QUASAR)
BYTE code tiOSD_1BIT_LOGO0[]=
{
	////////////////////////////////////////////Font Map index////////////////////////////////////////////
	0x00, 0x00, 0x00, 0x00, 0x00, 0x00, 0x00, 0x00, 0x00, 0x00, 0x00, 0x00, 0x00, 0x00, 0x00, 0x00, 0x00, 0x00, 0x00, 0x00, 0x00, 0x00, 0x00, 0x00, 0x00, 0x00, 0x00, 0x00, 0x00, 0x00, 0x00, 0x00, 0x00, 0x00, 0x00, 0x00, 0x00, 0x00, 0x00, 0x00, 0x00, 0x01, 0x02, 0x00, 0x00, 0x00, 0x00, 0x00, 0x00, 0x00, 0x00, 0x00, 0x00, 0x00, 0x00, 0x00, 0x00, 0x00, 0x00, 0x00, 0x00, 0x00, 0x00, 0x00, 0x00, 0x00, 0x00, 0x00, 0x00, 0x00, 0x00, 0x00, 0x00, 
	0x00, 0x00, 0x03, 0x04, 0x05, 0x05, 0x05, 0x05, 0x05, 0x05, 0x05, 0x05, 0x05, 0x05, 0x05, 0x06, 0x07, 0x00, 0x00, 0x00, 0x00, 0x00, 0x00, 0x00, 0x00, 0x00, 0x00, 0x00, 0x00, 0x00, 0x08, 0x05, 0x05, 0x05, 0x05, 0x05, 0x05, 0x05, 0x05, 0x05, 0x09, 0x0A, 0x0B, 0x0C, 0x05, 0x05, 0x05, 0x05, 0x05, 0x05, 0x05, 0x05, 0x0D, 0x00, 0x00, 0x00, 0x00, 0x00, 0x00, 0x00, 0x00, 0x00, 0x00, 0x00, 0x00, 0x00, 0x00, 0x00, 0x00, 0x00, 0x00, 0x00, 0x00, 
	0x00, 0x0E, 0x0F, 0x10, 0x10, 0x10, 0x11, 0x12, 0x12, 0x12, 0x12, 0x13, 0x10, 0x10, 0x10, 0x10, 0x14, 0x00, 0x00, 0x00, 0x00, 0x00, 0x00, 0x00, 0x00, 0x00, 0x00, 0x00, 0x00, 0x00, 0x00, 0x00, 0x00, 0x00, 0x00, 0x00, 0x00, 0x00, 0x00, 0x15, 0x16, 0x17, 0x18, 0x00, 0x00, 0x00, 0x00, 0x00, 0x00, 0x00, 0x00, 0x00, 0x00, 0x00, 0x00, 0x00, 0x00, 0x00, 0x00, 0x00, 0x00, 0x00, 0x00, 0x00, 0x00, 0x00, 0x00, 0x00, 0x00, 0x00, 0x00, 0x00, 0x00, 
	0x00, 0x19, 0x10, 0x10, 0x10, 0x1A, 0x1B, 0x00, 0x00, 0x00, 0x1C, 0x1D, 0x10, 0x10, 0x10, 0x1E, 0x00, 0x1F, 0x20, 0x20, 0x20, 0x21, 0x00, 0x00, 0x22, 0x20, 0x20, 0x23, 0x00, 0x1C, 0x24, 0x20, 0x20, 0x20, 0x20, 0x20, 0x20, 0x25, 0x26, 0x27, 0x28, 0x29, 0x2A, 0x2B, 0x2C, 0x20, 0x20, 0x20, 0x20, 0x20, 0x20, 0x2D, 0x00, 0x2E, 0x20, 0x20, 0x20, 0x20, 0x20, 0x20, 0x20, 0x2F, 0x30, 0x31, 0x00, 0x32, 0x33, 0x34, 0x20, 0x20, 0x20, 0x20, 0x35, 
	0x36, 0x37, 0x10, 0x10, 0x10, 0x38, 0x00, 0x00, 0x00, 0x00, 0x39, 0x10, 0x10, 0x10, 0x10, 0x3A, 0x00, 0x3B, 0x10, 0x10, 0x3C, 0x00, 0x00, 0x3D, 0x3E, 0x10, 0x10, 0x3F, 0x00, 0x40, 0x41, 0x42, 0x42, 0x42, 0x42, 0x43, 0x10, 0x10, 0x10, 0x44, 0x00, 0x45, 0x10, 0x10, 0x10, 0x46, 0x47, 0x47, 0x47, 0x47, 0x48, 0x49, 0x00, 0x4A, 0x4B, 0x42, 0x42, 0x42, 0x42, 0x4C, 0x10, 0x10, 0x10, 0x4D, 0x00, 0x4E, 0x10, 0x10, 0x4F, 0x50, 0x51, 0x51, 0x52, 
	0x53, 0x10, 0x10, 0x10, 0x10, 0x54, 0x00, 0x00, 0x00, 0x00, 0x55, 0x10, 0x10, 0x10, 0x56, 0x57, 0x1C, 0x1D, 0x10, 0x10, 0x58, 0x00, 0x00, 0x59, 0x10, 0x10, 0x10, 0x5A, 0x00, 0x5B, 0x10, 0x10, 0x5C, 0x5D, 0x5D, 0x5E, 0x10, 0x10, 0x10, 0x5F, 0x00, 0x60, 0x61, 0x10, 0x10, 0x10, 0x10, 0x10, 0x10, 0x10, 0x62, 0x00, 0x63, 0x64, 0x10, 0x10, 0x65, 0x5D, 0x5D, 0x66, 0x10, 0x10, 0x67, 0x00, 0x68, 0x69, 0x10, 0x10, 0x6A, 0x00, 0x00, 0x00, 0x00, 
	0x6B, 0x10, 0x10, 0x10, 0x10, 0x6C, 0x05, 0x05, 0x05, 0x6D, 0x10, 0x10, 0x10, 0x10, 0x6E, 0x00, 0x6F, 0x10, 0x10, 0x10, 0x70, 0x71, 0x71, 0x72, 0x10, 0x10, 0x73, 0x00, 0x74, 0x75, 0x10, 0x10, 0x76, 0x71, 0x77, 0x78, 0x10, 0x10, 0x79, 0x00, 0x7A, 0x71, 0x71, 0x71, 0x71, 0x71, 0x7B, 0x7C, 0x10, 0x10, 0x7D, 0x00, 0x7E, 0x10, 0x10, 0x7F, 0x80, 0x71, 0x81, 0x82, 0x10, 0x10, 0x83, 0x00, 0x84, 0x10, 0x10, 0x85, 0x86, 0x87, 0x88, 0x89, 0x00, 
	0x8A, 0x12, 0x12, 0x12, 0x12, 0x12, 0x12, 0x12, 0x12, 0x12, 0x8B, 0x8C, 0x10, 0x8D, 0x8E, 0x8F, 0x90, 0x91, 0x92, 0x93, 0x94, 0x95, 0x95, 0x95, 0x95, 0x95, 0x96, 0x00, 0x00, 0x97, 0x98, 0x99, 0x95, 0x95, 0x95, 0x95, 0x95, 0x95, 0x96, 0x00, 0x9A, 0x95, 0x95, 0x95, 0x95, 0x95, 0x95, 0x9B, 0x9C, 0x9D, 0x9E, 0x00, 0x9F, 0xA0, 0xA1, 0x95, 0x95, 0x95, 0x95, 0x95, 0x95, 0x95, 0xA2, 0x00, 0xA3, 0x95, 0x95, 0xA4, 0x00, 0xA5, 0xA6, 0xA7, 0x00, 
	0x00, 0x00, 0x00, 0x00, 0x00, 0x00, 0x00, 0x00, 0x00, 0x00, 0x00, 0xA8, 0x95, 0x95, 0x95, 0x95, 0xA9, 0x00, 0x00, 0x00, 0x00, 0x00, 0x00, 0x00, 0x00, 0x00, 0x00, 0x00, 0x00, 0x00, 0x00, 0x00, 0x00, 0x00, 0x00, 0x00, 0x00, 0x00, 0x00, 0x00, 0x00, 0x00, 0x00, 0x00, 0x00, 0x00, 0x00, 0x00, 0x00, 0x00, 0x00, 0x00, 0x00, 0x00, 0x00, 0x00, 0x00, 0x00, 0x00, 0x00, 0x00, 0x00, 0x00, 0x00, 0x00, 0x00, 0x00, 0x00, 0x00, 0x00, 0x00, 0x00, 0x00, 
 _END_,
};
#elif(_LOGO_TYPE ==  _LOGO_THOMSON)
BYTE code tiOSD_1BIT_LOGO0[]=
{
	////////////////////////////////////////////Font Map index////////////////////////////////////////////
	0x00, 0x01, 0x02, 0x00, 0x00, 0x03, 0x04, 0x05, 0x05, 0x06, 0x07, 0x08, 0x09, 0x0A, 0x0B, 0x0C, 0x0D, 0x0E, 0x0F, 0x10, 0x11, 0x12, 0x13, 0x14, 0x15, 0x16, 0x17, 0x18, 0x19, 0x1A, 0x1B, 0x1C, 0x1D, 0x1E, 0x1F, 0x20, 0x21, 0x22, 0x05, 0x23, 0x24, 
	0x05, 0x25, 0x26, 0x05, 0x27, 0x28, 0x29, 0x00, 0x2A, 0x2B, 0x2C, 0x2D, 0x2E, 0x05, 0x2F, 0x28, 0x30, 0x31, 0x32, 0x33, 0x34, 0x35, 0x36, 0x37, 0x38, 0x39, 0x3A, 0x3B, 0x3C, 0x3D, 0x3E, 0x05, 0x3F, 0x40, 0x41, 0x42, 0x43, 0x44, 0x45, 0x46, 0x47, 
	0x05, 0x48, 0x49, 0x05, 0x4A, 0x4B, 0x05, 0x05, 0x4C, 0x4D, 0x4E, 0x4F, 0x50, 0x51, 0x52, 0x53, 0x54, 0x55, 0x56, 0x57, 0x58, 0x59, 0x5A, 0x5B, 0x5C, 0x5D, 0x5E, 0x5F, 0x60, 0x61, 0x62, 0x63, 0x64, 0x65, 0x66, 0x67, 0x05, 0x68, 0x69, 0x6A, 0x05, 
 _END_,
};
#elif(_LOGO_TYPE ==  _LOGO_XENTA)
BYTE code tiOSD_1BIT_LOGO0[]=
{
	////////////////////////////////////////////Font Map index////////////////////////////////////////////
	0x00, 0x00, 0x00, 0x00, 0x00, 0x00, 0x00, 0x00, 0x00, 0x00, 0x00, 0x00, 0x00, 0x00, 0x00, 0x00, 0x00, 0x00, 0x00, 0x00, 0x00, 0x00, 0x00, 0x00, 0x00, 0x00, 0x00, 0x00, 0x00, 0x00, 0x00, 0x00, 0x00, 0x00, 0x00, 0x00, 0x00, 0x00, 0x00, 0x00, 0x00, 0x00, 0x00, 0x01, 0x02, 0x03, 0x00, 0x00, 0x00, 0x00, 0x00, 0x00, 0x00, 0x00, 0x00, 0x00, 0x00, 0x00, 0x00, 0x00, 
	0x00, 0x00, 0x00, 0x00, 0x00, 0x00, 0x00, 0x00, 0x00, 0x00, 0x04, 0x05, 0x05, 0x05, 0x05, 0x06, 0x00, 0x00, 0x07, 0x05, 0x05, 0x05, 0x05, 0x05, 0x05, 0x00, 0x00, 0x00, 0x00, 0x00, 0x00, 0x00, 0x00, 0x00, 0x00, 0x00, 0x08, 0x09, 0x00, 0x00, 0x00, 0x00, 0x00, 0x0A, 0x0B, 0x0B, 0x00, 0x00, 0x00, 0x00, 0x00, 0x00, 0x00, 0x00, 0x08, 0x0C, 0x00, 0x00, 0x00, 0x00, 
	0x00, 0x00, 0x00, 0x00, 0x00, 0x00, 0x0D, 0x0E, 0x0F, 0x00, 0x10, 0x11, 0x0B, 0x0B, 0x12, 0x13, 0x00, 0x14, 0x15, 0x0B, 0x0B, 0x0B, 0x0B, 0x0B, 0x0B, 0x16, 0x17, 0x18, 0x09, 0x00, 0x19, 0x1A, 0x1A, 0x1B, 0x1C, 0x1D, 0x0B, 0x1E, 0x1F, 0x20, 0x00, 0x1A, 0x1A, 0x21, 0x0B, 0x0B, 0x1A, 0x1A, 0x22, 0x00, 0x00, 0x23, 0x24, 0x25, 0x0B, 0x0B, 0x26, 0x27, 0x28, 0x00, 
	0x00, 0x00, 0x00, 0x00, 0x00, 0x29, 0x2A, 0x0B, 0x2B, 0x2C, 0x00, 0x2D, 0x2E, 0x2F, 0x30, 0x00, 0x31, 0x32, 0x0B, 0x0B, 0x0B, 0x0B, 0x33, 0x34, 0x35, 0x36, 0x37, 0x0B, 0x38, 0x00, 0x39, 0x0B, 0x0B, 0x3A, 0x3B, 0x3C, 0x3D, 0x3E, 0x0B, 0x3F, 0x40, 0x41, 0x41, 0x42, 0x0B, 0x0B, 0x41, 0x41, 0x43, 0x00, 0x00, 0x44, 0x45, 0x46, 0x47, 0x48, 0x49, 0x0B, 0x3F, 0x4A, 
	0x00, 0x00, 0x00, 0x00, 0x14, 0x15, 0x0B, 0x0B, 0x0B, 0x4B, 0x4C, 0x00, 0x4D, 0x4E, 0x00, 0x4F, 0x50, 0x0B, 0x0B, 0x0B, 0x0B, 0x51, 0x52, 0x00, 0x00, 0x00, 0x53, 0x0B, 0x54, 0x55, 0x39, 0x0B, 0x0B, 0x56, 0x00, 0x00, 0x00, 0x57, 0x0B, 0x0B, 0x58, 0x00, 0x00, 0x0A, 0x0B, 0x0B, 0x00, 0x00, 0x00, 0x00, 0x00, 0x59, 0x00, 0x00, 0x00, 0x00, 0x5A, 0x0B, 0x0B, 0x5B, 
	0x00, 0x00, 0x00, 0x5C, 0x5D, 0x0B, 0x0B, 0x0B, 0x0B, 0x0B, 0x5E, 0x00, 0x00, 0x00, 0x00, 0x5F, 0x0B, 0x0B, 0x0B, 0x0B, 0x0B, 0x60, 0x1A, 0x1A, 0x1A, 0x1A, 0x61, 0x0B, 0x0B, 0x62, 0x39, 0x0B, 0x0B, 0x63, 0x00, 0x00, 0x00, 0x64, 0x0B, 0x0B, 0x65, 0x00, 0x00, 0x0A, 0x0B, 0x0B, 0x00, 0x00, 0x00, 0x00, 0x66, 0x67, 0x68, 0x69, 0x0B, 0x0B, 0x0B, 0x0B, 0x0B, 0x6A, 
	0x00, 0x00, 0x6B, 0x6C, 0x0B, 0x0B, 0x0B, 0x0B, 0x0B, 0x6D, 0x6E, 0x00, 0x6F, 0x00, 0x00, 0x70, 0x71, 0x0B, 0x0B, 0x0B, 0x0B, 0x72, 0x73, 0x73, 0x73, 0x73, 0x73, 0x73, 0x73, 0x74, 0x39, 0x0B, 0x0B, 0x75, 0x00, 0x00, 0x00, 0x64, 0x0B, 0x0B, 0x65, 0x00, 0x00, 0x0A, 0x0B, 0x0B, 0x00, 0x00, 0x00, 0x76, 0x77, 0x0B, 0x78, 0x79, 0x7A, 0x7B, 0x7C, 0x0B, 0x0B, 0x6A, 
	0x00, 0x7D, 0x7E, 0x0B, 0x0B, 0x0B, 0x0B, 0x0B, 0x7F, 0x80, 0x00, 0x81, 0x6C, 0x82, 0x00, 0x00, 0x83, 0x84, 0x0B, 0x0B, 0x0B, 0x54, 0x85, 0x00, 0x00, 0x00, 0x00, 0x86, 0x87, 0x00, 0x39, 0x0B, 0x0B, 0x75, 0x00, 0x00, 0x00, 0x64, 0x0B, 0x0B, 0x65, 0x00, 0x00, 0x88, 0x0B, 0x0B, 0x89, 0x00, 0x00, 0x8A, 0x0B, 0x0B, 0x8B, 0x00, 0x00, 0x8C, 0x8D, 0x0B, 0x0B, 0x6A, 
	0x8E, 0x8F, 0x0B, 0x0B, 0x0B, 0x0B, 0x0B, 0x90, 0x91, 0x00, 0x92, 0x93, 0x0B, 0x94, 0x95, 0x00, 0x00, 0x96, 0x97, 0x0B, 0x0B, 0x0B, 0x0B, 0x98, 0x99, 0x9A, 0x9B, 0x9C, 0x6A, 0x00, 0x39, 0x0B, 0x0B, 0x75, 0x00, 0x00, 0x00, 0x64, 0x0B, 0x0B, 0x65, 0x00, 0x00, 0x9D, 0x0B, 0x0B, 0x9E, 0x9F, 0xA0, 0xA1, 0xA2, 0x0B, 0x94, 0xA3, 0xA4, 0xA5, 0xA6, 0xA7, 0x0B, 0x6A, 
	0xA8, 0xA9, 0xA9, 0xA9, 0xA9, 0xA9, 0xAA, 0xAB, 0x00, 0x00, 0xAC, 0xA9, 0xA9, 0xA9, 0xAD, 0xAE, 0x00, 0x00, 0xAF, 0xB0, 0xB0, 0xB0, 0xB0, 0xB0, 0xB0, 0xB1, 0xB2, 0xB3, 0xB4, 0x00, 0xB5, 0x41, 0x41, 0xB6, 0x00, 0x00, 0x00, 0xB7, 0x41, 0x41, 0xB8, 0x00, 0x00, 0x00, 0xB9, 0xBA, 0xBB, 0xBC, 0xBD, 0x00, 0xBE, 0xBF, 0xBA, 0xC0, 0xC1, 0xC2, 0xC3, 0xC4, 0x41, 0xC5, 
 _END_,
};


#elif(_LOGO_TYPE ==  _LOGO_QTOUCH)
BYTE code tiOSD_1BIT_LOGO0[]=
{
	0, 0, 0, 0, 0, 0, 0, 0, 0, 0, 0, 0, 0, 0, 0, 0, 
	0, 0, 1, 2, 3, 4, 5, 6, 7, 8, 9, 0, 0, 0, 0, 0, 
	0, 0, 0, 0, 0, 0, 0, 0, 0, 0, 0, 0, 0, 0, 0, 0, 
	0, 0, 0, 0, 0, 0, 0, 0, 0, 0, 0, 10, 11, 12, 13, 14, 
	15, 16, 17, 18, 19, 20, 21, 22, 23, 0, 0, 0, 0, 0, 0, 0, 
	0, 0, 0, 0, 0, 0, 0, 0, 0, 0, 0, 0, 0, 0, 0, 0, 
	0, 0, 0, 0, 24, 25, 26, 27, 28, 29, 0, 0, 0, 0, 0, 30, 
	31, 32, 13, 33, 34, 0, 0, 0, 0, 0, 0, 0, 0, 0, 0, 0, 
	0, 0, 0, 0, 0, 0, 0, 0, 0, 0, 0, 0, 0, 0, 35, 36, 
	13, 37, 38, 0, 0, 0, 0, 0, 0, 0, 0, 0, 39, 40, 41, 42, 
	43, 0, 0, 0, 0, 0, 0, 0, 0, 0, 0, 0, 0, 0, 0, 0, 
	0, 0, 0, 0, 0, 0, 0, 0, 0, 44, 13, 45, 0, 0, 0, 0, 
	0, 0, 0, 0, 0, 0, 0, 0, 0, 46, 47, 48, 49, 0, 0, 0, 
	0, 0, 0, 0, 0, 0, 0, 0, 0, 0, 0, 0, 0, 0, 0, 0, 
	0, 0, 0, 50, 51, 52, 53, 0, 0, 0, 0, 0, 0, 0, 0, 0, 
	0, 0, 0, 0, 0, 54, 13, 55, 0, 0, 0, 0, 0, 0, 0, 0, 
	0, 0, 0, 0, 0, 0, 0, 0, 0, 0, 0, 0, 0, 0, 56, 13, 
	57, 0, 0, 0, 0, 0, 0, 0, 0, 0, 0, 0, 0, 0, 0, 0, 
	58, 13, 59, 0, 0, 0, 0, 0, 0, 0, 0, 0, 0, 0, 0, 0, 
	0, 0, 0, 0, 0, 0, 0, 0, 0, 60, 13, 61, 0, 0, 0, 0, 
	0, 0, 0, 0, 0, 0, 0, 0, 0, 0, 0, 62, 13, 63, 0, 0, 
	0, 0, 0, 0, 0, 0, 0, 0, 0, 0, 0, 0, 0, 0, 0, 0, 
	0, 0, 0, 0, 64, 13, 65, 0, 0, 0, 0, 0, 0, 0, 0, 0, 
	0, 0, 0, 0, 0, 0, 66, 13, 67, 0, 0, 0, 0, 0, 0, 0, 
	0, 0, 0, 0, 0, 0, 0, 0, 0, 0, 0, 0, 0, 0, 0, 0, 
	68, 13, 69, 0, 0, 0, 0, 0, 0, 0, 0, 0, 0, 0, 0, 0, 
	70, 71, 72, 73, 0, 0, 0, 0, 0, 0, 0, 0, 0, 0, 0, 0, 
	0, 0, 0, 0, 0, 0, 0, 0, 0, 0, 0, 74, 75, 76, 77, 0, 
	0, 0, 0, 0, 0, 0, 0, 0, 0, 0, 0, 78, 79, 80, 0, 0, 
	0, 0, 0, 0, 0, 0, 0, 0, 0, 0, 0, 0, 0, 0, 0, 0, 
	0, 0, 0, 0, 0, 0, 0, 81, 82, 13, 83, 84, 0, 0, 0, 0, 
	0, 0, 0, 85, 86, 87, 88, 89, 90, 0, 0, 0, 0, 0, 0, 0, 
	0, 0, 0, 0, 0, 0, 0, 0, 0, 0, 0, 0, 0, 0, 0, 0, 
	0, 0, 0, 91, 92, 93, 13, 94, 95, 96, 97, 98, 99, 100, 101, 102, 
	103, 79, 79, 79, 104, 0, 0, 0, 0, 0, 0, 0, 0, 0, 0, 0, 
	0, 0, 0, 0, 0, 0, 0, 0, 0, 0, 0, 0, 0, 0, 0, 0, 
	105, 106, 107, 108, 109, 110, 111, 112, 113, 114, 115, 0, 116, 117, 118, 119, 
	0, 0, 0, 0, 0, 0, 0, 0, 0, 0, 0, 0, 0, 0, 0, 0, 
	0, 0, 0, 0, 0, 0, 0, 0, 0, 0, 0, 0, 0, 0, 0, 0, 
	0, 0, 0, 0, 0, 0, 0, 0, 0, 0, 0, 0, 0, 0, 0, 0, 
	0, 0, 0, 0, 0, 0, 0, 0, 0, 0, 0, 0, 0, 0, 0, 0, 
	0, 0, 0, 0, 0, 0, 0, 0, 0, 0, 0, 0, 0, 0, 0, 0, 
	0, 0, 0, 0, 0, 0, 0, 0, 0, 0, 0, 0, 0, 0, 0, 0, 
	0, 0, 0, 0, 0, 0, 0, 0, 0, 0, 0, 0, 0, 0, 0, 0, 
	0, 0, 0, 0, 0, 0, 0, 0, 0, 0, 0, 0, 0, 0, 0, 0, 
	0, 0, 0, 0, 0, 0, 0, 0, 0, 0, 0, 0, 0, 0, 0, 0, 
	0, 0, 0, 0, 0, 0, 0, 0, 0, 0, 0, 0, 0, 0, 0, 0, 
	0, 0, 0, 0, 0, 0, 0, 0, 0, 0, 0, 0, 0, 0, 0, 0, 
	0, 0, 0, 0, 0, 0, 0, 0, 0, 120, 121, 0, 0, 0, 0, 0, 
	0, 0, 122, 0, 0, 0, 0, 0, 0, 0, 0, 0, 0, 0, 0, 0, 
	0, 0, 0, 0, 0, 0, 0, 0, 0, 0, 122, 0, 0, 0, 0, 0, 
	0, 0, 123, 124, 125, 126, 127, 128, 129, 0, 0, 0, 0, 130, 0, 0, 
	0, 0, 0, 0, 0, 0, 0, 0, 0, 0, 0, 0, 0, 0, 0, 0, 
	0, 0, 0, 0, 0, 130, 0, 0, 131, 0, 0, 0, 132, 133, 0, 0, 
	0, 0, 134, 135, 136, 0, 0, 0, 137, 138, 138, 139, 140, 141, 142, 143, 
	144, 145, 146, 147, 0, 0, 0, 0, 148, 0, 149, 150, 151, 152, 153, 154, 
	155, 156, 157, 158, 159, 160, 0, 161, 162, 0, 0, 0, 0, 0, 163, 164, 
	165, 166, 0, 130, 0, 0, 167, 168, 0, 0, 0, 169, 170, 171, 172, 0, 
	0, 0, 0, 130, 173, 174, 175, 0, 0, 0, 0, 176, 177, 0, 0, 39, 
	178, 179, 180, 181, 0, 0, 0, 0, 0, 182, 183, 0, 184, 0, 185, 186, 
	0, 187, 188, 0, 0, 0, 189, 190, 191, 192, 0, 0, 0, 193, 194, 195, 
	196, 197, 0, 0, 0, 0, 130, 0, 0, 0, 0, 198, 199, 200, 201, 202, 
	203, 204, 205, 206, 207, 208, 0, 0, 0, 209, 210, 211, 212, 213, 214, 215, 
	216, 217, 218, 0, 219, 220, 221, 222, 223, 224, 0, 225, 226, 227, 228, 229, 
	230, 130, 0, 0, 0, 0, 198, 199, 0, 0, 231, 232, 233, 234, 235, 236, 
	237, 0, 0, 0, 0, 0, 238, 239, 0, 240, 241, 242, 0, 0, 0, 0, 
	243, 241, 244, 0, 0, 0, 0, 39, 245, 246, 247, 0, 248, 0, 0, 0, 
	0, 249, 250, 

 _END_,
};
#elif(_LOGO_TYPE ==  _LOGO_XZONE)
BYTE code tiOSD_1BIT_LOGO0[]=
{
	////////////////////////////////////////////Font Map index////////////////////////////////////////////
	0x00, 0x00, 0x00, 0x00, 0x00, 0x00, 0x00, 0x00, 0x00, 0x00, 0x00, 0x00, 0x01, 0x02, 0x00, 0x00, 0x00, 0x00, 0x00, 0x00, 0x00, 0x00, 0x00, 0x00, 0x00, 0x00, 0x00, 0x00, 0x00, 0x00, 0x00, 0x00, 0x00, 0x00, 0x00, 0x00, 0x00, 0x00, 0x00, 0x00, 0x00, 0x00, 0x00, 0x00, 0x00, 0x00, 0x00, 0x00, 0x00, 0x00, 0x00, 0x00, 0x00, 0x00, 0x00, 0x00, 0x00, 0x00, 0x00, 0x00, 0x00, 0x00, 0x00, 0x00, 0x00, 0x00, 
	0x00, 0x00, 0x00, 0x00, 0x00, 0x00, 0x00, 0x00, 0x00, 0x00, 0x00, 0x00, 0x03, 0x04, 0x00, 0x00, 0x00, 0x00, 0x00, 0x00, 0x00, 0x00, 0x00, 0x00, 0x00, 0x00, 0x00, 0x00, 0x00, 0x00, 0x00, 0x00, 0x00, 0x00, 0x00, 0x00, 0x00, 0x00, 0x00, 0x00, 0x00, 0x00, 0x00, 0x00, 0x00, 0x00, 0x00, 0x00, 0x00, 0x00, 0x00, 0x00, 0x00, 0x00, 0x00, 0x00, 0x00, 0x00, 0x00, 0x00, 0x00, 0x00, 0x00, 0x00, 0x00, 0x00, 
	0x00, 0x00, 0x00, 0x00, 0x00, 0x00, 0x00, 0x05, 0x06, 0x07, 0x08, 0x09, 0x0A, 0x0B, 0x0C, 0x0D, 0x0E, 0x0F, 0x00, 0x00, 0x00, 0x00, 0x00, 0x00, 0x00, 0x00, 0x00, 0x00, 0x00, 0x00, 0x00, 0x00, 0x00, 0x00, 0x00, 0x00, 0x00, 0x00, 0x00, 0x00, 0x00, 0x00, 0x00, 0x00, 0x00, 0x00, 0x00, 0x00, 0x00, 0x00, 0x00, 0x00, 0x00, 0x00, 0x00, 0x00, 0x00, 0x00, 0x00, 0x00, 0x00, 0x00, 0x00, 0x00, 0x00, 0x00, 
	0x00, 0x00, 0x00, 0x00, 0x00, 0x10, 0x11, 0x12, 0x13, 0x14, 0x00, 0x00, 0x03, 0x04, 0x00, 0x00, 0x15, 0x16, 0x17, 0x18, 0x00, 0x00, 0x00, 0x00, 0x00, 0x00, 0x00, 0x00, 0x00, 0x00, 0x00, 0x00, 0x00, 0x00, 0x00, 0x00, 0x00, 0x00, 0x00, 0x00, 0x00, 0x00, 0x00, 0x00, 0x00, 0x00, 0x00, 0x00, 0x00, 0x00, 0x00, 0x00, 0x00, 0x00, 0x00, 0x00, 0x00, 0x00, 0x00, 0x00, 0x00, 0x00, 0x00, 0x00, 0x00, 0x00, 
	0x00, 0x00, 0x00, 0x00, 0x19, 0x1A, 0x1B, 0x1C, 0x1C, 0x1C, 0x1D, 0x00, 0x1E, 0x1F, 0x00, 0x20, 0x1C, 0x1C, 0x21, 0x22, 0x23, 0x24, 0x00, 0x00, 0x00, 0x00, 0x00, 0x00, 0x00, 0x00, 0x00, 0x00, 0x00, 0x00, 0x00, 0x00, 0x00, 0x00, 0x00, 0x00, 0x00, 0x00, 0x00, 0x00, 0x00, 0x00, 0x00, 0x00, 0x00, 0x00, 0x00, 0x00, 0x00, 0x00, 0x00, 0x00, 0x00, 0x00, 0x00, 0x00, 0x00, 0x00, 0x00, 0x00, 0x00, 0x00, 
	0x00, 0x00, 0x00, 0x25, 0x26, 0x27, 0x00, 0x28, 0x29, 0x2A, 0x2B, 0x2C, 0x00, 0x00, 0x2D, 0x2A, 0x2A, 0x2E, 0x2F, 0x00, 0x30, 0x31, 0x00, 0x00, 0x00, 0x32, 0x33, 0x33, 0x33, 0x33, 0x33, 0x33, 0x33, 0x33, 0x34, 0x00, 0x35, 0x36, 0x37, 0x38, 0x39, 0x3A, 0x3B, 0x3C, 0x00, 0x00, 0x3D, 0x3E, 0x3E, 0x3F, 0x00, 0x00, 0x00, 0x40, 0x3E, 0x3E, 0x00, 0x41, 0x33, 0x33, 0x33, 0x33, 0x33, 0x33, 0x33, 0x42, 
	0x00, 0x00, 0x00, 0x43, 0x44, 0x00, 0x00, 0x00, 0x45, 0x46, 0x2A, 0x47, 0x48, 0x49, 0x2A, 0x2A, 0x4A, 0x4B, 0x00, 0x00, 0x00, 0x4C, 0x4D, 0x00, 0x00, 0x4E, 0x4F, 0x4F, 0x4F, 0x4F, 0x50, 0x2A, 0x2A, 0x2A, 0x51, 0x52, 0x53, 0x2A, 0x2A, 0x54, 0x55, 0x29, 0x2A, 0x56, 0x57, 0x00, 0x58, 0x2A, 0x2A, 0x59, 0x5A, 0x00, 0x00, 0x5B, 0x2A, 0x2A, 0x00, 0x5C, 0x2A, 0x2A, 0x5D, 0x5E, 0x5E, 0x5E, 0x5E, 0x5F, 
	0x00, 0x00, 0x60, 0x61, 0x00, 0x00, 0x00, 0x00, 0x00, 0x62, 0x63, 0x2A, 0x64, 0x2A, 0x2A, 0x65, 0x66, 0x00, 0x00, 0x00, 0x00, 0x67, 0x68, 0x00, 0x00, 0x00, 0x00, 0x00, 0x00, 0x69, 0x53, 0x2A, 0x6A, 0x6B, 0x6C, 0x6D, 0x2A, 0x2A, 0x6E, 0x6F, 0x00, 0x70, 0x71, 0x2A, 0x2A, 0x72, 0x58, 0x2A, 0x2A, 0x2A, 0x2A, 0x73, 0x24, 0x5B, 0x2A, 0x2A, 0x00, 0x5C, 0x2A, 0x2A, 0x74, 0x1C, 0x1C, 0x1C, 0x1C, 0x00, 
	0x75, 0x76, 0x77, 0x78, 0x76, 0x76, 0x79, 0x00, 0x00, 0x00, 0x7A, 0x7B, 0x2A, 0x2A, 0x7C, 0x7D, 0x00, 0x00, 0x00, 0x76, 0x76, 0x76, 0x7E, 0x76, 0x76, 0x7F, 0x00, 0x80, 0x81, 0x2A, 0x2A, 0x82, 0x83, 0x00, 0x84, 0x2A, 0x2A, 0x85, 0x00, 0x00, 0x00, 0x00, 0x86, 0x2A, 0x2A, 0x87, 0x58, 0x2A, 0x2A, 0x88, 0x46, 0x2A, 0x89, 0x8A, 0x2A, 0x2A, 0x00, 0x5C, 0x2A, 0x2A, 0x2A, 0x2A, 0x2A, 0x2A, 0x2A, 0x00, 
	0x8B, 0x8C, 0x8D, 0x8E, 0x8C, 0x8C, 0x8F, 0x00, 0x00, 0x90, 0x91, 0x2A, 0x2A, 0x2A, 0x92, 0x93, 0x00, 0x00, 0x00, 0x8C, 0x8C, 0x94, 0x95, 0x8C, 0x8C, 0x96, 0x69, 0x53, 0x2A, 0x6A, 0x6B, 0x00, 0x00, 0x00, 0x97, 0x98, 0x2A, 0x99, 0x9A, 0x00, 0x00, 0x9B, 0x9C, 0x2A, 0x2A, 0x9D, 0x58, 0x2A, 0x2A, 0x9E, 0x9F, 0xA0, 0x2A, 0x2A, 0x2A, 0x2A, 0x00, 0x5C, 0x2A, 0x2A, 0xA1, 0xA2, 0xA2, 0xA2, 0xA2, 0x00, 
	0x00, 0x00, 0xA3, 0xA4, 0xA5, 0x00, 0x00, 0x00, 0xA6, 0xA7, 0x2A, 0x2A, 0xA8, 0xA9, 0x2A, 0x92, 0xAA, 0x00, 0x00, 0x00, 0x00, 0xAB, 0xAC, 0x00, 0x00, 0xAD, 0x2A, 0x2A, 0x2A, 0xAE, 0x33, 0x33, 0x33, 0x33, 0xAF, 0xB0, 0x46, 0x2A, 0x56, 0xB1, 0xB2, 0xB3, 0x2A, 0x2A, 0xB4, 0xB5, 0x58, 0x2A, 0x2A, 0x9E, 0x00, 0xB6, 0xB7, 0x2A, 0x2A, 0x2A, 0x00, 0x5C, 0x2A, 0x2A, 0xB8, 0x33, 0x33, 0x33, 0x33, 0xB9, 
	0x00, 0x00, 0x00, 0xBA, 0xBB, 0x00, 0x00, 0xA6, 0xBC, 0x2A, 0x2A, 0xBD, 0x96, 0xBE, 0xBF, 0x2A, 0x92, 0xAA, 0x00, 0x00, 0xC0, 0xC1, 0xC2, 0x00, 0x00, 0xC3, 0x4F, 0x4F, 0x4F, 0x4F, 0x4F, 0x4F, 0x4F, 0x4F, 0xC4, 0x00, 0xC5, 0xC6, 0xC7, 0x29, 0x2A, 0xC8, 0xC9, 0xCA, 0xCB, 0x00, 0xCC, 0x4F, 0x4F, 0xCD, 0x00, 0x00, 0xCE, 0xCF, 0x4F, 0x4F, 0x00, 0xD0, 0x4F, 0x4F, 0x4F, 0x4F, 0x4F, 0x4F, 0x4F, 0xD1, 
	0x00, 0x00, 0x00, 0xD2, 0xD3, 0xD4, 0xD5, 0xD6, 0x2A, 0x2A, 0xD7, 0x00, 0x00, 0x00, 0xD8, 0xD9, 0x2A, 0x2A, 0xDA, 0xDB, 0xDC, 0xDD, 0x00, 0x00, 0x00, 0x00, 0x00, 0x00, 0x00, 0x00, 0x00, 0x00, 0x00, 0x00, 0x00, 0x00, 0x00, 0x00, 0x00, 0xDE, 0xDF, 0x00, 0x00, 0x00, 0x00, 0x00, 0x00, 0x00, 0x00, 0x00, 0x00, 0x00, 0x00, 0x00, 0x00, 0x00, 0x00, 0x00, 0x00, 0x00, 0x00, 0x00, 0x00, 0x00, 0x00, 0x00, 
	0x00, 0x00, 0x00, 0x00, 0xD2, 0xE0, 0xE1, 0xE2, 0x00, 0x00, 0x00, 0x00, 0xE3, 0xE4, 0x00, 0x00, 0x00, 0xE5, 0xE6, 0xE7, 0xE8, 0x00, 0x00, 0x00, 0x00, 0x00, 0x00, 0x00, 0x00, 0x00, 0x00, 0x00, 0x00, 0x00, 0x00, 0x00, 0x00, 0x00, 0x00, 0x00, 0x00, 0x00, 0x00, 0x00, 0x00, 0x00, 0x00, 0x00, 0x00, 0x00, 0x00, 0x00, 0x00, 0x00, 0x00, 0x00, 0x00, 0x00, 0x00, 0x00, 0x00, 0x00, 0x00, 0x00, 0x00, 0x00, 
	0x00, 0x00, 0x00, 0x00, 0x00, 0x00, 0xE9, 0xEA, 0xEB, 0xEC, 0xED, 0xEE, 0xEF, 0xF0, 0xF1, 0xF2, 0xF3, 0xF4, 0xF5, 0x6F, 0x00, 0x00, 0x00, 0x00, 0x00, 0x00, 0x00, 0x00, 0x00, 0x00, 0x00, 0x00, 0x00, 0x00, 0x00, 0x00, 0x00, 0x00, 0x00, 0x00, 0x00, 0x00, 0x00, 0x00, 0x00, 0x00, 0x00, 0x00, 0x00, 0x00, 0x00, 0x00, 0x00, 0x00, 0x00, 0x00, 0x00, 0x00, 0x00, 0x00, 0x00, 0x00, 0x00, 0x00, 0x00, 0x00, 
	0x00, 0x00, 0x00, 0x00, 0x00, 0x00, 0x00, 0x00, 0xD2, 0xF6, 0xF7, 0xF8, 0xF9, 0xFA, 0xFB, 0xFC, 0xFD, 0x00, 0x00, 0x00, 0x00, 0x00, 0x00, 0x00, 0x00, 0x00, 0x00, 0x00, 0x00, 0x00, 0x00, 0x00, 0x00, 0x00, 0x00, 0x00, 0x00, 0x00, 0x00, 0x00, 0x00, 0x00, 0x00, 0x00, 0x00, 0x00, 0x00, 0x00, 0x00, 0x00, 0x00, 0x00, 0x00, 0x00, 0x00, 0x00, 0x00, 0x00, 0x00, 0x00, 0x00, 0x00, 0x00, 0x00, 0x00, 0x00, 
	0x00, 0x00, 0x00, 0x00, 0x00, 0x00, 0x00, 0x00, 0x00, 0x00, 0x00, 0x00, 0x03, 0x04, 0x00, 0x00, 0x00, 0x00, 0x00, 0x00, 0x00, 0x00, 0x00, 0x00, 0x00, 0x00, 0x00, 0x00, 0x00, 0x00, 0x00, 0x00, 0x00, 0x00, 0x00, 0x00, 0x00, 0x00, 0x00, 0x00, 0x00, 0x00, 0x00, 0x00, 0x00, 0x00, 0x00, 0x00, 0x00, 0x00, 0x00, 0x00, 0x00, 0x00, 0x00, 0x00, 0x00, 0x00, 0x00, 0x00, 0x00, 0x00, 0x00, 0x00, 0x00, 0x00, 
 _END_,
};
#elif(_LOGO_TYPE ==  _LOGO_EKO)
BYTE code tiOSD_1BIT_LOGO0[]=
{
	////////////////////////////////////////////Font Map index////////////////////////////////////////////
	0x00, 0x01, 0x01, 0x01, 0x01, 0x01, 0x01, 0x01, 0x01, 0x02, 0x03, 0x04, 0x05, 0x06, 0x07, 0x07, 0x07, 0x07, 0x08, 0x09, 0x0A, 0x0B, 0x07, 0x07, 0x0C, 0x0D, 0x0E, 0x0F, 0x10, 0x11, 0x12, 0x13, 0x14, 0x07, 0x07, 
	0x15, 0x16, 0x16, 0x16, 0x16, 0x16, 0x16, 0x16, 0x16, 0x17, 0x07, 0x18, 0x19, 0x1A, 0x07, 0x07, 0x07, 0x1B, 0x1C, 0x19, 0x1D, 0x1E, 0x1F, 0x20, 0x21, 0x22, 0x23, 0x24, 0x25, 0x26, 0x27, 0x28, 0x29, 0x2A, 0x07, 
	0x07, 0x07, 0x07, 0x07, 0x07, 0x07, 0x07, 0x07, 0x07, 0x07, 0x07, 0x18, 0x19, 0x1A, 0x07, 0x08, 0x2B, 0x2C, 0x2D, 0x2E, 0x2F, 0x30, 0x31, 0x32, 0x33, 0x07, 0x07, 0x07, 0x07, 0x07, 0x07, 0x34, 0x35, 0x36, 0x37, 
	0x38, 0x39, 0x39, 0x39, 0x39, 0x39, 0x39, 0x39, 0x39, 0x3A, 0x07, 0x18, 0x19, 0x1A, 0x1B, 0x1C, 0x19, 0x1D, 0x3B, 0x07, 0x07, 0x3C, 0x19, 0x3D, 0x07, 0x07, 0x07, 0x07, 0x07, 0x07, 0x07, 0x07, 0x3E, 0x3F, 0x40, 
	0x41, 0x19, 0x19, 0x19, 0x19, 0x19, 0x19, 0x19, 0x19, 0x42, 0x43, 0x18, 0x19, 0x1A, 0x44, 0x19, 0x45, 0x46, 0x07, 0x07, 0x07, 0x47, 0x19, 0x48, 0x07, 0x07, 0x07, 0x07, 0x07, 0x07, 0x07, 0x07, 0x07, 0x49, 0x4A, 
	0x4B, 0x4C, 0x4C, 0x4C, 0x4C, 0x4C, 0x4C, 0x4C, 0x4C, 0x4D, 0x07, 0x18, 0x19, 0x1A, 0x4E, 0x4F, 0x19, 0x50, 0x51, 0x07, 0x07, 0x52, 0x19, 0x53, 0x07, 0x07, 0x07, 0x07, 0x07, 0x07, 0x07, 0x07, 0x54, 0x55, 0x56, 
	0x07, 0x07, 0x07, 0x07, 0x07, 0x07, 0x07, 0x07, 0x07, 0x07, 0x07, 0x18, 0x19, 0x1A, 0x07, 0x07, 0x57, 0x58, 0x19, 0x59, 0x5A, 0x5B, 0x5C, 0x36, 0x5D, 0x07, 0x07, 0x07, 0x07, 0x07, 0x07, 0x5E, 0x5F, 0x32, 0x60, 
	0x61, 0x62, 0x62, 0x62, 0x62, 0x62, 0x62, 0x62, 0x62, 0x63, 0x64, 0x18, 0x19, 0x1A, 0x07, 0x07, 0x07, 0x4E, 0x4F, 0x19, 0x50, 0x65, 0x66, 0x67, 0x68, 0x69, 0x6A, 0x6B, 0x6C, 0x6D, 0x6E, 0x6F, 0x70, 0x71, 0x07, 
	0x72, 0x73, 0x73, 0x73, 0x73, 0x73, 0x73, 0x73, 0x73, 0x74, 0x75, 0x76, 0x77, 0x78, 0x07, 0x07, 0x07, 0x07, 0x07, 0x79, 0x7A, 0x7B, 0x07, 0x07, 0x7C, 0x7D, 0x7E, 0x7F, 0x80, 0x81, 0x82, 0x83, 0x84, 0x07, 0x07, 
		_END_,
};
#elif(_LOGO_TYPE ==  _LOGO_STEALTH)
BYTE code tiOSD_1BIT_LOGO0[]=
{

0, 1, 2, 3, 3, 3, 3, 4, 5, 6, 3, 3, 3, 3, 3, 3, 
7, 8, 9, 9, 9, 9, 9, 9, 9, 10, 5, 5, 5, 5, 5, 11, 
12, 5, 5, 5, 5, 5, 5, 13, 9, 14, 5, 5, 5, 5, 15, 3, 
3, 3, 3, 3, 3, 16, 5, 17, 3, 5, 5, 5, 5, 3, 3, 18, 
19, 20, 21, 22, 22, 22, 23, 5, 24, 25, 26, 19, 27, 28, 28, 29, 
30, 19, 31, 25, 25, 25, 25, 25, 32, 5, 5, 5, 5, 33, 34, 19, 
35, 5, 5, 5, 5, 5, 36, 19, 37, 5, 5, 5, 5, 38, 28, 28, 
39, 40, 28, 28, 41, 5, 42, 19, 43, 43, 43, 43, 19, 19, 44, 45, 
46, 47, 48, 49, 50, 51, 5, 5, 5, 30, 19, 52, 5, 5, 5, 30, 
19, 53, 54, 54, 54, 54, 55, 5, 5, 5, 5, 33, 34, 19, 19, 19, 
56, 5, 5, 5, 5, 36, 19, 37, 5, 5, 5, 5, 5, 5, 5, 42, 
57, 5, 5, 5, 5, 42, 19, 19, 19, 19, 19, 19, 19, 58, 59, 59, 
59, 60, 61, 19, 62, 5, 5, 5, 30, 19, 52, 5, 5, 5, 30, 19, 
63, 59, 59, 59, 59, 59, 64, 5, 5, 65, 66, 67, 68, 69, 70, 19, 
71, 5, 5, 5, 36, 19, 72, 59, 59, 73, 5, 5, 5, 5, 42, 57, 
5, 5, 5, 5, 42, 19, 74, 74, 74, 74, 19, 19, 75, 76, 76, 76, 
77, 78, 79, 80, 5, 5, 5, 81, 76, 82, 5, 5, 5, 81, 76, 76, 
76, 76, 76, 76, 76, 83, 84, 85, 86, 87, 88, 5, 5, 89, 90, 76, 
91, 92, 93, 94, 76, 76, 76, 76, 95, 5, 5, 5, 5, 96, 95, 5, 
5, 5, 5, 96, 76, 5, 5, 5, 5, 76, 76, 
_END_,
};
#elif(_LOGO_TYPE ==  _LOGO_HAIER)
BYTE code tiOSD_1BIT_LOGO0[]=
{
	////////////////////////////////////////////Font Map index////////////////////////////////////////////
	0x00, 0x01, 0x02, 0x03, 0x03, 0x03, 0x04, 0x01, 0x01, 0x05, 0x03, 0x03, 0x03, 0x03, 0x03, 0x03, 0x03, 0x03, 0x03, 0x06, 0x07, 0x08, 0x03, 0x03, 0x03, 0x03, 0x03, 0x03, 0x03, 0x03, 0x03, 0x03, 0x03, 0x03, 0x03, 
	0x09, 0x0A, 0x0B, 0x03, 0x03, 0x03, 0x0C, 0x0A, 0x0A, 0x0D, 0x03, 0x03, 0x03, 0x03, 0x03, 0x03, 0x03, 0x03, 0x03, 0x0E, 0x0F, 0x10, 0x03, 0x03, 0x03, 0x03, 0x03, 0x03, 0x03, 0x03, 0x03, 0x03, 0x03, 0x03, 0x03, 
	0x09, 0x0A, 0x0B, 0x03, 0x03, 0x03, 0x0C, 0x0A, 0x0A, 0x0D, 0x03, 0x11, 0x12, 0x13, 0x14, 0x15, 0x16, 0x17, 0x03, 0x18, 0x19, 0x1A, 0x03, 0x1B, 0x1C, 0x1D, 0x1E, 0x1F, 0x20, 0x03, 0x03, 0x21, 0x22, 0x23, 0x24, 
	0x09, 0x0A, 0x25, 0x26, 0x26, 0x26, 0x27, 0x0A, 0x0A, 0x0D, 0x28, 0x29, 0x2A, 0x2B, 0x2C, 0x2D, 0x0A, 0x2E, 0x03, 0x2F, 0x0A, 0x30, 0x31, 0x32, 0x33, 0x34, 0x35, 0x36, 0x37, 0x38, 0x03, 0x39, 0x0A, 0x3A, 0x3B, 
	0x09, 0x0A, 0x3C, 0x3D, 0x3D, 0x3D, 0x3E, 0x0A, 0x0A, 0x0D, 0x3F, 0x40, 0x41, 0x03, 0x03, 0x42, 0x43, 0x2E, 0x03, 0x2F, 0x0A, 0x30, 0x44, 0x0A, 0x45, 0x46, 0x46, 0x47, 0x48, 0x49, 0x4A, 0x4B, 0x0A, 0x4C, 0x03, 
	0x09, 0x0A, 0x0B, 0x03, 0x03, 0x03, 0x0C, 0x0A, 0x0A, 0x0D, 0x4D, 0x4E, 0x4F, 0x03, 0x03, 0x50, 0x51, 0x2E, 0x03, 0x2F, 0x0A, 0x30, 0x52, 0x0A, 0x53, 0x54, 0x54, 0x55, 0x56, 0x57, 0x58, 0x0A, 0x0A, 0x03, 0x03, 
	0x09, 0x0A, 0x0B, 0x03, 0x03, 0x03, 0x0C, 0x0A, 0x0A, 0x0D, 0x59, 0x5A, 0x5B, 0x5C, 0x5D, 0x5E, 0x0A, 0x2E, 0x03, 0x2F, 0x0A, 0x30, 0x5F, 0x60, 0x61, 0x62, 0x63, 0x64, 0x65, 0x66, 0x67, 0x0A, 0x0A, 0x03, 0x03, 
	0x68, 0x69, 0x6A, 0x03, 0x03, 0x03, 0x6B, 0x69, 0x69, 0x6C, 0x03, 0x6D, 0x6E, 0x6F, 0x70, 0x71, 0x69, 0x72, 0x03, 0x73, 0x69, 0x74, 0x03, 0x75, 0x76, 0x77, 0x78, 0x79, 0x7A, 0x03, 0x7B, 0x69, 0x69, 0x03, 0x03, 
		_END_,
};
#elif(_LOGO_TYPE ==  _LOGO_DUALSHINE)
BYTE code tiOSD_1BIT_LOGO0[]=
{
    ////////////////////////////////////////////Font Map index////////////////////////////////////////////
    0x00, 0x00, 0x00, 0x00, 0x00, 0x00, 0x00, 0x00, 0x00, 0x00, 0x00, 0x01, 0x02, 0x03, 0x04, 0x04, 0x04, 0x04, 0x04, 0x04, 0x04, 0x04, 0x04, 0x04, 0x05, 0x06, 0x00, 0x00, 0x00, 0x00, 0x00, 0x00, 0x00, 0x00, 0x00, 0x00, 
    0x00, 0x00, 0x00, 0x00, 0x00, 0x00, 0x00, 0x00, 0x07, 0x08, 0x09, 0x0A, 0x0A, 0x0A, 0x0A, 0x0A, 0x0A, 0x0A, 0x0A, 0x0A, 0x0A, 0x0A, 0x0A, 0x0B, 0x0C, 0x00, 0x00, 0x00, 0x00, 0x00, 0x00, 0x00, 0x00, 0x00, 0x00, 0x00, 
    0x00, 0x00, 0x00, 0x00, 0x00, 0x00, 0x00, 0x0D, 0x0E, 0x0A, 0x0A, 0x0A, 0x0F, 0x10, 0x11, 0x12, 0x12, 0x12, 0x12, 0x12, 0x12, 0x13, 0x14, 0x15, 0x00, 0x00, 0x00, 0x00, 0x00, 0x00, 0x00, 0x00, 0x00, 0x00, 0x00, 0x00, 
    0x00, 0x00, 0x00, 0x00, 0x00, 0x00, 0x16, 0x17, 0x0A, 0x0A, 0x0A, 0x18, 0x19, 0x1A, 0x1B, 0x0A, 0x0A, 0x0A, 0x0A, 0x0A, 0x0A, 0x0A, 0x1C, 0x1D, 0x1E, 0x00, 0x00, 0x00, 0x00, 0x00, 0x00, 0x00, 0x00, 0x00, 0x00, 0x00, 
    0x00, 0x00, 0x00, 0x00, 0x1F, 0x20, 0x0A, 0x0A, 0x0A, 0x21, 0x22, 0x23, 0x24, 0x0A, 0x0A, 0x0A, 0x0A, 0x0A, 0x0A, 0x0A, 0x0A, 0x0A, 0x0A, 0x0A, 0x25, 0x00, 0x00, 0x00, 0x00, 0x00, 0x00, 0x00, 0x00, 0x00, 0x00, 0x00, 
    0x00, 0x00, 0x00, 0x00, 0x26, 0x27, 0x27, 0x27, 0x28, 0x29, 0x2A, 0x2B, 0x2B, 0x2B, 0x2B, 0x2B, 0x2B, 0x2B, 0x2B, 0x2C, 0x2D, 0x0A, 0x0A, 0x0A, 0x2E, 0x2F, 0x30, 0x31, 0x04, 0x04, 0x32, 0x00, 0x00, 0x00, 0x00, 0x00, 
    0x00, 0x00, 0x00, 0x00, 0x00, 0x00, 0x00, 0x33, 0x34, 0x35, 0x0A, 0x0A, 0x0A, 0x0A, 0x0A, 0x0A, 0x0A, 0x0A, 0x0A, 0x0A, 0x0A, 0x0A, 0x36, 0x37, 0x38, 0x17, 0x0A, 0x0A, 0x39, 0x3A, 0x15, 0x00, 0x00, 0x00, 0x00, 0x00, 
    0x00, 0x00, 0x00, 0x00, 0x00, 0x00, 0x3B, 0x3C, 0x3D, 0x3D, 0x3D, 0x3D, 0x3D, 0x3D, 0x3D, 0x3D, 0x3D, 0x3D, 0x3D, 0x3E, 0x3F, 0x40, 0x41, 0x42, 0x0A, 0x0A, 0x0A, 0x43, 0x44, 0x00, 0x00, 0x00, 0x00, 0x00, 0x00, 0x00, 
    0x00, 0x00, 0x00, 0x00, 0x00, 0x00, 0x00, 0x00, 0x00, 0x00, 0x00, 0x1F, 0x45, 0x46, 0x47, 0x47, 0x47, 0x47, 0x47, 0x47, 0x48, 0x49, 0x0A, 0x0A, 0x0A, 0x4A, 0x4B, 0x4C, 0x00, 0x00, 0x00, 0x00, 0x00, 0x00, 0x00, 0x00, 
    0x00, 0x00, 0x00, 0x00, 0x00, 0x00, 0x00, 0x00, 0x00, 0x00, 0x4D, 0x4E, 0x0A, 0x0A, 0x0A, 0x0A, 0x0A, 0x0A, 0x0A, 0x0A, 0x0A, 0x0A, 0x4F, 0x50, 0x51, 0x52, 0x00, 0x00, 0x00, 0x00, 0x00, 0x00, 0x00, 0x00, 0x00, 0x00, 
    0x00, 0x00, 0x00, 0x00, 0x00, 0x00, 0x00, 0x00, 0x00, 0x53, 0x54, 0x54, 0x54, 0x54, 0x54, 0x54, 0x54, 0x54, 0x54, 0x54, 0x54, 0x55, 0x15, 0x00, 0x00, 0x00, 0x00, 0x00, 0x00, 0x00, 0x00, 0x00, 0x00, 0x00, 0x00, 0x00, 
    0x00, 0x00, 0x00, 0x00, 0x00, 0x00, 0x00, 0x00, 0x00, 0x00, 0x00, 0x00, 0x00, 0x00, 0x00, 0x00, 0x00, 0x00, 0x00, 0x00, 0x00, 0x00, 0x00, 0x00, 0x00, 0x00, 0x00, 0x00, 0x00, 0x00, 0x00, 0x00, 0x00, 0x00, 0x00, 0x00, 
    0x00, 0x00, 0x56, 0x2B, 0x57, 0x58, 0x59, 0x5A, 0x5B, 0x5C, 0x00, 0x5D, 0x2B, 0x5E, 0x5F, 0x60, 0x00, 0x61, 0x62, 0x63, 0x64, 0x65, 0x00, 0x66, 0x67, 0x2B, 0x68, 0x2B, 0x69, 0x6A, 0x6B, 0x2B, 0x2B, 0x6C, 0x00, 0x00, 
    0x00, 0x6D, 0x6E, 0x6F, 0x70, 0x71, 0x72, 0x73, 0x74, 0x75, 0x76, 0x77, 0x78, 0x79, 0x7A, 0x7B, 0x00, 0x7C, 0x7D, 0x7E, 0x7F, 0x80, 0x81, 0x82, 0x83, 0x84, 0x85, 0x86, 0x87, 0x88, 0x89, 0x8A, 0x8B, 0x8C, 0x00, 0x00, 
    0x00, 0x8D, 0x8E, 0x8F, 0x90, 0x91, 0x92, 0x93, 0x94, 0x95, 0x96, 0x97, 0x98, 0x99, 0x9A, 0x9B, 0x9C, 0x9D, 0x9E, 0x9F, 0xA0, 0xA1, 0xA2, 0xA3, 0xA4, 0xA5, 0xA6, 0xA7, 0xA8, 0xA9, 0xAA, 0xAB, 0xAC, 0xAD, 0x00, 0x00, 
    0x00, 0x00, 0x00, 0x00, 0x00, 0x00, 0x00, 0x00, 0x00, 0x00, 0x00, 0x00, 0x00, 0x00, 0x00, 0x00, 0x00, 0x00, 0x00, 0x00, 0x00, 0x00, 0x00, 0x00, 0x00, 0x00, 0x00, 0x00, 0x00, 0x00, 0x00, 0x00, 0x00, 0x00, 0x00, 0x00, 
		_END_,
};

#elif(_LOGO_TYPE ==  _LOGO_TEROS)
BYTE code tiOSD_1BIT_LOGO0[]=
{
	////////////////////////////////////////////Font Map index////////////////////////////////////////////
	0, 0, 0, 0, 0, 0, 0, 0, 0, 0, 0, 0, 0, 0, 0, 0, 
	0, 0, 0, 0, 0, 0, 0, 0, 0, 0, 0, 0, 0, 0, 0, 0, 
	0, 0, 0, 0, 0, 0, 0, 0, 0, 0, 0, 0, 0, 0, 0, 0, 
	0, 0, 0, 0, 0, 0, 0, 0, 0, 0, 0, 0, 0, 0, 0, 0, 
	0, 0, 0, 0, 0, 0, 0, 0, 0, 0, 0, 0, 0, 0, 0, 0, 
	0, 1, 2, 3, 4, 5, 6, 7, 8, 9, 0, 0, 0, 0, 0, 0, 
	0, 0, 0, 0, 0, 0, 0, 0, 0, 0, 0, 0, 0, 0, 0, 0, 
	0, 0, 0, 0, 0, 0, 0, 0, 0, 0, 0, 0, 0, 0, 0, 0, 
	0, 0, 0, 0, 0, 0, 0, 0, 0, 0, 0, 0, 0, 0, 0, 0, 
	0, 0, 0, 0, 0, 0, 0, 0, 10, 11, 12, 13, 13, 13, 13, 13, 
	13, 13, 14, 15, 16, 0, 0, 0, 0, 0, 0, 0, 0, 0, 0, 0, 
	0, 0, 0, 0, 0, 0, 0, 0, 0, 0, 0, 0, 0, 0, 0, 0, 
	0, 0, 0, 0, 0, 0, 0, 0, 0, 0, 0, 0, 0, 0, 0, 0, 
	0, 0, 0, 0, 0, 0, 0, 0, 0, 0, 0, 0, 0, 0, 0, 0, 
	17, 18, 13, 13, 13, 13, 13, 13, 13, 13, 13, 19, 20, 21, 22, 0, 
	0, 0, 0, 0, 0, 0, 0, 0, 0, 0, 0, 0, 0, 0, 0, 0, 
	0, 0, 0, 0, 0, 0, 0, 0, 0, 0, 0, 0, 0, 0, 0, 0, 
	0, 0, 0, 0, 0, 0, 0, 0, 0, 0, 0, 0, 0, 0, 0, 0, 
	0, 0, 0, 0, 0, 0, 0, 0, 23, 13, 13, 13, 13, 13, 13, 19, 
	24, 25, 26, 27, 28, 0, 0, 0, 0, 0, 0, 0, 0, 0, 29, 30, 
	30, 30, 30, 30, 30, 31, 30, 30, 30, 30, 30, 30, 32, 33, 30, 30, 
	30, 34, 35, 36, 0, 0, 0, 37, 38, 39, 40, 41, 42, 43, 44, 45, 
	0, 0, 46, 47, 48, 5, 5, 5, 5, 49, 50, 51, 0, 0, 0, 0, 
	52, 53, 13, 54, 55, 56, 57, 58, 28, 0, 0, 0, 0, 0, 0, 0, 
	0, 0, 59, 0, 0, 0, 0, 60, 61, 62, 13, 63, 61, 61, 64, 13, 
	13, 61, 61, 61, 61, 65, 66, 13, 67, 61, 68, 69, 70, 71, 0, 72, 
	73, 13, 74, 75, 76, 77, 78, 13, 79, 80, 81, 82, 13, 83, 61, 61, 
	61, 61, 84, 85, 86, 0, 0, 0, 0, 87, 88, 89, 90, 0, 0, 0, 
	0, 0, 0, 91, 92, 93, 94, 95, 96, 97, 98, 99, 0, 0, 0, 0, 
	0, 0, 100, 13, 101, 0, 0, 0, 13, 13, 0, 0, 0, 0, 0, 66, 
	13, 102, 0, 0, 103, 13, 104, 105, 106, 107, 108, 109, 0, 0, 0, 110, 
	111, 13, 112, 113, 69, 114, 115, 0, 0, 0, 0, 0, 0, 0, 0, 0, 
	0, 0, 0, 116, 117, 118, 119, 120, 121, 122, 123, 0, 124, 13, 13, 13, 
	13, 13, 13, 13, 101, 0, 0, 0, 0, 0, 0, 100, 13, 101, 0, 0, 
	0, 13, 13, 0, 0, 0, 0, 0, 66, 13, 102, 0, 0, 125, 13, 126, 
	127, 13, 128, 0, 0, 0, 0, 0, 0, 129, 130, 13, 131, 132, 133, 134, 
	135, 136, 137, 0, 0, 0, 0, 0, 0, 0, 0, 138, 13, 13, 13, 13, 
	13, 13, 13, 139, 0, 124, 13, 13, 13, 13, 13, 13, 13, 140, 0, 0, 
	0, 0, 0, 0, 100, 13, 101, 0, 0, 0, 13, 13, 141, 141, 141, 142, 
	0, 66, 13, 143, 144, 145, 146, 13, 147, 148, 13, 149, 0, 0, 0, 0, 
	0, 0, 81, 150, 13, 151, 0, 152, 153, 154, 155, 14, 156, 157, 0, 0, 
	0, 0, 0, 0, 158, 13, 13, 13, 13, 13, 13, 13, 159, 0, 124, 13, 
	13, 13, 13, 13, 13, 13, 160, 0, 0, 0, 0, 0, 0, 100, 13, 101, 
	0, 0, 0, 13, 13, 161, 161, 161, 162, 0, 66, 13, 13, 13, 13, 163, 
	164, 0, 165, 166, 167, 168, 0, 0, 0, 0, 169, 170, 13, 171, 109, 0, 
	0, 0, 0, 172, 173, 13, 174, 0, 0, 0, 0, 0, 0, 175, 176, 13, 
	13, 13, 13, 13, 177, 178, 0, 124, 13, 13, 13, 13, 13, 13, 179, 178, 
	0, 0, 0, 0, 0, 0, 100, 13, 101, 0, 0, 0, 13, 13, 180, 180, 
	180, 180, 181, 66, 13, 182, 183, 184, 13, 185, 157, 0, 186, 187, 188, 189, 
	190, 191, 192, 193, 13, 194, 195, 196, 197, 197, 197, 197, 198, 199, 200, 201, 
	0, 0, 0, 0, 0, 0, 0, 202, 203, 13, 13, 13, 13, 204, 0, 0, 
	124, 13, 13, 13, 13, 13, 205, 206, 0, 0, 0, 0, 0, 0, 0, 207, 
	208, 209, 0, 0, 0, 208, 208, 208, 208, 208, 208, 210, 211, 208, 212, 0, 
	213, 214, 208, 215, 0, 0, 216, 217, 218, 219, 13, 220, 221, 222, 223, 0, 
	224, 208, 208, 208, 208, 225, 226, 227, 0, 0, 0, 0, 0, 0, 0, 0, 
	0, 228, 229, 230, 13, 13, 231, 0, 0, 124, 13, 13, 13, 232, 233, 223, 
	0, 0, 0, 0, 0, 0, 0, 0, 0, 0, 0, 0, 0, 0, 0, 0, 
	0, 0, 0, 0, 0, 0, 0, 0, 0, 0, 0, 0, 0, 0, 0, 0, 
	0, 0, 0, 0, 0, 0, 0, 0, 0, 0, 0, 0, 0, 0, 0, 0, 
	0, 0, 0, 0, 0, 0, 0, 0, 0, 0, 0, 0, 234, 235, 236, 237, 
	0, 0, 238, 239, 240, 241, 242, 0, 0, 0, 0, 0, 0, 0, 0, 0, 
	0, 0, 0, 0, 0, 0, 0, 0, 0, 0, 0, 0, 0, 0, 0, 0, 
	0, 0, 0, 0, 0, 0, 0, 0, 0, 0, 0, 0, 0, 0, 0, 0, 
	0, 0, 0, 0, 0, 0, 0, 0, 0, 0, 0, 0, 0, 0, 0, 0, 
	0, 0, 0, 0, 0, 0, 0, 0, 0, 0, 0, 0, 0, 0, 0, 0, 
	0, 0, 0, 0, 0, 0, 0, 0, 0, 0, 0, 0, 0, 0, 0, 0, 
	0, 0, 0, 0, 0, 0, 0, 0, 0, 0, 0, 0, 0, 0, 0, 0, 
	0, 0, 0, 0, 0, 0, 0, 0, 0, 0, 0, 0, 0, 0, 0, 0, 
	0, 0, 0, 0, 0, 0, 0, _END_,
};

#elif(_LOGO_TYPE == _LOGO_HALION)
BYTE code tiOSD_1BIT_LOGO0[]=
{
	
	0x00, 0x01, 0x02, 0x02, 0x03, 0x00, 0x00, 0x00, 0x00, 0x00, 0x00, 0x00, 0x04, 0x02, 0x02, 0x02, 0x00, 0x00, 0x00, 0x00, 0x00, 0x05, 0x02, 0x02, 0x02, 0x02, 0x02, 0x02, 0x02, 0x02, 0x02, 0x02, 0x06, 0x00, 0x00, 0x00, 0x00, 0x07, 0x02, 0x02, 0x08, 0x00, 0x00, 0x00, 0x00, 0x00, 0x00, 0x00, 0x00, 0x00, 0x00, 0x00, 0x01, 0x02, 0x02, 0x09, 0x00, 0x00, 0x00, 0x00, 0x0A, 0x02, 0x02, 0x02, 0x02, 0x02, 0x02, 0x02, 0x02, 0x02, 0x02, 0x03, 0x00, 0x00, 0x00, 0x00, 0x04, 0x02, 0x02, 0x02, 0x02, 0x02, 0x02, 0x02, 0x02, 0x02, 0x02, 0x02, 0x02, 0x0B, 0x00, 0x00, 0x00, _NEXT_,
	0x00, 0x0C, 0x0D, 0x0D, 0x0E, 0x00, 0x00, 0x00, 0x00, 0x00, 0x00, 0x00, 0x0F, 0x0D, 0x0D, 0x0D, 0x00, 0x00, 0x00, 0x10, 0x11, 0x0D, 0x0D, 0x0D, 0x0D, 0x0D, 0x0D, 0x0D, 0x0D, 0x0D, 0x0D, 0x0D, 0x12, 0x13, 0x14, 0x00, 0x00, 0x15, 0x0D, 0x0D, 0x16, 0x00, 0x00, 0x00, 0x00, 0x00, 0x00, 0x00, 0x00, 0x00, 0x00, 0x00, 0x0C, 0x0D, 0x0D, 0x17, 0x00, 0x00, 0x18, 0x19, 0x1A, 0x0D, 0x0D, 0x0D, 0x0D, 0x0D, 0x0D, 0x0D, 0x0D, 0x0D, 0x0D, 0x1B, 0x1C, 0x1D, 0x00, 0x00, 0x0F, 0x0D, 0x0D, 0x0D, 0x0D, 0x0D, 0x0D, 0x0D, 0x0D, 0x0D, 0x0D, 0x0D, 0x0D, 0x1E, 0x1F, 0x20, 0x00, _NEXT_,
	0x00, 0x0C, 0x0D, 0x0D, 0x0E, 0x00, 0x00, 0x00, 0x00, 0x00, 0x00, 0x00, 0x0F, 0x0D, 0x0D, 0x0D, 0x00, 0x00, 0x00, 0x21, 0x0D, 0x0D, 0x22, 0x23, 0x23, 0x23, 0x23, 0x23, 0x23, 0x23, 0x24, 0x0D, 0x0D, 0x0D, 0x25, 0x00, 0x00, 0x15, 0x0D, 0x0D, 0x16, 0x00, 0x00, 0x00, 0x00, 0x00, 0x00, 0x00, 0x00, 0x00, 0x00, 0x00, 0x0C, 0x0D, 0x0D, 0x17, 0x00, 0x00, 0x26, 0x0D, 0x0D, 0x0D, 0x27, 0x28, 0x28, 0x28, 0x28, 0x28, 0x28, 0x28, 0x29, 0x0D, 0x0D, 0x2A, 0x00, 0x00, 0x0F, 0x0D, 0x0D, 0x0D, 0x28, 0x28, 0x28, 0x28, 0x28, 0x28, 0x28, 0x28, 0x0D, 0x0D, 0x0D, 0x2B, 0x00, _NEXT_,
	0x00, 0x0C, 0x0D, 0x0D, 0x2C, 0x2D, 0x2D, 0x2D, 0x2D, 0x2D, 0x2D, 0x2D, 0x2E, 0x0D, 0x0D, 0x0D, 0x00, 0x00, 0x00, 0x2F, 0x0D, 0x0D, 0x30, 0x00, 0x00, 0x00, 0x00, 0x00, 0x00, 0x00, 0x31, 0x0D, 0x0D, 0x0D, 0x32, 0x00, 0x00, 0x15, 0x0D, 0x0D, 0x16, 0x00, 0x00, 0x00, 0x00, 0x00, 0x00, 0x00, 0x00, 0x00, 0x00, 0x00, 0x0C, 0x0D, 0x0D, 0x17, 0x00, 0x00, 0x31, 0x0D, 0x0D, 0x0D, 0x32, 0x00, 0x00, 0x00, 0x00, 0x00, 0x00, 0x00, 0x33, 0x0D, 0x0D, 0x0E, 0x00, 0x00, 0x0F, 0x0D, 0x0D, 0x0D, 0x00, 0x00, 0x00, 0x00, 0x00, 0x00, 0x00, 0x00, 0x0D, 0x0D, 0x0D, 0x34, 0x00, _NEXT_,
	0x00, 0x0C, 0x0D, 0x0D, 0x0D, 0x0D, 0x0D, 0x0D, 0x0D, 0x0D, 0x0D, 0x0D, 0x0D, 0x0D, 0x0D, 0x0D, 0x00, 0x00, 0x00, 0x2F, 0x0D, 0x0D, 0x35, 0x36, 0x36, 0x36, 0x36, 0x36, 0x36, 0x36, 0x37, 0x0D, 0x0D, 0x0D, 0x32, 0x00, 0x00, 0x15, 0x0D, 0x0D, 0x16, 0x00, 0x00, 0x00, 0x00, 0x00, 0x00, 0x00, 0x00, 0x00, 0x00, 0x00, 0x0C, 0x0D, 0x0D, 0x17, 0x00, 0x00, 0x31, 0x0D, 0x0D, 0x0D, 0x32, 0x00, 0x00, 0x00, 0x00, 0x00, 0x00, 0x00, 0x33, 0x0D, 0x0D, 0x0E, 0x00, 0x00, 0x0F, 0x0D, 0x0D, 0x0D, 0x00, 0x00, 0x00, 0x00, 0x00, 0x00, 0x00, 0x00, 0x0D, 0x0D, 0x0D, 0x34, 0x00, _NEXT_,
	0x00, 0x0C, 0x0D, 0x0D, 0x38, 0x39, 0x39, 0x39, 0x39, 0x39, 0x39, 0x39, 0x3A, 0x0D, 0x0D, 0x0D, 0x00, 0x00, 0x00, 0x2F, 0x0D, 0x0D, 0x0D, 0x0D, 0x0D, 0x0D, 0x0D, 0x0D, 0x0D, 0x0D, 0x0D, 0x0D, 0x0D, 0x0D, 0x32, 0x00, 0x00, 0x15, 0x0D, 0x0D, 0x16, 0x00, 0x00, 0x00, 0x00, 0x00, 0x00, 0x00, 0x00, 0x00, 0x00, 0x00, 0x0C, 0x0D, 0x0D, 0x17, 0x00, 0x00, 0x31, 0x0D, 0x0D, 0x0D, 0x32, 0x00, 0x00, 0x00, 0x00, 0x00, 0x00, 0x00, 0x33, 0x0D, 0x0D, 0x0E, 0x00, 0x00, 0x0F, 0x0D, 0x0D, 0x0D, 0x00, 0x00, 0x00, 0x00, 0x00, 0x00, 0x00, 0x00, 0x0D, 0x0D, 0x0D, 0x34, 0x00, _NEXT_,
	0x00, 0x0C, 0x0D, 0x0D, 0x0E, 0x00, 0x00, 0x00, 0x00, 0x00, 0x00, 0x00, 0x0F, 0x0D, 0x0D, 0x0D, 0x00, 0x00, 0x00, 0x2F, 0x0D, 0x0D, 0x3B, 0x3C, 0x3C, 0x3C, 0x3C, 0x3C, 0x3C, 0x3C, 0x3D, 0x0D, 0x0D, 0x0D, 0x32, 0x00, 0x00, 0x15, 0x0D, 0x0D, 0x3E, 0x3F, 0x3F, 0x3F, 0x3F, 0x3F, 0x3F, 0x3F, 0x3F, 0x40, 0x00, 0x00, 0x0C, 0x0D, 0x0D, 0x17, 0x00, 0x00, 0x41, 0x0D, 0x0D, 0x0D, 0x42, 0x3F, 0x3F, 0x3F, 0x3F, 0x3F, 0x3F, 0x3F, 0x43, 0x0D, 0x0D, 0x44, 0x00, 0x00, 0x0F, 0x0D, 0x0D, 0x0D, 0x00, 0x00, 0x00, 0x00, 0x00, 0x00, 0x00, 0x00, 0x0D, 0x0D, 0x0D, 0x34, 0x00, _NEXT_,
	0x00, 0x45, 0x46, 0x46, 0x47, 0x00, 0x00, 0x00, 0x00, 0x00, 0x00, 0x00, 0x48, 0x46, 0x46, 0x46, 0x00, 0x00, 0x00, 0x49, 0x46, 0x46, 0x4A, 0x00, 0x00, 0x00, 0x00, 0x00, 0x00, 0x00, 0x4B, 0x46, 0x46, 0x46, 0x4C, 0x00, 0x00, 0x4D, 0x46, 0x46, 0x46, 0x46, 0x46, 0x46, 0x46, 0x46, 0x46, 0x46, 0x46, 0x4E, 0x00, 0x00, 0x45, 0x46, 0x46, 0x4F, 0x00, 0x00, 0x50, 0x51, 0x52, 0x46, 0x46, 0x46, 0x46, 0x46, 0x46, 0x46, 0x46, 0x46, 0x46, 0x53, 0x54, 0x55, 0x00, 0x00, 0x48, 0x46, 0x46, 0x46, 0x00, 0x00, 0x00, 0x00, 0x00, 0x00, 0x00, 0x00, 0x46, 0x46, 0x46, 0x56, 0x00, _NEXT_,
	0x00, 0x00, 0x00, 0x00, 0x00, 0x00, 0x00, 0x00, 0x00, 0x00, 0x00, 0x00, 0x00, 0x00, 0x00, 0x00, 0x00, 0x00, 0x00, 0x00, 0x00, 0x00, 0x00, 0x00, 0x00, 0x00, 0x00, 0x00, 0x00, 0x00, 0x00, 0x00, 0x00, 0x00, 0x00, 0x00, 0x00, 0x00, 0x00, 0x00, 0x00, 0x00, 0x00, 0x00, 0x00, 0x00, 0x00, 0x00, 0x00, 0x00, 0x00, 0x00, 0x00, 0x00, 0x00, 0x00, 0x00, 0x00, 0x00, 0x00, 0x00, 0x00, 0x00, 0x00, 0x00, 0x00, 0x00, 0x00, 0x00, 0x00, 0x00, 0x00, 0x00, 0x00, 0x00, 0x00, 0x00, 0x00, 0x00, 0x00, 0x00, 0x00, 0x00, 0x00, 0x00, 0x00, 0x00, 0x00, 0x00, 0x00, 0x00, 0x00, 0x00, _END_,
};


#elif(_LOGO_TYPE ==  _LOGO_ROMBICA)
BYTE code tiOSD_1BIT_LOGO0[]=
{
    0x00, 0x00, 0x00, 0x00, 0x00, 0x00, 0x00, 0x00, 0x00, 0x00, 0x00, 0x00, 0x00, 0x00, 0x00, 0x00, 0x00, 0x00, 0x01, 0x02, 0x00, 0x00, 0x00, 0x00, 0x03, 0x04, 0x00, 0x00, 0x00, 0x00, 0x00, 0x00, 0x00, 0x00, 0x00, 0x00, 0x00, 0x00, 0x00, _NEXT_,
    0x00, 0x00, 0x05, 0x06, 0x00, 0x00, 0x07, 0x08, 0x00, 0x00, 0x00, 0x00, 0x09, 0x0A, 0x00, 0x0B, 0x0C, 0x00, 0x0D, 0x0E, 0x0F, 0x10, 0x11, 0x00, 0x12, 0x13, 0x00, 0x00, 0x14, 0x10, 0x0A, 0x00, 0x00, 0x00, 0x15, 0x10, 0x16, 0x00, 0x00, _NEXT_,
    0x00, 0x17, 0x18, 0x19, 0x1A, 0x1B, 0x1C, 0x1D, 0x1E, 0x1F, 0x20, 0x21, 0x22, 0x23, 0x24, 0x25, 0x26, 0x27, 0x0D, 0x28, 0x29, 0x2A, 0x2B, 0x2C, 0x2D, 0x2E, 0x12, 0x2F, 0x30, 0x2A, 0x31, 0x32, 0x33, 0x34, 0x35, 0x2A, 0x36, 0x37, 0x38, _NEXT_,
    0x00, 0x39, 0x3A, 0x00, 0x3B, 0x3C, 0x00, 0x00, 0x3D, 0x3E, 0x3F, 0x40, 0x00, 0x3F, 0x41, 0x00, 0x42, 0x43, 0x0D, 0x44, 0x00, 0x00, 0x45, 0x46, 0x47, 0x2E, 0x48, 0x49, 0x4A, 0x00, 0x00, 0x00, 0x4B, 0x4C, 0x00, 0x00, 0x00, 0x4D, 0x4E, _NEXT_,
    0x00, 0x39, 0x00, 0x00, 0x4F, 0x50, 0x51, 0x00, 0x52, 0x53, 0x3F, 0x40, 0x00, 0x3F, 0x40, 0x00, 0x54, 0x55, 0x56, 0x57, 0x58, 0x00, 0x59, 0x5A, 0x5B, 0x2E, 0x5C, 0x5D, 0x5E, 0x00, 0x5F, 0x60, 0x61, 0x62, 0x63, 0x00, 0x64, 0x65, 0x66, _NEXT_,
    0x00, 0x67, 0x00, 0x00, 0x68, 0x69, 0x6A, 0x6B, 0x6C, 0x6D, 0x6E, 0x6F, 0x00, 0x6E, 0x6F, 0x00, 0x70, 0x71, 0x00, 0x72, 0x73, 0x74, 0x75, 0x76, 0x77, 0x78, 0x00, 0x79, 0x7A, 0x7B, 0x7C, 0x7D, 0x00, 0x7E, 0x7F, 0x80, 0x81, 0x82, 0x83, _END_,

};

#elif(_LOGO_TYPE ==  _LOGO_QMAX)
BYTE code tiOSD_1BIT_LOGO0[]=
{
	
	////////////////////////////////////////////Font Map index////////////////////////////////////////////
	0x00, 0x01, 0x01, 0x01, 0x01, 0x01, 0x01, 0x01, 0x01, 0x01, 0x01, 0x01, 0x01, 0x01, 0x01, 0x01, 0x01, 0x01, 0x01, 0x01, 0x01, 0x01, 0x01, 0x01, 0x01, 0x01, 0x01, 0x01, 0x01, 0x01, 0x01, 0x01, 0x01, 0x01, 0x01, 0x01, 0x01, 0x01, 0x01, 0x01, 0x01, 0x01, 0x01, 0x01, 0x01, 0x02, 
	0x03, 0x04, 0x05, 0x05, 0x06, 0x07, 0x08, 0x09, 0x0A, 0x05, 0x05, 0x05, 0x0B, 0x0C, 0x0D, 0x0E, 0x0E, 0x0F, 0x0C, 0x0C, 0x0C, 0x10, 0x0E, 0x0E, 0x11, 0x0C, 0x0C, 0x12, 0x0E, 0x0E, 0x0E, 0x13, 0x0C, 0x0C, 0x0C, 0x14, 0x15, 0x15, 0x16, 0x0C, 0x17, 0x15, 0x15, 0x18, 0x0C, 0x19, 
	0x03, 0x1A, 0x1B, 0x1C, 0x1D, 0x0C, 0x0C, 0x0C, 0x1E, 0x1F, 0x1B, 0x1B, 0x20, 0x0C, 0x21, 0x1B, 0x1B, 0x22, 0x23, 0x0C, 0x24, 0x1B, 0x1B, 0x1B, 0x25, 0x0C, 0x0C, 0x26, 0x1B, 0x1B, 0x1B, 0x27, 0x0C, 0x0C, 0x0C, 0x28, 0x1B, 0x1B, 0x29, 0x2A, 0x2B, 0x1B, 0x1B, 0x2C, 0x0C, 0x19, 
	0x03, 0x1A, 0x2D, 0x2E, 0x2F, 0x30, 0x31, 0x32, 0x0C, 0x33, 0x34, 0x1B, 0x20, 0x0C, 0x21, 0x1B, 0x1B, 0x1B, 0x35, 0x36, 0x37, 0x1B, 0x1B, 0x1B, 0x25, 0x0C, 0x0C, 0x38, 0x1B, 0x1B, 0x1B, 0x1B, 0x39, 0x0C, 0x0C, 0x0C, 0x3A, 0x1B, 0x1B, 0x3B, 0x1B, 0x1B, 0x3C, 0x0C, 0x0C, 0x19, 
	0x03, 0x1A, 0x3D, 0x0C, 0x3E, 0x1B, 0x1B, 0x3F, 0x40, 0x0C, 0x41, 0x1B, 0x20, 0x0C, 0x21, 0x1B, 0x1B, 0x1B, 0x42, 0x43, 0x1B, 0x1B, 0x1B, 0x1B, 0x25, 0x0C, 0x44, 0x1B, 0x1B, 0x45, 0x1B, 0x1B, 0x46, 0x0C, 0x0C, 0x0C, 0x47, 0x48, 0x1B, 0x1B, 0x1B, 0x49, 0x4A, 0x0C, 0x0C, 0x19, 
	0x03, 0x1A, 0x4B, 0x0C, 0x4C, 0x1B, 0x1B, 0x1B, 0x4D, 0x0C, 0x21, 0x1B, 0x20, 0x0C, 0x21, 0x1B, 0x1B, 0x1B, 0x1B, 0x1B, 0x1B, 0x1B, 0x1B, 0x1B, 0x25, 0x0C, 0x4E, 0x1B, 0x1B, 0x4F, 0x50, 0x1B, 0x51, 0x52, 0x0C, 0x0C, 0x0C, 0x53, 0x1B, 0x1B, 0x1B, 0x54, 0x0C, 0x0C, 0x0C, 0x19, 
	0x03, 0x1A, 0x55, 0x0C, 0x56, 0x1B, 0x57, 0x58, 0x59, 0x0C, 0x5A, 0x1B, 0x20, 0x0C, 0x21, 0x1B, 0x1B, 0x5B, 0x1B, 0x1B, 0x5C, 0x5D, 0x1B, 0x1B, 0x25, 0x0C, 0x5E, 0x1B, 0x1B, 0x5F, 0x60, 0x1B, 0x1B, 0x61, 0x0C, 0x0C, 0x62, 0x63, 0x1B, 0x1B, 0x1B, 0x64, 0x65, 0x0C, 0x0C, 0x19, 
	0x03, 0x1A, 0x66, 0x0C, 0x67, 0x68, 0x69, 0x6A, 0x0C, 0x0C, 0x6B, 0x1B, 0x20, 0x0C, 0x21, 0x1B, 0x1B, 0x6C, 0x6D, 0x1B, 0x6E, 0x6F, 0x1B, 0x1B, 0x25, 0x70, 0x1B, 0x1B, 0x1B, 0x1B, 0x1B, 0x1B, 0x1B, 0x71, 0x0C, 0x0C, 0x72, 0x1B, 0x1B, 0x73, 0x1B, 0x1B, 0x74, 0x0C, 0x0C, 0x19, 
	0x03, 0x1A, 0x75, 0x76, 0x0C, 0x0C, 0x0C, 0x0C, 0x77, 0x78, 0x79, 0x7A, 0x20, 0x0C, 0x21, 0x1B, 0x1B, 0x7B, 0x7C, 0x7D, 0x2E, 0x6F, 0x1B, 0x1B, 0x25, 0x7E, 0x1B, 0x1B, 0x7F, 0x80, 0x81, 0x82, 0x1B, 0x83, 0x84, 0x85, 0x1B, 0x1B, 0x86, 0x87, 0x88, 0x1B, 0x1B, 0x89, 0x0C, 0x19, 
	0x03, 0x8A, 0x8B, 0x8C, 0x8D, 0x8E, 0x8F, 0x90, 0x91, 0x92, 0x93, 0x8B, 0x94, 0x0C, 0x95, 0x96, 0x96, 0x97, 0x0C, 0x98, 0x0C, 0x99, 0x96, 0x96, 0x9A, 0x9B, 0x96, 0x96, 0x9C, 0x0C, 0x0C, 0x9D, 0x96, 0x96, 0x9E, 0x9F, 0x96, 0x96, 0xA0, 0x0C, 0xA1, 0x96, 0x96, 0xA2, 0x0C, 0x19, 
	0xA3, 0xA4, 0xA4, 0xA4, 0xA4, 0xA4, 0xA4, 0xA4, 0xA4, 0xA4, 0xA4, 0xA4, 0xA4, 0xA4, 0xA4, 0xA4, 0xA4, 0xA4, 0xA4, 0xA4, 0xA4, 0xA4, 0xA4, 0xA4, 0xA4, 0xA4, 0xA4, 0xA4, 0xA4, 0xA4, 0xA4, 0xA4, 0xA4, 0xA4, 0xA4, 0xA4, 0xA4, 0xA4, 0xA4, 0xA4, 0xA4, 0xA4, 0xA4, 0xA4, 0xA4, 0xA5, 
		_END_,
};
#elif(_LOGO_TYPE==_LOGO_SODIMAC)

BYTE code tiOSD_1BIT_LOGO0[]=
{
	0x00, 0x00, 0x00, 0x00, 0x00, 0x00, 0x00, 0x00, 0x01, 0x02, 0x02, 0x03, 0x00, 0x00, 0x00, 0x00, 0x00, 0x00, 0x00, 0x00, 0x00, 0x00, 0x00, 0x00, 0x00, 0x00, 0x00, 0x00, 0x00, 0x00, 0x00, 0x00, 0x00, 0x00, 0x00, 0x00, 0x00, 0x00, 0x00, 0x00, 0x00, 0x00, 0x00, 0x00, _NEXT_,
	0x00, 0x00, 0x00, 0x04, 0x05, 0x06, 0x06, 0x06, 0x07, 0x08, 0x08, 0x09, 0x06, 0x06, 0x06, 0x0A, 0x0B, 0x00, 0x00, 0x00, 0x00, 0x00, 0x00, 0x00, 0x00, 0x00, 0x00, 0x00, 0x00, 0x00, 0x00, 0x00, 0x00, 0x00, 0x00, 0x00, 0x00, 0x00, 0x00, 0x00, 0x00, 0x00, 0x00, 0x00, _NEXT_,
	0x00, 0x00, 0x0C, 0x0D, 0x0E, 0x0F, 0x10, 0x11, 0x12, 0x13, 0x13, 0x13, 0x13, 0x13, 0x14, 0x15, 0x16, 0x17, 0x00, 0x00, 0x00, 0x00, 0x00, 0x00, 0x00, 0x00, 0x00, 0x00, 0x00, 0x00, 0x00, 0x00, 0x00, 0x00, 0x00, 0x00, 0x00, 0x00, 0x00, 0x00, 0x00, 0x00, 0x00, 0x00, _NEXT_,
	0x00, 0x18, 0x19, 0x1A, 0x1B, 0x00, 0x1C, 0x1D, 0x1E, 0x1F, 0x00, 0x00, 0x00, 0x00, 0x00, 0x20, 0x21, 0x22, 0x23, 0x00, 0x00, 0x00, 0x00, 0x24, 0x25, 0x26, 0x27, 0x28, 0x29, 0x2A, 0x00, 0x00, 0x00, 0x2B, 0x2C, 0x2D, 0x2E, 0x2F, 0x30, 0x31, 0x32, 0x00, 0x00, 0x00, _NEXT_,
	0x33, 0x34, 0x35, 0x36, 0x36, 0x36, 0x36, 0x36, 0x37, 0x38, 0x39, 0x36, 0x36, 0x36, 0x36, 0x36, 0x36, 0x3A, 0x3B, 0x3C, 0x00, 0x00, 0x3D, 0x3E, 0x08, 0x3F, 0x40, 0x41, 0x42, 0x43, 0x00, 0x00, 0x44, 0x45, 0x08, 0x08, 0x08, 0x08, 0x08, 0x08, 0x46, 0x47, 0x48, 0x00, _NEXT_,
	0x08, 0x49, 0x4A, 0x4A, 0x4A, 0x4A, 0x4A, 0x4A, 0x4A, 0x4B, 0x4C, 0x4A, 0x4A, 0x4A, 0x4A, 0x4A, 0x4A, 0x4A, 0x4D, 0x08, 0x00, 0x00, 0x4E, 0x08, 0x08, 0x4F, 0x50, 0x51, 0x52, 0x53, 0x00, 0x54, 0x55, 0x08, 0x56, 0x57, 0x58, 0x59, 0x5A, 0x5B, 0x08, 0x08, 0x5C, 0x00, _NEXT_,
	0x08, 0x5D, 0x00, 0x00, 0x00, 0x00, 0x00, 0x00, 0x00, 0x5E, 0x5F, 0x00, 0x00, 0x00, 0x00, 0x00, 0x00, 0x00, 0x60, 0x08, 0x00, 0x00, 0x00, 0x61, 0x62, 0x08, 0x08, 0x63, 0x64, 0x65, 0x00, 0x66, 0x08, 0x08, 0x67, 0x00, 0x00, 0x00, 0x00, 0x68, 0x08, 0x08, 0x69, 0x00, _NEXT_,
	0x08, 0x5D, 0x00, 0x00, 0x00, 0x00, 0x00, 0x00, 0x00, 0x5E, 0x5F, 0x00, 0x00, 0x00, 0x00, 0x00, 0x00, 0x00, 0x60, 0x08, 0x00, 0x00, 0x00, 0x00, 0x6A, 0x6B, 0x6C, 0x6D, 0x08, 0x6E, 0x6F, 0x70, 0x08, 0x08, 0x71, 0x48, 0x00, 0x00, 0x00, 0x72, 0x08, 0x08, 0x73, 0x00, _NEXT_,
	0x08, 0x5D, 0x00, 0x00, 0x00, 0x00, 0x00, 0x00, 0x00, 0x5E, 0x5F, 0x00, 0x00, 0x00, 0x00, 0x00, 0x00, 0x00, 0x60, 0x08, 0x00, 0x00, 0x74, 0x75, 0x76, 0x77, 0x78, 0x79, 0x08, 0x08, 0x7A, 0x7B, 0x7C, 0x08, 0x08, 0x7D, 0x7E, 0x7F, 0x80, 0x81, 0x08, 0x3F, 0x82, 0x00, _NEXT_,
	0x08, 0x83, 0x84, 0x84, 0x84, 0x84, 0x84, 0x84, 0x84, 0x85, 0x86, 0x27, 0x27, 0x27, 0x27, 0x27, 0x27, 0x27, 0x87, 0x08, 0x00, 0x00, 0x88, 0x89, 0x08, 0x08, 0x08, 0x08, 0x8A, 0x8B, 0x8C, 0x00, 0x1C, 0x8D, 0x8E, 0x08, 0x08, 0x08, 0x08, 0x8F, 0x90, 0x91, 0x00, 0x00, _NEXT_,
	0x92, 0x93, 0x93, 0x93, 0x93, 0x93, 0x93, 0x93, 0x93, 0x93, 0x93, 0x93, 0x93, 0x93, 0x93, 0x93, 0x93, 0x93, 0x93, 0x93, 0x00, 0x00, 0x00, 0x00, 0x94, 0x95, 0x96, 0x97, 0x98, 0x00, 0x00, 0x00, 0x00, 0x00, 0x52, 0x99, 0x9A, 0x96, 0x9B, 0x9C, 0x00, 0x00, 0x00, 0x00, 
	_END_,

};

BYTE code tiOSD_1BIT_LOGO1[]=
{
	0x00, 0x00, 0x00, 0x00, 0x00, 0x00, 0x00, 0x00, 0x00, 0x00, 0x00, 0x00, 0x00, 0x00, 0x00, 0x00, 0x00, 0x00, 0x00, 0x00, 0x00, 0x00, 0x00, 0x00, 0x00, 0x00, 0x00, 0x00, 0x00, 0x00, 0x00, 0x00, 0x00, 0x00, 0x00, 0x00, 0x00, 0x00, 0x00, 0x00, 0x00, 0x00, 0x00, 0x00, 0x00, 0x00, 0x00, 0x00, 0x00, 0x00, 0x00, 0x00, 0x00, 0x00,  _NEXT_,
	0x00, 0x00, 0x00, 0x00, 0x00, 0x00, 0x00, 0x00, 0x00, 0x00, 0x00, 0x00, 0x00, 0x00, 0x00, 0x00, 0x00, 0x00, 0x00, 0x00, 0x00, 0x00, 0x00, 0x00, 0x00, 0x00, 0x00, 0x00, 0x00, 0x00, 0x00, 0x00, 0x00, 0x00, 0x00, 0x00, 0x00, 0x00, 0x00, 0x00, 0x00, 0x00, 0x00, 0x00, 0x00, 0x00, 0x00, 0x00, 0x00, 0x00, 0x00, 0x00, 0x00, 0x00,  _NEXT_,
	0x00, 0x00, 0x00, 0x00, 0x00, 0x00, 0x00, 0x00, 0x00, 0x00, 0x00, 0x00, 0x00, 0x00, 0x00, 0x00, 0x00, 0x00, 0x00, 0x00, 0x00, 0x00, 0x00, 0x00, 0x00, 0x00, 0x00, 0x00, 0x00, 0x00, 0x00, 0x00, 0x00, 0x00, 0x00, 0x00, 0x00, 0x00, 0x00, 0x00, 0x00, 0x00, 0x00, 0x00, 0x00, 0x00, 0x00, 0x00, 0x00, 0x00, 0x00, 0x00, 0x00, 0x00,  _NEXT_,
	0x01, 0x02, 0x02, 0x02, 0x02, 0x03, 0x04, 0x05, 0x00, 0x00, 0x00, 0x06, 0x02, 0x02, 0x07, 0x00, 0x01, 0x02, 0x02, 0x08, 0x00, 0x00, 0x00, 0x00, 0x09, 0x0A, 0x02, 0x0B, 0x00, 0x00, 0x00, 0x00, 0x0C, 0x02, 0x02, 0x02, 0x0D, 0x00, 0x00, 0x00, 0x00, 0x00, 0x0E, 0x0F, 0x10, 0x11, 0x12, 0x13, 0x14, 0x15, 0x00, 0x00, 0x00, 0x00,  _NEXT_,
	0x16, 0x17, 0x17, 0x18, 0x19, 0x1A, 0x17, 0x17, 0x1B, 0x1C, 0x00, 0x1D, 0x17, 0x17, 0x1E, 0x00, 0x16, 0x17, 0x17, 0x1F, 0x20, 0x00, 0x00, 0x21, 0x22, 0x17, 0x17, 0x23, 0x00, 0x00, 0x00, 0x00, 0x24, 0x17, 0x17, 0x17, 0x25, 0x26, 0x00, 0x00, 0x00, 0x27, 0x28, 0x17, 0x17, 0x17, 0x29, 0x17, 0x17, 0x23, 0x00, 0x00, 0x00, 0x00,  _NEXT_,
	0x16, 0x17, 0x17, 0x2A, 0x00, 0x00, 0x2B, 0x2C, 0x17, 0x2D, 0x2E, 0x1D, 0x17, 0x17, 0x1E, 0x00, 0x16, 0x17, 0x17, 0x17, 0x2F, 0x30, 0x31, 0x32, 0x17, 0x17, 0x17, 0x23, 0x00, 0x00, 0x00, 0x33, 0x17, 0x17, 0x34, 0x35, 0x17, 0x36, 0x00, 0x00, 0x37, 0x17, 0x17, 0x38, 0x39, 0x3A, 0x00, 0x3B, 0x3C, 0x3D, 0x00, 0x00, 0x00, 0x00,  _NEXT_,
	0x16, 0x17, 0x17, 0x2A, 0x00, 0x00, 0x00, 0x3E, 0x17, 0x17, 0x3F, 0x1D, 0x17, 0x17, 0x1E, 0x00, 0x16, 0x17, 0x17, 0x40, 0x17, 0x17, 0x17, 0x17, 0x41, 0x17, 0x17, 0x23, 0x00, 0x00, 0x42, 0x43, 0x17, 0x44, 0x45, 0x46, 0x17, 0x17, 0x47, 0x00, 0x48, 0x17, 0x17, 0x49, 0x00, 0x00, 0x00, 0x00, 0x00, 0x00, 0x00, 0x00, 0x00, 0x00,  _NEXT_,
	0x16, 0x17, 0x17, 0x2A, 0x00, 0x00, 0x00, 0x4A, 0x17, 0x17, 0x4B, 0x1D, 0x17, 0x17, 0x1E, 0x00, 0x16, 0x17, 0x17, 0x4C, 0x4D, 0x4E, 0x4F, 0x50, 0x51, 0x17, 0x17, 0x23, 0x00, 0x00, 0x52, 0x17, 0x17, 0x53, 0x54, 0x55, 0x56, 0x17, 0x57, 0x58, 0x59, 0x17, 0x17, 0x5A, 0x00, 0x00, 0x00, 0x00, 0x00, 0x00, 0x00, 0x00, 0x00, 0x00,  _NEXT_,
	0x16, 0x17, 0x17, 0x5B, 0x5C, 0x5D, 0x5E, 0x5F, 0x17, 0x60, 0x61, 0x1D, 0x17, 0x17, 0x1E, 0x00, 0x16, 0x17, 0x17, 0x4C, 0x00, 0x62, 0x63, 0x00, 0x51, 0x17, 0x17, 0x23, 0x00, 0x64, 0x17, 0x17, 0x65, 0x66, 0x66, 0x66, 0x67, 0x17, 0x17, 0x68, 0x69, 0x6A, 0x17, 0x17, 0x6B, 0x6C, 0x6D, 0x6E, 0x6F, 0x70, 0x00, 0x71, 0x72, 0x73,  _NEXT_,
	0x16, 0x17, 0x17, 0x17, 0x17, 0x17, 0x17, 0x74, 0x75, 0x76, 0x00, 0x1D, 0x17, 0x17, 0x1E, 0x00, 0x16, 0x17, 0x17, 0x4C, 0x00, 0x00, 0x00, 0x00, 0x51, 0x17, 0x17, 0x23, 0x77, 0x78, 0x17, 0x79, 0x7A, 0x00, 0x00, 0x00, 0x7B, 0x7C, 0x17, 0x17, 0x7D, 0x7E, 0x7F, 0x80, 0x17, 0x17, 0x17, 0x17, 0x17, 0x81, 0x00, 0x82, 0x83, 0x84,  _NEXT_,
	0x85, 0x86, 0x86, 0x86, 0x86, 0x86, 0x87, 0x88, 0x00, 0x00, 0x00, 0x89, 0x86, 0x86, 0x8A, 0x00, 0x85, 0x86, 0x86, 0x8B, 0x00, 0x00, 0x00, 0x00, 0x8C, 0x86, 0x86, 0x8D, 0x8E, 0x86, 0x86, 0x8F, 0x00, 0x00, 0x00, 0x00, 0x00, 0x90, 0x86, 0x86, 0x91, 0x00, 0x00, 0x92, 0x93, 0x94, 0x95, 0x96, 0x97, 0x00, 0x00, 0x98, 0x99, 0x00, 
		_END_,

};

#elif(_LOGO_TYPE == _LOGO_GAMEBOOSTER)
BYTE code tiOSD_1BIT_LOGO0[] =
{
	0x00, 0x00, 0x00, 0x00, 0x00, 0x00, 0x00, 0x00, 0x00, 0x00, 0x00, 0x00, 0x00, 0x00, 0x00, 0x00, 0x00, 0x00, 0x00, 0x00, 0x00, 0x00, 0x00, 0x00, 0x00, 0x00, 0x00, 0x00, 0x00, 0x00, _NEXT_,
	0x00, 0x00, 0x00, 0x00, 0x00, 0x00, 0x00, 0x00, 0x00, 0x00, 0x00, 0x00, 0x00, 0x00, 0x00, 0x00, 0x00, 0x00, 0x00, 0x00, 0x00, 0x00, 0x00, 0x00, 0x00, 0x00, 0x00, 0x00, 0x01, 0x02, _NEXT_,
	0x00, 0x00, 0x00, 0x00, 0x00, 0x00, 0x00, 0x00, 0x00, 0x00, 0x00, 0x00, 0x00, 0x00, 0x00, 0x00, 0x00, 0x00, 0x00, 0x00, 0x00, 0x00, 0x00, 0x00, 0x00, 0x03, 0x04, 0x05, 0x06, 0x07, _NEXT_,
	0x00, 0x00, 0x00, 0x00, 0x00, 0x00, 0x00, 0x00, 0x00, 0x00, 0x00, 0x00, 0x00, 0x00, 0x00, 0x00, 0x00, 0x00, 0x00, 0x00, 0x00, 0x00, 0x00, 0x00, 0x00, 0x08, 0x09, 0x0A, 0x0B, 0x0C, _NEXT_,
	0x00, 0x00, 0x00, 0x00, 0x00, 0x00, 0x00, 0x00, 0x00, 0x00, 0x00, 0x00, 0x00, 0x00, 0x00, 0x00, 0x00, 0x00, 0x00, 0x00, 0x00, 0x00, 0x00, 0x0D, 0x0E, 0x0F, 0x10, 0x10, 0x10, 0x10, _NEXT_,
	0x00, 0x00, 0x00, 0x00, 0x00, 0x00, 0x00, 0x00, 0x00, 0x00, 0x00, 0x00, 0x00, 0x00, 0x00, 0x00, 0x00, 0x00, 0x00, 0x00, 0x11, 0x12, 0x13, 0x10, 0x10, 0x10, 0x10, 0x10, 0x10, 0x10, _NEXT_,
	0x00, 0x00, 0x00, 0x00, 0x00, 0x00, 0x00, 0x00, 0x00, 0x00, 0x00, 0x00, 0x00, 0x00, 0x00, 0x00, 0x00, 0x00, 0x00, 0x14, 0x15, 0x16, 0x17, 0x10, 0x10, 0x10, 0x10, 0x10, 0x10, 0x18, _NEXT_,
	0x00, 0x00, 0x00, 0x00, 0x00, 0x00, 0x00, 0x00, 0x00, 0x00, 0x00, 0x00, 0x00, 0x00, 0x00, 0x00, 0x00, 0x00, 0x00, 0x19, 0x1A, 0x1B, 0x10, 0x10, 0x10, 0x10, 0x10, 0x1C, 0x1D, 0x1E, _NEXT_,
	0x00, 0x00, 0x00, 0x00, 0x00, 0x00, 0x00, 0x00, 0x00, 0x00, 0x00, 0x00, 0x00, 0x00, 0x00, 0x00, 0x00, 0x00, 0x1F, 0x20, 0x21, 0x10, 0x22, 0x23, 0x24, 0x18, 0x25, 0x26, 0x00, 0x00, _NEXT_,
	0x00, 0x00, 0x00, 0x00, 0x00, 0x00, 0x00, 0x00, 0x00, 0x00, 0x00, 0x00, 0x00, 0x00, 0x00, 0x00, 0x00, 0x00, 0x00, 0x27, 0x28, 0x29, 0x2A, 0x2B, 0x2C, 0x2D, 0x00, 0x00, 0x01, 0x2E, _NEXT_,
	0x00, 0x00, 0x00, 0x00, 0x00, 0x00, 0x00, 0x00, 0x00, 0x00, 0x00, 0x00, 0x00, 0x00, 0x00, 0x00, 0x00, 0x00, 0x2F, 0x30, 0x31, 0x32, 0x00, 0x33, 0x34, 0x35, 0x36, 0x37, 0x38, 0x10, _NEXT_,
	0x00, 0x00, 0x00, 0x00, 0x00, 0x00, 0x00, 0x00, 0x00, 0x00, 0x00, 0x00, 0x00, 0x00, 0x00, 0x00, 0x00, 0x00, 0x00, 0x00, 0x00, 0x39, 0x3A, 0x3B, 0x10, 0x10, 0x10, 0x10, 0x10, 0x10, _NEXT_,
	0x00, 0x00, 0x00, 0x00, 0x00, 0x00, 0x00, 0x00, 0x00, 0x00, 0x00, 0x00, 0x00, 0x00, 0x00, 0x00, 0x00, 0x00, 0x00, 0x00, 0x3C, 0x3D, 0x10, 0x18, 0x3E, 0x3F, 0x40, 0x41, 0x42, 0x43, _NEXT_,
	0x00, 0x00, 0x00, 0x00, 0x00, 0x00, 0x00, 0x00, 0x00, 0x00, 0x00, 0x00, 0x00, 0x00, 0x00, 0x00, 0x00, 0x00, 0x00, 0x44, 0x45, 0x46, 0x47, 0x48, 0x00, 0x00, 0x00, 0x00, 0x49, 0x4A, _NEXT_,
	0x00, 0x00, 0x00, 0x00, 0x00, 0x00, 0x00, 0x00, 0x00, 0x00, 0x00, 0x00, 0x00, 0x00, 0x00, 0x00, 0x00, 0x00, 0x4B, 0x4C, 0x4D, 0x4E, 0x00, 0x00, 0x00, 0x00, 0x00, 0x00, 0x4F, 0x00, _NEXT_,
	0x00, 0x00, 0x00, 0x00, 0x00, 0x00, 0x00, 0x00, 0x00, 0x00, 0x00, 0x00, 0x00, 0x00, 0x00, 0x00, 0x00, 0x00, 0x50, 0x00, 0x00, 0x00, 0x00, 0x00, 0x00, 0x00, 0x00, 0x00, 0x00, 0x00, _NEXT_,
	0x00, 0x51, 0x52, 0x53, 0x53, 0x53, 0x54, 0x55, 0x56, 0x57, 0x57, 0x58, 0x59, 0x53, 0x53, 0x53, 0x53, 0x53, 0x53, 0x5A, 0x5B, 0x57, 0x57, 0x57, 0x5C, 0x5D, 0x53, 0x53, 0x53, 0x5E, _NEXT_,
	0x00, 0x5F, 0x10, 0x60, 0x61, 0x61, 0x62, 0x63, 0x10, 0x64, 0x10, 0x65, 0x66, 0x10, 0x10, 0x10, 0x10, 0x10, 0x10, 0x67, 0x68, 0x10, 0x69, 0x6A, 0x6B, 0x10, 0x6C, 0x6D, 0x10, 0x6E, _NEXT_,
	0x00, 0x6F, 0x10, 0x70, 0x00, 0x00, 0x71, 0x72, 0x10, 0x73, 0x10, 0x74, 0x75, 0x76, 0x77, 0x10, 0x78, 0x79, 0x10, 0x7A, 0x7B, 0x10, 0x7C, 0x7D, 0x7E, 0x10, 0x7F, 0x80, 0x81, 0x82, _NEXT_,
	0x83, 0x7B, 0x84, 0x85, 0x86, 0x87, 0x88, 0x10, 0x89, 0x10, 0x76, 0x8A, 0x10, 0x8B, 0x8C, 0x10, 0x8D, 0x8E, 0x8F, 0x90, 0x10, 0x91, 0x92, 0x93, 0x94, 0x84, 0x95, 0x96, 0x97, 0x98, _NEXT_,
	0x99, 0x10, 0x9A, 0x9B, 0x10, 0x9C, 0x9D, 0x10, 0x9E, 0x10, 0x9F, 0xA0, 0x10, 0xA1, 0x8E, 0xA2, 0xA3, 0x10, 0xA4, 0xA5, 0x10, 0xA6, 0xA7, 0xA8, 0x10, 0xA9, 0xAA, 0x10, 0xAB, 0xAC, _NEXT_,
	0xAD, 0xAE, 0xAE, 0xAE, 0xAF, 0xB0, 0xAE, 0xB1, 0xB2, 0xAE, 0xB3, 0xB4, 0xB5, 0xB6, 0xAE, 0xB7, 0xB8, 0xAE, 0xB9, 0xAE, 0xAE, 0xAE, 0xBA, 0xBB, 0xAE, 0xAE, 0xAE, 0xBC, 0xBD, 0xBE, _END_,

};

BYTE code tiOSD_1BIT_LOGO1[] =
{
	0x00, 0x01, 0x02, 0x00, 0x03, 0x04, 0x00, 0x00, 0x00, 0x00, 0x00, 0x00, 0x00, 0x00, 0x00, 0x00, 0x00, 0x00, 0x00, 0x00, 0x00, 0x00, 0x00, 0x00, 0x00, 0x00, 0x00, 0x00, 0x00, 0x00, _NEXT_,
	0x05, 0x06, 0x07, 0x08, 0x09, 0x0A, 0x00, 0x00, 0x00, 0x00, 0x00, 0x00, 0x00, 0x00, 0x00, 0x00, 0x00, 0x00, 0x00, 0x00, 0x00, 0x00, 0x00, 0x00, 0x00, 0x00, 0x00, 0x00, 0x00, 0x00, _NEXT_,
	0x0B, 0x0B, 0x0B, 0x0B, 0x0C, 0x0D, 0x0E, 0x0F, 0x10, 0x11, 0x12, 0x13, 0x00, 0x00, 0x00, 0x00, 0x00, 0x00, 0x00, 0x00, 0x00, 0x00, 0x00, 0x00, 0x00, 0x00, 0x00, 0x00, 0x00, 0x00, _NEXT_,
	0x0B, 0x0B, 0x0B, 0x0B, 0x0B, 0x0B, 0x0B, 0x0B, 0x14, 0x15, 0x16, 0x17, 0x00, 0x00, 0x00, 0x00, 0x00, 0x00, 0x00, 0x00, 0x00, 0x00, 0x00, 0x00, 0x00, 0x00, 0x00, 0x00, 0x00, 0x00, _NEXT_,
	0x0B, 0x0B, 0x0B, 0x0B, 0x0B, 0x0B, 0x0B, 0x0B, 0x18, 0x00, 0x00, 0x00, 0x00, 0x00, 0x00, 0x00, 0x00, 0x00, 0x00, 0x00, 0x00, 0x00, 0x00, 0x00, 0x00, 0x00, 0x00, 0x00, 0x00, 0x00, _NEXT_,
	0x0B, 0x0B, 0x0B, 0x0B, 0x0B, 0x0B, 0x0B, 0x0B, 0x19, 0x00, 0x00, 0x00, 0x00, 0x00, 0x00, 0x00, 0x00, 0x00, 0x00, 0x00, 0x00, 0x00, 0x00, 0x00, 0x00, 0x00, 0x00, 0x00, 0x00, 0x00, _NEXT_,
	0x1A, 0x1B, 0x1C, 0x0B, 0x0B, 0x0B, 0x0B, 0x0B, 0x1D, 0x1E, 0x00, 0x00, 0x00, 0x00, 0x00, 0x00, 0x00, 0x00, 0x00, 0x00, 0x00, 0x00, 0x00, 0x00, 0x00, 0x00, 0x00, 0x00, 0x00, 0x00, _NEXT_,
	0x00, 0x1F, 0x20, 0x0B, 0x0B, 0x0B, 0x0B, 0x0B, 0x0B, 0x21, 0x00, 0x00, 0x00, 0x00, 0x00, 0x00, 0x00, 0x00, 0x00, 0x00, 0x00, 0x00, 0x00, 0x00, 0x00, 0x00, 0x00, 0x00, 0x00, 0x00, _NEXT_,
	0x22, 0x23, 0x0B, 0x0B, 0x0B, 0x0B, 0x0B, 0x0B, 0x0B, 0x24, 0x00, 0x00, 0x00, 0x00, 0x00, 0x00, 0x00, 0x00, 0x00, 0x00, 0x00, 0x00, 0x00, 0x00, 0x00, 0x00, 0x00, 0x00, 0x00, 0x00, _NEXT_,
	0x25, 0x0B, 0x0B, 0x0B, 0x0B, 0x0B, 0x0B, 0x0B, 0x26, 0x00, 0x00, 0x00, 0x00, 0x00, 0x00, 0x00, 0x00, 0x00, 0x00, 0x00, 0x00, 0x00, 0x00, 0x00, 0x00, 0x00, 0x00, 0x00, 0x00, 0x00, _NEXT_,
	0x0B, 0x0B, 0x0B, 0x0B, 0x0B, 0x0B, 0x27, 0x28, 0x29, 0x00, 0x00, 0x00, 0x00, 0x00, 0x00, 0x00, 0x00, 0x00, 0x00, 0x00, 0x00, 0x00, 0x00, 0x00, 0x00, 0x00, 0x00, 0x00, 0x00, 0x00, _NEXT_,
	0x0B, 0x0B, 0x0B, 0x0B, 0x2A, 0x2B, 0x2C, 0x2D, 0x00, 0x00, 0x00, 0x00, 0x00, 0x00, 0x00, 0x00, 0x00, 0x00, 0x00, 0x00, 0x00, 0x00, 0x00, 0x00, 0x00, 0x00, 0x00, 0x00, 0x00, 0x00, _NEXT_,
	0x2E, 0x2F, 0x30, 0x31, 0x32, 0x33, 0x34, 0x00, 0x00, 0x00, 0x00, 0x00, 0x00, 0x00, 0x00, 0x00, 0x00, 0x00, 0x00, 0x00, 0x00, 0x00, 0x00, 0x00, 0x00, 0x00, 0x00, 0x00, 0x00, 0x00, _NEXT_,
	0x35, 0x00, 0x00, 0x00, 0x00, 0x00, 0x00, 0x00, 0x00, 0x00, 0x00, 0x00, 0x00, 0x00, 0x00, 0x00, 0x00, 0x00, 0x00, 0x00, 0x00, 0x00, 0x00, 0x00, 0x00, 0x00, 0x00, 0x00, 0x00, 0x00, _NEXT_,
	0x00, 0x00, 0x00, 0x00, 0x00, 0x00, 0x00, 0x00, 0x00, 0x00, 0x00, 0x00, 0x00, 0x00, 0x00, 0x00, 0x00, 0x00, 0x00, 0x00, 0x00, 0x00, 0x00, 0x00, 0x00, 0x00, 0x00, 0x00, 0x00, 0x00, _NEXT_,
	0x00, 0x00, 0x00, 0x00, 0x00, 0x00, 0x00, 0x00, 0x00, 0x00, 0x00, 0x00, 0x00, 0x00, 0x00, 0x00, 0x00, 0x00, 0x00, 0x00, 0x00, 0x00, 0x00, 0x00, 0x00, 0x00, 0x00, 0x00, 0x00, 0x00, _NEXT_,
	0x36, 0x37, 0x37, 0x37, 0x38, 0x39, 0x3A, 0x37, 0x37, 0x3B, 0x3C, 0x3D, 0x37, 0x37, 0x3E, 0x3F, 0x37, 0x37, 0x37, 0x37, 0x40, 0x41, 0x37, 0x37, 0x42, 0x43, 0x37, 0x37, 0x37, 0x44, _NEXT_,
	0x45, 0x46, 0x47, 0x0B, 0x48, 0x49, 0x0B, 0x4A, 0x0B, 0x4B, 0x4C, 0x0B, 0x4D, 0x4E, 0x4F, 0x50, 0x51, 0x0B, 0x52, 0x53, 0x54, 0x0B, 0x55, 0x53, 0x56, 0x57, 0x58, 0x59, 0x0B, 0x5A, _NEXT_,
	0x0B, 0x5B, 0x5C, 0x0B, 0x5D, 0x5E, 0x5F, 0x60, 0x0B, 0x61, 0x62, 0x0B, 0x63, 0x64, 0x65, 0x00, 0x66, 0x0B, 0x67, 0x00, 0x68, 0x0B, 0x69, 0x64, 0x6A, 0x6B, 0x6C, 0x6D, 0x0B, 0x6E, _NEXT_,
	0x0B, 0x6F, 0x0B, 0x70, 0x71, 0x0B, 0x72, 0x73, 0x74, 0x75, 0x76, 0x76, 0x77, 0x0B, 0x78, 0x1F, 0x79, 0x74, 0x7A, 0x7B, 0x79, 0x7C, 0x76, 0x7D, 0x7E, 0x0B, 0x0B, 0x0B, 0x7F, 0x80, _NEXT_,
	0x81, 0x82, 0x0B, 0x83, 0x84, 0x0B, 0x85, 0x0B, 0x86, 0x87, 0x88, 0x89, 0x8A, 0x8B, 0x8C, 0x8D, 0x0B, 0x8E, 0x00, 0x8F, 0x0B, 0x90, 0x91, 0x92, 0x93, 0x94, 0x95, 0x0B, 0x96, 0x00, _NEXT_,
	0x97, 0x97, 0x98, 0x99, 0x9A, 0x97, 0x97, 0x9B, 0x9C, 0x9D, 0x97, 0x97, 0x9E, 0x9F, 0x00, 0xA0, 0x97, 0xA1, 0x00, 0xA2, 0x97, 0x97, 0x97, 0xA3, 0x97, 0xA4, 0xA5, 0x97, 0xA6, 0x00, _END_,

};



#elif(_LOGO_TYPE == _LOGO_FUEGO)
BYTE code tiOSD_1BIT_LOGO0[] =
{
	
	0x00, 0x00, 0x00, 0x00, 0x00, 0x00, 0x00, 0x00, 0x00, 0x00, 0x00, 0x00, 0x00, 0x00, 0x00, 0x00, 0x00, 0x00, 0x00, 0x00, 0x00, 0x00, 0x01, 0x02, 0x00, 0x00, 0x00, 0x00, 0x00, 0x00, _NEXT_,
	0x00, 0x00, 0x00, 0x00, 0x00, 0x00, 0x00, 0x00, 0x00, 0x00, 0x00, 0x00, 0x00, 0x00, 0x00, 0x00, 0x00, 0x00, 0x00, 0x00, 0x00, 0x00, 0x03, 0x04, 0x05, 0x00, 0x00, 0x00, 0x00, 0x00, _NEXT_,
	0x00, 0x00, 0x00, 0x00, 0x00, 0x00, 0x00, 0x00, 0x00, 0x00, 0x00, 0x00, 0x00, 0x00, 0x00, 0x00, 0x00, 0x00, 0x00, 0x00, 0x00, 0x00, 0x06, 0x07, 0x08, 0x09, 0x00, 0x00, 0x00, 0x00, _NEXT_,
	0x00, 0x00, 0x00, 0x00, 0x00, 0x00, 0x00, 0x00, 0x00, 0x00, 0x00, 0x00, 0x00, 0x00, 0x00, 0x00, 0x00, 0x00, 0x00, 0x00, 0x00, 0x0A, 0x07, 0x07, 0x07, 0x0B, 0x0C, 0x00, 0x00, 0x00, _NEXT_,
	0x00, 0x00, 0x00, 0x00, 0x00, 0x00, 0x00, 0x00, 0x00, 0x00, 0x00, 0x00, 0x00, 0x00, 0x00, 0x00, 0x00, 0x00, 0x00, 0x00, 0x0D, 0x0E, 0x07, 0x07, 0x07, 0x07, 0x0F, 0x10, 0x00, 0x00, _NEXT_,
	0x00, 0x00, 0x00, 0x00, 0x00, 0x00, 0x00, 0x00, 0x00, 0x00, 0x00, 0x00, 0x00, 0x00, 0x00, 0x00, 0x00, 0x00, 0x00, 0x11, 0x12, 0x07, 0x07, 0x07, 0x07, 0x07, 0x07, 0x13, 0x00, 0x00, _NEXT_,
	0x00, 0x00, 0x00, 0x00, 0x00, 0x00, 0x00, 0x00, 0x00, 0x00, 0x00, 0x00, 0x00, 0x00, 0x00, 0x00, 0x00, 0x00, 0x14, 0x15, 0x07, 0x07, 0x07, 0x07, 0x07, 0x07, 0x07, 0x16, 0x00, 0x00, _NEXT_,
	0x00, 0x17, 0x18, 0x00, 0x00, 0x00, 0x00, 0x00, 0x00, 0x00, 0x00, 0x00, 0x00, 0x00, 0x00, 0x00, 0x19, 0x1A, 0x1B, 0x07, 0x07, 0x07, 0x07, 0x07, 0x07, 0x07, 0x07, 0x1C, 0x00, 0x00, _NEXT_,
	0x00, 0x1D, 0x1E, 0x1F, 0x20, 0x21, 0x22, 0x23, 0x00, 0x00, 0x00, 0x00, 0x00, 0x00, 0x24, 0x25, 0x26, 0x07, 0x07, 0x07, 0x07, 0x07, 0x07, 0x07, 0x07, 0x07, 0x27, 0x28, 0x00, 0x00, _NEXT_,
	0x00, 0x00, 0x29, 0x07, 0x07, 0x07, 0x07, 0x2A, 0x2B, 0x00, 0x00, 0x00, 0x2C, 0x2D, 0x2E, 0x07, 0x07, 0x07, 0x07, 0x07, 0x07, 0x07, 0x07, 0x07, 0x07, 0x2F, 0x30, 0x00, 0x31, 0x00, _NEXT_,
	0x00, 0x00, 0x32, 0x07, 0x07, 0x07, 0x07, 0x07, 0x33, 0x00, 0x19, 0x34, 0x35, 0x07, 0x07, 0x07, 0x07, 0x07, 0x07, 0x07, 0x07, 0x07, 0x07, 0x36, 0x37, 0x38, 0x00, 0x39, 0x3A, 0x3B, _NEXT_,
	0x00, 0x00, 0x3C, 0x07, 0x07, 0x07, 0x07, 0x07, 0x3D, 0x3E, 0x3F, 0x07, 0x07, 0x07, 0x07, 0x07, 0x07, 0x07, 0x07, 0x40, 0x41, 0x42, 0x43, 0x44, 0x00, 0x19, 0x45, 0x46, 0x07, 0x47, _NEXT_,
	0x00, 0x00, 0x48, 0x07, 0x07, 0x07, 0x07, 0x07, 0x49, 0x4A, 0x07, 0x07, 0x07, 0x07, 0x07, 0x07, 0x4B, 0x4C, 0x4D, 0x4E, 0x00, 0x4F, 0x50, 0x51, 0x52, 0x53, 0x07, 0x07, 0x07, 0x54, _NEXT_,
	0x00, 0x55, 0x07, 0x07, 0x07, 0x07, 0x07, 0x56, 0x57, 0x58, 0x07, 0x07, 0x07, 0x07, 0x2F, 0x59, 0x5A, 0x5B, 0x5C, 0x5D, 0x5E, 0x07, 0x07, 0x07, 0x07, 0x07, 0x07, 0x07, 0x07, 0x5F, _NEXT_,
	0x60, 0x61, 0x07, 0x07, 0x07, 0x07, 0x07, 0x62, 0x63, 0x07, 0x07, 0x07, 0x07, 0x64, 0x65, 0x66, 0x67, 0x07, 0x07, 0x07, 0x07, 0x07, 0x07, 0x07, 0x07, 0x07, 0x07, 0x07, 0x68, 0x69, _NEXT_,
	0x6A, 0x07, 0x07, 0x07, 0x07, 0x07, 0x07, 0x6B, 0x6C, 0x07, 0x07, 0x07, 0x6D, 0x6E, 0x6F, 0x07, 0x07, 0x07, 0x70, 0x71, 0x72, 0x73, 0x74, 0x07, 0x07, 0x07, 0x75, 0x76, 0x77, 0x00, _NEXT_,
	0x78, 0x79, 0x07, 0x07, 0x07, 0x07, 0x07, 0x0B, 0x7A, 0x7B, 0x07, 0x7C, 0x7D, 0x07, 0x7E, 0x7F, 0x80, 0x81, 0x82, 0x00, 0x00, 0x00, 0x00, 0x83, 0x84, 0x85, 0x00, 0x00, 0x00, 0x00, _NEXT_,
	0x00, 0x86, 0x07, 0x07, 0x07, 0x07, 0x07, 0x07, 0x87, 0x88, 0x89, 0x8A, 0x8B, 0x8C, 0x00, 0x00, 0x00, 0x00, 0x00, 0x00, 0x00, 0x00, 0x00, 0x00, 0x00, 0x00, 0x00, 0x00, 0x00, 0x00, _NEXT_,
	0x00, 0x8D, 0x8E, 0x07, 0x07, 0x07, 0x07, 0x07, 0x8F, 0x90, 0x91, 0x92, 0x00, 0x00, 0x00, 0x00, 0x00, 0x00, 0x00, 0x00, 0x00, 0x00, 0x00, 0x00, 0x00, 0x00, 0x00, 0x00, 0x00, 0x00, _NEXT_,
	0x00, 0x00, 0x93, 0x94, 0x95, 0x07, 0x07, 0x07, 0x07, 0x96, 0x97, 0x00, 0x00, 0x00, 0x00, 0x00, 0x00, 0x00, 0x00, 0x00, 0x00, 0x00, 0x00, 0x00, 0x00, 0x00, 0x00, 0x00, 0x00, 0x00, _NEXT_,
	0x00, 0x00, 0x00, 0x00, 0x98, 0x99, 0x9A, 0x9B, 0x9C, 0x9D, 0x9E, 0x9F, 0xA0, 0x00, 0x00, 0x00, 0x00, 0x00, 0x00, 0x00, 0x00, 0x00, 0x00, 0x00, 0x00, 0x00, 0x00, 0x00, 0x00, 0x00, _NEXT_,
	0x00, 0x00, 0x00, 0x00, 0x00, 0x00, 0x00, 0x00, 0x00, 0x00, 0x00, 0xA1, 0xA2, 0xA3, 0xA4, 0xA5, 0x00, 0x00, 0x00, 0x00, 0x00, 0x00, 0x00, 0x00, 0x00, 0x00, 0x00, 0x00, 0x00, 0x00, _NEXT_,
	0x00, 0x00, 0x00, 0x00, 0x00, 0x00, 0x00, 0x00, 0x00, 0x00, 0x00, 0x00, 0xA6, 0xA7, 0x07, 0xA8, 0xA9, 0x00, 0x00, 0x00, 0x00, 0x00, 0x00, 0x00, 0x00, 0x00, 0x00, 0x00, 0x00, 0x00, _NEXT_,
	0x00, 0x00, 0x00, 0x00, 0x00, 0x00, 0x00, 0x00, 0x00, 0x00, 0x00, 0x00, 0x00, 0xAA, 0x07, 0x07, 0x07, 0xAB, 0x00, 0x00, 0x00, 0x00, 0x00, 0x00, 0x00, 0x00, 0x00, 0x00, 0x00, 0x00, _NEXT_,
	0x00, 0x00, 0x00, 0x00, 0x00, 0x00, 0x00, 0x00, 0x00, 0x00, 0x00, 0x00, 0x00, 0xAC, 0x07, 0x07, 0x07, 0x07, 0xAD, 0x00, 0x00, 0x00, 0x00, 0x00, 0x00, 0x00, 0x00, 0x00, 0x00, 0x00, _NEXT_,
	0x00, 0x00, 0x00, 0x00, 0x00, 0x00, 0x00, 0x00, 0x00, 0x00, 0x00, 0x00, 0xAE, 0xAF, 0x07, 0x07, 0x07, 0x07, 0xB0, 0xB1, 0x00, 0x00, 0x00, 0x00, 0x00, 0x00, 0x00, 0x00, 0x00, 0x00, _NEXT_,
	0x00, 0x00, 0x00, 0x00, 0x00, 0x00, 0x00, 0x00, 0x00, 0x00, 0x00, 0x19, 0xB2, 0x07, 0x07, 0x07, 0x07, 0x07, 0x07, 0xB3, 0x00, 0x00, 0x00, 0x00, 0x00, 0x00, 0x00, 0x00, 0x00, 0x00, _NEXT_,
	0x00, 0x00, 0x00, 0x00, 0x00, 0x00, 0x00, 0x00, 0x00, 0x00, 0x00, 0xB4, 0x07, 0x07, 0x07, 0x07, 0x07, 0x07, 0x07, 0xB5, 0x00, 0x00, 0x00, 0x00, 0x00, 0x00, 0x00, 0x00, 0x00, 0x00, _NEXT_,
	0x00, 0x00, 0x00, 0x00, 0x00, 0x00, 0x00, 0x00, 0x00, 0x00, 0x00, 0xB6, 0x07, 0x07, 0x07, 0x07, 0x07, 0x07, 0xB7, 0xB8, 0x00, 0x00, 0x00, 0x00, 0x00, 0x00, 0x00, 0x00, 0x00, 0x00, _NEXT_,
	0x00, 0x00, 0x00, 0x00, 0x00, 0x00, 0x00, 0x00, 0x00, 0x00, 0x00, 0x00, 0xB9, 0xBA, 0x07, 0x07, 0x07, 0xBB, 0xBC, 0x00, 0x00, 0x00, 0x00, 0x00, 0x00, 0x00, 0x00, 0x00, 0x00, 0x00, _NEXT_,
	0x00, 0x00, 0x00, 0x00, 0x00, 0x00, 0x00, 0x00, 0x00, 0x00, 0x00, 0x00, 0x00, 0xBD, 0xBE, 0xBF, 0xC0, 0xC1, 0x00, 0x00, 0x00, 0x00, 0x00, 0x00, 0x00, 0x00, 0x00, 0x00, 0x00, 0x00, _END_,
};

BYTE code tiOSD_1BIT_LOGO1[] =
{
	
	
	0x00, 0x00, 0x00, 0x00, 0x00, 0x00, 0x00, 0x00, 0x00, 0x00, 0x00, 0x00, 0x00, 0x00, 0x00, 0x00, 0x00, 0x00, 0x00, 0x00, 0x00, 0x00, 0x00, 0x00, 0x00, 0x00, 0x00, 0x00, 0x00, 0x00, 0x00, 0x00, 0x00, 0x00, 0x00, 0x00, 0x00, 0x00, 0x00, 0x00, 0x00, 0x00, 0x00, 0x00, 0x00, 0x00, 0x00, 0x00, 0x00, 0x00, 0x00, 0x00, 0x00, 0x00, 0x00, 0x00, 0x00, 0x00, 0x00, 0x00, 0x00, 0x00, 0x00, 0x00, 0x00, 0x00, 0x00, 0x00, 0x00, 0x00, 0x00, _NEXT_,
	0x00, 0x00, 0x00, 0x00, 0x00, 0x00, 0x00, 0x00, 0x00, 0x00, 0x00, 0x00, 0x00, 0x00, 0x00, 0x00, 0x00, 0x00, 0x00, 0x00, 0x00, 0x00, 0x00, 0x00, 0x00, 0x00, 0x00, 0x00, 0x00, 0x00, 0x00, 0x00, 0x00, 0x00, 0x00, 0x00, 0x00, 0x00, 0x00, 0x00, 0x00, 0x00, 0x00, 0x00, 0x00, 0x00, 0x00, 0x00, 0x00, 0x00, 0x00, 0x00, 0x00, 0x00, 0x00, 0x00, 0x00, 0x00, 0x00, 0x00, 0x00, 0x00, 0x00, 0x00, 0x00, 0x00, 0x00, 0x00, 0x00, 0x00, 0x00, _NEXT_,
	0x00, 0x00, 0x00, 0x00, 0x00, 0x00, 0x00, 0x00, 0x00, 0x00, 0x00, 0x00, 0x00, 0x00, 0x00, 0x00, 0x00, 0x00, 0x00, 0x00, 0x00, 0x00, 0x00, 0x00, 0x00, 0x00, 0x00, 0x00, 0x00, 0x00, 0x00, 0x00, 0x00, 0x00, 0x00, 0x00, 0x00, 0x00, 0x00, 0x00, 0x00, 0x00, 0x00, 0x00, 0x00, 0x00, 0x00, 0x00, 0x00, 0x00, 0x00, 0x00, 0x00, 0x00, 0x00, 0x00, 0x00, 0x00, 0x00, 0x00, 0x00, 0x00, 0x00, 0x00, 0x00, 0x00, 0x00, 0x00, 0x00, 0x00, 0x00, _NEXT_,
	0x00, 0x00, 0x00, 0x00, 0x00, 0x00, 0x00, 0x00, 0x00, 0x00, 0x00, 0x00, 0x00, 0x00, 0x00, 0x00, 0x00, 0x00, 0x00, 0x00, 0x00, 0x00, 0x00, 0x00, 0x00, 0x00, 0x00, 0x00, 0x00, 0x00, 0x00, 0x00, 0x00, 0x00, 0x00, 0x00, 0x00, 0x00, 0x00, 0x00, 0x00, 0x00, 0x00, 0x00, 0x00, 0x00, 0x00, 0x00, 0x00, 0x00, 0x00, 0x00, 0x00, 0x00, 0x00, 0x00, 0x00, 0x00, 0x00, 0x00, 0x00, 0x00, 0x00, 0x00, 0x00, 0x00, 0x00, 0x00, 0x00, 0x00, 0x00, _NEXT_,
	0x00, 0x00, 0x00, 0x00, 0x00, 0x00, 0x00, 0x00, 0x00, 0x00, 0x00, 0x00, 0x00, 0x00, 0x00, 0x00, 0x00, 0x00, 0x00, 0x00, 0x00, 0x00, 0x00, 0x00, 0x00, 0x00, 0x00, 0x00, 0x00, 0x00, 0x00, 0x00, 0x00, 0x00, 0x00, 0x00, 0x00, 0x00, 0x00, 0x00, 0x00, 0x00, 0x00, 0x00, 0x00, 0x00, 0x00, 0x00, 0x00, 0x00, 0x00, 0x00, 0x00, 0x00, 0x00, 0x00, 0x00, 0x00, 0x00, 0x00, 0x00, 0x00, 0x00, 0x00, 0x00, 0x00, 0x00, 0x00, 0x00, 0x00, 0x00, _NEXT_,
	0x00, 0x00, 0x00, 0x00, 0x00, 0x00, 0x00, 0x00, 0x00, 0x00, 0x00, 0x00, 0x00, 0x00, 0x00, 0x00, 0x00, 0x00, 0x00, 0x00, 0x00, 0x00, 0x00, 0x00, 0x00, 0x00, 0x00, 0x00, 0x00, 0x00, 0x00, 0x00, 0x00, 0x00, 0x00, 0x00, 0x00, 0x00, 0x00, 0x00, 0x00, 0x00, 0x00, 0x00, 0x00, 0x00, 0x00, 0x00, 0x00, 0x00, 0x00, 0x00, 0x00, 0x00, 0x00, 0x00, 0x00, 0x00, 0x00, 0x00, 0x00, 0x00, 0x00, 0x00, 0x00, 0x00, 0x00, 0x00, 0x00, 0x00, 0x00, _NEXT_,
	0x00, 0x00, 0x00, 0x00, 0x00, 0x00, 0x00, 0x00, 0x00, 0x00, 0x00, 0x00, 0x00, 0x00, 0x00, 0x00, 0x00, 0x00, 0x00, 0x00, 0x00, 0x00, 0x00, 0x00, 0x00, 0x00, 0x00, 0x00, 0x00, 0x00, 0x00, 0x00, 0x00, 0x00, 0x00, 0x00, 0x00, 0x00, 0x00, 0x00, 0x00, 0x00, 0x00, 0x00, 0x00, 0x00, 0x00, 0x00, 0x00, 0x00, 0x00, 0x00, 0x00, 0x00, 0x00, 0x00, 0x00, 0x00, 0x00, 0x00, 0x00, 0x00, 0x00, 0x00, 0x00, 0x00, 0x00, 0x00, 0x00, 0x00, 0x00, _NEXT_,
	0x00, 0x00, 0x00, 0x00, 0x00, 0x00, 0x00, 0x00, 0x00, 0x00, 0x00, 0x00, 0x00, 0x00, 0x00, 0x00, 0x00, 0x00, 0x00, 0x00, 0x00, 0x00, 0x00, 0x00, 0x00, 0x00, 0x00, 0x00, 0x00, 0x00, 0x00, 0x00, 0x00, 0x00, 0x00, 0x00, 0x00, 0x00, 0x00, 0x00, 0x00, 0x00, 0x00, 0x00, 0x00, 0x00, 0x00, 0x00, 0x00, 0x00, 0x00, 0x00, 0x00, 0x00, 0x00, 0x00, 0x00, 0x00, 0x00, 0x00, 0x00, 0x00, 0x00, 0x00, 0x00, 0x00, 0x00, 0x00, 0x00, 0x00, 0x00, _NEXT_,
	0x00, 0x00, 0x00, 0x00, 0x00, 0x00, 0x00, 0x00, 0x00, 0x00, 0x00, 0x00, 0x00, 0x00, 0x00, 0x00, 0x00, 0x00, 0x00, 0x00, 0x00, 0x00, 0x00, 0x00, 0x00, 0x00, 0x00, 0x00, 0x00, 0x00, 0x00, 0x00, 0x00, 0x00, 0x00, 0x00, 0x00, 0x00, 0x00, 0x00, 0x00, 0x00, 0x00, 0x00, 0x00, 0x00, 0x00, 0x00, 0x00, 0x00, 0x00, 0x00, 0x00, 0x00, 0x00, 0x00, 0x00, 0x00, 0x00, 0x00, 0x00, 0x00, 0x00, 0x00, 0x00, 0x00, 0x00, 0x00, 0x00, 0x00, 0x00, _NEXT_,
	0x00, 0x00, 0x00, 0x00, 0x00, 0x00, 0x00, 0x00, 0x00, 0x00, 0x00, 0x00, 0x00, 0x00, 0x00, 0x00, 0x00, 0x00, 0x00, 0x00, 0x00, 0x00, 0x00, 0x00, 0x00, 0x00, 0x00, 0x00, 0x00, 0x00, 0x00, 0x00, 0x00, 0x00, 0x00, 0x00, 0x00, 0x00, 0x00, 0x00, 0x00, 0x00, 0x00, 0x00, 0x00, 0x00, 0x00, 0x00, 0x00, 0x00, 0x00, 0x00, 0x00, 0x00, 0x00, 0x00, 0x00, 0x00, 0x00, 0x00, 0x00, 0x00, 0x00, 0x00, 0x00, 0x00, 0x00, 0x00, 0x00, 0x00, 0x00, _NEXT_,
	0x00, 0x00, 0x00, 0x00, 0x00, 0x00, 0x00, 0x00, 0x00, 0x00, 0x00, 0x00, 0x00, 0x00, 0x00, 0x00, 0x00, 0x00, 0x00, 0x00, 0x00, 0x00, 0x00, 0x00, 0x00, 0x00, 0x00, 0x00, 0x00, 0x00, 0x00, 0x00, 0x00, 0x00, 0x00, 0x00, 0x00, 0x00, 0x00, 0x00, 0x00, 0x00, 0x00, 0x00, 0x00, 0x00, 0x00, 0x00, 0x00, 0x00, 0x00, 0x00, 0x00, 0x00, 0x00, 0x00, 0x00, 0x00, 0x00, 0x00, 0x00, 0x00, 0x00, 0x00, 0x00, 0x00, 0x00, 0x00, 0x00, 0x00, 0x00, _NEXT_,
	0x00, 0x00, 0x00, 0x00, 0x00, 0x00, 0x00, 0x00, 0x00, 0x00, 0x00, 0x00, 0x00, 0x00, 0x00, 0x00, 0x00, 0x00, 0x00, 0x00, 0x00, 0x00, 0x00, 0x00, 0x00, 0x00, 0x00, 0x00, 0x00, 0x00, 0x00, 0x00, 0x00, 0x00, 0x00, 0x00, 0x00, 0x00, 0x00, 0x00, 0x00, 0x00, 0x00, 0x00, 0x00, 0x00, 0x00, 0x00, 0x00, 0x00, 0x00, 0x00, 0x00, 0x00, 0x00, 0x00, 0x00, 0x00, 0x00, 0x00, 0x00, 0x00, 0x00, 0x00, 0x00, 0x00, 0x00, 0x00, 0x00, 0x00, 0x00, _NEXT_,
	0x00, 0x00, 0x00, 0x00, 0x00, 0x00, 0x00, 0x00, 0x00, 0x00, 0x00, 0x00, 0x00, 0x00, 0x00, 0x00, 0x00, 0x00, 0x00, 0x00, 0x00, 0x00, 0x00, 0x00, 0x00, 0x00, 0x00, 0x00, 0x00, 0x00, 0x00, 0x00, 0x00, 0x00, 0x00, 0x00, 0x00, 0x00, 0x00, 0x00, 0x00, 0x00, 0x00, 0x00, 0x00, 0x00, 0x00, 0x00, 0x00, 0x00, 0x00, 0x00, 0x00, 0x00, 0x00, 0x00, 0x00, 0x00, 0x00, 0x00, 0x00, 0x00, 0x00, 0x00, 0x00, 0x00, 0x00, 0x00, 0x00, 0x00, 0x00, _NEXT_,
	0x00, 0x00, 0x00, 0x00, 0x00, 0x00, 0x01, 0x02, 0x02, 0x02, 0x02, 0x02, 0x02, 0x02, 0x02, 0x03, 0x04, 0x02, 0x02, 0x02, 0x05, 0x00, 0x00, 0x00, 0x06, 0x02, 0x02, 0x02, 0x00, 0x00, 0x07, 0x02, 0x02, 0x02, 0x02, 0x02, 0x02, 0x02, 0x02, 0x00, 0x00, 0x00, 0x00, 0x00, 0x08, 0x09, 0x0A, 0x0B, 0x0C, 0x0D, 0x0E, 0x00, 0x00, 0x00, 0x00, 0x00, 0x00, 0x00, 0x00, 0x00, 0x0F, 0x10, 0x11, 0x12, 0x13, 0x14, 0x15, 0x00, 0x00, 0x00, 0x00, _NEXT_,
	0x00, 0x00, 0x00, 0x00, 0x00, 0x00, 0x16, 0x17, 0x17, 0x17, 0x17, 0x17, 0x17, 0x17, 0x17, 0x18, 0x19, 0x17, 0x17, 0x17, 0x1A, 0x00, 0x00, 0x00, 0x1B, 0x17, 0x17, 0x17, 0x00, 0x00, 0x1C, 0x17, 0x17, 0x17, 0x17, 0x17, 0x17, 0x17, 0x17, 0x00, 0x00, 0x00, 0x1D, 0x1E, 0x1F, 0x17, 0x17, 0x17, 0x17, 0x17, 0x20, 0x21, 0x22, 0x00, 0x00, 0x00, 0x00, 0x00, 0x23, 0x24, 0x17, 0x17, 0x17, 0x17, 0x17, 0x17, 0x25, 0x26, 0x27, 0x00, 0x00, _NEXT_,
	0x00, 0x00, 0x00, 0x00, 0x00, 0x00, 0x16, 0x17, 0x17, 0x17, 0x17, 0x17, 0x17, 0x17, 0x17, 0x18, 0x19, 0x17, 0x17, 0x17, 0x1A, 0x00, 0x00, 0x00, 0x1B, 0x17, 0x17, 0x17, 0x00, 0x00, 0x1C, 0x17, 0x17, 0x17, 0x17, 0x17, 0x17, 0x17, 0x17, 0x00, 0x00, 0x28, 0x29, 0x17, 0x17, 0x17, 0x17, 0x17, 0x17, 0x17, 0x17, 0x17, 0x2A, 0x2B, 0x00, 0x00, 0x2C, 0x2D, 0x17, 0x17, 0x17, 0x17, 0x17, 0x17, 0x17, 0x17, 0x17, 0x17, 0x2E, 0x2F, 0x00, _NEXT_,
	0x00, 0x00, 0x00, 0x00, 0x00, 0x00, 0x16, 0x17, 0x17, 0x17, 0x30, 0x31, 0x31, 0x31, 0x31, 0x32, 0x19, 0x17, 0x17, 0x17, 0x1A, 0x00, 0x00, 0x00, 0x1B, 0x17, 0x17, 0x17, 0x00, 0x00, 0x1C, 0x17, 0x17, 0x17, 0x33, 0x34, 0x34, 0x34, 0x34, 0x00, 0x35, 0x36, 0x17, 0x17, 0x17, 0x37, 0x38, 0x39, 0x3A, 0x3B, 0x3C, 0x3D, 0x3E, 0x00, 0x00, 0x00, 0x3F, 0x17, 0x17, 0x17, 0x40, 0x41, 0x42, 0x43, 0x44, 0x45, 0x17, 0x17, 0x17, 0x46, 0x00, _NEXT_,
	0x00, 0x00, 0x00, 0x00, 0x00, 0x00, 0x16, 0x17, 0x17, 0x17, 0x47, 0x48, 0x48, 0x48, 0x48, 0x00, 0x19, 0x17, 0x17, 0x17, 0x1A, 0x00, 0x00, 0x00, 0x1B, 0x17, 0x17, 0x17, 0x00, 0x00, 0x1C, 0x17, 0x17, 0x17, 0x49, 0x4A, 0x4A, 0x4A, 0x4B, 0x00, 0x4C, 0x17, 0x17, 0x17, 0x4D, 0x00, 0x00, 0x4E, 0x48, 0x48, 0x48, 0x48, 0x48, 0x48, 0x4F, 0x00, 0x50, 0x17, 0x17, 0x51, 0x52, 0x00, 0x00, 0x00, 0x00, 0x53, 0x54, 0x17, 0x17, 0x17, 0x55, _NEXT_,
	0x00, 0x00, 0x00, 0x00, 0x00, 0x00, 0x16, 0x17, 0x17, 0x17, 0x17, 0x17, 0x17, 0x17, 0x17, 0x00, 0x19, 0x17, 0x17, 0x17, 0x1A, 0x00, 0x00, 0x00, 0x1B, 0x17, 0x17, 0x17, 0x00, 0x00, 0x1C, 0x17, 0x17, 0x17, 0x17, 0x17, 0x17, 0x17, 0x56, 0x00, 0x57, 0x17, 0x17, 0x17, 0x58, 0x00, 0x00, 0x59, 0x17, 0x17, 0x17, 0x17, 0x17, 0x17, 0x56, 0x5A, 0x17, 0x17, 0x17, 0x5B, 0x00, 0x00, 0x00, 0x00, 0x00, 0x00, 0x5C, 0x17, 0x17, 0x17, 0x5D, _NEXT_,
	0x00, 0x00, 0x00, 0x00, 0x00, 0x00, 0x16, 0x17, 0x17, 0x17, 0x17, 0x17, 0x17, 0x17, 0x17, 0x00, 0x19, 0x17, 0x17, 0x17, 0x5E, 0x00, 0x00, 0x00, 0x5F, 0x17, 0x17, 0x17, 0x00, 0x00, 0x1C, 0x17, 0x17, 0x17, 0x60, 0x61, 0x61, 0x61, 0x62, 0x00, 0x63, 0x17, 0x17, 0x17, 0x64, 0x65, 0x00, 0x66, 0x67, 0x67, 0x68, 0x17, 0x17, 0x17, 0x69, 0x00, 0x6A, 0x17, 0x17, 0x17, 0x6B, 0x00, 0x00, 0x00, 0x00, 0x6C, 0x6D, 0x17, 0x17, 0x6E, 0x6F, _NEXT_,
	0x00, 0x00, 0x00, 0x00, 0x00, 0x00, 0x16, 0x17, 0x17, 0x17, 0x70, 0x71, 0x71, 0x71, 0x71, 0x00, 0x72, 0x73, 0x17, 0x17, 0x74, 0x75, 0x76, 0x77, 0x17, 0x17, 0x17, 0x78, 0x00, 0x00, 0x1C, 0x17, 0x17, 0x17, 0x79, 0x48, 0x48, 0x48, 0x48, 0x7A, 0x7B, 0x7C, 0x17, 0x17, 0x17, 0x7D, 0x7E, 0x7F, 0x80, 0x81, 0x82, 0x17, 0x17, 0x83, 0x84, 0x00, 0x85, 0x86, 0x17, 0x17, 0x87, 0x88, 0x89, 0x8A, 0x8B, 0x8C, 0x17, 0x17, 0x17, 0x8D, 0x00, _NEXT_,
	0x00, 0x00, 0x00, 0x00, 0x00, 0x00, 0x16, 0x17, 0x17, 0x17, 0x8E, 0x00, 0x00, 0x00, 0x00, 0x00, 0x00, 0x8F, 0x17, 0x17, 0x17, 0x17, 0x17, 0x17, 0x17, 0x17, 0x90, 0x91, 0x00, 0x00, 0x1C, 0x17, 0x17, 0x17, 0x17, 0x17, 0x17, 0x17, 0x17, 0x18, 0x00, 0x92, 0x93, 0x17, 0x17, 0x17, 0x17, 0x17, 0x17, 0x17, 0x17, 0x17, 0x94, 0x95, 0x00, 0x00, 0x00, 0x96, 0x97, 0x17, 0x17, 0x17, 0x17, 0x17, 0x17, 0x17, 0x17, 0x98, 0x99, 0x9A, 0x00, _NEXT_,
	0x00, 0x00, 0x00, 0x00, 0x00, 0x00, 0x9B, 0x9C, 0x9C, 0x9C, 0x9D, 0x00, 0x00, 0x00, 0x00, 0x00, 0x00, 0x00, 0x9E, 0x9F, 0xA0, 0x17, 0x17, 0x17, 0xA1, 0xA2, 0xA3, 0x00, 0x00, 0x00, 0xA4, 0x9C, 0x9C, 0x9C, 0x9C, 0x9C, 0x9C, 0x9C, 0x9C, 0xA5, 0x00, 0x00, 0xA6, 0xA7, 0xA8, 0xA9, 0x17, 0x17, 0x17, 0xAA, 0xAB, 0xAC, 0xAD, 0x00, 0x00, 0x00, 0x00, 0x00, 0xAE, 0xAF, 0xB0, 0x86, 0x17, 0x17, 0x17, 0xB1, 0xB2, 0xB3, 0x00, 0x00, 0x00, _NEXT_,
	0x00, 0x00, 0x00, 0x00, 0x00, 0x00, 0x00, 0x00, 0x00, 0x00, 0x00, 0x00, 0x00, 0x00, 0x00, 0x00, 0x00, 0x00, 0x00, 0x00, 0xB4, 0xB5, 0x34, 0xB6, 0xB7, 0x00, 0x00, 0x00, 0x00, 0x00, 0x00, 0x00, 0x00, 0x00, 0x00, 0x00, 0x00, 0x00, 0x00, 0x00, 0x00, 0x00, 0x00, 0x00, 0x00, 0xA6, 0xB8, 0xB9, 0x39, 0xBA, 0x00, 0x00, 0x00, 0x00, 0x00, 0x00, 0x00, 0x00, 0x00, 0x00, 0x00, 0xBB, 0xBC, 0xBD, 0xBE, 0x00, 0x00, 0x00, 0x00, 0x00, 0x00, _NEXT_,
	0x00, 0x00, 0x00, 0x00, 0x00, 0x00, 0x00, 0x00, 0x00, 0x00, 0x00, 0x00, 0x00, 0x00, 0x00, 0x00, 0x00, 0x00, 0x00, 0x00, 0x00, 0x00, 0x00, 0x00, 0x00, 0x00, 0x00, 0x00, 0x00, 0x00, 0x00, 0x00, 0x00, 0x00, 0x00, 0x00, 0x00, 0x00, 0x00, 0x00, 0x00, 0x00, 0x00, 0x00, 0x00, 0x00, 0x00, 0x00, 0x00, 0x00, 0x00, 0x00, 0x00, 0x00, 0x00, 0x00, 0x00, 0x00, 0x00, 0x00, 0x00, 0x00, 0x00, 0x00, 0x00, 0x00, 0x00, 0x00, 0x00, 0x00, 0x00, _NEXT_,
	0x00, 0x00, 0x00, 0x00, 0x00, 0x00, 0x00, 0x00, 0x00, 0x00, 0x00, 0x00, 0x00, 0x00, 0x00, 0x00, 0x00, 0x00, 0x00, 0x00, 0x00, 0x00, 0x00, 0x00, 0x00, 0x00, 0x00, 0x00, 0x00, 0x00, 0x00, 0x00, 0x00, 0x00, 0x00, 0x00, 0x00, 0x00, 0x00, 0x00, 0x00, 0x00, 0x00, 0x00, 0x00, 0x00, 0x00, 0x00, 0x00, 0x00, 0x00, 0x00, 0x00, 0x00, 0x00, 0x00, 0x00, 0x00, 0x00, 0x00, 0x00, 0x00, 0x00, 0x00, 0x00, 0x00, 0x00, 0x00, 0x00, 0x00, 0x00, _NEXT_,
	0x00, 0x00, 0x00, 0x00, 0x00, 0x00, 0x00, 0x00, 0x00, 0x00, 0x00, 0x00, 0x00, 0x00, 0x00, 0x00, 0x00, 0x00, 0x00, 0x00, 0x00, 0x00, 0x00, 0x00, 0x00, 0x00, 0x00, 0x00, 0x00, 0x00, 0x00, 0x00, 0x00, 0x00, 0x00, 0x00, 0x00, 0x00, 0x00, 0x00, 0x00, 0x00, 0x00, 0x00, 0x00, 0x00, 0x00, 0x00, 0x00, 0x00, 0x00, 0x00, 0x00, 0x00, 0x00, 0x00, 0x00, 0x00, 0x00, 0x00, 0x00, 0x00, 0x00, 0x00, 0x00, 0x00, 0x00, 0x00, 0x00, 0x00, 0x00, _NEXT_,
	0x00, 0x00, 0x00, 0x00, 0x00, 0x00, 0x00, 0x00, 0x00, 0x00, 0x00, 0x00, 0x00, 0x00, 0x00, 0x00, 0x00, 0x00, 0x00, 0x00, 0x00, 0x00, 0x00, 0x00, 0x00, 0x00, 0x00, 0x00, 0x00, 0x00, 0x00, 0x00, 0x00, 0x00, 0x00, 0x00, 0x00, 0x00, 0x00, 0x00, 0x00, 0x00, 0x00, 0x00, 0x00, 0x00, 0x00, 0x00, 0x00, 0x00, 0x00, 0x00, 0x00, 0x00, 0x00, 0x00, 0x00, 0x00, 0x00, 0x00, 0x00, 0x00, 0x00, 0x00, 0x00, 0x00, 0x00, 0x00, 0x00, 0x00, 0x00, _NEXT_,
	0x00, 0x00, 0x00, 0x00, 0x00, 0x00, 0x00, 0x00, 0x00, 0x00, 0x00, 0x00, 0x00, 0x00, 0x00, 0x00, 0x00, 0x00, 0x00, 0x00, 0x00, 0x00, 0x00, 0x00, 0x00, 0x00, 0x00, 0x00, 0x00, 0x00, 0x00, 0x00, 0x00, 0x00, 0x00, 0x00, 0x00, 0x00, 0x00, 0x00, 0x00, 0x00, 0x00, 0x00, 0x00, 0x00, 0x00, 0x00, 0x00, 0x00, 0x00, 0x00, 0x00, 0x00, 0x00, 0x00, 0x00, 0x00, 0x00, 0x00, 0x00, 0x00, 0x00, 0x00, 0x00, 0x00, 0x00, 0x00, 0x00, 0x00, 0x00, _NEXT_,
	0x00, 0x00, 0x00, 0x00, 0x00, 0x00, 0x00, 0x00, 0x00, 0x00, 0x00, 0x00, 0x00, 0x00, 0x00, 0x00, 0x00, 0x00, 0x00, 0x00, 0x00, 0x00, 0x00, 0x00, 0x00, 0x00, 0x00, 0x00, 0x00, 0x00, 0x00, 0x00, 0x00, 0x00, 0x00, 0x00, 0x00, 0x00, 0x00, 0x00, 0x00, 0x00, 0x00, 0x00, 0x00, 0x00, 0x00, 0x00, 0x00, 0x00, 0x00, 0x00, 0x00, 0x00, 0x00, 0x00, 0x00, 0x00, 0x00, 0x00, 0x00, 0x00, 0x00, 0x00, 0x00, 0x00, 0x00, 0x00, 0x00, 0x00, 0x00, _NEXT_,
	0x00, 0x00, 0x00, 0x00, 0x00, 0x00, 0x00, 0x00, 0x00, 0x00, 0x00, 0x00, 0x00, 0x00, 0x00, 0x00, 0x00, 0x00, 0x00, 0x00, 0x00, 0x00, 0x00, 0x00, 0x00, 0x00, 0x00, 0x00, 0x00, 0x00, 0x00, 0x00, 0x00, 0x00, 0x00, 0x00, 0x00, 0x00, 0x00, 0x00, 0x00, 0x00, 0x00, 0x00, 0x00, 0x00, 0x00, 0x00, 0x00, 0x00, 0x00, 0x00, 0x00, 0x00, 0x00, 0x00, 0x00, 0x00, 0x00, 0x00, 0x00, 0x00, 0x00, 0x00, 0x00, 0x00, 0x00, 0x00, 0x00, 0x00, 0x00, _END_,

};


#elif(_LOGO_TYPE==_LOGO_ANTESPORTS)
BYTE code tiOSD_1BIT_LOGO0[]=
{
    0x00, 0x00, 0x00, 0x00, 0x00, 0x00, 0x00, 0x00, 0x00, 0x00, 0x01, 0x02, 0x03, 0x03, 0x04, 0x00, 0x05, 0x03, 0x03, 0x06, 0x00, 0x00, 0x00, 0x00, 0x07, 0x03, 0x03, 0x03, 0x03, 0x03, 0x03, 0x03, 0x03, 0x03, 0x08, 0x00, _NEXT_,
    0x00, 0x00, 0x00, 0x00, 0x00, 0x00, 0x00, 0x00, 0x00, 0x09, 0x0A, 0x0B, 0x0B, 0x0B, 0x0C, 0x0D, 0x0E, 0x0B, 0x0B, 0x0F, 0x00, 0x00, 0x00, 0x10, 0x11, 0x0B, 0x0B, 0x0B, 0x0B, 0x0B, 0x0B, 0x0B, 0x0B, 0x0B, 0x12, 0x00, _NEXT_,
    0x00, 0x00, 0x00, 0x00, 0x00, 0x00, 0x00, 0x00, 0x13, 0x14, 0x0B, 0x0B, 0x0B, 0x15, 0x00, 0x16, 0x0B, 0x0B, 0x0B, 0x17, 0x00, 0x00, 0x18, 0x19, 0x0B, 0x1A, 0x1B, 0x1C, 0x0B, 0x1D, 0x1E, 0x1E, 0x1E, 0x1F, 0x00, 0x00, _NEXT_,
    0x00, 0x00, 0x00, 0x00, 0x00, 0x00, 0x00, 0x20, 0x21, 0x22, 0x23, 0x0B, 0x0B, 0x24, 0x25, 0x0B, 0x26, 0x0B, 0x0B, 0x27, 0x00, 0x00, 0x28, 0x0B, 0x29, 0x2A, 0x2B, 0x0B, 0x2C, 0x2D, 0x00, 0x00, 0x00, 0x00, 0x00, 0x00, _NEXT_,
    0x00, 0x00, 0x00, 0x00, 0x00, 0x00, 0x2E, 0x2F, 0x30, 0x31, 0x32, 0x0B, 0x0B, 0x33, 0x34, 0x22, 0x35, 0x36, 0x0B, 0x37, 0x00, 0x38, 0x39, 0x22, 0x3A, 0x3B, 0x3C, 0x0B, 0x3D, 0x00, 0x00, 0x00, 0x00, 0x00, 0x00, 0x00, _NEXT_,
    0x00, 0x00, 0x00, 0x00, 0x3E, 0x3F, 0x0B, 0x40, 0x41, 0x00, 0x42, 0x0B, 0x43, 0x44, 0x0B, 0x45, 0x00, 0x46, 0x0B, 0x0B, 0x47, 0x48, 0x0B, 0x49, 0x0D, 0x4A, 0x0B, 0x4B, 0x4C, 0x00, 0x00, 0x00, 0x00, 0x00, 0x00, 0x00, _NEXT_,
    0x00, 0x00, 0x00, 0x4D, 0x4E, 0x0B, 0x4F, 0x50, 0x51, 0x00, 0x52, 0x22, 0x53, 0x0B, 0x54, 0x55, 0x00, 0x56, 0x0B, 0x0B, 0x57, 0x0B, 0x58, 0x55, 0x59, 0x0B, 0x5A, 0x5B, 0x00, 0x00, 0x00, 0x00, 0x00, 0x00, 0x00, 0x00, _NEXT_,
    0x00, 0x00, 0x5C, 0x5D, 0x0B, 0x5E, 0x5F, 0x60, 0x61, 0x00, 0x62, 0x63, 0x64, 0x65, 0x66, 0x00, 0x00, 0x67, 0x0B, 0x0B, 0x0B, 0x68, 0x69, 0x6A, 0x0B, 0x0B, 0x6B, 0x00, 0x00, 0x00, 0x00, 0x00, 0x00, 0x00, 0x00, 0x00, _NEXT_,
    0x00, 0x6C, 0x6D, 0x0B, 0x6E, 0x4C, 0x00, 0x00, 0x00, 0x00, 0x6F, 0x70, 0x0B, 0x71, 0x00, 0x00, 0x00, 0x72, 0x73, 0x0B, 0x0B, 0x74, 0x75, 0x76, 0x0B, 0x77, 0x00, 0x00, 0x00, 0x00, 0x00, 0x00, 0x00, 0x00, 0x00, 0x00, _NEXT_,
    0x78, 0x79, 0x7A, 0x7B, 0x00, 0x00, 0x00, 0x00, 0x00, 0x00, 0x7C, 0x7A, 0x7D, 0x7E, 0x00, 0x00, 0x00, 0x00, 0x7F, 0x7A, 0x7D, 0x7E, 0x80, 0x7A, 0x7A, 0x81, 0x00, 0x00, 0x00, 0x00, 0x00, 0x00, 0x00, 0x00, 0x00, 0x00, _END_,

};
BYTE code tiOSD_1BIT_LOGO1[]=
{
    0x00, 0x01, 0x02, 0x02, 0x02, 0x02, 0x03, 0x04, 0x05, 0x02, 0x06, 0x07, 0x00, 0x08, 0x02, 0x02, 0x02, 0x09, 0x0A, 0x00, 0x00, 0x0B, 0x02, 0x02, 0x06, 0x0C, 0x00, 0x0D, 0x02, 0x02, 0x02, 0x0E, 0x0F, 0x00, 0x10, 0x02, 0x02, 0x02, 0x02, 0x11, 0x12, 0x13, 0x02, 0x02, 0x14, 0x00, _NEXT_,
    0x00, 0x15, 0x16, 0x17, 0x18, 0x18, 0x19, 0x1A, 0x1B, 0x1C, 0x1D, 0x1E, 0x1F, 0x20, 0x16, 0x17, 0x21, 0x22, 0x23, 0x24, 0x25, 0x16, 0x26, 0x18, 0x27, 0x28, 0x29, 0x2A, 0x16, 0x2B, 0x18, 0x2C, 0x2D, 0x2E, 0x2F, 0x30, 0x16, 0x2B, 0x18, 0x31, 0x32, 0x16, 0x33, 0x34, 0x16, 0x35, _NEXT_,
    0x00, 0x15, 0x16, 0x36, 0x00, 0x00, 0x00, 0x16, 0x37, 0x00, 0x38, 0x16, 0x39, 0x20, 0x16, 0x36, 0x00, 0x15, 0x16, 0x3A, 0x3B, 0x16, 0x3C, 0x00, 0x3D, 0x16, 0x39, 0x2A, 0x16, 0x3E, 0x00, 0x3F, 0x16, 0x40, 0x00, 0x2A, 0x16, 0x3E, 0x00, 0x00, 0x41, 0x42, 0x00, 0x43, 0x16, 0x44, _NEXT_,
    0x00, 0x15, 0x16, 0x36, 0x00, 0x00, 0x00, 0x16, 0x45, 0x00, 0x46, 0x47, 0x48, 0x20, 0x16, 0x36, 0x00, 0x15, 0x16, 0x3A, 0x3B, 0x16, 0x3A, 0x00, 0x49, 0x16, 0x39, 0x2A, 0x16, 0x3E, 0x00, 0x49, 0x16, 0x40, 0x00, 0x2A, 0x16, 0x3E, 0x00, 0x00, 0x41, 0x4A, 0x00, 0x4B, 0x47, 0x4C, _NEXT_,
    0x00, 0x15, 0x16, 0x4D, 0x4E, 0x4F, 0x00, 0x50, 0x51, 0x52, 0x53, 0x54, 0x00, 0x20, 0x16, 0x36, 0x00, 0x55, 0x16, 0x56, 0x3B, 0x16, 0x3A, 0x00, 0x49, 0x16, 0x39, 0x2A, 0x16, 0x57, 0x58, 0x59, 0x16, 0x5A, 0x00, 0x2A, 0x16, 0x3E, 0x00, 0x00, 0x5B, 0x16, 0x5C, 0x5D, 0x5E, 0x00, _NEXT_,
    0x00, 0x15, 0x16, 0x5F, 0x60, 0x61, 0x00, 0x62, 0x63, 0x64, 0x65, 0x66, 0x67, 0x20, 0x16, 0x68, 0x69, 0x6A, 0x6B, 0x6C, 0x3B, 0x16, 0x3A, 0x00, 0x49, 0x16, 0x39, 0x2A, 0x16, 0x6D, 0x6E, 0x16, 0x6F, 0x70, 0x00, 0x2A, 0x16, 0x3E, 0x00, 0x00, 0x71, 0x72, 0x73, 0x74, 0x75, 0x76, _NEXT_,
    0x00, 0x15, 0x16, 0x44, 0x00, 0x00, 0x00, 0x00, 0x00, 0x00, 0x77, 0x16, 0x39, 0x20, 0x16, 0x78, 0x79, 0x7A, 0x7B, 0x00, 0x3B, 0x16, 0x3A, 0x00, 0x49, 0x16, 0x39, 0x2A, 0x16, 0x3E, 0x7C, 0x7D, 0x7E, 0x00, 0x00, 0x2A, 0x16, 0x3E, 0x00, 0x00, 0x00, 0x00, 0x00, 0x7F, 0x16, 0x44, _NEXT_,
    0x00, 0x15, 0x16, 0x44, 0x00, 0x00, 0x00, 0x4E, 0x80, 0x00, 0x38, 0x16, 0x39, 0x20, 0x16, 0x36, 0x00, 0x00, 0x00, 0x00, 0x3B, 0x16, 0x3A, 0x00, 0x49, 0x16, 0x39, 0x2A, 0x16, 0x3E, 0x00, 0x81, 0x82, 0x83, 0x00, 0x2A, 0x16, 0x3E, 0x00, 0x00, 0x84, 0x85, 0x00, 0x20, 0x16, 0x44, _NEXT_,
    0x00, 0x15, 0x16, 0x86, 0x4E, 0x4F, 0x00, 0x87, 0x88, 0x89, 0x8A, 0x8B, 0x8C, 0x20, 0x16, 0x36, 0x00, 0x00, 0x00, 0x00, 0x8D, 0x16, 0x8E, 0x4E, 0x8F, 0x8B, 0x90, 0x2A, 0x16, 0x3E, 0x00, 0x91, 0x16, 0x92, 0x00, 0x2A, 0x16, 0x3E, 0x00, 0x00, 0x93, 0x94, 0x95, 0x96, 0x16, 0x97, _NEXT_,
    0x00, 0x98, 0x60, 0x60, 0x60, 0x61, 0x00, 0x99, 0x9A, 0x60, 0x9B, 0x9C, 0x00, 0x9D, 0x60, 0x9E, 0x00, 0x00, 0x00, 0x00, 0x71, 0x9F, 0x60, 0x60, 0xA0, 0xA1, 0x00, 0xA2, 0x60, 0x61, 0x00, 0xA3, 0x60, 0xA4, 0x00, 0xA2, 0x60, 0x61, 0x00, 0x00, 0xA5, 0xA6, 0x60, 0x60, 0xA7, 0xA8, _END_,
};

#elif(_LOGO_TYPE ==  _LOGO_DEPO)
BYTE code tiOSD_1BIT_LOGO0[]=
{
	0, 0, 0, 0, 0, 0, 0, 0, 0, 0, 0, 0, 0, 0, 0, 0, 
	0, 0, 0, 0, 0, 0, 0, 0, 0, 0, 0, 0, 0, 0, 0, 0, 
	0, 0, 0, 0, 0, 1, 2, 3, 0, 0, 0, 0, 0, 0, 0, 0, 
	0, 0, 0, 0, 0, 0, 0, 0, 0, 0, 0, 0, 0, 0, 0, 0, 
	0, 0, 0, 0, 0, 0, 0, 0, 0, 0, 0, 0, 0, 0, 0, 0, 
	4, 5, 6, 7, 7, 8, 0, 0, 0, 0, 0, 0, 0, 0, 0, 9, 
	9, 9, 9, 9, 10, 11, 12, 0, 0, 0, 0, 13, 9, 9, 9, 9, 
	9, 9, 14, 15, 9, 9, 9, 9, 16, 17, 0, 0, 0, 18, 19, 7, 
	7, 7, 7, 20, 21, 22, 23, 0, 0, 0, 0, 24, 0, 7, 25, 26, 
	26, 26, 27, 28, 29, 30, 31, 0, 0, 32, 7, 33, 26, 26, 26, 26, 
	34, 35, 7, 36, 26, 37, 38, 39, 40, 41, 0, 0, 42, 43, 44, 7, 
	7, 45, 46, 47, 48, 49, 50, 0, 51, 52, 53, 54, 55, 0, 0, 0, 
	0, 0, 56, 57, 58, 59, 0, 32, 7, 60, 0, 0, 0, 0, 0, 35, 
	7, 61, 0, 0, 0, 62, 7, 63, 0, 64, 52, 65, 66, 67, 68, 69, 
	0, 70, 71, 72, 73, 74, 75, 7, 7, 7, 76, 77, 78, 0, 0, 0, 
	0, 79, 80, 81, 0, 32, 7, 60, 0, 0, 0, 0, 0, 35, 7, 61, 
	0, 0, 82, 83, 7, 84, 85, 86, 87, 88, 0, 0, 0, 0, 0, 0, 
	7, 89, 90, 91, 75, 7, 7, 7, 7, 92, 93, 0, 0, 0, 0, 0, 
	94, 95, 0, 32, 7, 7, 7, 7, 7, 7, 96, 35, 7, 97, 98, 99, 
	100, 101, 102, 0, 103, 7, 104, 0, 0, 0, 0, 0, 0, 0, 105, 106, 
	7, 107, 108, 7, 109, 110, 111, 0, 0, 0, 0, 0, 0, 112, 113, 114, 
	0, 32, 7, 115, 116, 116, 116, 116, 117, 35, 7, 118, 119, 119, 120, 0, 
	0, 0, 121, 122, 123, 124, 0, 0, 0, 0, 0, 0, 0, 125, 7, 126, 
	127, 128, 129, 7, 130, 0, 0, 0, 0, 0, 131, 132, 100, 133, 0, 32, 
	7, 60, 0, 0, 0, 0, 0, 35, 7, 61, 0, 0, 0, 0, 0, 0, 
	0, 134, 7, 135, 136, 0, 0, 0, 0, 137, 138, 139, 140, 141, 0, 0, 
	0, 7, 142, 9, 9, 9, 143, 144, 145, 146, 147, 0, 0, 32, 7, 148, 
	9, 9, 9, 9, 149, 35, 7, 61, 0, 0, 0, 0, 0, 0, 0, 127, 
	150, 151, 152, 153, 154, 155, 156, 157, 100, 158, 159, 0, 0, 0, 0, 26, 
	26, 26, 26, 26, 160, 161, 162, 163, 0, 0, 0, 164, 26, 26, 26, 26, 
	26, 26, 165, 166, 26, 165, 0, 0, 0, 0, 0, 0, 0, 0, 0, 167, 
	168, 169, 170, 171, 172, 173, 174, 0, 0, 0, 
	_END_,

};


#elif(_LOGO_TYPE ==  _LOGO_BLAUPUNKT)
BYTE code tiOSD_1BIT_LOGO0[]=
{
	0x00, 0x01, 0x02, 0x03, 0x04, 0x05, 0x06, 0x06, 0x07, 0x08, 0x08, 0x09, 0x0A, 0x08, 0x0B, 0x06, 0x06, 0x0C, 0x08, 0x0D, 0x06, 0x0E, 0x0F, 0x10, 0x11, 0x12, 0x13, 0x08, 0x08, 0x14, 0x15, 0x08, 0x16, 0x17, 0x08, 0x18, 0x08, 0x19, 0x1A, 0x08, 0x1B, 0x08, 0x1C, 0x1D, 0x1E, 0x1F, 0x08, 0x08, 0x08, 0x20, 
	0x21, 0x22, 0x22, 0x22, 0x22, 0x23, 0x06, 0x24, 0x22, 0x25, 0x26, 0x27, 0x28, 0x22, 0x29, 0x06, 0x2A, 0x2B, 0x2C, 0x2D, 0x2E, 0x22, 0x2F, 0x30, 0x22, 0x31, 0x32, 0x33, 0x34, 0x22, 0x35, 0x22, 0x36, 0x37, 0x38, 0x39, 0x22, 0x3A, 0x3B, 0x38, 0x3C, 0x22, 0x3D, 0x3E, 0x3F, 0x40, 0x41, 0x22, 0x42, 0x43, 
	0x44, 0x22, 0x22, 0x22, 0x22, 0x45, 0x06, 0x46, 0x47, 0x48, 0x49, 0x4A, 0x4B, 0x4C, 0x4D, 0x4E, 0x4F, 0x50, 0x51, 0x52, 0x53, 0x22, 0x54, 0x55, 0x56, 0x57, 0x22, 0x58, 0x59, 0x5A, 0x5B, 0x5C, 0x5D, 0x5E, 0x5F, 0x60, 0x61, 0x62, 0x63, 0x5F, 0x64, 0x65, 0x66, 0x67, 0x68, 0x06, 0x69, 0x6A, 0x06, 0x06, 
	0x6B, 0x6C, 0x6D, 0x6E, 0x6F, 0x70, 0x06, 0x71, 0x72, 0x72, 0x73, 0x74, 0x75, 0x76, 0x76, 0x77, 0x78, 0x79, 0x7A, 0x76, 0x7B, 0x7C, 0x7D, 0x7E, 0x7F, 0x80, 0x81, 0x06, 0x06, 0x06, 0x82, 0x83, 0x84, 0x85, 0x86, 0x87, 0x88, 0x89, 0x76, 0x8A, 0x76, 0x8B, 0x8C, 0x8D, 0x8E, 0x06, 0x8F, 0x90, 0x06, 0x06, 
		_END_,


};

#elif(_LOGO_TYPE ==  _LOGO_HARPER)
BYTE code tiOSD_1BIT_LOGO0[]=
{
	
	0x00, 0x00, 0x00, 0x00, 0x00, 0x00, 0x00, 0x00, 0x00, 0x00, 0x00, 0x00, 0x00, 0x01, 0x02, 0x03, 0x00, 0x00, 0x00, 0x00, 0x00, 0x00, 0x00, 0x00, 0x00, 0x00, 0x00, 0x00, 0x00, 0x00, 0x00, 0x00, 0x00, 0x00, 0x00, 0x00, 0x00, 0x00, 0x00, 0x00, 
	0x00, 0x00, 0x00, 0x00, 0x00, 0x00, 0x00, 0x00, 0x00, 0x00, 0x00, 0x00, 0x04, 0x05, 0x06, 0x07, 0x00, 0x00, 0x00, 0x00, 0x00, 0x00, 0x00, 0x00, 0x00, 0x00, 0x00, 0x00, 0x00, 0x00, 0x00, 0x00, 0x00, 0x00, 0x00, 0x00, 0x00, 0x00, 0x00, 0x00, 
	0x00, 0x00, 0x00, 0x00, 0x00, 0x00, 0x00, 0x00, 0x00, 0x00, 0x00, 0x00, 0x08, 0x06, 0x06, 0x07, 0x00, 0x00, 0x00, 0x00, 0x00, 0x00, 0x00, 0x09, 0x0A, 0x0B, 0x00, 0x00, 0x00, 0x00, 0x00, 0x00, 0x00, 0x00, 0x00, 0x00, 0x00, 0x00, 0x00, 0x00, 
	0x00, 0x00, 0x00, 0x00, 0x00, 0x00, 0x00, 0x00, 0x00, 0x00, 0x00, 0x00, 0x08, 0x06, 0x06, 0x07, 0x00, 0x00, 0x00, 0x00, 0x00, 0x00, 0x00, 0x0C, 0x06, 0x0D, 0x0E, 0x00, 0x00, 0x00, 0x00, 0x00, 0x00, 0x00, 0x00, 0x00, 0x00, 0x00, 0x00, 0x00, 
	0x00, 0x00, 0x00, 0x00, 0x00, 0x00, 0x00, 0x00, 0x00, 0x00, 0x00, 0x00, 0x08, 0x06, 0x06, 0x07, 0x00, 0x00, 0x00, 0x00, 0x00, 0x00, 0x00, 0x0C, 0x06, 0x06, 0x0F, 0x00, 0x00, 0x00, 0x00, 0x00, 0x00, 0x00, 0x00, 0x00, 0x00, 0x00, 0x00, 0x00, 
	0x00, 0x00, 0x00, 0x00, 0x00, 0x00, 0x00, 0x00, 0x00, 0x00, 0x00, 0x00, 0x08, 0x06, 0x06, 0x10, 0x11, 0x11, 0x11, 0x11, 0x11, 0x11, 0x12, 0x0C, 0x06, 0x06, 0x13, 0x00, 0x00, 0x00, 0x00, 0x00, 0x00, 0x00, 0x00, 0x00, 0x00, 0x00, 0x00, 0x00, 
	0x00, 0x00, 0x00, 0x00, 0x00, 0x00, 0x00, 0x00, 0x00, 0x00, 0x00, 0x00, 0x08, 0x06, 0x06, 0x06, 0x06, 0x06, 0x06, 0x06, 0x06, 0x06, 0x14, 0x0C, 0x06, 0x06, 0x13, 0x00, 0x00, 0x00, 0x00, 0x00, 0x00, 0x00, 0x00, 0x00, 0x00, 0x00, 0x00, 0x00, 
	0x00, 0x00, 0x00, 0x00, 0x00, 0x00, 0x00, 0x00, 0x00, 0x00, 0x00, 0x00, 0x08, 0x06, 0x06, 0x15, 0x16, 0x16, 0x16, 0x16, 0x16, 0x16, 0x17, 0x0C, 0x06, 0x06, 0x13, 0x00, 0x00, 0x00, 0x00, 0x00, 0x00, 0x00, 0x00, 0x00, 0x00, 0x00, 0x00, 0x00, 
	0x00, 0x00, 0x00, 0x00, 0x00, 0x00, 0x00, 0x00, 0x00, 0x00, 0x00, 0x00, 0x08, 0x06, 0x06, 0x07, 0x00, 0x00, 0x00, 0x00, 0x00, 0x00, 0x00, 0x18, 0x19, 0x06, 0x13, 0x00, 0x00, 0x00, 0x00, 0x00, 0x00, 0x00, 0x00, 0x00, 0x00, 0x00, 0x00, 0x00, 
	0x00, 0x00, 0x00, 0x00, 0x00, 0x00, 0x00, 0x00, 0x00, 0x00, 0x00, 0x00, 0x08, 0x06, 0x1A, 0x1B, 0x00, 0x00, 0x00, 0x00, 0x00, 0x00, 0x00, 0x00, 0x1C, 0x1D, 0x1E, 0x00, 0x00, 0x00, 0x00, 0x00, 0x00, 0x00, 0x00, 0x00, 0x00, 0x00, 0x00, 0x00, 
	0x00, 0x00, 0x00, 0x00, 0x00, 0x00, 0x00, 0x00, 0x00, 0x00, 0x00, 0x00, 0x1F, 0x20, 0x21, 0x00, 0x00, 0x00, 0x00, 0x00, 0x00, 0x00, 0x00, 0x00, 0x00, 0x00, 0x22, 0x00, 0x00, 0x00, 0x00, 0x00, 0x00, 0x00, 0x00, 0x00, 0x00, 0x00, 0x00, 0x00, 
	0x00, 0x00, 0x00, 0x00, 0x00, 0x00, 0x00, 0x00, 0x00, 0x00, 0x00, 0x00, 0x00, 0x00, 0x00, 0x00, 0x00, 0x00, 0x00, 0x00, 0x00, 0x00, 0x00, 0x00, 0x00, 0x00, 0x00, 0x00, 0x00, 0x00, 0x00, 0x00, 0x00, 0x00, 0x00, 0x00, 0x00, 0x00, 0x00, 0x00, 
	0x00, 0x00, 0x00, 0x00, 0x00, 0x00, 0x00, 0x00, 0x00, 0x00, 0x00, 0x00, 0x00, 0x00, 0x00, 0x00, 0x00, 0x00, 0x00, 0x00, 0x00, 0x00, 0x00, 0x00, 0x00, 0x00, 0x00, 0x00, 0x00, 0x00, 0x00, 0x00, 0x00, 0x00, 0x00, 0x00, 0x00, 0x00, 0x00, 0x00, 
	0x00, 0x00, 0x00, 0x00, 0x00, 0x00, 0x00, 0x00, 0x00, 0x00, 0x00, 0x00, 0x00, 0x00, 0x00, 0x00, 0x00, 0x00, 0x00, 0x00, 0x00, 0x00, 0x00, 0x00, 0x00, 0x00, 0x00, 0x00, 0x00, 0x00, 0x00, 0x00, 0x00, 0x00, 0x00, 0x00, 0x00, 0x00, 0x00, 0x00, 
	0x23, 0x24, 0x00, 0x00, 0x25, 0x00, 0x00, 0x00, 0x26, 0x27, 0x28, 0x00, 0x00, 0x00, 0x29, 0x27, 0x27, 0x27, 0x2A, 0x00, 0x2B, 0x2C, 0x27, 0x27, 0x27, 0x2D, 0x00, 0x2E, 0x27, 0x27, 0x27, 0x2F, 0x30, 0x2B, 0x2C, 0x27, 0x27, 0x27, 0x2D, 0x00, 
	0x31, 0x32, 0x33, 0x34, 0x35, 0x00, 0x00, 0x36, 0x37, 0x38, 0x39, 0x3A, 0x00, 0x00, 0x35, 0x3B, 0x3C, 0x3D, 0x14, 0x00, 0x3E, 0x3F, 0x40, 0x3C, 0x41, 0x42, 0x00, 0x31, 0x43, 0x44, 0x45, 0x46, 0x00, 0x3E, 0x3F, 0x47, 0x3C, 0x41, 0x42, 0x00, 
	0x31, 0x48, 0x49, 0x4A, 0x35, 0x00, 0x4B, 0x4C, 0x4D, 0x4E, 0x4F, 0x50, 0x51, 0x00, 0x35, 0x52, 0x53, 0x54, 0x55, 0x00, 0x3E, 0x14, 0x56, 0x57, 0x57, 0x58, 0x00, 0x31, 0x59, 0x57, 0x5A, 0x00, 0x00, 0x3E, 0x14, 0x5B, 0x5C, 0x5D, 0x58, 0x00, 
	0x5E, 0x5F, 0x00, 0x00, 0x60, 0x00, 0x61, 0x62, 0x00, 0x00, 0x00, 0x63, 0x64, 0x00, 0x65, 0x00, 0x66, 0x67, 0x68, 0x69, 0x6A, 0x6B, 0x00, 0x00, 0x00, 0x00, 0x00, 0x6C, 0x6D, 0x6E, 0x6F, 0x70, 0x71, 0x6A, 0x6B, 0x00, 0x72, 0x73, 0x74, 0x75, 
	0x00, 0x00, 0x00, 0x00, 0x00, 0x00, 0x00, 0x00, 0x00, 0x00, 0x00, 0x00, 0x00, 0x00, 0x00, 0x00, 0x00, 0x00, 0x00, 0x00, 0x00, 0x00, 0x00, 0x00, 0x00, 0x00, 0x00, 0x00, 0x00, 0x00, 0x00, 0x00, 0x00, 0x00, 0x00, 0x00, 0x00, 0x00, 0x00, 0x00, 
	0x00, 0x00, 0x00, 0x00, 0x00, 0x00, 0x00, 0x00, 0x00, 0x00, 0x00, 0x00, 0x00, 0x00, 0x00, 0x00, 0x00, 0x00, 0x00, 0x00, 0x00, 0x00, 0x00, 0x00, 0x00, 0x00, 0x00, 0x00, 0x00, 0x00, 0x00, 0x00, 0x00, 0x00, 0x00, 0x00, 0x00, 0x00, 0x00, 0x00, 
	0x00, 0x00, 0x00, 0x00, 0x00, 0x00, 0x00, 0x00, 0x00, 0x00, 0x00, 0x00, 0x00, 0x00, 0x00, 0x00, 0x00, 0x00, 0x00, 0x00, 0x00, 0x00, 0x00, 0x00, 0x00, 0x00, 0x00, 0x00, 0x00, 0x00, 0x00, 0x00, 0x00, 0x00, 0x00, 0x00, 0x00, 0x00, 0x00, 0x00, 
	0x00, 0x00, 0x00, 0x00, 0x00, 0x00, 0x00, 0x00, 0x00, 0x00, 0x00, 0x00, 0x00, 0x00, 0x00, 0x00, 0x00, 0x00, 0x00, 0x00, 0x00, 0x00, 0x00, 0x00, 0x00, 0x00, 0x00, 0x00, 0x00, 0x00, 0x00, 0x00, 0x00, 0x00, 0x00, 0x00, 0x00, 0x00, 0x00, 0x00, 
	0x00, 0x00, 0x00, 0x00, 0x00, 0x00, 0x00, 0x00, 0x00, 0x00, 0x00, 0x00, 0x00, 0x00, 0x00, 0x00, 0x00, 0x00, 0x00, 0x00, 0x00, 0x00, 0x00, 0x00, 0x00, 0x00, 0x00, 0x00, 0x00, 0x00, 0x00, 0x00, 0x00, 0x00, 0x00, 0x00, 0x00, 0x00, 0x00, 0x00, 
	0x00, 0x00, 0x00, 0x00, 0x00, 0x00, 0x00, 0x00, 0x00, 0x00, 0x00, 0x00, 0x00, 0x00, 0x00, 0x00, 0x00, 0x00, 0x00, 0x00, 0x00, 0x00, 0x00, 0x00, 0x00, 0x00, 0x00, 0x00, 0x00, 0x00, 0x00, 0x00, 0x00, 0x00, 0x00, 0x00, 0x00, 0x00, 0x00, 0x00, 
	0x00, 0x00, 0x00, 0x00, 0x00, 0x00, 0x00, 0x00, 0x00, 0x00, 0x00, 0x00, 0x00, 0x00, 0x00, 0x00, 0x00, 0x00, 0x00, 0x00, 0x00, 0x00, 0x00, 0x00, 0x00, 0x00, 0x00, 0x00, 0x00, 0x00, 0x00, 0x00, 0x00, 0x00, 0x00, 0x00, 0x00, 0x00, 0x00, 0x00, 
	0x00, 0x00, 0x00, 0x00, 0x00, 0x00, 0x00, 0x00, 0x00, 0x00, 0x00, 0x00, 0x00, 0x00, 0x00, 0x00, 0x00, 0x00, 0x00, 0x00, 0x00, 0x00, 0x00, 0x00, 0x00, 0x00, 0x00, 0x00, 0x00, 0x00, 0x00, 0x00, 0x00, 0x00, 0x00, 0x00, 0x00, 0x00, 0x00, 0x00, 
	0x00, 0x00, 0x00, 0x00, 0x00, 0x00, 0x00, 0x00, 0x00, 0x00, 0x00, 0x00, 0x00, 0x00, 0x00, 0x00, 0x00, 0x00, 0x00, 0x00, 0x00, 0x00, 0x00, 0x00, 0x00, 0x00, 0x00, 0x00, 0x00, 0x00, 0x00, 0x00, 0x00, 0x00, 0x00, 0x00, 0x00, 0x00, 0x00, 0x00, 
	0x00, 0x00, 0x00, 0x00, 0x00, 0x00, 0x00, 0x00, 0x00, 0x00, 0x00, 0x00, 0x00, 0x00, 0x00, 0x00, 0x00, 0x00, 0x00, 0x00, 0x00, 0x00, 0x00, 0x00, 0x00, 0x00, 0x00, 0x00, 0x00, 0x00, 0x00, 0x00, 0x00, 0x00, 0x00, 0x00, 0x00, 0x00, 0x00, 0x00, 
	0x00, 0x00, 0x00, 0x00, 0x00, 0x00, 0x00, 0x00, 0x00, 0x00, 0x00, 0x00, 0x00, 0x00, 0x00, 0x00, 0x00, 0x00, 0x00, 0x00, 0x00, 0x00, 0x00, 0x00, 0x00, 0x00, 0x00, 0x00, 0x00, 0x00, 0x00, 0x00, 0x00, 0x00, 0x00, 0x00, 0x00, 0x00, 0x00, 0x00, 
	0x00, 0x00, 0x00, 0x00, 0x00, 0x00, 0x00, 0x00, 0x00, 0x00, 0x00, 0x00, 0x00, 0x00, 0x00, 0x00, 0x00, 0x00, 0x00, 0x00, 0x00, 0x00, 0x00, 0x00, 0x00, 0x00, 0x00, 0x00, 0x00, 0x00, 0x00, 0x00, 0x00, 0x00, 0x00, 0x00, 0x00, 0x00, 0x00, 0x00, 
	0x00, 0x01, 0x76, 0x77, 0x78, 0x79, 0x7A, 0x7B, 0x78, 0x79, 0x7A, 0x7B, 0x7C, 0x7D, 0x00, 0x7E, 0x7F, 0x80, 0x00, 0x81, 0x82, 0x83, 0x84, 0x85, 0x86, 0x87, 0x00, 0x81, 0x88, 0x77, 0x89, 0x8A, 0x01, 0x8B, 0x8C, 0x76, 0x83, 0x8D, 0x00, 0x00, 
	0x00, 0x8E, 0x8F, 0x90, 0x91, 0x92, 0x93, 0x94, 0x95, 0x96, 0x97, 0x98, 0x99, 0x9A, 0x00, 0x9B, 0x9C, 0x9D, 0x9E, 0x9F, 0xA0, 0xA1, 0xA2, 0xA3, 0xA4, 0xA5, 0xA6, 0xA7, 0xA8, 0xA9, 0xAA, 0xAB, 0x3E, 0xAC, 0xAD, 0xAE, 0xA1, 0x07, 0x00, 0x00, 
	0x00, 0x00, 0xAF, 0xB0, 0xB1, 0xB2, 0xB3, 0xB4, 0xB5, 0xB6, 0xB7, 0xB8, 0xB9, 0xBA, 0xBB, 0xBC, 0xBD, 0xBE, 0xBF, 0xC0, 0xC1, 0xC2, 0xC3, 0xA1, 0xC4, 0xC5, 0xC6, 0xC7, 0xC8, 0xC9, 0xCA, 0xCB, 0xCC, 0xCD, 0xCE, 0xCF, 0xD0, 0xC3, 0x00, 0x00, 
	0x00, 0x00, 0x00, 0x00, 0x00, 0x00, 0x00, 0x00, 0x00, 0x00, 0x00, 0x00, 0x00, 0x00, 0x00, 0x00, 0x00, 0x00, 0x00, 0x00, 0x00, 0x00, 0x00, 0xD1, 0xD2, 0x00, 0x00, 0x00, 0x00, 0x00, 0x00, 0x00, 0x00, 0x00, 0x00, 0x00, 0x00, 0x00, 0x00, 0x00, 
		_END_,
};
#elif(_LOGO_TYPE ==  _LOGO_amazon_basics)
#if !_LOGO_New_Tool
BYTE code tiOSD_1BIT_LOGO0[]=
{
	
	////////////////////////////////////////////Font Map index////////////////////////////////////////////
	0x00, 0x00, 0x00, 0x00, 0x00, 0x00, 0x00, 0x00, 0x00, 0x00, 0x00, 0x00, 0x00, 0x00, 0x00, 0x00, 0x00, 0x00, 0x00, 0x00, 0x00, 0x00, 0x00, 0x00, 0x00, 0x00, 0x00, 0x00, 0x00, 0x00, 0x00, 0x00, 0x00, 0x00, 0x00, 0x00, 0x00, 0x00, 0x00, 0x00, 0x00, 0x00, 0x00, 0x00, 0x00, 0x00, 0x00, _NEXT_,
	0x00, 0x00, 0x00, 0x00, 0x00, 0x00, 0x00, 0x00, 0x00, 0x00, 0x00, 0x00, 0x00, 0x00, 0x00, 0x00, 0x00, 0x00, 0x00, 0x00, 0x00, 0x00, 0x00, 0x00, 0x00, 0x00, 0x00, 0x00, 0x00, 0x00, 0x00, 0x00, 0x00, 0x00, 0x00, 0x00, 0x00, 0x00, 0x00, 0x00, 0x00, 0x00, 0x00, 0x00, 0x00, 0x00, 0x00, _NEXT_,
	0x00, 0x01, 0x02, 0x03, 0x04, 0x05, 0x06, 0x00, 0x07, 0x08, 0x09, 0x0A, 0x0B, 0x0C, 0x0D, 0x0E, 0x0F, 0x10, 0x00, 0x00, 0x11, 0x12, 0x03, 0x04, 0x13, 0x06, 0x00, 0x14, 0x15, 0x15, 0x15, 0x15, 0x16, 0x00, 0x17, 0x18, 0x19, 0x1A, 0x1B, 0x00, 0x00, 0x1C, 0x1D, 0x1E, 0x1F, 0x20, 0x21, _NEXT_,
	0x22, 0x23, 0x24, 0x25, 0x26, 0x27, 0x28, 0x00, 0x29, 0x27, 0x2A, 0x2B, 0x27, 0x2C, 0x2D, 0x2E, 0x27, 0x2F, 0x00, 0x30, 0x31, 0x32, 0x25, 0x33, 0x27, 0x34, 0x00, 0x35, 0x36, 0x37, 0x38, 0x27, 0x39, 0x3A, 0x3B, 0x3C, 0x3D, 0x3E, 0x3F, 0x40, 0x00, 0x41, 0x42, 0x43, 0x44, 0x27, 0x45, _NEXT_,
	0x46, 0x47, 0x48, 0x49, 0x4A, 0x27, 0x4B, 0x00, 0x29, 0x27, 0x4C, 0x00, 0x4D, 0x27, 0x4E, 0x4F, 0x27, 0x27, 0x00, 0x50, 0x47, 0x51, 0x49, 0x52, 0x27, 0x53, 0x00, 0x00, 0x54, 0x55, 0x27, 0x56, 0x00, 0x57, 0x27, 0x58, 0x00, 0x59, 0x27, 0x5A, 0x00, 0x41, 0x27, 0x5B, 0x4F, 0x5C, 0x27, _NEXT_,
	0x5D, 0x5E, 0x5F, 0x60, 0x61, 0x27, 0x4B, 0x00, 0x29, 0x27, 0x62, 0x00, 0x63, 0x27, 0x64, 0x00, 0x27, 0x27, 0x00, 0x65, 0x66, 0x67, 0x68, 0x69, 0x27, 0x53, 0x00, 0x6A, 0x6B, 0x6C, 0x6D, 0x00, 0x00, 0x6E, 0x27, 0x6F, 0x00, 0x70, 0x27, 0x71, 0x00, 0x41, 0x27, 0x64, 0x00, 0x41, 0x27, _NEXT_,
	0x72, 0x27, 0x73, 0x74, 0x75, 0x27, 0x76, 0x77, 0x29, 0x27, 0x62, 0x00, 0x63, 0x27, 0x64, 0x00, 0x27, 0x27, 0x00, 0x78, 0x27, 0x79, 0x74, 0x7A, 0x27, 0x7B, 0x7C, 0x7D, 0x27, 0x7E, 0x7F, 0x80, 0x81, 0x82, 0x83, 0x84, 0x85, 0x86, 0x27, 0x87, 0x00, 0x41, 0x27, 0x64, 0x00, 0x41, 0x27, _NEXT_,
	0x88, 0x89, 0x8A, 0x8B, 0x8C, 0x8D, 0x8E, 0x8F, 0x90, 0x91, 0x92, 0x00, 0x93, 0x91, 0x94, 0x00, 0x95, 0x96, 0x00, 0x97, 0x98, 0x8A, 0x99, 0x9A, 0x9B, 0x9C, 0x8F, 0x9D, 0x9E, 0x9F, 0xA0, 0xA1, 0xA2, 0x00, 0xA3, 0x89, 0xA4, 0xA5, 0xA6, 0xA7, 0x00, 0xA8, 0xA9, 0xAA, 0x00, 0xAB, 0xA9, _NEXT_,
	0x00, 0x00, 0x00, 0x00, 0x00, 0x00, 0xAC, 0xAD, 0xAE, 0x00, 0x00, 0x00, 0x00, 0x00, 0x00, 0x00, 0x00, 0x00, 0x00, 0x00, 0x00, 0x00, 0x00, 0x00, 0x00, 0x00, 0x00, 0xAF, 0xB0, 0xB1, 0xB2, 0xB3, 0x00, 0x00, 0x00, 0x00, 0x00, 0x00, 0x00, 0x00, 0x00, 0x00, 0x00, 0x00, 0x00, 0x00, 0x00, _NEXT_,
	0x00, 0x00, 0x00, 0x00, 0x00, 0x00, 0x00, 0xB4, 0xB5, 0xB6, 0xB7, 0xB8, 0xB9, 0x00, 0x00, 0x00, 0x00, 0x00, 0x00, 0x00, 0x00, 0x00, 0x00, 0x00, 0x00, 0x00, 0xBA, 0xBB, 0xBC, 0xBD, 0xBE, 0xBF, 0x00, 0x00, 0x00, 0x00, 0x00, 0x00, 0x00, 0x00, 0x00, 0x00, 0x00, 0x00, 0x00, 0x00, 0x00, _NEXT_,
	0x00, 0x00, 0x00, 0x00, 0x00, 0x00, 0x00, 0x00, 0x00, 0xC0, 0xC1, 0xC2, 0xC3, 0xC4, 0xC5, 0xC6, 0xC7, 0xC8, 0xC9, 0xC9, 0xC9, 0xCA, 0xCB, 0xCC, 0xCD, 0xCE, 0xCF, 0xD0, 0xD1, 0xD2, 0xD3, 0xD4, 0x00, 0x00, 0x00, 0x00, 0x00, 0x00, 0x00, 0x00, 0x00, 0x00, 0x00, 0x00, 0x00, 0x00, 0x00, _NEXT_,
	0x00, 0x00, 0x00, 0x00, 0x00, 0x00, 0x00, 0x00, 0x00, 0x00, 0x00, 0x00, 0xD5, 0xD6, 0xD7, 0xD8, 0xD9, 0xDA, 0xDB, 0xDB, 0xDC, 0xDD, 0xDE, 0xDF, 0xE0, 0xE1, 0x00, 0x00, 0x00, 0xE2, 0xE3, 0x00, 0x00, 0x00, 0x00, 0x00, 0x00, 0x00, 0x00, 0x00, 0x00, 0x00, 0x00, 0x00, 0x00, 0x00, 0x00, 
		_END_,
};
BYTE code tiOSD_1BIT_LOGO1[]=
{
	////////////////////////////////////////////Font Map index////////////////////////////////////////////
	0x00, 0x00, 0x00, 0x00, 0x01, 0x02, 0x00, 0x00, 0x00, 0x00, 0x00, 0x00, 0x00, 0x00, 0x00, 0x00, 0x00, 0x00, 0x00, 0x00, 0x00, 0x00, 0x00, 0x00, 0x00, 0x00, 0x03, 0x04, 0x05, 0x00, 0x00, 0x00, 0x00, 0x00, 0x00, 0x00, 0x00, 0x00, 0x00, 0x00, 0x00, 0x00, 0x00, 
	0x00, 0x00, 0x00, 0x00, 0x06, 0x07, 0x00, 0x00, 0x00, 0x00, 0x00, 0x00, 0x00, 0x00, 0x00, 0x00, 0x00, 0x00, 0x00, 0x00, 0x00, 0x00, 0x00, 0x00, 0x00, 0x00, 0x08, 0x09, 0x0A, 0x00, 0x00, 0x00, 0x00, 0x00, 0x00, 0x00, 0x00, 0x00, 0x00, 0x00, 0x00, 0x00, 0x00, 
	0x00, 0x00, 0x00, 0x00, 0x06, 0x0B, 0x0C, 0x0D, 0x0E, 0x0F, 0x10, 0x00, 0x11, 0x12, 0x13, 0x14, 0x15, 0x16, 0x17, 0x00, 0x18, 0x19, 0x1A, 0x1B, 0x1C, 0x1D, 0x00, 0x1E, 0x1F, 0x00, 0x00, 0x20, 0x21, 0x22, 0x23, 0x24, 0x00, 0x25, 0x26, 0x27, 0x28, 0x29, 0x2A, 
	0x00, 0x00, 0x00, 0x00, 0x06, 0x2B, 0x2C, 0x2D, 0x2E, 0x2F, 0x30, 0x31, 0x32, 0x33, 0x34, 0x35, 0x36, 0x37, 0x38, 0x00, 0x39, 0x3A, 0x3B, 0x3C, 0x3D, 0x3E, 0x00, 0x06, 0x07, 0x00, 0x3F, 0x40, 0x41, 0x42, 0x43, 0x44, 0x00, 0x45, 0x46, 0x47, 0x48, 0x49, 0x4A, 
	0x00, 0x00, 0x00, 0x00, 0x06, 0x07, 0x00, 0x00, 0x00, 0x4B, 0x4C, 0x4D, 0x00, 0x4E, 0x4F, 0x50, 0x51, 0x52, 0x53, 0x00, 0x54, 0x55, 0x56, 0x57, 0x58, 0x00, 0x00, 0x06, 0x07, 0x00, 0x59, 0x5A, 0x00, 0x00, 0x00, 0x00, 0x00, 0x5B, 0x5C, 0x5D, 0x5E, 0x00, 0x00, 
	0x00, 0x00, 0x00, 0x00, 0x06, 0x07, 0x00, 0x00, 0x00, 0x5F, 0x4C, 0x60, 0x61, 0x62, 0x63, 0x64, 0x65, 0x66, 0x53, 0x00, 0x00, 0x67, 0x68, 0x69, 0x6A, 0x6B, 0x00, 0x06, 0x07, 0x00, 0x6C, 0x6D, 0x00, 0x00, 0x00, 0x00, 0x00, 0x6E, 0x6F, 0x70, 0x71, 0x72, 0x73, 
	0x00, 0x00, 0x00, 0x00, 0x06, 0x74, 0x75, 0x00, 0x76, 0x77, 0x78, 0x79, 0x7A, 0x7B, 0x7C, 0x00, 0x7D, 0x7E, 0x53, 0x00, 0x7F, 0x00, 0x00, 0x00, 0x80, 0x81, 0x00, 0x06, 0x07, 0x00, 0x82, 0x83, 0x84, 0x00, 0x00, 0x85, 0x00, 0x86, 0x00, 0x00, 0x87, 0x88, 0x89, 
	0x00, 0x00, 0x00, 0x00, 0x8A, 0x8B, 0x8C, 0x8D, 0x8E, 0x8F, 0x90, 0x00, 0x91, 0x92, 0x93, 0x94, 0x95, 0x96, 0x97, 0x00, 0x98, 0x99, 0x9A, 0x9B, 0x9C, 0x9D, 0x00, 0x8A, 0x9E, 0x00, 0x9F, 0xA0, 0xA1, 0xA2, 0xA3, 0xA4, 0xA5, 0xA6, 0xA7, 0xA8, 0xA9, 0xAA, 0xAB, 
	0x00, 0x00, 0x00, 0x00, 0x00, 0x00, 0x00, 0x00, 0x00, 0x00, 0x00, 0x00, 0x00, 0x00, 0x00, 0x00, 0x00, 0x00, 0x00, 0x00, 0x00, 0x00, 0x00, 0x00, 0x00, 0x00, 0x00, 0x00, 0x00, 0x00, 0x00, 0x00, 0x00, 0x00, 0x00, 0x00, 0x00, 0x00, 0x00, 0x00, 0x00, 0x00, 0x00, 
	0x00, 0x00, 0x00, 0x00, 0x00, 0x00, 0x00, 0x00, 0x00, 0x00, 0x00, 0x00, 0x00, 0x00, 0x00, 0x00, 0x00, 0x00, 0x00, 0x00, 0x00, 0x00, 0x00, 0x00, 0x00, 0x00, 0x00, 0x00, 0x00, 0x00, 0x00, 0x00, 0x00, 0x00, 0x00, 0x00, 0x00, 0x00, 0x00, 0x00, 0x00, 0x00, 0x00, 
	0x00, 0x00, 0x00, 0x00, 0x00, 0x00, 0x00, 0x00, 0x00, 0x00, 0x00, 0x00, 0x00, 0x00, 0x00, 0x00, 0x00, 0x00, 0x00, 0x00, 0x00, 0x00, 0x00, 0x00, 0x00, 0x00, 0x00, 0x00, 0x00, 0x00, 0x00, 0x00, 0x00, 0x00, 0x00, 0x00, 0x00, 0x00, 0x00, 0x00, 0x00, 0x00, 0x00, 
	0x00, 0x00, 0x00, 0x00, 0x00, 0x00, 0x00, 0x00, 0x00, 0x00, 0x00, 0x00, 0x00, 0x00, 0x00, 0x00, 0x00, 0x00, 0x00, 0x00, 0x00, 0x00, 0x00, 0x00, 0x00, 0x00, 0x00, 0x00, 0x00, 0x00, 0x00, 0x00, 0x00, 0x00, 0x00, 0x00, 0x00, 0x00, 0x00, 0x00, 0x00, 0x00, 0x00, 
		_END_,
};

#endif

#endif
#if _OSD_LOGO_TYPE==_OSD_LOGO_Big_Crossover
BYTE code ucOsdLogoOneBitFontData[] = {
	
	//NOV COMPRESS========Address -- (00),
	0x00,0x13,0x10,0x00,0x01,0x03,0x60,0x00,0x01,0x04,0x80,0x00,0x01,
	//NOV COMPRESS========Address -- (01),
	0x00,0x0D,0xC0,0x01,0xFC,0xC0,0x3F,0x00,0x01,0x0F,0xC0,0x00,0x04,0x02,0x40,
	//NOV COMPRESS========Address -- (02),
	0x00,0x1B,
	//NOV COMPRESS========Address -- (03),
	0x00,0x1B,
	//NOV COMPRESS========Address -- (04),
	0x00,0x1B,
	//NOV COMPRESS========Address -- (05),
	0x00,0x1B,
	//NOV COMPRESS========Address -- (06),
	0x00,0x1B,
	//NOV COMPRESS========Address -- (07),
	0x00,0x0A,0x30,0x00,0x01,0x07,0xC0,0x00,0x01,0x18,0x00,0x01,0x03,0x30,0x00,0x01,0x03,0x30,0x00,0x01,0x03,0x30,0x00,0x01,0x03,
	//NOV COMPRESS========Address -- (08),
	0x00,0x0B,0xF0,0x80,0x0F,0x0C,0x60,0x00,0x01,0x03,0x30,0x00,0x01,0x03,0x30,0x00,0x01,0x03,0x30,0x00,0x01,0x03,
	//NOV COMPRESS========Address -- (09),
	0x00,0x1B,
	//NOV COMPRESS========Address -- (10),
	0x00,0x1B,
	//NOV COMPRESS========Address -- (11),
	0x00,0x1B,
	//NOV COMPRESS========Address -- (12),
	0x00,0x12,0xF0,0x81,0x31,0xE4,0x45,0x52,0xC4,0x45,0x52,
	//NOV COMPRESS========Address -- (13),
	0x00,0x1B,
	//NOV COMPRESS========Address -- (14),
	0x00,0x1B,
	//NOV COMPRESS========Address -- (15),
	0x00,0x1B,
	//NOV COMPRESS========Address -- (16),
	0x00,0x03,0x0F,0xF0,0x01,0x1F,0xF0,0x01,0x1F,0xF0,0x01,0x0F,0xF0,0x00,0x01,0x0F,0x70,0x00,0x01,0x07,0x30,0x00,0x01,0x01,0x00,0x05,
	//NOV COMPRESS========Address -- (17),
	0x00,0x01,0x0C,0x80,0x00,0x01,0x08,0x80,0x00,0x01,0x08,0x80,0x00,0x01,0x08,0x80,0x00,0x01,0x0C,0xE0,0x00,0x01,0x0E,0xF8,0xE0,0xCF,0xFF,0x01,0xFC,0xCF,0x7F,0xFC,0xC1,0x03,
	//NOV COMPRESS========Address -- (18),
	0x00,0x03,0x7F,0xF0,0x1F,0xFF,0x01,0xF3,0x7F,0x80,0x07,0x70,0x00,0x01,0x07,0x70,0x00,0x01,0x07,0x70,0x00,0x01,0x07,0x70,0x00,0x01,0x07,0x70,0x00,0x01,0x07,0x70,
	//NOV COMPRESS========Address -- (19),
	0x00,0x03,0x07,0xFC,0xC3,0x7F,0x0C,0xCF,0xE0,0x01,0x1C,0x80,0x03,0x38,0x80,0x03,0x38,0xC0,0x03,0x1C,0xE0,0xF1,0x0F,0x7F,0xF0,0x01,
	//NOV COMPRESS========Address -- (20),
	0x00,0x03,0x01,0xF0,0xC0,0x0F,0xFF,0x01,0xF1,0x9C,0xC7,0x39,0xDE,0xF1,0x1D,0xCF,0x31,0x1C,0xC0,0x03,0x38,0x80,0xF7,0xF1,0x1F,0xFE,0x81,
	//NOV COMPRESS========Address -- (21),
	0x00,0x04,0x38,0x80,0x07,0x78,0x80,0x0F,0xE0,0x00,0x01,0x0F,0x70,0xFC,0xE7,0x1F,0xFF,0x01,0x70,0x00,0x01,0x07,0x70,0xF0,0xFF,0x01,0xEF,0xFF,0x01,0xFC,
	//NOV COMPRESS========Address -- (22),
	0x00,0x04,0x0E,0xE0,0x00,0x01,0x0E,0xE0,0x00,0x05,0xFE,0xF8,0x8F,0xFF,0x01,0x38,0xC0,0x03,0x38,0x80,0xFF,0x01,0xF8,0x0F,0xFE,
	//NOV COMPRESS========Address -- (23),
	0x10,0x00,0x02,0x1F,0xF0,0x0F,0xFF,0x01,0x33,0x3C,0x01,0x07,0x70,0x00,0x01,0x0E,0xE0,0x00,0x01,0x0E,0xE0,0x00,0x01,0x0E,0x70,0x81,0xF7,0x3F,0xFF,0x01,0xE1,0x0F,
	//NOV COMPRESS========Address -- (24),
	0x60,0x00,0x01,0x0C,0xF0,0x03,0x87,0x78,0x8C,0xC3,0x38,0x8E,0xE3,0x1C,0xC7,0x71,0x1C,0xE7,0x70,0x0F,0xFE,0xE0,0x07,0x7E,0xC0,0x07,0x38,0x00,0x01,
	//NOV COMPRESS========Address -- (25),
	0x00,0x03,0xC3,0xF1,0x39,0xBF,0xF3,0x3B,0x38,0x87,0x73,0x3C,0xF7,0xF3,0x3F,0xFE,0xE3,0x3C,0x8E,0xC3,0x38,0xFC,0xC3,0x1F,0xF8,0x80,
	//NOV COMPRESS========Address -- (26),
	0x00,0x04,0x3F,0xFE,0xE7,0xFF,0x01,0xFE,0x0E,0xE0,0x01,0x1E,0xE0,0xFD,0xDE,0xEF,0xFD,0x1E,0xE0,0x01,0x1E,0xE0,0xFF,0x01,0xFE,0xEF,0xFF,0x01,
	//NOV COMPRESS========Address -- (27),
	0x00,0x03,0xF0,0x8F,0xFF,0x01,0xF8,0x0F,0xFF,0x01,0x00,0x12,
	//NOV COMPRESS========Address -- (28),
	0x18,0x03,0x1F,0x00,0x18,
	//NOV COMPRESS========Address -- (29),
	0x00,0x1B,
	//NOV COMPRESS========Address -- (30),
	0x00,0x1B,
	//NOV COMPRESS========Address -- (31),
	0x00,0x1B,

};
BYTE code tOSD_OsdLLogo_ICON[] =
{
	 _DEF_OSD_LOGO_S+0X00, _DEF_OSD_LOGO_S+0X01,_DEF_OSD_LOGO_S+0X02,_DEF_OSD_LOGO_S+0X03,_DEF_OSD_LOGO_S+0X04,_DEF_OSD_LOGO_S+0X05,_DEF_OSD_LOGO_S+0X06,_DEF_OSD_LOGO_S+0X07,_DEF_OSD_LOGO_S+0X08,
	 _DEF_OSD_LOGO_S+0X09,_DEF_OSD_LOGO_S+0X0A,_DEF_OSD_LOGO_S+0X0B,_DEF_OSD_LOGO_S+0X0C,_DEF_OSD_LOGO_S+0X0D,_DEF_OSD_LOGO_S+0X0E,_DEF_OSD_LOGO_S+0X0F,_NEXT_,

	 _DEF_OSD_LOGO_S+0X10, _DEF_OSD_LOGO_S+0X11,_DEF_OSD_LOGO_S+0X12,_DEF_OSD_LOGO_S+0X13,_DEF_OSD_LOGO_S+0X14,_DEF_OSD_LOGO_S+0X15,_DEF_OSD_LOGO_S+0X16,_DEF_OSD_LOGO_S+0X17,_DEF_OSD_LOGO_S+0X18,
	 _DEF_OSD_LOGO_S+0X19,_DEF_OSD_LOGO_S+0X1A,_DEF_OSD_LOGO_S+0X1B,_DEF_OSD_LOGO_S+0X1C,_DEF_OSD_LOGO_S+0X1D,_DEF_OSD_LOGO_S+0X1E,_DEF_OSD_LOGO_S+0X1F,
_END_,
};

#elif _OSD_LOGO_TYPE==_OSD_LOGO_Crossover

BYTE code  ucOsdLogoOneBitFontData[] = {
	
	//NOV COMPRESS========Address -- (00),
	0x00,0x01,0x70,0x00,0x01,0x1C,0x00,0x01,0x02,0x40,0x00,0x01,0x09,0x00,0x02,0x02,0xE0,0x00,0x01,0x1E,0xE0,0x00,0x01,0x0F,0xF8,0xC0,0x07,0x3F,0xF0,0x01,0x07,0x00,0x02,
	//NOV COMPRESS========Address -- (01),
	0x00,0x0C,0xFC,0xD1,0x3F,0x01,0x33,0x30,0x03,0x33,0x30,0x01,0x13,0x30,0x00,0x01,0x03,0x00,0x01,
	//NOV COMPRESS========Address -- (02),
	0x00,0x0C,0xC7,0xFF,0x01,0x8E,0x6C,0xF0,0x02,0x37,0x00,0x01,0x02,0x60,0xF0,0xCC,0x8F,0x0F,0x00,0x01,
	//NOV COMPRESS========Address -- (03),
	0x00,0x0C,0x70,0x00,0x01,0x0F,0xC0,0x80,0x8F,0x7F,0x7F,0x70,0x03,0xF3,0xFF,0x01,0xFE,0x0E,0x00,0x01,
	//NOV COMPRESS========Address -- (04),
	0x1F,0x00,0x01,0x02,0x40,0x00,0x01,0x04,0x40,0x00,0x01,0x04,0x20,0xB0,0x03,0xFE,0xC0,0x18,0x06,0x63,0x20,0x06,0x62,0x20,0x06,0xC3,0x1F,0xF8,0x00,0x02,
	//NOV COMPRESS========Address -- (05),
	0x00,0x02,0x80,0x00,0x01,0x0C,0x40,0x00,0x01,0x04,0x40,0x00,0x01,0x08,0x80,0x6F,0xFC,0xC6,0x6C,0xF4,0x6C,0xCF,0xC6,0x3C,0x8C,0xF3,0x38,0x87,0x03,0x00,0x01,
	//NOV COMPRESS========Address -- (06),
	0x00,0x0C,0x7F,0x0F,0xEE,0xC0,0x00,0x01,0xCC,0xC0,0x0E,0x0C,0xC0,0x00,0x01,0xFC,0xC0,0x0F,0x00,0x01,
	//NOV COMPRESS========Address -- (07),
	0x00,0x06,0xF8,0xC0,0x18,0xF2,0x22,0x29,0xE2,0x22,0x29,0x8C,0x81,0x0F,0x00,0x09,
};
BYTE code tOSD_OsdLLogo_ICON[] =
{
	 _DEF_OSD_LOGO_S+0X00, _DEF_OSD_LOGO_S+0X01,_DEF_OSD_LOGO_S+0X02,_DEF_OSD_LOGO_S+0X03,_DEF_OSD_LOGO_S+0X04,_DEF_OSD_LOGO_S+0X05,_DEF_OSD_LOGO_S+0X06,_DEF_OSD_LOGO_S+0X07,
_END_,
};
#elif _OSD_LOGO_TYPE==_OSD_LOGO_OP

BYTE code ucOsdLogoOneBitFontData[] = {
	
	
	//NOV COMPRESS========Address -- (00),
	0x1C,0xF0,0x07,0xFF,0x01,0xF1,0x3F,0xE3,0x13,0x7C,0xC0,0x07,0x78,0xC0,0x17,0x3E,0xFF,0x01,0xF3,0x1F,0x7F,0xC0,0x01,0x00,0x06,
	//NOV COMPRESS========Address -- (01),
	0x00,0x04,0x0C,0xE0,0x03,0xFE,0xF0,0x1F,0xEF,0xF3,0x3C,0xCF,0xE3,0x3D,0xDE,0xC3,0x3D,0xC0,0x03,0x3C,0xC0,0x03,0x3C,0x00,0x02,
	//NOV COMPRESS========Address -- (02),
	0x00,0x07,0x0C,0xF0,0x80,0x0F,0xF8,0x80,0x07,0x78,0x80,0x0F,0xF0,0x00,0x01,0x0E,0x00,0x07,
};
BYTE code tOSD_OsdLLogo_ICON[] =
{
	 _DEF_OSD_LOGO_S+0X00, _DEF_OSD_LOGO_S+0X01,_DEF_OSD_LOGO_S+0X02,
_END_,
};
#endif



BYTE code tOSD_ICON1_1[] =
{
	_OSD_1BIT_SMALL_LOGO_START + 0x00 , _OSD_1BIT_SMALL_LOGO_START + 0x01 , _OSD_1BIT_SMALL_LOGO_START + 0x02 , _OSD_1BIT_SMALL_LOGO_START + 0x03 , _OSD_1BIT_SMALL_LOGO_START + 0x04 , _OSD_1BIT_SMALL_LOGO_START + 0x05 , _OSD_1BIT_SMALL_LOGO_START + 0x06 , _OSD_1BIT_SMALL_LOGO_START + 0x07 , _OSD_1BIT_SMALL_LOGO_START + 0x08 , _OSD_1BIT_SMALL_LOGO_START + 0x09 , _OSD_1BIT_SMALL_LOGO_START + 0x0A , _OSD_1BIT_SMALL_LOGO_START + 0x0B , _OSD_1BIT_SMALL_LOGO_START + 0x0C , _OSD_1BIT_SMALL_LOGO_START + 0x0D , _OSD_1BIT_SMALL_LOGO_START + 0x0E , _OSD_1BIT_SMALL_LOGO_START + 0x0F , _OSD_1BIT_SMALL_LOGO_START + 0x10 , _OSD_1BIT_SMALL_LOGO_START + 0x11 , _OSD_1BIT_SMALL_LOGO_START + 0x12 , _END_,
};


#if(_SMALL_LOGO_TYPE == _SMALL_LOGO2BIT_MATRIX)
BYTE code tOSD_ICON1_2[] =
{
	_2BIT_SMALL_LOGO_OFFSET + 0x00 , _2BIT_SMALL_LOGO_OFFSET + 0x01 , _2BIT_SMALL_LOGO_OFFSET + 0x02 , _2BIT_SMALL_LOGO_OFFSET + 0x03 , _2BIT_SMALL_LOGO_OFFSET + 0x04 , _2BIT_SMALL_LOGO_OFFSET + 0x05 , _2BIT_SMALL_LOGO_OFFSET + 0x06 , _2BIT_SMALL_LOGO_OFFSET + 0x07 ,_END_,
};
#else
BYTE code tOSD_ICON1_2[] =
{//22*3
	_2BIT_SMALL_LOGO_OFFSET+0x00, _2BIT_SMALL_LOGO_OFFSET+0x01, _2BIT_SMALL_LOGO_OFFSET+0x02, _2BIT_SMALL_LOGO_OFFSET+0x03, _2BIT_SMALL_LOGO_OFFSET+0x04, _2BIT_SMALL_LOGO_OFFSET+0x05, _2BIT_SMALL_LOGO_OFFSET+0x06, _2BIT_SMALL_LOGO_OFFSET+0x07, _2BIT_SMALL_LOGO_OFFSET+0x08, _NEXT_,
	_2BIT_SMALL_LOGO_OFFSET+0x09, _2BIT_SMALL_LOGO_OFFSET+0x0A, _2BIT_SMALL_LOGO_OFFSET+0x0B, _2BIT_SMALL_LOGO_OFFSET+0x0C, _2BIT_SMALL_LOGO_OFFSET+0x0D, _2BIT_SMALL_LOGO_OFFSET+0x0E, _2BIT_SMALL_LOGO_OFFSET+0x0F, _2BIT_SMALL_LOGO_OFFSET+0x10, _2BIT_SMALL_LOGO_OFFSET+0x11, _NEXT_,
	_2BIT_SMALL_LOGO_OFFSET+0x12, _2BIT_SMALL_LOGO_OFFSET+0x13, _2BIT_SMALL_LOGO_OFFSET+0x14, _2BIT_SMALL_LOGO_OFFSET+0x15, _2BIT_SMALL_LOGO_OFFSET+0x16, _2BIT_SMALL_LOGO_OFFSET+0x17, _2BIT_SMALL_LOGO_OFFSET+0x18, _2BIT_SMALL_LOGO_OFFSET+0x19, _2BIT_SMALL_LOGO_OFFSET+0x1A, _END_,
};
#endif


