#if _MEW_FONT

#else
BYTE code tFONT_ENGLISH[]=
{
	
	
	//========Address -- (00),
	0x00,0x00,0x00,
	0x00,0x00,0x00,
	0x00,0x00,0x00,
	0x00,0x00,0x00,
	0x00,0x00,0x00,
	0x00,0x00,0x00,
	0x00,0x00,0x00,
	0x00,0x00,0x00,
	0x00,0x00,0x00,
	
	//========Address -- (01),
	0x00,0x00,0x00,
	0x00,0x00,0x00,
	0x01,0xe1,0x00,
	0x22,0x00,0x88,
	0x22,0x00,0x88,
	0x22,0x00,0x88,
	0x10,0x1e,0x00,
	0x00,0x00,0x00,
	0x00,0x00,0x00,
	
	//========Address -- (02),
	0x00,0x00,0x00,
	0x00,0x00,0x00,
	0x01,0x4c,0x00,
	0x00,0x44,0x00,
	0x00,0x44,0x00,
	0x00,0x44,0x00,
	0x01,0x4f,0x00,
	0x00,0x00,0x00,
	0x00,0x00,0x00,
	
	//========Address -- (03),
	0x00,0x00,0x00,
	0x00,0x00,0x00,
	0x12,0xf0,0x08,
	0x00,0x00,0x88,
	0x00,0x16,0x00,
	0x01,0x80,0x00,
	0x23,0x0f,0x08,
	0x00,0x00,0x00,
	0x00,0x00,0x00,
	
	//========Address -- (04),
	0x00,0x00,0x00,
	0x00,0x00,0x00,
	0x12,0xf0,0x08,
	0x00,0x01,0x80,
	0x00,0xe1,0x00,
	0x00,0x00,0x88,
	0x21,0x1e,0x00,
	0x00,0x00,0x00,
	0x00,0x00,0x00,
	
	//========Address -- (05),
	0x00,0x00,0x00,
	0x00,0x00,0x00,
	0x00,0x13,0x00,
	0x00,0x59,0x00,
	0x12,0x11,0x00,
	0x30,0xf1,0xc0,
	0x00,0x11,0x00,
	0x00,0x00,0x00,
	0x00,0x00,0x00,
	
	//========Address -- (06),
	0x00,0x00,0x00,
	0x00,0x00,0x00,
	0x32,0xf0,0x80,
	0x22,0x00,0x00,
	0x30,0xe1,0x00,
	0x00,0x00,0x88,
	0x21,0x1e,0x00,
	0x00,0x00,0x00,
	0x00,0x00,0x00,
	
	//========Address -- (07),
	0x00,0x00,0x00,
	0x00,0x00,0x00,
	0x01,0x78,0x00,
	0x12,0x00,0x00,
	0x32,0xe1,0x00,
	0x22,0x00,0x88,
	0x10,0x1e,0x00,
	0x00,0x00,0x00,
	0x00,0x00,0x00,
	
	//========Address -- (08),
	0x00,0x00,0x00,
	0x00,0x00,0x00,
	0x30,0xf0,0x88,
	0x00,0x11,0x00,
	0x00,0x22,0x00,
	0x00,0x48,0x00,
	0x01,0x80,0x00,
	0x00,0x00,0x00,
	0x00,0x00,0x00,
	
	//========Address -- (09),
	0x00,0x00,0x00,
	0x00,0x00,0x00,
	0x12,0xf0,0x08,
	0x22,0x00,0x88,
	0x12,0xf0,0x08,
	0x22,0x00,0x88,
	0x21,0x0f,0x80,
	0x00,0x00,0x00,
	0x00,0x00,0x00,
	
	//========Address -- (0a),
	0x00,0x00,0x00,
	0x00,0x00,0x00,
	0x01,0xe1,0x00,
	0x22,0x00,0x88,
	0x10,0x0f,0x88,
	0x00,0x01,0x80,
	0x01,0x3c,0x00,
	0x00,0x00,0x00,
	0x00,0x00,0x00,
	
	//========Address -- (0b),
	0x00,0x00,0x00,
	0x00,0x00,0x00,
	0x01,0xc2,0x00,
	0x12,0x21,0x00,
	0x22,0x11,0x00,
	0x74,0xf0,0x88,
	0x88,0x00,0x44,
	0x00,0x00,0x00,
	0x00,0x00,0x00,
	
	//========Address -- (0c),
	0x00,0x00,0x00,
	0x00,0x00,0x00,
	0xf8,0xc2,0x00,
	0x88,0x22,0x00,
	0xf8,0xc2,0x00,
	0x88,0x11,0x00,
	0x8f,0x2c,0x00,
	0x00,0x00,0x00,
	0x00,0x00,0x00,
	
	//========Address -- (0d),
	0x00,0x00,0x00,
	0x00,0x00,0x00,
	0x16,0xe1,0x00,
	0x48,0x00,0x00,
	0x88,0x00,0x00,
	0x84,0x00,0x00,
	0x61,0x1e,0x00,
	0x00,0x00,0x00,
	0x00,0x00,0x00,
	
	//========Address -- (0e),
	0x00,0x00,0x00,
	0x00,0x00,0x00,
	0xf8,0xc3,0x00,
	0x88,0x10,0x08,
	0x88,0x00,0x88,
	0x88,0x01,0x80,
	0x8f,0x3c,0x00,
	0x00,0x00,0x00,
	0x00,0x00,0x00,
	
	//========Address -- (0f),
	0x00,0x00,0x00,
	0x00,0x00,0x00,
	0xf8,0xe0,0x00,
	0x88,0x00,0x00,
	0xf8,0xe0,0x00,
	0x88,0x00,0x00,
	0x8f,0x0e,0x00,
	0x00,0x00,0x00,
	0x00,0x00,0x00,
	
	//========Address -- (10),
	0x00,0x00,0x00,
	0x00,0x00,0x00,
	0xf8,0xe0,0x00,
	0x88,0x00,0x00,
	0xf8,0xc0,0x00,
	0x88,0x00,0x00,
	0x88,0x00,0x00,
	0x00,0x00,0x00,
	0x00,0x00,0x00,
	
	//========Address -- (11),
	0x00,0x00,0x00,
	0x00,0x00,0x00,
	0x16,0xe1,0x08,
	0x48,0x00,0x80,
	0x88,0x07,0x08,
	0x84,0x00,0x88,
	0x61,0x0f,0x80,
	0x00,0x00,0x00,
	0x00,0x00,0x00,
	
	//========Address -- (12),
	0x00,0x00,0x00,
	0x00,0x00,0x00,
	0x88,0x11,0x00,
	0x88,0x11,0x00,
	0xf8,0xf1,0x00,
	0x88,0x11,0x00,
	0x88,0x11,0x00,
	0x00,0x00,0x00,
	0x00,0x00,0x00,
	
	//========Address -- (13),
	0x00,0x00,0x00,
	0x00,0x00,0x00,
	0xe4,0x00,0x00,
	0x44,0x00,0x00,
	0x44,0x00,0x00,
	0x44,0x00,0x00,
	0x4e,0x00,0x00,
	0x00,0x00,0x00,
	0x00,0x00,0x00,
	
	//========Address -- (14),
	0x00,0x00,0x00,
	0x00,0x00,0x00,
	0x30,0x88,0x00,
	0x00,0x88,0x00,
	0x00,0x88,0x00,
	0x00,0x88,0x00,
	0x0f,0x80,0x00,
	0x00,0x00,0x00,
	0x00,0x00,0x00,
	
	//========Address -- (15),
	0x00,0x00,0x00,
	0x00,0x00,0x00,
	0x88,0x24,0x00,
	0x89,0x80,0x00,
	0xad,0x00,0x00,
	0x88,0x84,0x00,
	0x88,0x21,0x00,
	0x00,0x00,0x00,
	0x00,0x00,0x00,
	
	//========Address -- (16),
	0x00,0x00,0x00,
	0x00,0x00,0x00,
	0x88,0x00,0x00,
	0x88,0x00,0x00,
	0x88,0x00,0x00,
	0x88,0x00,0x00,
	0x8f,0x0e,0x00,
	0x00,0x00,0x00,
	0x00,0x00,0x00,
	
	//========Address -- (17),
	0x00,0x00,0x00,
	0x00,0x00,0x00,
	0xcc,0x11,0x88,
	0xaa,0x22,0x88,
	0x99,0x44,0x88,
	0x88,0x88,0x88,
	0x88,0x00,0x88,
	0x00,0x00,0x00,
	0x00,0x00,0x00,
	
	//========Address -- (18),
	0x00,0x00,0x00,
	0x00,0x00,0x00,
	0xcc,0x11,0x00,
	0xa9,0x11,0x00,
	0x98,0x19,0x00,
	0x88,0x95,0x00,
	0x88,0x33,0x00,
	0x00,0x00,0x00,
	0x00,0x00,0x00,
	
	//========Address -- (19),
	0x00,0x00,0x00,
	0x00,0x00,0x00,
	0x16,0xc3,0x00,
	0x48,0x10,0x08,
	0x88,0x00,0x88,
	0x84,0x01,0x80,
	0x61,0x3c,0x00,
	0x00,0x00,0x00,
	0x00,0x00,0x00,
	
	//========Address -- (1a),
	0x00,0x00,0x00,
	0x00,0x00,0x00,
	0xf8,0x84,0x00,
	0x88,0x22,0x00,
	0x8f,0x48,0x00,
	0x88,0x00,0x00,
	0x88,0x00,0x00,
	0x00,0x00,0x00,
	0x00,0x00,0x00,
	
	//========Address -- (1b),
	0x00,0x00,0x00,
	0x00,0x00,0x00,
	0x34,0xc2,0x00,
	0x88,0x11,0x00,
	0x88,0x11,0x00,
	0x84,0x12,0x00,
	0x30,0xc4,0x00,
	0x00,0x30,0x00,
	0x00,0x00,0x00,
	
	//========Address -- (1c),
	0x00,0x00,0x00,
	0x00,0x00,0x00,
	0xf8,0x84,0x00,
	0x88,0x44,0x00,
	0x8f,0x80,0x00,
	0x98,0x08,0x00,
	0x88,0x42,0x00,
	0x00,0x00,0x00,
	0x00,0x00,0x00,
	
	//========Address -- (1d),
	0x00,0x00,0x00,
	0x00,0x00,0x00,
	0x34,0xe1,0x00,
	0x88,0x00,0x00,
	0x70,0x0e,0x00,
	0x08,0x11,0x00,
	0x43,0x2c,0x00,
	0x00,0x00,0x00,
	0x00,0x00,0x00,
	
	//========Address -- (1e),
	0x00,0x00,0x00,
	0x00,0x00,0x00,
	0xf0,0xf8,0x80,
	0x00,0x88,0x00,
	0x00,0x88,0x00,
	0x00,0x88,0x00,
	0x00,0x88,0x00,
	0x00,0x00,0x00,
	0x00,0x00,0x00,
	
	//========Address -- (1f),
	0x00,0x00,0x00,
	0x00,0x00,0x00,
	0x88,0x11,0x00,
	0x88,0x11,0x00,
	0x88,0x11,0x00,
	0x88,0x11,0x00,
	0x43,0x2c,0x00,
	0x00,0x00,0x00,
	0x00,0x00,0x00,
	
	//========Address -- (20),
	0x00,0x00,0x00,
	0x00,0x00,0x00,
	0x88,0x00,0x44,
	0x44,0x00,0x88,
	0x22,0x11,0x00,
	0x21,0x12,0x00,
	0x10,0x2c,0x00,
	0x00,0x00,0x00,
	0x00,0x00,0x00,
	
	//========Address -- (21),
	0x00,0x00,0x00,
	0x00,0x00,0x00,
	0x88,0x44,0x22,
	0x88,0xaa,0x22,
	0x45,0xa1,0x44,
	0x52,0x10,0x48,
	0x20,0x00,0x80,
	0x00,0x00,0x00,
	0x00,0x00,0x00,
	
	//========Address -- (22),
	0x00,0x00,0x00,
	0x00,0x00,0x00,
	0x84,0x12,0x00,
	0x22,0x44,0x00,
	0x11,0x88,0x00,
	0x22,0x44,0x00,
	0x48,0x21,0x00,
	0x00,0x00,0x00,
	0x00,0x00,0x00,
	
	//========Address -- (23),
	0x00,0x00,0x00,
	0x00,0x00,0x00,
	0x84,0x01,0x80,
	0x22,0x22,0x00,
	0x10,0x48,0x00,
	0x00,0x88,0x00,
	0x00,0x88,0x00,
	0x00,0x00,0x00,
	0x00,0x00,0x00,
	
	//========Address -- (24),
	0x00,0x00,0x00,
	0x00,0x00,0x00,
	0xf0,0xf1,0x00,
	0x00,0x24,0x00,
	0x01,0x80,0x00,
	0x24,0x00,0x00,
	0x8f,0x0f,0x00,
	0x00,0x00,0x00,
	0x00,0x00,0x00,
	
	//========Address -- (25),
	0x00,0x00,0x00,
	0x00,0x00,0x00,
	0x00,0x00,0x00,
	0x34,0x84,0x00,
	0x07,0x4c,0x00,
	0x88,0x44,0x00,
	0x87,0xc4,0x00,
	0x00,0x00,0x00,
	0x00,0x00,0x00,
	
	//========Address -- (26),
	0x00,0x00,0x00,
	0x08,0x00,0x00,
	0x88,0x00,0x00,
	0xbc,0x84,0x00,
	0x88,0x22,0x00,
	0x88,0x22,0x00,
	0x8f,0x48,0x00,
	0x00,0x00,0x00,
	0x00,0x00,0x00,
	
	//========Address -- (27),
	0x00,0x00,0x00,
	0x00,0x00,0x00,
	0x00,0x00,0x00,
	0x34,0x84,0x00,
	0x88,0x00,0x00,
	0x88,0x00,0x00,
	0x43,0x48,0x00,
	0x00,0x00,0x00,
	0x00,0x00,0x00,
	
	//========Address -- (28),
	0x00,0x00,0x00,
	0x00,0x02,0x00,
	0x00,0x22,0x00,
	0x34,0xe2,0x00,
	0x88,0x22,0x00,
	0x88,0x22,0x00,
	0x43,0x6a,0x00,
	0x00,0x00,0x00,
	0x00,0x00,0x00,
	
	//========Address -- (29),
	0x00,0x00,0x00,
	0x00,0x00,0x00,
	0x00,0x00,0x00,
	0x34,0x08,0x00,
	0x8f,0x4c,0x00,
	0x88,0x00,0x00,
	0x43,0x48,0x00,
	0x00,0x00,0x00,
	0x00,0x00,0x00,
	
	//========Address -- (2a),
	0x00,0x00,0x00,
	0x00,0x00,0x00,
	0x34,0x80,0x00,
	0x4f,0x08,0x00,
	0x44,0x00,0x00,
	0x44,0x00,0x00,
	0x44,0x00,0x00,
	0x00,0x00,0x00,
	0x00,0x00,0x00,
	
	//========Address -- (2b),
	0x00,0x00,0x00,
	0x00,0x00,0x00,
	0x00,0x00,0x00,
	0x34,0xe2,0x00,
	0x88,0x22,0x00,
	0x88,0x22,0x00,
	0x43,0x6a,0x00,
	0x04,0x24,0x00,
	0x30,0x80,0x00,
	
	//========Address -- (2c),
	0x00,0x00,0x00,
	0x08,0x00,0x00,
	0x88,0x00,0x00,
	0xbc,0xc2,0x00,
	0x88,0x22,0x00,
	0x88,0x22,0x00,
	0x88,0x22,0x00,
	0x00,0x00,0x00,
	0x00,0x00,0x00,
	
	//========Address -- (2d),
	0x00,0x00,0x00,
	0x00,0x00,0x00,
	0x80,0x00,0x00,
	0x88,0x00,0x00,
	0x88,0x00,0x00,
	0x88,0x00,0x00,
	0x88,0x00,0x00,
	0x00,0x00,0x00,
	0x00,0x00,0x00,
	
	//========Address -- (2e),
	0x00,0x00,0x00,
	0x00,0x00,0x00,
	0x10,0x00,0x00,
	0x71,0x00,0x00,
	0x11,0x00,0x00,
	0x11,0x00,0x00,
	0x11,0x00,0x00,
	0xe0,0x00,0x00,
	0x00,0x00,0x00,
	
	//========Address -- (2f),
	0x00,0x00,0x00,
	0x00,0x00,0x00,
	0x88,0x00,0x00,
	0x88,0x48,0x00,
	0x9a,0x00,0x00,
	0xe9,0x00,0x00,
	0x88,0x84,0x00,
	0x00,0x00,0x00,
	0x00,0x00,0x00,
	
	//========Address -- (30),
	0x00,0x00,0x00,
	0x08,0x00,0x00,
	0x88,0x00,0x00,
	0x88,0x00,0x00,
	0x88,0x00,0x00,
	0x88,0x00,0x00,
	0x88,0x00,0x00,
	0x00,0x00,0x00,
	0x00,0x00,0x00,
	
	//========Address -- (31),
	0x00,0x00,0x00,
	0x00,0x00,0x00,
	0x00,0x00,0x00,
	0xbc,0x96,0xc2,
	0x88,0x44,0x22,
	0x88,0x44,0x22,
	0x88,0x44,0x22,
	0x00,0x00,0x00,
	0x00,0x00,0x00,
	
	//========Address -- (32),
	0x00,0x00,0x00,
	0x00,0x00,0x00,
	0x00,0x00,0x00,
	0xbc,0xc2,0x00,
	0x88,0x22,0x00,
	0x88,0x22,0x00,
	0x88,0x22,0x00,
	0x00,0x00,0x00,
	0x00,0x00,0x00,
	
	//========Address -- (33),
	0x00,0x00,0x00,
	0x00,0x00,0x00,
	0x00,0x00,0x00,
	0x34,0x84,0x00,
	0x88,0x22,0x00,
	0x88,0x22,0x00,
	0x43,0x48,0x00,
	0x00,0x00,0x00,
	0x00,0x00,0x00,
	
	//========Address -- (34),
	0x00,0x00,0x00,
	0x00,0x00,0x00,
	0x00,0x00,0x00,
	0xbc,0x84,0x00,
	0x88,0x22,0x00,
	0x88,0x22,0x00,
	0x8f,0x48,0x00,
	0x88,0x00,0x00,
	0x80,0x00,0x00,
	
	//========Address -- (35),
	0x00,0x00,0x00,
	0x00,0x00,0x00,
	0x00,0x00,0x00,
	0x34,0xe2,0x00,
	0x88,0x22,0x00,
	0x88,0x22,0x00,
	0x43,0x6a,0x00,
	0x00,0x22,0x00,
	0x00,0x20,0x00,
	
	//========Address -- (36),
	0x00,0x00,0x00,
	0x00,0x00,0x00,
	0x00,0x00,0x00,
	0xbc,0x80,0x00,
	0x88,0x00,0x00,
	0x88,0x00,0x00,
	0x88,0x00,0x00,
	0x00,0x00,0x00,
	0x00,0x00,0x00,
	
	//========Address -- (37),
	0x00,0x00,0x00,
	0x00,0x00,0x00,
	0x00,0x00,0x00,
	0x78,0x84,0x00,
	0x86,0x00,0x00,
	0x10,0x84,0x00,
	0x87,0x48,0x00,
	0x00,0x00,0x00,
	0x00,0x00,0x00,
	
	//========Address -- (38),
	0x00,0x00,0x00,
	0x00,0x00,0x00,
	0x44,0x00,0x00,
	0xf4,0x80,0x00,
	0x44,0x00,0x00,
	0x44,0x00,0x00,
	0x43,0x08,0x00,
	0x00,0x00,0x00,
	0x00,0x00,0x00,
	
	//========Address -- (39),
	0x00,0x00,0x00,
	0x00,0x00,0x00,
	0x00,0x00,0x00,
	0x88,0x22,0x00,
	0x88,0x22,0x00,
	0x88,0x22,0x00,
	0x87,0x6a,0x00,
	0x00,0x00,0x00,
	0x00,0x00,0x00,
	
	//========Address -- (3a),
	0x00,0x00,0x00,
	0x00,0x00,0x00,
	0x00,0x00,0x00,
	0x88,0x44,0x00,
	0x44,0x88,0x00,
	0x43,0x80,0x00,
	0x33,0x00,0x00,
	0x00,0x00,0x00,
	0x00,0x00,0x00,
	
	//========Address -- (3b),
	0x00,0x00,0x00,
	0x00,0x00,0x00,
	0x00,0x00,0x00,
	0x88,0x88,0x88,
	0x55,0x55,0x00,
	0x55,0x55,0x00,
	0x22,0x22,0x00,
	0x00,0x00,0x00,
	0x00,0x00,0x00,
	
	//========Address -- (3c),
	0x00,0x00,0x00,
	0x00,0x00,0x00,
	0x00,0x00,0x00,
	0x84,0x24,0x00,
	0x21,0x80,0x00,
	0x12,0x08,0x00,
	0x48,0x42,0x00,
	0x00,0x00,0x00,
	0x00,0x00,0x00,
	
	//========Address -- (3d),
	0x00,0x00,0x00,
	0x00,0x00,0x00,
	0x00,0x00,0x00,
	0x0c,0x03,0x00,
	0x42,0x24,0x00,
	0x22,0x48,0x00,
	0x11,0x80,0x00,
	0x1e,0x00,0x00,
	0x00,0x00,0x00,
	
	//========Address -- (3e),
	0x00,0x00,0x00,
	0x00,0x00,0x00,
	0x00,0x00,0x00,
	0xf0,0xc4,0x00,
	0x01,0x80,0x00,
	0x24,0x00,0x00,
	0x8f,0x0c,0x00,
	0x00,0x00,0x00,
	0x00,0x00,0x00,
	
	//========Address -- (3f),
	0x00,0x00,0x00,
	0x00,0x00,0x00,
	0x00,0x00,0x00,
	0x00,0x00,0x00,
	0x00,0x00,0x00,
	0x00,0x00,0x00,
	0x03,0x00,0x00,
	0x30,0x00,0x00,
	0x00,0x00,0x00,
	
	//========Address -- (40),
	0x00,0x00,0x00,
	0x00,0x00,0x00,
	0x00,0x00,0x00,
	0x00,0x06,0x00,
	0x00,0x60,0x00,
	0x00,0x00,0x00,
	0x00,0x06,0x00,
	0x00,0x60,0x00,
	0x00,0x00,0x00,
	
	//========Address -- (41),
	0x00,0x00,0x00,
	0x00,0x00,0x00,
	0x00,0x00,0x00,
	0x00,0x66,0x00,
	0x11,0xff,0x88,
	0x00,0x66,0x00,
	0x00,0x00,0x00,
	0x00,0x00,0x00,
	0x00,0x00,0x00,
	
	//========Address -- (42),
	0x00,0x00,0x00,
	0x00,0x11,0x88,
	0x00,0x33,0x00,
	0x00,0x66,0x00,
	0x00,0x6c,0x00,
	0x00,0xcc,0x00,
	0x11,0x88,0x00,
	0x33,0x00,0x00,
	0x00,0x00,0x00,
	
	//========Address -- (43),
	0x00,0x00,0x00,
	0x00,0x00,0x00,
	0x00,0x00,0x13,
	0x00,0x00,0x7f,
	0x00,0x11,0xff,
	0x00,0x00,0xf7,
	0x00,0x00,0x31,
	0x00,0x00,0x00,
	0x00,0x00,0x00,
	
	//========Address -- (44),
	0x00,0x00,0x00,
	0x00,0x00,0x00,
	0x8c,0x00,0x00,
	0xef,0x00,0x00,
	0xff,0x88,0x00,
	0xfe,0x00,0x00,
	0xc8,0x00,0x00,
	0x00,0x00,0x00,
	0x00,0x00,0x00,
	
	//========Address -- (45),
	0x00,0x00,0x00,
	0x00,0x00,0x00,
	0x00,0x00,0x00,
	0x00,0x00,0x00,
	0x00,0xff,0x00,
	0x00,0x00,0x00,
	0x00,0x00,0x00,
	0x00,0x00,0x00,
	0x00,0x00,0x00,
	
	//========Address -- (46),
	0x00,0x00,0x00,
	0x04,0x08,0x00,
	0x30,0x00,0x00,
	0x34,0x08,0x00,
	0x8f,0x4c,0x00,
	0x88,0x00,0x00,
	0x43,0x48,0x00,
	0x00,0x00,0x00,
	0x00,0x00,0x00,
	
	//========Address -- (47),
	0x00,0x00,0x00,
	0x00,0x00,0x00,
	0x03,0x4f,0x00,
	0x48,0x44,0x84,
	0x88,0x44,0x44,
	0x84,0x44,0x48,
	0x30,0xf4,0x00,
	0x00,0x40,0x00,
	0x00,0x00,0x00,
	
	//========Address -- (48),
	0x00,0x00,0x00,
	0x00,0x00,0x00,
	0x00,0x00,0x00,
	0x48,0x00,0x84,
	0x88,0x88,0x44,
	0x88,0x88,0x44,
	0xc7,0xc7,0xc8,
	0x00,0x00,0x00,
	0x00,0x00,0x00,
	
	//========Address -- (49),
	0x00,0x00,0x00,
	0x00,0x00,0x00,
	0x00,0x00,0x00,
	0x79,0xe0,0x00,
	0x11,0x00,0x00,
	0x11,0x00,0x00,
	0x10,0x0c,0x00,
	0x00,0x00,0x00,
	0x00,0x00,0x00,
	
	//========Address -- (4a),
	0x00,0x00,0x00,
	0x00,0x00,0x00,
	0x00,0x00,0x00,
	0x78,0x84,0x00,
	0x87,0x08,0x00,
	0xc8,0x00,0x00,
	0x87,0x48,0x00,
	0x00,0x00,0x00,
	0x00,0x00,0x00,
	
	//========Address -- (4b),
	0x00,0x00,0x00,
	0x00,0x00,0x00,
	0x00,0x00,0x00,
	0x88,0x00,0x00,
	0x88,0x00,0x00,
	0x88,0x00,0x00,
	0x86,0x00,0x00,
	0x00,0x00,0x00,
	0x00,0x00,0x00,
	
	//========Address -- (4c),
	0x00,0x00,0x00,
	0x00,0x00,0x00,
	0x00,0x00,0x00,
	0x84,0x22,0x00,
	0x44,0x22,0x00,
	0x22,0x44,0x00,
	0x21,0x80,0x00,
	0x00,0x00,0x00,
	0x00,0x00,0x00,
	
	//========Address -- (4d),
	0x00,0x00,0x00,
	0x01,0x88,0x00,
	0x10,0x00,0x00,
	0x34,0x84,0x00,
	0x88,0x22,0x00,
	0x88,0x22,0x00,
	0x43,0x48,0x00,
	0x00,0x00,0x00,
	0x00,0x00,0x00,
	
	//========Address -- (4e),
	0x00,0x00,0x00,
	0x00,0x00,0x00,
	0x00,0x00,0x00,
	0xbc,0x8c,0x00,
	0x88,0x44,0x00,
	0x88,0x44,0x00,
	0x88,0x44,0x00,
	0x00,0x44,0x00,
	0x00,0x40,0x00,
	
	//========Address -- (4f),
	0x00,0x00,0x00,
	0x00,0x00,0x00,
	0x00,0x00,0x00,
	0x34,0x9e,0x00,
	0x88,0x66,0x00,
	0x88,0x66,0x00,
	0x47,0xa3,0x00,
	0x00,0x00,0x00,
	0x00,0x00,0x00,
	
	//========Address -- (50),
	0x00,0x00,0x00,
	0x01,0x88,0x00,
	0x10,0x00,0x00,
	0xc4,0x42,0x00,
	0x44,0x22,0x00,
	0x44,0x22,0x00,
	0x63,0x6c,0x00,
	0x00,0x00,0x00,
	0x00,0x00,0x00,
	
	//========Address -- (51),
	0x00,0x00,0x00,
	0x03,0x08,0x00,
	0x4c,0x42,0x00,
	0x88,0x22,0x00,
	0xf8,0xe2,0x00,
	0x88,0x22,0x00,
	0x43,0x48,0x00,
	0x00,0x00,0x00,
	0x00,0x00,0x00,
	
	//========Address -- (52),
	0x00,0x00,0x00,
	0x00,0x00,0x00,
	0x08,0x04,0x00,
	0x88,0x44,0x00,
	0x88,0x44,0x00,
	0x8c,0x4c,0x00,
	0xf8,0x40,0x00,
	0x88,0x00,0x00,
	0x00,0x00,0x00,
	
	//========Address -- (53),
	0x00,0x00,0x00,
	0x00,0x00,0x00,
	0x00,0x00,0x00,
	0x34,0xf4,0x00,
	0x88,0x22,0x00,
	0x88,0x22,0x00,
	0x43,0x48,0x00,
	0x00,0x00,0x00,
	0x00,0x00,0x00,
	
	//========Address -- (54),
	0x00,0x00,0x00,
	0x00,0x00,0x00,
	0x00,0x00,0x00,
	0x89,0xc0,0x00,
	0xaa,0x00,0x00,
	0xf9,0x00,0x00,
	0x98,0x8c,0x00,
	0x00,0x00,0x00,
	0x00,0x00,0x00,
	
	//========Address -- (55),
	0x00,0x00,0x00,
	0x00,0x00,0x00,
	0x03,0x08,0x00,
	0x4c,0x40,0x00,
	0x88,0x00,0x00,
	0x8c,0x00,0x00,
	0x70,0x8c,0x00,
	0x00,0x40,0x00,
	0x00,0x00,0x00,
	
	//========Address -- (56),
	0x00,0x00,0x00,
	0x00,0x00,0x00,
	0x0c,0x06,0x00,
	0x62,0x4c,0x00,
	0x11,0x88,0x00,
	0x13,0x88,0x00,
	0x26,0xc4,0x00,
	0x48,0x63,0x00,
	0x00,0x00,0x00,
	
	//========Address -- (57),
	0x00,0x00,0x00,
	0x00,0x00,0x00,
	0x07,0x08,0x00,
	0x48,0x42,0x00,
	0x88,0x22,0x00,
	0x8c,0x24,0x00,
	0xb8,0x80,0x00,
	0x88,0x00,0x00,
	0x00,0x00,0x00,
	
	//========Address -- (58),
	0x00,0x00,0x00,
	0x00,0x26,0x00,
	0x00,0x40,0x00,
	0x48,0x00,0x84,
	0x88,0x88,0x44,
	0x88,0x88,0x44,
	0xc7,0xc7,0xc8,
	0x00,0x00,0x00,
	0x00,0x00,0x00,
	
	//========Address -- (59),
	0x00,0x00,0x00,
	0x00,0x00,0x00,
	0x00,0x00,0x00,
	0xfa,0xf2,0x80,
	0x22,0x22,0x00,
	0x22,0x22,0x00,
	0x22,0x21,0x08,
	0x00,0x00,0x00,
	0x00,0x00,0x00,
	
	//========Address -- (5a),
	0x00,0x00,0x00,
	0x00,0x00,0x00,
	0x04,0x07,0x00,
	0xc8,0x98,0x08,
	0x88,0x88,0x88,
	0x84,0x89,0x80,
	0x30,0xe8,0x00,
	0x00,0x88,0x00,
	0x00,0x00,0x00,
	
	//========Address -- (5b),
	0x00,0x00,0x00,
	0x01,0x88,0x00,
	0x10,0x00,0x00,
	0x34,0x9e,0x00,
	0x88,0x66,0x00,
	0x88,0x66,0x00,
	0x47,0xa3,0x00,
	0x00,0x00,0x00,
	0x00,0x00,0x00,
	
	//========Address -- (5c),
	0x00,0x00,0x00,
	0x0f,0x0f,0x00,
	0x88,0x11,0x00,
	0x88,0x11,0x00,
	0x88,0x11,0x00,
	0x88,0x11,0x00,
	0x88,0x11,0x00,
	0x00,0x00,0x00,
	0x00,0x00,0x00,
	
	//========Address -- (5d),
	0x00,0x00,0x00,
	0x4c,0x00,0x00,
	0x80,0x00,0x00,
	0x88,0x00,0x00,
	0x88,0x00,0x00,
	0x88,0x00,0x00,
	0x86,0x00,0x00,
	0x00,0x00,0x00,
	0x00,0x00,0x00,
	
	//========Address -- (5e),
	0x00,0x00,0x00,
	0x00,0x0c,0x00,
	0x11,0xc4,0x00,
	0x13,0x22,0x00,
	0x22,0x21,0x00,
	0x44,0x11,0x00,
	0x48,0x00,0x88,
	0x00,0x00,0x00,
	0x00,0x00,0x00,
	
	//========Address -- (5f),
	0x00,0x00,0x00,
	0x00,0x00,0x00,
	0x00,0x00,0x00,
	0xc4,0x42,0x00,
	0x44,0x22,0x00,
	0x44,0x22,0x00,
	0x63,0x6c,0x00,
	0x00,0x00,0x00,
	0x00,0x00,0x00,
	
	//========Address -- (60),
	0x00,0x00,0x00,
	0x00,0x00,0x00,
	0x0c,0x02,0x00,
	0x46,0x22,0x00,
	0x22,0x64,0x00,
	0x11,0xc8,0x00,
	0x11,0x00,0x00,
	0x11,0x00,0x00,
	0x00,0x00,0x00,
	
	//========Address -- (61),
	0x00,0x00,0x00,
	0x03,0x08,0x00,
	0x44,0x40,0x00,
	0x31,0x08,0x00,
	0x68,0x42,0x00,
	0x88,0x22,0x00,
	0xc7,0x48,0x00,
	0x00,0x00,0x00,
	0x00,0x00,0x00,
	
	//========Address -- (62),
	0x00,0x00,0x00,
	0x13,0x00,0x00,
	0x20,0x00,0x00,
	0x78,0x84,0x00,
	0x87,0x08,0x00,
	0xc8,0x00,0x00,
	0x87,0x48,0x00,
	0x00,0x00,0x00,
	0x00,0x00,0x00,
	
	//========Address -- (63),
	0x00,0x00,0x00,
	0x07,0x0c,0x00,
	0x01,0x80,0x00,
	0x24,0x00,0x00,
	0x48,0x00,0x00,
	0x88,0x00,0x00,
	0xc7,0x08,0x00,
	0x00,0x44,0x00,
	0x00,0x00,0x00,
	
	//========Address -- (64),
	0x00,0x00,0x00,
	0x03,0x0e,0x00,
	0x64,0x31,0x00,
	0x88,0x00,0x88,
	0x98,0xc0,0x88,
	0x84,0x01,0x80,
	0x63,0x3e,0x00,
	0x00,0x00,0x00,
	0x00,0x00,0x00,
	
	//========Address -- (65),
	0x00,0x00,0x00,
	0x08,0x08,0x04,
	0x88,0x88,0x44,
	0x88,0x88,0x44,
	0x84,0x88,0x48,
	0x30,0xf8,0x00,
	0x00,0x88,0x00,
	0x00,0x00,0x00,
	0x00,0x00,0x00,
	
	//========Address -- (66),
	0x00,0x00,0x00,
	0x0f,0x0c,0x00,
	0x88,0x00,0x00,
	0x88,0x00,0x00,
	0x88,0x00,0x00,
	0x88,0x00,0x00,
	0x88,0x00,0x00,
	0x00,0x00,0x00,
	0x00,0x00,0x00,
	
	//========Address -- (67),
	0x00,0x00,0x00,
	0x00,0x04,0x00,
	0x00,0xea,0x00,
	0x11,0x11,0x00,
	0x22,0x00,0x88,
	0x44,0x00,0x44,
	0x8f,0x0f,0x2e,
	0x00,0x00,0x00,
	0x00,0x00,0x00,
	
	//========Address -- (68),
	0x00,0x00,0x00,
	0x05,0x0f,0x08,
	0xd9,0x00,0x00,
	0x11,0x00,0x00,
	0x11,0xf0,0x00,
	0x11,0x00,0x00,
	0x11,0x0f,0x08,
	0x00,0x00,0x00,
	0x00,0x00,0x00,
	
	//========Address -- (69),
	0x00,0x00,0x00,
	0x01,0x08,0x00,
	0x30,0x00,0x00,
	0x34,0x84,0x00,
	0x8f,0x4c,0x00,
	0x88,0x00,0x00,
	0x43,0x48,0x00,
	0x00,0x00,0x00,
	0x00,0x00,0x00,
	
	//========Address -- (6a),
	0x00,0x00,0x00,
	0x01,0x08,0x00,
	0x30,0x00,0x00,
	0x34,0x84,0x00,
	0x03,0x4c,0x00,
	0xc8,0x44,0x00,
	0x87,0xc4,0x00,
	0x00,0x00,0x00,
	0x00,0x00,0x00,
	
	//========Address -- (6b),
	0x00,0x00,0x00,
	0x06,0x00,0x00,
	0xc0,0x00,0x00,
	0x88,0x00,0x00,
	0x88,0x00,0x00,
	0x88,0x00,0x00,
	0x88,0x00,0x00,
	0x00,0x00,0x00,
	0x00,0x00,0x00,
	
	//========Address -- (6c),
	0x00,0x00,0x00,
	0x06,0x0c,0x00,
	0x60,0xc0,0x00,
	0x34,0x84,0x00,
	0x88,0x22,0x00,
	0x88,0x22,0x00,
	0x43,0x48,0x00,
	0x00,0x00,0x00,
	0x00,0x00,0x00,
	
	//========Address -- (6d),
	0x00,0x00,0x00,
	0x06,0x0c,0x00,
	0x60,0xc0,0x00,
	0x88,0x44,0x00,
	0x88,0x44,0x00,
	0x88,0x44,0x00,
	0xc7,0xc4,0x00,
	0x00,0x00,0x00,
	0x00,0x00,0x00,
	
	//========Address -- (6e),
	0x00,0x00,0x00,
	0x06,0x0c,0x00,
	0x60,0xc0,0x00,
	0x34,0x84,0x00,
	0x03,0x4c,0x00,
	0xc8,0x44,0x00,
	0x87,0xc4,0x00,
	0x00,0x00,0x00,
	0x00,0x00,0x00,
	
	//========Address -- (6f),
	0x00,0x00,0x00,
	0x00,0x0c,0x00,
	0x10,0x80,0x00,
	0x34,0x84,0x00,
	0x88,0x22,0x00,
	0x88,0x22,0x00,
	0x43,0x48,0x00,
	0x00,0x00,0x00,
	0x00,0x00,0x00,
	
	//========Address -- (70),
	0x00,0x0c,0x00,
	0x11,0x22,0x00,
	0x00,0xcc,0x00,
	0x11,0x22,0x00,
	0x22,0x11,0x00,
	0x74,0xf0,0x88,
	0x88,0x00,0x44,
	0x00,0x00,0x00,
	0x00,0x00,0x00,
	
	//========Address -- (71),
	0x00,0x00,0x00,
	0x00,0x00,0x00,
	0x00,0x00,0x00,
	0x88,0x00,0x00,
	0x88,0x00,0x00,
	0x88,0x00,0x00,
	0x88,0x00,0x00,
	0x00,0x00,0x00,
	0x00,0x00,0x00,
	
	//========Address -- (72),
	0x00,0x00,0x00,
	0x03,0x00,0x00,
	0x60,0x00,0x00,
	0x78,0x84,0x00,
	0x86,0x00,0x00,
	0x10,0x84,0x00,
	0x87,0x48,0x00,
	0x00,0x00,0x00,
	0x00,0x00,0x00,
	
	//========Address -- (73),
	0x00,0x00,0x00,
	0x01,0x08,0x00,
	0x30,0x00,0x00,
	0x34,0x84,0x00,
	0x88,0x00,0x00,
	0x88,0x00,0x00,
	0x43,0x48,0x00,
	0x00,0x00,0x00,
	0x00,0x00,0x00,
	
	//========Address -- (74),
	0x00,0x00,0x00,
	0x04,0x08,0x00,
	0x30,0x00,0x00,
	0x34,0x08,0x00,
	0x8f,0x4c,0x00,
	0x88,0x00,0x00,
	0x43,0x48,0x00,
	0x00,0x00,0x00,
	0x00,0x00,0x00,
	
	//========Address -- (75),
	0x00,0x00,0x00,
	0x01,0x02,0x00,
	0x20,0x40,0x00,
	0x34,0x84,0x00,
	0x88,0x22,0x00,
	0x88,0x22,0x00,
	0x43,0x48,0x00,
	0x00,0x00,0x00,
	0x00,0x00,0x00,
	
	//========Address -- (76),
	0x06,0x06,0x00,
	0x60,0x60,0x00,
	0x16,0xc3,0x00,
	0x48,0x10,0x08,
	0x88,0x00,0x88,
	0x84,0x01,0x80,
	0x61,0x3c,0x00,
	0x00,0x00,0x00,
	0x00,0x00,0x00,
	
	//========Address -- (77),
	0x00,0x00,0x00,
	0x03,0x02,0x00,
	0x40,0xc0,0x00,
	0x34,0x84,0x00,
	0x07,0x4c,0x00,
	0x88,0x44,0x00,
	0x87,0xc4,0x00,
	0x00,0x00,0x00,
	0x00,0x00,0x00,
	
	//========Address -- (78),
	0x03,0x08,0x00,
	0x44,0x44,0x00,
	0x30,0x80,0x00,
	0x34,0x84,0x00,
	0x07,0x4c,0x00,
	0x88,0x44,0x00,
	0x87,0xc4,0x00,
	0x00,0x00,0x00,
	0x00,0x00,0x00,
	
	//========Address -- (79),
	0x00,0x00,0x00,
	0x07,0x00,0x00,
	0x11,0x08,0x00,
	0x01,0x88,0x00,
	0x13,0x44,0x00,
	0x24,0x22,0x00,
	0x48,0x21,0x00,
	0x00,0x00,0x00,
	0x00,0x00,0x00,
	
	//========Address -- (7a),
	0x00,0x00,0x00,
	0x00,0x00,0x00,
	0x00,0x00,0x00,
	0x78,0x84,0x00,
	0x86,0x00,0x00,
	0x10,0x84,0x00,
	0x87,0x48,0x00,
	0x11,0x00,0x00,
	0xe0,0x00,0x00,
	
	//========Address -- (7b),
	0x00,0x00,0x00,
	0x04,0x00,0x00,
	0x44,0x00,0x00,
	0x44,0x00,0x00,
	0x6c,0x00,0x00,
	0x44,0x00,0x00,
	0x44,0x00,0x00,
	0x00,0x00,0x00,
	0x00,0x00,0x00,
	
	//========Address -- (7c),
	0x00,0x00,0x00,
	0x00,0x00,0x00,
	0x00,0x00,0x00,
	0x34,0x84,0x00,
	0x07,0x4c,0x00,
	0x88,0x44,0x00,
	0x87,0xc4,0x00,
	0x00,0x44,0x00,
	0x00,0x20,0x00,
	
	//========Address -- (7d),
	0x00,0x00,0x00,
	0x00,0x00,0x00,
	0x00,0x00,0x00,
	0x34,0x84,0x00,
	0x88,0x00,0x00,
	0x88,0x00,0x00,
	0x43,0x48,0x00,
	0x00,0x88,0x00,
	0x70,0x00,0x00,
	
	//========Address -- (7e),
	0x06,0x06,0x00,
	0x60,0x60,0x00,
	0x88,0x11,0x00,
	0x88,0x11,0x00,
	0x88,0x11,0x00,
	0x88,0x11,0x00,
	0x43,0x2c,0x00,
	0x00,0x00,0x00,
	0x00,0x00,0x00,
	
	//========Address -- (7f),
	0x00,0x00,0x00,
	0x00,0x08,0x00,
	0x10,0x00,0x00,
	0xbc,0xc2,0x00,
	0x88,0x22,0x00,
	0x88,0x22,0x00,
	0x88,0x22,0x00,
	0x00,0x00,0x00,
	0x00,0x00,0x00,
	
	//========Address -- (80),
	0x10,0x2c,0x00,
	0x00,0x00,0x00,
	0x16,0xe1,0x00,
	0x48,0x00,0x00,
	0x88,0x00,0x00,
	0x84,0x00,0x00,
	0x61,0x1e,0x00,
	0x00,0x00,0x00,
	0x00,0x00,0x00,
	
	//========Address -- (81),
	0x00,0x00,0x00,
	0x01,0x08,0x00,
	0x30,0x00,0x00,
	0x88,0x44,0x00,
	0x44,0x88,0x00,
	0x43,0x80,0x00,
	0x33,0x00,0x00,
	0x22,0x00,0x00,
	0x40,0x00,0x00,
	
	//========Address -- (82),
	0x00,0x00,0x00,
	0x03,0x00,0x00,
	0x40,0x80,0x00,
	0x34,0x08,0x00,
	0x8f,0x4c,0x00,
	0x88,0x00,0x00,
	0x43,0x48,0x00,
	0x00,0x00,0x00,
	0x00,0x00,0x00,
	
	//========Address -- (83),
	0x03,0x08,0x00,
	0x44,0x44,0x00,
	0x30,0x80,0x00,
	0x88,0x22,0x00,
	0x88,0x22,0x00,
	0x88,0x22,0x00,
	0x87,0x6a,0x00,
	0x00,0x00,0x00,
	0x00,0x00,0x00,
	
	//========Address -- (84),
	0x00,0x6c,0x00,
	0x00,0x00,0x00,
	0x01,0xc2,0x00,
	0x12,0x21,0x00,
	0x22,0x11,0x00,
	0x74,0xf0,0x88,
	0x88,0x00,0x44,
	0x00,0x00,0x00,
	0x00,0x00,0x00,
	
	//========Address -- (85),
	0x00,0x00,0x00,
	0x00,0x00,0x00,
	0x34,0xe1,0x00,
	0x88,0x00,0x00,
	0x70,0x0e,0x00,
	0x08,0x11,0x00,
	0x43,0x2c,0x00,
	0x00,0x44,0x00,
	0x30,0x80,0x00,
	
	//========Address -- (86),
	0x00,0x00,0x00,
	0x01,0x08,0x00,
	0x30,0x00,0x00,
	0xbc,0x8c,0x00,
	0x88,0x44,0x00,
	0x88,0x44,0x00,
	0x88,0x44,0x00,
	0x00,0x44,0x00,
	0x00,0x40,0x00,
	
	//========Address -- (87),
	0x03,0x03,0x00,
	0x30,0x30,0x00,
	0x01,0xc2,0x00,
	0x12,0x21,0x00,
	0x22,0x11,0x00,
	0x74,0xf0,0x88,
	0x88,0x00,0x44,
	0x00,0x00,0x00,
	0x00,0x00,0x00,
	
	//========Address -- (88),
	0x00,0x00,0x00,
	0x03,0x02,0x00,
	0x40,0xc0,0x00,
	0xbc,0xc2,0x00,
	0x88,0x22,0x00,
	0x88,0x22,0x00,
	0x88,0x22,0x00,
	0x00,0x00,0x00,
	0x00,0x00,0x00,
	
	//========Address -- (89),
	0x21,0x48,0x00,
	0x00,0x00,0x00,
	0xf0,0xf1,0x00,
	0x00,0x24,0x00,
	0x01,0x80,0x00,
	0x24,0x00,0x00,
	0x8f,0x0f,0x00,
	0x00,0x00,0x00,
	0x00,0x00,0x00,
	
	//========Address -- (8a),
	0x00,0x00,0x00,
	0x01,0x08,0x00,
	0x20,0x40,0x00,
	0x34,0x84,0x00,
	0x07,0x4c,0x00,
	0x88,0x44,0x00,
	0x87,0xc4,0x00,
	0x00,0x00,0x00,
	0x00,0x00,0x00,
	
	//========Address -- (8b),
	0x00,0x00,0x00,
	0x09,0x00,0x00,
	0x60,0x00,0x00,
	0xbc,0x80,0x00,
	0x88,0x00,0x00,
	0x88,0x00,0x00,
	0x88,0x00,0x00,
	0x00,0x00,0x00,
	0x00,0x00,0x00,
	
	//========Address -- (8c),
	0x00,0x00,0x00,
	0x21,0x2c,0x00,
	0x03,0x0e,0x00,
	0x48,0x22,0x00,
	0x88,0x22,0x00,
	0x84,0x26,0x00,
	0x30,0xa2,0x00,
	0x43,0x48,0x00,
	0x00,0x00,0x00,
	
	//========Address -- (8d),
	0x00,0x00,0x00,
	0x00,0x00,0x00,
	0x00,0x00,0x00,
	0x34,0x08,0x00,
	0x8f,0x4c,0x00,
	0x88,0x00,0x00,
	0x43,0x48,0x00,
	0x11,0x00,0x00,
	0x00,0xc0,0x00,
	
	//========Address -- (8e),
	0x00,0x00,0x00,
	0x04,0x08,0x00,
	0x30,0x00,0x00,
	0x78,0x84,0x00,
	0x86,0x00,0x00,
	0x10,0x84,0x00,
	0x87,0x48,0x00,
	0x00,0x00,0x00,
	0x00,0x00,0x00,
	
	//========Address -- (8f),
	0x00,0x00,0x00,
	0x03,0x00,0x00,
	0x30,0x00,0x00,
	0xf0,0xc4,0x00,
	0x01,0x80,0x00,
	0x24,0x00,0x00,
	0x8f,0x0c,0x00,
	0x00,0x00,0x00,
	0x00,0x00,0x00,
	
	//========Address -- (90),
	0x21,0x48,0x00,
	0x00,0x00,0x00,
	0x34,0xe1,0x00,
	0x88,0x00,0x00,
	0x70,0x0e,0x00,
	0x08,0x11,0x00,
	0x43,0x2c,0x00,
	0x00,0x00,0x00,
	0x00,0x00,0x00,
	
	//========Address -- (91),
	0x00,0x00,0x00,
	0x00,0x0c,0x00,
	0x10,0x80,0x00,
	0x88,0x22,0x00,
	0x88,0x22,0x00,
	0x88,0x22,0x00,
	0x87,0x6a,0x00,
	0x00,0x00,0x00,
	0x00,0x00,0x00,
	
	//========Address -- (92),
	0x01,0x68,0x00,
	0x00,0x00,0x00,
	0x16,0xc3,0x00,
	0x48,0x10,0x08,
	0x88,0x00,0x88,
	0x84,0x01,0x80,
	0x61,0x3c,0x00,
	0x00,0x00,0x00,
	0x00,0x00,0x00,
	
	//========Address -- (93),
	0x00,0x00,0x00,
	0x04,0x02,0x00,
	0x79,0xb4,0xe8,
	0x42,0xf0,0xc4,
	0x15,0xf1,0x44,
	0x55,0xf1,0x44,
	0x54,0xf0,0x44,
	0x40,0x10,0xc0,
	0x00,0x00,0x00,
	
	//========Address -- (94),
	0x00,0x00,0x00,
	0x02,0x02,0x00,
	0x24,0x22,0x00,
	0x5c,0xf2,0xc0,
	0x44,0x7a,0x08,
	0x56,0x22,0x42,
	0x44,0xf2,0x80,
	0x40,0x20,0x00,
	0x00,0x00,0x00,
	
	//========Address -- (95),
	0x00,0x00,0x00,
	0x00,0x04,0x00,
	0x0f,0x4f,0x0e,
	0x88,0x44,0x22,
	0x88,0x44,0x22,
	0xf0,0xf4,0xe0,
	0x00,0x44,0x00,
	0x00,0x40,0x00,
	0x00,0x00,0x00,
	
	//========Address -- (96),
	0x00,0x00,0x00,
	0x00,0x08,0x00,
	0x00,0x42,0x00,
	0xf1,0xf0,0xf8,
	0x00,0x89,0x80,
	0x00,0x52,0x00,
	0x01,0x58,0x0c,
	0xe0,0x00,0x30,
	0x00,0x00,0x00,
	
	//========Address -- (97),
	0x00,0x00,0x00,
	0x04,0x01,0x00,
	0x7d,0xd6,0xe4,
	0x75,0xd4,0x48,
	0x71,0xd1,0x42,
	0x30,0xe8,0x08,
	0x72,0xf4,0xc8,
	0x40,0xc0,0x40,
	0x00,0x00,0x00,
	
	//========Address -- (98),
	0x00,0x00,0x00,
	0x07,0x02,0x08,
	0x55,0xfa,0xea,
	0xf8,0xfa,0xea,
	0x75,0xf0,0xe0,
	0x75,0xf4,0xe4,
	0x75,0x72,0xc8,
	0x50,0xf0,0xe0,
	0x00,0x00,0x00,
	
	//========Address -- (99),
	0x00,0x00,0x00,
	0x30,0x80,0xc4,
	0xf0,0xe0,0x44,
	0x34,0x84,0x46,
	0x43,0x48,0x44,
	0x00,0x00,0x44,
	0x31,0x00,0x00,
	0x10,0xf0,0xc0,
	0x00,0x00,0x00,
	
	//========Address -- (9a),
	0x00,0x00,0x00,
	0x03,0x0f,0x0c,
	0x00,0x00,0x44,
	0x0f,0x0f,0x8e,
	0x00,0x22,0x00,
	0x03,0x2f,0x0c,
	0x00,0x00,0x44,
	0x00,0x00,0x40,
	0x00,0x00,0x00,
	
	//========Address -- (9b),
	0x00,0x00,0x00,
	0x00,0x00,0xc4,
	0x34,0x08,0x44,
	0x88,0x47,0x4c,
	0x88,0x44,0x44,
	0x43,0x80,0x44,
	0x00,0x00,0x44,
	0x00,0x00,0x40,
	0x00,0x00,0x00,
	
	//========Address -- (9c),
	0x00,0x00,0x00,
	0x0f,0x0f,0x00,
	0x88,0x11,0x00,
	0x88,0x11,0x00,
	0xf8,0xf1,0x00,
	0x88,0x11,0x00,
	0x8f,0x1f,0x00,
	0x00,0x00,0x00,
	0x00,0x00,0x00,
	
	//========Address -- (9d),
	0x00,0x00,0x00,
	0x00,0x04,0x00,
	0x0f,0x4f,0x0e,
	0x00,0x4e,0x00,
	0x12,0x54,0x08,
	0x49,0x4f,0x42,
	0x00,0x44,0x00,
	0x00,0x00,0x00,
	0x00,0x00,0x00,
	
	//========Address -- (9e),
	0x00,0x00,0x00,
	0x0f,0x07,0x0c,
	0x0f,0x17,0x0c,
	0x0f,0x22,0x44,
	0x0f,0xf0,0xe0,
	0x0f,0x74,0xc4,
	0x9f,0x47,0x4c,
	0x00,0x00,0x00,
	0x00,0x00,0x00,
	
	//========Address -- (9f),
	0x00,0x00,0x00,
	0x00,0x00,0x00,
	0x01,0xc2,0x00,
	0x12,0x21,0x00,
	0x22,0x11,0x00,
	0x74,0xf0,0x88,
	0x88,0x00,0x44,
	0x00,0x00,0x00,
	0x00,0x00,0x00,
	
	//========Address -- (a0),
	0x00,0x00,0x00,
	0x00,0x00,0x00,
	0x07,0x08,0x00,
	0x80,0x44,0x00,
	0x34,0xc4,0x00,
	0x88,0x44,0x00,
	0x87,0xd2,0x00,
	0x00,0x00,0x00,
	0x00,0x00,0x00,
	
	//========Address -- (a1),
	0x00,0x00,0x00,
	0x0f,0x0f,0x0c,
	0x44,0x00,0x40,
	0x44,0x00,0x00,
	0x74,0xf0,0x08,
	0x44,0x00,0x44,
	0x4f,0x0f,0x80,
	0x00,0x00,0x00,
	0x00,0x00,0x00,
	
	//========Address -- (a2),
	0x00,0x00,0x00,
	0x00,0x02,0x00,
	0x34,0xc0,0x00,
	0x8b,0x08,0x00,
	0xc8,0x42,0x00,
	0x88,0x22,0x00,
	0x43,0x48,0x00,
	0x00,0x00,0x00,
	0x00,0x00,0x00,
	
	//========Address -- (a3),
	0x00,0x00,0x00,
	0x0f,0x0f,0x00,
	0x44,0x00,0x84,
	0x44,0x00,0x48,
	0x74,0xf0,0x08,
	0x44,0x00,0x44,
	0x4f,0x0f,0x48,
	0x00,0x00,0x00,
	0x00,0x00,0x00,
	
	//========Address -- (a4),
	0x00,0x00,0x00,
	0x00,0x00,0x00,
	0x0f,0x0c,0x00,
	0x44,0x22,0x00,
	0x47,0x2c,0x00,
	0x44,0x22,0x00,
	0x4f,0x2c,0x00,
	0x00,0x00,0x00,
	0x00,0x00,0x00,
	
	//========Address -- (a5),
	0x00,0x00,0x00,
	0x0f,0x0f,0x0c,
	0x44,0x00,0x40,
	0x44,0x00,0x00,
	0x44,0x00,0x00,
	0x44,0x00,0x00,
	0x4e,0x00,0x00,
	0x00,0x00,0x00,
	0x00,0x00,0x00,
	
	//========Address -- (a6),
	0x00,0x00,0x00,
	0x00,0x00,0x00,
	0x0f,0x0f,0x00,
	0x44,0x10,0x00,
	0x44,0x00,0x00,
	0x44,0x00,0x00,
	0x4e,0x00,0x00,
	0x00,0x00,0x00,
	0x00,0x00,0x00,
	
	//========Address -- (a7),
	0x00,0x00,0x00,
	0x03,0x0f,0x0c,
	0x00,0x88,0x88,
	0x00,0x88,0x88,
	0x11,0x00,0x88,
	0x24,0x00,0x88,
	0x78,0xf0,0xc2,
	0x80,0x00,0x20,
	0x00,0x00,0x00,
	
	//========Address -- (a8),
	0x00,0x00,0x00,
	0x00,0x00,0x00,
	0x31,0xf1,0x80,
	0x11,0x11,0x00,
	0x12,0x11,0x00,
	0x24,0x11,0x00,
	0xf8,0xf0,0x88,
	0x00,0x00,0x00,
	0x00,0x00,0x00,
	
	//========Address -- (a9),
	0x00,0x00,0x00,
	0x0f,0x0f,0x0c,
	0x44,0x00,0x40,
	0x44,0x01,0x00,
	0x74,0xf1,0x00,
	0x44,0x00,0x04,
	0x4f,0x0f,0x4c,
	0x00,0x00,0x00,
	0x00,0x00,0x00,
	
	//========Address -- (aa),
	0x00,0x00,0x00,
	0x00,0x00,0x00,
	0x03,0x08,0x00,
	0x48,0x42,0x00,
	0x8f,0x2e,0x00,
	0x88,0x00,0x00,
	0x43,0x2c,0x00,
	0x00,0x00,0x00,
	0x00,0x00,0x00,
	
	//========Address -- (ab),
	0x00,0x00,0x00,
	0x10,0x10,0x00,
	0xf4,0xf0,0xc4,
	0x44,0x01,0x40,
	0x74,0xf1,0x00,
	0x44,0x00,0x04,
	0x4f,0x0f,0x4c,
	0x00,0x00,0x00,
	0x00,0x00,0x00,
	
	//========Address -- (ac),
	0x00,0x00,0x00,
	0x04,0x04,0x00,
	0x03,0x08,0x00,
	0x48,0x42,0x00,
	0x8f,0x2e,0x00,
	0x88,0x00,0x00,
	0x43,0x2c,0x00,
	0x00,0x00,0x00,
	0x00,0x00,0x00,
	
	//========Address -- (ad),
	0x00,0x00,0x00,
	0x08,0x0e,0x02,
	0x42,0x44,0x48,
	0x21,0x45,0x80,
	0x01,0xe5,0x00,
	0x24,0x44,0x84,
	0x48,0x4e,0x42,
	0x00,0x00,0x00,
	0x00,0x00,0x00,
	
	//========Address -- (ae),
	0x00,0x00,0x00,
	0x00,0x00,0x00,
	0x0c,0x0e,0x06,
	0x22,0x44,0x88,
	0x11,0x5f,0x00,
	0x22,0x44,0x88,
	0x48,0x4e,0x42,
	0x00,0x00,0x00,
	0x00,0x00,0x00,
	
	//========Address -- (af),
	0x00,0x00,0x00,
	0x05,0x0e,0x00,
	0x64,0x10,0x08,
	0x00,0x01,0x80,
	0x00,0xe1,0x00,
	0x88,0x00,0x88,
	0x43,0x1e,0x00,
	0x00,0x00,0x00,
	0x00,0x00,0x00,
	
	//========Address -- (b0),
	0x00,0x00,0x00,
	0x00,0x00,0x00,
	0x0b,0x0c,0x00,
	0xc8,0x22,0x00,
	0x01,0x2c,0x00,
	0x00,0x22,0x00,
	0x87,0x2c,0x00,
	0x00,0x00,0x00,
	0x00,0x00,0x00,
	
	//========Address -- (b1),
	0x00,0x00,0x00,
	0x0e,0x00,0x06,
	0x44,0x01,0xc4,
	0x44,0x22,0x44,
	0x44,0x48,0x44,
	0x45,0x80,0x44,
	0x6c,0x00,0x4e,
	0x00,0x00,0x00,
	0x00,0x00,0x00,
	
	//========Address -- (b2),
	0x00,0x00,0x00,
	0x00,0x00,0x00,
	0x0e,0x01,0x0c,
	0x44,0x01,0x88,
	0x44,0x24,0x88,
	0x45,0x80,0x88,
	0x6c,0x01,0x8c,
	0x00,0x00,0x00,
	0x00,0x00,0x00,
	
	//========Address -- (b3),
	0x00,0x00,0x00,
	0x00,0x99,0x00,
	0xe4,0x60,0x6c,
	0x44,0x12,0x44,
	0x44,0x44,0x44,
	0x45,0x80,0x44,
	0x6c,0x00,0x4e,
	0x00,0x00,0x00,
	0x00,0x00,0x00,
	
	//========Address -- (b4),
	0x00,0x00,0x00,
	0x01,0x02,0x00,
	0x0e,0xc1,0x0c,
	0x44,0x01,0x88,
	0x44,0x24,0x88,
	0x45,0x80,0x88,
	0x6c,0x01,0x8c,
	0x00,0x00,0x00,
	0x00,0x00,0x00,
	
	//========Address -- (b5),
	0x00,0x00,0x00,
	0x0e,0x01,0x08,
	0x44,0x24,0x40,
	0x44,0x48,0x00,
	0x74,0x84,0x00,
	0x44,0x21,0x00,
	0x4e,0x10,0x0c,
	0x00,0x00,0x00,
	0x00,0x00,0x00,
	
	//========Address -- (b6),
	0x00,0x00,0x00,
	0x00,0x00,0x00,
	0x0e,0x03,0x00,
	0x44,0x44,0x00,
	0x47,0x80,0x00,
	0x44,0x84,0x00,
	0x4e,0x43,0x80,
	0x00,0x00,0x00,
	0x00,0x00,0x00,
	
	//========Address -- (b7),
	0x00,0x00,0x00,
	0x07,0x0f,0x0e,
	0x22,0x00,0x44,
	0x22,0x00,0x44,
	0x22,0x00,0x44,
	0x22,0x00,0x44,
	0xa4,0x00,0x4e,
	0x00,0x00,0x00,
	0x00,0x00,0x00,
	
	//========Address -- (b8),
	0x00,0x00,0x00,
	0x00,0x00,0x00,
	0x00,0x00,0x00,
	0x72,0xf1,0x80,
	0x22,0x11,0x00,
	0x22,0x11,0x00,
	0xa4,0x13,0x08,
	0x00,0x00,0x00,
	0x00,0x00,0x00,
	
	//========Address -- (b9),
	0x00,0x00,0x00,
	0x0c,0x00,0x0e,
	0x65,0x01,0xc4,
	0x54,0x1a,0x44,
	0x44,0xa4,0x44,
	0x44,0x40,0x44,
	0x4e,0x00,0x4e,
	0x00,0x00,0x00,
	0x00,0x00,0x00,
	
	//========Address -- (ba),
	0x00,0x00,0x00,
	0x00,0x00,0x00,
	0x0e,0x00,0x0e,
	0x65,0x01,0xc4,
	0x54,0x1a,0x44,
	0x44,0xa4,0x44,
	0x4e,0x00,0x4e,
	0x00,0x00,0x00,
	0x00,0x00,0x00,
	
	//========Address -- (bb),
	0x00,0x00,0x00,
	0x0e,0x00,0x0e,
	0x44,0x00,0x44,
	0x44,0x00,0x44,
	0x74,0xf0,0xc4,
	0x44,0x00,0x44,
	0x4e,0x00,0x4e,
	0x00,0x00,0x00,
	0x00,0x00,0x00,
	
	//========Address -- (bc),
	0x00,0x00,0x00,
	0x00,0x00,0x00,
	0x0e,0x03,0x08,
	0x44,0x11,0x00,
	0x47,0x1f,0x00,
	0x44,0x11,0x00,
	0x4e,0x13,0x08,
	0x00,0x00,0x00,
	0x00,0x00,0x00,
	
	//========Address -- (bd),
	0x00,0x00,0x00,
	0x03,0x0f,0x00,
	0x48,0x00,0x84,
	0x88,0x00,0x44,
	0x88,0x00,0x44,
	0x88,0x00,0x44,
	0x43,0x0f,0x80,
	0x00,0x00,0x00,
	0x00,0x00,0x00,
	
	//========Address -- (be),
	0x00,0x00,0x00,
	0x00,0x00,0x00,
	0x03,0x08,0x00,
	0x48,0x42,0x00,
	0x88,0x22,0x00,
	0x88,0x22,0x00,
	0x43,0x48,0x00,
	0x00,0x00,0x00,
	0x00,0x00,0x00,
	
	//========Address -- (bf),
	0x00,0x00,0x00,
	0x0f,0x0f,0x0e,
	0x44,0x00,0x44,
	0x44,0x00,0x44,
	0x44,0x00,0x44,
	0x44,0x00,0x44,
	0x4e,0x00,0x4e,
	0x00,0x00,0x00,
	0x00,0x00,0x00,
	
	//========Address -- (c0),
	0x00,0x00,0x00,
	0x00,0x00,0x00,
	0x0f,0x0f,0x08,
	0x44,0x11,0x00,
	0x44,0x11,0x00,
	0x44,0x11,0x00,
	0x4e,0x13,0x08,
	0x00,0x00,0x00,
	0x00,0x00,0x00,
	
	//========Address -- (c1),
	0x00,0x00,0x00,
	0x0f,0x0f,0x00,
	0x44,0x00,0x84,
	0x44,0x00,0x48,
	0x74,0xf0,0x00,
	0x44,0x00,0x00,
	0x4e,0x00,0x00,
	0x00,0x00,0x00,
	0x00,0x00,0x00,
	
	//========Address -- (c2),
	0x00,0x00,0x00,
	0x00,0x00,0x00,
	0x05,0x08,0x00,
	0xe4,0x44,0x00,
	0x44,0x44,0x00,
	0x74,0x80,0x00,
	0x4e,0x00,0x00,
	0x00,0x00,0x00,
	0x00,0x00,0x00,
	
	//========Address -- (c3),
	0x00,0x00,0x00,
	0x03,0x0f,0x04,
	0x48,0x00,0xc4,
	0x88,0x00,0x40,
	0x88,0x00,0x00,
	0x88,0x00,0x04,
	0x43,0x0f,0x80,
	0x00,0x00,0x00,
	0x00,0x00,0x00,
	
	//========Address -- (c4),
	0x00,0x00,0x00,
	0x00,0x00,0x00,
	0x03,0x08,0x00,
	0x48,0x44,0x00,
	0x88,0x00,0x00,
	0x88,0x02,0x00,
	0x43,0x48,0x00,
	0x00,0x00,0x00,
	0x00,0x00,0x00,
	
	//========Address -- (c5),
	0x00,0x00,0x00,
	0x0f,0x0f,0x0e,
	0x80,0x44,0x20,
	0x00,0x44,0x00,
	0x00,0x44,0x00,
	0x00,0x44,0x00,
	0x00,0x4e,0x00,
	0x00,0x00,0x00,
	0x00,0x00,0x00,
	
	//========Address -- (c6),
	0x00,0x00,0x00,
	0x00,0x00,0x00,
	0x0f,0x0f,0x08,
	0x80,0x88,0x80,
	0x00,0x88,0x00,
	0x00,0x88,0x00,
	0x01,0x8c,0x00,
	0x00,0x00,0x00,
	0x00,0x00,0x00,
	
	//========Address -- (c7),
	0x00,0x00,0x00,
	0x00,0x00,0x00,
	0x72,0x10,0xc8,
	0x21,0x01,0x80,
	0x10,0x1a,0x00,
	0x00,0xa4,0x00,
	0x09,0x80,0x00,
	0x60,0x00,0x00,
	0x00,0x00,0x00,
	
	//========Address -- (c8),
	0x00,0x00,0x00,
	0x00,0x00,0x00,
	0x00,0x00,0x00,
	0x06,0x07,0x00,
	0x22,0x22,0x00,
	0x11,0x44,0x00,
	0x09,0x80,0x00,
	0x60,0x00,0x00,
	0x00,0x00,0x00,
	
	//========Address -- (c9),
	0x00,0x00,0x00,
	0x00,0x0e,0x00,
	0x03,0x4f,0x08,
	0x48,0x44,0x42,
	0x88,0x44,0x22,
	0x43,0x4f,0x48,
	0x00,0x4e,0x00,
	0x00,0x00,0x00,
	0x00,0x00,0x00,
	
	//========Address -- (ca),
	0x00,0x00,0x00,
	0x00,0x00,0x00,
	0x10,0xc8,0x00,
	0x34,0xe9,0x00,
	0x88,0x88,0x88,
	0x43,0x9e,0x00,
	0x01,0x8c,0x00,
	0x00,0x00,0x00,
	0x00,0x00,0x00,
	
	//========Address -- (cb),
	0x00,0x00,0x00,
	0x0e,0x00,0x0e,
	0x42,0x00,0x48,
	0x10,0x1a,0x00,
	0x00,0x4a,0x00,
	0x12,0x10,0x08,
	0x4e,0x00,0x4e,
	0x00,0x00,0x00,
	0x00,0x00,0x00,
	
	//========Address -- (cc),
	0x00,0x00,0x00,
	0x00,0x00,0x00,
	0x0e,0x03,0x08,
	0x42,0x12,0x00,
	0x10,0x48,0x00,
	0x12,0x42,0x00,
	0x4e,0x13,0x08,
	0x00,0x00,0x00,
	0x00,0x00,0x00,
	
	//========Address -- (cd),
	0x00,0x00,0x00,
	0x00,0x00,0x00,
	0xe4,0x10,0xc8,
	0x44,0x00,0x88,
	0x44,0x00,0x88,
	0x44,0x00,0x88,
	0x4f,0x0f,0x8c,
	0x00,0x00,0x22,
	0x00,0x00,0x00,
	
	//========Address -- (ce),
	0x00,0x00,0x00,
	0x00,0x00,0x00,
	0xe4,0x31,0x80,
	0x44,0x11,0x00,
	0x44,0x11,0x00,
	0x44,0x11,0x00,
	0xf0,0xf0,0x84,
	0x00,0x00,0x40,
	0x00,0x00,0x00,
	
	//========Address -- (cf),
	0x00,0x00,0x00,
	0x0e,0x01,0x0c,
	0x44,0x00,0x88,
	0x44,0x00,0x88,
	0x21,0x1e,0x88,
	0x00,0x00,0x88,
	0x00,0x01,0x8c,
	0x00,0x00,0x00,
	0x00,0x00,0x00,
	
	//========Address -- (d0),
	0x00,0x00,0x00,
	0x00,0x00,0x00,
	0x0f,0x03,0x08,
	0x44,0x11,0x00,
	0x43,0x1f,0x00,
	0x00,0x11,0x00,
	0x00,0x13,0x08,
	0x00,0x00,0x00,
	0x00,0x00,0x00,
	
	//========Address -- (d1),
	0x00,0x00,0x00,
	0x0e,0x0e,0x0e,
	0x44,0x44,0x44,
	0x44,0x44,0x44,
	0x44,0x44,0x44,
	0x44,0x44,0x44,
	0x4f,0x4f,0x4e,
	0x00,0x00,0x00,
	0x00,0x00,0x00,
	
	//========Address -- (d2),
	0x00,0x00,0x00,
	0x00,0x00,0x00,
	0x0e,0x0e,0x0e,
	0x44,0x44,0x44,
	0x44,0x44,0x44,
	0x44,0x44,0x44,
	0x4f,0x4f,0x4e,
	0x00,0x00,0x00,
	0x00,0x00,0x00,
	
	//========Address -- (d3),
	0x00,0x00,0x00,
	0x00,0x00,0x00,
	0xe4,0xe4,0xe4,
	0x44,0x44,0x44,
	0x44,0x44,0x44,
	0x44,0x44,0x44,
	0x4f,0x4f,0x4e,
	0x00,0x00,0x11,
	0x00,0x00,0x00,
	
	//========Address -- (d4),
	0x00,0x00,0x00,
	0x00,0x00,0x00,
	0x0e,0x0e,0x0e,
	0x44,0x44,0x44,
	0x44,0x44,0x44,
	0x44,0x44,0x44,
	0x4f,0x4f,0x4e,
	0x00,0x00,0x11,
	0x00,0x00,0x00,
	
	//========Address -- (d5),
	0x00,0x00,0x00,
	0x0f,0x08,0x00,
	0x91,0x00,0x00,
	0x11,0x0f,0x08,
	0x11,0x00,0x42,
	0x11,0x00,0x22,
	0x13,0x0f,0x48,
	0x00,0x00,0x00,
	0x00,0x00,0x00,
	
	//========Address -- (d6),
	0x00,0x00,0x00,
	0x00,0x00,0x00,
	0x0f,0x00,0x00,
	0xa2,0x00,0x00,
	0x23,0x0f,0x00,
	0x22,0x00,0x88,
	0x27,0x0f,0x80,
	0x00,0x00,0x00,
	0x00,0x00,0x00,
	
	//========Address -- (d7),
	0x00,0x00,0x00,
	0x0e,0x00,0x0e,
	0x44,0x00,0x44,
	0x47,0x08,0x44,
	0x44,0x42,0x44,
	0x44,0x22,0x44,
	0x4f,0x48,0x4e,
	0x00,0x00,0x00,
	0x00,0x00,0x00,
	
	//========Address -- (d8),
	0x00,0x00,0x00,
	0x00,0x00,0x00,
	0x0e,0x00,0x0e,
	0x44,0x00,0x44,
	0x47,0x0c,0x44,
	0x44,0x22,0x44,
	0x4f,0x2c,0x4e,
	0x00,0x00,0x00,
	0x00,0x00,0x00,
	
	//========Address -- (d9),
	0x00,0x00,0x00,
	0x0e,0x00,0x00,
	0x44,0x00,0x00,
	0x47,0x0e,0x00,
	0x44,0x10,0x08,
	0x44,0x00,0x88,
	0x4f,0x1e,0x00,
	0x00,0x00,0x00,
	0x00,0x00,0x00,
	
	//========Address -- (da),
	0x00,0x00,0x00,
	0x00,0x00,0x00,
	0x0e,0x00,0x00,
	0x44,0x00,0x00,
	0x47,0x0e,0x00,
	0x44,0x11,0x00,
	0x4f,0x1e,0x00,
	0x00,0x00,0x00,
	0x00,0x00,0x00,
	
	//========Address -- (db),
	0x00,0x00,0x00,
	0x0b,0x0c,0x00,
	0xc8,0x21,0x00,
	0x00,0x00,0x88,
	0x10,0xf0,0x88,
	0x08,0x01,0x80,
	0x43,0x2c,0x00,
	0x00,0x00,0x00,
	0x00,0x00,0x00,
	
	//========Address -- (dc),
	0x00,0x00,0x00,
	0x00,0x00,0x00,
	0x07,0x08,0x00,
	0x80,0x42,0x00,
	0x01,0x2e,0x00,
	0x08,0x22,0x00,
	0x87,0x48,0x00,
	0x00,0x00,0x00,
	0x00,0x00,0x00,
	
	//========Address -- (dd),
	0x00,0x00,0x00,
	0x0e,0x03,0x08,
	0x44,0x48,0x42,
	0x44,0x88,0x22,
	0x74,0x88,0x22,
	0x44,0x88,0x22,
	0x4e,0x43,0x48,
	0x00,0x00,0x00,
	0x00,0x00,0x00,
	
	//========Address -- (de),
	0x00,0x00,0x00,
	0x00,0x00,0x00,
	0x0e,0x03,0x00,
	0x44,0x48,0x84,
	0x47,0x88,0x44,
	0x44,0x88,0x44,
	0x4e,0x43,0x80,
	0x00,0x00,0x00,
	0x00,0x00,0x00,
	
	//========Address -- (df),
	0x00,0x00,0x00,
	0x01,0x0f,0x0e,
	0x24,0x00,0x44,
	0x42,0x00,0x44,
	0x10,0xf4,0xc4,
	0x01,0x80,0x44,
	0x2c,0x00,0x4e,
	0x00,0x00,0x00,
	0x00,0x00,0x00,
	
	//========Address -- (e0),
	0x00,0x00,0x00,
	0x00,0x00,0x00,
	0x03,0x0f,0x00,
	0x44,0x22,0x00,
	0x43,0x2e,0x00,
	0x12,0x22,0x00,
	0xa4,0x27,0x00,
	0x00,0x00,0x00,
	0x00,0x00,0x00,
	
	//========Address -- (e1),
	0x00,0x00,0x00,
	0x04,0x08,0x00,
	0x30,0x00,0x00,
	0xf0,0xc4,0x00,
	0x01,0x80,0x00,
	0x24,0x00,0x00,
	0x8f,0x0c,0x00,
	0x00,0x00,0x00,
	0x00,0x00,0x00,
	
	//========Address -- (e2),
	0x00,0x00,0x00,
	0x02,0x04,0x00,
	0x10,0x80,0x00,
	0x34,0x84,0x00,
	0x88,0x00,0x00,
	0x88,0x00,0x00,
	0x43,0x48,0x00,
	0x00,0x00,0x00,
	0x00,0x00,0x00,
	
	//========Address -- (e3),
	0x13,0x00,0x00,
	0x20,0x00,0x00,
	0xf8,0xc0,0x00,
	0x88,0x00,0x00,
	0x8f,0x08,0x00,
	0x88,0x00,0x00,
	0x88,0x00,0x00,
	0xf0,0xc0,0x00,
	0x00,0x00,0x00,
	
	//========Address -- (e4),
	0x00,0x0c,0x00,
	0x10,0x80,0x00,
	0x34,0xe1,0x00,
	0x88,0x00,0x00,
	0x70,0x0e,0x00,
	0x08,0x11,0x00,
	0x43,0x2c,0x00,
	0x00,0x00,0x00,
	0x00,0x00,0x00,
	
	//========Address -- (e5),
	0x00,0x00,0x00,
	0x78,0x08,0x00,
	0x88,0x88,0x00,
	0x9b,0x00,0x00,
	0x88,0x84,0x00,
	0x8c,0x44,0x00,
	0xb8,0x80,0x00,
	0x88,0x00,0x00,
	0x00,0x00,0x00,
	
	//========Address -- (e6),
	0x00,0x00,0x00,
	0x03,0x00,0x00,
	0x10,0x80,0x00,
	0x34,0x84,0x00,
	0x03,0x4c,0x00,
	0xc8,0x44,0x00,
	0x87,0xc4,0x00,
	0x00,0x00,0x00,
	0x00,0x00,0x00,
	
	

};

BYTE code tFONT_CHINESE_F[]=
{
   



//========Address -- (00),
0x00,0x00,0x00,
0x00,0x00,0x00,
0x00,0x00,0x00,
0x00,0x00,0x00,
0x00,0x00,0x00,
0x00,0x00,0x00,
0x00,0x00,0x00,
0x00,0x00,0x00,
0x00,0x00,0x00,

//========Address -- (01),
0x00,0x00,0x00,
0x1e,0xc0,0x44,
0x29,0x45,0x82,
0x41,0x80,0x24,
0xf1,0xc1,0x80,
0x35,0x84,0x24,
0x91,0x03,0x80,
0x00,0x00,0x00,
0x00,0x00,0x00,

//========Address -- (02),
0x00,0x00,0x00,
0x0f,0x4f,0x0e,
0x03,0x0f,0x08,
0x23,0x0f,0x88,
0x0f,0x0f,0x0e,
0x83,0x0f,0x20,
0x2c,0x10,0x2e,
0x00,0x00,0x00,
0x00,0x00,0x00,

//========Address -- (03),
0x00,0x00,0x00,
0x07,0x2f,0x0e,
0x47,0x8f,0x8e,
0x44,0x8f,0x88,
0x45,0x0f,0x0c,
0x44,0x84,0x48,
0x49,0x3c,0x0e,
0x00,0x00,0x00,
0x00,0x00,0x00,

//========Address -- (04),
0x00,0x00,0x00,
0xf9,0xf1,0xe2,
0x98,0xf4,0x22,
0xb8,0xf4,0xa2,
0xba,0xf0,0xaa,
0xaa,0xea,0xaa,
0xf8,0xf0,0xe2,
0x00,0x00,0x00,
0x00,0x00,0x00,

//========Address -- (05),
0x00,0x00,0x00,
0x22,0x8f,0x08,
0x57,0x0f,0x8c,
0xd5,0x2f,0x4c,
0x45,0x4a,0x04,
0x45,0x5b,0x84,
0x45,0x5b,0x20,
0x00,0x00,0x00,
0x00,0x00,0x00,

//========Address -- (06),
0x00,0x00,0x00,
0x42,0x03,0x0c,
0xf0,0x22,0x44,
0xf0,0x40,0x60,
0xf0,0x72,0xc4,
0xf9,0x21,0x80,
0xf9,0x24,0x86,
0x00,0x00,0x00,
0x00,0x00,0x00,

//========Address -- (07),
0x00,0x00,0x00,
0x74,0xf9,0xe2,
0x70,0xf4,0xe0,
0xf3,0xff,0xfc,
0x23,0x0f,0x4c,
0x23,0x0f,0x4c,
0x2f,0x0f,0x4f,
0x00,0x00,0x00,
0x00,0x00,0x00,

//========Address -- (08),
0x00,0x00,0x00,
0x17,0x0d,0x0e,
0x21,0x81,0x8e,
0x67,0x9d,0x2e,
0x45,0x59,0x2e,
0x45,0x59,0x2e,
0x49,0x49,0xc2,
0x00,0x00,0x00,
0x00,0x00,0x00,

//========Address -- (09),
0x00,0x00,0x00,
0x13,0x0f,0x08,
0x48,0x01,0x80,
0x74,0xf4,0xc4,
0x47,0x4f,0x4c,
0x44,0x00,0x02,
0x43,0x0f,0x2e,
0x00,0x00,0x00,
0x00,0x00,0x00,

//========Address -- (0a),
0x00,0x00,0x00,
0x00,0x84,0x00,
0xf8,0xf0,0xe2,
0x0f,0x0f,0x0e,
0x02,0x44,0x00,
0x22,0x74,0xc0,
0x58,0x4f,0x0e,
0x00,0x00,0x00,
0x00,0x00,0x00,

//========Address -- (0b),
0x00,0x00,0x00,
0x07,0x3c,0xc0,
0x0f,0x4f,0x0e,
0x47,0x4f,0x4c,
0x47,0x4f,0x4c,
0x07,0x4f,0x0c,
0x0f,0x4f,0x0e,
0x00,0x00,0x00,
0x00,0x00,0x00,

//========Address -- (0c),
0x00,0x00,0x00,
0x22,0x00,0x88,
0xf2,0xf0,0xe8,
0x32,0xf0,0x88,
0x32,0xf0,0x88,
0xf0,0xf0,0xe0,
0x24,0x00,0x84,
0x00,0x00,0x00,
0x00,0x00,0x00,

//========Address -- (0d),
0x00,0x00,0x00,
0x11,0x11,0x00,
0x22,0x55,0x6a,
0x6a,0x7d,0x22,
0x22,0x55,0x26,
0x22,0x54,0x02,
0x22,0x43,0x2e,
0x00,0x00,0x00,
0x00,0x00,0x00,

//========Address -- (0e),
0x00,0x00,0x00,
0x15,0x45,0x22,
0x31,0x64,0x2f,
0x72,0xf2,0x22,
0x13,0x4e,0xa6,
0x03,0x8e,0x22,
0x07,0x8f,0x26,
0x00,0x00,0x00,
0x00,0x00,0x00,

//========Address -- (0f),
0x00,0x00,0x00,
0x22,0x11,0x00,
0x22,0x11,0x03,
0x32,0xd1,0xc0,
0x22,0x11,0x00,
0x22,0x1d,0x11,
0xf8,0x11,0x1f,
0x00,0x00,0x00,
0x00,0x00,0x00,

//========Address -- (10),
0x00,0x00,0x00,
0x22,0x1f,0x0f,
0x2b,0x17,0x0e,
0xaa,0x1f,0x0f,
0x22,0x47,0x2e,
0x22,0x47,0x2e,
0x22,0x44,0x26,
0x00,0x00,0x00,
0x00,0x00,0x00,

//========Address -- (11),
0x00,0x00,0x00,
0x11,0xf0,0xc4,
0x11,0xf0,0xc4,
0xf0,0xf0,0xf0,
0x11,0xf0,0xc4,
0x11,0xf2,0xc8,
0x24,0x26,0x42,
0x00,0x00,0x00,
0x00,0x00,0x00,

//========Address -- (12),
0x00,0x00,0x00,
0x22,0x2f,0x4f,
0x2f,0x27,0x4e,
0x27,0x47,0x2e,
0x6a,0x47,0x2e,
0xa2,0x1f,0x0f,
0x22,0x2c,0x43,
0x00,0x00,0x00,
0x00,0x00,0x00,

//========Address -- (13),
0x00,0x00,0x00,
0x00,0x11,0x04,
0x0f,0x1f,0x2d,
0x07,0x1d,0x00,
0x11,0x11,0x00,
0x11,0x0e,0x89,
0xf4,0x00,0x53,
0x00,0x00,0x00,
0x00,0x00,0x00,

//========Address -- (14),
0x00,0x00,0x00,
0x11,0x71,0xf4,
0x17,0x7d,0xf5,
0x13,0x70,0xf0,
0x35,0xb0,0xe0,
0x11,0x70,0xf8,
0x11,0x25,0xa9,
0x00,0x00,0x00,
0x00,0x00,0x00,

//========Address -- (15),
0x00,0x00,0x00,
0x42,0x5f,0x0e,
0x94,0x9f,0x0e,
0x02,0x9f,0x0e,
0x48,0x9f,0x0e,
0x0f,0x4f,0x0e,
0x00,0x44,0x00,
0x00,0x00,0x00,
0x00,0x00,0x00,

//========Address -- (16),
0x00,0x00,0x00,
0x70,0xf4,0xc0,
0xfa,0xf4,0xea,
0x07,0x0f,0x0c,
0x47,0x4f,0x4c,
0x47,0x4f,0x4c,
0x40,0x43,0x2e,
0x00,0x00,0x00,
0x00,0x00,0x00,

//========Address -- (17),
0x00,0x00,0x00,
0x74,0xc4,0x22,
0x74,0xc4,0x48,
0x71,0xc0,0x22,
0xf4,0xe4,0x48,
0x71,0xc0,0x22,
0x5b,0x42,0x48,
0x00,0x00,0x00,
0x00,0x00,0x00,

//========Address -- (18),
0x00,0x00,0x00,
0x94,0x19,0x00,
0x31,0xd2,0xe0,
0x1d,0xd4,0xc4,
0x55,0x47,0x8e,
0x56,0x4d,0x88,
0x4b,0x0f,0x0e,
0x00,0x00,0x00,
0x00,0x00,0x00,

//========Address -- (19),
0x00,0x00,0x00,
0x11,0xc0,0x8a,
0x75,0xe2,0x8e,
0x57,0xd2,0x8a,
0x45,0xe4,0xac,
0x54,0xc0,0xca,
0x5b,0x5e,0x62,
0x00,0x00,0x00,
0x00,0x00,0x00,

//========Address -- (1a),
0x00,0x00,0x00,
0x11,0x0f,0xc0,
0x22,0x99,0x00,
0x6a,0x9f,0x0e,
0x22,0x99,0x00,
0x22,0xac,0xaa,
0x22,0xa1,0x62,
0x00,0x00,0x00,
0x00,0x00,0x00,

//========Address -- (1b),
0x00,0x00,0x00,
0x04,0x44,0x04,
0x21,0x45,0x80,
0x0f,0x4f,0x0e,
0x11,0x11,0x00,
0x12,0x11,0x02,
0x48,0x10,0x2e,
0x00,0x00,0x00,
0x00,0x00,0x00,

//========Address -- (1c),
0x00,0x00,0x00,
0x00,0x44,0x00,
0x0f,0x44,0x44,
0x12,0x67,0x80,
0x64,0x65,0x10,
0x80,0x44,0x86,
0x01,0x4c,0x00,
0x00,0x00,0x00,
0x00,0x00,0x00,

//========Address -- (1d),
0x00,0x00,0x00,
0x0f,0x0f,0x4e,
0x44,0x44,0x88,
0x22,0x55,0x00,
0xf0,0xf4,0xe0,
0x00,0x44,0x00,
0x00,0x44,0x00,
0x00,0x00,0x00,
0x00,0x00,0x00,

//========Address -- (1e),
0x00,0x00,0x00,
0x32,0x21,0x00,
0x25,0x1f,0x2f,
0x4c,0x08,0x04,
0x44,0x84,0x44,
0x44,0x44,0x88,
0x45,0x0f,0xaf,
0x00,0x00,0x00,
0x00,0x00,0x00,

//========Address -- (1f),
0x00,0x00,0x00,
0x03,0x1e,0x80,
0x07,0x4f,0x0c,
0x2f,0x4f,0x8e,
0x22,0x44,0x88,
0x70,0xf4,0xc0,
0x03,0x4f,0x08,
0x00,0x00,0x00,
0x00,0x00,0x00,

//========Address -- (20),
0x00,0x00,0x00,
0x0f,0x4f,0x2f,
0x03,0x4f,0x0c,
0x23,0x0f,0x4c,
0x23,0x0f,0x4c,
0x23,0x0f,0x4c,
0x2f,0x0f,0x4f,
0x00,0x00,0x00,
0x00,0x00,0x00,

//========Address -- (21),
0x00,0x00,0x00,
0x0f,0x11,0x00,
0x99,0x71,0xc0,
0x9f,0xf0,0xe8,
0x99,0x70,0xe8,
0x9f,0x42,0x88,
0x90,0x03,0x88,
0x00,0x00,0x00,
0x00,0x00,0x00,

//========Address -- (22),
0x00,0x00,0x00,
0x25,0x17,0x0c,
0x87,0x2f,0x8e,
0x2f,0x57,0x4c,
0x2b,0x57,0x4c,
0x62,0x17,0x0c,
0x3c,0x1f,0x0e,
0x00,0x00,0x00,
0x00,0x00,0x00,

//========Address -- (23),
0x00,0x00,0x00,
0x22,0x07,0x0e,
0x2f,0x44,0x22,
0x26,0x74,0xe2,
0x7a,0x47,0x2e,
0x22,0x44,0x22,
0x22,0x74,0xe2,
0x00,0x00,0x00,
0x00,0x00,0x00,

//========Address -- (24),
0x00,0x00,0x00,
0x23,0x0f,0x22,
0x24,0x88,0xaa,
0x4d,0xe2,0xaa,
0x64,0xa4,0xaa,
0x44,0x48,0xa2,
0x54,0x00,0x26,
0x00,0x00,0x00,
0x00,0x00,0x00,

//========Address -- (25),
0x00,0x00,0x00,
0x04,0x48,0x08,
0x74,0xf0,0xc8,
0x74,0xf0,0x88,
0x47,0x0f,0x88,
0x44,0x00,0x88,
0x74,0xf0,0x88,
0x00,0x00,0x00,
0x00,0x00,0x00,

//========Address -- (26),
0x00,0x00,0x00,
0x42,0xfa,0x88,
0x00,0xad,0x88,
0x84,0x8f,0x88,
0x01,0x0f,0x0c,
0x35,0x55,0x44,
0x93,0x5f,0x4e,
0x00,0x00,0x00,
0x00,0x00,0x00,

//========Address -- (27),
0x00,0x00,0x00,
0x0e,0x0f,0xe5,
0xab,0x5f,0x4e,
0xaf,0x4f,0x0e,
0xaa,0x47,0x0d,
0xae,0xa9,0x80,
0x12,0x2c,0x86,
0x00,0x00,0x00,
0x00,0x00,0x00,

//========Address -- (28),
0x00,0x00,0x00,
0x00,0x46,0x00,
0x82,0x98,0x08,
0x54,0x42,0x60,
0xb8,0xf0,0xc8,
0x88,0x96,0x00,
0x80,0x22,0x00,
0x00,0x00,0x00,
0x00,0x00,0x00,

//========Address -- (29),
0x00,0x00,0x00,
0x00,0x44,0x04,
0x70,0xf5,0x80,
0xf0,0xf8,0xe0,
0x3e,0xf0,0xc4,
0x32,0xf0,0xc4,
0x32,0xf0,0xc4,
0x00,0x00,0x00,
0x00,0x00,0x00,

//========Address -- (2a),
0x00,0x00,0x00,
0x22,0x07,0x0c,
0x49,0x11,0x00,
0xe4,0x11,0x00,
0x9f,0x11,0x00,
0x05,0x11,0x00,
0xa8,0x9f,0x0e,
0x00,0x00,0x00,
0x00,0x00,0x00,

//========Address -- (2b),
0x00,0x00,0x00,
0x25,0x23,0x0c,
0x87,0x47,0x48,
0x2f,0x07,0x8e,
0x2b,0x15,0x0a,
0x62,0x35,0x44,
0x3c,0x93,0x20,
0x00,0x00,0x00,
0x00,0x00,0x00,

//========Address -- (2c),
0x00,0x00,0x00,
0x2f,0x0f,0x8e,
0x27,0x09,0x80,
0x57,0x1b,0x0e,
0x47,0xc8,0x84,
0x57,0x0f,0x0c,
0x4f,0xaf,0x4e,
0x00,0x00,0x00,
0x00,0x00,0x00,

//========Address -- (2d),
0x00,0x00,0x00,
0xea,0x00,0xea,
0xfa,0x1a,0xea,
0x9a,0x1a,0x2a,
0xb8,0xb0,0xa2,
0xab,0xab,0xaa,
0x89,0xa2,0x26,
0x00,0x00,0x00,
0x00,0x00,0x00,

//========Address -- (2e),
0x00,0x00,0x00,
0xf9,0x11,0xe2,
0xf9,0x11,0xe2,
0xf8,0x12,0xe2,
0xb8,0xf6,0xa2,
0x89,0xa2,0x22,
0xa8,0x60,0x26,
0x00,0x00,0x00,
0x00,0x00,0x00,

//========Address -- (2f),
0x00,0x00,0x00,
0xf9,0x11,0xe2,
0xf9,0x11,0xe2,
0xf8,0x10,0xe2,
0x98,0xfa,0x22,
0xb8,0xfa,0xa2,
0x89,0xa2,0x26,
0x00,0x00,0x00,
0x00,0x00,0x00,

//========Address -- (30),
0x00,0x00,0x00,
0x21,0x11,0x00,
0x74,0xd5,0x0e,
0x47,0x6d,0x44,
0x47,0x1d,0x44,
0x6a,0x54,0x48,
0x32,0xd2,0x42,
0x00,0x00,0x00,
0x00,0x00,0x00,

//========Address -- (31),
0x00,0x00,0x00,
0x70,0x98,0xe2,
0x07,0x89,0x2e,
0x47,0x19,0x0e,
0x84,0xa9,0x22,
0x24,0x89,0xa2,
0x83,0xa0,0x2c,
0x00,0x00,0x00,
0x00,0x00,0x00,

//========Address -- (32),
0x00,0x00,0x00,
0x00,0x44,0x00,
0x07,0x4f,0x0c,
0x44,0x44,0x44,
0x47,0x4f,0x4c,
0x40,0x44,0x40,
0x00,0x44,0x00,
0x00,0x00,0x00,
0x00,0x00,0x00,

//========Address -- (33),
0x00,0x00,0x00,
0x0e,0x74,0xc4,
0x22,0x47,0x4c,
0xe8,0x1f,0x0e,
0x8e,0x99,0x22,
0x22,0xf1,0xe0,
0x2c,0x1f,0x4e,
0x00,0x00,0x00,
0x00,0x00,0x00,

//========Address -- (34),
0x00,0x00,0x00,
0x0f,0x4f,0x0e,
0x97,0x1f,0x2c,
0x17,0x1f,0x0c,
0x47,0x0f,0x4c,
0x47,0x0f,0x4c,
0x1e,0x21,0xae,
0x00,0x00,0x00,
0x00,0x00,0x00,

//========Address -- (35),
0x00,0x00,0x00,
0x74,0xf0,0xe2,
0x74,0xf8,0xe4,
0x45,0x4f,0x8e,
0x44,0x44,0x88,
0x74,0xf4,0xe8,
0x49,0x80,0x88,
0x00,0x00,0x00,
0x00,0x00,0x00,

//========Address -- (36),
0x00,0x00,0x00,
0x07,0x0f,0x0c,
0x00,0x44,0x00,
0x02,0x44,0x00,
0x22,0x74,0xc0,
0x22,0x44,0x00,
0x2f,0x4f,0x0e,
0x00,0x00,0x00,
0x00,0x00,0x00,

//========Address -- (37),
0x00,0x00,0x00,
0x21,0x45,0x80,
0xf8,0xf0,0xe2,
0x32,0xf0,0x88,
0x30,0xf4,0x80,
0x74,0xf4,0xc4,
0x40,0x44,0xc0,
0x00,0x00,0x00,
0x00,0x00,0x00,

//========Address -- (38),
0x00,0x00,0x00,
0x11,0x11,0x00,
0x22,0xf1,0xe0,
0x6a,0xf9,0xe2,
0x22,0xf9,0xe0,
0x22,0x52,0x00,
0x22,0x58,0x86,
0x00,0x00,0x00,
0x00,0x00,0x00,

//========Address -- (39),
0x00,0x00,0x00,
0x42,0xf1,0xe0,
0xf0,0x72,0xc4,
0xf0,0x2f,0x4e,
0xf0,0x07,0x0c,
0xf9,0x44,0x44,
0xf9,0x74,0xc4,
0x00,0x00,0x00,
0x00,0x00,0x00,

//========Address -- (3a),
0x00,0x00,0x00,
0x00,0x84,0x00,
0xf0,0xf0,0xe0,
0x70,0xf0,0xc0,
0x70,0xf0,0xc0,
0x74,0xf0,0xc4,
0x74,0xf0,0xc4,
0x00,0x00,0x00,
0x00,0x00,0x00,

//========Address -- (3b),
0x00,0x00,0x00,
0xf8,0xe2,0xe4,
0xf8,0xe2,0x8e,
0xf4,0xe4,0xae,
0xa4,0xa4,0xae,
0xae,0xae,0xae,
0x0a,0x0a,0x4a,
0x00,0x00,0x00,
0x00,0x00,0x00,

//========Address -- (3c),
0x00,0x00,0x00,
0x30,0xf0,0x80,
0x0f,0x0f,0x0e,
0x00,0x44,0x00,
0x22,0x44,0x84,
0x48,0x44,0x22,
0x00,0xc0,0x00,
0x00,0x00,0x00,
0x00,0x00,0x00,

//========Address -- (3d),
0x00,0x00,0x00,
0xf9,0x11,0xe2,
0xf9,0x11,0xe2,
0xf8,0x10,0xe2,
0x99,0xf1,0x22,
0x99,0xf1,0x22,
0x98,0xf0,0x26,
0x00,0x00,0x00,
0x00,0x00,0x00,

//========Address -- (3e),
0x00,0x00,0x00,
0x84,0x0f,0x48,
0x01,0x2f,0x0e,
0xc5,0xa2,0x84,
0x44,0xf4,0x88,
0x44,0x58,0xc4,
0x5b,0x1f,0x8e,
0x00,0x00,0x00,
0x00,0x00,0x00,

//========Address -- (3f),
0x00,0x00,0x00,
0x07,0xc0,0x88,
0x1f,0x1e,0xea,
0x57,0x4c,0xaa,
0x57,0x4c,0xaa,
0x17,0x0c,0xaa,
0x1f,0x1e,0x26,
0x00,0x00,0x00,
0x00,0x00,0x00,

//========Address -- (40),
0x00,0x00,0x00,
0x2f,0x09,0x84,
0x2f,0x29,0x2c,
0xaf,0x8b,0x0a,
0xaf,0xab,0xaa,
0x2f,0x2b,0xaa,
0x22,0x22,0xae,
0x00,0x00,0x00,
0x00,0x00,0x00,

//========Address -- (41),
0x00,0x00,0x00,
0x30,0x08,0x00,
0x00,0x44,0x00,
0x00,0xaa,0x00,
0x01,0xa1,0x00,
0x12,0x10,0x08,
0x48,0x00,0x42,
0x00,0x00,0x00,
0x00,0x00,0x00,

//========Address -- (42),
0x00,0x00,0x00,
0x95,0xd5,0xc4,
0x11,0xd1,0xc2,
0xc4,0xc8,0xe8,
0x54,0xf8,0xc8,
0x74,0xf8,0xe8,
0x5b,0x0f,0x4e,
0x00,0x00,0x00,
0x00,0x00,0x00,

//========Address -- (43),
0x00,0x00,0x00,
0x22,0xfa,0xea,
0x2f,0xf1,0xe0,
0x22,0x71,0xc0,
0x23,0xf2,0xe8,
0xe2,0x71,0xc0,
0x26,0xf1,0xe0,
0x00,0x00,0x00,
0x00,0x00,0x00,

//========Address -- (44),
0x00,0x00,0x00,
0x07,0x4f,0x0c,
0x21,0x01,0x80,
0xf0,0xf0,0xe0,
0x74,0xf0,0xc4,
0x74,0xf0,0xc4,
0x74,0xf0,0xc4,
0x00,0x00,0x00,
0x00,0x00,0x00,

//========Address -- (45),
0x00,0x00,0x00,
0x74,0xf4,0xc4,
0x4f,0x2f,0x4e,
0x47,0x4f,0x4c,
0x47,0x4f,0x4c,
0x07,0x4f,0x0c,
0x0f,0x4f,0x0e,
0x00,0x00,0x00,
0x00,0x00,0x00,

//========Address -- (46),
0x00,0x00,0x00,
0x22,0x21,0x00,
0x54,0xf0,0xe0,
0xc4,0xf0,0xc0,
0x44,0xf0,0xc0,
0x44,0xf8,0xc4,
0x44,0xf8,0xc4,
0x00,0x00,0x00,
0x00,0x00,0x00,

//========Address -- (47),
0x00,0x00,0x00,
0xf9,0x11,0x0c,
0x9f,0x17,0x0e,
0x0f,0x55,0x2c,
0x48,0x74,0x2e,
0xf1,0x4b,0x08,
0x16,0x24,0xa6,
0x00,0x00,0x00,
0x00,0x00,0x00,

//========Address -- (48),
0x00,0x00,0x00,
0x22,0x00,0x00,
0x7a,0xfa,0xc8,
0x27,0xaf,0x8c,
0x22,0xaa,0x88,
0xf0,0xf0,0xe0,
0x58,0x29,0x42,
0x00,0x00,0x00,
0x00,0x00,0x00,

//========Address -- (49),
0x00,0x00,0x00,
0x0f,0x0f,0x0e,
0x00,0x22,0x00,
0x00,0x4d,0x00,
0x12,0x44,0x84,
0xc0,0x44,0x20,
0x00,0x44,0x00,
0x00,0x00,0x00,
0x00,0x00,0x00,

//========Address -- (4a),
0x00,0x00,0x00,
0x00,0x44,0x00,
0xf0,0xf4,0xe0,
0x07,0x4f,0x0c,
0x21,0x00,0x48,
0x00,0x96,0x00,
0x1e,0x90,0x86,
0x00,0x00,0x00,
0x00,0x00,0x00,

//========Address -- (4b),
0x00,0x00,0x00,
0x44,0x0f,0x68,
0x4e,0xa5,0x24,
0x44,0xf1,0xe0,
0x6c,0xf2,0xe0,
0x44,0x7a,0xc4,
0x5c,0x1e,0x86,
0x00,0x00,0x00,
0x00,0x00,0x00,

//========Address -- (4c),
0x00,0x00,0x00,
0x07,0x0f,0x0c,
0x44,0x44,0x44,
0x74,0xf4,0xc4,
0x47,0x4f,0x4c,
0x44,0x44,0x44,
0x48,0x41,0x4c,
0x00,0x00,0x00,
0x00,0x00,0x00,

//========Address -- (4d),
0x00,0x00,0x00,
0x84,0xf8,0xe2,
0xe0,0x9b,0x2a,
0xe0,0x9f,0x2e,
0xe0,0x8b,0x2a,
0xea,0xab,0xaa,
0xe9,0x80,0x2e,
0x00,0x00,0x00,
0x00,0x00,0x00,

//========Address -- (4e),
0x00,0x00,0x00,
0x1f,0x1d,0x0e,
0x57,0x6d,0x44,
0x35,0x85,0x84,
0x9f,0x2f,0x2e,
0x02,0x47,0x0c,
0x2f,0x4f,0x0e,
0x00,0x00,0x00,
0x00,0x00,0x00,

//========Address -- (4f),
0x00,0x00,0x00,
0x44,0x99,0x44,
0x5e,0x59,0xa4,
0x55,0x5d,0xae,
0xed,0x9f,0x4e,
0x44,0x9c,0x4a,
0x45,0x92,0x62,
0x00,0x00,0x00,
0x00,0x00,0x00,

//========Address -- (50),
0x00,0x00,0x00,
0x0e,0x45,0x2c,
0xab,0x5f,0x00,
0xae,0x5d,0xe4,
0xab,0xf5,0x44,
0xae,0x55,0x44,
0xa0,0x64,0x44,
0x00,0x00,0x00,
0x00,0x00,0x00,

//========Address -- (51),
0x00,0x00,0x00,
0xf8,0xba,0xe2,
0x88,0xab,0x2e,
0xf8,0xaa,0x22,
0x88,0xba,0xe2,
0xf8,0xa2,0x22,
0x00,0x48,0x2e,
0x00,0x00,0x00,
0x00,0x00,0x00,

//========Address -- (52),
0x00,0x00,0x00,
0x74,0xf4,0xc4,
0x54,0x54,0x44,
0x70,0xf4,0xc0,
0x70,0xf4,0xc0,
0xf0,0xf0,0xe0,
0x58,0x29,0x42,
0x00,0x00,0x00,
0x00,0x00,0x00,

//========Address -- (53),
0x00,0x00,0x00,
0x24,0x8e,0x0e,
0x93,0x2f,0x00,
0x5d,0x5f,0xe4,
0x55,0x5f,0x44,
0x45,0x4f,0x44,
0x45,0xa1,0x4c,
0x00,0x00,0x00,
0x00,0x00,0x00,

//========Address -- (54),
0x00,0x00,0x00,
0x24,0x19,0x48,
0xf0,0xd0,0x2e,
0x74,0xc5,0x04,
0x74,0xd5,0x82,
0x40,0xc8,0xe0,
0x58,0x5f,0x42,
0x00,0x00,0x00,
0x00,0x00,0x00,

//========Address -- (55),
0x00,0x00,0x00,
0x0b,0x2f,0x0e,
0x41,0x2f,0x0c,
0x0b,0x2f,0x0e,
0x51,0x0f,0x4c,
0x15,0x0f,0x4c,
0x91,0x00,0x4c,
0x00,0x00,0x00,
0x00,0x00,0x00,

//========Address -- (56),
0x00,0x00,0x00,
0x2f,0x0f,0xc0,
0x27,0x52,0x48,
0x2f,0x79,0xc4,
0x57,0x71,0xe4,
0x57,0x71,0xc4,
0x55,0x13,0x00,
0x00,0x00,0x00,
0x00,0x00,0x00,

//========Address -- (57),
0x00,0x00,0x00,
0x22,0x88,0x00,
0x45,0x8e,0xea,
0xc4,0xaa,0xaa,
0x44,0xaa,0xaa,
0x44,0xaa,0xaa,
0x56,0x26,0xea,
0x00,0x00,0x00,
0x00,0x00,0x00,

//========Address -- (58),
0x00,0x00,0x00,
0x74,0xf4,0xe0,
0x74,0xf4,0xc0,
0x74,0xf4,0xc0,
0x70,0xf0,0xe2,
0x55,0x55,0x22,
0x80,0x01,0x2c,
0x00,0x00,0x00,
0x00,0x00,0x00,

//========Address -- (59),
0x00,0x00,0x00,
0x04,0x00,0x0a,
0x44,0x0f,0x8e,
0x4e,0x0e,0x88,
0x44,0xaa,0xaa,
0x44,0xe0,0xcc,
0x6c,0x2d,0xa6,
0x00,0x20,0x20,
0x00,0x00,0x00,

//========Address -- (5a),
0x00,0x00,0x00,
0x01,0x01,0x00,
0x25,0x95,0x0e,
0xf4,0xab,0x2a,
0x74,0xea,0xaa,
0x74,0xb2,0xa6,
0x56,0x2a,0x02,
0x40,0x10,0xe0,
0x00,0x00,0x00,

//========Address -- (5b),
0x00,0x00,0x00,
0x00,0x08,0x00,
0x71,0x03,0x0e,
0x1f,0x2e,0x22,
0x13,0x2a,0x22,
0x59,0x62,0x22,
0x11,0x32,0xe2,
0x10,0x00,0x00,
0x00,0x00,0x00,

//========Address -- (5c),
0x00,0x00,0x00,
0x01,0x00,0x00,
0x17,0x39,0xe2,
0x11,0x12,0x26,
0xf1,0xc3,0x0e,
0x55,0x2e,0x22,
0x57,0x30,0xe0,
0x90,0xf0,0xe0,
0x00,0x00,0x00,

//========Address -- (5d),
0x00,0x00,0x00,
0x01,0x03,0x0e,
0x55,0xc1,0x80,
0x5f,0x3e,0xe2,
0x15,0x32,0xe2,
0x58,0x7a,0xe2,
0x12,0x31,0xe4,
0xc0,0x20,0x20,
0x00,0x00,0x00,

//========Address -- (5e),
0x00,0x00,0x00,
0x02,0x0e,0x0a,
0x22,0x2a,0xca,
0xba,0x47,0x4c,
0xaa,0x87,0x2c,
0x22,0x47,0x4c,
0x55,0x42,0x48,
0x80,0xf0,0xe0,
0x00,0x00,0x00,

//========Address -- (5f),
0x00,0x00,0x00,
0x02,0x01,0x00,
0x1f,0x1d,0x00,
0x04,0x1a,0xe4,
0x48,0x51,0x44,
0x21,0x90,0x48,
0x24,0x85,0x84,
0x80,0x20,0x20,
0x00,0x00,0x00,

//========Address -- (60),
0x00,0x00,0x00,
0x0f,0x01,0x0e,
0x9f,0x11,0x2e,
0x9f,0x11,0x2e,
0x88,0x44,0x22,
0x88,0x4a,0x22,
0x98,0x10,0x22,
0x80,0x00,0x60,
0x00,0x00,0x00,

//========Address -- (61),
0x00,0x00,0x00,
0x02,0x05,0x02,
0x22,0xbe,0xac,
0xba,0x7a,0xac,
0xaa,0xf1,0xa0,
0x22,0xf3,0xe8,
0x54,0x59,0x42,
0x80,0x10,0x00,
0x00,0x00,0x00,

//========Address -- (62),
0x00,0x00,0x00,
0x00,0x04,0x00,
0x07,0x2f,0x0f,
0x11,0x00,0x44,
0x00,0x88,0x88,
0x00,0x52,0x00,
0x01,0x58,0x0c,
0x60,0x00,0x30,
0x00,0x00,0x00,

//========Address -- (63),
0x00,0x00,0x00,
0x00,0x02,0x00,
0x07,0x2f,0x0f,
0x00,0x27,0x00,
0x00,0xaa,0x88,
0x12,0x22,0x42,
0x50,0xf2,0xd0,
0x00,0x20,0x00,
0x00,0x00,0x00,

//========Address -- (64),
0x00,0x00,0x00,
0x03,0x0f,0x08,
0x23,0x0f,0x88,
0x2f,0x0f,0x8e,
0x47,0x8b,0x0c,
0x47,0x99,0x44,
0x4f,0xc9,0x84,
0x00,0xa0,0x20,
0x00,0x00,0x00,

//========Address -- (65),
0x00,0x00,0x00,
0x00,0x04,0x00,
0x00,0x44,0x00,
0x0f,0x4f,0x0e,
0x00,0x4a,0x00,
0x01,0xa1,0x00,
0x12,0x10,0x08,
0xc0,0x00,0x60,
0x00,0x00,0x00,

//========Address -- (66),
0x00,0x00,0x00,
0x04,0x02,0x00,
0x79,0xb4,0xe8,
0x74,0xd5,0xe2,
0x74,0xd5,0x22,
0x75,0xd1,0x22,
0x45,0x95,0x60,
0x60,0x10,0x00,
0x00,0x00,0x00,

//========Address -- (67),
0x00,0x00,0x00,
0x00,0x04,0x00,
0xf0,0xf0,0xe0,
0x32,0xf0,0x88,
0x30,0xf0,0x80,
0xf8,0xf0,0xe2,
0x99,0xf1,0x22,
0x90,0xf0,0x60,
0x00,0x00,0x00,



};  
BYTE code tFONT_CHINESE_S[]=
{
   
   
   
   
   //========Address -- (00),
   0x00,0x00,0x00,
   0x00,0x00,0x00,
   0x00,0x00,0x00,
   0x00,0x00,0x00,
   0x00,0x00,0x00,
   0x00,0x00,0x00,
   0x00,0x00,0x00,
   0x00,0x00,0x00,
   0x00,0x00,0x00,
   
   //========Address -- (01),
   0x00,0x00,0x00,
   0x0f,0x0f,0x0e,
   0x00,0x22,0x00,
   0x00,0x4d,0x00,
   0x12,0x44,0x84,
   0xc0,0x44,0x20,
   0x00,0x44,0x00,
   0x00,0x00,0x00,
   0x00,0x00,0x00,
   
   //========Address -- (02),
   0x00,0x00,0x00,
   0x00,0x44,0x00,
   0xf0,0xf4,0xe0,
   0x07,0x4f,0x0c,
   0x21,0x00,0x48,
   0x00,0x96,0x00,
   0x1e,0x90,0x86,
   0x00,0x00,0x00,
   0x00,0x00,0x00,
   
   //========Address -- (03),
   0x00,0x00,0x00,
   0x22,0x11,0x00,
   0x2f,0x71,0xc0,
   0x22,0xf0,0xe8,
   0x3e,0x70,0xe8,
   0x22,0x42,0x88,
   0x26,0x03,0x88,
   0x00,0x00,0x00,
   0x00,0x00,0x00,
   
   //========Address -- (04),
   0x00,0x00,0x00,
   0xf8,0xba,0xe2,
   0x88,0xab,0x2e,
   0xf8,0xaa,0x22,
   0x88,0xba,0xe2,
   0xf8,0xa2,0x22,
   0x00,0x48,0x2e,
   0x00,0x00,0x00,
   0x00,0x00,0x00,
   
   //========Address -- (05),
   0x00,0x00,0x00,
   0x0f,0x4f,0x0e,
   0x03,0x0f,0x08,
   0x23,0x0f,0x88,
   0x0f,0x0f,0x0e,
   0x83,0x0f,0x20,
   0x2c,0x10,0x2e,
   0x00,0x00,0x00,
   0x00,0x00,0x00,
   
   //========Address -- (06),
   0x00,0x00,0x00,
   0x07,0x2f,0x0e,
   0x47,0x8f,0x8e,
   0x44,0x8f,0x88,
   0x45,0x0f,0x0c,
   0x44,0x84,0x48,
   0x49,0x3c,0x0e,
   0x00,0x00,0x00,
   0x00,0x00,0x00,
   
   //========Address -- (07),
   0x00,0x00,0x00,
   0xf8,0xf8,0xe2,
   0x9b,0xf1,0x22,
   0x8f,0xe1,0x2e,
   0x88,0xc2,0x22,
   0x98,0x86,0x22,
   0xf8,0xf0,0xe2,
   0x00,0x00,0x00,
   0x00,0x00,0x00,
   
   //========Address -- (08),
   0x00,0x00,0x00,
   0x22,0x8f,0x08,
   0x57,0x0f,0x8c,
   0xd5,0x2f,0x4c,
   0x45,0x4a,0x04,
   0x45,0x5b,0x84,
   0x45,0x5b,0x20,
   0x00,0x00,0x00,
   0x00,0x00,0x00,
   
   //========Address -- (09),
   0x00,0x00,0x00,
   0x42,0x74,0x88,
   0x00,0x44,0x88,
   0xe2,0x80,0x60,
   0x22,0xf4,0xc4,
   0x23,0x21,0x80,
   0x20,0x2c,0x86,
   0x00,0x00,0x00,
   0x00,0x00,0x00,
   
   //========Address -- (0a),
   0x00,0x00,0x00,
   0x74,0xfa,0xc4,
   0x70,0xf4,0xc0,
   0xf0,0xf4,0xe0,
   0x32,0xf0,0x88,
   0x22,0x04,0x88,
   0x2f,0x4f,0x8e,
   0x00,0x00,0x00,
   0x00,0x00,0x00,
   
   //========Address -- (0b),
   0x00,0x00,0x00,
   0x17,0x3c,0xe8,
   0x21,0x93,0x0e,
   0x74,0xea,0x2a,
   0x74,0x2a,0xaa,
   0x74,0x24,0xa8,
   0x4b,0x92,0x42,
   0x00,0x00,0x00,
   0x00,0x00,0x00,
   
   //========Address -- (0c),
   0x00,0x00,0x00,
   0x13,0x0f,0x08,
   0x48,0x01,0x80,
   0x74,0xf4,0xc4,
   0x47,0x4f,0x4c,
   0x44,0x00,0x02,
   0x43,0x0f,0x2e,
   0x00,0x00,0x00,
   0x00,0x00,0x00,
   
   //========Address -- (0d),
   0x00,0x00,0x00,
   0x00,0x84,0x00,
   0xf8,0xf0,0xe2,
   0x0f,0x0f,0x0e,
   0x02,0x44,0x00,
   0x22,0x74,0xc0,
   0x58,0x4f,0x0e,
   0x00,0x00,0x00,
   0x00,0x00,0x00,
   
   //========Address -- (0e),
   0x00,0x00,0x00,
   0x07,0x3c,0xc0,
   0x0f,0x4f,0x0e,
   0x47,0x4f,0x4c,
   0x47,0x4f,0x4c,
   0x07,0x4f,0x0c,
   0x0f,0x4f,0x0e,
   0x00,0x00,0x00,
   0x00,0x00,0x00,
   
   //========Address -- (0f),
   0x00,0x00,0x00,
   0x22,0x00,0x88,
   0xf2,0xf0,0xe8,
   0x32,0xf0,0x88,
   0x32,0xf0,0x88,
   0xf0,0xf0,0xe0,
   0x24,0x00,0x84,
   0x00,0x00,0x00,
   0x00,0x00,0x00,
   
   //========Address -- (10),
   0x00,0x00,0x00,
   0x11,0x11,0x00,
   0x22,0x55,0x6a,
   0x6a,0x7d,0x22,
   0x22,0x55,0x26,
   0x22,0x54,0x02,
   0x22,0x43,0x2e,
   0x00,0x00,0x00,
   0x00,0x00,0x00,
   
   //========Address -- (11),
   0x00,0x00,0x00,
   0x00,0x00,0x44,
   0xf0,0x8b,0x4e,
   0x08,0x88,0x44,
   0x55,0x21,0x44,
   0x25,0x10,0x44,
   0x48,0x89,0x4c,
   0x00,0x00,0x00,
   0x00,0x00,0x00,
   
   //========Address -- (12),
   0x00,0x00,0x00,
   0x44,0x22,0x00,
   0x44,0x22,0x24,
   0x74,0xa3,0x80,
   0x44,0x22,0x00,
   0x45,0xa2,0x02,
   0x64,0x21,0x2e,
   0x00,0x00,0x00,
   0x00,0x00,0x00,
   
   //========Address -- (13),
   0x00,0x00,0x00,
   0x22,0x1f,0x0e,
   0x3a,0x17,0x0c,
   0xaa,0x1f,0x0e,
   0xa2,0x47,0x4c,
   0x22,0x47,0x4c,
   0x22,0x44,0x4c,
   0x00,0x00,0x00,
   0x00,0x00,0x00,
   
   //========Address -- (14),
   0x00,0x00,0x00,
   0x32,0xf0,0x88,
   0x32,0xf0,0x88,
   0x30,0xf4,0x80,
   0xf2,0xf0,0xe8,
   0x30,0xf4,0x80,
   0x24,0x4c,0x84,
   0x00,0x00,0x00,
   0x00,0x00,0x00,
   
   //========Address -- (15),
   0x00,0x00,0x00,
   0x22,0x2f,0x8e,
   0x2f,0x27,0x8c,
   0x26,0x47,0x4c,
   0x7a,0x47,0x4c,
   0x22,0x1f,0x0e,
   0x22,0x2c,0x86,
   0x00,0x00,0x00,
   0x00,0x00,0x00,
   
   //========Address -- (16),
   0x00,0x00,0x00,
   0x00,0x11,0x42,
   0x0f,0x1f,0x0e,
   0x00,0x11,0x00,
   0x71,0xd1,0x00,
   0x11,0x00,0x8a,
   0x1e,0xe0,0x62,
   0x00,0x00,0x00,
   0x00,0x00,0x00,
   
   //========Address -- (17),
   0x00,0x00,0x00,
   0x22,0x07,0x0c,
   0x2f,0x00,0x00,
   0x26,0xf1,0xe0,
   0x7a,0x15,0x04,
   0x22,0x59,0x22,
   0x22,0x13,0x00,
   0x00,0x00,0x00,
   0x00,0x00,0x00,
   
   //========Address -- (18),
   0x00,0x00,0x00,
   0x00,0x54,0x08,
   0x84,0xf9,0xe0,
   0x12,0x9f,0x0c,
   0x00,0x99,0x00,
   0x24,0xf9,0xc0,
   0x80,0x9f,0x0e,
   0x00,0x00,0x00,
   0x00,0x00,0x00,
   
   //========Address -- (19),
   0x00,0x00,0x00,
   0x00,0x88,0x00,
   0xf8,0xf8,0x88,
   0x8f,0x8f,0x88,
   0x88,0x88,0x88,
   0xf8,0xf8,0x82,
   0x00,0x87,0x2e,
   0x00,0x00,0x00,
   0x00,0x00,0x00,
   
   //========Address -- (1a),
   0x00,0x00,0x00,
   0x74,0xc4,0x22,
   0x74,0xc4,0x48,
   0x71,0xc0,0x22,
   0xf4,0xe4,0x48,
   0x71,0xc0,0x22,
   0x5b,0x42,0x48,
   0x00,0x00,0x00,
   0x00,0x00,0x00,
   
   //========Address -- (1b),
   0x00,0x00,0x00,
   0x18,0x19,0x00,
   0x71,0xd2,0xe0,
   0x19,0x1c,0xc4,
   0x51,0x47,0x8e,
   0x15,0x44,0x88,
   0x92,0x4d,0x88,
   0x00,0x00,0x00,
   0x00,0x00,0x00,
   
   //========Address -- (1c),
   0x00,0x00,0x00,
   0x00,0x11,0x42,
   0xf0,0x99,0x0e,
   0x85,0xf1,0x04,
   0x52,0x11,0x44,
   0x25,0x01,0x8a,
   0x58,0x24,0x62,
   0x00,0x00,0x00,
   0x00,0x00,0x00,
   
   //========Address -- (1d),
   0x00,0x00,0x00,
   0x11,0x0f,0xc0,
   0x22,0x99,0x00,
   0x6a,0x9f,0x0e,
   0x22,0x99,0x00,
   0x22,0xac,0xaa,
   0x22,0xa1,0x62,
   0x00,0x00,0x00,
   0x00,0x00,0x00,
   
   //========Address -- (1e),
   0x00,0x00,0x00,
   0x04,0x44,0x04,
   0x21,0x45,0x80,
   0x0f,0x4f,0x0e,
   0x11,0x11,0x00,
   0x12,0x11,0x02,
   0x48,0x10,0x2e,
   0x00,0x00,0x00,
   0x00,0x00,0x00,
   
   //========Address -- (1f),
   0x00,0x00,0x00,
   0x00,0x44,0x00,
   0x07,0x46,0x24,
   0x11,0x65,0x80,
   0x12,0x54,0x08,
   0x24,0x44,0x84,
   0x81,0x4c,0x20,
   0x00,0x00,0x00,
   0x00,0x00,0x00,
   
   //========Address -- (20),
   0x00,0x00,0x00,
   0x07,0x0f,0x0c,
   0x04,0x44,0x04,
   0x22,0x44,0x48,
   0x0f,0x4f,0x0e,
   0x00,0x44,0x00,
   0x00,0x44,0x00,
   0x00,0x00,0x00,
   0x00,0x00,0x00,
   
   //========Address -- (21),
   0x00,0x00,0x00,
   0x22,0x21,0x00,
   0x45,0x0f,0x0e,
   0xc4,0x08,0x04,
   0x44,0x84,0x44,
   0x44,0x44,0x88,
   0x45,0x1f,0x0e,
   0x00,0x00,0x00,
   0x00,0x00,0x00,
   
   //========Address -- (22),
   0x00,0x00,0x00,
   0x07,0x3c,0xc0,
   0x07,0x4f,0x0c,
   0x22,0x44,0x88,
   0xf2,0xf4,0xe8,
   0x27,0x4f,0x8c,
   0x03,0x4f,0x08,
   0x00,0x00,0x00,
   0x00,0x00,0x00,
   
   //========Address -- (23),
   0x00,0x00,0x00,
   0x07,0x4f,0x0e,
   0x03,0x4f,0x0c,
   0x23,0x0f,0x4c,
   0x23,0x0f,0x4c,
   0x23,0x0f,0x4c,
   0x27,0x0f,0x4e,
   0x00,0x00,0x00,
   0x00,0x00,0x00,
   
   //========Address -- (24),
   0x00,0x00,0x00,
   0x0f,0x00,0x44,
   0x99,0x07,0x4e,
   0x9f,0x00,0x44,
   0x99,0x21,0x44,
   0x9f,0x10,0x44,
   0x90,0x01,0x4c,
   0x00,0x00,0x00,
   0x00,0x00,0x00,
   
   //========Address -- (25),
   0x00,0x00,0x00,
   0x44,0x00,0x88,
   0x78,0x83,0x8e,
   0x72,0xa2,0xaa,
   0x2f,0x2b,0xae,
   0x22,0x28,0xa8,
   0x32,0x00,0x88,
   0x00,0x00,0x00,
   0x00,0x00,0x00,
   
   //========Address -- (26),
   0x00,0x00,0x00,
   0x22,0x07,0x0e,
   0x2f,0x44,0x22,
   0x26,0x74,0xe2,
   0x7a,0x47,0x2e,
   0x22,0x44,0x22,
   0x22,0x74,0xe2,
   0x00,0x00,0x00,
   0x00,0x00,0x00,
   
   //========Address -- (27),
   0x00,0x00,0x00,
   0x23,0x0e,0x22,
   0x44,0x88,0xaa,
   0xc5,0xe2,0xaa,
   0x56,0x2a,0xaa,
   0x44,0x44,0xa2,
   0x45,0x80,0x2e,
   0x00,0x00,0x00,
   0x00,0x00,0x00,
   
   //========Address -- (28),
   0x00,0x00,0x00,
   0x00,0x48,0x00,
   0x74,0xf0,0xc4,
   0x47,0x0f,0x4c,
   0x44,0x00,0x44,
   0x74,0xf0,0xc4,
   0x47,0x0f,0x4c,
   0x00,0x00,0x00,
   0x00,0x00,0x00,
   
   //========Address -- (29),
   0x00,0x00,0x00,
   0x08,0xf8,0x88,
   0x40,0xf8,0x88,
   0x08,0xf0,0x80,
   0x51,0xf5,0xc4,
   0x35,0x55,0x44,
   0x93,0x5f,0x4e,
   0x00,0x00,0x00,
   0x00,0x00,0x00,
   
   //========Address -- (2a),
   0x00,0x00,0x00,
   0x0e,0x0f,0x68,
   0xaa,0xa5,0x24,
   0xae,0xf1,0xe0,
   0xaa,0xf2,0xe0,
   0xae,0x7a,0xc4,
   0xb0,0x1e,0x86,
   0x00,0x00,0x00,
   0x00,0x00,0x00,
   
   //========Address -- (2b),
   0x00,0x00,0x00,
   0x00,0x22,0x00,
   0x84,0x58,0x08,
   0x10,0x21,0x60,
   0x00,0xf0,0xc4,
   0x24,0x05,0x80,
   0x80,0x21,0x00,
   0x00,0x00,0x00,
   0x00,0x00,0x00,
   
   //========Address -- (2c),
   0x00,0x00,0x00,
   0x00,0x42,0x00,
   0x32,0xf0,0xe2,
   0x22,0x00,0x22,
   0x32,0xf0,0xe2,
   0x24,0x00,0x00,
   0x48,0x00,0x00,
   0x00,0x00,0x00,
   0x00,0x00,0x00,
   
   //========Address -- (2d),
   0x00,0x00,0x00,
   0x22,0x07,0x0c,
   0x49,0x11,0x00,
   0xe2,0x11,0x00,
   0x4f,0x11,0x00,
   0x03,0x11,0x00,
   0xc0,0x1f,0x0e,
   0x00,0x00,0x00,
   0x00,0x00,0x00,
   
   //========Address -- (2e),
   0x00,0x00,0x00,
   0x22,0x70,0xc4,
   0x49,0x70,0xc4,
   0xe2,0xf1,0xe0,
   0x4e,0x95,0x24,
   0x02,0x35,0x84,
   0xc0,0x93,0x20,
   0x00,0x00,0x00,
   0x00,0x00,0x00,
   
   //========Address -- (2f),
   0x00,0x00,0x00,
   0x2f,0x0f,0x8e,
   0x21,0x02,0x80,
   0x55,0x34,0xe8,
   0x50,0x00,0x40,
   0x74,0xfa,0xc4,
   0x4f,0xaf,0x4e,
   0x00,0x00,0x00,
   0x00,0x00,0x00,
   
   //========Address -- (30),
   0x00,0x00,0x00,
   0x21,0x01,0x80,
   0x07,0x0f,0x0c,
   0x00,0x44,0x00,
   0xf0,0xf4,0xe0,
   0x01,0xa1,0x00,
   0x2c,0x00,0x86,
   0x00,0x00,0x00,
   0x00,0x00,0x00,
   
   //========Address -- (31),
   0x00,0x00,0x00,
   0x42,0x07,0x0e,
   0x04,0x02,0x22,
   0x45,0x2f,0x2a,
   0x44,0x26,0x22,
   0x45,0xa2,0x22,
   0x44,0x60,0x2e,
   0x00,0x00,0x00,
   0x00,0x00,0x00,
   
   //========Address -- (32),
   0x00,0x00,0x00,
   0x07,0x0f,0x0c,
   0x11,0x11,0x00,
   0x11,0x11,0x00,
   0xf1,0xf1,0xe0,
   0x12,0x11,0x00,
   0x24,0x11,0x00,
   0x00,0x00,0x00,
   0x00,0x00,0x00,
   
   //========Address -- (33),
   0x00,0x00,0x00,
   0x00,0x42,0x00,
   0x32,0xf0,0xe2,
   0x23,0x0f,0x2e,
   0x23,0x0f,0x0e,
   0x35,0x00,0x22,
   0x59,0xf0,0xe2,
   0x00,0x00,0x00,
   0x00,0x00,0x00,
   
   //========Address -- (34),
   0x00,0x00,0x00,
   0x84,0xf8,0xe2,
   0x00,0x9b,0x2a,
   0xc4,0x9f,0x2e,
   0x44,0x8b,0x2a,
   0x46,0xab,0xaa,
   0x41,0x80,0x2e,
   0x00,0x00,0x00,
   0x00,0x00,0x00,
   
   //========Address -- (35),
   0x00,0x00,0x00,
   0x1f,0x1d,0x0e,
   0x57,0x6d,0x44,
   0x35,0x85,0x84,
   0x9f,0x2f,0x2e,
   0x02,0x47,0x0c,
   0x2f,0x4f,0x0e,
   0x00,0x00,0x00,
   0x00,0x00,0x00,
   
   //========Address -- (36),
   0x00,0x00,0x00,
   0x0f,0x4f,0x0e,
   0x97,0x1f,0x2c,
   0x17,0x1f,0x0c,
   0x44,0x04,0x44,
   0x40,0x4a,0x40,
   0x3c,0x21,0x2e,
   0x00,0x00,0x00,
   0x00,0x00,0x00,
   
   //========Address -- (37),
   0x00,0x00,0x00,
   0x74,0xf0,0xe2,
   0x74,0xf8,0xe4,
   0x45,0x4f,0x8e,
   0x44,0x44,0x88,
   0x74,0xf4,0xe8,
   0x49,0x80,0x88,
   0x00,0x00,0x00,
   0x00,0x00,0x00,
   
   //========Address -- (38),
   0x00,0x00,0x00,
   0x07,0x0f,0x0c,
   0x00,0x44,0x00,
   0x02,0x44,0x00,
   0x22,0x74,0xc0,
   0x22,0x44,0x00,
   0x2f,0x4f,0x0e,
   0x00,0x00,0x00,
   0x00,0x00,0x00,
   
   //========Address -- (39),
   0x00,0x00,0x00,
   0x02,0x04,0x08,
   0x1f,0x5f,0x0e,
   0x83,0x0f,0x28,
   0x23,0x0f,0x88,
   0x07,0x4f,0x0c,
   0x44,0x44,0x4c,
   0x00,0x40,0x00,
   0x00,0x00,0x00,
   
   //========Address -- (3a),
   0x00,0x00,0x00,
   0x03,0x0f,0x0e,
   0x22,0x22,0x22,
   0x32,0xf2,0xe2,
   0x23,0x2f,0x2e,
   0x22,0x22,0x22,
   0x24,0x20,0x2e,
   0x00,0x00,0x00,
   0x00,0x00,0x00,
   
   //========Address -- (3b),
   0x00,0x00,0x00,
   0x94,0xf2,0xe0,
   0x00,0xf4,0xc4,
   0xc5,0x4f,0x4e,
   0x44,0x0f,0x0c,
   0x46,0x88,0x44,
   0x40,0xf8,0xc4,
   0x00,0x00,0x00,
   0x00,0x00,0x00,
   
   //========Address -- (3c),
   0x00,0x00,0x00,
   0x00,0x84,0x00,
   0xf0,0xf0,0xe0,
   0x70,0xf0,0xc0,
   0x70,0xf0,0xc0,
   0x74,0xf0,0xc4,
   0x74,0xf0,0xc4,
   0x00,0x00,0x00,
   0x00,0x00,0x00,
   
   //========Address -- (3d),
   0x00,0x00,0x00,
   0x07,0x0f,0x0c,
   0x47,0x0f,0x4c,
   0x47,0x0f,0x4c,
   0x19,0x11,0x02,
   0x53,0x11,0x48,
   0x1f,0x1f,0x0e,
   0x00,0x00,0x00,
   0x00,0x00,0x00,
   
   //========Address -- (3e),
   0x00,0x00,0x00,
   0x03,0x0f,0x08,
   0x00,0x00,0x00,
   0xf0,0xf4,0xe0,
   0x02,0x44,0x08,
   0x24,0x44,0x42,
   0x80,0x4c,0x20,
   0x00,0x00,0x00,
   0x00,0x00,0x00,
   
   //========Address -- (3f),
   0x00,0x00,0x00,
   0x42,0xf0,0xe2,
   0x05,0x0f,0x2a,
   0x55,0x00,0xaa,
   0x55,0xf0,0xaa,
   0x55,0x0f,0xaa,
   0x44,0x00,0x2e,
   0x00,0x00,0x00,
   0x00,0x00,0x00,
   
   //========Address -- (40),
   0x00,0x00,0x00,
   0x84,0x0f,0x48,
   0x01,0x2f,0x0e,
   0xc5,0xa2,0x84,
   0x44,0xf4,0x88,
   0x44,0x58,0xc4,
   0x5b,0x1f,0x8e,
   0x00,0x00,0x00,
   0x00,0x00,0x00,
   
   //========Address -- (41),
   0x00,0x00,0x00,
   0x07,0x11,0x00,
   0x00,0x13,0x0e,
   0xf2,0x91,0x22,
   0x45,0x11,0x22,
   0x8f,0x9a,0x22,
   0x00,0x24,0x2c,
   0x00,0x00,0x00,
   0x00,0x00,0x00,
   
   //========Address -- (42),
   0x00,0x00,0x00,
   0x22,0x12,0x08,
   0xf4,0x4b,0x4a,
   0xaf,0x0e,0x02,
   0x23,0xae,0xaa,
   0xe2,0xae,0xaa,
   0x22,0xaa,0x26,
   0x00,0x00,0x00,
   0x00,0x00,0x00,
   
   //========Address -- (43),
   0x00,0x00,0x00,
   0x30,0x08,0x00,
   0x00,0x44,0x00,
   0x00,0xaa,0x00,
   0x01,0xa1,0x00,
   0x12,0x10,0x08,
   0x48,0x00,0x42,
   0x00,0x00,0x00,
   0x00,0x00,0x00,
   
   //========Address -- (44),
   0x00,0x00,0x00,
   0x42,0x15,0x00,
   0x00,0x79,0xc0,
   0xe2,0x1f,0x0e,
   0x22,0x22,0x88,
   0x22,0x48,0xa6,
   0x58,0x0f,0x0e,
   0x00,0x00,0x00,
   0x00,0x00,0x00,
   
   //========Address -- (45),
   0x00,0x00,0x00,
   0x22,0xf4,0xc4,
   0x2f,0x21,0x80,
   0x22,0x2d,0x86,
   0x3e,0x17,0x0c,
   0x22,0x1f,0x0e,
   0x26,0x11,0x00,
   0x00,0x00,0x00,
   0x00,0x00,0x00,
   
   //========Address -- (46),
   0x00,0x00,0x00,
   0x07,0x4f,0x0c,
   0x21,0x01,0x80,
   0xf0,0xf0,0xe0,
   0x74,0xf0,0xc4,
   0x74,0xf0,0xc4,
   0x74,0xf0,0xc4,
   0x00,0x00,0x00,
   0x00,0x00,0x00,
   
   //========Address -- (47),
   0x00,0x00,0x00,
   0x74,0xf4,0xc4,
   0x4f,0x2f,0x4e,
   0x47,0x4f,0x4c,
   0x47,0x4f,0x4c,
   0x07,0x4f,0x0c,
   0x0f,0x4f,0x0e,
   0x00,0x00,0x00,
   0x00,0x00,0x00,
   
   //========Address -- (48),
   0x00,0x00,0x00,
   0x22,0x21,0x00,
   0x54,0xf0,0xe0,
   0xc4,0xf0,0xc0,
   0x44,0xf0,0xc0,
   0x44,0xf8,0xc4,
   0x44,0xf8,0xc4,
   0x00,0x00,0x00,
   0x00,0x00,0x00,
   
   //========Address -- (49),
   0x00,0x00,0x00,
   0x32,0xf0,0x88,
   0x23,0x0f,0x88,
   0x0f,0x0f,0x0e,
   0x12,0x00,0x00,
   0x30,0xf0,0xc4,
   0x00,0x01,0x48,
   0x00,0x00,0x00,
   0x00,0x00,0x00,
   
   //========Address -- (4a),
   0x00,0x00,0x00,
   0x22,0x07,0x08,
   0x2f,0x44,0x88,
   0x27,0x44,0x88,
   0x6a,0xc4,0x88,
   0x22,0x44,0x8a,
   0x23,0x80,0xa6,
   0x00,0x00,0x00,
   0x00,0x00,0x00,
   
   //========Address -- (4b),
   0x00,0x00,0x00,
   0x07,0x0f,0x0c,
   0x00,0x44,0x00,
   0x0f,0x4f,0x0e,
   0x00,0xaa,0x00,
   0x12,0x22,0x02,
   0x48,0x21,0x2e,
   0x00,0x00,0x00,
   0x00,0x00,0x00,
   
   //========Address -- (4c),
   0x00,0x00,0x00,
   0x74,0xf4,0xc4,
   0x54,0x54,0x44,
   0x70,0xf4,0xc0,
   0x70,0xf4,0xc0,
   0xf0,0xf0,0xe0,
   0x58,0x29,0x42,
   0x00,0x00,0x00,
   0x00,0x00,0x00,
   
   //========Address -- (4d),
   0x00,0x00,0x00,
   0x24,0x8e,0x0e,
   0x93,0x2f,0x00,
   0x5d,0x5f,0xe4,
   0x55,0x5f,0x44,
   0x45,0x4f,0x44,
   0x45,0xa1,0x4c,
   0x00,0x00,0x00,
   0x00,0x00,0x00,
   
   //========Address -- (4e),
   0x00,0x00,0x00,
   0x00,0x44,0x00,
   0xf0,0xfa,0xe0,
   0x12,0x14,0x08,
   0xc0,0x24,0x60,
   0x55,0x22,0x42,
   0x90,0x0f,0xa8,
   0x00,0x00,0x00,
   0x00,0x00,0x00,
   
   //========Address -- (4f),
   0x00,0x00,0x00,
   0x0b,0x2f,0x0e,
   0x41,0x2f,0x0c,
   0x0b,0x2f,0x0e,
   0x51,0x0f,0x4c,
   0x15,0x0f,0x4c,
   0x91,0x00,0x4c,
   0x00,0x00,0x00,
   0x00,0x00,0x00,
   
   //========Address -- (50),
   0x00,0x00,0x00,
   0x0e,0x45,0x2c,
   0xab,0x5f,0x00,
   0xae,0x5d,0xe4,
   0xab,0xf5,0x44,
   0xae,0x55,0x44,
   0xa0,0x64,0x44,
   0x00,0x00,0x00,
   0x00,0x00,0x00,
   
   //========Address -- (51),
   0x00,0x00,0x00,
   0x2f,0x2b,0x08,
   0x27,0x49,0x80,
   0x2f,0x79,0xc4,
   0x57,0x71,0xe4,
   0x57,0x71,0xc4,
   0x55,0x13,0x00,
   0x00,0x00,0x00,
   0x00,0x00,0x00,
   
   //========Address -- (52),
   0x00,0x00,0x00,
   0x22,0x88,0x00,
   0x45,0x8e,0xea,
   0xc4,0xaa,0xaa,
   0x44,0xaa,0xaa,
   0x44,0xaa,0xaa,
   0x56,0x26,0xea,
   0x00,0x00,0x00,
   0x00,0x00,0x00,
   
   //========Address -- (53),
   0x00,0x00,0x00,
   0x70,0xf0,0x88,
   0x22,0x00,0x88,
   0x23,0x0f,0x8e,
   0x00,0x00,0x22,
   0xf0,0xf0,0xa2,
   0x00,0x01,0x2c,
   0x00,0x00,0x00,
   0x00,0x00,0x00,
   
   //========Address -- (54),
   0x00,0x00,0x00,
   0x04,0x00,0x0a,
   0x44,0x0f,0x8e,
   0x4e,0x0e,0x88,
   0x44,0xaa,0xaa,
   0x44,0xe0,0xcc,
   0x6c,0x2d,0xa6,
   0x00,0x20,0x20,
   0x00,0x00,0x00,
   
   //========Address -- (55),
   0x00,0x00,0x00,
   0x04,0x02,0x00,
   0x47,0x27,0x0e,
   0x92,0x4f,0x2a,
   0x54,0x44,0xaa,
   0x44,0x74,0xa6,
   0x56,0x44,0x02,
   0x40,0x30,0xe0,
   0x00,0x00,0x00,
   
   //========Address -- (56),
   0x00,0x00,0x00,
   0x00,0x08,0x00,
   0x71,0x03,0x0e,
   0x1f,0x2e,0x22,
   0x13,0x2a,0x22,
   0x59,0x62,0x22,
   0x11,0x32,0xe2,
   0x10,0x00,0x00,
   0x00,0x00,0x00,
   
   //========Address -- (57),
   0x00,0x00,0x00,
   0x01,0x00,0x00,
   0x17,0x39,0xe2,
   0x11,0x12,0x26,
   0xf1,0xc3,0x0e,
   0x55,0x2e,0x22,
   0x57,0x30,0xe0,
   0x90,0xf0,0xe0,
   0x00,0x00,0x00,
   
   //========Address -- (58),
   0x00,0x00,0x00,
   0x01,0x03,0x0e,
   0x55,0xc1,0x80,
   0x5f,0x3e,0xe2,
   0x15,0x22,0xaa,
   0x58,0x6a,0xaa,
   0x12,0x01,0x84,
   0xc0,0x20,0x20,
   0x00,0x00,0x00,
   
   //========Address -- (59),
   0x00,0x00,0x00,
   0x02,0x00,0x00,
   0x22,0x70,0xe8,
   0xab,0x80,0x88,
   0xa2,0x00,0x88,
   0x22,0x00,0x88,
   0x54,0x08,0x88,
   0x80,0xb0,0x80,
   0x00,0x00,0x00,
   
   //========Address -- (5a),
   0x00,0x00,0x00,
   0x02,0x01,0x00,
   0x1f,0x1d,0x00,
   0x04,0x1a,0xe4,
   0x48,0x51,0x44,
   0x21,0x90,0x48,
   0x24,0x85,0x84,
   0x80,0x20,0x20,
   0x00,0x00,0x00,
   
   //========Address -- (5b),
   0x00,0x00,0x00,
   0x04,0x0f,0x0e,
   0x20,0x04,0x22,
   0x44,0x44,0x22,
   0x44,0xa9,0x22,
   0x56,0x00,0xaa,
   0x44,0x00,0x22,
   0x40,0x00,0xe0,
   0x00,0x00,0x00,
   
   //========Address -- (5c),
   0x00,0x00,0x00,
   0x02,0x00,0x0c,
   0x22,0x7c,0x00,
   0xba,0x55,0x00,
   0xaa,0x71,0xe0,
   0x22,0x55,0x42,
   0x54,0x99,0x20,
   0x80,0x30,0x00,
   0x00,0x00,0x00,
   
   //========Address -- (5d),
   0x00,0x00,0x00,
   0x07,0x09,0x0e,
   0x00,0x88,0x22,
   0x74,0x91,0xe0,
   0x78,0x9a,0xe2,
   0x42,0x98,0x2a,
   0x48,0x9a,0x22,
   0x30,0x00,0xc0,
   0x00,0x00,0x00,
   
   //========Address -- (5e),
   0x00,0x00,0x00,
   0x00,0x04,0x00,
   0x00,0x44,0x00,
   0x74,0xf4,0xc4,
   0x44,0x44,0x44,
   0x74,0xf4,0xc4,
   0x00,0x44,0x00,
   0x00,0x40,0x00,
   0x00,0x00,0x00,
   
   //========Address -- (5f),
   0x00,0x00,0x00,
   0x00,0x07,0x0c,
   0xe2,0x44,0x44,
   0x2e,0x71,0xc0,
   0x88,0xf9,0xe2,
   0xe2,0x9f,0x2e,
   0x22,0x11,0x04,
   0xc0,0xf0,0xe0,
   0x00,0x00,0x00,
   
   //========Address -- (60),
   0x00,0x00,0x00,
   0x00,0x04,0x00,
   0x07,0x2f,0x0f,
   0x11,0x00,0x44,
   0x00,0x88,0x88,
   0x00,0x52,0x00,
   0x01,0x58,0x0c,
   0x60,0x00,0x30,
   0x00,0x00,0x00,
   
   //========Address -- (61),
   0x00,0x00,0x00,
   0x00,0x02,0x00,
   0x07,0x2f,0x0f,
   0x00,0x27,0x00,
   0x00,0xaa,0x88,
   0x12,0x22,0x42,
   0x50,0xf2,0xd0,
   0x00,0x20,0x00,
   0x00,0x00,0x00,
   
   //========Address -- (62),
   0x00,0x00,0x00,
   0x03,0x0f,0x08,
   0x23,0x0f,0x88,
   0x2f,0x0f,0x8e,
   0x47,0x8b,0x0c,
   0x47,0x99,0x44,
   0x4f,0xc9,0x84,
   0x00,0xa0,0x20,
   0x00,0x00,0x00,
   
   //========Address -- (63),
   0x00,0x00,0x00,
   0x00,0x04,0x00,
   0x00,0x44,0x00,
   0x0f,0x4f,0x0e,
   0x00,0x4a,0x00,
   0x01,0xa1,0x00,
   0x12,0x10,0x08,
   0xc0,0x00,0x60,
   0x00,0x00,0x00,

0x00,0x00,0x00,
0x02,0x02,0x00,
0x22,0x1f,0x0e,
0xba,0x12,0x00,
0xaa,0x4f,0x48,
0x22,0x12,0x00,
0x54,0x4f,0x4e,
0x80,0x00,0x20,
0x00,0x00,0x00,

//========Address -- (65),
0x00,0x00,0x00,
0x01,0x0c,0x04,
0xe2,0x04,0x48,
0x94,0x58,0x22,
0x1f,0x0c,0x48,
0x13,0x18,0x02,
0x59,0x40,0x48,
0x10,0x30,0x00,
0x00,0x00,0x00,


//========Address -- (00),	//节
0x00,0x00,0x00,
0x01,0x01,0x00,
0x1f,0x1f,0x0e,
0x10,0x10,0x00,
0xf0,0xf8,0xc4,
0x00,0x88,0x44,
0x00,0x88,0xc0,
0x00,0x80,0x00,
0x00,0x00,0x00,
	
	
   
   //========Address -- (67),
   0x00,0x00,0x00,
   0x00,0x04,0x00,
   0xf0,0xf0,0xe0,
   0x32,0xf0,0x88,
   0x30,0xf0,0x80,
   0xf8,0xf0,0xe2,
   0x99,0xf1,0x22,
   0x90,0xf0,0x60,
   0x00,0x00,0x00,
   
   













};  




BYTE code tFONT_KOREAN[]=
{

//========Address -- (00),
0x00,0x00,0x00,
0x00,0x00,0x00,
0x00,0x00,0x00,
0x00,0x00,0x00,
0x00,0x00,0x00,
0x00,0x00,0x00,
0x00,0x00,0x00,
0x00,0x00,0x00,
0x00,0x00,0x00,

//========Address -- (01),
0x00,0x00,0x00,
0x10,0xc0,0x62,
0x71,0xf4,0x22,
0x22,0x22,0x22,
0x10,0xc0,0x22,
0x70,0xf4,0xe2,
0x00,0x44,0x22,
0x00,0x40,0x20,
0x00,0x00,0x00,

//========Address -- (02),
0x00,0x00,0x00,
0x01,0x0f,0x0e,
0x00,0x88,0x00,
0x00,0x88,0x00,
0x00,0xf1,0xe0,
0x00,0x11,0x00,
0x07,0x1f,0x0f,
0x00,0x00,0x00,
0x00,0x00,0x00,

//========Address -- (03),
0x00,0x00,0x00,
0x00,0x00,0x62,
0x12,0x84,0x22,
0x44,0x22,0x22,
0x44,0x22,0x22,
0x21,0x48,0x22,
0x00,0x00,0x22,
0x00,0x00,0x20,
0x00,0x00,0x00,

//========Address -- (04),
0x00,0x00,0x00,
0x00,0x00,0x62,
0x72,0xe2,0x22,
0x22,0x22,0x22,
0x22,0x22,0x22,
0x23,0x2e,0x22,
0x20,0x00,0x22,
0x00,0x00,0x20,
0x00,0x00,0x00,

//========Address -- (05),
0x00,0x00,0x00,
0x00,0x00,0x62,
0x30,0xf2,0x22,
0x00,0x24,0x22,
0x00,0x4a,0x22,
0x16,0x10,0x2a,
0x00,0x00,0x22,
0x00,0x00,0x20,
0x00,0x00,0x00,

//========Address -- (06),
0x00,0x00,0x00,
0x00,0x0c,0x62,
0x00,0x49,0x2e,
0x12,0x42,0x22,
0x40,0x10,0x20,
0x10,0xf0,0xe2,
0x10,0xf8,0xe0,
0x00,0xf0,0xe0,
0x00,0x00,0x00,

//========Address -- (07),
0x00,0x00,0x00,
0x03,0x0f,0x62,
0x00,0x24,0x2e,
0x01,0xa1,0x22,
0x60,0x00,0xa2,
0x00,0x07,0x0c,
0x00,0x88,0x22,
0x00,0x70,0xc0,
0x00,0x00,0x00,

//========Address -- (08),
0x00,0x00,0x00,
0x00,0x0d,0x39,
0x00,0x48,0x99,
0x12,0x84,0xf9,
0x40,0x20,0x91,
0x00,0x0f,0x0f,
0x00,0x00,0x11,
0x00,0x00,0x10,
0x00,0x00,0x00,

//========Address -- (09),
0x00,0x00,0x00,
0x00,0x0c,0x62,
0x00,0x48,0x22,
0x12,0x42,0x32,
0x40,0x10,0x22,
0x00,0x07,0x0c,
0x00,0x88,0x22,
0x00,0x70,0xc0,
0x00,0x00,0x00,

//========Address -- (0a),
0x00,0x00,0x00,
0x00,0x78,0xc2,
0x00,0x87,0x2c,
0x00,0x11,0x00,
0x07,0x1f,0x0f,
0x01,0x08,0x00,
0x00,0x88,0x00,
0x00,0xf0,0xe0,
0x00,0x00,0x00,

//========Address -- (0b),
0x00,0x00,0x00,
0x00,0x03,0x08,
0x01,0x0f,0x0e,
0x00,0x00,0x48,
0x00,0x16,0x42,
0x10,0x91,0x10,
0x07,0x1f,0x0f,
0x00,0x00,0x00,
0x00,0x00,0x00,

//========Address -- (0c),
0x00,0x00,0x00,
0x00,0x00,0x62,
0x30,0xf1,0x22,
0x00,0x22,0x22,
0x00,0x48,0x22,
0x16,0x00,0x22,
0x00,0x00,0x22,
0x00,0x00,0x20,
0x00,0x00,0x00,

//========Address -- (0d),
0x00,0x00,0x00,
0x10,0xe0,0x62,
0x70,0xf0,0xa2,
0x12,0xe1,0x22,
0x21,0x1e,0x32,
0x00,0x44,0x22,
0x70,0xf0,0xe2,
0x00,0x00,0x20,
0x00,0x00,0x00,

//========Address -- (0e),
0x00,0x00,0x00,
0x01,0x08,0x62,
0x00,0xf8,0xe2,
0x00,0xf8,0xe0,
0x07,0x0f,0x0f,
0x00,0x11,0x00,
0x00,0x11,0x00,
0x00,0x10,0x00,
0x00,0x00,0x00,

//========Address -- (0f),
0x00,0x00,0x00,
0x00,0x00,0x62,
0x30,0xf1,0x22,
0x00,0x22,0x22,
0x00,0x48,0x32,
0x16,0x00,0x22,
0x00,0x00,0x22,
0x00,0x00,0x20,
0x00,0x00,0x00,

//========Address -- (10),
0x00,0x00,0x00,
0x10,0x88,0x00,
0x00,0x8f,0x0e,
0x00,0x00,0x00,
0x70,0xf0,0xf0,
0x00,0x07,0x0c,
0x00,0x88,0x22,
0x00,0x70,0xc0,
0x00,0x00,0x00,

//========Address -- (11),
0x00,0x00,0x00,
0x06,0x06,0x62,
0x23,0x2e,0x22,
0x22,0x22,0x32,
0x30,0xe0,0x20,
0x30,0xf2,0xe2,
0x31,0xe0,0x22,
0x10,0xe0,0x20,
0x00,0x00,0x00,

//========Address -- (12),
0x00,0x00,0x00,
0x07,0x0e,0x62,
0x22,0x32,0xe2,
0x22,0x32,0xe2,
0x30,0xe0,0x22,
0x00,0x07,0x0c,
0x00,0x88,0x22,
0x00,0x70,0xc0,
0x00,0x00,0x00,

//========Address -- (13),
0x00,0x00,0x00,
0x01,0x08,0x62,
0x24,0x42,0x22,
0x42,0x24,0x32,
0x10,0x80,0x22,
0x01,0x0f,0x0e,
0x00,0x88,0x22,
0x00,0xf0,0xe0,
0x00,0x00,0x00,

//========Address -- (14),
0x00,0x00,0x00,
0x00,0x03,0x00,
0x00,0x16,0x0c,
0x30,0x80,0x30,
0x07,0x0f,0x0f,
0x00,0x11,0x00,
0x00,0x11,0x00,
0x00,0x10,0x00,
0x00,0x00,0x00,

//========Address -- (15),
0x00,0x00,0x00,
0x07,0x0f,0x62,
0x21,0x22,0xe2,
0x11,0x24,0xe2,
0x70,0xf0,0x22,
0x00,0x07,0x0c,
0x00,0x88,0x22,
0x00,0x70,0xc0,
0x00,0x00,0x00,

//========Address -- (16),
0x00,0x00,0x00,
0x01,0x0e,0x62,
0x22,0x11,0x22,
0x21,0x1e,0x22,
0x07,0x0f,0x2e,
0x00,0x44,0x22,
0x00,0x44,0x22,
0x00,0x00,0x20,
0x00,0x00,0x00,

//========Address -- (17),
0x00,0x00,0x00,
0x01,0x0e,0x62,
0x03,0x0f,0x22,
0x00,0x24,0x22,
0x00,0x4a,0x22,
0x16,0x10,0x2a,
0x00,0x00,0x22,
0x00,0x00,0x20,
0x00,0x00,0x00,

//========Address -- (18),
0x00,0x00,0x00,
0x03,0x0f,0x62,
0x00,0x24,0x22,
0x01,0xa1,0x22,
0x60,0x00,0xa2,
0x01,0x0f,0x0e,
0x00,0x00,0x22,
0x00,0x00,0x20,
0x00,0x00,0x00,

//========Address -- (19),
0x00,0x00,0x00,
0x10,0xf0,0xe2,
0x10,0xf0,0xe2,
0x07,0x0f,0x4f,
0x00,0x00,0x00,
0x10,0xf0,0xe2,
0x10,0xf8,0xe0,
0x00,0xf0,0xe0,
0x00,0x00,0x00,

//========Address -- (1a),
0x00,0x00,0x00,
0x07,0x0e,0x62,
0x07,0x4d,0x2e,
0x22,0x00,0x22,
0x30,0xf0,0x22,
0x01,0x0f,0x0e,
0x00,0x00,0x22,
0x00,0x00,0x20,
0x00,0x00,0x00,

//========Address -- (1b),
0x00,0x00,0x00,
0x00,0x00,0x62,
0x62,0x62,0x22,
0x23,0x2e,0x22,
0x22,0x22,0x22,
0x23,0x2e,0x22,
0x20,0x00,0x22,
0x00,0x00,0x20,
0x00,0x00,0x00,

//========Address -- (1c),
0x00,0x00,0x00,
0x00,0x78,0xc2,
0x00,0x87,0x2c,
0x07,0x0f,0x0f,
0x00,0x44,0x44,
0x10,0xf0,0xe2,
0x10,0xf8,0xe0,
0x00,0xf0,0xe0,
0x00,0x00,0x00,

//========Address -- (1d),
0x00,0x00,0x00,
0x03,0x0f,0x62,
0x00,0x25,0x2e,
0x01,0xa1,0x22,
0x60,0x00,0xa2,
0x01,0x0f,0x0e,
0x00,0x00,0x22,
0x00,0x00,0x20,
0x00,0x00,0x00,

//========Address -- (1e),
0x00,0x00,0x00,
0x10,0x88,0x00,
0x00,0x8f,0x0e,
0x00,0x11,0x00,
0x70,0xf0,0xf0,
0x01,0x0f,0x0e,
0x00,0x00,0x22,
0x00,0x00,0x20,
0x00,0x00,0x00,

//========Address -- (1f),
0x00,0x00,0x00,
0x10,0xe0,0x62,
0x30,0xf2,0x22,
0x00,0x5a,0xe2,
0x16,0x10,0x2a,
0x00,0x07,0x0c,
0x00,0x88,0x22,
0x00,0x70,0xc0,
0x00,0x00,0x00,

//========Address -- (20),
0x00,0x00,0x00,
0x01,0x08,0x62,
0x24,0x43,0x2e,
0x42,0x24,0x22,
0x10,0x80,0x22,
0x01,0x08,0x22,
0x00,0x88,0x00,
0x00,0xf0,0xe0,
0x00,0x00,0x00,

//========Address -- (21),
0x00,0x00,0x00,
0x00,0x00,0x62,
0x12,0x84,0x22,
0x44,0x23,0x2e,
0x44,0x22,0x22,
0x21,0x48,0x22,
0x00,0x00,0x22,
0x00,0x00,0x20,
0x00,0x00,0x00,

//========Address -- (22),
0x00,0x00,0x00,
0x00,0x31,0x00,
0x03,0x68,0xc3,
0x00,0x11,0x00,
0x70,0xf0,0xf0,
0x01,0x0f,0x0e,
0x00,0x00,0x22,
0x00,0x00,0x20,
0x00,0x00,0x00,

//========Address -- (23),
0x00,0x00,0x00,
0x00,0x00,0x62,
0x00,0xc4,0x22,
0x00,0x48,0x22,
0x01,0x84,0x22,
0x24,0x21,0x22,
0x00,0x00,0x22,
0x00,0x00,0x20,
0x00,0x00,0x00,

//========Address -- (24),
0x00,0x00,0x00,
0x03,0x0e,0x62,
0x00,0x22,0x22,
0x00,0x48,0x23,
0x16,0x00,0x22,
0x01,0x08,0x22,
0x00,0x88,0x00,
0x00,0xf0,0xe0,
0x00,0x00,0x00,

//========Address -- (25),
0x00,0x00,0x00,
0x01,0x0f,0x0f,
0x00,0x8f,0x0f,
0x00,0x8f,0x0f,
0x07,0x0f,0x0f,
0x00,0x11,0x00,
0x00,0x11,0x00,
0x00,0x10,0x00,
0x00,0x00,0x00,

//========Address -- (26),
0x00,0x00,0x00,
0x01,0x08,0x62,
0x24,0x52,0xe2,
0x42,0x25,0x2e,
0x10,0x80,0x22,
0x00,0x07,0x0c,
0x00,0x88,0x22,
0x00,0x70,0xc0,
0x00,0x00,0x00,

//========Address -- (27),
0x00,0x00,0x00,
0x00,0x00,0x62,
0x30,0xf2,0x22,
0x00,0x24,0x22,
0x00,0x4a,0x32,
0x16,0x10,0x2a,
0x00,0x00,0x22,
0x00,0x00,0x20,
0x00,0x00,0x00,

//========Address -- (28),
0x00,0x00,0x00,
0x10,0xf8,0xe0,
0x00,0x8f,0x0e,
0x00,0x11,0x00,
0x70,0xf0,0xf0,
0x00,0x07,0x0c,
0x00,0x88,0x22,
0x00,0x70,0xc0,
0x00,0x00,0x00,

//========Address -- (29),
0x00,0x00,0x00,
0x00,0x0f,0x0e,
0x00,0x00,0x48,
0x00,0x12,0x0c,
0x03,0xc0,0x30,
0x00,0x11,0x00,
0x07,0x1f,0x0f,
0x00,0x00,0x00,
0x00,0x00,0x00,

//========Address -- (2a),
0x00,0x00,0x00,
0x01,0x08,0x62,
0x24,0x42,0x22,
0x42,0x24,0x22,
0x10,0x80,0x20,
0x10,0x88,0x62,
0x00,0xf8,0xe2,
0x00,0xf0,0xe0,
0x00,0x00,0x00,

//========Address -- (2b),
0x00,0x00,0x00,
0x07,0x0e,0x62,
0x07,0x5c,0xe2,
0x22,0x10,0xe2,
0x30,0xf0,0x22,
0x01,0x0f,0x0e,
0x00,0x00,0x22,
0x00,0x00,0x20,
0x00,0x00,0x00,

//========Address -- (2c),
0x00,0x00,0x00,
0x00,0x0c,0x62,
0x00,0x49,0x2e,
0x01,0x84,0x22,
0x24,0x21,0x22,
0x01,0x08,0x22,
0x00,0x88,0x00,
0x00,0xf0,0xe0,
0x00,0x00,0x00,

//========Address -- (2d),
0x00,0x00,0x00,
0x07,0x0d,0x39,
0x23,0x0c,0x99,
0x22,0x01,0xf9,
0x30,0xe0,0x91,
0x00,0x0f,0x0f,
0x00,0x00,0x11,
0x00,0x00,0x10,
0x00,0x00,0x00,

//========Address -- (2e),
0x00,0x00,0x00,
0x01,0x0f,0x0e,
0x00,0x00,0x22,
0x10,0xf8,0xe0,
0x00,0x8f,0x0f,
0x00,0x11,0x00,
0x07,0x1f,0x0f,
0x00,0x00,0x00,
0x00,0x00,0x00,

//========Address -- (2f),
0x00,0x00,0x00,
0x00,0x07,0x0c,
0x00,0x88,0x22,
0x00,0x70,0xc0,
0x07,0x0f,0x0f,
0x00,0x11,0x00,
0x00,0x11,0x00,
0x00,0x10,0x00,
0x00,0x00,0x00,

//========Address -- (30),
0x00,0x00,0x00,
0x01,0x08,0x62,
0x00,0xf8,0xe2,
0x00,0xf0,0xe0,
0x70,0xf0,0xf0,
0x10,0xf0,0xe2,
0x10,0xf8,0xe0,
0x00,0xf0,0xe0,
0x00,0x00,0x00,

//========Address -- (31),
0x00,0x00,0x00,
0x01,0x0f,0x0e,
0x01,0x0f,0x2e,
0x00,0x8f,0x0f,
0x07,0x0f,0x0f,
0x00,0x11,0x00,
0x00,0x11,0x00,
0x00,0x10,0x00,
0x00,0x00,0x00,

//========Address -- (32),
0x00,0x00,0x00,
0x01,0x0f,0x0e,
0x00,0x88,0x22,
0x00,0x88,0x22,
0x00,0xf1,0xe0,
0x00,0x11,0x00,
0x07,0x1f,0x0f,
0x00,0x00,0x00,
0x00,0x00,0x00,

//========Address -- (33),
0x00,0x00,0x00,
0x01,0x0f,0x0e,
0x00,0x88,0x00,
0x00,0x88,0x00,
0x00,0xf0,0xe0,
0x00,0x00,0x00,
0x07,0x0f,0x0f,
0x00,0x00,0x00,
0x00,0x00,0x00,

//========Address -- (34),
0x00,0x00,0x00,
0x10,0xf0,0xe2,
0x10,0xf8,0xe0,
0x00,0xf0,0xf0,
0x70,0xf4,0xf4,
0x01,0x4f,0x4e,
0x00,0x88,0x22,
0x00,0xf0,0xe0,
0x00,0x00,0x00,

//========Address -- (35),
0x00,0x00,0x00,
0x01,0x0c,0x62,
0x07,0x0f,0x22,
0x01,0x0c,0x22,
0x22,0x22,0x32,
0x21,0x2c,0x22,
0x00,0x00,0x22,
0x00,0x00,0x20,
0x00,0x00,0x00,

//========Address -- (36),
0x00,0x00,0x00,
0x10,0xc0,0x62,
0x70,0xf0,0x22,
0x12,0xc2,0x23,
0x21,0x2c,0x22,
0x00,0x00,0x22,
0x10,0x88,0x00,
0x00,0xf0,0xe0,
0x00,0x00,0x00,

//========Address -- (37),
0x00,0x00,0x00,
0x00,0x00,0x00,
0x30,0xd4,0xf1,
0x00,0x44,0x11,
0x00,0x44,0x11,
0x00,0x88,0x22,
0x07,0x0f,0x0f,
0x00,0x00,0x00,
0x00,0x00,0x00,

//========Address -- (38),
0x00,0x00,0x00,
0x01,0x0f,0x0f,
0x00,0x08,0x0c,
0x00,0x44,0x44,
0x01,0x4f,0x8f,
0x00,0x44,0x44,
0x07,0x4f,0x4f,
0x00,0x00,0x00,
0x00,0x00,0x00,

//========Address -- (39),
0x00,0x00,0x00,
0x00,0xf0,0xe4,
0x00,0x16,0x86,
0x30,0x80,0x10,
0x70,0xf1,0xf0,
0x01,0x19,0x00,
0x00,0x88,0x00,
0x00,0xf0,0xe0,
0x00,0x00,0x00,

//========Address -- (3a),
0x00,0x00,0x00,
0x00,0x01,0x39,
0x30,0xc4,0x99,
0x00,0x47,0x99,
0x00,0x88,0x99,
0x16,0x00,0x99,
0x00,0x00,0x99,
0x00,0x00,0x10,
0x00,0x00,0x00,

//========Address -- (3b),
0x00,0x00,0x00,
0x01,0x08,0x62,
0x24,0x42,0x22,
0x42,0x24,0x22,
0x10,0x80,0x22,
0x01,0x0f,0x0e,
0x00,0x88,0x22,
0x00,0xf0,0xe0,
0x00,0x00,0x00,

//========Address -- (3c),
0x00,0x00,0x00,
0x00,0x00,0x62,
0x30,0xf1,0x22,
0x03,0x1e,0xe2,
0x00,0x25,0x2e,
0x01,0x80,0x22,
0x60,0x00,0x22,
0x00,0x00,0x20,
0x00,0x00,0x00,

//========Address -- (3d),
0x00,0x00,0x00,
0x10,0x88,0x62,
0x00,0xf8,0xe2,
0x00,0xf1,0xe0,
0x07,0x1f,0x0f,
0x01,0x08,0x00,
0x00,0x88,0x00,
0x00,0xf0,0xe0,
0x00,0x00,0x00,

//========Address -- (3e),
0x00,0x00,0x00,
0x00,0x0c,0x62,
0x12,0x21,0x22,
0x21,0x12,0x22,
0x00,0xc4,0x32,
0x07,0x4f,0x2e,
0x00,0x00,0x22,
0x00,0x00,0x20,
0x00,0x00,0x00,

//========Address -- (3f),
0x00,0x00,0x00,
0x01,0x0e,0x62,
0x03,0x0f,0x22,
0x00,0x24,0x22,
0x00,0x4a,0x32,
0x16,0x10,0x2a,
0x00,0x00,0x22,
0x00,0x00,0x20,
0x00,0x00,0x00,

//========Address -- (40),
0x00,0x00,0x00,
0x00,0x78,0xc2,
0x00,0x87,0x2c,
0x00,0x00,0x00,
0x70,0xf1,0xf0,
0x01,0x19,0x00,
0x00,0x88,0x00,
0x00,0xf0,0xe0,
0x00,0x00,0x00,

//========Address -- (41),
0x00,0x00,0x00,
0x03,0x0e,0x62,
0x00,0x22,0x22,
0x00,0x48,0x32,
0x16,0x00,0x22,
0x00,0x07,0x0c,
0x00,0x88,0x22,
0x00,0x70,0xc0,
0x00,0x00,0x00,

//========Address -- (42),
0x00,0x00,0x00,
0x00,0x00,0x62,
0x72,0xf4,0x22,
0x22,0x44,0x22,
0x22,0x44,0x32,
0x23,0x4f,0x6a,
0x00,0x00,0x22,
0x00,0x00,0x20,
0x00,0x00,0x00,

//========Address -- (43),
0x00,0x00,0x00,
0x31,0xf1,0xf0,
0x11,0x1f,0x0f,
0x00,0x00,0x00,
0x70,0xf0,0xf0,
0x00,0x03,0x00,
0x00,0x16,0x0c,
0x30,0x80,0x30,
0x00,0x00,0x00,

//========Address -- (44),
0x00,0x00,0x00,
0x07,0x0f,0x62,
0x22,0x00,0x22,
0x30,0xf4,0x22,
0x70,0xf0,0xe2,
0x01,0x0f,0x0e,
0x00,0x88,0x22,
0x00,0xf0,0xe0,
0x00,0x00,0x00,

//========Address -- (45),
0x00,0x00,0x00,
0x00,0x00,0x62,
0x00,0xc4,0x22,
0x00,0x48,0x22,
0x01,0x84,0x32,
0x24,0x21,0x22,
0x00,0x00,0x22,
0x00,0x00,0x20,
0x00,0x00,0x00,

//========Address -- (46),
0x00,0x00,0x00,
0x00,0x78,0xc2,
0x00,0x87,0x2c,
0x00,0x44,0x44,
0x70,0xf0,0xf0,
0x00,0x07,0x0c,
0x00,0x88,0x22,
0x00,0x70,0xc0,
0x00,0x00,0x00,

//========Address -- (47),
0x00,0x00,0x00,
0x00,0x0c,0x62,
0x00,0x48,0x22,
0x01,0x84,0x22,
0x24,0x21,0x22,
0x01,0x08,0x22,
0x00,0x88,0x00,
0x00,0xf0,0xe0,
0x00,0x00,0x00,

//========Address -- (48),
0x00,0x00,0x00,
0x00,0x07,0x0c,
0x03,0x0f,0x0f,
0x00,0x07,0x0c,
0x00,0x88,0x22,
0x00,0x71,0xc0,
0x07,0x1f,0x0f,
0x00,0x00,0x00,
0x00,0x00,0x00,

//========Address -- (49),
0x00,0x00,0x00,
0x01,0x08,0x62,
0x24,0x43,0x2e,
0x42,0x24,0x22,
0x10,0x80,0x20,
0x03,0x62,0xc4,
0x11,0xe2,0x4a,
0x10,0xf0,0x10,
0x00,0x00,0x00,

//========Address -- (4a),
0x00,0x00,0x00,
0x00,0x78,0xc2,
0x00,0x87,0x2c,
0x00,0x00,0x00,
0x70,0xf0,0xf0,
0x01,0x0f,0x0e,
0x00,0x88,0x22,
0x00,0xf0,0xe0,
0x00,0x00,0x00,

//========Address -- (4b),
0x00,0x00,0x00,
0x00,0x00,0x06,
0x10,0x88,0x22,
0x00,0xf8,0xe2,
0x00,0x8f,0x2e,
0x00,0x91,0x00,
0x07,0x1f,0x0f,
0x00,0x00,0x00,
0x00,0x00,0x00,

//========Address -- (4c),
0x00,0x00,0x00,
0x01,0x08,0x62,
0x24,0x42,0x32,
0x42,0x24,0x23,
0x10,0x80,0x22,
0x01,0x0f,0x0e,
0x00,0x00,0x22,
0x00,0x00,0x20,
0x00,0x00,0x00,

//========Address -- (4d),
0x00,0x00,0x00,
0x06,0x06,0x62,
0x23,0x2e,0x22,
0x22,0x22,0x32,
0x32,0xe0,0x22,
0x01,0x0f,0x0e,
0x00,0x00,0x22,
0x00,0x00,0x20,
0x00,0x00,0x00,

//========Address -- (4e),
0x00,0x00,0x00,
0x00,0x00,0x62,
0x62,0x62,0x22,
0x23,0x2f,0x2e,
0x22,0x22,0x22,
0x23,0x2e,0x22,
0x20,0x00,0x22,
0x00,0x00,0x20,
0x00,0x00,0x00,

//========Address -- (4f),
0x00,0x00,0x00,
0x00,0x00,0x62,
0x70,0xe4,0x22,
0x07,0x4d,0x2e,
0x22,0x00,0x22,
0x23,0x0f,0x22,
0x00,0x00,0x22,
0x00,0x00,0x20,
0x00,0x00,0x00,

//========Address -- (50),
0x00,0x00,0x00,
0x00,0x00,0x62,
0x62,0x00,0x22,
0x22,0x00,0x22,
0x22,0x00,0x3e,
0x30,0xf0,0x22,
0x00,0x00,0x22,
0x00,0x00,0x20,
0x00,0x00,0x00,

//========Address -- (51),
0x00,0x00,0x00,
0x03,0x0f,0x62,
0x00,0x99,0x22,
0x11,0x22,0x32,
0x24,0x48,0x22,
0x01,0x0f,0x0e,
0x00,0x88,0x22,
0x00,0xf0,0xe0,
0x00,0x00,0x00,

//========Address -- (52),
0x00,0x00,0x00,
0x07,0x0e,0x62,
0x00,0x49,0x2e,
0x01,0x84,0x22,
0x24,0x21,0x22,
0x01,0x08,0x22,
0x00,0x88,0x00,
0x00,0xf0,0xe0,
0x00,0x00,0x00,

//========Address -- (53),
0x00,0x00,0x00,
0x01,0x0e,0x62,
0x22,0x11,0x22,
0x10,0xe0,0x22,
0x70,0xf4,0xa2,
0x00,0x40,0xe2,
0x10,0x88,0x00,
0x00,0xf0,0xe0,
0x00,0x00,0x00,

//========Address -- (54),
0x00,0x00,0x00,
0x01,0x08,0x62,
0x24,0x42,0x22,
0x42,0x24,0x23,
0x10,0x80,0x22,
0x01,0x08,0x22,
0x00,0x88,0x00,
0x00,0xf0,0xe0,
0x00,0x00,0x00,

//========Address -- (55),
0x00,0x00,0x00,
0x00,0x00,0x62,
0x30,0xf1,0x22,
0x00,0x19,0x22,
0x00,0x9a,0x32,
0x07,0x8f,0x2e,
0x00,0x00,0x22,
0x00,0x00,0x20,
0x00,0x00,0x00,

//========Address -- (56),
0x00,0x00,0x00,
0x01,0x08,0x62,
0x00,0xf8,0xe2,
0x00,0xf1,0xe0,
0x70,0xf0,0xf0,
0x10,0xf0,0xe2,
0x10,0xf8,0xe0,
0x00,0xf0,0xe0,
0x00,0x00,0x00,

//========Address -- (57),
0x00,0x00,0x00,
0x00,0x07,0x0c,
0x03,0x0f,0x0f,
0x00,0x07,0x0c,
0x00,0x88,0x22,
0x00,0x74,0xc4,
0x07,0x4f,0x4f,
0x00,0x00,0x00,
0x00,0x00,0x00,

//========Address -- (58),
0x00,0x00,0x00,
0x03,0x0e,0x62,
0x03,0x2e,0x22,
0x00,0x48,0x22,
0x16,0x00,0x22,
0x00,0x07,0x0c,
0x00,0x88,0x22,
0x00,0x70,0xc0,
0x00,0x00,0x00,

//========Address -- (59),
0x00,0x00,0x00,
0x10,0xf8,0xe0,
0x00,0xf8,0xe0,
0x00,0xf1,0xe0,
0x70,0xf0,0xf0,
0x00,0x07,0x0c,
0x00,0x88,0x22,
0x00,0x70,0xc0,
0x00,0x00,0x00,

//========Address -- (5a),
0x00,0x00,0x00,
0x07,0x0d,0x39,
0x07,0x4c,0x99,
0x22,0x01,0xf9,
0x30,0xe0,0x91,
0x00,0x0f,0x0f,
0x00,0x00,0x11,
0x00,0x00,0x10,
0x00,0x00,0x00,

//========Address -- (5b),
0x00,0x00,0x00,
0x00,0x01,0x39,
0x70,0xc8,0x99,
0x07,0x8b,0x99,
0x22,0x00,0x99,
0x23,0x0e,0x99,
0x00,0x00,0x99,
0x00,0x00,0x10,
0x00,0x00,0x00,

//========Address -- (5c),
0x00,0x00,0x00,
0x06,0x0d,0x39,
0x23,0x4f,0x99,
0x22,0x44,0x99,
0x32,0xc0,0x90,
0x00,0xf0,0xf1,
0x00,0xf4,0xf0,
0x00,0x70,0xf0,
0x00,0x00,0x00,

//========Address -- (5d),
0x00,0x00,0x00,
0x06,0x00,0x62,
0x22,0x00,0x23,
0x23,0x0f,0xe2,
0x01,0x0f,0x0e,
0x01,0x0f,0x2e,
0x00,0x88,0x00,
0x00,0xf0,0xe0,
0x00,0x00,0x00,

//========Address -- (5e),
0x00,0x00,0x00,
0x00,0x00,0x62,
0x30,0xf1,0x22,
0x03,0x2e,0x22,
0x00,0x48,0x32,
0x16,0x00,0x22,
0x00,0x00,0x22,
0x00,0x00,0x20,
0x00,0x00,0x00,

//========Address -- (5f),
0x00,0x00,0x00,
0x00,0x78,0xc2,
0x00,0x87,0x2c,
0x00,0x00,0x00,
0x70,0xf1,0xf0,
0x01,0x1f,0x0e,
0x00,0x88,0x22,
0x00,0xf0,0xe0,
0x00,0x00,0x00,

//========Address -- (60),
0x00,0x00,0x00,
0x00,0x03,0x00,
0x00,0x11,0x00,
0x00,0x24,0x84,
0x03,0x80,0x21,
0x00,0x11,0x00,
0x07,0x1f,0x0f,
0x00,0x00,0x00,
0x00,0x00,0x00,

//========Address -- (61),
0x00,0x00,0x00,
0x00,0x00,0x62,
0x30,0xf1,0x22,
0x00,0x23,0x2e,
0x00,0x48,0x22,
0x16,0x00,0x22,
0x00,0x00,0x22,
0x00,0x00,0x20,
0x00,0x00,0x00,

//========Address -- (62),
0x00,0x00,0x00,
0x03,0x0e,0x62,
0x00,0x22,0x22,
0x00,0x48,0x32,
0x16,0x00,0x22,
0x01,0x0f,0x0e,
0x00,0x88,0x22,
0x00,0xf0,0xe0,
0x00,0x00,0x00,

//========Address -- (63),
0x00,0x00,0x00,
0x00,0x00,0x62,
0x72,0xe2,0x22,
0x22,0x22,0x22,
0x22,0x22,0x32,
0x23,0x2e,0x22,
0x20,0x00,0x22,
0x00,0x00,0x20,
0x00,0x00,0x00,

//========Address -- (64),
0x00,0x00,0x00,
0x00,0x01,0x39,
0x30,0xc4,0x99,
0x00,0x48,0x99,
0x01,0x84,0xf9,
0x24,0x20,0x99,
0x00,0x00,0x99,
0x00,0x00,0x10,
0x00,0x00,0x00,

//========Address -- (65),
0x00,0x00,0x00,
0x10,0xc0,0x62,
0x70,0xf0,0x2e,
0x12,0xc2,0x22,
0x21,0x2c,0xe2,
0x00,0x00,0x22,
0x10,0x88,0x00,
0x00,0xf0,0xe0,
0x00,0x00,0x00,

//========Address -- (66),
0x00,0x00,0x00,
0x01,0x0f,0x0f,
0x00,0x08,0x0c,
0x00,0x44,0x44,
0x01,0x4f,0x8f,
0x00,0x11,0x00,
0x07,0x1f,0x0f,
0x00,0x00,0x00,
0x00,0x00,0x00,

//========Address -- (67),
0x00,0x00,0x00,
0x00,0x07,0x08,
0x01,0x80,0x42,
0x10,0x08,0x24,
0x00,0x71,0x80,
0x00,0x11,0x00,
0x07,0x1f,0x0f,
0x00,0x00,0x00,
0x00,0x00,0x00,

//========Address -- (68),
0x00,0x00,0x00,
0x07,0x0e,0x62,
0x22,0x32,0xe2,
0x22,0x23,0x2e,
0x32,0xe0,0x22,
0x01,0x08,0x22,
0x00,0x88,0x00,
0x00,0xf0,0xe0,
0x00,0x00,0x00,

//========Address -- (69),
0x00,0x00,0x00,
0x01,0x08,0x62,
0x24,0x42,0x22,
0x42,0x24,0x32,
0x10,0x80,0x20,
0x10,0xf0,0xe2,
0x10,0xf8,0xe0,
0x00,0xf0,0xe0,
0x00,0x00,0x00,

//========Address -- (6a),
0x00,0x00,0x00,
0x07,0x0e,0x62,
0x07,0x2e,0x22,
0x22,0x00,0x3e,
0x30,0xf0,0x22,
0x01,0x0f,0x0e,
0x00,0x88,0x22,
0x00,0xf0,0xe0,
0x00,0x00,0x00,

//========Address -- (6b),
0x00,0x00,0x00,
0x10,0xc0,0x62,
0x71,0xf4,0x22,
0x22,0x22,0x32,
0x10,0xc0,0x22,
0x01,0x0f,0x0e,
0x00,0x88,0x22,
0x00,0xf0,0xe0,
0x00,0x00,0x00,

//========Address -- (6c),
0x00,0x00,0x00,
0x10,0xf8,0xe2,
0x00,0x8f,0x2e,
0x00,0x80,0x00,
0x70,0xf1,0xf0,
0x01,0x19,0x00,
0x00,0x88,0x00,
0x00,0xf0,0xe0,
0x00,0x00,0x00,

//========Address -- (6d),
0x00,0x00,0x00,
0x00,0x00,0x62,
0x00,0xc4,0x22,
0x00,0x49,0x2e,
0x01,0x84,0x22,
0x24,0x21,0x22,
0x00,0x00,0x22,
0x00,0x00,0x20,
0x00,0x00,0x00,

//========Address -- (6e),
0x00,0x00,0x00,
0x00,0x00,0x0c,
0x62,0x00,0x44,
0x23,0x0f,0xf4,
0x00,0x00,0x40,
0x10,0xf2,0xc0,
0x01,0x58,0x84,
0x00,0x00,0x00,
0x00,0x00,0x00,

//========Address -- (6f),
0x00,0x00,0x00,
0x00,0x0f,0x00,
0x11,0x00,0x88,
0x00,0xf0,0x00,
0x07,0x0f,0x0e,
0x03,0x00,0x00,
0x11,0x0f,0x08,
0x00,0x00,0x00,
0x00,0x00,0x00,

//========Address -- (70),
0x00,0x00,0x00,
0x03,0x00,0x00,
0x11,0x0f,0x08,
0x00,0x22,0x00,
0x70,0xf0,0xe0,
0x10,0xf8,0xc8,
0x01,0x8f,0x8c,
0x00,0x00,0x00,
0x00,0x00,0x00,

};

BYTE code tFONT_JAPANESE[] =
{
   
 
 
 
 //========Address -- (00),
 0x00,0x00,0x00,
 0x00,0x00,0x00,
 0x00,0x00,0x00,
 0x00,0x00,0x00,
 0x00,0x00,0x00,
 0x00,0x00,0x00,
 0x00,0x00,0x00,
 0x00,0x00,0x00,
 0x00,0x00,0x00,
 
 //========Address -- (01),
 0x00,0x00,0x00,
 0x03,0x0f,0x0c,
 0x22,0x00,0x44,
 0x22,0x00,0x44,
 0x32,0xf0,0xc4,
 0x22,0x00,0x44,
 0x23,0x0f,0x4c,
 0x00,0x00,0x00,
 0x00,0x00,0x00,
 
 //========Address -- (02),
 0x00,0x00,0x00,
 0x00,0x04,0x00,
 0x0f,0x4f,0x0e,
 0x00,0x4e,0x00,
 0x12,0x54,0x08,
 0x49,0x4f,0x42,
 0x00,0x44,0x00,
 0x00,0x00,0x00,
 0x00,0x00,0x00,
 
 //========Address -- (03),
 0x00,0x00,0x00,
 0x09,0x0f,0x0e,
 0x40,0x2f,0x0c,
 0x0c,0x44,0x44,
 0x54,0xf0,0xe0,
 0x44,0xf8,0xc4,
 0x64,0x8f,0x4c,
 0x00,0x80,0x40,
 0x00,0x00,0x00,
 
 //========Address -- (04),
 0x00,0x00,0x00,
 0x02,0x0f,0x0e,
 0xaa,0x97,0x2c,
 0x2f,0x57,0x4c,
 0x55,0x57,0x4c,
 0x55,0x17,0x0e,
 0x9b,0x91,0x00,
 0x00,0x00,0x00,
 0x00,0x00,0x00,
 
 //========Address -- (05),
 0x00,0x00,0x00,
 0x00,0x02,0x00,
 0x74,0xf8,0xe8,
 0x74,0xf8,0xe8,
 0x44,0xf0,0x80,
 0x54,0xf8,0x88,
 0x8b,0x78,0x0e,
 0x00,0x00,0x00,
 0x00,0x00,0x00,
 
 //========Address -- (06),
 0x00,0x00,0x00,
 0x0f,0x0f,0x0e,
 0x00,0x44,0x00,
 0xba,0xf4,0xaa,
 0xba,0xf4,0xaa,
 0xab,0x4f,0xaa,
 0x8f,0x0f,0x2e,
 0x00,0x00,0x00,
 0x00,0x00,0x00,
 
 //========Address -- (07),
 0x00,0x00,0x00,
 0x02,0x07,0x00,
 0x25,0x9f,0x0c,
 0x5d,0x2f,0x4c,
 0x45,0x69,0x04,
 0x44,0x35,0x84,
 0x54,0x92,0x20,
 0x00,0x00,0x00,
 0x00,0x00,0x00,
 
 //========Address -- (08),
 0x00,0x00,0x00,
 0x0e,0x0f,0x0e,
 0x0e,0x9b,0x2a,
 0x0e,0x9b,0x2a,
 0x0e,0x8b,0x2a,
 0x0e,0xab,0xaa,
 0xae,0x88,0x26,
 0x00,0x00,0x00,
 0x00,0x00,0x00,
 
 //========Address -- (09),
 0x00,0x00,0x00,
 0x02,0x01,0x00,
 0xfa,0x9b,0xe4,
 0x7a,0x18,0x48,
 0x2f,0x1f,0x4e,
 0x02,0x47,0x08,
 0x2f,0x4f,0x0e,
 0x00,0x00,0x00,
 0x00,0x00,0x00,
 
 //========Address -- (0a),
 0x00,0x00,0x00,
 0x01,0x00,0x00,
 0x34,0xe2,0x00,
 0xf4,0xf4,0xc4,
 0x47,0x4f,0x4c,
 0x44,0x00,0x00,
 0x47,0x0f,0x2e,
 0x00,0x00,0x00,
 0x00,0x00,0x00,
 
 //========Address -- (0b),
 0x00,0x00,0x00,
 0x0f,0x03,0x08,
 0x0f,0x22,0x8a,
 0x0f,0x40,0xe0,
 0x0f,0x72,0xc4,
 0x0f,0x21,0x48,
 0x9f,0x24,0x42,
 0x00,0x00,0x00,
 0x00,0x00,0x00,
 
 //========Address -- (0c),
 0x00,0x00,0x00,
 0x00,0x04,0x00,
 0xf8,0xf0,0xe2,
 0x07,0x0f,0x0c,
 0x02,0x44,0x00,
 0x22,0x74,0xc0,
 0x58,0xc7,0x0e,
 0x00,0x00,0x00,
 0x00,0x00,0x00,
 
 //========Address -- (0d),
 0x00,0x00,0x00,
 0x00,0x00,0x00,
 0x22,0x00,0x88,
 0x22,0x00,0x88,
 0x22,0x00,0x88,
 0x20,0x00,0x88,
 0x00,0x11,0x00,
 0x00,0x2c,0x00,
 0x00,0x00,0x00,
 
 //========Address -- (0e),
 0x00,0x00,0x00,
 0x00,0x00,0x00,
 0x11,0x00,0x00,
 0x1f,0x3c,0xe2,
 0x11,0x00,0x48,
 0x11,0x10,0x00,
 0x11,0x00,0x00,
 0x00,0xf0,0xe0,
 0x00,0x00,0x00,
 
 //========Address -- (0f),
 0x00,0x00,0x00,
 0x00,0x00,0x00,
 0x00,0x00,0x00,
 0x00,0x00,0x00,
 0x02,0x42,0x02,
 0x11,0x20,0x24,
 0x00,0x00,0x48,
 0x00,0x16,0x00,
 0x00,0x00,0x00,
 
 //========Address -- (10),
 0x00,0x00,0x00,
 0x01,0x00,0x00,
 0x11,0x00,0x00,
 0x11,0x0c,0x00,
 0x11,0x30,0x00,
 0x11,0x00,0x00,
 0x11,0x00,0x00,
 0x00,0x00,0x00,
 0x00,0x00,0x00,
 
 //========Address -- (11),
 0x00,0x00,0x00,
 0x00,0x00,0x00,
 0x10,0xf0,0xc8,
 0x00,0x3c,0x00,
 0x70,0xf4,0xe0,
 0x00,0x88,0x00,
 0x00,0x43,0x0c,
 0x00,0x00,0x00,
 0x00,0x00,0x00,
 
 //========Address -- (12),
 0x00,0x00,0x00,
 0x00,0x00,0x00,
 0x12,0xf4,0x08,
 0x44,0x44,0x42,
 0x88,0x48,0x22,
 0x89,0x80,0x24,
 0x60,0x03,0x80,
 0x00,0x00,0x00,
 0x00,0x00,0x00,
 
 //========Address -- (13),
 0x00,0x00,0x00,
 0x02,0x02,0x00,
 0x24,0xaa,0x0c,
 0x4c,0xbe,0x44,
 0x54,0xaa,0x44,
 0x44,0xa8,0xc0,
 0x44,0x8f,0x2e,
 0x00,0x00,0x00,
 0x00,0x00,0x00,
 
 //========Address -- (14),
 0x00,0x00,0x00,
 0x0f,0x03,0x0e,
 0x99,0x22,0x22,
 0xf9,0x32,0xe2,
 0x99,0x23,0x2e,
 0xf0,0x22,0x22,
 0x00,0x44,0x26,
 0x00,0x00,0x00,
 0x00,0x00,0x00,
 
 //========Address -- (15),
 0x00,0x00,0x00,
 0x00,0x00,0x00,
 0x30,0xe4,0x00,
 0x01,0x8f,0x00,
 0x24,0x00,0x84,
 0x00,0x0c,0x44,
 0x10,0x2f,0x80,
 0x00,0x00,0x00,
 0x00,0x00,0x00,
 
 //========Address -- (16),
 0x00,0x00,0x00,
 0x00,0x01,0x00,
 0x03,0x1f,0x0c,
 0x00,0x10,0x08,
 0x01,0xf0,0x8c,
 0x22,0x00,0x40,
 0x10,0x0f,0x08,
 0x00,0x00,0x00,
 0x00,0x00,0x00,
 
 //========Address -- (17),
 0x00,0x00,0x00,
 0x00,0x00,0x00,
 0x07,0x0f,0x0c,
 0x00,0x00,0x44,
 0x00,0x00,0x44,
 0x07,0x0f,0x4c,
 0x00,0x00,0x40,
 0x00,0x00,0x00,
 0x00,0x00,0x00,
 
 //========Address -- (18),
 0x00,0x00,0x00,
 0x00,0x00,0x00,
 0x61,0x00,0x00,
 0x00,0x00,0x44,
 0x00,0x00,0x48,
 0x00,0x12,0x00,
 0x07,0xc0,0x00,
 0x00,0x00,0x00,
 0x00,0x00,0x00,
 
 //========Address -- (19),
 0x00,0x00,0x00,
 0x00,0x00,0x00,
 0x30,0xf0,0x80,
 0x07,0x0f,0x0c,
 0x00,0x00,0x44,
 0x00,0x00,0x88,
 0x01,0x3c,0x00,
 0x00,0x00,0x00,
 0x00,0x00,0x00,
 
 //========Address -- (1a),
 0x00,0x00,0x00,
 0x00,0x00,0x00,
 0x70,0xf0,0x88,
 0x00,0x01,0x80,
 0x00,0x12,0x00,
 0x00,0x58,0x08,
 0x3c,0x00,0x42,
 0x00,0x00,0x00,
 0x00,0x00,0x00,
 
 //========Address -- (1b),
 0x00,0x00,0x00,
 0x00,0x00,0x00,
 0x30,0xf4,0xc0,
 0x00,0x44,0x00,
 0x70,0xf4,0xe0,
 0x00,0x44,0x00,
 0x00,0x43,0x0c,
 0x00,0x00,0x00,
 0x00,0x00,0x00,
 
 //========Address -- (1c),
 0x00,0x00,0x00,
 0x00,0x00,0x00,
 0x00,0x00,0x00,
 0x00,0x00,0x00,
 0x87,0x0f,0x0e,
 0x00,0x00,0x00,
 0x00,0x00,0x00,
 0x00,0x00,0x00,
 0x00,0x00,0x00,
 
 //========Address -- (1d),
 0x00,0x00,0x00,
 0x01,0x00,0x00,
 0x11,0x22,0x88,
 0x11,0x0c,0x00,
 0x11,0x30,0x00,
 0x11,0x00,0x00,
 0x11,0x00,0x00,
 0x00,0x00,0x00,
 0x00,0x00,0x00,
 
 //========Address -- (1e),
 0x00,0x00,0x00,
 0x00,0x04,0x00,
 0x00,0x46,0x02,
 0xf1,0x65,0x48,
 0x12,0x54,0x08,
 0x24,0x44,0x84,
 0x80,0x4c,0x20,
 0x00,0x00,0x00,
 0x00,0x00,0x00,
 
 //========Address -- (1f),
 0x00,0x00,0x00,
 0x07,0x0f,0x0c,
 0x04,0x44,0x04,
 0x20,0x44,0x80,
 0xf0,0xf4,0xe0,
 0x00,0x44,0x00,
 0x00,0x44,0x00,
 0x00,0x00,0x00,
 0x00,0x00,0x00,
 
 //========Address -- (20),
 0x00,0x00,0x00,
 0x02,0x01,0x00,
 0x24,0x1f,0x0e,
 0x4c,0x08,0x04,
 0x44,0x44,0x44,
 0x44,0x44,0x48,
 0x45,0x0f,0x8e,
 0x00,0x00,0x00,
 0x00,0x00,0x00,
 
 //========Address -- (21),
 0x00,0x00,0x00,
 0x07,0x0f,0x0c,
 0x47,0xaf,0x4c,
 0x0f,0x4f,0x0e,
 0x09,0x4f,0x08,
 0x99,0x0f,0x88,
 0x9f,0x0f,0x8e,
 0x00,0x00,0x00,
 0x00,0x00,0x00,
 
 //========Address -- (22),
 0x00,0x00,0x00,
 0x00,0x01,0x08,
 0x30,0xe4,0x00,
 0x72,0xf4,0xc8,
 0xf2,0xf4,0xe8,
 0x70,0xf4,0xc0,
 0x07,0x4f,0x0c,
 0x00,0x00,0x00,
 0x00,0x00,0x00,
 
 //========Address -- (23),
 0x00,0x00,0x00,
 0x00,0x04,0x00,
 0xf0,0xf4,0xe0,
 0x19,0xf0,0x88,
 0x99,0xf0,0x88,
 0x99,0x0f,0x88,
 0x8f,0x0f,0x0e,
 0x00,0x00,0x00,
 0x00,0x00,0x00,
 
 //========Address -- (24),
 0x00,0x00,0x00,
 0x00,0x00,0x00,
 0x22,0x11,0x00,
 0xf2,0xf1,0xe0,
 0x22,0x11,0x00,
 0x00,0x11,0x00,
 0x01,0x2c,0x00,
 0x00,0x00,0x00,
 0x00,0x00,0x00,
 
 //========Address -- (25),
 0x00,0x00,0x00,
 0x00,0x00,0x04,
 0x00,0x01,0x80,
 0x00,0x26,0x00,
 0x16,0xa2,0x00,
 0x00,0x22,0x00,
 0x00,0x22,0x00,
 0x00,0x00,0x00,
 0x00,0x00,0x00,
 
 //========Address -- (26),
 0x00,0x00,0x00,
 0x00,0x01,0x04,
 0x07,0x0f,0xa0,
 0x00,0x12,0x00,
 0x00,0x24,0x00,
 0x01,0xa1,0x00,
 0x2c,0x00,0x84,
 0x00,0x00,0x00,
 0x00,0x00,0x00,
 
 //========Address -- (27),
 0x00,0x00,0x00,
 0x02,0x00,0x00,
 0x2f,0x3a,0xe2,
 0x27,0x23,0x2e,
 0x6a,0xa2,0x22,
 0xa2,0x32,0xe2,
 0x22,0x23,0x2e,
 0x00,0x00,0x00,
 0x00,0x00,0x00,
 
 //========Address -- (28),
 0x00,0x00,0x00,
 0x04,0x02,0x00,
 0x44,0x22,0x00,
 0x47,0x2b,0x2c,
 0x44,0x22,0x00,
 0x44,0x2a,0x00,
 0x7c,0x23,0x2e,
 0x00,0x00,0x00,
 0x00,0x00,0x00,
 
 //========Address -- (29),
 0x00,0x00,0x00,
 0x00,0x00,0x06,
 0xea,0xfa,0xa2,
 0xae,0x50,0x40,
 0xaa,0xf4,0xe0,
 0xe0,0x7a,0xc4,
 0x10,0x16,0x86,
 0x00,0x00,0x00,
 0x00,0x00,0x00,
 
 //========Address -- (2a),
 0x00,0x00,0x00,
 0x00,0x00,0x00,
 0x03,0x0f,0x08,
 0x00,0x00,0x88,
 0x00,0x01,0x80,
 0x00,0x11,0x00,
 0xf0,0xf0,0xe0,
 0x00,0x00,0x00,
 0x00,0x00,0x00,
 
 //========Address -- (2b),
 0x00,0x00,0x00,
 0x01,0x0f,0x00,
 0x0f,0x0f,0x0e,
 0x03,0x0f,0x08,
 0x03,0x0f,0x08,
 0x03,0x0f,0x08,
 0x23,0x0f,0x88,
 0x00,0x00,0x00,
 0x00,0x00,0x00,
 
 //========Address -- (2c),
 0x00,0x00,0x00,
 0x0f,0x07,0x0c,
 0x0f,0x17,0x0c,
 0x0f,0x22,0x44,
 0x0f,0xf0,0xe0,
 0x0f,0x74,0xc4,
 0x9f,0x47,0x4c,
 0x00,0x00,0x00,
 0x00,0x00,0x00,
 
 //========Address -- (2d),
 0x00,0x00,0x00,
 0x00,0x04,0x00,
 0x70,0xf4,0xc0,
 0x30,0xf4,0x80,
 0xf0,0xfa,0xe4,
 0x3d,0x21,0x80,
 0x17,0xc0,0x86,
 0x00,0x00,0x00,
 0x00,0x00,0x00,
 
 //========Address -- (2e),
 0x00,0x00,0x00,
 0x07,0x0f,0x0c,
 0x00,0x00,0x00,
 0x0f,0x0f,0x0e,
 0x00,0x44,0x00,
 0x44,0x44,0x44,
 0x80,0x4c,0x20,
 0x00,0x00,0x00,
 0x00,0x00,0x00,
 
 //========Address -- (2f),
 0x00,0x00,0x00,
 0x00,0x01,0x00,
 0xea,0x71,0xc0,
 0xae,0xf0,0xe4,
 0xaa,0x0f,0x4e,
 0xae,0x42,0x44,
 0x00,0x00,0x4c,
 0x00,0x00,0x00,
 0x00,0x00,0x00,
 
 //========Address -- (30),
 0x00,0x00,0x00,
 0x02,0x03,0x08,
 0x24,0x0f,0x0e,
 0x4c,0x07,0x0c,
 0x44,0x07,0x0c,
 0x44,0x07,0x0c,
 0x44,0x47,0x4c,
 0x00,0x00,0x00,
 0x00,0x00,0x00,
 
 //========Address -- (31),
 0x00,0x00,0x00,
 0x0f,0x0b,0x0e,
 0x8f,0xab,0x2e,
 0x8f,0xab,0x2e,
 0x89,0x0f,0x22,
 0x99,0x1f,0x22,
 0x99,0x1f,0x26,
 0x00,0x00,0x00,
 0x00,0x00,0x00,
 
 //========Address -- (32),
 0x00,0x00,0x00,
 0x04,0x00,0x0c,
 0x20,0x71,0x00,
 0x0e,0xf5,0xe4,
 0x22,0x97,0x28,
 0x22,0x22,0xe2,
 0x58,0x4f,0x4e,
 0x00,0x00,0x00,
 0x00,0x00,0x00,
 
 //========Address -- (33),
 0x00,0x00,0x00,
 0x04,0x07,0x0c,
 0x20,0x45,0x4c,
 0x0e,0x5f,0x4e,
 0x22,0x8b,0x2a,
 0x22,0xab,0xaa,
 0x58,0x0f,0x0e,
 0x00,0x00,0x00,
 0x00,0x00,0x00,
 
 //========Address -- (34),
 0x00,0x00,0x00,
 0x00,0x04,0x00,
 0x03,0x8f,0x0c,
 0x22,0x00,0x44,
 0x32,0xf0,0xc4,
 0x32,0xf0,0xc4,
 0x23,0x0f,0x4c,
 0x00,0x00,0x00,
 0x00,0x00,0x00,
 
 //========Address -- (35),
 0x00,0x00,0x00,
 0x01,0x01,0x00,
 0x6f,0x19,0x00,
 0x2f,0x79,0xe2,
 0xaf,0x99,0x22,
 0xaf,0x9a,0x22,
 0x2f,0x24,0x2c,
 0x00,0x00,0x00,
 0x00,0x00,0x00,
 
 //========Address -- (36),
 0x00,0x00,0x00,
 0x00,0x00,0x00,
 0x74,0xf0,0xc4,
 0x44,0x00,0x44,
 0x40,0x00,0x48,
 0x00,0x01,0x80,
 0x01,0x68,0x00,
 0x00,0x00,0x00,
 0x00,0x00,0x00,
 
 //========Address -- (37),
 0x00,0x00,0x00,
 0x0f,0x0b,0x0e,
 0x00,0x88,0x22,
 0xf8,0xb2,0xe0,
 0x8f,0x2b,0x0e,
 0x42,0x98,0x2a,
 0xc3,0xb0,0x2c,
 0x00,0x00,0x00,
 0x00,0x00,0x00,
 
 //========Address -- (38),
 0x00,0x00,0x00,
 0x00,0x00,0x00,
 0x00,0x00,0x00,
 0x00,0x00,0x00,
 0x00,0x00,0x00,
 0x00,0x00,0x00,
 0x00,0x00,0x00,
 0x00,0x00,0x00,
 0x00,0x00,0x00,
 
 //========Address -- (39),
 0x00,0x00,0x00,
 0x00,0x00,0x08,
 0x07,0x0f,0x8e,
 0x00,0x12,0x88,
 0x00,0x48,0x88,
 0x16,0x00,0x88,
 0x00,0x03,0x88,
 0x00,0x00,0x00,
 0x00,0x00,0x00,
 
 //========Address -- (3a),
 0x00,0x00,0x00,
 0x00,0x00,0x00,
 0x70,0xf0,0xc4,
 0x00,0x00,0x44,
 0x00,0x00,0x88,
 0x00,0x16,0x00,
 0x30,0x80,0x00,
 0x00,0x00,0x00,
 0x00,0x00,0x00,
 
 //========Address -- (3b),
 0x00,0x00,0x00,
 0x00,0x08,0x0a,
 0x01,0x80,0xa0,
 0x12,0xf0,0x88,
 0x40,0xc2,0x88,
 0x00,0x12,0x08,
 0x07,0xc0,0x00,
 0x00,0x00,0x00,
 0x00,0x00,0x00,
 
 //========Address -- (3c),
 0x00,0x00,0x00,
 0x00,0x00,0x00,
 0x22,0x00,0x00,
 0x22,0x00,0x00,
 0x22,0x00,0x00,
 0x22,0x00,0x44,
 0x10,0x0f,0x80,
 0x00,0x00,0x00,
 0x00,0x00,0x00,
 
 //========Address -- (3d),
 0x00,0x00,0x00,
 0x03,0x0c,0x00,
 0x00,0x44,0x00,
 0x00,0x4a,0x00,
 0x01,0xa1,0x00,
 0x12,0x10,0x08,
 0x48,0x00,0x42,
 0x00,0x00,0x00,
 0x00,0x00,0x00,
 
 //========Address -- (3e),
 0x00,0x00,0x00,
 0x00,0x04,0x00,
 0x07,0x4f,0x0e,
 0x00,0x44,0x22,
 0x00,0x48,0x22,
 0x01,0x80,0x22,
 0x24,0x00,0x2c,
 0x00,0x00,0x00,
 0x00,0x00,0x00,
 
 //========Address -- (3f),
 0x00,0x00,0x00,
 0x04,0x0e,0x0e,
 0x20,0x2e,0x2e,
 0x0e,0x8e,0x8e,
 0x22,0x27,0x8c,
 0x22,0x2f,0x8e,
 0x58,0x4f,0x4e,
 0x00,0x00,0x00,
 0x00,0x00,0x00,
 
 //========Address -- (40),
 0x00,0x00,0x00,
 0x02,0x00,0x00,
 0x2f,0x74,0xe2,
 0x22,0x47,0x2e,
 0x3e,0x44,0x88,
 0x22,0x44,0x84,
 0x26,0x88,0x42,
 0x00,0x00,0x00,
 0x00,0x00,0x00,
 
 //========Address -- (41),
 0x00,0x00,0x00,
 0x00,0x04,0x00,
 0x72,0xf0,0xc8,
 0x1f,0x1f,0x0e,
 0x03,0x0f,0x08,
 0x23,0x0f,0x88,
 0x23,0x0f,0x88,
 0x00,0x00,0x00,
 0x00,0x00,0x00,
 
 //========Address -- (42),
 0x00,0x00,0x00,
 0x03,0x0f,0x08,
 0x23,0x0f,0x88,
 0x2f,0x0f,0x8e,
 0x23,0x4f,0x88,
 0x23,0x4f,0x88,
 0x0f,0x4f,0x0e,
 0x00,0x00,0x00,
 0x00,0x00,0x00,
 
 //========Address -- (43),
 0x00,0x00,0x00,
 0x00,0x04,0x00,
 0x00,0x47,0x0c,
 0x01,0x80,0x44,
 0x20,0x61,0x48,
 0x00,0x01,0x84,
 0x03,0x68,0x00,
 0x00,0x00,0x00,
 0x00,0x00,0x00,
 
 //========Address -- (44),
 0x00,0x00,0x00,
 0x00,0x00,0x00,
 0x30,0xf0,0xc0,
 0x07,0x0f,0x0e,
 0x00,0x22,0x00,
 0x00,0x22,0x00,
 0x01,0x48,0x00,
 0x00,0x00,0x00,
 0x00,0x00,0x00,
 
 //========Address -- (45),
 0x00,0x00,0x00,
 0x00,0x01,0x00,
 0xea,0x17,0x0c,
 0xae,0x55,0x44,
 0xaa,0x5f,0x4e,
 0xae,0x12,0x08,
 0x00,0x48,0x42,
 0x00,0x00,0x00,
 0x00,0x00,0x00,
 
 //========Address -- (46),
 0x00,0x00,0x00,
 0x01,0x00,0x0a,
 0x12,0x00,0xa0,
 0x34,0xf1,0xc0,
 0x80,0x11,0x00,
 0x00,0x22,0x00,
 0x03,0xc0,0x00,
 0x00,0x00,0x00,
 0x00,0x00,0x00,
 
 //========Address -- (47),
 0x00,0x00,0x00,
 0x00,0x00,0x00,
 0x00,0x88,0x00,
 0x01,0x80,0x00,
 0x11,0x00,0x88,
 0x22,0x03,0x4c,
 0xf0,0xc0,0x22,
 0x00,0x00,0x00,
 0x00,0x00,0x00,
 
 //========Address -- (48),
 0x00,0x00,0x00,
 0x00,0x04,0x00,
 0x70,0xf4,0xc0,
 0x0f,0x4f,0x0e,
 0x15,0x11,0x04,
 0x59,0x11,0x22,
 0x12,0x13,0x00,
 0x00,0x00,0x00,
 0x00,0x00,0x00,
 
 //========Address -- (49),
 0x00,0x00,0x00,
 0x00,0x04,0x00,
 0x70,0xf4,0xc0,
 0x30,0xf4,0x80,
 0xf2,0xf0,0xe8,
 0x32,0xf0,0x88,
 0x32,0xf0,0x88,
 0x00,0x00,0x00,
 0x00,0x00,0x00,
 
 //========Address -- (4a),
 0x00,0x00,0x00,
 0x03,0x0f,0x08,
 0x23,0x0f,0x88,
 0x0f,0x0f,0x0e,
 0x11,0x00,0x00,
 0x32,0xf0,0x88,
 0x00,0x03,0x80,
 0x00,0x00,0x00,
 0x00,0x00,0x00,
 
 //========Address -- (4b),
 0x00,0x00,0x00,
 0x00,0x00,0x00,
 0x00,0x00,0xaa,
 0x22,0x01,0x00,
 0x22,0x00,0x88,
 0x24,0x00,0x44,
 0x48,0x00,0x44,
 0x00,0x00,0x00,
 0x00,0x00,0x00,
 
 //========Address -- (4c),
 0x00,0x00,0x00,
 0x00,0x04,0x00,
 0x0f,0x4f,0x0e,
 0x88,0x44,0x22,
 0x8f,0x4f,0x2e,
 0x00,0x44,0x00,
 0x00,0x44,0x00,
 0x00,0x00,0x00,
 0x00,0x00,0x00,
 
 //========Address -- (4d),
 0x00,0x00,0x00,
 0x00,0x22,0x00,
 0x07,0x2f,0x0f,
 0x44,0x00,0x11,
 0x40,0x00,0x22,
 0x00,0x00,0x48,
 0x00,0x12,0x00,
 0x03,0xc0,0x00,
 0x00,0x00,0x00,
 
 //========Address -- (4e),
 0x00,0x00,0x00,
 0x00,0x00,0x00,
 0x02,0x44,0x00,
 0x22,0x44,0x00,
 0x22,0x44,0x22,
 0x24,0x44,0x48,
 0x48,0x56,0x00,
 0x00,0x00,0x00,
 0x00,0x00,0x00,
 
 //========Address -- (4f),
 0x00,0x00,0x00,
 0x00,0x00,0x00,
 0x01,0x00,0x00,
 0x17,0x0f,0x08,
 0x00,0x89,0x80,
 0x00,0x44,0x00,
 0x00,0x20,0x00,
 0x00,0x00,0x00,
 0x00,0x00,0x00,
 
 //========Address -- (50),
 0x00,0x00,0x00,
 0x00,0x00,0x0a,
 0x00,0x00,0xa0,
 0x70,0xf0,0xc4,
 0x00,0x00,0x48,
 0x00,0x01,0x80,
 0x03,0x68,0x00,
 0x00,0x00,0x00,
 0x00,0x00,0x00,
 
 //========Address -- (51),
 0x00,0x00,0x00,
 0x04,0x0f,0x08,
 0x20,0x8f,0x88,
 0x84,0x8f,0x88,
 0x01,0x0f,0x0c,
 0x55,0x55,0x44,
 0x9b,0x5f,0x4e,
 0x00,0x00,0x00,
 0x00,0x00,0x00,
 
 //========Address -- (52),
 0x00,0x00,0x00,
 0x00,0x04,0x00,
 0xf9,0xf1,0xe2,
 0x31,0xf1,0x80,
 0xf2,0xf0,0xe8,
 0x48,0xc2,0x42,
 0x10,0xc3,0x00,
 0x00,0x00,0x00,
 0x00,0x00,0x00,
 
 //========Address -- (53),
 0x00,0x00,0x00,
 0x02,0x07,0x08,
 0x49,0x07,0x88,
 0x64,0x0f,0x8e,
 0xf2,0x15,0x0a,
 0xaa,0x35,0x44,
 0xa0,0x93,0x20,
 0x00,0x00,0x00,
 0x00,0x00,0x00,
 
 //========Address -- (54),
 0x00,0x00,0x00,
 0x01,0x00,0x00,
 0x11,0x0f,0x0e,
 0x22,0x11,0x00,
 0x40,0x11,0x00,
 0x00,0x22,0x00,
 0x01,0x48,0x00,
 0x00,0x00,0x00,
 0x00,0x00,0x00,
 
 //========Address -- (55),
 0x00,0x00,0x00,
 0x01,0x00,0x00,
 0x17,0x0c,0x0c,
 0x12,0x00,0x28,
 0x22,0x00,0x88,
 0x44,0x78,0x8c,
 0x00,0x87,0xa0,
 0x00,0x00,0x00,
 0x00,0x00,0x00,
 
 //========Address -- (56),
 0x00,0x00,0x00,
 0x00,0x00,0x08,
 0x88,0x0f,0x8e,
 0x88,0x00,0x88,
 0x88,0x00,0x88,
 0x88,0x78,0x8c,
 0x88,0x87,0xa0,
 0x00,0x00,0x00,
 0x00,0x00,0x00,
 
 //========Address -- (57),
 0x00,0x00,0x00,
 0x00,0x04,0x04,
 0x00,0x44,0xa4,
 0x70,0xf4,0xc0,
 0x11,0x54,0x08,
 0x24,0x44,0x44,
 0x00,0x44,0x00,
 0x00,0x00,0x00,
 0x00,0x00,0x00,
 
 //========Address -- (58),
 0x00,0x00,0x00,
 0x02,0x00,0x00,
 0x2f,0x07,0x00,
 0x23,0x80,0x88,
 0x66,0x00,0x88,
 0xaa,0x00,0x88,
 0x22,0x00,0xa4,
 0x00,0x00,0x00,
 0x00,0x00,0x00,
 
 //========Address -- (59),
 0x00,0x00,0x00,
 0x00,0x00,0x00,
 0x07,0x79,0xe0,
 0x00,0x24,0x00,
 0x00,0x44,0x00,
 0x00,0x44,0x00,
 0x00,0x21,0x0c,
 0x00,0x00,0x00,
 0x00,0x00,0x00,
 
 //========Address -- (5a),
 0x00,0x00,0x00,
 0x00,0x00,0x00,
 0x44,0x00,0x04,
 0x44,0x00,0x42,
 0x44,0x00,0x22,
 0x42,0x08,0x22,
 0x21,0x80,0x00,
 0x00,0x00,0x00,
 0x00,0x00,0x00,
 
 //========Address -- (5b),
 0x00,0x00,0x00,
 0x00,0x01,0x00,
 0x03,0x1f,0x0c,
 0x00,0x10,0x08,
 0x01,0xf0,0x8c,
 0x22,0x00,0x40,
 0x10,0x0f,0x08,
 0x00,0x00,0x00,
 0x00,0x00,0x00,
 
 //========Address -- (5c),
 0x00,0x00,0x00,
 0x00,0x04,0x00,
 0x07,0x4f,0x0c,
 0x00,0x44,0x00,
 0x30,0xf4,0x80,
 0x03,0x4e,0x00,
 0x43,0x58,0x84,
 0x00,0x00,0x00,
 0x00,0x00,0x00,
 
 //========Address -- (5d),
 0x00,0x00,0x00,
 0x00,0x00,0x00,
 0x00,0x48,0x00,
 0x01,0x80,0x00,
 0x13,0x0c,0x00,
 0x24,0x22,0x22,
 0x48,0x21,0x48,
 0x00,0x00,0x00,
 0x00,0x00,0x00,
 
 //========Address -- (5e),
 0x00,0x00,0x00,
 0x00,0x00,0x00,
 0x70,0xf0,0xe2,
 0x00,0x00,0x48,
 0x10,0x1a,0x00,
 0x00,0x42,0x00,
 0x00,0x20,0x00,
 0x00,0x00,0x00,
 0x00,0x00,0x00,
 
 //========Address -- (5f),
 0x00,0x00,0x00,
 0x00,0x00,0x00,
 0x03,0x0f,0x0c,
 0x00,0x00,0x00,
 0x00,0x00,0x00,
 0x00,0x00,0x00,
 0x70,0xf0,0xe0,
 0x00,0x00,0x00,
 0x00,0x00,0x00,
 
 //========Address -- (60),
 0x00,0x00,0x00,
 0x02,0x07,0x0e,
 0xf2,0xa1,0x24,
 0xfa,0x8b,0x86,
 0xfa,0x88,0x08,
 0xf2,0xb0,0xe8,
 0xf2,0x87,0x8e,
 0x00,0x00,0x00,
 0x00,0x00,0x00,
 
 //========Address -- (61),
 0x00,0x00,0x00,
 0x04,0x01,0x04,
 0x20,0x1f,0x0e,
 0x84,0x8e,0x88,
 0x00,0x8e,0x8a,
 0x44,0xae,0xa4,
 0x99,0x01,0xc2,
 0x00,0x00,0x00,
 0x00,0x00,0x00,
 
 //========Address -- (62),
 0x00,0x00,0x00,
 0x00,0x00,0x00,
 0x00,0x00,0x88,
 0x00,0x01,0x80,
 0x00,0x12,0x00,
 0x00,0x48,0x00,
 0x30,0x00,0x00,
 0x00,0x00,0x00,
 0x00,0x00,0x00,
 
 //========Address -- (63),
 0x00,0x00,0x00,
 0x00,0x00,0x0a,
 0x22,0x01,0xa0,
 0xf2,0xf1,0xc0,
 0x22,0x11,0x00,
 0x00,0x11,0x00,
 0x01,0x2c,0x00,
 0x00,0x00,0x00,
 0x00,0x00,0x00,
 
 //========Address -- (64),
 0x00,0x00,0x00,
 0x00,0x08,0x00,
 0x00,0x8f,0x0c,
 0x12,0x00,0x44,
 0x40,0x00,0x88,
 0x00,0x12,0x00,
 0x03,0xc0,0x00,
 0x00,0x00,0x00,
 0x00,0x00,0x00,
 
 //========Address -- (65),
 0x00,0x00,0x00,
 0x00,0x00,0x00,
 0x30,0x08,0x00,
 0x06,0x00,0x22,
 0x10,0x00,0x48,
 0x00,0x12,0x00,
 0x03,0xc0,0x00,
 0x00,0x00,0x00,
 0x00,0x00,0x00,
 
 //========Address -- (66),
 0x00,0x00,0x00,
 0x00,0x00,0x00,
 0x00,0x08,0x00,
 0x00,0x8f,0x08,
 0x30,0x89,0x80,
 0x00,0x44,0x00,
 0x00,0x40,0x00,
 0x00,0x00,0x00,
 0x00,0x00,0x00,
 
 //========Address -- (67),
 0x00,0x00,0x00,
 0x00,0x00,0x04,
 0x00,0x00,0xa4,
 0x70,0xf0,0xc4,
 0x00,0x00,0x48,
 0x00,0x01,0x80,
 0x03,0x68,0x00,
 0x00,0x00,0x00,
 0x00,0x00,0x00,
 
 //========Address -- (68),
 0x00,0x00,0x00,
 0x00,0x02,0x00,
 0x03,0x2f,0x0c,
 0x00,0x01,0x80,
 0x00,0x2e,0x0c,
 0x70,0x22,0x20,
 0x00,0x22,0x00,
 0x00,0x00,0x00,
 0x00,0x00,0x00,
 
 //========Address -- (69),
 0x00,0x00,0x00,
 0x00,0x00,0x00,
 0x10,0xe1,0x08,
 0x01,0x0c,0x00,
 0x00,0x30,0x00,
 0x03,0x0c,0x00,
 0x00,0x30,0x80,
 0x00,0x00,0x00,
 0x00,0x00,0x00,
 
 //========Address -- (6a),
 0x00,0x00,0x00,
 0x00,0x00,0x00,
 0x00,0x00,0x00,
 0x10,0xf1,0x00,
 0x00,0x11,0x00,
 0x30,0xf0,0xc0,
 0x00,0x00,0x00,
 0x00,0x00,0x00,
 0x00,0x00,0x00,
 
 //========Address -- (6b),
 0x00,0x00,0x00,
 0x00,0x08,0x0a,
 0x00,0x88,0xa0,
 0x70,0xf8,0xc4,
 0x00,0x88,0x44,
 0x11,0x00,0x44,
 0x24,0x03,0x48,
 0x00,0x00,0x00,
 0x00,0x00,0x00,
 
 //========Address -- (6c),
 0x00,0x00,0x00,
 0x02,0x00,0x0a,
 0x22,0x0f,0x8e,
 0xf2,0x0e,0x8a,
 0x22,0xae,0xac,
 0x3c,0x06,0x4c,
 0x10,0x92,0x42,
 0x00,0x00,0x00,
 0x00,0x00,0x00,
 
 //========Address -- (6d),
 0x00,0x00,0x00,
 0x02,0x04,0x00,
 0x58,0x47,0x0c,
 0x75,0x87,0x44,
 0x75,0x17,0x44,
 0x74,0x45,0x48,
 0x7c,0x47,0x2e,
 0x00,0x00,0x00,
 0x00,0x00,0x00,
 
 //========Address -- (6e),
 0x00,0x00,0x00,
 0x00,0x0c,0x00,
 0x71,0x01,0x0e,
 0xf1,0xd1,0x22,
 0x33,0x95,0x22,
 0x59,0x11,0x22,
 0x11,0x10,0xe0,
 0x00,0x00,0x00,
 0x00,0x00,0x00,
 
 //========Address -- (6f),
 0x00,0x00,0x00,
 0x00,0x00,0x00,
 0x74,0xf0,0xc4,
 0x44,0x00,0x44,
 0x44,0x00,0x44,
 0x47,0x0f,0x4c,
 0x40,0x00,0x40,
 0x00,0x00,0x00,
 0x00,0x00,0x00,
 
 //========Address -- (70),
 0x00,0x00,0x00,
 0x0f,0x07,0x0c,
 0x99,0x22,0x44,
 0xf9,0x40,0x80,
 0x99,0x74,0xc4,
 0xf0,0x70,0xc0,
 0x58,0x29,0x42,
 0x00,0x00,0x00,
 0x00,0x00,0x00,
 
 //========Address -- (71),
 0x00,0x00,0x00,
 0x02,0x01,0x00,
 0x2f,0x19,0x00,
 0x58,0x39,0xe2,
 0x15,0x11,0x22,
 0x32,0x1a,0x22,
 0x48,0x24,0x2c,
 0x00,0x00,0x00,
 0x00,0x00,0x00,
 
 //========Address -- (72),
 0x00,0x00,0x00,
 0x03,0x0f,0x08,
 0x23,0x4f,0x88,
 0x23,0x4f,0x88,
 0x0f,0x4f,0x0e,
 0x03,0xe5,0x08,
 0xc0,0x44,0x60,
 0x00,0x00,0x00,
 0x00,0x00,0x00,
 
 //========Address -- (73),
 0x00,0x00,0x00,
 0x00,0x04,0x00,
 0x00,0x74,0xc0,
 0x03,0x4f,0x08,
 0x22,0x00,0x88,
 0x30,0xf0,0x80,
 0x58,0x29,0x42,
 0x00,0x00,0x00,
 0x00,0x00,0x00,
 
 //========Address -- (74),
 0x00,0x00,0x00,
 0x04,0x00,0x0a,
 0x20,0x0f,0x8e,
 0x84,0x8e,0x88,
 0x00,0x8a,0xaa,
 0x44,0xfa,0x44,
 0x99,0x25,0xa2,
 0x00,0x00,0x00,
 0x00,0x00,0x00,
 
 //========Address -- (75),
 0x00,0x00,0x00,
 0x00,0x00,0x00,
 0x30,0xf0,0xc0,
 0x07,0x0f,0x0e,
 0x00,0x22,0x00,
 0x00,0x22,0x00,
 0x01,0x48,0x00,
 0x00,0x00,0x00,
 0x00,0x00,0x00,
 
 //========Address -- (76),
 0x00,0x00,0x00,
 0x00,0x04,0x00,
 0x00,0x44,0x00,
 0x70,0xf4,0xc0,
 0x0f,0x4f,0x0e,
 0x00,0x22,0x00,
 0x00,0x22,0x00,
 0x00,0x00,0x00,
 0x00,0x00,0x00,
 
 //========Address -- (77),
 0x00,0x00,0x00,
 0x00,0x00,0x00,
 0x22,0x11,0x00,
 0x2f,0x1f,0x0e,
 0x22,0x11,0x00,
 0x22,0x60,0x00,
 0x21,0x0f,0x08,
 0x00,0x00,0x00,
 0x00,0x00,0x00,
 
 //========Address -- (78),
 0x00,0x00,0x00,
 0x07,0x0b,0x0c,
 0x47,0x2f,0x0e,
 0x9b,0x2f,0x48,
 0x23,0x0f,0x88,
 0x23,0x0f,0x88,
 0x24,0x00,0x84,
 0x00,0x00,0x00,
 0x00,0x00,0x00,
 
 //========Address -- (79),
 0x00,0x00,0x00,
 0x04,0x02,0x00,
 0x7a,0xb4,0xe8,
 0x07,0x0b,0x0e,
 0x47,0xaa,0x22,
 0x45,0x22,0x26,
 0xe0,0xa2,0x00,
 0x00,0x00,0x00,
 0x00,0x00,0x00,
 
 //========Address -- (7a),
 0x00,0x00,0x00,
 0x00,0x00,0x00,
 0x70,0xf0,0xe2,
 0x00,0x04,0x48,
 0x00,0x54,0x00,
 0x00,0x48,0x00,
 0x01,0x80,0x00,
 0x00,0x00,0x00,
 0x00,0x00,0x00,
 
 //========Address -- (7b),
 0x00,0x00,0x00,
 0x00,0x00,0x00,
 0x00,0x00,0x04,
 0x01,0xc2,0xa4,
 0x24,0x10,0x08,
 0x00,0x00,0x42,
 0x00,0x00,0x00,
 0x00,0x00,0x00,
 0x00,0x00,0x00,
 
 //========Address -- (7c),
 0x00,0x00,0x00,
 0x04,0x02,0x00,
 0x44,0x22,0x00,
 0x47,0x2b,0x2c,
 0x44,0x22,0x00,
 0x44,0x2a,0x00,
 0x7c,0x23,0x2e,
 0x00,0x00,0x00,
 0x00,0x00,0x00,
 
 //========Address -- (7d),
 0x00,0x00,0x00,
 0x07,0x0f,0x0c,
 0x0f,0x4f,0x0e,
 0xb8,0x54,0xa2,
 0x32,0xf4,0x88,
 0x32,0xf4,0x88,
 0x30,0xf4,0x82,
 0x00,0x30,0xe0,
 0x00,0x00,0x00,
 
 //========Address -- (7e),
 0x00,0x00,0x00,
 0x09,0x0f,0x0e,
 0x51,0x27,0x0c,
 0x95,0x47,0x4c,
 0x11,0x47,0x4c,
 0x55,0x15,0x04,
 0xaa,0x93,0x20,
 0x00,0x00,0x00,
 0x00,0x00,0x00,
 
 //========Address -- (7f),
 0x00,0x00,0x00,
 0x00,0x00,0x08,
 0x44,0x10,0x48,
 0x47,0x3c,0x00,
 0x44,0x00,0x00,
 0x44,0x00,0x00,
 0x43,0x0f,0x08,
 0x00,0x00,0x00,
 0x00,0x00,0x00,
 
 //========Address -- (80),
 0x00,0x00,0x00,
 0x00,0x00,0x00,
 0x03,0x1e,0xc0,
 0x00,0x22,0x00,
 0x70,0xf2,0xe0,
 0x00,0x22,0x00,
 0x01,0x48,0x00,
 0x00,0x00,0x00,
 0x00,0x00,0x00,
 
 //========Address -- (81),
 0x00,0x00,0x00,
 0x0f,0x0f,0x0e,
 0x00,0x88,0x00,
 0xf9,0xf1,0xe2,
 0x99,0xf1,0x22,
 0x99,0xf1,0x22,
 0x9f,0x1f,0x2e,
 0x00,0x00,0x00,
 0x00,0x00,0x00,
 
 //========Address -- (82),
 0x00,0x00,0x00,
 0x00,0x04,0x00,
 0x07,0x4f,0x0c,
 0x00,0x44,0x00,
 0x11,0x54,0x08,
 0x24,0x44,0x44,
 0x00,0x44,0x00,
 0x00,0x00,0x00,
 0x00,0x00,0x00,
 
 //========Address -- (83),
 0x00,0x00,0x00,
 0x00,0x04,0x00,
 0x24,0x45,0x84,
 0x81,0x68,0x20,
 0xf2,0xf0,0xc4,
 0x32,0xf0,0xc4,
 0x32,0xf0,0xc4,
 0x30,0xf0,0xc0,
 0x00,0x00,0x00,
 
 //========Address -- (84),
 0x00,0x00,0x00,
 0x00,0x00,0x00,
 0x00,0x00,0x00,
 0x30,0xf4,0x80,
 0x00,0x44,0x00,
 0x07,0x4f,0x0c,
 0x00,0x00,0x00,
 0x00,0x00,0x00,
 0x00,0x00,0x00,
 
 //========Address -- (85),
 0x00,0x00,0x00,
 0x00,0x00,0x00,
 0x42,0x00,0x44,
 0x20,0x00,0x44,
 0x00,0x00,0x88,
 0x00,0x12,0x00,
 0x03,0xc0,0x00,
 0x00,0x00,0x00,
 0x00,0x00,0x00,
 
 //========Address -- (86),
 0x00,0x00,0x00,
 0x02,0x00,0x0c,
 0x24,0xf9,0x00,
 0x4c,0x9f,0x0e,
 0x44,0x99,0x00,
 0x44,0x8e,0x8a,
 0x44,0x0f,0x62,
 0x00,0x00,0x00,
 0x00,0x00,0x00,
 
 //========Address -- (87),
 0x00,0x00,0x00,
 0x00,0x04,0x00,
 0xf1,0xf1,0xe0,
 0x10,0xf0,0x00,
 0xf8,0xf0,0xe2,
 0x99,0xf1,0x22,
 0x98,0xf0,0x26,
 0x00,0x00,0x00,
 0x00,0x00,0x00,
 
 
}  ;

BYTE code tFONT_Energy[] =
{
	//========Address -- (00),
	0x00,0x00,0x00,
	0x00,0x00,0x00,
	0x00,0x00,0x00,
	0x00,0x00,0x00,
	0x00,0x00,0x00,
	0x00,0x00,0x00,
	0x00,0x00,0x00,
	0x00,0x00,0x00,
	0x00,0x00,0x00,
	
	//========Address -- (01),
	0x00,0x00,0x00,
	0x00,0x00,0x00,
	0x00,0x00,0x00,
	0x08,0x00,0x00,
	0x88,0x00,0x00,
	0x80,0x00,0x00,
	0x00,0x00,0x00,
	0x00,0x00,0x00,
	0x00,0x00,0x00,
	
	//========Address -- (02),
	0x00,0x00,0x00,
	0x00,0x00,0x00,
	0x01,0x80,0x00,
	0x07,0x08,0x00,
	0x88,0x44,0x00,
	0xf8,0xc0,0x00,
	0x87,0x48,0x00,
	0x00,0x00,0x00,
	0x00,0x00,0x00,
	
	//========Address -- (03),
	0x00,0x00,0x00,
	0x00,0x00,0x00,
	0x21,0x00,0x00,
	0x07,0x08,0x00,
	0x88,0x44,0x00,
	0xf8,0xc0,0x00,
	0x87,0x48,0x00,
	0x00,0x00,0x00,
	0x00,0x00,0x00,
	
	//========Address -- (04),
	0x00,0x00,0x00,
	0x00,0x00,0x00,
	0x48,0x00,0x00,
	0x08,0x00,0x00,
	0x88,0x00,0x00,
	0x88,0x00,0x00,
	0x88,0x00,0x00,
	0x00,0x00,0x00,
	0x00,0x00,0x00,
	
	//========Address -- (05),
	0x00,0x00,0x00,
	0x00,0x00,0x00,
	0x01,0x80,0x00,
	0x08,0x04,0x00,
	0x88,0x44,0x00,
	0x88,0x44,0x00,
	0x87,0xc4,0x00,
	0x00,0x00,0x00,
	0x00,0x00,0x00,
	
	//========Address -- (06),
	0x00,0x00,0x00,
	0x00,0x00,0x00,
	0x01,0x80,0x00,
	0x07,0x08,0x00,
	0x88,0x44,0x00,
	0x88,0x44,0x00,
	0x87,0x48,0x00,
	0x00,0x00,0x00,
	0x00,0x00,0x00,
	
	//========Address -- (07),
	0x00,0x00,0x00,
	0x00,0x00,0x00,
	0x01,0x80,0x00,
	0x07,0x08,0x00,
	0x80,0x44,0x00,
	0x78,0xc4,0x00,
	0x87,0xc4,0x00,
	0x00,0x00,0x00,
	0x00,0x00,0x00,
	
	//========Address -- (08),
	0x00,0x00,0x00,
	0x00,0x00,0x00,
	0x00,0x00,0x00,
	0x78,0x08,0x00,
	0x88,0x00,0x00,
	0x88,0x08,0x00,
	0x73,0x00,0x00,
	0x16,0x00,0x00,
	0x00,0x00,0x00,
	
	//========Address -- (09),
	0x00,0x00,0x00,
	0x00,0x00,0x00,
	0x35,0x48,0x00,
	0x07,0x08,0x00,
	0x88,0x44,0x00,
	0x88,0x44,0x00,
	0x87,0x48,0x00,
	0x00,0x00,0x00,
	0x00,0x00,0x00,
	
	//========Address -- (0a),
	0x00,0x00,0x00,
	0x00,0x00,0x00,
	0x20,0x80,0x00,
	0x07,0x08,0x00,
	0x88,0x44,0x00,
	0x88,0x44,0x00,
	0x87,0x48,0x00,
	0x00,0x00,0x00,
	0x00,0x00,0x00,
	
	//========Address -- (0b),
	0x00,0x00,0x00,
	0x00,0x00,0x00,
	0x00,0x00,0x00,
	0x04,0x00,0x00,
	0x48,0x00,0x00,
	0x00,0x00,0x00,
	0x00,0x00,0x00,
	0x00,0x00,0x00,
	0x00,0x00,0x00,
	
	//========Address -- (0c),
	0x00,0x00,0x00,
	0x00,0x00,0x00,
	0x20,0x80,0x00,
	0x07,0x08,0x00,
	0x80,0x44,0x00,
	0x78,0xc4,0x00,
	0x87,0xc4,0x00,
	0x00,0x00,0x00,
	0x00,0x00,0x00,
	
	//========Address -- (0d),
	0x02,0x00,0x00,
	0x10,0x00,0x00,
	0xf8,0xe0,0x00,
	0x88,0x00,0x00,
	0xf8,0xc0,0x00,
	0x88,0x00,0x00,
	0x8f,0x0e,0x00,
	0x00,0x00,0x00,
	0x00,0x00,0x00,
	
	//========Address -- (0e),
	0x00,0x00,0x00,
	0x00,0x00,0x00,
	0x20,0x00,0x00,
	0x0f,0x08,0x00,
	0x01,0x80,0x00,
	0x24,0x00,0x00,
	0x8f,0x08,0x00,
	0x00,0x00,0x00,
	0x00,0x00,0x00,
	
	//========Address -- (0f),
	0x00,0x00,0x00,
	0x00,0x00,0x00,
	0x00,0x00,0x00,
	0x07,0x08,0x00,
	0x88,0x44,0x00,
	0xf8,0xc0,0x00,
	0x87,0x48,0x00,
	0x22,0x00,0x00,
	0x10,0x80,0x00,
	
	//========Address -- (10),
	0x00,0x00,0x00,
	0x00,0x00,0x00,
	0x01,0x80,0x00,
	0x07,0x00,0x00,
	0x88,0x80,0x00,
	0x88,0x00,0x00,
	0x87,0x80,0x00,
	0x00,0x00,0x00,
	0x00,0x00,0x00,
	
	//========Address -- (11),
	0x00,0x00,0x00,
	0x00,0x00,0x00,
	0x00,0x00,0x00,
	0x07,0x08,0x00,
	0x80,0x44,0x00,
	0x78,0xc4,0x00,
	0x87,0xc4,0x00,
	0x00,0x44,0x00,
	0x00,0x30,0x00,
	
	//========Address -- (12),
	0x00,0x00,0x00,
	0x00,0x00,0x00,
	0xf8,0xf1,0x00,
	0x88,0x11,0x00,
	0x88,0x11,0x00,
	0x88,0x11,0x00,
	0x88,0x11,0x00,
	0x00,0x00,0x00,
	0x00,0x00,0x00,
	
	//========Address -- (13),
	0x00,0x00,0x00,
	0x00,0x00,0x00,
	0x00,0x00,0x00,
	0x0b,0x08,0x00,
	0xc8,0x44,0x00,
	0x88,0x44,0x00,
	0xcb,0x48,0x00,
	0x88,0x00,0x00,
	0x80,0x00,0x00,
	
	//========Address -- (14),
	0x00,0x00,0x00,
	0x00,0x00,0x00,
	0x00,0x00,0x00,
	0x07,0x08,0x00,
	0x88,0x44,0x00,
	0xf8,0xc0,0x00,
	0x87,0x48,0x00,
	0x00,0x00,0x00,
	0x00,0x00,0x00,
	
	//========Address -- (15),
	0x00,0x00,0x00,
	0x00,0x00,0x00,
	0x03,0x0e,0x00,
	0x22,0x22,0x00,
	0x22,0x22,0x00,
	0x4f,0x2f,0x00,
	0x88,0x11,0x00,
	0x00,0x00,0x00,
	0x00,0x00,0x00,
	
	//========Address -- (16),
	0x00,0x00,0x00,
	0x00,0x00,0x00,
	0x00,0x00,0x00,
	0x08,0x02,0x00,
	0x44,0x44,0x00,
	0x22,0x88,0x00,
	0x11,0x00,0x00,
	0x12,0x00,0x00,
	0x40,0x00,0x00,
	
	//========Address -- (17),
	0x00,0x00,0x00,
	0x00,0x00,0x00,
	0x00,0x00,0x00,
	0x0f,0x0c,0x00,
	0x88,0x44,0x00,
	0x88,0x44,0x00,
	0x88,0x44,0x00,
	0x00,0x00,0x00,
	0x00,0x00,0x00,
	
	//========Address -- (18),
	0x00,0x00,0x00,
	0x00,0x00,0x00,
	0x00,0x00,0x00,
	0x0c,0x09,0x08,
	0x22,0xaa,0x00,
	0x12,0xca,0x00,
	0x48,0x98,0x08,
	0x00,0x00,0x00,
	0x00,0x00,0x00,
	
	//========Address -- (19),
	0x00,0x00,0x00,
	0x00,0x00,0x00,
	0x00,0x00,0x00,
	0x08,0x04,0x00,
	0x88,0x44,0x00,
	0xf8,0xc4,0x00,
	0x88,0x44,0x00,
	0x00,0x00,0x00,
	0x00,0x00,0x00,
	
	//========Address -- (1a),
	0x00,0x00,0x00,
	0x00,0x00,0x00,
	0x00,0x00,0x00,
	0x08,0x04,0x00,
	0x89,0xc4,0x00,
	0x9a,0x44,0x00,
	0xc8,0x44,0x00,
	0x00,0x00,0x00,
	0x00,0x00,0x00,
	
	//========Address -- (1b),
	0x00,0x00,0x00,
	0x00,0x00,0x00,
	0x34,0xc2,0x00,
	0x80,0x11,0x00,
	0x10,0xf1,0x00,
	0x08,0x11,0x00,
	0x43,0x2c,0x00,
	0x00,0x00,0x00,
	0x00,0x00,0x00,
	
	//========Address -- (1c),
	0x00,0x00,0x00,
	0x00,0x00,0x00,
	0x00,0x00,0x00,
	0x0e,0x00,0x00,
	0x88,0x00,0x00,
	0x88,0x00,0x00,
	0x88,0x00,0x00,
	0x00,0x00,0x00,
	0x00,0x00,0x00,
	
	//========Address -- (1d),
	0x00,0x00,0x00,
	0x00,0x00,0x00,
	0x00,0x00,0x00,
	0x07,0x08,0x00,
	0x88,0x44,0x00,
	0x88,0x44,0x00,
	0x87,0x48,0x00,
	0x00,0x00,0x00,
	0x00,0x00,0x00,
	
	//========Address -- (1e),
	0x00,0x00,0x00,
	0x00,0x00,0x00,
	0x00,0x00,0x00,
	0x0f,0x08,0x00,
	0x22,0x00,0x00,
	0x22,0x00,0x00,
	0x22,0x00,0x00,
	0x00,0x00,0x00,
	0x00,0x00,0x00,
	
	//========Address -- (1f),
	0x00,0x00,0x00,
	0x00,0x04,0x00,
	0x34,0x80,0x00,
	0x8b,0x08,0x00,
	0xc8,0x44,0x00,
	0x88,0x44,0x00,
	0x87,0x48,0x00,
	0x00,0x00,0x00,
	0x00,0x00,0x00,
	
	//========Address -- (20),
	0x00,0x00,0x00,
	0x00,0x00,0x00,
	0x00,0x00,0x00,
	0x07,0x0e,0x00,
	0x44,0x22,0x00,
	0x44,0x22,0x00,
	0x48,0x22,0x00,
	0x00,0x00,0x00,
	0x00,0x00,0x00,
	
	//========Address -- (21),
	0x00,0x00,0x00,
	0x00,0x00,0x00,
	0x00,0x00,0x00,
	0x0f,0x00,0x00,
	0x88,0x88,0x00,
	0xf8,0x08,0x00,
	0x8f,0x80,0x00,
	0x00,0x00,0x00,
	0x00,0x00,0x00,
	
	//========Address -- (22),
	0x00,0x00,0x00,
	0x00,0x00,0x00,
	0x00,0x00,0x00,
	0x07,0x0c,0x00,
	0x88,0x44,0x00,
	0x72,0xc4,0x00,
	0x48,0x44,0x00,
	0x00,0x00,0x00,
	0x00,0x00,0x00,
	
	//========Address -- (23),
	0x00,0x00,0x00,
	0x00,0x00,0x00,
	0x00,0x00,0x00,
	0x08,0x08,0x00,
	0x88,0x88,0x00,
	0x87,0x88,0x00,
	0x00,0x88,0x00,
	0x00,0x00,0x00,
	0x00,0x00,0x00,
	
	//========Address -- (24),
	0x00,0x00,0x00,
	0x00,0x00,0x00,
	0x00,0x00,0x00,
	0x07,0x00,0x00,
	0x88,0x80,0x00,
	0x88,0x00,0x00,
	0x87,0x80,0x00,
	0x00,0x00,0x00,
	0x00,0x00,0x00,
	
	//========Address -- (25),
	0x00,0x00,0x00,
	0x00,0x00,0x00,
	0x00,0x00,0x00,
	0x08,0x00,0x00,
	0x88,0x00,0x00,
	0xf8,0x08,0x00,
	0x8f,0x80,0x00,
	0x00,0x00,0x00,
	0x00,0x00,0x00,
	
	//========Address -- (26),
	0x00,0x00,0x00,
	0x00,0x00,0x00,
	0x00,0x00,0x00,
	0x08,0x04,0x00,
	0x43,0x80,0x00,
	0x33,0x00,0x00,
	0x48,0x84,0x00,
	0x00,0x00,0x00,
	0x00,0x00,0x00,
	
	//========Address -- (27),
	0x00,0x00,0x00,
	0x00,0x00,0x00,
	0x00,0x00,0x00,
	0x0c,0x06,0x00,
	0xca,0x6a,0x00,
	0xaa,0xaa,0x00,
	0x99,0x22,0x00,
	0x00,0x00,0x00,
	0x00,0x00,0x00,
	
	//========Address -- (28),
	0x00,0x00,0x00,
	0x00,0x00,0x00,
	0x00,0x00,0x00,
	0x08,0x02,0x00,
	0x88,0x22,0x00,
	0xf8,0x2a,0x00,
	0x8f,0xa2,0x00,
	0x00,0x00,0x00,
	0x00,0x00,0x00,
	
	//========Address -- (29),
	0x00,0x00,0x00,
	0x00,0x00,0x00,
	0x00,0x00,0x00,
	0x07,0x08,0x00,
	0x80,0x44,0x00,
	0x78,0xc4,0x00,
	0x87,0xc4,0x00,
	0x00,0x00,0x00,
	0x00,0x00,0x00,
	
	//========Address -- (2a),
	0x00,0x00,0x00,
	0x00,0x00,0x00,
	0x00,0x00,0x00,
	0x07,0x00,0x00,
	0x80,0x88,0x00,
	0x30,0x88,0x00,
	0x87,0x80,0x00,
	0x00,0x00,0x00,
	0x00,0x00,0x00,
	
	//========Address -- (2b),
	0x00,0x00,0x00,
	0x00,0x00,0x00,
	0x00,0x00,0x00,
	0x09,0x08,0x00,
	0xaa,0x00,0x00,
	0xca,0x00,0x00,
	0x98,0x08,0x00,
	0x00,0x00,0x00,
	0x00,0x00,0x00,
	
	//========Address -- (2c),
	0x00,0x00,0x00,
	0x00,0x00,0x00,
	0x34,0xe1,0x00,
	0x88,0x00,0x88,
	0x88,0x00,0x88,
	0x88,0x00,0x88,
	0x43,0x1e,0x00,
	0x00,0x00,0x00,
	0x00,0x00,0x00,
	
	//========Address -- (2d),
	0x00,0x00,0x00,
	0x00,0x00,0x00,
	0x00,0x00,0x00,
	0x08,0x00,0x00,
	0x88,0x00,0x00,
	0x88,0x00,0x00,
	0x88,0x00,0x00,
	0x00,0x00,0x00,
	0x00,0x00,0x00,
	
	//========Address -- (2e),
	0x00,0x00,0x00,
	0x00,0x00,0x00,
	0x20,0x80,0x00,
	0x08,0x04,0x00,
	0x88,0x44,0x00,
	0x88,0x44,0x00,
	0x87,0xc4,0x00,
	0x00,0x00,0x00,
	0x00,0x00,0x00,
	
	//========Address -- (2f),
	0x00,0x00,0x00,
	0x00,0x00,0x00,
	0x00,0x00,0x00,
	0x07,0x00,0x00,
	0x88,0x80,0x00,
	0x70,0x08,0x00,
	0x87,0x80,0x00,
	0x02,0x00,0x00,
	0x40,0x00,0x00,
	
	//========Address -- (30),
	0x04,0x04,0x00,
	0x30,0x80,0x00,
	0x78,0x4c,0x00,
	0x88,0x44,0x00,
	0x88,0x4c,0x00,
	0x70,0x44,0x00,
	0x87,0x48,0x00,
	0x00,0x00,0x00,
	0x00,0x00,0x00,
	
	//========Address -- (31),
	0x00,0x00,0x00,
	0x80,0x00,0x00,
	0x88,0x00,0x00,
	0x88,0x00,0x00,
	0x88,0x00,0x00,
	0x88,0x00,0x00,
	0x88,0x00,0x00,
	0x00,0x00,0x00,
	0x00,0x00,0x00,
	
	//========Address -- (32),
	0x00,0x00,0x00,
	0x00,0x00,0x0c,
	0x30,0xe3,0x4c,
	0x01,0x4b,0x4c,
	0x60,0x00,0x40,
	0x00,0x78,0x84,
	0x00,0x87,0x48,
	0x00,0x00,0x00,
	0x00,0x00,0x00,
	
	//========Address -- (33),
	0x00,0x00,0x00,
	0x00,0x00,0x00,
	0x10,0xf0,0xc4,
	0x00,0x00,0x44,
	0x00,0x44,0x44,
	0x00,0x44,0x80,
	0x70,0xf0,0xe0,
	0x00,0x00,0x00,
	0x00,0x00,0x00,
	
	//========Address -- (34),
	0x00,0x00,0x00,
	0x00,0x00,0x0c,
	0x0f,0x39,0x44,
	0x44,0x9f,0x44,
	0x44,0x99,0x44,
	0x70,0x91,0x44,
	0x00,0x10,0x44,
	0x00,0x00,0x00,
	0x00,0x00,0x00,
	
	//========Address -- (35),
	0x00,0x00,0x00,
	0x00,0x00,0x0c,
	0x00,0xc4,0x44,
	0x00,0x48,0x44,
	0x01,0xc2,0x44,
	0x60,0x10,0x44,
	0x00,0x00,0x44,
	0x00,0x00,0x00,
	0x00,0x00,0x00,
	
	//========Address -- (36),
	0x00,0x00,0x00,
	0x00,0x00,0x0c,
	0x30,0xe2,0x44,
	0x00,0x48,0x44,
	0x12,0x42,0x44,
	0x40,0x10,0x44,
	0x00,0x00,0x44,
	0x00,0x00,0x00,
	0x00,0x00,0x00,
	
	//========Address -- (37),
	0x00,0x00,0x00,
	0x00,0x0c,0x0c,
	0x00,0x49,0x4c,
	0x16,0x42,0x44,
	0x01,0x0f,0x0c,
	0x01,0x0f,0x4c,
	0x00,0x8f,0x0c,
	0x00,0x00,0x00,
	0x00,0x00,0x00,
	
	//========Address -- (38),
	0x00,0x00,0x00,
	0x00,0x00,0x0c,
	0x30,0xc4,0x44,
	0x01,0xb4,0xc4,
	0x60,0x20,0x40,
	0x00,0x78,0x84,
	0x00,0x87,0x48,
	0x00,0x00,0x00,
	0x00,0x00,0x00,
	
	//========Address -- (39),
	0x00,0x00,0x00,
	0x00,0x08,0x0c,
	0x71,0xf4,0x44,
	0x21,0x2c,0x74,
	0x01,0x0f,0x0c,
	0x01,0x0f,0x4c,
	0x00,0x8f,0x0c,
	0x00,0x00,0x00,
	0x00,0x00,0x00,
	
	//========Address -- (3a),
	0x00,0x00,0x00,
	0x00,0x00,0x00,
	0x01,0xf0,0x08,
	0x10,0x0f,0x80,
	0x00,0x00,0x00,
	0x70,0xf2,0xe0,
	0x00,0x22,0x00,
	0x00,0x00,0x00,
	0x00,0x00,0x00,
	
	//========Address -- (3b),
	0x00,0x00,0x00,
	0x00,0x00,0x0c,
	0x03,0x31,0x44,
	0x44,0x9f,0x44,
	0x44,0x99,0x44,
	0x30,0x11,0x44,
	0x00,0x10,0x44,
	0x00,0x00,0x00,
	0x00,0x00,0x00,
	
	//========Address -- (3c),
	0x00,0x00,0x00,
	0x00,0x00,0x0c,
	0x62,0x00,0x44,
	0x22,0x30,0xc4,
	0x22,0x00,0x44,
	0x30,0xf0,0x44,
	0x00,0x00,0x44,
	0x00,0x00,0x00,
	0x00,0x00,0x00,
	
	//========Address -- (3d),
	0x00,0x00,0x00,
	0x00,0x00,0x00,
	0x00,0x62,0x00,
	0x00,0x69,0x08,
	0x30,0x02,0x40,
	0x00,0x22,0x00,
	0x70,0xf0,0xe0,
	0x00,0x00,0x00,
	0x00,0x00,0x00,
	
	//========Address -- (3e),
	0x00,0x00,0x00,
	0x00,0x00,0x0c,
	0x62,0x62,0x44,
	0x23,0x2e,0x44,
	0x22,0x22,0x44,
	0x30,0xe0,0x44,
	0x00,0x00,0x44,
	0x00,0x00,0x00,
	0x00,0x00,0x00,
	
	//========Address -- (3f),
	0x00,0x00,0x00,
	0x00,0x00,0x0c,
	0x30,0xe2,0x44,
	0x00,0x24,0x44,
	0x00,0x48,0x74,
	0x16,0x00,0x44,
	0x00,0x00,0x44,
	0x00,0x00,0x00,
	0x00,0x00,0x00,
	
	//========Address -- (40),
	0x00,0x00,0x00,
	0x01,0x0f,0x08,
	0x00,0x17,0x00,
	0x30,0x80,0xc0,
	0x70,0xf0,0xe0,
	0x01,0xf0,0x08,
	0x10,0x0f,0x80,
	0x00,0x00,0x00,
	0x00,0x00,0x00,
	
	//========Address -- (41),
	0x00,0x00,0x00,
	0x07,0x0e,0x0c,
	0x22,0x00,0x44,
	0x30,0xe8,0x44,
	0x70,0xf0,0xc4,
	0x10,0x8f,0x4c,
	0x00,0x8f,0x4c,
	0x00,0x00,0x00,
	0x00,0x00,0x00,
	
	//========Address -- (42),
	0x00,0x00,0x00,
	0x00,0x00,0x0c,
	0x62,0x00,0x44,
	0x22,0x00,0x44,
	0x22,0x01,0x4c,
	0x30,0xe0,0x44,
	0x00,0x00,0x44,
	0x00,0x00,0x00,
	0x00,0x00,0x00,
	
	//========Address -- (43),
	0x00,0x00,0x00,
	0x00,0x00,0x0c,
	0x72,0xe0,0x44,
	0x22,0x00,0x44,
	0x22,0x00,0x7c,
	0x30,0xf0,0x44,
	0x00,0x00,0x44,
	0x00,0x00,0x00,
	0x00,0x00,0x00,
	
	//========Address -- (44),
	0x00,0x00,0x00,
	0x00,0x00,0x0c,
	0x10,0xb1,0x44,
	0x70,0xf1,0x44,
	0x12,0x95,0xc4,
	0x21,0x59,0x44,
	0x00,0x10,0x44,
	0x00,0x00,0x00,
	0x00,0x00,0x00,
	
	//========Address -- (45),
	0x00,0x00,0x00,
	0x00,0x00,0x0c,
	0x72,0xe0,0x44,
	0x22,0x01,0x7c,
	0x30,0xe0,0x40,
	0x00,0x78,0x84,
	0x00,0x87,0x48,
	0x00,0x00,0x00,
	0x00,0x00,0x00,
	
	//========Address -- (46),
	0x00,0x00,0x00,
	0x00,0x00,0x0c,
	0x12,0xc2,0x44,
	0x22,0x22,0x44,
	0x10,0xc0,0x44,
	0x07,0x0f,0x4c,
	0x00,0x00,0x44,
	0x00,0x00,0x00,
	0x00,0x00,0x00,
	
	//========Address -- (47),
	0x00,0x00,0x00,
	0x00,0x00,0x0c,
	0x10,0x88,0x44,
	0x11,0x38,0xc4,
	0x2c,0x42,0x44,
	0x01,0x08,0x40,
	0x00,0x8f,0x0c,
	0x00,0x00,0x00,
	0x00,0x00,0x00,
	
	//========Address -- (48),
	0x00,0x00,0x00,
	0x07,0x0b,0x04,
	0x23,0x19,0x44,
	0x22,0x13,0xc4,
	0x30,0xd0,0x40,
	0x10,0xf0,0xc4,
	0x00,0x00,0x44,
	0x00,0x00,0x00,
	0x00,0x00,0x00,
	
	//========Address -- (49),
	0x00,0x00,0x00,
	0x00,0x0f,0x00,
	0x10,0x0f,0x80,
	0x07,0x0f,0x0e,
	0x03,0x0f,0x08,
	0x03,0x0f,0x88,
	0x11,0x0f,0x08,
	0x00,0x00,0x00,
	0x00,0x00,0x00,
	
	//========Address -- (4a),
	0x00,0x00,0x00,
	0x01,0x0c,0x0c,
	0x22,0x22,0x44,
	0x10,0xc0,0x44,
	0x70,0xf8,0x44,
	0x01,0xb8,0xc4,
	0x00,0x8f,0x0c,
	0x00,0x00,0x00,
	0x00,0x00,0x00,
	
	//========Address -- (4b),
	0x00,0x00,0x00,
	0x00,0x00,0x0c,
	0x10,0xc0,0x44,
	0x70,0xf0,0x44,
	0x12,0xc2,0x74,
	0x21,0x2c,0x44,
	0x00,0x00,0x44,
	0x00,0x00,0x00,
	0x00,0x00,0x00,
	
	//========Address -- (4c),
	0x00,0x00,0x00,
	0x03,0x00,0x00,
	0x11,0x0f,0x08,
	0x00,0x00,0x00,
	0x70,0xf0,0xe0,
	0x03,0x00,0x00,
	0x11,0x0f,0x08,
	0x00,0x00,0x00,
	0x00,0x00,0x00,
	
	//========Address -- (4d),
	0x00,0x00,0x00,
	0x00,0x08,0x0c,
	0x71,0xf4,0x44,
	0x21,0x2c,0x74,
	0x07,0x8f,0x4c,
	0x01,0x0f,0x0c,
	0x00,0x00,0x44,
	0x00,0x00,0x00,
	0x00,0x00,0x00,
	
	//========Address -- (4e),
	0x00,0x00,0x00,
	0x00,0x00,0x0c,
	0x34,0x84,0x44,
	0x44,0x44,0x44,
	0x30,0x80,0x44,
	0x01,0x08,0x40,
	0x00,0x8f,0x0c,
	0x00,0x00,0x00,
	0x00,0x00,0x00,
	
	//========Address -- (4f),
	0x00,0x00,0x00,
	0x00,0x0c,0x0c,
	0x00,0x48,0x44,
	0x01,0xc2,0x44,
	0x60,0x10,0x40,
	0x10,0x8f,0x4c,
	0x00,0x8f,0x4c,
	0x00,0x00,0x00,
	0x00,0x00,0x00,
	
	//========Address -- (50),
	0x00,0x00,0x00,
	0x00,0x00,0x00,
	0x01,0xf0,0x08,
	0x11,0x00,0x88,
	0x00,0xf2,0x00,
	0x00,0x22,0x00,
	0x70,0xf0,0xe0,
	0x00,0x00,0x00,
	0x00,0x00,0x00,
	
	//========Address -- (51),
	0x00,0x00,0x00,
	0x01,0x0c,0x0c,
	0x03,0x0e,0x44,
	0x01,0x4c,0x44,
	0x60,0x30,0x44,
	0x70,0xf8,0xc4,
	0x00,0x88,0x44,
	0x00,0x00,0x00,
	0x00,0x00,0x00,
	
	//========Address -- (52),
	0x00,0x00,0x00,
	0x04,0x09,0x00,
	0xf4,0xda,0xe4,
	0x7d,0xd4,0x48,
	0x70,0x5a,0x42,
	0xf0,0xf0,0xe0,
	0x72,0xf0,0xc8,
	0x30,0xf0,0x80,
	0x00,0x00,0x00,
	
	//========Address -- (53),
	0x00,0x00,0x00,
	0x00,0x04,0x00,
	0x23,0x4f,0x0c,
	0x40,0x44,0x00,
	0xf0,0xf0,0xe0,
	0x74,0xf0,0xc4,
	0x47,0x0f,0x4c,
	0x40,0x00,0x40,
	0x00,0x00,0x00,
	
	//========Address -- (54),
	0x00,0x00,0x00,
	0x04,0x00,0x00,
	0x2f,0xf4,0x88,
	0x0f,0x44,0x88,
	0x0f,0xf4,0x88,
	0x0f,0x44,0x88,
	0x9f,0x44,0xa6,
	0x90,0x40,0x20,
	0x00,0x00,0x00,
	
	//========Address -- (55),
	0x00,0x00,0x00,
	0x00,0x08,0x00,
	0x74,0xf0,0xc4,
	0x74,0xf0,0xc4,
	0x74,0xf0,0xc4,
	0x70,0xf4,0xc0,
	0x55,0x20,0x4a,
	0x80,0xf0,0xa0,
	0x00,0x00,0x00,
	
	//========Address -- (56),
	0x00,0x00,0x00,
	0x02,0x00,0x0c,
	0x2f,0x79,0x00,
	0x27,0x17,0xc0,
	0x2f,0x19,0x0e,
	0x27,0x71,0x00,
	0xa2,0x91,0x22,
	0x20,0x00,0xe0,
	0x00,0x00,0x00,
	
	//========Address -- (57),
	0x00,0x00,0x00,
	0x07,0x0f,0x0c,
	0x0f,0x4f,0x0e,
	0xa0,0x40,0xa0,
	0x74,0xf4,0xc4,
	0x74,0xf4,0xc4,
	0x74,0xf4,0xc2,
	0x00,0x30,0xe0,
	0x00,0x00,0x00,
	
	//========Address -- (58),
	0x00,0x00,0x00,
	0x07,0x0f,0x0c,
	0x44,0x42,0x44,
	0xf4,0xf4,0xe4,
	0x74,0xf4,0xc4,
	0x70,0xf4,0xc0,
	0x70,0xf4,0xc0,
	0xf0,0xf0,0xe0,
	0x00,0x00,0x00,
	
	//========Address -- (59),
	0x00,0x00,0x00,
	0x00,0x00,0x00,
	0xf0,0xf0,0xe4,
	0x07,0x0e,0x44,
	0x44,0x22,0x44,
	0x47,0x2e,0x44,
	0x40,0x00,0x44,
	0x00,0x10,0xc0,
	0x00,0x00,0x00,
	
	//========Address -- (5a),
	0x00,0x00,0x00,
	0x02,0x02,0x04,
	0x4f,0xab,0x80,
	0x07,0x29,0x2e,
	0x47,0x8a,0x00,
	0x47,0xaa,0x48,
	0x44,0xba,0x22,
	0x50,0x90,0xe0,
	0x00,0x00,0x00,
	
	//========Address -- (5b),
	0x00,0x00,0x00,
	0x00,0x04,0x00,
	0x1e,0xbe,0x0e,
	0x0f,0x0f,0x0e,
	0xa9,0x45,0xa2,
	0xf4,0xf0,0xe4,
	0x74,0xf0,0xc4,
	0x70,0xf0,0xc0,
	0x00,0x00,0x00,
	
	//========Address -- (5c),
	0x00,0x00,0x00,
	0x02,0x04,0x04,
	0x22,0xf9,0xe2,
	0x2f,0xd9,0x62,
	0x22,0xf0,0xe0,
	0x22,0x74,0xc4,
	0x3c,0x74,0xc4,
	0x00,0x70,0xc0,
	0x00,0x00,0x00,
	
	//========Address -- (5d),
	0x00,0x00,0x00,
	0x02,0x00,0x00,
	0x22,0x01,0x0e,
	0xf2,0xd5,0x22,
	0x22,0x55,0x22,
	0x22,0x55,0x22,
	0x44,0x55,0x2e,
	0x90,0x90,0x20,
	0x00,0x00,0x00,
	
	//========Address -- (5e),
	0x00,0x00,0x00,
	0x04,0x01,0x00,
	0x2f,0xf1,0xe0,
	0x0f,0x71,0xc0,
	0x0f,0xf4,0xe4,
	0x0f,0x74,0xc4,
	0x9f,0x74,0xc4,
	0x90,0x40,0xc0,
	0x00,0x00,0x00,
	
	//========Address -- (5f),
	0x00,0x00,0x00,
	0x00,0x01,0x00,
	0xf2,0x1f,0x0e,
	0x24,0xa2,0xa4,
	0x7d,0x7c,0xe8,
	0x55,0x74,0xe8,
	0x57,0x74,0xe8,
	0x50,0x70,0xe0,
	0x00,0x00,0x00,
	
	//========Address -- (60),
	0x00,0x00,0x00,
	0x00,0x08,0x00,
	0x0f,0x4f,0x0e,
	0x80,0x00,0x20,
	0xf0,0xf4,0xe0,
	0x22,0x47,0x0c,
	0x25,0x44,0x00,
	0x80,0xf0,0xe0,
	0x00,0x00,0x00,
	
	//========Address -- (61),
	0x00,0x00,0x00,
	0x01,0x04,0x00,
	0x12,0x47,0x0e,
	0x6a,0x91,0x20,
	0x22,0x59,0x42,
	0x20,0x34,0x04,
	0x55,0x20,0x2a,
	0x80,0xf0,0x80,
	0x00,0x00,0x00,
	
	//========Address -- (62),
	0x00,0x00,0x00,
	0x00,0x00,0x00,
	0xf0,0xfa,0xe0,
	0x74,0xfa,0xc4,
	0x70,0xf8,0xc0,
	0xf1,0xf0,0xe8,
	0x30,0x1e,0x00,
	0xf0,0x10,0xc0,
	0x00,0x00,0x00,
	
	//========Address -- (63),
	0x00,0x00,0x00,
	0x09,0x0d,0x0c,
	0x51,0x5d,0x4c,
	0x1c,0x1c,0x2e,
	0x45,0x8f,0x8c,
	0x47,0x8f,0x8e,
	0x45,0x80,0x84,
	0xb0,0xf0,0xe0,
	0x00,0x00,0x00,
	
	//========Address -- (64),
	0x00,0x00,0x00,
	0x02,0x0f,0x0e,
	0x22,0xaf,0xae,
	0xf2,0x17,0x0c,
	0x22,0x1f,0x0e,
	0x3e,0x27,0x8c,
	0x22,0x1f,0x0e,
	0x60,0x10,0x00,
	0x00,0x00,0x00,
	
	//========Address -- (65),
	0x00,0x00,0x00,
	0x04,0x01,0x00,
	0x2f,0x07,0x8e,
	0x0f,0x12,0x02,
	0x0f,0x70,0xc8,
	0x0f,0x16,0x24,
	0x9f,0x01,0x84,
	0x90,0x60,0x20,
	0x00,0x00,0x00,
	
	//========Address -- (66),
	0x00,0x00,0x00,
	0x04,0x00,0x00,
	0x2f,0x32,0xc4,
	0x0f,0x24,0x46,
	0x0f,0x07,0x0c,
	0x0f,0x22,0x48,
	0x9f,0x12,0x08,
	0x90,0x40,0x60,
	0x00,0x00,0x00,
	
	//========Address -- (67),
	0x00,0x00,0x00,
	0x00,0x00,0x00,
	0xf4,0xcb,0x0c,
	0x47,0x99,0x44,
	0x47,0x99,0x44,
	0x44,0x9c,0x48,
	0xf0,0x89,0x84,
	0x00,0xa0,0x20,
	0x00,0x00,0x00,
	
	//========Address -- (68),
	0x00,0x00,0x00,
	0x00,0x01,0x00,
	0x42,0x95,0x24,
	0x08,0x1f,0x0e,
	0x40,0x8f,0x2e,
	0x02,0x8f,0x2e,
	0x48,0x88,0x22,
	0x00,0x80,0x60,
	0x00,0x00,0x00,
	
	//========Address -- (69),
	0x00,0x00,0x00,
	0x00,0x04,0x00,
	0x01,0xa1,0x00,
	0x2d,0x0f,0x86,
	0x00,0x00,0x00,
	0xf1,0xf0,0xe0,
	0x27,0x0f,0x8c,
	0x00,0x00,0x40,
	0x00,0x00,0x00,
	
	//========Address -- (6a),
	0x00,0x00,0x00,
	0x00,0x02,0x00,
	0xf2,0x34,0xc4,
	0x24,0x07,0x8e,
	0x7d,0x57,0x2e,
	0x55,0x57,0x2e,
	0x75,0x55,0x22,
	0x00,0x80,0x60,
	0x00,0x00,0x00,
	
	//========Address -- (6b),
	0x00,0x00,0x00,
	0x04,0x01,0x00,
	0x20,0x57,0x0c,
	0x0e,0x91,0x00,
	0x22,0xf2,0xe8,
	0x22,0x24,0x8a,
	0x25,0x80,0x60,
	0x80,0xf0,0xe0,
	0x00,0x00,0x00,
	
	//========Address -- (6c),
	0x00,0x00,0x00,
	0x02,0x0f,0x0c,
	0x22,0x42,0x48,
	0xf2,0x12,0x08,
	0x23,0xd1,0x60,
	0xe2,0x71,0xc0,
	0x22,0xf1,0xe0,
	0x60,0x10,0x00,
	0x00,0x00,0x00,
	
	//========Address -- (6d),
	0x00,0x00,0x00,
	0x04,0x02,0x00,
	0x20,0x1f,0x0e,
	0x0e,0x24,0x04,
	0x22,0xf1,0x82,
	0x22,0x2c,0x48,
	0x32,0x12,0x84,
	0x00,0xc0,0x20,
	0x00,0x00,0x00,
	
	//========Address -- (6e),
	0x00,0x00,0x00,
	0x04,0x07,0x08,
	0x20,0x44,0x88,
	0x0e,0x48,0x86,
	0x22,0x0f,0x0c,
	0x22,0x42,0x48,
	0x32,0x12,0x08,
	0x00,0xc0,0x60,
	0x00,0x00,0x00,
	
	//========Address -- (6f),
	0x00,0x00,0x00,
	0x07,0x0f,0x0c,
	0x47,0xaf,0x4c,
	0x0f,0x4f,0x0e,
	0x03,0x4f,0x08,
	0x22,0x00,0x88,
	0x22,0x44,0x88,
	0xf0,0xf0,0xe0,
	0x00,0x00,0x00,
	
	//========Address -- (70),
	0x00,0x00,0x00,
	0x00,0x00,0x00,
	0x00,0x00,0x00,
	0x00,0x04,0x00,
	0x02,0x48,0x00,
	0x11,0x8c,0x00,
	0x24,0x40,0x00,
	0x80,0x00,0x00,
	0x00,0x00,0x00,
	
	//========Address -- (71),
	0x00,0x00,0x00,
	0x00,0x00,0x00,
	0x00,0x00,0x00,
	0x02,0x00,0x00,
	0x94,0x44,0x00,
	0x01,0x80,0x00,
	0x24,0x00,0x00,
	0x80,0x00,0x00,
	0x00,0x00,0x00,
	
	//========Address -- (72),
	0x00,0x00,0x00,
	0x00,0x00,0x00,
	0x00,0x00,0x00,
	0x11,0x00,0x00,
	0x11,0x0f,0x00,
	0xf1,0x12,0x00,
	0x11,0x00,0x00,
	0x00,0xf0,0x80,
	0x00,0x00,0x00,
	
	//========Address -- (73),
	0x00,0x00,0x00,
	0x00,0x00,0x00,
	0x00,0x00,0x00,
	0x00,0x00,0x00,
	0x00,0x00,0x00,
	0x00,0x00,0x00,
	0x0f,0xf8,0xce,
	0x60,0x00,0x00,
	0x00,0x00,0x00,
	
	//========Address -- (74),
	0x00,0x00,0x00,
	0x00,0x00,0x00,
	0x00,0x00,0x84,
	0x21,0x10,0x08,
	0x04,0x01,0x00,
	0x20,0x24,0x00,
	0x09,0x80,0x00,
	0x60,0x00,0x00,
	0x00,0x00,0x00,
	
	//========Address -- (75),
	0x00,0x00,0x00,
	0x00,0x00,0x00,
	0x00,0x00,0x00,
	0x00,0x00,0x00,
	0x07,0x0f,0x00,
	0x00,0x88,0x00,
	0x00,0x88,0x00,
	0xf0,0xf0,0x80,
	0x00,0x00,0x00,
	
	//========Address -- (76),
	0x00,0x00,0x00,
	0x00,0x00,0x00,
	0x21,0x00,0x00,
	0x0f,0x08,0x00,
	0x13,0x08,0x00,
	0x59,0x40,0x00,
	0x11,0x00,0x00,
	0x10,0x00,0x00,
	0x00,0x00,0x00,
	
	//========Address -- (77),
	0x00,0x00,0x00,
	0x00,0x00,0x00,
	0x00,0x00,0x00,
	0x00,0x02,0x00,
	0x11,0x22,0x00,
	0x22,0x22,0x00,
	0x48,0x22,0x48,
	0x00,0x30,0x00,
	0x00,0x00,0x00,
	
	//========Address -- (78),
	0x00,0x00,0x00,
	0x00,0x00,0x00,
	0x04,0x10,0x08,
	0x43,0x1c,0x08,
	0xe1,0x00,0x00,
	0x1f,0xc0,0x00,
	0x00,0x88,0x00,
	0x00,0x40,0x00,
	0x00,0x00,0x00,
	
	//========Address -- (79),
	0x00,0x00,0x00,
	0x00,0x0a,0x00,
	0xf0,0xfa,0xc4,
	0x74,0xfa,0xc0,
	0x71,0xf2,0xe2,
	0x75,0xf2,0xe4,
	0x47,0x9f,0x4c,
	0x20,0x00,0x80,
	0x00,0x00,0x00,
	
	//========Address -- (7a),
	0x00,0x00,0x00,
	0x00,0x00,0x00,
	0x01,0x00,0x42,
	0x11,0x01,0x42,
	0x72,0xe2,0x84,
	0x22,0x22,0x80,
	0x45,0x24,0x00,
	0x80,0x80,0x00,
	0x00,0x00,0x00,
	
	//========Address -- (7b),
	0x00,0x00,0x00,
	0x04,0x04,0x04,
	0x44,0xf9,0xe2,
	0x4e,0xf9,0xe2,
	0x44,0xf0,0xe0,
	0x44,0x74,0xc4,
	0x6c,0x74,0xc4,
	0x00,0x70,0xc0,
	0x00,0x00,0x00,
	
	//========Address -- (7c),
	0x00,0x00,0x00,
	0x00,0x00,0x00,
	0x06,0x00,0x00,
	0x12,0x00,0x00,
	0x0f,0x08,0x00,
	0x01,0x80,0x00,
	0x25,0x00,0x00,
	0x80,0xe0,0x00,
	0x00,0x00,0x00,
	
	//========Address -- (7d),
	0x00,0x00,0x00,
	0x00,0x00,0x00,
	0x03,0x0c,0x00,
	0x01,0x80,0x00,
	0x27,0x0c,0x00,
	0x83,0x22,0x00,
	0x44,0xa4,0x00,
	0x30,0x80,0x00,
	0x00,0x00,0x00,
	
	//========Address -- (7e),
	0x00,0x00,0x00,
	0x02,0x01,0x00,
	0x22,0x15,0x00,
	0xba,0x75,0xc0,
	0xaa,0x91,0x00,
	0x22,0x71,0xc0,
	0x22,0x11,0x00,
	0x20,0xf0,0xe0,
	0x00,0x00,0x00,
	
	//========Address -- (7f),
	0x00,0x00,0x00,
	0x00,0x00,0x00,
	0x01,0x02,0x00,
	0xf1,0xc0,0x00,
	0x17,0x4f,0x00,
	0x99,0x44,0x88,
	0x97,0x49,0x80,
	0x10,0x00,0x00,
	0x00,0x00,0x00,
	
	//========Address -- (80),
	0x00,0x00,0x00,
	0x00,0x00,0x00,
	0x08,0x00,0x00,
	0xbc,0x08,0x00,
	0xc8,0x88,0x00,
	0x89,0x80,0x00,
	0x12,0x00,0x00,
	0x40,0x00,0x00,
	0x00,0x00,0x00,
	
	//========Address -- (81),
	0x00,0x00,0x00,
	0x00,0x00,0x00,
	0x01,0x00,0x00,
	0xf1,0xc0,0x00,
	0x17,0x08,0x00,
	0x11,0x00,0x00,
	0x79,0x84,0x00,
	0x60,0x00,0x00,
	0x00,0x00,0x00,
	
	//========Address -- (82),
	0x00,0x00,0x00,
	0x00,0x00,0x00,
	0x00,0x08,0x00,
	0x87,0x8f,0x00,
	0x01,0x88,0x00,
	0x21,0xc4,0x00,
	0x00,0x48,0x00,
	0x10,0x00,0x00,
	0x00,0x00,0x00,
	
	//========Address -- (83),
	0x00,0x00,0x00,
	0x00,0x08,0x00,
	0x01,0x44,0x88,
	0x15,0x11,0x00,
	0x55,0x22,0x42,
	0x91,0x48,0x20,
	0x13,0x00,0x88,
	0x40,0xf0,0x80,
	0x00,0x00,0x00,
	
	//========Address -- (84),
	0x00,0x00,0x00,
	0x00,0x00,0x00,
	0x00,0x08,0x84,
	0x87,0x8f,0x84,
	0x01,0x88,0x00,
	0x21,0xc4,0x00,
	0x00,0x48,0x00,
	0x10,0x00,0x00,
	0x00,0x00,0x00,
	
	//========Address -- (85),
	0x00,0x00,0x00,
	0x00,0x00,0x00,
	0x00,0x00,0x00,
	0x30,0x84,0x00,
	0x16,0x87,0x00,
	0xf1,0x80,0x00,
	0x11,0x00,0x00,
	0x00,0xe0,0x00,
	0x00,0x00,0x00,
	
	//========Address -- (86),
	0x00,0x00,0x00,
	0x00,0x00,0x00,
	0x00,0x00,0x00,
	0x34,0xca,0x00,
	0x88,0x98,0x08,
	0x99,0x00,0x88,
	0x60,0x12,0x00,
	0x00,0x40,0x00,
	0x00,0x00,0x00,
	
	//========Address -- (87),
	0x00,0x00,0x00,
	0x00,0x00,0x00,
	0x02,0x00,0x00,
	0x3e,0xc0,0x00,
	0x34,0x2a,0x00,
	0x81,0xc8,0x00,
	0x22,0x88,0x00,
	0x10,0xe0,0x00,
	0x00,0x00,0x00,
	
	//========Address -- (88),
	0x00,0x00,0x00,
	0x02,0x00,0x00,
	0x22,0x74,0xc4,
	0xf2,0x44,0x44,
	0x23,0x75,0xc0,
	0xe2,0x54,0x08,
	0x22,0x48,0x84,
	0x70,0x00,0x20,
	0x00,0x00,0x00,
	
	//========Address -- (89),
	0x00,0x00,0x00,
	0x00,0x00,0x00,
	0x00,0x00,0x00,
	0x08,0x00,0x00,
	0x88,0x00,0x00,
	0x88,0x00,0x00,
	0x88,0x08,0x00,
	0x70,0x00,0x00,
	0x00,0x00,0x00,
	
	//========Address -- (8a),
	0x00,0x00,0x00,
	0x00,0x00,0x00,
	0x00,0x00,0x00,
	0x00,0x07,0x00,
	0xf1,0x80,0x00,
	0x12,0x00,0x00,
	0x22,0x00,0x00,
	0x10,0xe0,0x00,
	0x00,0x00,0x00,
	
	//========Address -- (8b),
	0x00,0x00,0x00,
	0x00,0x00,0x00,
	0x01,0x00,0x00,
	0x12,0x00,0x00,
	0x48,0x00,0x00,
	0x84,0x00,0x00,
	0x21,0x00,0x00,
	0x10,0x00,0x00,
	0x00,0x00,0x00,
	
	//========Address -- (8c),
	0x00,0x00,0x00,
	0x00,0x00,0x00,
	0x00,0x00,0x08,
	0x23,0x09,0x40,
	0xe2,0x0c,0x80,
	0x24,0x24,0x00,
	0x54,0x08,0x00,
	0x80,0x70,0x80,
	0x00,0x00,0x00,
	
	//========Address -- (8d),
	0x00,0x00,0x00,
	0x00,0x00,0x00,
	0x00,0x00,0x00,
	0x42,0x0c,0x00,
	0xf1,0x00,0x00,
	0x34,0x8c,0x00,
	0x88,0x00,0x00,
	0x70,0xe0,0x00,
	0x00,0x00,0x00,
	
	//========Address -- (8e),
	0x00,0x00,0x00,
	0x00,0x00,0x00,
	0x00,0x00,0x00,
	0x00,0x00,0x00,
	0x88,0x02,0x00,
	0x88,0x11,0x08,
	0x89,0x80,0x80,
	0x60,0x00,0x00,
	0x00,0x00,0x00,
	
	//========Address -- (8f),
	0x00,0x00,0x00,
	0x00,0x00,0x00,
	0x04,0x00,0x00,
	0x43,0x0c,0x00,
	0xe1,0x00,0x00,
	0x1f,0xc0,0x00,
	0x00,0x88,0x00,
	0x00,0x40,0x00,
	0x00,0x00,0x00,
	
	//========Address -- (90),
	0x00,0x00,0x00,
	0x00,0x00,0x00,
	0x00,0x00,0x00,
	0x02,0x00,0x00,
	0x2f,0x0f,0x00,
	0x11,0x12,0x00,
	0x00,0x88,0x00,
	0x00,0x40,0x00,
	0x00,0x00,0x00,
	
	//========Address -- (91),
	0x00,0x00,0x00,
	0x00,0x00,0x00,
	0x00,0x00,0x00,
	0x21,0x00,0x00,
	0x00,0x01,0x00,
	0x00,0x24,0x00,
	0x09,0x80,0x00,
	0x60,0x00,0x00,
	0x00,0x00,0x00,
	
	
}  ;

#endif
enum OSDFontDeFT
{
	//繁体
 	_FT_cai_46= 0x46,_FT_liang_47,_FT_du_48,_FT_tu_49,_FT_xiang_4A,_FT_she_4B,
	
	_FT_zhi_4C, _FT_yan_4D,_FT_se_4E, _FT_ding_4F_,FT_chong_50,_FT_qi_51,_FT_ta_52,_FT_dui_53,_FT_bi_54, _FT_qing_55,
	_FT_jing_56,_FT_mo_57, _FT_shi_58,_FT_biao_59, _FT_zhun_5A,_FT_dian_5B,

	_FT_ying_5C,_FT_you_5D,_FT_xi_5E,_FT_di_5F,_FT_guang_60,_FT_shui_61,_FT_ping_62,_FT_wei_63,_FT_chui_64,_FT_zhi_65,
	_FT_shi_66,_FT_zhong_67,_FT_xiang_68,_FT_li_69,_FT_zi_6A,_FT_wen_6B,

	_FT_nuan_6C,_FT_leng_6D,_FT_leng_6E,_FT_hong_6F,_FT_lv_70,_FT_lan_71,_FT_guan_72,_FT_bi_73,_FT_kai_74,_FT_qi_75,
	_FT_ruo_76, _FT_zhong_77,_FT_qiang_78,_FT_kuan_79,_FT_ping_7A,_FT_zhengd_7B,

	_FT_chang_7C,_FT_shi_7D,_FT_yu_7E,_FT_yan_7F,_FT_ti_80,_FT_shi_81,_FT_jian_82,_FT_tou_83,_FT_dong_84,_FT_shu_85,
	_FT_ru_86,_FT_xuan_87,FT_ze_88,_FT_ying_89,_FT_liang_8A,_FT_xin_8B,

	_FT_hao_8C ,_FT_wu_8D, _FT_bu_8E,_FT_bu_8F,_FT_yuan_90,_FT_yong_91,_FT_tiao_92,
	_FT_zheng_93,_FT_ji_94,_FT_XI_95,_FT_ming_96,
	_FT_HEI_97,_FT_HENG_98,_FT_TAI_99,_FT_QING_9A,_FT_JING_9B,_FT_GA_9C,_FT_MA_9D,_FT_YU_9E,_FT_BAO_9F,_FT_HE_A0,_FT_CHAO_A1,_FT_PING_A2,_FT_DENG_A3,_FT_XIAO_A4,_FT_SHAN_A5,_FT_SHUO_A6,
	_FT_wen_A7,_FT_ben_A8,_FT_zui_A9,_FT_da_AA,
	_FT_jie_AB,//节
	_FT_gao_AC,//
	_FT_gan_AB,//
	
};

enum OSDFontDef
{
	_ = 0,
	_0_,_1_,_2_,_3_,_4_,_5_,_6_,_7_,_8_,_9_,
	_A_, _B_, _C_, _D_, _E_, _F_, _G_, _H_, _I_, _J_, _K_, _L_, _M_, _N_, _O_, _P_, _Q_, _R_, _S_, _T_, _U_, _V_, _W_, _X_, _Y_, _Z_,
	__a_,__b_,__c_,__d_,__e_,__f_,__g_,__h_,__i_,__j_,__k_,__l_,__m_,__n_,__o_,__p_,__q_,__r_,__s_,__t_,
	__u_, __v_, __w_, __x_, __y_, __z_, 
	
	_a_ = __a_,_b_,_c_,_d_,_e_,_f_,_g_,_h_,_i_,_j_,_k_,_l_,_m_,_n_,_o_,_p_,_q_,_r_,_s_,_t_,_u_,_v_,_w_,_x_,_y_,_z_,
	
	_DOT_,						//	.
	_COLON_,				//	:
	_PLUS_, 					//	+
	_AND_,					//	/
	_LEFT_ARROWS_,	//<-
	_RIGHT_ARROWS_,//->
	_BLANK_1,//-
	_e1_,_47,_48,_49,_4a,_4b,_4c,_4d,_4e,_4f,
	_50,_51,_52,_53,_54,_55,_56,_57,_58,_59,_5a,_5b,_5c,_5d,_5e,_5f,
	_60,_61,_62,_63,_64,_65,_66,_67,_68,_e2_,_a2_,_i2_,_o3_,_u3_,_a3_,_o2_,//0x6f
	_A10_,_I10_,_s2_,_c2_,_e3_,_o4_,_O3_,_a5_,_a6_,_pai_,_s7_,_l10_,_a10_,_c7_,_U3_,_n2_,//0x7f
	_C1_,_y2_,_e8_,_u6_,_A2_,_S7_,_86,_A3_,_n5_,_Z1_,_a8_,_r1_,_g1_,_e7_,_s1_,_z10_,//0x8f
	_S1_,_u2_,_O2_,_CH_S1_,_CH_S2_,_CH_S3_,_CH_S4_,_CH_F1_,_CH_F2_,_KR1_,_KR2_,_KR3_,_JA1_,_JA2_,_JA3_,

	_EY_A_9F = 0x9F,
	_EY_AX_A0,_EY_6_A1,_EY_6X_A2,_EY_B_A3,_EY_BX_A4,_EY_GZ_A5,_EY_GZX_A6,_EY_KOU_A7,_EY_KOUX_A8,_EY_E_A9,_EY_EX_AA,_EY_ED_AB,_EY_EDX_AC,_EY_ZZ_AD,_EY_ZZX_AE,_EY_3_AF,
	_EY_3X_B0,_EY_N_B1,_EY_NX_B2,_EY_NS_B3,_EY_NSX_B4,_EY_K_B5,_EY_KX_B6,_EY_PAI_B7,_EY_PAIX_B8,_EY_M_B9,_EY_MX_BA,_EY_H_BB,_EY_HX_BC,_EY_O_BD,_EY_OX_BE,_EY_MEN_BF,
	_EY_MENX_C0,_EY_P_C1,_EY_PX_C2,_EY_C_C3,_EY_CX_C4,_EY_T_C5,_EY_TX_C6,_EY_Y_C7,_EY_YX_C8,_EY_FAI_C9,_EY_FAIX_CA,_EY_X_CB,_EY_XX_CC,_EY_UW_CD,_EY_UWX_CE,_EY_LD_CF,
	_EY_LDX_D0,_EY_CZ_D1,_EY_CZX_D2,_EY_CZW_D3,_EY_CZWX_D4,_EY_BT_D5,_EY_BTX_D6,_EY_BI_D7,_EY_BIX_D8,_EY_XB_D9,_EY_XBX_DA,_EY_OH_DB,_EY_OHX_DC,_EY_NX_DD,_EY_NXX_DE,_EY_FR_DF,
	_EY_FRX_E0,
	_z3_E1=0XE1,//命名规则,a+-=i1,é=e2,a+``=a5,c+尾巴=c6
	_c3_E2,_E2_E3,_S2_E4,
	_xila_BETE_E5,//β
	_a4_E6,//à
	_YN_E7,//à

// #if(_UKRAINE_SUPPRT == _ON)
	_UA_I_CAPITAL_F2 = 0xF2,
	_UA_I_SMALL_F5 = 0xF5,
	_UA_YI_CAPITAL_F6,
	_UA_YI_SMALL_F7,
	_UA_IE_CAPITAL_F8,
	_UA_IE_SMALL_F9,
	_UA_GHE_CAPITAL_FA,
	_UA_GHE_SMALL_FB = 0xFB,
// #endif

//#if(_UZBEK_SUPPRT)
	_HARD_SIGN_F3=0XF3,//'
	_DEGREE_F4,//°
//#endif

	
	_x0_ = 0,
	_x1_,_x2_,_x3_,_x4_,_x5_,_x6_,_x7_,_x8_,_x9_,_xa_,_xb_,_xc_,_xd_,_xe_,_xf_,
	_x10_,_x11_,_x12_,_x13_,_x14_,_x15_,_x16_,_x17_,_x18_,_x19_,_x1a_,_x1b_,_x1c_,_x1d_,_x1e_,_x1f_,
	_x20_,_x21_,_x22_,_x23_,_x24_,_x25_,_x26_,_x27_,_x28_,_x29_,_x2a_,_x2b_,_x2c_,_x2d_,_x2e_,_x2f_,
	_x30_,_x31_,_x32_,_x33_,_x34_,_x35_,_x36_,_x37_,_x38_,_x39_,_x3a_,_x3b_,_x3c_,_x3d_,_x3e_,_x3f_,
	_x40_,_x41_,_x42_,_x43_,_x44_,_x45_,_x46_,_x47_,_x48_,_x49_,_x4a_,_x4b_,_x4c_,_x4d_,_x4e_,_x4f_,
	_x50_,_x51_,_x52_,_x53_,_x54_,_x55_,_x56_,_x57_,_x58_,_x59_,_x5a_,_x5b_,_x5c_,_x5d_,_x5e_,_x5f_,
	_x60_,_x61_,_x62_,_x63_,_x64_,_x65_,_x66_,_x67_,_x68_,_x69_,_x6a_,_x6b_,_x6c_,_x6d_,_x6e_,_x6f_,
	_x70_,_x71_,_x72_,_x73_,_x74_,_x75_,_x76_,_x77_,_x78_,_x79_,_x7a_,_x7b_,_x7c_,_x7d_,_x7e_,_x7f_,
	_x80_,_x81_,_x82_,_x83_,_x84_,_x85_,_x86_,_x87_,_x88_,_x89_,_x8a_,_x8b_,_x8c_,_x8d_,_x8e_,_x8f_,
	_x90_,_x91_,_x92_,_x93_,_x94_,_x95_,_x96_,_x97_,_x98_,_x99_,_x9a_,_x9b_,_x9c_,_x9d_,_x9e_,_x9f_,
	_xa0_,_xa1_,_xa2_,_xa3_,_xa4_,_xa5_,_xa6_,_xa7_,_xa8_,_xa9_,_xaa_,_xab_,_xac_,_xad_,_xae_,_xaf_,
	_xb0_,_xb1_,_xb2_,_xb3_,_xb4_,_xb5_,_xb6_,_xb7_,_xb8_,_xb9_,_xba_,_xbb_,_xbc_,_xbd_,_xbe_,_xbf_,
	_xc0_,_xc1_,_xc2_,_xc3_,_xc4_,_xc5_,_xc6_,_xc7_,_xc8_,_xc9_,_xca_,_xcb_,_xcc_,_xcd_,_xce_,_xcf_,
	_xd0_,_xd1_,_xd2_,_xd3_,_xd4_,_xd5_,_xd6_,_xd7_,_xd8_,_xd9_,_xda_,_xdb_,_xdc_,_xdd_,_xde_,_xdf_,
	_xe0_,_xe1_,_xe2_,_xe3_,_xe4_,_xe5_,_xe6_,_xe7_,_xe8_,_xe9_,_xea_,_xeb_,_xec_,_xed_,_xee_,_xef_,
	_xf0_,_xf1_,_xf2_,_xf3_,_xf4_,_xf5_,_xf6_,_xf7_,_xf8_,_xf9_,_xfa_,
	
};
enum OSDFontDef_Vietnamese
{


	_YN_x46  = 0x46 ,
	_YN_x47,_YN_x48,_YN_x49,_YN_x4a,_YN_x4b,_YN_x4c,_YN_x4d,_YN_x4e,_YN_x4f,
	_YN_x50,_YN_x51,_YN_x52,_YN_x53,_YN_x54,_YN_x55,_YN_x56,_YN_x57,_YN_x58,_YN_x59,_YN_x5a,_YN_x5b,_YN_x5c,_YN_x5d,_YN_x5e,_YN_x5f,
	_YN_x60,_YN_x61,_YN_x62,_YN_x63,_YN_x64,_YN_x65,_YN_x66,_YN_x67,_YN_x68,_YN_x69,_YN_x6a,_YN_x6b,_YN_x6c,_YN_x6d,_YN_x6e,_YN_x6f,
	_YN_x70,_YN_x71,_YN_x72,_YN_x73,_YN_x74,_YN_x75,_YN_x76,_YN_x77,_YN_x78,
};


enum OSDFontDef_simplified_Chinese
{
	_CH_BU_46 = 0x46,	//不
	_CH_ZHI_47,			//支
	_CH_CHI_48,			//持
	_CH_MING_49,		//明
	_CH_LIANG_4A,		//亮
	_CH_DU_4B,			//度
	_CH_TU_4C,			//图
	_CH_XIANG_4D,		//像
	_CH_SHE_4E,			//设
	_CH_ZHI_4F,			//置
	_CH_YAN_50,			//颜
	_CH_SE_51,			//色
	_CH_DING_52,		//定
	_CH_ZHONG_53,		//重
	_CH_QI_54,			//其
	_CH_TA_55,			//他
	_CH_DUI_56,			//对
	_CH_BI_57,			//比
	_CH_QING_58,		//情
	_CH_JING_59,		//景
	_CH_MO_5A,			//模
	_CH_SHI_5B,			//式
	_CH_BIAO_5C,		//标
	_CH_ZHUN_5D,		//准		
	_CH_DIAN_5E,		//电
	_CH_YING_5F,		//影
	_CH_YOU_60,			//游
	_CH_XI_61,			//戏
	_CH_DI_62,			//低
	_CH_GUANG_63,		//光
	_CH_SHUI_64,		//水
	_CH_PING_65,		//平
	_CH_WEI_66,			//位
	_CH_CHUI_67,		//垂
	_CH_ZHI_68,			//直
	_CH_SHI_69,			//时
	_CH_ZHONG_6A,		//钟
	_CH_XIANG_6B,		//相
	_CH_LI_6C,			//例
	_CH_ZI_6D,			//自
	_CH_WEN_6E,			//温
	_CH_NUAN_6F,		//暖
	_CH_LEN_70,			//冷
	_CH_HU_71,			//户
	_CH_HONG_72,		//红
	_CH_LV_73,			//绿
	_CH_LAN_74,			//蓝
	_CH_GUAN_75,		//关
	_CH_BI_76,			//闭
	_CH_KAI_77,			//开
	_CH_QI_78,			//启
	_CH_TIAO_79,		//调
	_CH_ZHENG_7A,		//整
	_CH_KUAN_7B,		//宽
	_CH_PIN_7C,			//屏
	_CH_ZHENG_7D,		//正
	_CH_CHANG_7E,		//常
	_CH_YONG_7F,		//用
	_CH_YU_80,			//语
	_CH_YAN_81,			//言
	_CH_XIAN_82,		//显
	_CH_SHI_83,			//示
	_CH_JIAN_84,		//间
	_CH_TOU_85,			//透
	_CH_DONG_86,		//动
	_CH_SHU_87,			//输
	_CH_RU_88,			//入
	_CH_XUAN_89,		//选
	_CH_ZE_8A,			//择
	_CH_YIN_8B,			//音
	_CH_LIANG_8C,		//量
	_CH_XIN_8D,			//信
	_CH_HAO_8E,			//号
	_CH_JI_8F,			//机
	_CH_WU_90,			//无
	_CH_HEI_91,			//黑
	_CH_HENG_92,		//衡
	_CH_TAI_93,		 //态
	_CH_QING_94,		 //清
	_CH_XI_95, 	 //晰
	_CH_JING_96,	 //静
	_CH_GA_97,	 
	_CH_MA_98,	
	_CH_YU_99,	
	_CH_BAO_9A,
	_CH_HE_9B,
	_CH_CHAO_9C,
	_CH_PING_9D,
	_CH_DENG_9E,
	_CH_XIAO_9F,
	_CH_SHAN_A0,
	_CH_SHUO_A1,
	
	_CH_RUO_A2,
	_CH_ZHONG_A3,
	_CH_QIANG_A4,
	
	_CH_wen_A5,
	_CH_ben_A6,
	_CH_zui_A7,
	_CH_da_A8,

	_CH_xuan_A9,
	_CH_cai_AA,
	_CH_jie_AB,
	_CH_gao_AC,//高
	_CH_gan_AB,//感
	
};

enum OSDFontDef_JAPANESE
{
	_JA_46 = 0X46,_JA_47,_JA_48,_JA_49,_JA_4a,_JA_4b,_JA_4c,_JA_4d,_JA_4e,_JA_4f,
	_JA_50,_JA_51,_JA_52,_JA_53,_JA_54,_JA_55,_JA_56,_JA_57,_JA_58,_JA_59,_JA_5a,_JA_5b,_JA_5c,_JA_5d,_JA_5e,_JA_5f,	
	_JA_60,_JA_61,_JA_62,_JA_63,_JA_64,_JA_65,_JA_66,_JA_67,_JA_68,_JA_69,_JA_6a,_JA_6b,_JA_6c,_JA_6d,_JA_6e,_JA_6f,
	_JA_70,_JA_71,_JA_72,_JA_73,_JA_74,_JA_75,_JA_76,_JA_77,_JA_78,_JA_79,_JA_7a,_JA_7b,_JA_7c,_JA_7d,_JA_7e,_JA_7f,
	_JA_80,_JA_81,_JA_82,_JA_83,_JA_84,_JA_85,_JA_86,_JA_87,_JA_88,_JA_89,_JA_8a,_JA_8b,_JA_8c,_JA_8d,_JA_8e,_JA_8f,
	_JA_90,_JA_91,_JA_92,_JA_93,_JA_94,_JA_95,_JA_96,_JA_97,_JA_98,_JA_99,_JA_9a,_JA_9b,_JA_9c,_JA_9d,_JA_9e,_JA_9f,
	_JA_a0,_JA_a1,_JA_a2,_JA_a3,_JA_a4,_JA_a5,_JA_a6,_JA_a7,_JA_a8,_JA_a9,_JA_aa,_JA_ab,_JA_ac,_JA_ad,_JA_ae,_JA_af,
	_JA_b0,_JA_b1,_JA_b2,_JA_b3,_JA_b4,_JA_b5,_JA_b6,_JA_b7,_JA_b8,_JA_b9,_JA_ba,_JA_bb,_JA_bc,_JA_bd,_JA_be,_JA_bf,
	_JA_c0,_JA_c1,_JA_c2,_JA_c3,_JA_c4,_JA_c5,_JA_c6,_JA_c7,_JA_c8,_JA_c9,_JA_ca,_JA_cb,_JA_cc,_JA_cd,_JA_ce,
	};


enum OSDFontDef_HY
{
	_HY_46_ = 0x46, _HY_47_, _HY_48_, _HY_49_, _HY_4A_, _HY_4B_, _HY_4C_, _HY_4D_, _HY_4E_, _HY_4F_, _HY_50_, _HY_51_, _HY_52_, _HY_53_, _HY_54_, _HY_55_, _HY_56_,
	_HY_57_, _HY_58_, _HY_59_, _HY_5A_, _HY_5B_, _HY_5C_, _HY_5D_, _HY_5E_, _HY_5F_, _HY_60_, _HY_61_, _HY_62_, _HY_63_, _HY_64_, _HY_65_, _HY_66_,
	_HY_67_, _HY_68_, _HY_69_, _HY_6A_, _HY_6B_, _HY_6C_, _HY_6D_, _HY_6E_, _HY_6F_, _HY_70_, _HY_71_, _HY_72_, _HY_73_, _HY_74_, _HY_75_, _HY_76_,
	_HY_77_, _HY_78_, _HY_79_, _HY_7A_, _HY_7B_, _HY_7C_, _HY_7D_, _HY_7E_, _HY_7F_, _HY_80_, _HY_81_, _HY_82_, _HY_83_, _HY_84_, _HY_85_, _HY_86_,
	_HY_87_, _HY_88_, _HY_89_, _HY_8A_, _HY_8B_, _HY_8C_, _HY_8D_, _HY_8E_, _HY_8F_, _HY_90_, _HY_91_, _HY_92_, _HY_93_, _HY_94_, _HY_95_, _HY_96_,
	_HY_97_, _HY_98_, _HY_99_, _HY_9A_, _HY_9B_, _HY_9C_, _HY_9D_, _HY_9E_,_HY_9F_,
	_HY_A0_,_HY_A1_,_HY_A2_,_HY_A3_,_HY_A4_,_HY_A5_,_HY_A6_,_HY_A7_,_HY_A8_,_HY_A9_,_HY_AA_,_HY_AB_,_HY_AC_,
	//no user
	_HY_AD_,_HY_AE_,_HY_AF_,_HY_B0_,_HY_B1_,_HY_B2_,_HY_B3_,_HY_B4_,_HY_B5_,
	_HY_B6_,_HY_B7_,_HY_B8_,_HY_B9_,_HY_BA_,_HY_BB_,_HY_BC_,_HY_BD_,_HY_BE_,_HY_BF_,
	_HY_C0_,_HY_C1_,_HY_C2_,_HY_C3_,_HY_C4_
};

enum OSDFontDef_ARABIC
{
    _AR_0_  = 0x00, _AR_1_,    _AR_2_,    _AR_3_,    _AR_4_,    _AR_5_,    _AR_6_,    _AR_7_,
    _AR_8_, _AR_9_,    _AR_A_,    _AR_B_,    _AR_C_,    _AR_D_,    _AR_E_,    _AR_F_,

    _AR_10_, _AR_11_, _AR_12_, _AR_13_, _AR_14_, _AR_15_, _AR_16_, _AR_17_,
    _AR_18_, _AR_19_, _AR_1A_, _AR_1B_, _AR_1C_, _AR_1D_, _AR_1E_, _AR_1F_,

    _AR_20_, _AR_21_, _AR_22_, _AR_23_, _AR_24_, _AR_25_, _AR_26_, _AR_27_,
    _AR_28_, _AR_29_, _AR_2A_, _AR_2B_, _AR_2C_, _AR_2D_, _AR_2E_, _AR_2F_,
    
    _AR_30_, _AR_31_, _AR_32_, _AR_33_, _AR_34_, _AR_35_, _AR_36_, _AR_37_,
    _AR_38_, _AR_39_, _AR_3A_, _AR_3B_, _AR_3C_, _AR_3D_, _AR_3E_, _AR_3F_,
    
    _AR_40_, _AR_41_, _AR_42_, _AR_43_, _AR_44_, _AR_45_, _AR_46_, _AR_47_,
    _AR_48_, _AR_49_, _AR_4A_, _AR_4B_, _AR_4C_, _AR_4D_, _AR_4E_, _AR_4F_,
    
    _AR_50_, _AR_51_, _AR_52_, _AR_53_, _AR_54_, _AR_55_, _AR_56_, _AR_57_,
    _AR_58_, _AR_59_, _AR_5A_, _AR_5B_, _AR_5C_, _AR_5D_, _AR_5E_, _AR_5F_,
    
    _AR_60_, _AR_61_, _AR_62_, _AR_63_, _AR_64_, _AR_65_, _AR_66_, _AR_67_,
    _AR_68_, _AR_69_, _AR_6A_, _AR_6B_, _AR_6C_, _AR_6D_, _AR_6E_, _AR_6F_,
    
    _AR_70_, _AR_71_, _AR_72_, _AR_73_, _AR_74_, _AR_75_, _AR_76_, _AR_77_,
    _AR_78_, _AR_79_, _AR_7A_, _AR_7B_, _AR_7C_, _AR_7D_, _AR_7E_, _AR_7F_,
    
    _AR_80_, _AR_81_, _AR_82_, _AR_83_, _AR_84_, _AR_85_, _AR_86_, _AR_87_,
    _AR_88_, _AR_89_, _AR_8A_, _AR_8B_, _AR_8C_, _AR_8D_, _AR_8E_, _AR_8F_,
    
    _AR_90_, _AR_91_, _AR_92_, _AR_93_, _AR_94_, _AR_95_, _AR_96_, _AR_97_,
    _AR_98_, _AR_99_, _AR_9A_, _AR_9B_, _AR_9C_, _AR_9D_, _AR_9E_, _AR_9F_,
    
    _AR_A0_, _AR_A1_, _AR_A2_, _AR_A3_, _AR_A4_, _AR_A5_, _AR_A6_, _AR_A7_,
    _AR_A8_, _AR_A9_, _AR_AA_, _AR_AB_, _AR_AC_, _AR_AD_, _AR_AE_, _AR_AF_,
    
    _AR_B0_, _AR_B1_, _AR_B2_, _AR_B3_, _AR_B4_, _AR_B5_, _AR_B6_, _AR_B7_,
    _AR_B8_, _AR_B9_, _AR_BA_, _AR_BB_, _AR_BC_, _AR_BD_, _AR_BE_, _AR_BF_,
    
    _AR_C0_, _AR_C1_, _AR_C2_, _AR_C3_, _AR_C4_, _AR_C5_, _AR_C6_, _AR_C7_,
    _AR_C8_, _AR_C9_, _AR_CA_, _AR_CB_, _AR_CC_, _AR_CD_, _AR_CE_, _AR_CF_,
    
    _AR_D0_, _AR_D1_, _AR_D2_, _AR_D3_, _AR_D4_, _AR_D5_, _AR_D6_, _AR_D7_,
    _AR_D8_, _AR_D9_, _AR_DA_, _AR_DB_, _AR_DC_, _AR_DD_, _AR_DE_, _AR_DF_,
    
    _AR_E0_, _AR_E1_, _AR_E2_, _AR_E3_, _AR_E4_, _AR_E5_, _AR_E6_, _AR_E7_,
    _AR_E8_, _AR_E9_, _AR_EA_, _AR_EB_, _AR_EC_, _AR_ED_, _AR_EE_, _AR_EF_,
    
    _AR_F0_, _AR_F1_, _AR_F2_, _AR_F3_, _AR_F4_, _AR_F5_, _AR_F6_, _AR_F7_,
    _AR_F8_, _AR_F9_, 
};


BYTE code tOSD_CHARWIDTH_ENGLISH[][2] =
{

{_,	  4},

{_0_, 12}, {_1_, 12}, {_2_, 12}, {_3_, 12}, {_4_, 12}, {_5_, 12}, {_6_, 12}, {_7_, 12}, {_8_, 12}, {_9_, 12},

{_A_, 11}, {_B_,  9}, {_C_, 9}, {_D_,  10}, {_E_,  8}, {_F_,  8}, {_G_, 10}, {_H_,  9}, {_I_,  4}, {_J_,  6},
{_K_, 8}, {_L_,	8}, {_M_, 10}, {_N_,  9}, {_O_, 10}, {_P_,	8}, {_Q_, 9}, {_R_, 8}, {_S_,  9}, {_T_,  10},
{_U_,  9}, {_V_, 11}, {_W_, 12}, {_X_, 9}, {_Y_,  10}, {_Z_,  9},

{__a_,7},{__b_,8},{__c_,7},{__d_,8},{__e_,7},{__f_,6},{__g_,8},{__h_,8},{__i_,2},{__j_,5},{__k_,7}, {__l_,2},{__m_,12}, {__n_,8},  
{__o_,8},{__p_,8},{__q_,8},{__r_,6},{__s_,7},{__t_,6},{__u_,8},{__v_,7},{__w_,10},{__x_,8},{__y_,9},{__z_,7},

{_DOT_,5},{_COLON_,12},{_PLUS_,12},{_AND_,12},
{_LEFT_ARROWS_,12},{_RIGHT_ARROWS_,12},{_BLANK_1,12},
{_e1_,7},
{_47,11},{_48,11},{_49,8},{_4a,7},{_4b,4},{_4c,8},{_4d,8},{_4e,7},{_4f,9},{_50,8},{_51,8},{_52,7},{_53,9},{_54,7},{_55,7},{_56,8},
{_57,8},{_58,11},{_59,10},{_5a,10},{_5b,9},{_5c,9},{_5d,4},{_5e,10},{_5f,8},{_60,8},{_61,8},{_62,7},{_63,7},{_64,10},{_65,11},{_66,7},{_67,12},{_68,10},
{_e2_,7},{_a2_,8},{_i2_,4},{_o3_,8},{_u3_,8},{_a3_,7},{_o2_,8},{_A10_,11},{_I10_,2},{_s2_,7},{_c2_,7},{_e3_,7},{_o4_,8},
{_O3_,10},{_a5_,8},{_a6_,7},{_pai_,9},{_s7_,7},{_l10_,4},{_a10_,8},{_c7_,7},{_U3_,9},{_n2_,8},{_C1_,9},{_y2_,7},{_e8_,7},{_u6_,8},
{_A2_,11},{_S7_,9},{_86,7},{_A3_,11},{_n5_,8},{_Z1_,9},{_a8_,7},{_r1_,6},{_g1_,8},{_e7_,7},{_s1_,7},{_z10_,7},{_S1_,9},{_u2_,8},{_O2_,10},
{_CH_S1_,12},{_CH_S2_,12},{_CH_S3_,12},{_CH_S4_,12},{_CH_F1_,12},{_CH_F2_,12},{_KR1_,12},{_KR2_,12},{_KR3_,12},{_JA1_,9},{_JA2_,12},{_JA3_,12},

{_EY_A_9F,11},
{_EY_AX_A0,9},{_EY_6_A1,11},{_EY_6X_A2,8},{_EY_B_A3,11},{_EY_BX_A4,8},{_EY_GZ_A5,11},{_EY_GZX_A6,9},{_EY_KOU_A7,12},
{_EY_KOUX_A8,10},{_EY_E_A9,11},{_EY_EX_AA,8},{_EY_ED_AB,11},{_EY_EDX_AC,8},{_EY_ZZ_AD,12},{_EY_ZZX_AE,12},{_EY_3_AF,10},
{_EY_3X_B0,8},{_EY_N_B1,12},{_EY_NX_B2,11},{_EY_NS_B3,12},{_EY_NSX_B4,11},{_EY_K_B5,11},{_EY_KX_B6,10},{_EY_PAI_B7,12},
{_EY_PAIX_B8,10},{_EY_M_B9,12},{_EY_MX_BA,12},{_EY_H_BB,12},{_EY_HX_BC,10},{_EY_O_BD,11},{_EY_OX_BE,8},{_EY_MEN_BF,12},
{_EY_MENX_C0,10},{_EY_P_C1,11},{_EY_PX_C2,7},{_EY_C_C3,11},{_EY_CX_C4,8},{_EY_T_C5,12},{_EY_TX_C6,10},{_EY_Y_C7,11},
{_EY_YX_C8,9},{_EY_FAI_C9,12},{_EY_FAIX_CA,10},{_EY_X_CB,12},{_EY_XX_CC,10},{_EY_UW_CD,12},{_EY_UWX_CE,11},{_EY_LD_CF,11},
{_EY_LDX_D0,10},{_EY_CZ_D1,12},{_EY_CZX_D2,12},{_EY_CZW_D3,12},{_EY_CZWX_D4,12},{_EY_BT_D5,12},{_EY_BTX_D6,10},{_EY_BI_D7,12},
{_EY_BIX_D8,12},{_EY_XB_D9,10},{_EY_XBX_DA,9},{_EY_OH_DB,10},{_EY_OHX_DC,8},{_EY_NX_DD,12},{_EY_NXX_DE,11},{_EY_FR_DF,12},
{_EY_FRX_E0,9},{_z3_E1,7},{_c3_E2,7},{_E2_E3,7},{_S2_E4,9},{_xila_BETE_E5,7},{_a4_E6,7},{_YN_E7,7},

#if(_UKRAINE_SUPPRT == _ON)
{_xe8_,9},{_xe9_,12},{_xea_,12},{_xeb_,12},{_xec_,12},{_xed_,12},{_xee_,12},{_xef_,12},{_xf0_,12},{_xf1_,6},
{_UA_I_CAPITAL_F2,4},{_HARD_SIGN_F3,4},{_DEGREE_F4,6},{_UA_I_SMALL_F5,2},{_UA_YI_CAPITAL_F6,5},{_UA_YI_SMALL_F7,4},
{_UA_IE_CAPITAL_F8,8},{_UA_IE_SMALL_F9,6},{_UA_GHE_CAPITAL_FA,8},{_UA_GHE_SMALL_FB,5}
#elif(_UZBEK_SUPPRT)
{_xe8_,9},{_xe9_,12},{_xea_,12},{_xeb_,12},{_xec_,12},{_xed_,12},{_xee_,12},{_xef_,12},{_xf0_,12},{_xf1_,6},{_xf2_,10},
{_HARD_SIGN_F3,4},{_DEGREE_F4,6}//{_xf3_,4},{_xf4_,6}
#endif

};



BYTE code tOSD_CHARWIDTH_CHINESE[][2] =
{

   {_,	  4},

   {_0_, 12}, {_1_, 12}, {_2_, 12}, {_3_, 12}, {_4_, 12}, {_5_, 12}, {_6_, 12}, {_7_, 12}, {_8_, 12}, {_9_, 12},

   {_A_, 11}, {_B_,  9}, {_C_, 9}, {_D_,  10}, {_E_,  8}, {_F_,  8}, {_G_, 10}, {_H_,  9}, {_I_,  4}, {_J_,  6},
   {_K_, 8}, {_L_,	8}, {_M_, 10}, {_N_,  9}, {_O_, 10}, {_P_,	8}, {_Q_, 9}, {_R_, 8}, {_S_,  9}, {_T_,  10},
   {_U_,  9}, {_V_, 11}, {_W_, 12}, {_X_, 9}, {_Y_,  10}, {_Z_,  9},

   {__a_,7},{__b_,8},{__c_,7},{__d_,8},{__e_,7},{__f_,6},{__g_,8},{__h_,8},{__i_,2},{__j_,5},{__k_,7}, {__l_,2},{__m_,12}, {__n_,8},  
   {__o_,8},{__p_,8},{__q_,8},{__r_,6},{__s_,7},{__t_,6},{__u_,8},{__v_,7},{__w_,10},{__x_,8},{__y_,9},{__z_,7},

   {_DOT_,5},{_COLON_,12},{_PLUS_,12},{_AND_,12},
   {_LEFT_ARROWS_,12},{_RIGHT_ARROWS_,12},{_BLANK_1,12},

	{_CH_BU_46,12},{_CH_ZHI_47,12},{_CH_CHI_48,12},{_CH_MING_49,12},{_CH_LIANG_4A,12},{_CH_DU_4B,12},{_CH_TU_4C,12},
	{_CH_XIANG_4D,12},{_CH_SHE_4E,12},{_CH_ZHI_4F,12},
	{_CH_YAN_50,12},{_CH_SE_51,12},{_CH_DING_52,12},{_CH_ZHONG_53,12},{_CH_QI_54,12},{_CH_TA_55,11},{_CH_DUI_56,12},{_CH_BI_57,12},
	{_CH_QING_58,12},{_CH_JING_59,12},{_CH_MO_5A,12},{_CH_SHI_5B,12},{_CH_BIAO_5C,12},{_CH_ZHUN_5D,12},{_CH_DIAN_5E,12},{_CH_YING_5F,12},
	{_CH_YOU_60,12},{_CH_XI_61,12},{_CH_DI_62,12},{_CH_GUANG_63,12},{_CH_SHUI_64,12},{_CH_PING_65,12},{_CH_WEI_66,12},{_CH_CHUI_67,12},
	{_CH_ZHI_68,12},{_CH_SHI_69,12},{_CH_ZHONG_6A,12},{_CH_XIANG_6B,12},{_CH_LI_6C,12},{_CH_ZI_6D,12},{_CH_WEN_6E,12},{_CH_NUAN_6F,12},
	{_CH_LEN_70,12},{_CH_HU_71,12},{_CH_HONG_72,12},{_CH_LV_73,12},{_CH_LAN_74,12},{_CH_GUAN_75,12},{_CH_BI_76,12},{_CH_KAI_77,12},
	{_CH_QI_78,12},{_CH_TIAO_79,10},{_CH_ZHENG_7A,12},{_CH_KUAN_7B,12},{_CH_PIN_7C,12},{_CH_ZHENG_7D,12},{_CH_CHANG_7E,12},{_CH_YONG_7F,12},
	{_CH_YU_80,12},{_CH_YAN_81,12},{_CH_XIAN_82,12},{_CH_SHI_83,12},{_CH_JIAN_84,12},{_CH_TOU_85,12},{_CH_DONG_86,12},{_CH_SHU_87,12},
	{_CH_RU_88,12},{_CH_XUAN_89,12},{_CH_ZE_8A,12},{_CH_YIN_8B,12},{_CH_LIANG_8C,12},{_CH_XIN_8D,12},{_CH_HAO_8E,12},{_CH_JI_8F,12},
	{_CH_WU_90,12},{_CH_HEI_91,12},{_CH_HENG_92,12},{_CH_TAI_93,12},{_CH_QING_94,12},{_CH_XI_95,12},{_CH_JING_96,12},{_CH_GA_97,12},
	{_CH_MA_98,12},{_CH_YU_99,12},{_CH_BAO_9A,12},{_CH_HE_9B,12},{_CH_CHAO_9C,12},{_CH_PING_9D,12},{_CH_DENG_9E,12},{_CH_XIAO_9F,12},
	{_CH_SHAN_A0,12},{_CH_SHUO_A1,12},{_CH_RUO_A2,12},{_CH_ZHONG_A3,12},{_CH_QIANG_A4,12},
	{_CH_wen_A5,12},{_CH_ben_A6,12},{_CH_zui_A7,12},{_CH_da_A8,12},{_CH_xuan_A9,12},{_CH_cai_AA,12},{_CH_jie_AB,12},{_CH_gao_AC,12}
	
};


BYTE code tOSD_CHARWIDTH_CHINESE_F[][2] =
{

   {_,	  4},

   {_0_, 12}, {_1_, 12}, {_2_, 12}, {_3_, 12}, {_4_, 12}, {_5_, 12}, {_6_, 12}, {_7_, 12}, {_8_, 12}, {_9_, 12},

   {_A_, 11}, {_B_,  9}, {_C_, 9}, {_D_,  10}, {_E_,  8}, {_F_,  8}, {_G_, 10}, {_H_,  9}, {_I_,  4}, {_J_,  6},
   {_K_, 8}, {_L_,	8}, {_M_, 10}, {_N_,  9}, {_O_, 10}, {_P_,	8}, {_Q_, 9}, {_R_, 8}, {_S_,  9}, {_T_,  10},
   {_U_,  9}, {_V_, 11}, {_W_, 12}, {_X_, 9}, {_Y_,  10}, {_Z_,  9},

   {__a_,7},{__b_,8},{__c_,7},{__d_,8},{__e_,7},{__f_,6},{__g_,8},{__h_,8},{__i_,2},{__j_,5},{__k_,7}, {__l_,2},{__m_,12}, {__n_,8},  
   {__o_,8},{__p_,8},{__q_,8},{__r_,6},{__s_,7},{__t_,6},{__u_,8},{__v_,7},{__w_,10},{__x_,8},{__y_,9},{__z_,7},

   {_DOT_,5},{_COLON_,12},{_PLUS_,12},{_AND_,12},
   {_LEFT_ARROWS_,12},{_RIGHT_ARROWS_,12},{_BLANK_1,12},

	{_CH_BU_46,12},{_CH_ZHI_47,12},{_CH_CHI_48,12},{_CH_MING_49,12},{_CH_LIANG_4A,12},{_CH_DU_4B,12},{_CH_TU_4C,12},
	{_CH_XIANG_4D,12},{_CH_SHE_4E,12},{_CH_ZHI_4F,12},
	{_CH_YAN_50,12},{_CH_SE_51,12},{_CH_DING_52,12},{_CH_ZHONG_53,12},{_CH_QI_54,12},{_CH_TA_55,11},{_CH_DUI_56,12},{_CH_BI_57,12},
	{_CH_QING_58,12},{_CH_JING_59,12},{_CH_MO_5A,12},{_CH_SHI_5B,12},{_CH_BIAO_5C,12},{_CH_ZHUN_5D,12},{_CH_DIAN_5E,12},{_CH_YING_5F,12},
	{_CH_YOU_60,12},{_CH_XI_61,12},{_CH_DI_62,12},{_CH_GUANG_63,12},{_CH_SHUI_64,12},{_CH_PING_65,12},{_CH_WEI_66,12},{_CH_CHUI_67,12},
	{_CH_ZHI_68,12},{_CH_SHI_69,12},{_CH_ZHONG_6A,12},{_CH_XIANG_6B,12},{_CH_LI_6C,12},{_CH_ZI_6D,12},{_CH_WEN_6E,12},{_CH_NUAN_6F,12},
	{_CH_LEN_70,12},{_CH_HU_71,12},{_CH_HONG_72,12},{_CH_LV_73,12},{_CH_LAN_74,12},{_CH_GUAN_75,12},{_CH_BI_76,12},{_CH_KAI_77,12},
	{_CH_QI_78,12},{_CH_TIAO_79,10},{_CH_ZHENG_7A,12},{_CH_KUAN_7B,12},{_CH_PIN_7C,12},{_CH_ZHENG_7D,12},{_CH_CHANG_7E,12},{_CH_YONG_7F,12},
	{_CH_YU_80,12},{_CH_YAN_81,12},{_CH_XIAN_82,12},{_CH_SHI_83,12},{_CH_JIAN_84,12},{_CH_TOU_85,12},{_CH_DONG_86,12},{_CH_SHU_87,12},
	{_CH_RU_88,12},{_CH_XUAN_89,12},{_CH_ZE_8A,12},{_CH_YIN_8B,12},{_CH_LIANG_8C,12},{_CH_XIN_8D,12},{_CH_HAO_8E,12},{_CH_JI_8F,12},
	{_CH_WU_90,12},{_CH_HEI_91,12},{_CH_HENG_92,12},{_CH_TAI_93,12},{_CH_QING_94,12},{_CH_XI_95,12},{_CH_JING_96,12},{_CH_GA_97,12},
	{_CH_MA_98,12},{_CH_YU_99,12},{_CH_BAO_9A,12},{_CH_HE_9B,12},{_CH_CHAO_9C,12},{_CH_PING_9D,12},{_CH_DENG_9E,12},{_CH_XIAO_9F,12},
	{_CH_SHAN_A0,12},{_CH_SHUO_A1,12},{_CH_RUO_A2,12},{_CH_ZHONG_A3,12},{_CH_QIANG_A4,12},{_FT_SHAN_A5,12},{_FT_SHUO_A6,12},
	{_FT_wen_A7,12},{_FT_ben_A8,12},{_FT_zui_A9,12},{_FT_da_AA,12},{_FT_jie_AB,12},{_FT_gao_AC,12}
};


BYTE code tOSD_CHARWIDTH_KOREAN[][2] =
{

{_,	  4},

{_0_, 12}, {_1_, 12}, {_2_, 12}, {_3_, 12}, {_4_, 12}, {_5_, 12}, {_6_, 12}, {_7_, 12}, {_8_, 12}, {_9_, 12},

{_A_, 11}, {_B_,  9}, {_C_, 9}, {_D_,  10}, {_E_,  8}, {_F_,  8}, {_G_, 10}, {_H_,  9}, {_I_,  4}, {_J_,  6},
{_K_, 8}, {_L_,	8}, {_M_, 10}, {_N_,  9}, {_O_, 10}, {_P_,	8}, {_Q_, 9}, {_R_, 8}, {_S_,  9}, {_T_,  10},
{_U_,  9}, {_V_, 11}, {_W_, 12}, {_X_, 9}, {_Y_,  10}, {_Z_,  9},

{__a_,7},{__b_,8},{__c_,7},{__d_,8},{__e_,7},{__f_,6},{__g_,8},{__h_,8},{__i_,2},{__j_,5},{__k_,7}, {__l_,2},{__m_,12}, {__n_,8},  
{__o_,8},{__p_,8},{__q_,8},{__r_,6},{__s_,7},{__t_,6},{__u_,8},{__v_,7},{__w_,10},{__x_,8},{__y_,9},{__z_,7},

{_DOT_,5},{_COLON_,12},{_PLUS_,12},{_AND_,12},
{_LEFT_ARROWS_,12},{_RIGHT_ARROWS_,12},{_BLANK_1,12},


{_HY_46_,12},{_HY_47_,12},{_HY_48_,12},{_HY_49_,12},{_HY_4A_,12},{_HY_4B_,12},{_HY_4C_,12},{_HY_4D_,12},{_HY_4E_,12},{_HY_4F_,12},
{_HY_50_,12},{_HY_51_,12},{_HY_52_,12},{_HY_53_,12},{_HY_54_,12},{_HY_55_,12},{_HY_56_,12},{_HY_57_,12},{_HY_58_,12},{_HY_59_,12},{_HY_5A_,12},{_HY_5B_,12},{_HY_5C_,12},{_HY_5D_,12},{_HY_5E_,12},{_HY_5F_,12},
{_HY_60_,12},{_HY_61_,12},{_HY_62_,12},{_HY_63_,12},{_HY_64_,12},{_HY_65_,12},{_HY_66_,12},{_HY_67_,12},{_HY_68_,12},{_HY_69_,12},{_HY_6A_,12},{_HY_6B_,12},{_HY_6C_,12},{_HY_6D_,12},{_HY_6E_,12},{_HY_6F_,12},
{_HY_70_,12},{_HY_71_,12},{_HY_72_,12},{_HY_73_,12},{_HY_74_,12},{_HY_75_,12},{_HY_76_,12},{_HY_77_,12},{_HY_78_,12},{_HY_79_,12},{_HY_7A_,12},{_HY_7B_,12},{_HY_7C_,12},{_HY_7D_,12},{_HY_7E_,12},{_HY_7F_,12},
{_HY_80_,12},{_HY_81_,12},{_HY_82_,12},{_HY_83_,12},{_HY_84_,12},{_HY_85_,12},{_HY_86_,12},{_HY_87_,12},{_HY_88_,12},{_HY_89_,12},{_HY_8A_,12},{_HY_8B_,12},{_HY_8C_,12},{_HY_8D_,12},{_HY_8E_,12},{_HY_8F_,12},
{_HY_90_,12},{_HY_91_,12},{_HY_92_,12},{_HY_93_,12},{_HY_94_,12},{_HY_95_,12},{_HY_96_,12},{_HY_97_,12},{_HY_98_,12},{_HY_99_,12},{_HY_9A_,12},{_HY_9B_,12},{_HY_9C_,12},{_HY_9D_,12},{_HY_9E_,12},{_HY_9F_,12},
{_HY_A0_,12},{_HY_A1_,12},{_HY_A2_,12},{_HY_A3_,12},{_HY_A4_,12},{_HY_A5_,12},{_HY_A6_,12},{_HY_A7_,12},{_HY_A8_,12},{_HY_A9_,12},{_HY_AA_,12},{_HY_AB_,12},{_HY_AC_,12},{_HY_AD_,12},{_HY_AE_,12},{_HY_AF_,12},
{_HY_B0_,12},{_HY_B1_,12},{_HY_B2_,12},{_HY_B3_,12},{_HY_B4_,12},{_HY_B5_,12},{_HY_B6_,12},{_HY_B7_,12},{_HY_B8_,12},{_HY_B9_,12},{_HY_BA_,12},{_HY_BB_,12},{_HY_BC_,12},{_HY_BD_,12},{_HY_BE_,12},{_HY_BF_,12},
{_HY_C0_,12},{_HY_C1_,12},{_HY_C2_,12},{_HY_C3_,12},{_HY_C4_,12},

};
BYTE code tOSD_CHARWIDTH_Energy[][2] =
{
	
	{_,   4},
	{_0_, 12}, {_1_, 12}, {_2_, 12}, {_3_, 12}, {_4_, 12}, {_5_, 12}, {_6_, 12}, {_7_, 12}, {_8_, 12}, {_9_, 12},
	
	{_A_, 11}, {_B_,  9}, {_C_, 9}, {_D_,  10}, {_E_,  8}, {_F_,  8}, {_G_, 10}, {_H_,	9}, {_I_,  4}, {_J_,  6},
	{_K_, 8}, {_L_, 8}, {_M_, 10}, {_N_,  9}, {_O_, 10}, {_P_,	8}, {_Q_, 9}, {_R_, 8}, {_S_,  9}, {_T_,  10},
	{_U_,  9}, {_V_, 11}, {_W_, 12}, {_X_, 9}, {_Y_,  10}, {_Z_,  9},
	
	{__a_,7},{__b_,8},{__c_,7},{__d_,8},{__e_,7},{__f_,6},{__g_,8},{__h_,8},{__i_,2},{__j_,5},{__k_,7}, {__l_,2},{__m_,12}, {__n_,8},  
	{__o_,8},{__p_,8},{__q_,8},{__r_,6},{__s_,7},{__t_,6},{__u_,8},{__v_,7},{__w_,10},{__x_,8},{__y_,9},{__z_,7},
	
	{_DOT_,5},{_COLON_,12},{_PLUS_,12},{_AND_,12},
	{_LEFT_ARROWS_,12},{_RIGHT_ARROWS_,12},{_BLANK_1,12},
	
	{_x46_,2},{_x47_,7},{_x48_,7},{_x49_,3},{_x4a_,7},{_x4b_,7},{_x4c_,7},{_x4d_,6},{_x4e_,7},{_x4f_,7},
	{_x50_,3},{_x51_,7},{_x52_,8},{_x53_,6},{_x54_,7},{_x55_,6},{_x56_,9},{_x57_,9},{_x58_,7},{_x59_,7},{_x5a_,9},{_x5b_,8},{_x5c_,7},{_x5d_,10},{_x5e_,7},{_x5f_,7},
	{_x60_,9},{_x61_,4},{_x62_,7},{_x63_,6},{_x64_,7},{_x65_,8},{_x66_,6},{_x67_,7},{_x68_,6},{_x69_,6},{_x6a_,6},{_x6b_,7},{_x6c_,8},{_x6d_,8},{_x6e_,7},{_x6f_,6},
	{_x70_,6},{_x71_,10},{_x72_,2},{_x73_,7},{_x74_,6},{_x75_,7},{_x76_,2},{_x77_,11},{_x78_,12},{_x79_,11},{_x7a_,11},{_x7b_,11},{_x7c_,11},{_x7d_,11},{_x7e_,12},{_x7f_,12},
	{_x80_,11},{_x81_,11},{_x82_,12},{_x83_,11},{_x84_,12},{_x85_,12},{_x86_,11},{_x87_,11},{_x88_,12},{_x89_,11},{_x8a_,12},{_x8b_,11},{_x8c_,11},{_x8d_,11},{_x8e_,12},{_x8f_,11},
	{_x90_,12},{_x91_,12},{_x92_,12},{_x93_,11},{_x94_,11},{_x95_,12},{_x96_,11},{_x97_,12},{_x98_,12},{_x99_,12},{_x9a_,12},{_x9b_,12},{_x9c_,12},{_x9d_,12},{_x9e_,12},{_x9f_,12},
	{_xa0_,12},{_xa1_,12},{_xa2_,12},{_xa3_,12},{_xa4_,12},{_xa5_,12},{_xa6_,12},{_xa7_,12},{_xa8_,12},{_xa9_,12},{_xaa_,12},{_xab_,12},{_xac_,12},{_xad_,12},{_xae_,12},{_xaf_,12},
	{_xb0_,12},{_xb1_,12},{_xb2_,12},{_xb3_,12},{_xb4_,12},{_xb5_,7},{_xb6_,7},{_xb7_,10},{_xb8_,12},{_xb9_,11},{_xba_,10},{_xbb_,7},{_xbc_,11},{_xbd_,10},{_xbe_,12},{_xbf_,12},
	{_xc0_,12},{_xc1_,8},{_xc2_,8},{_xc3_,12},{_xc4_,10},{_xc5_,6},{_xc6_,7},{_xc7_,9},{_xc8_,12},{_xc9_,11},{_xca_,9},{_xcb_,10},{_xcc_,8},{_xcd_,12},{_xce_,6},{_xcf_,9},
	{_xd0_,5},{_xd1_,11},{_xd2_,8},{_xd3_,10},{_xd4_,7},{_xd5_,9},{_xd6_,9},
};


BYTE code tOSD_CHARWIDTH_JAPENESE[][2] =
{

{_,	  4},

{_0_, 12}, {_1_, 12}, {_2_, 12}, {_3_, 12}, {_4_, 12}, {_5_, 12}, {_6_, 12}, {_7_, 12}, {_8_, 12}, {_9_, 12},

{_A_, 11}, {_B_,  9}, {_C_, 9}, {_D_,  10}, {_E_,  8}, {_F_,  8}, {_G_, 10}, {_H_,  9}, {_I_,  4}, {_J_,  6},
{_K_, 8}, {_L_,	8}, {_M_, 10}, {_N_,  9}, {_O_, 10}, {_P_,	8}, {_Q_, 9}, {_R_, 8}, {_S_,  9}, {_T_,  10},
{_U_,  9}, {_V_, 11}, {_W_, 12}, {_X_, 9}, {_Y_,  10}, {_Z_,  9},

{__a_,7},{__b_,8},{__c_,7},{__d_,8},{__e_,7},{__f_,6},{__g_,8},{__h_,8},{__i_,2},{__j_,5},{__k_,7}, {__l_,2},{__m_,12}, {__n_,8},  
{__o_,8},{__p_,8},{__q_,8},{__r_,6},{__s_,7},{__t_,6},{__u_,8},{__v_,7},{__w_,10},{__x_,8},{__y_,9},{__z_,7},

{_DOT_,5},{_COLON_,12},{_PLUS_,12},{_AND_,12},
{_LEFT_ARROWS_,12},{_RIGHT_ARROWS_,12},{_BLANK_1,12},

{_JA_46, 12},{_JA_47, 12},{_JA_48, 12},{_JA_49, 12},{_JA_4a, 12},{_JA_4b, 12},{_JA_4c, 12},{_JA_4d, 12},{_JA_4e, 12},{_JA_4f, 12},
{_JA_50, 12},{_JA_51, 12},{_JA_52,  12},{_JA_53, 11},{_JA_54,  12},{_JA_55,	12},{_JA_56, 12},{_JA_57, 12},{_JA_58, 12},{_JA_59, 12},{_JA_5a, 12},{_JA_5b,  12},{_JA_5c, 12},{_JA_5d, 12},{_JA_5e, 12},{_JA_5f, 12},
{_JA_60, 12},{_JA_61, 12},{_JA_62,  12},{_JA_63, 12},{_JA_64, 12},{_JA_65, 12},{_JA_66, 12},{_JA_67, 12},{_JA_68, 12},{_JA_69, 12},{_JA_6a, 12},{_JA_6b,  12},{_JA_6c, 12},{_JA_6d, 12},{_JA_6e, 12},{_JA_6f, 12},
{_JA_70, 12},{_JA_71, 12},{_JA_72, 12},{_JA_73, 12},{_JA_74, 12},{_JA_75, 12},{_JA_76, 12},{_JA_77, 12},{_JA_78, 12},{_JA_79,  12},{_JA_7a, 12},{_JA_7b, 12},{_JA_7c, 12},{_JA_7d, 12},{_JA_7e, 12},{_JA_7f, 12},
{_JA_80, 12},{_JA_81,  12},{_JA_82, 12},{_JA_83, 12},{_JA_84, 12},{_JA_85, 12},{_JA_86, 12},{_JA_87, 12},{_JA_88,  12},{_JA_89, 12},{_JA_8a, 12},{_JA_8b, 12},{_JA_8c, 12},{_JA_8d, 12},{_JA_8e, 12},{_JA_8f, 12},
{_JA_90, 12},{_JA_91, 12},{_JA_92, 12},{_JA_93, 12},{_JA_94,  12},{_JA_95, 12},{_JA_96, 12},{_JA_97, 12},{_JA_98, 12},{_JA_99,  12},{_JA_9a, 12},{_JA_9b,  12},{_JA_9c, 12},{_JA_9d, 12},{_JA_9e, 12},{_JA_9f, 12},
{_JA_a0, 12},{_JA_a1, 12},{_JA_a2, 12},{_JA_a3, 12},{_JA_a4,  12},{_JA_a5, 12},{_JA_a6, 12},{_JA_a7, 12},{_JA_a8, 12},{_JA_a9,  12},{_JA_aa, 12},{_JA_ab,  12},{_JA_ac, 12},{_JA_ad, 12},{_JA_ae, 12},{_JA_af, 12},
{_JA_b0, 12},{_JA_b1, 12},{_JA_b2, 12},{_JA_b3, 12},{_JA_b4,  12},{_JA_b5, 12},{_JA_b6, 12},{_JA_b7, 12},{_JA_b8, 12},{_JA_b9,  12},{_JA_ba, 12},{_JA_bb, 12},{_JA_bc, 12},{_JA_bd, 12},{_JA_be,  12},{_JA_bf, 12},
{_JA_c0, 12},{_JA_c1, 12},{_JA_c2, 12},{_JA_c3, 12},{_JA_c4, 12},{_JA_c5, 12},{_JA_c6, 12},{_JA_c7, 12},{_JA_c8, 12},{_JA_c9, 12},{_JA_ca, 12},{_JA_cb, 12},{_JA_cc, 12},{_JA_cd, 12},{_JA_ce, 12},
};

BYTE code tOSD_CHARWIDTH_VIETNAMESE[][2] =
{

{_,	  4},

{_0_, 12}, {_1_, 12}, {_2_, 12}, {_3_, 12}, {_4_, 12}, {_5_, 12}, {_6_, 12}, {_7_, 12}, {_8_, 12}, {_9_, 12},

{_A_, 11}, {_B_,  9}, {_C_, 9}, {_D_,  10}, {_E_,  8}, {_F_,  8}, {_G_, 10}, {_H_,  9}, {_I_,  4}, {_J_,  6},
{_K_, 8}, {_L_,	8}, {_M_, 10}, {_N_,  9}, {_O_, 10}, {_P_,	8}, {_Q_, 9}, {_R_, 8}, {_S_,  9}, {_T_,  10},
{_U_,  9}, {_V_, 11}, {_W_, 12}, {_X_, 9}, {_Y_,  10}, {_Z_,  9},

{__a_,7},{__b_,8},{__c_,7},{__d_,8},{__e_,7},{__f_,6},{__g_,8},{__h_,8},{__i_,2},{__j_,5},{__k_,7}, {__l_,2},{__m_,12}, {__n_,8},  
{__o_,8},{__p_,8},{__q_,8},{__r_,6},{__s_,7},{__t_,6},{__u_,8},{__v_,7},{__w_,10},{__x_,8},{__y_,9},{__z_,7},

{_DOT_,5},{_COLON_,12},{_PLUS_,12},{_AND_,12},
{_LEFT_ARROWS_,12},{_RIGHT_ARROWS_,12},{_BLANK_1,12},

{_YN_x46,12},
{_YN_x47,7},{_YN_x48,7},{_YN_x49,9},{_YN_x4a,7},{_YN_x4b,7},{_YN_x4c,7},{_YN_x4d,4},{_YN_x4e,7},{_YN_x4f,7},{_YN_x50,7},{_YN_x51,7},{_YN_x52,8},{_YN_x53,9},{_YN_x54,9},{_YN_x55,8},
{_YN_x56,7},{_YN_x57,7},{_YN_x58,8},{_YN_x59,9},{_YN_x5a,7},{_YN_x5b,7},{_YN_x5c,7},{_YN_x5d,7},{_YN_x5e,7},{_YN_x5f,7},{_YN_x60,9},{_YN_x61,3},{_YN_x62,4},{_YN_x63,9},{_YN_x64,7},{_YN_x65,8},
{_YN_x66,7},{_YN_x67,7},{_YN_x68,5},{_YN_x69,7},{_YN_x6a,7},{_YN_x6b,9},{_YN_x6c,8},{_YN_x6d,7},{_YN_x6e,7},{_YN_x6f,7},{_YN_x70,7},{_YN_x71,7},{_YN_x72,9},{_YN_x73,9},{_YN_x74,7},{_YN_x75,7},
{_YN_x76,7},{_YN_x77,7},{_YN_x78,7}

};

BYTE code tOSD_CHARWIDTH_HEBREW[][2] =
{

{_,	  4},

{_0_, 12}, {_1_, 12}, {_2_, 12}, {_3_, 12}, {_4_, 12}, {_5_, 12}, {_6_, 12}, {_7_, 12}, {_8_, 12}, {_9_, 12},

{_A_, 11}, {_B_,  9}, {_C_, 9}, {_D_,  10}, {_E_,  8}, {_F_,  8}, {_G_, 10}, {_H_,  9}, {_I_,  4}, {_J_,  6},
{_K_, 8}, {_L_,	8}, {_M_, 10}, {_N_,  9}, {_O_, 10}, {_P_,	8}, {_Q_, 9}, {_R_, 8}, {_S_,  9}, {_T_,  10},
{_U_,  9}, {_V_, 11}, {_W_, 12}, {_X_, 9}, {_Y_,  10}, {_Z_,  9},

{__a_,7},{__b_,8},{__c_,7},{__d_,8},{__e_,7},{__f_,6},{__g_,8},{__h_,8},{__i_,2},{__j_,5},{__k_,7}, {__l_,2},{__m_,12}, {__n_,8},  
{__o_,8},{__p_,8},{__q_,8},{__r_,6},{__s_,7},{__t_,6},{__u_,8},{__v_,7},{__w_,10},{__x_,8},{__y_,9},{__z_,7},

{_DOT_,5},{_COLON_,12},{_PLUS_,12},{_AND_,12},
{_LEFT_ARROWS_,12},{_RIGHT_ARROWS_,12},{_BLANK_1,12},


{_x46_,12},{_x47_,6},{_x48_,6},{_x49_,5},{_x4a_,6},{_x4b_,7},{_x4c_,3},{_x4d_,5},{_x4e_,7},{_x4f_,7},{_x50_,3},{_x51_,6},{_x52_,6},{_x53_,8},{_x54_,5},{_x55_,7},
{_x56_,7},{_x57_,6},{_x58_,6},{_x59_,6},{_x5a_,6},{_x5b_,9},{_x5c_,7},



};


BYTE code tOSD_CHARWIDTH_ARABIC[][2] =
{

{_AR_0_,12}, {_AR_1_,12}, {_AR_2_,12}, {_AR_3_,12}, {_AR_4_,12}, {_AR_5_,12}, {_AR_6_,12}, {_AR_7_,12},
{_AR_8_,12}, {_AR_9_,12}, {_AR_A_,12}, {_AR_B_,12}, {_AR_C_,12}, {_AR_D_,12}, {_AR_E_,12}, {_AR_F_,12},

{_AR_10_,12}, {_AR_11_,12}, {_AR_12_,12}, {_AR_13_,12}, {_AR_14_,12}, {_AR_15_,12}, {_AR_16_,12}, {_AR_17_,12},
{_AR_18_,12}, {_AR_19_,12}, {_AR_1A_,12}, {_AR_1B_,12}, {_AR_1C_,12}, {_AR_1D_,12}, {_AR_1E_,12}, {_AR_1F_,12},

{_AR_20_,12}, {_AR_21_,12}, {_AR_22_,12}, {_AR_23_,12}, {_AR_24_,12}, {_AR_25_,12}, {_AR_26_,12}, {_AR_27_,12},
{_AR_28_,12}, {_AR_29_,12}, {_AR_2A_,12}, {_AR_2B_,12}, {_AR_2C_,12}, {_AR_2D_,12}, {_AR_2E_,12}, {_AR_2F_,12},

{_AR_30_,12}, {_AR_31_,12}, {_AR_32_,12}, {_AR_33_,12}, {_AR_34_,12}, {_AR_35_,12}, {_AR_36_,12}, {_AR_37_,12},
{_AR_38_,12}, {_AR_39_,12}, {_AR_3A_,12}, {_AR_3B_,12}, {_AR_3C_,12}, {_AR_3D_,12}, {_AR_3E_,12}, {_AR_3F_,12},

{_AR_40_,12}, {_AR_41_,12}, {_AR_42_,12}, {_AR_43_,12}, {_AR_44_,12}, {_AR_45_,12}, {_AR_46_,12}, {_AR_47_,12},
{_AR_48_,12}, {_AR_49_,12}, {_AR_4A_,12}, {_AR_4B_,12}, {_AR_4C_,12}, {_AR_4D_,12}, {_AR_4E_,12}, {_AR_4F_,12},

{_AR_50_,12}, {_AR_51_,12}, {_AR_52_,12}, {_AR_53_,12}, {_AR_54_,12}, {_AR_55_,12}, {_AR_56_,12}, {_AR_57_,12},
{_AR_58_,12}, {_AR_59_,12}, {_AR_5A_,12}, {_AR_5B_,12}, {_AR_5C_,12}, {_AR_5D_,12}, {_AR_5E_,12}, {_AR_5F_,12},

{_AR_60_,12}, {_AR_61_,12}, {_AR_62_,12}, {_AR_63_,12}, {_AR_64_,12}, {_AR_65_,12}, {_AR_66_,12}, {_AR_67_,12},
{_AR_68_,12}, {_AR_69_,12}, {_AR_6A_,12}, {_AR_6B_,12}, {_AR_6C_,12}, {_AR_6D_,12}, {_AR_6E_,12}, {_AR_6F_,12},

{_AR_70_,12}, {_AR_71_,12}, {_AR_72_,12}, {_AR_73_,12}, {_AR_74_,12}, {_AR_75_,12}, {_AR_76_,12}, {_AR_77_,12},
{_AR_78_,12}, {_AR_79_,12}, {_AR_7A_,12}, {_AR_7B_,12}, {_AR_7C_,12}, {_AR_7D_,12}, {_AR_7E_,12}, {_AR_7F_,12},

{_AR_80_,12}, {_AR_81_,12}, {_AR_82_,12}, {_AR_83_,12}, {_AR_84_,12}, {_AR_85_,12}, {_AR_86_,12}, {_AR_87_,12},
{_AR_88_,12}, {_AR_89_,12}, {_AR_8A_,12}, {_AR_8B_,12}, {_AR_8C_,12}, {_AR_8D_,12}, {_AR_8E_,12}, {_AR_8F_,12},

{_AR_90_,12}, {_AR_91_,12}, {_AR_92_,12}, {_AR_93_,12}, {_AR_94_,12}, {_AR_95_,12}, {_AR_96_,12}, {_AR_97_,12},
{_AR_98_,12}, {_AR_99_,12}, {_AR_9A_,12}, {_AR_9B_,12}, {_AR_9C_,12}, {_AR_9D_,12}, {_AR_9E_,12}, {_AR_9F_,12},

{_AR_A0_,12}, {_AR_A1_,12}, {_AR_A2_,12}, {_AR_A3_,12}, {_AR_A4_,12}, {_AR_A5_,12}, {_AR_A6_,12}, {_AR_A7_,12},
{_AR_A8_,12}, {_AR_A9_,12}, {_AR_AA_,12}, {_AR_AB_,12}, {_AR_AC_,12}, {_AR_AD_,12}, {_AR_AE_,12}, {_AR_AF_,12},

{_AR_B0_,12}, {_AR_B1_,12}, {_AR_B2_,12}, {_AR_B3_,12}, {_AR_B4_,12}, {_AR_B5_,12}, {_AR_B6_,12}, {_AR_B7_,12},
{_AR_B8_,12}, {_AR_B9_,12}, {_AR_BA_,12}, {_AR_BB_,12}, {_AR_BC_,12}, {_AR_BD_,12}, {_AR_BE_,12}, {_AR_BF_,12},

{_AR_C0_,12}, {_AR_C1_,12}, {_AR_C2_,12}, {_AR_C3_,12}, {_AR_C4_,12}, {_AR_C5_,12}, {_AR_C6_,12}, {_AR_C7_,12},
{_AR_C8_,12}, {_AR_C9_,12}, {_AR_CA_,12}, {_AR_CB_,12}, {_AR_CC_,12}, {_AR_CD_,12}, {_AR_CE_,12}, {_AR_CF_,12},

{_AR_D0_,12}, {_AR_D1_,12}, {_AR_D2_,12}, {_AR_D3_,12}, {_AR_D4_,12}, {_AR_D5_,12}, {_AR_D6_,12}, {_AR_D7_,12},
{_AR_D8_,12}, {_AR_D9_,12}, {_AR_DA_,12}, {_AR_DB_,12}, {_AR_DC_,12}, {_AR_DD_,12}, {_AR_DE_,12}, {_AR_DF_,12},

{_AR_E0_,12}, {_AR_E1_,12}, {_AR_E2_,12}, {_AR_E3_,12}, {_AR_E4_,12}, {_AR_E5_,12}, {_AR_E6_,12}, {_AR_E7_,12},
{_AR_E8_,12}, {_AR_E9_,12}, {_AR_EA_,12}, {_AR_EB_,12}, {_AR_EC_,12}, {_AR_ED_,12}, {_AR_EE_,12}, {_AR_EF_,12},

{_AR_F0_,12}, {_AR_F1_,12}, {_AR_F2_,12}, {_AR_F3_,12}, {_AR_F4_,12}, {_AR_F5_,12}, {_AR_F6_,12}, {_AR_F7_,12},
{_AR_F8_,12}, {_AR_F9_,12}, 



};


