A51 MACRO ASSEMBLER  L51_BANK                                                             09/20/2026 19:43:01 PAGE     1


MACRO ASSEMBLER A51 V8.2.7.0
OBJECT MODULE PLACED IN .\Output\RL6432_Project\L51_bank.obj
ASSEMBLER INVOKED BY: C:\Keil_v5\C51\BIN\A51.EXE Kernel\Common\L51_bank.a51 INCDIR(.\Project\Header;.\Kernel\Common) DEF
                      INE(_PROJECT=_RL6432_PROJECT,_SCALER_TYPE=_RL6432_SERIES) SET(LARGE) DEBUG PRINT(.\Output\RL6432_P
                      roject\L51_bank.lst) OBJECT(.\Output\RL6432_Project\L51_bank.obj) EP

LOC  OBJ            LINE     SOURCE

                       1     ;#include "AsmInclude.h"
                +1     2     
                +1     3     
                +1     4     
                +1     5     
                +1     6     
                +1     7     
                +1     8     
                +1     9     
                +1    10     
                +1    11     
                +1    12     
                +1    13     
                +1    14     
                +1    15     
                +1    16     
                +1    17     
                +1    18     
                +1    19     
                +1    20     
                +1    21     
                +1    22     
                +1    23     
                +1    24     
                +1    25     
                +1    26     ;#include "Scaler_List.h"
                +2    27     
                +2    28     
                +2    29     
                +2    30     
                +2    31     
                +2    32     
                +2    33     
                +2    34     
                +2    35     
                +2    36     
                +2    37     
                +2    38     
                +2    39     
                +2    40     
                +2    41     
                +2    42     
                +2    43     
                +2    44     
                +2    45     
                +2    46     
                +2    47     
                +2    48     
                +2    49     
                +2    50     
                +2    51     
                +2    52     
                +2    53     
                +2    54     
                +2    55     
                +2    56     
A51 MACRO ASSEMBLER  L51_BANK                                                             09/20/2026 19:43:01 PAGE     2

                +2    57     
                +2    58     
                +2    59     
                +2    60     
                +2    61     
                +2    62     
                +2    63     
                +1    64     
                +1    65     ;#include "Project_List.h"
                +2    66     
                +2    67     
                +2    68     
                +2    69     
                +2    70     
                +2    71     
                +2    72     
                +2    73     
                +2    74     
                +2    75     
                +2    76     
                +2    77     
                +2    78     
                +2    79     
                +2    80     
                +2    81     
                +2    82     
                +2    83     
                +2    84     
                +2    85     
                +2    86     
                +2    87     
                +2    88     
                +2    89     
                +2    90     
                +2    91     
                +2    92     
                +2    93     
                +2    94     
                +2    95     
                +2    96     
                +2    97     
                +2    98     
                +2    99     
                +2   100     
                +2   101     
                +2   102     
                +2   103     
                +2   104     
                +2   105     
                +2   106     
                +2   107     
                +2   108     
                +2   109     
                +2   110     
                +2   111     
                +2   112     
                +2   113     
                +2   114     
                +2   115     
                +2   116     
                +2   117     
                +2   118     
                +2   119     
                +2   120     
                +2   121     
                +2   122     
A51 MACRO ASSEMBLER  L51_BANK                                                             09/20/2026 19:43:01 PAGE     3

                +2   123     
                +2   124     
                +2   125     
                +2   126     
                +2   127     
                +2   128     
                +2   129     
                +2   130     
                +2   131     
                +2   132     
                +2   133     
                +2   134     
                +2   135     
                +2   136     
                +2   137     
                +2   138     
                +2   139     
                +2   140     
                +2   141     
                +2   142     
                +2   143     
                +2   144     
                +2   145     
                +2   146     
                +2   147     
                +2   148     
                +2   149     
                +2   150     
                +2   151     
                +2   152     
                +2   153     
                +2   154     
                +2   155     
                +2   156     
                +2   157     
                +2   158     
                +2   159     
                +2   160     
                +2   161     
                +2   162     
                +2   163     
                +2   164     
                +2   165     
                +2   166     
                +2   167     
                +2   168     
                +2   169     
                +2   170     
                +2   171     
                +2   172     
                +2   173     
                +2   174     
                +2   175     
                +2   176     
                +2   177     
                +2   178     
                +2   179     
                +2   180     
                +2   181     
                +2   182     
                +2   183     
                +2   184     
                +2   185     
                +2   186     
                +2   187     
                +2   188     
A51 MACRO ASSEMBLER  L51_BANK                                                             09/20/2026 19:43:01 PAGE     4

                +2   189     
                +2   190     
                +2   191     
                +2   192     
                +2   193     
                +2   194     
                +2   195     
                +2   196     
                +2   197     
                +2   198     
                +2   199     
                +2   200     
                +2   201     
                +2   202     
                +2   203     
                +2   204     
                +2   205     
                +2   206     
                +2   207     
                +2   208     
                +2   209     
                +2   210     
                +2   211     
                +2   212     
                +2   213     
                +2   214     
                +2   215     
                +2   216     
                +2   217     
                +2   218     
                +2   219     
                +2   220     
                +2   221     
                +2   222     
                +2   223     
                +2   224     
                +2   225     
                +2   226     
                +2   227     
                +2   228     
                +2   229     
                +2   230     
                +2   231     
                +2   232     
                +2   233     
                +2   234     
                +2   235     
                +2   236     
                +2   237     
                +2   238     
                +2   239     
                +2   240     
                +2   241     
                +2   242     
                +2   243     
                +2   244     
                +2   245     
                +2   246     
                +2   247     
                +2   248     
                +2   249     
                +2   250     
                +2   251     
                +2   252     
                +2   253     
                +2   254     
A51 MACRO ASSEMBLER  L51_BANK                                                             09/20/2026 19:43:01 PAGE     5

                +2   255     
                +2   256     
                +2   257     
                +2   258     
                +2   259     
                +2   260     
                +2   261     
                +2   262     
                +2   263     
                +2   264     
                +2   265     
                +2   266     
                +2   267     
                +2   268     
                +2   269     
                +2   270     
                +2   271     
                +2   272     
                +2   273     
                +2   274     
                +2   275     
                +2   276     
                +2   277     
                +2   278     
                +2   279     
                +2   280     
                +2   281     
                +2   282     
                +2   283     
                +2   284     
                +2   285     
                +2   286     
                +2   287     
                +2   288     
                +2   289     
                +2   290     
                +2   291     
                +2   292     
                +2   293     
                +2   294     
                +2   295     
                +2   296     
                +2   297     
                +2   298     
                +2   299     
                +2   300     
                +2   301     
                +2   302     
                +2   303     
                +2   304     
                +2   305     
                +2   306     
                +2   307     
                +2   308     
                +2   309     
                +2   310     
                +2   311     
                +2   312     
                +2   313     
                +2   314     
                +2   315     
                +2   316     
                +2   317     
                +2   318     
                +2   319     
                +2   320     
A51 MACRO ASSEMBLER  L51_BANK                                                             09/20/2026 19:43:01 PAGE     6

                +2   321     
                +2   322     
                +2   323     
                +2   324     
                +2   325     
                +2   326     
                +2   327     
                +2   328     
                +2   329     
                +2   330     
                +2   331     
                +2   332     
                +2   333     
                +2   334     
                +2   335     
                +2   336     
                +2   337     
                +2   338     
                +2   339     
                +2   340     
                +2   341     
                +2   342     
                +2   343     
                +2   344     
                +2   345     
                +2   346     
                +2   347     
                +2   348     
                +2   349     
                +2   350     
                +2   351     
                +2   352     
                +2   353     
                +2   354     
                +2   355     
                +2   356     
                +2   357     
                +2   358     
                +2   359     
                +2   360     
                +2   361     
                +2   362     
                +2   363     
                +2   364     
                +2   365     
                +2   366     
                +2   367     
                +2   368     
                +2   369     
                +2   370     
                +2   371     
                +2   372     
                +2   373     
                +2   374     
                +2   375     
                +2   376     
                +2   377     
                +2   378     
                +2   379     
                +2   380     
                +2   381     
                +2   382     
                +2   383     
                +2   384     
                +2   385     
                +2   386     
A51 MACRO ASSEMBLER  L51_BANK                                                             09/20/2026 19:43:01 PAGE     7

                +2   387     
                +2   388     
                +2   389     
                +2   390     
                +2   391     
                +2   392     
                +2   393     
                +2   394     
                +2   395     
                +2   396     
                +2   397     
                +2   398     
                +2   399     
                +2   400     
                +2   401     
                +2   402     
                +2   403     
                +2   404     
                +2   405     
                +2   406     
                +2   407     
                +2   408     
                +2   409     
                +2   410     
                +2   411     
                +2   412     
                +2   413     
                +2   414     
                +2   415     
                +2   416     
                +2   417     
                +2   418     
                +2   419     
                +2   420     
                +2   421     
                +2   422     
                +2   423     
                +2   424     
                +2   425     
                +2   426     
                +2   427     
                +2   428     
                +2   429     
                +2   430     
                +2   431     
                +2   432     
                +2   433     
                +2   434     
                +2   435     
                +2   436     
                +2   437     
                +2   438     
                +2   439     
                +2   440     
                +2   441     
                +2   442     
                +2   443     
                +2   444     
                +2   445     
                +2   446     
                +2   447     
                +2   448     
                +2   449     
                +2   450     
                +2   451     
                +2   452     
A51 MACRO ASSEMBLER  L51_BANK                                                             09/20/2026 19:43:01 PAGE     8

                +2   453     
                +2   454     
                +2   455     
                +2   456     
                +2   457     
                +2   458     
                +2   459     
                +2   460     
                +2   461     
                +2   462     
                +2   463     
                +2   464     
                +2   465     
                +2   466     
                +2   467     
                +2   468     
                +2   469     
                +2   470     
                +2   471     
                +2   472     
                +2   473     
                +2   474     
                +2   475     
                +2   476     
                +2   477     
                +2   478     
                +2   479     
                +2   480     
                +2   481     
                +2   482     
                +2   483     
                +2   484     
                +2   485     
                +2   486     
                +2   487     
                +2   488     
                +2   489     
                +2   490     
                +2   491     
                +2   492     
                +2   493     
                +2   494     
                +2   495     
                +2   496     
                +2   497     
                +2   498     
                +2   499     
                +2   500     
                +2   501     
                +2   502     
                +2   503     
                +2   504     
                +2   505     
                +2   506     
                +2   507     
                +2   508     
                +2   509     
                +2   510     
                +2   511     
                +2   512     
                +2   513     
                +2   514     
                +2   515     
                +2   516     
                +2   517     
                +2   518     
A51 MACRO ASSEMBLER  L51_BANK                                                             09/20/2026 19:43:01 PAGE     9

                +2   519     
                +2   520     
                +2   521     
                +2   522     
                +2   523     
                +2   524     
                +2   525     
                +2   526     
                +2   527     
                +2   528     
                +2   529     
                +2   530     
                +2   531     
                +2   532     
                +2   533     
                +2   534     
                +2   535     
                +2   536     
                +2   537     
                +2   538     
                +2   539     
                +2   540     
                +2   541     
                +2   542     
                +2   543     
                +2   544     
                +2   545     
                +2   546     
                +2   547     
                +2   548     
                +2   549     
                +2   550     
                +2   551     
                +2   552     
                +2   553     
                +2   554     
                +2   555     
                +2   556     
                +2   557     
                +2   558     
                +2   559     
                +2   560     
                +2   561     
                +2   562     
                +2   563     
                +2   564     
                +2   565     
                +2   566     
                +2   567     
                +2   568     
                +2   569     
                +2   570     
                +2   571     
                +2   572     
                +2   573     
                +2   574     
                +2   575     
                +2   576     
                +2   577     
                +2   578     
                +2   579     
                +2   580     
                +2   581     
                +2   582     
                +2   583     
                +2   584     
A51 MACRO ASSEMBLER  L51_BANK                                                             09/20/2026 19:43:01 PAGE    10

                +2   585     
                +2   586     
                +2   587     
                +2   588     
                +2   589     
                +2   590     
                +2   591     
                +2   592     
                +2   593     
                +2   594     
                +2   595     
                +2   596     
                +2   597     
                +2   598     
                +2   599     
                +2   600     
                +2   601     
                +2   602     
                +2   603     
                +2   604     
                +2   605     
                +2   606     
                +2   607     
                +2   608     
                +2   609     
                +2   610     
                +2   611     
                +2   612     
                +2   613     
                +2   614     
                +2   615     
                +2   616     
                +2   617     
                +2   618     
                +2   619     
                +2   620     
                +2   621     
                +2   622     
                +2   623     
                +2   624     
                +2   625     
                +2   626     
                +2   627     
                +2   628     
                +2   629     
                +2   630     
                +2   631     
                +2   632     
                +2   633     
                +2   634     
                +2   635     
                +2   636     
                +2   637     
                +2   638     
                +2   639     
                +2   640     
                +2   641     
                +2   642     
                +2   643     
                +2   644     
                +2   645     
                +2   646     
                +2   647     
                +2   648     
                +2   649     
                +2   650     
A51 MACRO ASSEMBLER  L51_BANK                                                             09/20/2026 19:43:01 PAGE    11

                +2   651     
                +2   652     
                +2   653     
                +2   654     
                +2   655     
                +2   656     
                +2   657     
                +2   658     
                +2   659     
                +2   660     
                +2   661     
                +2   662     
                +2   663     
                +2   664     
                +2   665     
                +2   666     
                +2   667     
                +2   668     
                +2   669     
                +2   670     
                +2   671     
                +2   672     
                +2   673     
                +2   674     
                +2   675     
                +2   676     
                +2   677     
                +2   678     
                +2   679     
                +2   680     
                +2   681     
                +2   682     
                +2   683     
                +2   684     
                +2   685     
                +2   686     
                +2   687     
                +2   688     
                +2   689     
                +2   690     
                +2   691     
                +2   692     
                +2   693     
                +2   694     
                +2   695     
                +2   696     
                +2   697     
                +2   698     
                +2   699     
                +2   700     
                +2   701     
                +2   702     
                +2   703     
                +2   704     
                +2   705     
                +2   706     
                +2   707     
                +2   708     
                +2   709     
                +2   710     
                +2   711     
                +2   712     
                +2   713     
                +2   714     
                +2   715     
                +2   716     
A51 MACRO ASSEMBLER  L51_BANK                                                             09/20/2026 19:43:01 PAGE    12

                +2   717     
                +2   718     
                +2   719     
                +2   720     
                +2   721     
                +2   722     
                +2   723     
                +2   724     
                +2   725     
                +2   726     
                +2   727     
                +2   728     
                +2   729     
                +2   730     
                +2   731     
                +2   732     
                +2   733     
                +2   734     
                +2   735     
                +2   736     
                +2   737     
                +2   738     
                +2   739     
                +2   740     
                +2   741     
                +2   742     
                +2   743     
                +2   744     
                +2   745     
                +2   746     
                +2   747     
                +2   748     
                +2   749     
                +2   750     
                +2   751     
                +2   752     
                +2   753     
                +2   754     
                +2   755     
                +2   756     
                +2   757     
                +2   758     
                +2   759     
                +2   760     
                +2   761     
                +2   762     
                +2   763     
                +2   764     
                +2   765     
                +2   766     
                +2   767     
                +2   768     
                +2   769     
                +2   770     
                +2   771     
                +2   772     
                +2   773     
                +2   774     
                +2   775     
                +2   776     
                +2   777     
                +2   778     
                +2   779     
                +2   780     
                +2   781     
                +2   782     
A51 MACRO ASSEMBLER  L51_BANK                                                             09/20/2026 19:43:01 PAGE    13

                +2   783     
                +2   784     
                +2   785     
                +2   786     
                +2   787     
                +2   788     
                +2   789     
                +2   790     
                +2   791     
                +2   792     
                +2   793     
                +2   794     
                +2   795     
                +2   796     
                +2   797     
                +2   798     
                +2   799     
                +2   800     
                +2   801     
                +2   802     
                +2   803     
                +2   804     
                +2   805     
                +2   806     
                +2   807     
                +2   808     
                +2   809     
                +2   810     
                +2   811     
                +2   812     
                +2   813     
                +2   814     
                +2   815     
                +2   816     
                +2   817     
                +2   818     
                +2   819     
                +2   820     
                +2   821     
                +2   822     
                +2   823     
                +2   824     
                +2   825     
                +2   826     
                +2   827     
                +2   828     
                +2   829     
                +2   830     
                +2   831     
                +2   832     
                +2   833     
                +2   834     
                +2   835     
                +2   836     
                +2   837     
                +2   838     
                +2   839     
                +2   840     
                +2   841     
                +2   842     
                +2   843     
                +2   844     
                +2   845     
                +2   846     
                +2   847     
                +2   848     
A51 MACRO ASSEMBLER  L51_BANK                                                             09/20/2026 19:43:01 PAGE    14

                +2   849     
                +2   850     
                +2   851     
                +2   852     
                +2   853     
                +2   854     
                +2   855     
                +2   856     
                +2   857     
                +2   858     
                +2   859     
                +2   860     
                +2   861     
                +2   862     
                +2   863     
                +2   864     
                +2   865     
                +2   866     
                +2   867     
                +2   868     
                +2   869     
                +2   870     
                +2   871     
                +2   872     
                +2   873     
                +2   874     
                +2   875     
                +2   876     
                +2   877     
                +2   878     
                +2   879     
                +2   880     
                +2   881     
                +2   882     
                +2   883     
                +2   884     
                +2   885     
                +2   886     
                +2   887     
                +2   888     
                +2   889     
                +2   890     
                +2   891     
                +2   892     
                +2   893     
                +2   894     
                +2   895     
                +2   896     
                +2   897     
                +2   898     
                +2   899     
                +2   900     
                +2   901     
                +2   902     
                +2   903     
                +2   904     
                +2   905     
                +2   906     
                +2   907     
                +2   908     
                +2   909     
                +2   910     
                +2   911     
                +2   912     
                +2   913     
                +2   914     
A51 MACRO ASSEMBLER  L51_BANK                                                             09/20/2026 19:43:01 PAGE    15

                +2   915     
                +2   916     
                +2   917     
                +2   918     
                +2   919     
                +2   920     
                +2   921     
                +2   922     
                +2   923     
                +2   924     
                +2   925     
                +2   926     
                +2   927     
                +2   928     
                +2   929     
                +2   930     
                +2   931     
                +2   932     
                +2   933     
                +2   934     
                +2   935     
                +2   936     
                +2   937     
                +2   938     
                +2   939     
                +2   940     
                +2   941     
                +2   942     
                +2   943     
                +2   944     
                +2   945     
                +2   946     
                +2   947     
                +2   948     
                +2   949     
                +2   950     
                +2   951     
                +2   952     
                +2   953     
                +2   954     
                +2   955     
                +2   956     
                +2   957     
                +2   958     
                +2   959     
                +2   960     
                +2   961     
                +2   962     
                +2   963     
                +2   964     
                +2   965     
                +2   966     
                +2   967     
                +2   968     
                +2   969     
                +2   970     
                +2   971     
                +2   972     
                +2   973     
                +2   974     
                +2   975     
                +2   976     
                +2   977     
                +2   978     
                +2   979     
                +2   980     
A51 MACRO ASSEMBLER  L51_BANK                                                             09/20/2026 19:43:01 PAGE    16

                +2   981     
                +2   982     
                +2   983     
                +2   984     
                +2   985     
                +2   986     
                +2   987     
                +2   988     
                +2   989     
                +2   990     
                +2   991     
                +2   992     
                +2   993     
                +2   994     
                +2   995     
                +2   996     
                +2   997     
                +2   998     
                +2   999     
                +2  1000     
                +2  1001     
                +2  1002     
                +2  1003     
                +2  1004     
                +2  1005     
                +2  1006     
                +2  1007     
                +2  1008     
                +2  1009     
                +2  1010     
                +2  1011     
                +2  1012     
                +2  1013     
                +2  1014     
                +2  1015     
                +2  1016     
                +2  1017     
                +2  1018     
                +2  1019     
                +2  1020     
                +2  1021     
                +2  1022     
                +2  1023     
                +2  1024     
                +2  1025     
                +2  1026     
                +2  1027     
                +2  1028     
                +2  1029     
                +2  1030     
                +2  1031     
                +2  1032     
                +2  1033     
                +2  1034     
                +2  1035     
                +2  1036     
                +2  1037     
                +2  1038     
                +2  1039     
                +2  1040     
                +2  1041     
                +2  1042     
                +2  1043     
                +2  1044     
                +2  1045     
                +2  1046     
A51 MACRO ASSEMBLER  L51_BANK                                                             09/20/2026 19:43:01 PAGE    17

                +2  1047     
                +2  1048     
                +2  1049     
                +2  1050     
                +2  1051     
                +2  1052     
                +2  1053     
                +2  1054     
                +2  1055     
                +2  1056     
                +2  1057     
                +2  1058     
                +2  1059     
                +2  1060     
                +2  1061     
                +2  1062     
                +2  1063     
                +2  1064     
                +2  1065     
                +2  1066     
                +2  1067     
                +2  1068     
                +2  1069     
                +2  1070     
                +2  1071     
                +2  1072     
                +2  1073     
                +2  1074     
                +2  1075     
                +2  1076     
                +2  1077     
                +2  1078     
                +2  1079     
                +2  1080     
                +2  1081     
                +2  1082     
                +2  1083     
                +2  1084     
                +2  1085     
                +2  1086     
                +2  1087     
                +2  1088     
                +2  1089     
                +2  1090     
                +2  1091     
                +2  1092     
                +2  1093     
                +2  1094     
                +2  1095     
                +2  1096     
                +2  1097     
                +2  1098     
                +2  1099     
                +2  1100     
                +2  1101     
                +2  1102     
                +2  1103     
                +2  1104     
                +2  1105     
                +2  1106     
                +1  1107     
                +1  1108     ;#include "User_Project_List.h"
                +2  1109     
                +2  1110     
                +2  1111     
                +2  1112     
A51 MACRO ASSEMBLER  L51_BANK                                                             09/20/2026 19:43:01 PAGE    18

                +2  1113     
                +2  1114     
                +2  1115     
                +2  1116     
                +2  1117     
                +2  1118     
                +2  1119     
                +2  1120     
                +2  1121     
                +2  1122     
                +2  1123     
                +1  1124     
                +1  1125     
                +1  1126     
                +1  1127     
                +1  1128     
                +1  1129     ;#include "RL6369_Gen_Option.h"
                +2  1130     
                +2  1131     
                +2  1132     
                +2  1133     
                +2  1134     
                +2  1135     
                +2  1136     
                +2  1137     
                +2  1138     
                +2  1139     
                +2  1140     
                +2  1141     
                +2  1142     
                +2  1143     
                +2  1144     
                +2  1145     
                +2  1146     
                +2           
                +1  1947     
                +1  1948     ;#include "RL6410_Gen_Option.h"
                +2  1949     
                +2  1950     
                +2  1951     
                +2  1952     
                +2  1953     
                +2  1954     
                +2  1955     
                +2  1956     
                +2  1957     
                +2  1958     
                +2  1959     
                +2  1960     
                +2  1961     
                +2  1962     
                +2  1963     
                +2  1964     
                +2  1965     
                +2           
                +1  2778     
                +1  2779     ;#include "RL6432_Gen_Option.h"
                +2  2780     
                +2  2781     
                +2  2782     
                +2  2783     
                +2  2784     
                +2  2785     
                +2  2786     
                +2  2787     
                +2  2788     
A51 MACRO ASSEMBLER  L51_BANK                                                             09/20/2026 19:43:01 PAGE    19

                +2  2789     
                +2  2790     
                +2  2791     
                +2  2792     
                +2  2793     
                +2  2794     
                +2  2795     
                +2  2796     
                +2  2797     
                +2  2798     
                +2  2799     
                +2  2800     
                +2  2801     
                +2  2802     
                +2  2803     
                +2  2804     
                +2  2805     
                +2  2806     
                +2  2807     
                +2  2808     
                +2  2809     
                +2  2810     
                +2  2811     
                +2  2812     
                +2  2813     
                +2  2814     
                +2  2815     
                +2  2816     
                +2  2817     
                +2  2818     
                +2  2819     
                +2  2820     
                +2  2821     
                +2  2822     
                +2  2823     
                +2  2824     
                +2  2825     
                +2  2826     
                +2  2827     
                +2  2828     
                +2  2829     
                +2  2830     
                +2  2831     
                +2  2832     
                +2  2833     
                +2  2834     
                +2  2835     
                +2  2836     
                +2  2837     
                +2  2838     
                +2  2839     
                +2  2840     
                +2  2841     
                +2  2842     
                +2  2843     
                +2  2844     
                +2  2845     
                +2  2846     
                +2  2847     
                +2  2848     
                +2  2849     
                +2  2850     
                +2  2851     
                +2  2852     
                +2  2853     
                +2  2854     
A51 MACRO ASSEMBLER  L51_BANK                                                             09/20/2026 19:43:01 PAGE    20

                +2  2855     
                +2  2856     
                +2  2857     
                +2  2858     
                +2  2859     
                +2  2860     
                +2  2861     
                +2  2862     
                +2  2863     
                +2  2864     
                +2  2865     
                +2  2866     
                +2  2867     
                +2  2868     
                +2  2869     
                +2  2870     
                +2  2871     
                +2  2872     
                +2  2873     
                +2  2874     
                +2  2875     
                +2  2876     
                +2  2877     
                +2  2878     
                +2  2879     
                +2  2880     
                +2  2881     
                +2  2882     
                +2  2883     
                +2  2884     
                +2  2885     
                +2  2886     
                +2  2887     
                +2  2888     
                +2  2889     
                +2  2890     
                +2  2891     
                +2  2892     
                +2  2893     
                +2  2894     
                +2  2895     
                +2  2896     
                +2  2897     
                +2  2898     
                +2  2899     
                +2  2900     
                +2  2901     
                +2  2902     
                +2  2903     
                +2  2904     
                +2  2905     
                +2  2906     
                +2  2907     
                +2  2908     
                +2  2909     
                +2  2910     
                +2  2911     
                +2  2912     
                +2  2913     
                +2  2914     
                +2  2915     
                +2  2916     
                +2  2917     
                +2  2918     
                +2  2919     
                +2  2920     
A51 MACRO ASSEMBLER  L51_BANK                                                             09/20/2026 19:43:01 PAGE    21

                +2  2921     
                +2  2922     
                +2  2923     
                +2  2924     
                +2  2925     
                +2  2926     
                +2  2927     
                +2  2928     
                +2  2929     
                +2  2930     
                +2  2931     
                +2  2932     
                +2  2933     
                +2  2934     
                +2  2935     
                +2  2936     
                +2  2937     
                +2  2938     
                +2  2939     
                +2  2940     
                +2  2941     
                +2  2942     
                +2  2943     
                +2  2944     
                +2  2945     
                +2  2946     
                +2  2947     
                +2  2948     
                +2  2949     
                +2  2950     
                +2  2951     
                +2  2952     
                +2  2953     
                +2  2954     
                +2  2955     
                +2  2956     
                +2  2957     
                +2  2958     
                +2  2959     
                +2  2960     
                +2  2961     
                +2  2962     
                +2  2963     
                +2  2964     
                +2  2965     
                +2  2966     
                +2  2967     
                +2  2968     
                +2  2969     
                +2  2970     
                +2  2971     
                +2  2972     
                +2  2973     
                +2  2974     
                +2  2975     
                +2  2976     
                +2  2977     
                +2  2978     
                +2  2979     
                +2  2980     
                +2  2981     
                +2  2982     
                +2  2983     
                +2  2984     
                +2  2985     
                +2  2986     
A51 MACRO ASSEMBLER  L51_BANK                                                             09/20/2026 19:43:01 PAGE    22

                +2  2987     
                +2  2988     
                +2  2989     
                +2  2990     
                +2  2991     
                +2  2992     
                +2  2993     
                +2  2994     
                +2  2995     
                +2  2996     
                +2  2997     
                +2  2998     
                +2  2999     
                +2  3000     
                +2  3001     
                +2  3002     
                +2  3003     
                +2  3004     
                +2  3005     
                +2  3006     
                +2  3007     
                +2  3008     
                +2  3009     
                +2  3010     
                +2  3011     
                +2  3012     
                +2  3013     
                +2  3014     
                +2  3015     
                +2  3016     
                +2  3017     
                +2  3018     
                +2  3019     
                +2  3020     
                +2  3021     
                +2  3022     
                +2  3023     
                +2  3024     
                +2  3025     
                +2  3026     
                +2  3027     
                +2  3028     
                +2  3029     
                +2  3030     
                +2  3031     
                +2  3032     
                +2  3033     
                +2  3034     
                +2  3035     
                +2  3036     
                +2  3037     
                +2  3038     
                +2  3039     
                +2  3040     
                +2  3041     
                +2  3042     
                +2  3043     
                +2  3044     
                +2  3045     
                +2  3046     
                +2  3047     
                +2  3048     
                +2  3049     
                +2  3050     
                +2  3051     
                +2  3052     
A51 MACRO ASSEMBLER  L51_BANK                                                             09/20/2026 19:43:01 PAGE    23

                +2  3053     
                +2  3054     
                +2  3055     
                +2  3056     
                +2  3057     
                +2  3058     
                +2  3059     
                +2  3060     
                +2  3061     
                +2  3062     
                +2  3063     
                +2  3064     
                +2  3065     
                +2  3066     
                +2  3067     
                +2  3068     
                +2  3069     
                +2  3070     
                +2  3071     
                +2  3072     
                +2  3073     
                +2  3074     
                +2  3075     
                +2  3076     
                +2  3077     
                +2  3078     
                +2  3079     
                +2  3080     
                +2  3081     
                +2  3082     
                +2  3083     
                +2  3084     
                +2  3085     
                +2  3086     
                +2  3087     
                +2  3088     
                +2  3089     
                +2  3090     
                +2  3091     
                +2  3092     
                +2  3093     
                +2  3094     
                +2  3095     
                +2  3096     
                +2  3097     
                +2  3098     
                +2  3099     
                +2  3100     
                +2  3101     
                +2  3102     
                +2  3103     
                +2  3104     
                +2  3105     
                +2  3106     
                +2  3107     
                +2  3108     
                +2  3109     
                +2  3110     
                +2  3111     
                +2  3112     
                +2  3113     
                +2  3114     
                +2  3115     
                +2  3116     
                +2  3117     
                +2  3118     
A51 MACRO ASSEMBLER  L51_BANK                                                             09/20/2026 19:43:01 PAGE    24

                +2  3119     
                +2  3120     
                +2  3121     
                +2  3122     
                +2  3123     
                +2  3124     
                +2  3125     
                +2  3126     
                +2  3127     
                +2  3128     
                +2  3129     
                +2  3130     
                +2  3131     
                +2  3132     
                +2  3133     
                +2  3134     
                +2  3135     
                +2  3136     
                +2  3137     
                +2  3138     
                +2  3139     
                +2  3140     
                +2  3141     
                +2  3142     
                +2  3143     
                +2  3144     
                +2  3145     
                +2  3146     
                +2  3147     
                +2  3148     
                +2  3149     
                +2  3150     
                +2  3151     
                +2  3152     
                +2  3153     
                +2  3154     
                +2  3155     
                +2  3156     
                +2  3157     
                +2  3158     
                +2  3159     
                +2  3160     
                +2  3161     
                +2  3162     
                +2  3163     
                +2  3164     
                +2  3165     
                +2  3166     
                +2  3167     
                +2  3168     
                +2  3169     
                +2  3170     
                +2  3171     
                +2  3172     
                +2  3173     
                +2  3174     
                +2  3175     
                +2  3176     
                +2  3177     
                +2  3178     
                +2  3179     
                +2  3180     
                +2  3181     
                +2  3182     
                +2  3183     
                +2  3184     
A51 MACRO ASSEMBLER  L51_BANK                                                             09/20/2026 19:43:01 PAGE    25

                +2  3185     
                +2  3186     
                +2  3187     
                +2  3188     
                +2  3189     
                +2  3190     
                +2  3191     
                +2  3192     
                +2  3193     
                +2  3194     
                +2  3195     
                +2  3196     
                +2  3197     
                +2  3198     
                +2  3199     
                +2  3200     
                +2  3201     
                +2  3202     
                +2  3203     
                +2  3204     
                +2  3205     
                +2  3206     
                +2  3207     
                +2  3208     
                +2  3209     
                +2  3210     
                +2  3211     
                +2  3212     
                +2  3213     
                +2  3214     
                +2  3215     
                +2  3216     
                +2  3217     
                +2  3218     
                +2  3219     
                +2  3220     
                +2  3221     
                +2  3222     
                +2  3223     
                +2  3224     
                +2  3225     
                +2  3226     
                +2  3227     
                +2  3228     
                +2  3229     
                +2  3230     
                +2  3231     
                +2  3232     
                +2  3233     
                +2  3234     
                +2  3235     
                +2  3236     
                +2  3237     
                +2  3238     
                +2  3239     
                +2  3240     
                +2  3241     
                +2  3242     
                +2  3243     
                +2  3244     
                +2  3245     
                +2  3246     
                +2  3247     
                +2  3248     
                +2  3249     
                +2  3250     
A51 MACRO ASSEMBLER  L51_BANK                                                             09/20/2026 19:43:01 PAGE    26

                +2  3251     
                +2  3252     
                +2  3253     
                +2  3254     
                +2  3255     
                +2  3256     
                +2  3257     
                +2  3258     
                +2  3259     
                +2  3260     
                +2  3261     
                +2  3262     
                +2  3263     
                +2  3264     
                +2  3265     
                +2  3266     
                +2  3267     
                +2  3268     
                +2  3269     
                +2  3270     
                +2  3271     
                +2  3272     
                +2  3273     
                +2  3274     
                +2  3275     
                +2  3276     
                +2  3277     
                +2  3278     
                +2  3279     
                +2  3280     
                +2  3281     
                +2  3282     
                +2  3283     
                +2  3284     
                +2  3285     
                +2  3286     
                +2  3287     
                +2  3288     
                +2  3289     
                +2  3290     
                +2  3291     
                +2  3292     
                +2  3293     
                +2  3294     
                +2  3295     
                +2  3296     
                +2  3297     
                +2  3298     
                +2  3299     
                +2  3300     
                +2  3301     
                +2  3302     
                +2  3303     
                +2  3304     
                +2  3305     
                +2  3306     
                +2  3307     
                +2  3308     
                +2  3309     
                +2  3310     
                +2  3311     
                +2  3312     
                +2  3313     
                +2  3314     
                +2  3315     
                +2  3316     
A51 MACRO ASSEMBLER  L51_BANK                                                             09/20/2026 19:43:01 PAGE    27

                +2  3317     
                +2  3318     
                +2  3319     
                +2  3320     
                +2  3321     
                +2  3322     
                +2  3323     
                +2  3324     
                +2  3325     
                +2  3326     
                +2  3327     
                +2  3328     
                +2  3329     
                +2  3330     
                +2  3331     
                +2  3332     
                +2  3333     
                +2  3334     
                +2  3335     
                +2  3336     
                +2  3337     
                +2  3338     
                +2  3339     
                +2  3340     
                +2  3341     
                +2  3342     
                +2  3343     
                +2  3344     
                +2  3345     
                +2  3346     
                +2  3347     
                +2  3348     
                +2  3349     
                +2  3350     
                +2  3351     
                +2  3352     
                +2  3353     
                +2  3354     
                +2  3355     
                +2  3356     
                +2  3357     
                +2  3358     
                +2  3359     
                +2  3360     
                +2  3361     
                +2  3362     
                +2  3363     
                +2  3364     
                +2  3365     
                +2  3366     
                +2  3367     
                +2  3368     
                +2  3369     
                +2  3370     
                +2  3371     
                +2  3372     
                +2  3373     
                +2  3374     
                +2  3375     
                +2  3376     
                +2  3377     
                +2  3378     
                +2  3379     
                +2  3380     
                +2  3381     
                +2  3382     
A51 MACRO ASSEMBLER  L51_BANK                                                             09/20/2026 19:43:01 PAGE    28

                +2  3383     
                +2  3384     
                +2  3385     
                +2  3386     
                +2  3387     
                +2  3388     
                +2  3389     
                +2  3390     
                +2  3391     
                +2  3392     
                +2  3393     
                +2  3394     
                +2  3395     
                +2  3396     
                +2  3397     
                +2  3398     
                +2  3399     
                +2  3400     
                +2  3401     
                +2  3402     
                +2  3403     
                +2  3404     
                +2  3405     
                +2  3406     
                +2  3407     
                +2  3408     
                +2  3409     
                +2  3410     
                +2  3411     
                +2  3412     
                +2  3413     
                +2  3414     
                +2  3415     
                +2  3416     
                +2  3417     
                +2  3418     
                +2  3419     
                +2  3420     
                +2  3421     
                +2  3422     
                +2  3423     
                +2  3424     
                +2  3425     
                +2  3426     
                +2  3427     
                +2  3428     
                +2  3429     
                +2  3430     
                +2  3431     
                +2  3432     
                +2  3433     
                +2  3434     
                +2  3435     
                +2  3436     
                +2  3437     
                +2  3438     
                +2  3439     
                +2  3440     
                +2  3441     
                +2  3442     
                +2  3443     
                +2  3444     
                +2  3445     
                +2  3446     
                +2  3447     
                +2  3448     
A51 MACRO ASSEMBLER  L51_BANK                                                             09/20/2026 19:43:01 PAGE    29

                +2  3449     
                +2  3450     
                +2  3451     
                +2  3452     
                +2  3453     
                +2  3454     
                +2  3455     
                +2  3456     
                +2  3457     
                +2  3458     
                +2  3459     
                +2  3460     
                +2  3461     
                +2  3462     
                +2  3463     
                +2  3464     
                +2  3465     
                +2  3466     
                +2  3467     
                +2  3468     
                +2  3469     
                +2  3470     
                +2  3471     
                +2  3472     
                +2  3473     
                +2  3474     
                +2  3475     
                +2  3476     
                +2  3477     
                +2  3478     
                +2  3479     
                +2  3480     
                +2  3481     
                +2  3482     
                +2  3483     
                +2  3484     
                +2  3485     
                +2  3486     
                +2  3487     
                +2  3488     
                +2  3489     
                +2  3490     
                +2  3491     
                +2  3492     
                +2  3493     
                +2  3494     
                +2  3495     
                +2  3496     
                +2  3497     
                +2  3498     
                +2  3499     
                +2  3500     
                +2  3501     
                +2  3502     
                +2  3503     
                +2  3504     
                +2  3505     
                +2  3506     
                +2  3507     
                +2  3508     
                +2  3509     
                +2  3510     
                +2  3511     
                +2  3512     
                +2  3513     
                +2  3514     
A51 MACRO ASSEMBLER  L51_BANK                                                             09/20/2026 19:43:01 PAGE    30

                +2  3515     
                +2  3516     
                +2  3517     
                +2  3518     
                +2  3519     
                +2  3520     
                +2  3521     
                +2  3522     
                +2  3523     
                +2  3524     
                +2  3525     
                +2  3526     
                +2  3527     
                +2  3528     
                +2  3529     
                +2  3530     
                +2  3531     
                +2  3532     
                +2  3533     
                +2  3534     
                +2  3535     
                +2  3536     
                +2  3537     
                +2  3538     
                +2  3539     
                +2  3540     
                +2  3541     
                +2  3542     
                +2  3543     
                +2  3544     
                +2  3545     
                +2  3546     
                +2  3547     
                +2  3548     
                +2  3549     
                +2  3550     
                +2  3551     
                +2  3552     
                +2  3553     
                +2  3554     
                +2  3555     
                +2  3556     
                +2  3557     
                +2  3558     
                +2  3559     
                +2  3560     
                +2  3561     
                +2  3562     
                +2  3563     
                +2  3564     
                +2  3565     
                +2  3566     
                +2  3567     
                +2  3568     
                +2  3569     
                +2  3570     
                +2  3571     
                +2  3572     
                +2  3573     
                +2  3574     
                +2  3575     
                +2  3576     
                +2  3577     
                +2  3578     
                +2  3579     
                +2  3580     
A51 MACRO ASSEMBLER  L51_BANK                                                             09/20/2026 19:43:01 PAGE    31

                +2  3581     
                +2  3582     
                +2  3583     
                +2  3584     
                +2  3585     
                +2  3586     
                +2  3587     
                +2  3588     
                +2  3589     
                +2  3590     
                +2  3591     
                +2  3592     
                +2  3593     
                +2  3594     
                +2  3595     
                +2  3596     
                +2  3597     
                +2  3598     
                +2  3599     
                +2  3600     
                +2  3601     
                +2  3602     
                +2  3603     
                +2  3604     ;#include "RL6432_OSD_Gen_Option.h"
                +3  3605     
                +3  3606     
                +3  3607     
                +3  3608     
                +3  3609     
                +3  3610     
                +3  3611     
                +3  3612     
                +3  3613     
                +3  3614     
                +3  3615     
                +3  3616     
                +3  3617     
                +3  3618     
                +3  3619     
                +3  3620     
                +3  3621     
                +3  3622     
                +3  3623     
                +3  3624     
                +3  3625     
                +3  3626     
                +3  3627     
                +3  3628     
                +3  3629     
                +3  3630     
                +3  3631     
                +3  3632     
                +3  3633     
                +3  3634     
                +3  3635     
                +3  3636     
                +3  3637     
                +3  3638     
                +3  3639     
                +3  3640     
                +3  3641     
                +3  3642     
                +3  3643     
                +3  3644     
                +3  3645     
                +3  3646     
A51 MACRO ASSEMBLER  L51_BANK                                                             09/20/2026 19:43:01 PAGE    32

                +3  3647     
                +3  3648     
                +3  3649     
                +3  3650     
                +3  3651     
                +3  3652     
                +3  3653     
                +3  3654     
                +3  3655     
                +3  3656     
                +3  3657     
                +3  3658     
                +3  3659     
                +3  3660     
                +3  3661     
                +3  3662     
                +3  3663     
                +3  3664     
                +3  3665     
                +3  3666     
                +3  3667     
                +3  3668     
                +3  3669     
                +2  3670     
                +2  3671     
                +2  3672     
                +2  3673     
                +1  3674     
                +1  3675     ;#include "RL6449_Gen_Option.h"
                +2  3676     
                +2  3677     
                +2  3678     
                +2  3679     
                +2  3680     
                +2  3681     
                +2  3682     
                +2  3683     
                +2  3684     
                +2  3685     
                +2  3686     
                +2  3687     
                +2  3688     
                +2  3689     
                +2  3690     
                +2  3691     
                +2  3692     
                +2           
                +1  4511     
                +1  4512     ;#include "RL6463_Gen_Option.h"
                +2  4513     
                +2  4514     
                +2  4515     
                +2  4516     
                +2  4517     
                +2  4518     
                +2  4519     
                +2  4520     
                +2  4521     
                +2  4522     
                +2  4523     
                +2  4524     
                +2  4525     
                +2  4526     
                +2  4527     
                +2  4528     
                +2  4529     
A51 MACRO ASSEMBLER  L51_BANK                                                             09/20/2026 19:43:01 PAGE    33

                +2           
                +1  5342     
                +1  5343     ;#include "RL6492_Gen_Option.h"
                +2  5344     
                +2  5345     
                +2  5346     
                +2  5347     
                +2  5348     
                +2  5349     
                +2  5350     
                +2  5351     
                +2  5352     
                +2  5353     
                +2  5354     
                +2  5355     
                +2  5356     
                +2  5357     
                +2  5358     
                +2  5359     
                +2  5360     
                +2           
                +1  6171     
                +1  6172     ;#include "RL6851_Gen_Option.h"
                +2  6173     
                +2  6174     
                +2  6175     
                +2  6176     
                +2  6177     
                +2  6178     
                +2  6179     
                +2  6180     
                +2  6181     
                +2  6182     
                +2  6183     
                +2  6184     
                +2  6185     
                +2  6186     
                +2  6187     
                +2  6188     
                +2  6189     
                +2           
                +1  7000     
                +1  7001     
                +1  7002     
                +1  7003     
                +1  7004     
                +1  7005     ;#include "User_Project_Include.h"
                +2  7006     
                +2  7007     
                +2  7008     
                +2  7009     
                +2  7010     
                +2  7011     
                +2  7012     
                +2  7013     
                +2  7014     
                +2  7015     
                +2  7016     
                +2  7017     
                +2  7018     
                +2  7019     
                +2  7020     
                +2  7021     ;#include "RL6369_Project.h"
                +3  7022     
                +3  7023     
                +3  7024     
A51 MACRO ASSEMBLER  L51_BANK                                                             09/20/2026 19:43:01 PAGE    34

                +3  7025     
                +3  7026     
                +3  7027     
                +3  7028     
                +3  7029     
                +3  7030     
                +3  7031     
                +3  7032     
                +3  7033     
                +3  7034     
                +3  7035     
                +3  7036     
                +3  7037     
                +3  7038     
                +3           
                +2  7537     
                +2  7538     ;#include "RL6410_Project.h"
                +3  7539     
                +3  7540     
                +3  7541     
                +3  7542     
                +3  7543     
                +3  7544     
                +3  7545     
                +3  7546     
                +3  7547     
                +3  7548     
                +3  7549     
                +3  7550     
                +3  7551     
                +3  7552     
                +3  7553     
                +3  7554     
                +3  7555     
                +3           
                +2  8126     
                +2  8127     ;#include "RL6432_Project.h"
                +3  8128     
                +3  8129     
                +3  8130     
                +3  8131     
                +3  8132     
                +3  8133     
                +3  8134     
                +3  8135     
                +3  8136     
                +3  8137     
                +3  8138     
                +3  8139     
                +3  8140     
                +3  8141     
                +3  8142     
                +3  8143     
                +3  8144     
                +3  8145     ;#include "HK_ProjectDefine.h"
                +4  8146     
                +4  8147     
                +4  8148     
                +4  8149     
                +4  8150     
                +4  8151     
                +4  8152     
                +4  8153     
                +4  8154     
                +4  8155     
                +4  8156     
A51 MACRO ASSEMBLER  L51_BANK                                                             09/20/2026 19:43:01 PAGE    35

                +4  8157     
                +4  8158     
                +4  8159     
                +4  8160     
                +4  8161     
                +4  8162     
                +4  8163     
                +4  8164     ;#include "LuoGang_ProjectDefine.h"
                +5  8165     
                +5  8166     
                +5  8167     
                +5  8168     
                +5  8169     
                +5  8170     
                +5  8171     
                +5  8172     
                +5  8173     
                +5  8174     
                +5  8175     
                +5  8176     
                +5  8177     
                +5  8178     
                +5  8179     
                +5  8180     
                +5  8181     
                +5  8182     
                +5  8183     
                +5  8184     
                +5  8185     
                +5  8186     
                +5  8187     
                +5  8188     
                +5  8189     
                +5  8190     
                +5  8191      
                +5  8192     
                +5  8193     
                +5  8194     
                +5  8195     
                +5  8196     
                +5  8197     
                +5  8198     
                +5  8199     
                +5  8200     
                +5  8201     
                +5  8202     
                +5  8203     
                +5  8204     
                +5  8205     
                +5  8206     
                +5  8207     
                +5  8208     
                +5  8209     
                +5  8210     
                +5  8211     
                +5  8212     
                +5  8213     
                +5  8214     
                +5  8215     
                +5  8216     
                +5  8217     
                +5  8218     
                +5  8219     
                +5  8220     
                +5  8221     
                +5  8222     
A51 MACRO ASSEMBLER  L51_BANK                                                             09/20/2026 19:43:01 PAGE    36

                +5  8223     
                +5  8224     
                +5  8225     
                +5  8226     
                +5  8227     
                +5  8228     
                +5  8229     
                +5  8230     
                +5  8231     
                +5  8232     
                +5  8233     
                +5  8234     
                +5  8235     
                +5  8236     
                +5  8237     
                +5  8238     
                +5  8239     
                +5  8240     
                +5  8241     
                +5  8242     
                +5  8243     
                +5  8244     
                +5  8245     
                +5  8246     
                +5  8247     
                +5  8248     
                +5  8249     
                +5  8250     
                +5  8251     
                +5  8252     
                +5  8253     
                +5  8254     
                +5  8255     
                +5  8256     
                +5  8257     
                +5  8258     
                +5  8259     
                +5  8260     
                +5  8261     
                +5  8262     
                +5  8263     
                +5  8264     
                +5  8265     
                +5  8266     
                +5  8267     
                +5  8268     
                +5  8269     
                +5  8270     
                +5  8271     
                +5  8272     
                +5  8273     
                +5  8274     
                +5  8275     
                +5  8276     
                +5  8277     
                +5  8278     
                +5  8279     
                +5  8280     
                +5  8281     
                +5  8282     
                +5  8283     
                +5  8284     
                +5  8285     
                +5  8286     
                +5  8287     
                +5  8288     
A51 MACRO ASSEMBLER  L51_BANK                                                             09/20/2026 19:43:01 PAGE    37

                +5  8289     
                +5  8290     
                +5  8291     
                +5  8292     
                +5  8293     
                +5  8294     
                +5  8295     
                +5  8296     
                +5  8297     
                +5  8298     
                +5  8299     
                +5  8300     
                +5  8301     
                +5  8302     
                +5  8303     
                +5  8304     
                +5  8305     
                +5  8306     
                +5  8307     
                +5  8308     
                +5  8309     
                +5  8310     
                +5  8311     
                +5  8312     
                +5  8313     
                +5  8314     
                +5  8315     
                +5  8316     
                +5  8317     
                +5  8318     
                +5  8319     
                +5  8320     
                +5  8321     
                +5  8322     
                +5  8323     
                +5  8324     
                +5  8325     
                +5  8326     
                +5  8327     
                +5  8328     
                +5  8329     
                +5  8330     
                +5  8331     
                +5  8332     
                +5  8333     
                +5  8334     
                +5  8335     
                +5  8336     
                +5  8337     
                +5  8338     
                +5  8339     
                +5  8340     
                +5  8341     
                +5  8342     
                +5  8343     
                +5  8344     
                +5  8345     
                +5  8346     
                +5  8347     
                +5  8348     
                +5  8349     
                +5  8350     
                +5  8351     
                +5  8352     
                +5  8353     
                +5  8354     
A51 MACRO ASSEMBLER  L51_BANK                                                             09/20/2026 19:43:01 PAGE    38

                +5  8355     
                +5  8356     
                +5  8357     
                +5  8358     
                +5  8359     
                +5  8360     
                +5  8361     
                +5  8362     
                +5  8363     
                +5  8364     
                +5  8365     
                +5  8366     
                +5  8367     
                +5  8368     
                +5  8369     
                +5  8370     
                +5  8371     
                +5  8372     
                +5  8373     
                +5  8374     
                +5  8375     
                +5  8376     
                +5  8377     
                +5  8378     
                +5  8379     
                +5  8380     
                +5  8381     
                +5  8382     
                +5  8383     
                +5  8384     
                +5  8385     ;#include "LuoGang_ProjectDefine_OLD_20250520.h"
                +6  8386     
                +6  8387     
                +6  8388     
                +6  8389     
                +6  8390     
                +6  8391     
                +6  8392     
                +6  8393     
                +6  8394     
                +6  8395     
                +6  8396     
                +6  8397     
                +6  8398     
                +6  8399     
                +6  8400     
                +6  8401     
                +6  8402     
                +6  8403     
                +6  8404     
                +6  8405     
                +6  8406     
                +6  8407     
                +6  8408     
                +6  8409     
                +6  8410     
                +6  8411     
                +6  8412     
                +6  8413     
                +6  8414     
                +6  8415     
                +6  8416     
                +6  8417     
                +6  8418     
                +6  8419     
                +6  8420     
A51 MACRO ASSEMBLER  L51_BANK                                                             09/20/2026 19:43:01 PAGE    39

                +6  8421     
                +6  8422     
                +6  8423     
                +6  8424     
                +6  8425     
                +6  8426     
                +6  8427     
                +6  8428     
                +6  8429     
                +6  8430     
                +6  8431     
                +6  8432     
                +6  8433     
                +6  8434     
                +6  8435     
                +6  8436     
                +6  8437     
                +6  8438      
                +6  8439     
                +6  8440     
                +6  8441     
                +6  8442     
                +6  8443     
                +6  8444     
                +6  8445     
                +6  8446     
                +6  8447     
                +6  8448     
                +6  8449     
                +6  8450     
                +6  8451     
                +6  8452     
                +6  8453     
                +6  8454     
                +6  8455     
                +6  8456     
                +6  8457     
                +6  8458     
                +6  8459     
                +6  8460     
                +6  8461     
                +6  8462     
                +6  8463     
                +6  8464     
                +6  8465     
                +6  8466     
                +6  8467     
                +6  8468     
                +6  8469     
                +6  8470     
                +6  8471     
                +6  8472     
                +6  8473     
                +6  8474     
                +6  8475     
                +6  8476     
                +6  8477     
                +6  8478     
                +6  8479     
                +6  8480     
                +6  8481     
                +6  8482     
                +6  8483     
                +6  8484     
                +6  8485     
                +6  8486     
A51 MACRO ASSEMBLER  L51_BANK                                                             09/20/2026 19:43:01 PAGE    40

                +6  8487     
                +6  8488     
                +6  8489     
                +6  8490     
                +6  8491     
                +6  8492     
                +6  8493     
                +6  8494     
                +6  8495     
                +6  8496     
                +6  8497     
                +6  8498     
                +6  8499     
                +6  8500     
                +6  8501     
                +6  8502     
                +6  8503     
                +6  8504     
                +6  8505     
                +6  8506     
                +6  8507     
                +6  8508     
                +6  8509     
                +6  8510     
                +6  8511     
                +6  8512     
                +6  8513     
                +6  8514     
                +6  8515     
                +6  8516     
                +6  8517     
                +6  8518     
                +6  8519     
                +6  8520     
                +6  8521     
                +6  8522     
                +6  8523     
                +6  8524     
                +6  8525     
                +6  8526     
                +6  8527     
                +6  8528     
                +6  8529     
                +6  8530     
                +6  8531     
                +6  8532     
                +6  8533     
                +6  8534     
                +6  8535     
                +6  8536     
                +6  8537     
                +6  8538     
                +6  8539     
                +6  8540     
                +6  8541     
                +6  8542     
                +6  8543     
                +6  8544     
                +6  8545     
                +6  8546     
                +6  8547     
                +6  8548     
                +6  8549     
                +6  8550     
                +6  8551     
                +6  8552     
A51 MACRO ASSEMBLER  L51_BANK                                                             09/20/2026 19:43:01 PAGE    41

                +6  8553     
                +6  8554     
                +6  8555     
                +6  8556     
                +6  8557     
                +6  8558     
                +6  8559     
                +6  8560     
                +6  8561     
                +6  8562     
                +6  8563     
                +6  8564     
                +6  8565     
                +6  8566     
                +6  8567     
                +6  8568     
                +6  8569     
                +6  8570     
                +6  8571     
                +6  8572     
                +6  8573     
                +6  8574     
                +6  8575     
                +6  8576     
                +6  8577     
                +6  8578     
                +6  8579     
                +6  8580     
                +6  8581     
                +6  8582     
                +6  8583     
                +6  8584     
                +6  8585     
                +6  8586     
                +6  8587     
                +6  8588     
                +6  8589     
                +6  8590     
                +6  8591     
                +6  8592     
                +6  8593     
                +6  8594     
                +6  8595     
                +6  8596     
                +6  8597     
                +6  8598     
                +6  8599     
                +6  8600     
                +6  8601     
                +6  8602     
                +6  8603     
                +6  8604     
                +6  8605     
                +6  8606     
                +6  8607     
                +6  8608     
                +6  8609     
                +6  8610     
                +6  8611     
                +6  8612     
                +6  8613     
                +6  8614     
                +6  8615     
                +6  8616     
                +6  8617     
                +6  8618     
A51 MACRO ASSEMBLER  L51_BANK                                                             09/20/2026 19:43:01 PAGE    42

                +6  8619     
                +6  8620     
                +6  8621     
                +6  8622     
                +6  8623     
                +6  8624     
                +6  8625     
                +6  8626     
                +6  8627     
                +6  8628     
                +6  8629     
                +6  8630     
                +6  8631     
                +6  8632     
                +6  8633     
                +6  8634     
                +6  8635     
                +6  8636     
                +6  8637     
                +6  8638     
                +6  8639     
                +6  8640     
                +6  8641     
                +6  8642     
                +6  8643     
                +6  8644     
                +6  8645     
                +6  8646     
                +6  8647     
                +6  8648     
                +6  8649     
                +6  8650     
                +6  8651     
                +6  8652     
                +6  8653     
                +6  8654     
                +6  8655     
                +6  8656     
                +6  8657     
                +6  8658     
                +6  8659     
                +6  8660     
                +6  8661     
                +6  8662     
                +6  8663     
                +6  8664     
                +6  8665     
                +6  8666     
                +6  8667     
                +6  8668     
                +6  8669     
                +6  8670     
                +6  8671     
                +6  8672     
                +6  8673     
                +6  8674     
                +6  8675     
                +6  8676     
                +6  8677     
                +6  8678     
                +6  8679     
                +6  8680     
                +6  8681     
                +6  8682     
                +6  8683      
                +6  8684     
A51 MACRO ASSEMBLER  L51_BANK                                                             09/20/2026 19:43:01 PAGE    43

                +6  8685     
                +6  8686     
                +6  8687     
                +6  8688     
                +6  8689     
                +6  8690     
                +6  8691     
                +6  8692     
                +6  8693     
                +6  8694     
                +6  8695     
                +6  8696     
                +6  8697     
                +6  8698     
                +6  8699     
                +6  8700     
                +6  8701     
                +6  8702     
                +6  8703     
                +6  8704     
                +6  8705     
                +6  8706     
                +6  8707     
                +6  8708     
                +6  8709       
                +6  8710     
                +6  8711     
                +6  8712       
                +6  8713     
                +6  8714     
                +6  8715     
                +6  8716     
                +6  8717     
                +6  8718     
                +6  8719     
                +6  8720     
                +6  8721     
                +6  8722     
                +6  8723     
                +6  8724     
                +6  8725     
                +6  8726     
                +6  8727     
                +6  8728     
                +6  8729     
                +6  8730     
                +6  8731     
                +6  8732     
                +6  8733     
                +6  8734     
                +6  8735     
                +6  8736     
                +6  8737     
                +6  8738     
                +6  8739     
                +6  8740     
                +6  8741     
                +6  8742     
                +6  8743     
                +6  8744     
                +6  8745     
                +6  8746     
                +6  8747     
                +6  8748     
                +6  8749     
                +6  8750     
A51 MACRO ASSEMBLER  L51_BANK                                                             09/20/2026 19:43:01 PAGE    44

                +6  8751     
                +6  8752     
                +6  8753     
                +6  8754     
                +6  8755     
                +6  8756     
                +6  8757     
                +6  8758     
                +6  8759     
                +6  8760     
                +6  8761     
                +6  8762     
                +6  8763     
                +6  8764     
                +6  8765     
                +6  8766     
                +6  8767     
                +6  8768     
                +6  8769     
                +6  8770     
                +6  8771     
                +6  8772     
                +6  8773     
                +6  8774     
                +6  8775     
                +6  8776     
                +6  8777     
                +6  8778     
                +6  8779     
                +6           
                +6 11378     
                +5 11379     
                +5 11380     
                +5 11381     
                +5 11382     
                +5               
                +5 11916         
                +5 11917         
                +5 11918         
                +5 11919             
                +5 11920             
                +5 11921             
                +5           
                +5 11961     
                +5 11962     
                +5 11963     
                +5 11964     
                +5 11965     
                +5 11966     
                +5 11967     
                +5 11968     
                +5 11969     
                +5 11970     
                +5 11971     
                +5 11972     
                +5 11973     
                +5 11974     
                +5 11975     
                +5 11976     
                +5 11977     
                +5 11978     
                +5 11979     
                +5 11980     
                +5 11981     
                +5 11982     
                +5 11983     
A51 MACRO ASSEMBLER  L51_BANK                                                             09/20/2026 19:43:01 PAGE    45

                +5 11984     
                +5 11985     
                +5 11986     
                +5 11987     
                +5 11988     
                +5 11989     
                +5 11990     
                +5 11991     
                +5 11992     
                +5 11993     
                +5 11994     
                +5 11995     
                +5 11996     
                +5 11997     
                +5 11998     
                +5 11999     
                +5 12000     
                +5 12001     
                +5 12002     
                +5 12003     
                +5 12004     
                +5 12005     
                +5 12006     
                +5 12007     
                +5 12008     
                +5 12009     
                +5 12010     
                +5 12011     
                +5 12012     
                +5 12013     
                +5 12014     
                +5 12015     
                +5 12016     ;#include "./pcb/User_Pcb_List.h"
                +6 12017     
                +6 12018     
                +6 12019     
                +6 12020     
                +6 12021     
                +6 12022     
                +6 12023     
                +6 12024     
                +6 12025     
                +6 12026     
                +6 12027     
                +6 12028     
                +6 12029     
                +6 12030     
                +6 12031     
                +6 12032     
                +6 12033     
                +6 12034     
                +6 12035     
                +6 12036     
                +6 12037     
                +6 12038     
                +6 12039     
                +6 12040     
                +6 12041     
                +6 12042     
                +6 12043     
                +6 12044     
                +6 12045     
                +6 12046     
                +6 12047     
                +6 12048     
                +6 12049     
A51 MACRO ASSEMBLER  L51_BANK                                                             09/20/2026 19:43:01 PAGE    46

                +6 12050     
                +6 12051     
                +6 12052     
                +6 12053     
                +6 12054     
                +6 12055     
                +6 12056     
                +6 12057     
                +6 12058     
                +6 12059     
                +6 12060     
                +6 12061     
                +6 12062     
                +6 12063     
                +6 12064     
                +6 12065     
                +6 12066     
                +6 12067     
                +6 12068     
                +6 12069     
                +6 12070     
                +6 12071     
                +6 12072     
                +6 12073     
                +6 12074     
                +6 12075     
                +6 12076     
                +6 12077     
                +6 12078     
                +6 12079     
                +6 12080     
                +6 12081     
                +6 12082     
                +6 12083     
                +6 12084     
                +6 12085     
                +6 12086     
                +6 12087     
                +6 12088     
                +6 12089     
                +6 12090     
                +6 12091     
                +6 12092     
                +6 12093     
                +6 12094     
                +6 12095     
                +6 12096     
                +6 12097     
                +6 12098     
                +6 12099     
                +6 12100     
                +6 12101     
                +6 12102     
                +6 12103     
                +6 12104     
                +6 12105     
                +6 12106     
                +6 12107     
                +6 12108     
                +6 12109     
                +6 12110     
                +6 12111     
                +6 12112     
                +6 12113     
                +6 12114     
                +6 12115     
A51 MACRO ASSEMBLER  L51_BANK                                                             09/20/2026 19:43:01 PAGE    47

                +6 12116     
                +6 12117     
                +6 12118     
                +6 12119     
                +6 12120     
                +6 12121     
                +6 12122     
                +6 12123     
                +6 12124     
                +6 12125     
                +6 12126     
                +6 12127     
                +6 12128     
                +6 12129     
                +6 12130     
                +6 12131     
                +6 12132     
                +6 12133     
                +6 12134     
                +6 12135     
                +6 12136     
                +6 12137     
                +6 12138     
                +6 12139     
                +6 12140     
                +6 12141     
                +6 12142     
                +6 12143     
                +6 12144     
                +6 12145     
                +6 12146     
                +6 12147     
                +6 12148     
                +6 12149     
                +6 12150     
                +6 12151     
                +6 12152     
                +6 12153     
                +6 12154     
                +6 12155     
                +6 12156     
                +6 12157     
                +6 12158     
                +6 12159     
                +6 12160     
                +6 12161     
                +6 12162     
                +6 12163     
                +6 12164     
                +6 12165     
                +6 12166     
                +6 12167      
                +6 12168     
                +6 12169     
                +6 12170     
                +6 12171     
                +6 12172     
                +6 12173     
                +6 12174     
                +6 12175     
                +6 12176     
                +6 12177     
                +6 12178     
                +6 12179     
                +6 12180     
                +6 12181     
A51 MACRO ASSEMBLER  L51_BANK                                                             09/20/2026 19:43:01 PAGE    48

                +6 12182     
                +6 12183     
                +6 12184     
                +6 12185     
                +6 12186     
                +6 12187     
                +6 12188     
                +6 12189     
                +6 12190     
                +6 12191     
                +6 12192     
                +6 12193     
                +6 12194     
                +6 12195     
                +6 12196     
                +6 12197     
                +6 12198     
                +6 12199     
                +6 12200     
                +6 12201     
                +6 12202     
                +6 12203     
                +5 12204     
                +5 12205     
                +5 12206     
                +5 12207     
                +5           
                +5 12210     
                +5           
                +5 12213     
                +5 12214     
                +5           
                +5 12217     
                +5           
                +5 12220     
                +5           
                +5 12223     
                +5 12224     
                +5           
                +5 12232     
                +5 12233     
                +5 12234     
                +5 12235     
                +5 12236     
                +5           
                +5 12245     
                +5 12246     
                +5 12247     
                +5 12248     
                +4 12249     
                +4 12250     
                +4 12251     
                +4 12252     
                +4 12253     
                +4 12254     
                +4           
                +4 12331     
                +3 12332     
                +3 12333     
                +3 12334     ;#include "./Panel/User_Panel_List.h"
                +4 12335     
                +4 12336     
                +4 12337     
                +4 12338     
                +4 12339     
                +4 12340     
A51 MACRO ASSEMBLER  L51_BANK                                                             09/20/2026 19:43:01 PAGE    49

                +4 12341     
                +4 12342     
                +4 12343     
                +4 12344     
                +4 12345     
                +4 12346     
                +4 12347     
                +4 12348     
                +4 12349     
                +4 12350     
                +4 12351     
                +4 12352     
                +4 12353     
                +4 12354     
                +4 12355     
                +4 12356     
                +4 12357     
                +4 12358     
                +4 12359     
                +4 12360     
                +4 12361     
                +4 12362     
                +4 12363     
                +4 12364     
                +4 12365     
                +4 12366     
                +4 12367     
                +4 12368     
                +4 12369     
                +4 12370     
                +4 12371     
                +4 12372     
                +4 12373     
                +4 12374     
                +4 12375     
                +4 12376     
                +4 12377     
                +4 12378     
                +4 12379     
                +4 12380     
                +4 12381     
                +4 12382     
                +4 12383     
                +4 12384     
                +4 12385     
                +4 12386     
                +4 12387     
                +4 12388     
                +4 12389     
                +4 12390     
                +4 12391     
                +4 12392     
                +4 12393     
                +4 12394     
                +4 12395     
                +4 12396     
                +4 12397     
                +4 12398     
                +4 12399     
                +4 12400     
                +4 12401     
                +4 12402     
                +4 12403     
                +4 12404     
                +4 12405     
                +4 12406     
A51 MACRO ASSEMBLER  L51_BANK                                                             09/20/2026 19:43:01 PAGE    50

                +4 12407     
                +4 12408     
                +4 12409     
                +4 12410     
                +4 12411     
                +4 12412     
                +4 12413     
                +4 12414     
                +4 12415     
                +4 12416     
                +4 12417     
                +4 12418     
                +4 12419     
                +4 12420     
                +4 12421     
                +4 12422     
                +4 12423     
                +4 12424     
                +4 12425     
                +4 12426     
                +4 12427     
                +4 12428     
                +4 12429     
                +4 12430     
                +4 12431     
                +4 12432     
                +4 12433     
                +4 12434     
                +4 12435     
                +4 12436     
                +4 12437     
                +4 12438     
                +4 12439     
                +4 12440     
                +4 12441     
                +4 12442     
                +4 12443     
                +4 12444     
                +4 12445     
                +4 12446     
                +4 12447     
                +4 12448     
                +4 12449     
                +4 12450     
                +4 12451     
                +4 12452     
                +4 12453     
                +4 12454     
                +4 12455     
                +4 12456     
                +4 12457     
                +4 12458     
                +4 12459     
                +4 12460     
                +4 12461     
                +4 12462     
                +4 12463     
                +4 12464     
                +4 12465     
                +4 12466     
                +4 12467     
                +4 12468     
                +4 12469     
                +4 12470     
                +4 12471     
                +4 12472     
A51 MACRO ASSEMBLER  L51_BANK                                                             09/20/2026 19:43:01 PAGE    51

                +4 12473     
                +4 12474     
                +4 12475     
                +4 12476     
                +4 12477     
                +4 12478     
                +4 12479     
                +4 12480     
                +4 12481     
                +4 12482     
                +4 12483     
                +4 12484     
                +4 12485     
                +4 12486     
                +4 12487     
                +4 12488     
                +4 12489     
                +4 12490     
                +4 12491     
                +4 12492     
                +4 12493     
                +4 12494     
                +4 12495     
                +4 12496     
                +4 12497     
                +4 12498     
                +4 12499     
                +4 12500     
                +4 12501     
                +4 12502     
                +4 12503     
                +4 12504     
                +4 12505     
                +4 12506     
                +4 12507     
                +4 12508     
                +4 12509     
                +4 12510     
                +4 12511     
                +4 12512     
                +4 12513     
                +4 12514     
                +4 12515     
                +4 12516     
                +4 12517     
                +4 12518     
                +4 12519     
                +4 12520     
                +4 12521     
                +4 12522     
                +4 12523     
                +4 12524     
                +4 12525     
                +4 12526     
                +4 12527     
                +4 12528     
                +4 12529     
                +4 12530     
                +4 12531     
                +4 12532     
                +4 12533     
                +4 12534     
                +4 12535     
                +4 12536     
                +4 12537     
                +4 12538     
A51 MACRO ASSEMBLER  L51_BANK                                                             09/20/2026 19:43:01 PAGE    52

                +4 12539     
                +4 12540     
                +4 12541     
                +4 12542     
                +4 12543     
                +4 12544     
                +4 12545     
                +4 12546     
                +4 12547     
                +4 12548     
                +4 12549     
                +4 12550     
                +4 12551     
                +4 12552     
                +4 12553     
                +4 12554     
                +4 12555     
                +4 12556     
                +4 12557     
                +4 12558     
                +4 12559     
                +4 12560     
                +4 12561     
                +4 12562     
                +4 12563     
                +4 12564     
                +4 12565     
                +4 12566     
                +4 12567     
                +4 12568     
                +4 12569     
                +4 12570     
                +4 12571     
                +4 12572     
                +4 12573     
                +4 12574     
                +4 12575     
                +4 12576     
                +4 12577     
                +4 12578     
                +4 12579     
                +4 12580     
                +4 12581     
                +4 12582     
                +4 12583     
                +4 12584     
                +4 12585     
                +4 12586     
                +3 12587     
                +3 12588     ;#include "./PCB/User_Pcb_List.h"
                +4 12589     
                +4 12590     
                +4 12591     
                +4 12592     
                +4 12593     
                +4 12594     
                +4 12595     
                +4 12596     
                +4 12597     
                +4 12598     
                +4 12599     
                +4 12600     
                +4 12601     
                +4 12602     
                +4 12603     
                +4 12604     
A51 MACRO ASSEMBLER  L51_BANK                                                             09/20/2026 19:43:01 PAGE    53

                +4 12605     
                +4 12606     
                +4 12607     
                +4 12608     
                +4 12609     
                +4 12610     
                +4 12611     
                +4 12612     
                +4 12613     
                +4 12614     
                +4 12615     
                +4 12616     
                +4 12617     
                +4 12618     
                +4 12619     
                +4 12620     
                +4 12621     
                +4 12622     
                +4 12623     
                +4 12624     
                +4 12625     
                +4 12626     
                +4 12627     
                +4 12628     
                +4 12629     
                +4 12630     
                +4 12631     
                +4 12632     
                +4 12633     
                +4 12634     
                +4 12635     
                +4 12636     
                +4 12637     
                +4 12638     
                +4 12639     
                +4 12640     
                +4 12641     
                +4 12642     
                +4 12643     
                +4 12644     
                +4 12645     
                +4 12646     
                +4 12647     
                +4 12648     
                +4 12649     
                +4 12650     
                +4 12651     
                +4 12652     
                +4 12653     
                +4 12654     
                +4 12655     
                +4 12656     
                +4 12657     
                +4 12658     
                +4 12659     
                +4 12660     
                +4 12661     
                +4 12662     
                +4 12663     
                +4 12664     
                +4 12665     
                +4 12666     
                +4 12667     
                +4 12668     
                +4 12669     
                +4 12670     
A51 MACRO ASSEMBLER  L51_BANK                                                             09/20/2026 19:43:01 PAGE    54

                +4 12671     
                +4 12672     
                +4 12673     
                +4 12674     
                +4 12675     
                +4 12676     
                +4 12677     
                +4 12678     
                +4 12679     
                +4 12680     
                +4 12681     
                +4 12682     
                +4 12683     
                +4 12684     
                +4 12685     
                +4 12686     
                +4 12687     
                +4 12688     
                +4 12689     
                +4 12690     
                +4 12691     
                +4 12692     
                +4 12693     
                +4 12694     
                +4 12695     
                +4 12696     
                +4 12697     
                +4 12698     
                +4 12699     
                +4 12700     
                +4 12701     
                +4 12702     
                +4 12703     
                +4 12704     
                +4 12705     
                +4 12706     
                +4 12707     
                +4 12708     
                +4 12709     
                +4 12710     
                +4 12711     
                +4 12712     
                +4 12713     
                +4 12714     
                +4 12715     
                +4 12716     
                +4 12717     
                +4 12718     
                +4 12719     
                +4 12720     
                +4 12721     
                +4 12722     
                +4 12723     
                +4 12724     
                +4 12725     
                +4 12726     
                +4 12727     
                +4 12728     
                +4 12729     
                +4 12730     
                +4 12731     
                +4 12732     
                +4 12733     
                +4 12734     
                +4 12735     
                +4 12736     
A51 MACRO ASSEMBLER  L51_BANK                                                             09/20/2026 19:43:01 PAGE    55

                +4 12737     
                +4 12738     
                +4 12739      
                +4 12740     
                +4 12741     
                +4 12742     
                +4 12743     
                +4 12744     
                +4 12745     
                +4 12746     
                +4 12747     
                +4 12748     
                +4 12749     
                +4 12750     
                +4 12751     
                +4 12752     
                +4 12753     
                +4 12754     
                +4 12755     
                +4 12756     
                +4 12757     
                +4 12758     
                +4 12759     
                +4 12760     
                +4 12761     
                +4 12762     
                +4 12763     
                +4 12764     
                +4 12765     
                +4 12766     
                +4 12767     
                +4 12768     
                +4 12769     
                +4 12770     
                +4 12771     
                +4 12772     
                +4 12773     
                +4 12774     
                +4 12775     
                +3 12776     
                +3 12777     
                +3 12778     
                +3 12779     
                +3 12780     
                +3 12781     
                +3 12782     
                +3 12783     
                +3 12784     
                +3 12785     
                +3 12786     
                +3 12787     
                +3 12788     
                +3 12789     
                +3 12790     
                +3 12791     
                +3 12792     
                +3 12793     
                +3 12794     
                +3           
                +3 12797     
                +3 12798     
                +3 12799     
                +3 12800     
                +3 12801     
                +3 12802     
                +3 12803     
A51 MACRO ASSEMBLER  L51_BANK                                                             09/20/2026 19:43:01 PAGE    56

                +3 12804     
                +3 12805     
                +3 12806     
                +3 12807     
                +3 12808     
                +3 12809     
                +3 12810     
                +3 12811     
                +3 12812     
                +3 12813     
                +3 12814     
                +3 12815     
                +3 12816     
                +3 12817     
                +3 12818     
                +3 12819     
                +3 12820     
                +3 12821     
                +3 12822     
                +3 12823     
                +3 12824     
                +3 12825     
                +3 12826     
                +3 12827     
                +3 12828     
                +3 12829     
                +3 12830     
                +3 12831     
                +3 12832     
                +3 12833     
                +3 12834     
                +3 12835     
                +3 12836     
                +3 12837     
                +3 12838     
                +3 12839     
                +3 12840     
                +3 12841     
                +3 12842     
                +3 12843     
                +3 12844     
                +3 12845     
                +3 12846     
                +3 12847     
                +3 12848     
                +3 12849     
                +3 12850     
                +3 12851             
                +3           
                +3 12855     
                +3 12856     
                +3 12857     
                +3 12858     
                +3           
                +3 12864     
                +3 12865     
                +3 12866     
                +3 12867     
                +3 12868     
                +3 12869     
                +3 12870     
                +3 12871     
                +3 12872     
                +3 12873     
                +3 12874     
                +3 12875     
A51 MACRO ASSEMBLER  L51_BANK                                                             09/20/2026 19:43:01 PAGE    57

                +3 12876     
                +3 12877     
                +3 12878     
                +3           
                +3 12882     
                +3 12883     
                +3 12884     
                +3 12885     
                +3 12886     
                +3 12887     
                +3 12888     
                +3 12889     
                +3           
                +3 12893     
                +3 12894     
                +3 12895     
                +3 12896     
                +3 12897     
                +3 12898     
                +3 12899     
                +3 12900     
                +3 12901     
                +3 12902     
                +3 12903     
                +3 12904     
                +3 12905     
                +3 12906     
                +3 12907     
                +3 12908     
                +3 12909     
                +3 12910     
                +3 12911     
                +3 12912     
                +3 12913     
                +3 12914     
                +3 12915     
                +3 12916     
                +3 12917     
                +3 12918     
                +3 12919     
                +3 12920     
                +3 12921     
                +3 12922     
                +3 12923     
                +3 12924     
                +3 12925     
                +3 12926     
                +3 12927     
                +3 12928     
                +3 12929     
                +3 12930     
                +3 12931     
                +3 12932     
                +3 12933     
                +3 12934     
                +3 12935     
                +3 12936     
                +3 12937     
                +3 12938     
                +3 12939     
                +3 12940     
                +3 12941     
                +3 12942     
                +3 12943     
                +3 12944     
                +3 12945     
A51 MACRO ASSEMBLER  L51_BANK                                                             09/20/2026 19:43:01 PAGE    58

                +3 12946     
                +3 12947     
                +3 12948     
                +3 12949     
                +3 12950     
                +3 12951     
                +3 12952     
                +3 12953     
                +3 12954     
                +3 12955     
                +3 12956     
                +3 12957     
                +3 12958     
                +3 12959     
                +3 12960     
                +3 12961     
                +3 12962     
                +3 12963     
                +3 12964     
                +3 12965     
                +3 12966     
                +3 12967     
                +3 12968     
                +3 12969     
                +3 12970     
                +3 12971     
                +3 12972     
                +3 12973     
                +3 12974     
                +3 12975     
                +3 12976     
                +3 12977     
                +3 12978     
                +3 12979     
                +3 12980     
                +3 12981     
                +3 12982     
                +3 12983     
                +3 12984     
                +3 12985     
                +3 12986     
                +3 12987     
                +3 12988     
                +3 12989     
                +3 12990     
                +3 12991     
                +3 12992     
                +3 12993     
                +3 12994     
                +3 12995     
                +3 12996     
                +3 12997     
                +3 12998     
                +3 12999     
                +3 13000     
                +3 13001     
                +3 13002     
                +3 13003     
                +3 13004     
                +3 13005     
                +3 13006     
                +3 13007     
                +3 13008     
                +3 13009     
                +3 13010     
                +3 13011     
A51 MACRO ASSEMBLER  L51_BANK                                                             09/20/2026 19:43:01 PAGE    59

                +3 13012     
                +3 13013     
                +3 13014     
                +3 13015     
                +3 13016     
                +3 13017     
                +3 13018     
                +3 13019     
                +3 13020     
                +3 13021     
                +3 13022     
                +3 13023     
                +3 13024     
                +3 13025     
                +3 13026     
                +3 13027     
                +3 13028     
                +3 13029     
                +3 13030     
                +3 13031     
                +3 13032     
                +3 13033     
                +3 13034     
                +3 13035     
                +3 13036     
                +3 13037     
                +3 13038     
                +3 13039     
                +3 13040     
                +3 13041     
                +3 13042     
                +3 13043     
                +3 13044     
                +3 13045     
                +3 13046     
                +3 13047     
                +3 13048     
                +3 13049     
                +3 13050     
                +3 13051     
                +3 13052     
                +3 13053     
                +3 13054     
                +3 13055     
                +3 13056     
                +3 13057     
                +3 13058     
                +3 13059     
                +3 13060     
                +3 13061     
                +3 13062     
                +3 13063     
                +3 13064     
                +3 13065     
                +3 13066     
                +3 13067     
                +3 13068     
                +3 13069     
                +3 13070     
                +3 13071     
                +3 13072     
                +3 13073     
                +3 13074     
                +3 13075     
                +3 13076     
                +3 13077     
A51 MACRO ASSEMBLER  L51_BANK                                                             09/20/2026 19:43:01 PAGE    60

                +3 13078     
                +3 13079     
                +3 13080     
                +3 13081     
                +3 13082     
                +3 13083     
                +3 13084     
                +3 13085     
                +3 13086     
                +3 13087     
                +3 13088     
                +3 13089     
                +3 13090     
                +3 13091     
                +3 13092     
                +3 13093     
                +3 13094     
                +3 13095     
                +3 13096     
                +3 13097     
                +3 13098     
                +3 13099     
                +3 13100     
                +3 13101     
                +3 13102     
                +3 13103     
                +3 13104     
                +3           
                +3 13107     
                +3 13108     
                +3 13109     
                +3 13110     
                +3 13111     
                +3 13112     
                +3 13113     
                +3 13114     
                +3           
                +3 13117     
                +3 13118     
                +3 13119     
                +3 13120     
                +3           
                +3 13123     
                +3 13124     
                +3 13125     
                +3 13126     
                +3 13127     
                +3 13128     
                +3 13129     
                +3 13130     
                +3 13131     
                +3 13132     
                +3 13133     
                +3 13134     
                +3 13135     
                +3 13136     
                +3 13137     
                +3 13138     
                +3 13139     
                +3 13140     
                +3 13141     
                +3 13142     
                +3 13143     
                +3 13144     
                +3 13145     
                +3 13146     
A51 MACRO ASSEMBLER  L51_BANK                                                             09/20/2026 19:43:01 PAGE    61

                +3 13147     
                +3 13148     
                +3 13149     
                +3 13150     
                +3 13151     
                +3 13152     
                +3 13153     
                +3 13154     
                +3 13155     
                +3 13156     
                +3 13157     
                +3 13158     
                +3 13159     
                +3 13160     
                +3 13161     
                +3 13162     
                +3 13163     
                +3 13164     
                +3 13165     
                +3 13166     
                +3 13167     
                +3 13168     
                +3 13169     
                +3 13170     
                +3 13171     
                +3 13172     
                +3 13173     
                +3 13174     
                +3 13175     
                +3 13176     
                +3 13177     
                +3 13178     
                +3 13179     
                +3 13180     
                +3 13181     
                +3 13182     
                +3           
                +3 13202     
                +3 13203     
                +3 13204     
                +3 13205     
                +3 13206     
                +3 13207     
                +3 13208     
                +3 13209     
                +3 13210     
                +3 13211     
                +3 13212     
                +3 13213     
                +3 13214     
                +3 13215     
                +3 13216     
                +3 13217     
                +3 13218     
                +3 13219     
                +3 13220     
                +3 13221     
                +3 13222     
                +3 13223     
                +3 13224     
                +3 13225     
                +3 13226     
                +3 13227     
                +3 13228     
                +3 13229     
                +3 13230     
A51 MACRO ASSEMBLER  L51_BANK                                                             09/20/2026 19:43:01 PAGE    62

                +3 13231     
                +3 13232     
                +3 13233     
                +3 13234     
                +3 13235     
                +3 13236     
                +3 13237     
                +3 13238     
                +3 13239     
                +3 13240     
                +3 13241     
                +3 13242     
                +3 13243     
                +3 13244     
                +3 13245     
                +3 13246     
                +3 13247     
                +3 13248     
                +3 13249     
                +3 13250     
                +3 13251     
                +3 13252     
                +3 13253     
                +3 13254     
                +3 13255     
                +3 13256     
                +3 13257     
                +3 13258     
                +3 13259     
                +3 13260     
                +3 13261     
                +3 13262     
                +3 13263     
                +3 13264     
                +3 13265     
                +3 13266     
                +3 13267     
                +3 13268     
                +3 13269     
                +3 13270     
                +3 13271     
                +3 13272     
                +3 13273     
                +3 13274     
                +3 13275     
                +3 13276     
                +3 13277     
                +3 13278     
                +3 13279     
                +3 13280     
                +3 13281     
                +3 13282     
                +3 13283     
                +3 13284     
                +3 13285     
                +3 13286     
                +3 13287     
                +3 13288     
                +3 13289     
                +3 13290     
                +3 13291     
                +3 13292     
                +3 13293     
                +3 13294     
                +3 13295     
                +3 13296     
A51 MACRO ASSEMBLER  L51_BANK                                                             09/20/2026 19:43:01 PAGE    63

                +3 13297     
                +3 13298     
                +3 13299     
                +3 13300     
                +3 13301     
                +3 13302     
                +3 13303     
                +3 13304     
                +3 13305     
                +3 13306     
                +3 13307     
                +3 13308     
                +3 13309     
                +3 13310     
                +3 13311     
                +3 13312     
                +3 13313     
                +3 13314     
                +3 13315     
                +3 13316     
                +3 13317     
                +3 13318     
                +3 13319     
                +3 13320     
                +3 13321     
                +3 13322     
                +3 13323     
                +3 13324     
                +3 13325     
                +3 13326     
                +3 13327     
                +3 13328     
                +3 13329     
                +3 13330     
                +3 13331     
                +3 13332     
                +3 13333     
                +3 13334     
                +3 13335     
                +3 13336     
                +3 13337     
                +3 13338     
                +3           
                +3 13348     
                +3           
                +3 13352     
                +3 13353     
                +3 13354     
                +3 13355     
                +3 13356     
                +3 13357     
                +3 13358     
                +3 13359     
                +3 13360     
                +3 13361     
                +3 13362     
                +3 13363     
                +3 13364     
                +3 13365     
                +3 13366     
                +3 13367     
                +3 13368     
                +3 13369     
                +3 13370     
                +3 13371     
                +3 13372     
A51 MACRO ASSEMBLER  L51_BANK                                                             09/20/2026 19:43:01 PAGE    64

                +3 13373     
                +3 13374     
                +3 13375     
                +3 13376     
                +3 13377     
                +3 13378     
                +3 13379     
                +3 13380     
                +3 13381     
                +3 13382     
                +3 13383     
                +3 13384     
                +3 13385     
                +3 13386     
                +3 13387     
                +3 13388     
                +3 13389     
                +3 13390     
                +3 13391     
                +3 13392     
                +3 13393     
                +3 13394     
                +3           
                +3 13397     
                +3 13398     
                +3 13399     
                +3 13400     
                +3 13401     
                +3 13402     
                +3 13403     
                +3 13404     
                +3 13405     
                +3 13406     
                +3 13407     
                +3 13408     
                +3 13409     
                +3 13410     
                +3 13411     
                +3 13412     
                +3 13413     
                +3 13414     
                +3 13415     
                +3 13416     
                +3 13417     
                +3 13418     
                +3 13419     
                +3 13420     
                +3 13421     
                +3 13422     
                +3 13423     
                +3 13424     
                +3 13425     
                +3 13426     
                +3 13427     
                +3 13428     
                +3 13429     
                +3 13430     
                +3 13431     
                +3 13432     
                +3 13433     
                +3 13434     
                +3 13435     
                +3 13436     
                +3 13437     
                +3 13438     
                +3 13439     
A51 MACRO ASSEMBLER  L51_BANK                                                             09/20/2026 19:43:01 PAGE    65

                +2 13440     
                +2 13441     ;#include "RL6449_Project.h"
                +3 13442     
                +3 13443     
                +3 13444     
                +3 13445     
                +3 13446     
                +3 13447     
                +3 13448     
                +3 13449     
                +3 13450     
                +3 13451     
                +3 13452     
                +3 13453     
                +3 13454     
                +3 13455     
                +3 13456     
                +3 13457     
                +3 13458     
                +3 13459     
                +3 13460     
                +3 13461     
                +3           
                +2 14090     
                +2 14091     ;#include "RL6463_Project.h"
                +3 14092     
                +3 14093     
                +3 14094     
                +3 14095     
                +3 14096     
                +3 14097     
                +3 14098     
                +3 14099     
                +3 14100     
                +3 14101     
                +3 14102     
                +3 14103     
                +3 14104     
                +3 14105     
                +3 14106     
                +3 14107     
                +3 14108     
                +3 14109     
                +3 14110     
                +3 14111     
                +3           
                +2 14708     
                +2 14709     ;#include "RL6492_Project.h"
                +3 14710     
                +3 14711     
                +3 14712     
                +3 14713     
                +3 14714     
                +3 14715     
                +3 14716     
                +3 14717     
                +3 14718     
                +3 14719     
                +3 14720     
                +3 14721     
                +3 14722     
                +3 14723     
                +3 14724     
                +3 14725     
                +3 14726     
                +3           
A51 MACRO ASSEMBLER  L51_BANK                                                             09/20/2026 19:43:01 PAGE    66

                +2 15279     
                +2 15280     ;#include "RL6851_Project.h"
                +3 15281     
                +3 15282     
                +3 15283     
                +3 15284     
                +3 15285     
                +3 15286     
                +3 15287     
                +3 15288     
                +3 15289     
                +3 15290     
                +3 15291     
                +3 15292     
                +3 15293     
                +3 15294     
                +3 15295     
                +3 15296     
                +3 15297     
                +3           
                +2 15924     
                +2 15925     
                +1 15926     
                +1 15927     ;#include "Project_Asm_Option.h"
                +2 15928     
                +2 15929     
                +2 15930     
                +2 15931     
                +2 15932     
                +2 15933     
                +2 15934     
                +2 15935     
                +2 15936     
                +2 15937     
                +2 15938     
                +2 15939     
                +2 15940     
                +2 15941     
                +2 15942     
                +2 15943     
                +2 15944     
                +2 15945     
                +2 15946     
                +2 15947     
                +2 15948     
                +2 15949     
                +2 15950     
                +2 15951     
                +2 15952     
                +2 15953     
                +2 15954     
                +2 15955     
                +2 15956     
                +2 15957     
                +2 15958     
                +2 15959     
                +2 15960     
                +2 15961     
                +2 15962     
                +2 15963     
                +2 15964     
                +2 15965     
                +2 15966     
                +2 15967     
                +2 15968     
                +2 15969     
A51 MACRO ASSEMBLER  L51_BANK                                                             09/20/2026 19:43:01 PAGE    67

                +2 15970     
                +2 15971     
                +2 15972     
                +2 15973     
                +2 15974     
                +2 15975     
                +2           
                +2 15979     
                +2 15980     
                +2 15981     
                +2 15982     
                +2 15983     
                +2 15984     
                +2 15985     
                +2 15986     
                +2 15987     
                +2 15988     
                +2 15989     
                +2 15990     
                +2 15991     
                +2 15992     
                +1 15993     
                   15994     
                   15995     
                   15996     $nomod51  NOLINES
                   15997     $nocond 
                   15998     ;------------------------------------------------------------------------------
                   15999     ;  This file is part of the BL51 / LX51 Banked Linker/Locater package
                   16000     ;  Copyright (c) 1988 - 2001 Keil Elektronik GmbH and Keil Software, Inc.
                   16001     ;  Version 2.21 (Code and Variable Banking for Classic 8051 Derivatives)
                   16002     ;------------------------------------------------------------------------------
                   16003     ;************************ Configuration Section *******************************
                   16004     ; Define maximum Number of Banks                                              *
  0010             16005     ?B_NBANKS       EQU  0x10;                  *
                   16006     ;                         ; following values are allowed: 2, 4, 8, 16, 32, 64 *
                   16007     ;                         ; for BL51 the maximum value for ?B_BANKS is 32     *
                   16008     ;                         ; for LX51 the maximum value for ?B_BANKS is 64     *
                   16009     ;                                                                             *
  0001             16010     ?B_MODE         EQU  1    ; 0 for Bank-Switching via 8051 Port                *
                   16011     ;                         ; 1 for Bank-Switching via XDATA Port               *
                   16012     ;                         ; 4 for user-provided bank switch code              *
                   16013     ;                                                                             *
  0000             16014     ?B_RTX          EQU  0    ; 0 for applications without real-time OS           *
                   16015     ;                         ; 1 for applications using the RTX-51 real-time OS  *
                   16016     ;                                                                             *
  0000             16017     ?B_VAR_BANKING  EQU  0    ; Variable Banking via L51_BANK (far memory support)*
                   16018     ;                         ; 0 Variable Banking does not use L51_BANK.A51      *
                   16019     ;                         ; 1 Variable Banking uses this L51_BANK.A51 module  *
                   16020     ; Notes: ?B_VAR_BANKING uses the 'far' and 'far const' C51 memory types to    *
                   16021     ;        extent the space for variables in RAM and/or ROM of classic 8051     *
                   16022     ;        device.  The same hardware as for code banking is used.  Program     *
                   16023     ;        code banking and variable banking share the same hardware I/O pins.  *
                   16024     ;        The C51 Compiler must be used with the VARBANKING directive.         *
                   16025     ;        Variable Banking is only supported with the LX51 linker/locater.     *
                   16026     ;                                                                             *
  00FF             16027     ?B_RST_BANK     EQU  0xFF ; specifies the active code bank number after CPU   *
                   16028     ;                         ; Reset.  Used to reduce the entries in the         *
                   16029     ;                         ; INTERBANK CALL TABLE.  The value 0xFF disables    *
                   16030     ;                         ; this LX51 linker/locater optimization.            *
                   16031     ; Note:  Interbank Call Table optimization is only possible with LX51.        *
                   16032     ;                                                                             *
                   16033     ;-----------------------------------------------------------------------------*
                   16034     ;                                                                             *
                             ENDIF;                                                                        *
                   16047     ;                                                                             *
                   16048     IF  ?B_MODE = 1;                                                              *
A51 MACRO ASSEMBLER  L51_BANK                                                             09/20/2026 19:43:01 PAGE    68

                   16049     ;-----------------------------------------------------------------------------*
                   16050     ; if ?BANK?MODE is 1 define the following values                              *
                   16051     ; For Bank-Switching via XDATA Port define XDATA Port Address / Bits          *
  FFFF             16052     ?B_XDATAPORT    EQU     0FFFFH   ; default is XDATA Port Address 0FFFFH       *
  0000             16053     ?B_FIRSTBIT     EQU     0        ; default is Bit 0                           *
                   16054     ;-----------------------------------------------------------------------------*
                   16055     ENDIF;                                                                        *
                   16056     ;                                                                             *
                             ENDIF;                                                                        *
                   16115     ;                                                                             *
                             ENDIF;                                                                        *
                   16136     ;                                                                             *
                   16137     ;******************************************************************************
                   16138     ;                                                                             *
                   16139     ; THEORY OF OPERATION                                                         *
                   16140     ; -------------------                                                         *
                   16141     ; The section below describes the code generated by BL51 or LX51 and the      *
                   16142     ; operation of the L51_BANK.A51 module.  BL51/LX51 generates for each         *
                   16143     ; function that is located in a code memory bank and called from the common   *
                   16144     ; area or a different code bank and entry into the INTRABANK CALL TABLE.  The *
                   16145     ; INTRABANK CALL TABLE is located in the SEGMENT ?BANK?SELECT and listed in   *
                   16146     ; the Linker MAP file. The entries in that TABLE have the following format:   *
                   16147     ;                                                                             *
                   16148     ;   ?FCT?1:  MOV  DPTR,#FCT     ; Load Address of target FCT                  *
                   16149     ;            JMP  ?B_BANKn      ; Switch to Bank and Jump to Target Code      *
                   16150     ;                                                                             *
                   16151     ; Instead of directly calling the function FCT, the Linker changes the entry  *
                   16152     ; to ?FCT?1.  This entry selects the bank where the function FCT is located   *
                   16153     ; and calls that function via the routines defined in this L51_BANK.A51 file. *
                   16154     ; The L51_BANK.A51 file contains two sets of functions for each bank:         *
                   16155     ;                                                                             *
                   16156     ; ?B_BANKn    is a routine which saves the entry of the ?B_SWITCHn function   *
                   16157     ;             for the current active bank on the STACK and switches to the    *
                   16158     ;             bank 'n'.  Then it jumps to the address specified by the DPTR   *
                   16159     ;             register.  It is allowed to modify the following registers in   *
                   16160     ;             the ?B_BANKn routine:  A, B, R0, DPTR, PSW                      *
                   16161     ;                                                                             *
                   16162     ; ?B_SWITCHn  is a function which selects the bank 'n'.  This function is     *
                   16163     ;             used at the end of a user function to return to the calling     *
                   16164     ;             code bank.  Only the following registers may be altered in the  *
                   16165     ;             ?B_SWITCHn function:  R0, DPTR                                  *
                   16166     ;                                                                             *
                   16167     ; The current active bank is stored in ?B_CURRENTBANK.  RTX-51 uses this      *
                   16168     ; variable to restore the code bank after a task switch.  To get correct      *
                   16169     ; results, ?B_CURRENTBANK must be set to the code bank before the hardware    *
                   16170     ; switch is done, or the code banking sequences must be interrupt protected.  *
                   16171     ;******************************************************************************
                   16172     
                   16173                     NAME    ?BANK?SWITCHING
                   16174     
                   16175                     PUBLIC  ?B_NBANKS, ?B_MODE, ?B_CURRENTBANK, ?B_MASK
                   16176                     PUBLIC  ?B_FACTOR, ?B_RST_BANK
                             ENDIF
                   16180     
                   16181     ; Standard SFR Symbols required in L51_BANK.A51
  00E0             16182     ACC     DATA    0E0H
  00F0             16183     B       DATA    0F0H
  0082             16184     DPL     DATA    82H
  0083             16185     DPH     DATA    83H
  00A8             16186     IE      DATA    0A8H
  00AF             16187     EA      BIT     IE.7
                   16188     
                   16189     
                   16190     ; generate Mask and Bank Number Information
                             ELSEIF  ?B_NBANKS <= 16
  000F             16198       MASK          EQU     00001111B
A51 MACRO ASSEMBLER  L51_BANK                                                             09/20/2026 19:43:01 PAGE    69

                             ENDIF
                   16204     
                             ENDIF  ; close block IF ?B_MODE = 0 *******************************************
                   16458     
                   16459     
                   16460     IF ?B_MODE = 1 ;***************************************************************
                   16461     
  0001             16462     ?B_FACTOR       EQU     1 SHL ?B_FIRSTBIT
                   16463     
  000F             16464     ?B_MASK         EQU     MASK SHL ?B_FIRSTBIT
                   16465     
                   16466     BANKN           MACRO   N
                   16467     BANK&N          EQU     N SHL ?B_FIRSTBIT
                   16468                     ENDM
                   16469     
  0000             16470     CNT             SET     0
                   16471     
                   16472                     REPT    ?B_NBANKS
                   16473                     BANKN   %CNT
                   16474     CNT             SET     CNT+1
                   16475                     ENDM
                   16476+1                   BANKN   %CNT
                   16479+1                   BANKN   %CNT
                   16482+1                   BANKN   %CNT
                   16485+1                   BANKN   %CNT
                   16488+1                   BANKN   %CNT
                   16491+1                   BANKN   %CNT
                   16494+1                   BANKN   %CNT
                   16497+1                   BANKN   %CNT
                   16500+1                   BANKN   %CNT
                   16503+1                   BANKN   %CNT
                   16506+1                   BANKN   %CNT
                   16509+1                   BANKN   %CNT
                   16512+1                   BANKN   %CNT
                   16515+1                   BANKN   %CNT
                   16518+1                   BANKN   %CNT
                   16521+1                   BANKN   %CNT
                   16524     
                   16525     
                   16526     ?C_INITSEG      SEGMENT CODE            ; Segment for Variable Initialization
----               16527                     RSEG    ?C_INITSEG
0000 01            16528                     DB      01H             ; IData
0001 00       F    16529                     DB      ?B_CURRENTBANK  ; Init Current Bank
0002 00            16530                     DB      0               ; Set to Zero
                   16531     
                   16532     
                   16533     
                   16534     
                   16535     
                   16536     ;User/both Code don't do this for use relocte function 30H
                   16537     ;Boot Code and No Dual bank case do this.
0003 41            16538                     DB      41H                        ; XData
0004 FFFF          16539                     DW      ?B_XDATAPORT               ; Init XDATA Port
0006 00            16540                     DB      0 ; Set to intial bank
                   16541     
                   16542     
                   16543                     PUBLIC  ?B_XDATAPORT
                   16544     
                   16545     ?BANK?DATA      SEGMENT DATA
----               16546                     RSEG    ?BANK?DATA
0000               16547     ?B_CURRENTBANK: DS      1
                   16548     
                   16549     
                             ENDIF
                   16626     
                   16627     
A51 MACRO ASSEMBLER  L51_BANK                                                             09/20/2026 19:43:01 PAGE    70

                   16628     IF ?B_NBANKS <= 16
                   16629       ; Convert Bank No in Accu to Address * 16
                   16630       IF  ?B_FIRSTBIT = 0
                   16631       CONVBANKNO    MACRO
                   16632                     SWAP    A
                   16633                     ENDM
                   16634       ENDIF
                   16635     
                               ENDIF
                   16642     
                               ENDIF
                   16649     
                               ENDIF
                   16655     
                               ENDIF
                   16660     
                               ENDIF
                   16666     
                               ENDIF
                   16673     
                               ENDIF
                   16680     
                   16681       SWITCH        MACRO   N
                   16682                     ORG     N * 16
                   16683                     PUBLIC  ?B_SWITCH&N
                   16684       ?B_SWITCH&N:
                   16685                     MOV     R0,A
                   16686                     MOV     A,#BANK&N
                   16687                     MOV     DPTR,#?B_XDATAPORT
                   16688                     MOV     ?B_CURRENTBANK,A
                   16689     
                             
                                             
                   16692     
                   16693                     MOVX    @DPTR,A
                   16694                     MOV     A,R0
                   16695                     RET
                   16696                     ENDM
                   16697     
                   16698     ENDIF
                   16699     
                   16700     
                   16701     SELECT          MACRO   N
                   16702     LOCAL           XLABEL, YLABEL
                   16703     
                   16704                     PUBLIC  ?B_BANK&N
                   16705     ?B_BANK&N:
                   16706                     MOV     A,?B_CURRENTBANK
                   16707                     ANL     A,#?B_MASK
                   16708                     CONVBANKNO         ; Convert Bank Number to Address
                   16709                     PUSH    ACC
                   16710                     MOV     A,#HIGH ?BANK?SWITCH
                   16711                     PUSH    ACC
                   16712                     PUSH    DPL
                   16713                     PUSH    DPH
                   16714                     LJMP    ?B_SWITCH&N
                   16715     
                   16716                     ENDM
                   16717     
                   16718     
                   16719     ?BANK?SELECT    SEGMENT  CODE
                   16720     
----               16721                     RSEG    ?BANK?SELECT
  0000             16722     CNT             SET     0
                   16723     
                   16724                     REPT    ?B_NBANKS
A51 MACRO ASSEMBLER  L51_BANK                                                             09/20/2026 19:43:01 PAGE    71

                   16725                     SELECT  %CNT
                   16726     CNT             SET     CNT+1
                   16727     
                   16728                     ENDM
                   16729+1                   SELECT  %CNT
                   16746+1                   SELECT  %CNT
                   16763+1                   SELECT  %CNT
                   16780+1                   SELECT  %CNT
                   16797+1                   SELECT  %CNT
                   16814+1                   SELECT  %CNT
                   16831+1                   SELECT  %CNT
                   16848+1                   SELECT  %CNT
                   16865+1                   SELECT  %CNT
                   16882+1                   SELECT  %CNT
                   16899+1                   SELECT  %CNT
                   16916+1                   SELECT  %CNT
                   16933+1                   SELECT  %CNT
                   16950+1                   SELECT  %CNT
                   16967+1                   SELECT  %CNT
                   16984+1                   SELECT  %CNT
                   17001     
                             
                   17008     
                   17009     
                   17010     ?BANK?SWITCH    SEGMENT  CODE  PAGE
                   17011     
----               17012                     RSEG    ?BANK?SWITCH
  0000             17013     CNT             SET     0
                   17014     
                   17015                     REPT    ?B_NBANKS
                   17016                     SWITCH  %CNT
                   17017     
                   17018     CNT             SET     CNT+1
                   17019                     ENDM
                   17020+1                   SWITCH  %CNT
                   17037+1                   SWITCH  %CNT
                   17054+1                   SWITCH  %CNT
                   17071+1                   SWITCH  %CNT
                   17088+1                   SWITCH  %CNT
                   17105+1                   SWITCH  %CNT
                   17122+1                   SWITCH  %CNT
                   17139+1                   SWITCH  %CNT
                   17156+1                   SWITCH  %CNT
                   17173+1                   SWITCH  %CNT
                   17190+1                   SWITCH  %CNT
                   17207+1                   SWITCH  %CNT
                   17224+1                   SWITCH  %CNT
                   17241+1                   SWITCH  %CNT
                   17258+1                   SWITCH  %CNT
                   17275+1                   SWITCH  %CNT
                   17292     
                               ENDIF
                   17305     
                               ENDIF
                   17317     
                   17318     ENDIF  ; close block IF ?B_MODE = 1 *******************************************
                   17319     
                   17320     
                             ENDIF  ; close block IF ?B_MODE = 4 *******************************************
                   17393     
----               17394                     RSEG    ?BANK?SELECT
                   17395     
                   17396     ;************************  SWITCHBANK FUNCTION  *******************************
                   17397     ;                                                                             *
                   17398     ; SWITCHBANK allows use of bank-switching for C programs                      *
                   17399     ;                                                                             *
A51 MACRO ASSEMBLER  L51_BANK                                                             09/20/2026 19:43:01 PAGE    72

                   17400     ; prototype:   extern switchbank (unsigned char bank_number);                 *
                   17401     ;                                                                             *
                   17402     ;******************************************************************************
                   17403                     PUBLIC  _SWITCHBANK, ?B_SWITCHBANK_A
                   17404     
0120 EF            17405     _SWITCHBANK:    MOV     A,R7
                   17406     
                             ENDIF  ; close block IF ?B_MODE = 0 *******************************************
                   17423     
                   17424     IF ?B_MODE = 1 ;***************************************************************
                   17425     
0121               17426     ?B_SWITCHBANK_A:
                             ENDIF
                   17431     
                   17432     IF ?B_NBANKS <= 16
0121 C4            17433                     SWAP    A
                   17434     ENDIF
0122 900000   F    17435                     MOV     DPTR,#?BANK?SWITCH
0125 73            17436                     JMP     @A+DPTR
                   17437     
                   17438     ENDIF  ; close block IF ?B_MODE = 1 *******************************************
                   17439     
                             ENDIF  ; close block IF ?B_MODE = 4 *******************************************
                   17469     
                   17470     
                             ENDIF  ; close block IF ?B_VAR_BANKING ****************************************
                   17889     
A51 MACRO ASSEMBLER  L51_BANK                                                             09/20/2026 19:43:01 PAGE    73

SYMBOL TABLE LISTING
------ ----- -------


N A M E             T Y P E  V A L U E   ATTRIBUTES

?BANK?DATA . . . .  D SEG    0001H       REL=UNIT
?BANK?SELECT . . .  C SEG    0126H       REL=UNIT
?BANK?SWITCH . . .  C SEG    00FBH       REL=PAGE
?BANK?SWITCHING. .  N NUMB   -----       
?B_BANK0 . . . . .  C ADDR   0000H   R   SEG=?BANK?SELECT
?B_BANK1 . . . . .  C ADDR   0012H   R   SEG=?BANK?SELECT
?B_BANK10. . . . .  C ADDR   00B4H   R   SEG=?BANK?SELECT
?B_BANK11. . . . .  C ADDR   00C6H   R   SEG=?BANK?SELECT
?B_BANK12. . . . .  C ADDR   00D8H   R   SEG=?BANK?SELECT
?B_BANK13. . . . .  C ADDR   00EAH   R   SEG=?BANK?SELECT
?B_BANK14. . . . .  C ADDR   00FCH   R   SEG=?BANK?SELECT
?B_BANK15. . . . .  C ADDR   010EH   R   SEG=?BANK?SELECT
?B_BANK2 . . . . .  C ADDR   0024H   R   SEG=?BANK?SELECT
?B_BANK3 . . . . .  C ADDR   0036H   R   SEG=?BANK?SELECT
?B_BANK4 . . . . .  C ADDR   0048H   R   SEG=?BANK?SELECT
?B_BANK5 . . . . .  C ADDR   005AH   R   SEG=?BANK?SELECT
?B_BANK6 . . . . .  C ADDR   006CH   R   SEG=?BANK?SELECT
?B_BANK7 . . . . .  C ADDR   007EH   R   SEG=?BANK?SELECT
?B_BANK8 . . . . .  C ADDR   0090H   R   SEG=?BANK?SELECT
?B_BANK9 . . . . .  C ADDR   00A2H   R   SEG=?BANK?SELECT
?B_CURRENTBANK . .  D ADDR   0000H   R   SEG=?BANK?DATA
?B_FACTOR. . . . .  N NUMB   0001H   A   
?B_FIRSTBIT. . . .  N NUMB   0000H   A   
?B_MASK. . . . . .  N NUMB   000FH   A   
?B_MODE. . . . . .  N NUMB   0001H   A   
?B_NBANKS. . . . .  N NUMB   0010H   A   
?B_RST_BANK. . . .  N NUMB   00FFH   A   
?B_RTX . . . . . .  N NUMB   0000H   A   
?B_SWITCH0 . . . .  C ADDR   0000H   R   SEG=?BANK?SWITCH
?B_SWITCH1 . . . .  C ADDR   0010H   R   SEG=?BANK?SWITCH
?B_SWITCH10. . . .  C ADDR   00A0H   R   SEG=?BANK?SWITCH
?B_SWITCH11. . . .  C ADDR   00B0H   R   SEG=?BANK?SWITCH
?B_SWITCH12. . . .  C ADDR   00C0H   R   SEG=?BANK?SWITCH
?B_SWITCH13. . . .  C ADDR   00D0H   R   SEG=?BANK?SWITCH
?B_SWITCH14. . . .  C ADDR   00E0H   R   SEG=?BANK?SWITCH
?B_SWITCH15. . . .  C ADDR   00F0H   R   SEG=?BANK?SWITCH
?B_SWITCH2 . . . .  C ADDR   0020H   R   SEG=?BANK?SWITCH
?B_SWITCH3 . . . .  C ADDR   0030H   R   SEG=?BANK?SWITCH
?B_SWITCH4 . . . .  C ADDR   0040H   R   SEG=?BANK?SWITCH
?B_SWITCH5 . . . .  C ADDR   0050H   R   SEG=?BANK?SWITCH
?B_SWITCH6 . . . .  C ADDR   0060H   R   SEG=?BANK?SWITCH
?B_SWITCH7 . . . .  C ADDR   0070H   R   SEG=?BANK?SWITCH
?B_SWITCH8 . . . .  C ADDR   0080H   R   SEG=?BANK?SWITCH
?B_SWITCH9 . . . .  C ADDR   0090H   R   SEG=?BANK?SWITCH
?B_SWITCHBANK_A. .  C ADDR   0121H   R   SEG=?BANK?SELECT
?B_VAR_BANKING . .  N NUMB   0000H   A   
?B_XDATAPORT . . .  N NUMB   FFFFH   A   
?C_INITSEG . . . .  C SEG    0007H       REL=UNIT
ACC. . . . . . . .  D ADDR   00E0H   A   
B. . . . . . . . .  D ADDR   00F0H   A   
BANK0. . . . . . .  N NUMB   0000H   A   
BANK1. . . . . . .  N NUMB   0001H   A   
BANK10 . . . . . .  N NUMB   000AH   A   
BANK11 . . . . . .  N NUMB   000BH   A   
BANK12 . . . . . .  N NUMB   000CH   A   
BANK13 . . . . . .  N NUMB   000DH   A   
BANK14 . . . . . .  N NUMB   000EH   A   
BANK15 . . . . . .  N NUMB   000FH   A   
BANK2. . . . . . .  N NUMB   0002H   A   
BANK3. . . . . . .  N NUMB   0003H   A   
A51 MACRO ASSEMBLER  L51_BANK                                                             09/20/2026 19:43:01 PAGE    74

BANK4. . . . . . .  N NUMB   0004H   A   
BANK5. . . . . . .  N NUMB   0005H   A   
BANK6. . . . . . .  N NUMB   0006H   A   
BANK7. . . . . . .  N NUMB   0007H   A   
BANK8. . . . . . .  N NUMB   0008H   A   
BANK9. . . . . . .  N NUMB   0009H   A   
B_SWITCH_SIZE. . .    ----   -----       
CNT. . . . . . . .  N NUMB   0010H   A   
DPH. . . . . . . .  D ADDR   0083H   A   
DPL. . . . . . . .  D ADDR   0082H   A   
EA . . . . . . . .  B ADDR   00A8H.7 A   
IE . . . . . . . .  D ADDR   00A8H   A   
LONG_MACRO . . . .    ----   -----       
MASK . . . . . . .  N NUMB   000FH   A   
N. . . . . . . . .    ----   -----       
SAVEA. . . . . . .    ----   -----       
_SWITCHBANK. . . .  C ADDR   0120H   R   SEG=?BANK?SELECT


REGISTER BANK(S) USED: 0 


ASSEMBLY COMPLETE.  0 WARNING(S), 0 ERROR(S)
