C51 COMPILER V9.60.0.0   RL6432_SERIES_AUDIO                                               09/20/2026 19:44:03 PAGE 1   


C51 COMPILER V9.60.0.0, COMPILATION OF MODULE RL6432_SERIES_AUDIO
OBJECT MODULE PLACED IN .\Output\RL6432_Project\RL6432_Series_Audio.obj
COMPILER INVOKED BY: C:\Keil_v5\C51\BIN\C51.EXE Kernel\Scaler\RL6432_Series_Scaler\Code\RL6432_Series_Audio.c LARGE OPTI
                    -MIZE(9,SPEED) INCDIR(.\Output\RL6432;.\Project\Header;.\Pcb;.\Panel;.\Kernel\Device\Header;.\Kernel\Common;.\Kernel\Syst
                    -em\Header;.\Kernel\Scaler\ScalerFunction\Header;.\Kernel\Scaler\ScalerCommonFunction\Header;.\Kernel\Scaler\ScalerFuncti
                    -on\Lib\Header;.\Kernel\Scaler\ScalerCommonFunction\Lib\Header;.\Kernel\Scaler\RL6432_Series_Scaler\Header;.\Kernel\Scale
                    -r\RL6432_Series_Common\Header;.\Kernel\Scaler\RL6432_Series_Scaler\Lib\Header;.\Kernel\Scaler\RL6432_Series_Common\Lib\H
                    -eader;.\Kernel\User Common Function\Header;.\User\RTD Series\RTD2014Function\Header;.\User\RTD Series\RTD2014Osd\Header;
                    -.\User\RTD Factory\Header;.\User\None Series\NoneFunction\Header;.\User\None Series\NoneOsd\Header;.\User\None Factory\H
                    -eader) DEFINE(_PROJECT=_RL6432_PROJECT,_SCALER_TYPE=_RL6432_SERIES) DEBUG OBJECTEXTEND PRINT(.\Output\RL6432_Project\RL6
                    -432_Series_Audio.lst) TABS(2) OBJECT(.\Output\RL6432_Project\RL6432_Series_Audio.obj)

line level    source

   1          /********************************************************************************/
   2          /*   Copyright (c) 2021 Realtek Semiconductor Corp. All rights reserved.        */
   3          /*                                                                              */
   4          /*   SPDX-License-Identifier: LicenseRef-Realtek-Proprietary                    */
   5          /*                                                                              */
   6          /*   This software component is confidential and proprietary to Realtek         */
   7          /*   Semiconductor Corp. Disclosure, reproduction, redistribution, in whole     */
   8          /*   or in part, of this work and its derivatives without express permission    */
   9          /*   is prohibited.                                                             */
  10          /********************************************************************************/
  11          
  12          //----------------------------------------------------------------------------------------------------
  13          // ID Code      : RL6432_Series_Audio.c No.0000
  14          // Update Note  :
  15          //----------------------------------------------------------------------------------------------------
  16          
  17          #include "ScalerFunctionInclude.h"
  18          
  19          #if(_AUDIO_SUPPORT == _ON)
  20          
  21          //****************************************************************************
  22          // DEFINITIONS / MACROS
  23          //****************************************************************************
  24          #if(_D1_HDMI_SUPPORT == _ON)
              #define GET_HDMI_AUDIO_D1_CHANNEL_ALLOCATION()           (ScalerGetDataPortSingleByte(P71_CD_HDMI_PSAP, 0x
             -18))
              #endif
  27          //****************************************************************************
  28          // STRUCT / TYPE / ENUM DEFINITTIONS
  29          //****************************************************************************
  30          
  31          //****************************************************************************
  32          // CODE TABLES
  33          //****************************************************************************
  34          
  35          //****************************************************************************
  36          // VARIABLE DECLARATIONS
  37          //****************************************************************************
  38          #if(_D0_DP_EXIST == _ON)
  39          StructAudioDigitalInfo g_stAudioD0DigtalInfo;
  40          StructAudioFreqParameter g_stAudioD0FreqParameter;
  41          StructAudioDpCodingType g_stDpAudioD0CodingType;
  42          #endif
  43          
  44          #if((_D1_HDMI_SUPPORT == _ON) || (_D1_DP_EXIST == _ON))
              StructAudioDigitalInfo g_stAudioD1DigtalInfo;
              StructAudioFreqParameter g_stAudioD1FreqParameter;
C51 COMPILER V9.60.0.0   RL6432_SERIES_AUDIO                                               09/20/2026 19:44:03 PAGE 2   

              StructAudioDpCodingType g_stDpAudioD1CodingType;
              #endif
  49          
  50          #if(_D2_HDMI_SUPPORT == _ON)
              StructAudioDigitalInfo g_stAudioD2DigtalInfo;
              StructAudioFreqParameter g_stAudioD2FreqParameter;
              #endif
  54          
  55          #if(_D3_HDMI_SUPPORT == _ON)
  56          StructAudioDigitalInfo g_stAudioD3DigtalInfo;
  57          StructAudioFreqParameter g_stAudioD3FreqParameter;
  58          #endif
  59          
  60          #if(_AUDIO_FW_TRACKING_MODE_SUPPORT == _ON)
              #if(_D1_HDMI_SUPPORT == _ON)
              StructAudioFwTrackingInfo g_stHDMID1AudioFwTrackingInfo;
              #endif
              
              #if(_D2_HDMI_SUPPORT == _ON)
              StructAudioFwTrackingInfo g_stHDMID2AudioFwTrackingInfo;
              #endif
              
              #if(_D3_HDMI_SUPPORT == _ON)
              StructAudioFwTrackingInfo g_stHDMID3AudioFwTrackingInfo;
              #endif
              #endif
  73          
  74          #if(_DP_SUPPORT == _ON)
  75          StructAudioDpCapabilityInfo g_stAudioDpCapabilityInfo;
  76          #endif // End of #if(_DP_SUPPORT == _ON)
  77          
  78          #if(_INTERNAL_AUDIO_TEST_SUPPORT == _ON)
              BYTE g_ucAudioGenInputPort;
              #endif // End of #if(_INTERNAL_AUDIO_TEST_SUPPORT == _ON)
  81          
  82          
  83          //****************************************************************************
  84          // FUNCTION DECLARATIONS
  85          //****************************************************************************
  86          void ScalerAudioDigitalAudioInitial(void);
  87          void ScalerAudioDisableAudioPLL(void);
  88          void ScalerAudioDigitalDetect(void);
  89          void ScalerAudioDigitalEnable(BYTE ucInputPort);
  90          void ScalerAudioDigitalReset(BYTE ucInputPort);
  91          bit ScalerAudioGetAudioDetected(BYTE ucInputPort);
  92          EnumAudioSamplingFreqPacket ScalerAudioSamplingFreqDetect(BYTE ucInputPort);
  93          bit ScalerAudioSamplingFreqChange(void);
  94          bit ScalerAudioLPCMCheckData(void);
  95          bit ScalerAudioLPCMCheckChange(void);
  96          void ScalerAudioLPCMDetectEnableProc(BYTE ucInputPort);
  97          void ScalerAudioLPCMResetProc(BYTE ucInputPort);
  98          void ScalerAudioDigitalOutputMute(bit bMute);
  99          void ScalerAudioWatchDogProc(bit bOn, BYTE ucInputPort);
 100          void ScalerAudioHbrModeControl(bit bOn, BYTE ucInputPort);
 101          void ScalerAudioLoadStableICodeEvent(EnumScalerTimerEventID enumEventID);
 102          void ScalerAudioSourceInputSwitch(EnumAudioInputSource enumAudioSource, BYTE ucInputPort);
 103          EnumSourceSearchPort ScalerAudioGetDigitalAudioPortMapping(void);
 104          
 105          #if(_AUDIO_FW_TRACKING_MODE_SUPPORT == _ON)
              void ScalerAudioFwTrackingHandler(void);
              void ScalerAudioFwTrackingEventSet(EnumScalerTimerEventID enumEventID);
              void ScalerAudioTimeoutEventSet(EnumScalerTimerEventID enumEventID);
C51 COMPILER V9.60.0.0   RL6432_SERIES_AUDIO                                               09/20/2026 19:44:03 PAGE 3   

              #endif
 110          
 111          #if((_D1_HDMI_SUPPORT == _ON) || (_D1_DP_EXIST == _ON))
              void ScalerAudioD1LoadInitialICode(void);
              void ScalerAudioD1LoadStableICodeEvent(void);
              void ScalerAudioD1DigitalDetectProc(void);
              bit ScalerAudioD1GetAudioDetected(void);
              EnumAudioSamplingFreqType ScalerAudioD1SamplingFreqDetect(void);
              bit ScalerAudioD1SamplingFreqChange(void);
              void ScalerAudioD1WatchDogProc(bit bOn);
              void ScalerAudioD1HbrAudioDetect(void);
              void ScalerAudioD1HbrModeControl(bit bEnable);
              #if(_D1_HDMI_SUPPORT == _ON)
              void ScalerAudioD1I2sSpdifChannelOutputSelect(EnumAudioIisSpdifOutput enumAudioIisSpdifOutput);
              #endif
              
              #if(_HDMI_AUDIO_FW_TRACKING_MODE_SUPPORT == _ON)
              void ScalerAudioD1FwTrackingHandler(void);
              void ScalerAudioD1FwTrackingInitial(void);
              void ScalerAudioD1DcodeSettingInitial(void);
              void ScalerAudioD1FwPreparingTracking(void);
              void ScalerAudioD1FwBoundaryTracking(void);
              void ScalerAudioD1FwTrackingReset(void);
              void ScalerAudioD1FwTrackingEventSet(void);
              void ScalerAudioD1TimeoutEventSet(void);
              BYTE ScalerAudioD1FwTrackingTimerEventPeriod(void);
              #endif
              #endif
 137          
 138          #if((_D1_HDMI_SUPPORT == _ON) || (_D2_HDMI_SUPPORT == _ON) || ((_INTERNAL_AUDIO_TEST_SUPPORT == _ON) && ((
             -_D0_DP_EXIST == _ON) || (_D1_DP_EXIST == _ON))))
              void ScalerAudioD2HDMIAudioInitial(void);
              void ScalerAudioD2SetAudioPLL(void);
              #endif
 142          
 143          #if(_HDMI_SUPPORT == _ON)
 144          #if(_D1_HDMI_SUPPORT == _ON)
              #if(_AUDIO_MANUAL_SAMPLING_FREQ_SUPPORT == _OFF)
              void ScalerAudioD1AudioFrequencyMode(EnumAudioFreqTrackingMode enumAudioFreqTrackingMode);
              #endif
              #endif
 149          
 150          #if(_D2_HDMI_SUPPORT == _ON)
              EnumAudioSamplingFreqType ScalerAudioD2SamplingFreqDetect(void);
              #endif
 153          
 154          void ScalerAudioHdmiI2sSpdifChannelOutputSelect(EnumAudioIisSpdifOutput enumAudioIisSpdifOutput, BYTE ucIn
             -putPort);
 155          bit ScalerAudioLPCMCheckInfo(void);
 156          EnumSourceTypeDef ScalerAudioDigitalAudioSourceType(void);
 157          #endif
 158          
 159          #if(_DP_SUPPORT == _ON)
 160          void ScalerAudioDPDigitalOutputProc(bit bEnable, BYTE ucInputPort);
 161          extern bit ScalerAudioDpGetCapabilityChange(BYTE ucInputPort);
 162          #if(_DP_DPCD_AUDIO_CAPABILITY_USER_CONTROL_SUPPORT == _ON)
              extern void ScalerAudioDpSetCapabilityState(BYTE ucInputPort, EnumAudioDpDpcdSupport enumDpcdSupport);
              #endif // End of #if(_DP_DPCD_AUDIO_CAPABILITY_USER_CONTROL_SUPPORT == _ON)
 165          extern EnumAudioDpDpcdSupport ScalerAudioDpGetCapabilityState(BYTE ucInputPort);
 166          
 167          #if(_D0_DP_EXIST == _ON)
 168          void ScalerAudioD0SetAudioPLL(void);
C51 COMPILER V9.60.0.0   RL6432_SERIES_AUDIO                                               09/20/2026 19:44:03 PAGE 4   

 169          void ScalerAudioD0LoadInitialICode(void);
 170          void ScalerAudioD0LoadStableICodeEvent(void);
 171          void ScalerAudioD0DigitalDetectProc(void);
 172          bit ScalerAudioD0GetAudioDetected(void);
 173          EnumAudioSamplingFreqType ScalerAudioD0SamplingFreqDetect(void);
 174          bit ScalerAudioD0SamplingFreqChange(void);
 175          void ScalerAudioD0WatchDogProc(bit bOn);
 176          void ScalerAudioD0HbrAudioDetect(void);
 177          void ScalerAudioD0HbrModeControl(bit bEnable);
 178          #endif
 179          
 180          #if(_D1_DP_EXIST == _ON)
              void ScalerAudioD1SetAudioPLL(void);
              #endif
 183          #endif
 184          
 185          BYTE ScalerAudioGetDigitalAudioSource(BYTE ucInputPort);
 186          
 187          #if(_LINE_IN_SUPPORT == _ON)
 188          void ScalerAudioADCInitial(void);
 189          #endif
 190          
 191          #if(_INTERNAL_AUDIO_TEST_SUPPORT == _ON)
              void ScalerAudioInternalAudioGenSwitch(bit bOn, BYTE ucInputPort, EnumAudioLeftRightChannelSelect enumAudi
             -oLeftRightChannelSelect);
              bit ScalerAudioGetInternalAudioGenEnable(BYTE ucInputPort);
              void ScalerAudioInternalAudioGenReset(BYTE ucInputPort);
              void ScalerAudioSetInternalGenInputPort(BYTE ucInputPort);
              BYTE ScalerAudioGetInternalGenInputPort(void);
              
              #if((_D0_DP_EXIST == _ON) || (_D1_DP_EXIST == _ON))
              void ScalerAudioDpInternalAudioGenSwitch(bit bOn, EnumAudioLeftRightChannelSelect enumAudioLeftRightChanne
             -lSelect);
              bit ScalerAudioDpGetInternalAudioGenEnable(void);
              #endif
              #endif
 203          
 204          #if(_DP_TX_SUPPORT == _ON)
              StructAudioChannelInfo ScalerAudioGetRxChannelStatus(void);
              #endif // End of #if(_DP_TX_SUPPORT == _ON)
 207          
 208          
 209          //****************************************************************************
 210          // FUNCTION DEFINITIONS
 211          //****************************************************************************
 212          //--------------------------------------------------
 213          // Description  : Initial HDMI/DP audio setting
 214          // Input Value  : None
 215          // Output Value : None
 216          //--------------------------------------------------
 217          void ScalerAudioDigitalAudioInitial(void)
 218          {
 219   1      #if(_D0_DP_EXIST == _ON)
 220   1          ScalerAudioD0DPAudioInitial();
 221   1      #endif
 222   1      
 223   1      #if(_D1_DP_EXIST == _ON)
                  ScalerAudioD1DPAudioInitial();
              #endif
 226   1      
 227   1      #if((_D1_HDMI_SUPPORT == _ON) || (_D2_HDMI_SUPPORT == _ON) || ((_INTERNAL_AUDIO_TEST_SUPPORT == _ON) && ((
             -_D0_DP_EXIST == _ON) || (_D1_DP_EXIST == _ON))))
C51 COMPILER V9.60.0.0   RL6432_SERIES_AUDIO                                               09/20/2026 19:44:03 PAGE 5   

                  ScalerAudioD2HDMIAudioInitial();
              #endif
 230   1      
 231   1      #if(_D3_HDMI_SUPPORT == _ON)
 232   1          ScalerAudioD3HDMIAudioInitial();
 233   1      #endif
 234   1      }
 235          
 236          //--------------------------------------------------
 237          // Description  : Disable Auido PLL Settings
 238          // Input Value  : None
 239          // Output Value : None
 240          //--------------------------------------------------
 241          void ScalerAudioDisableAudioPLL(void)
 242          {
 243   1      #if(_LINE_IN_SUPPORT == _ON)
 244   1          // Power Down ADC PLL
 245   1          ScalerSetBit(PBF_BD_MN_SCLKG_PLL_PWR, ~_BIT7, _BIT7);
 246   1      #endif
 247   1      
 248   1      #if(_D0_DP_EXIST == _ON)
 249   1          // Power Down D0 DPLL
 250   1          ScalerSetBit(PB6_D3_MN_SCLKG_PLL_PWR, ~_BIT7, _BIT7);
 251   1      #endif
 252   1      
 253   1      #if(_D1_DP_EXIST == _ON)
                  // Power Down D1 DPLL
                  ScalerSetBit(PB9_D3_MN_SCLKG_PLL_PWR, ~_BIT7, _BIT7);
              #endif
 257   1      
 258   1      #if((_D1_HDMI_SUPPORT == _ON) || (_D2_HDMI_SUPPORT == _ON))
                  // Power Down D2 DPLL
                  ScalerSetDataPortBit(P71_C9_HDMI_AP, _P71_CA_PT_38_PORT_PAGE71_HDMI_DPCR0, ~_BIT7, _BIT7);
              #endif
 262   1      
 263   1      #if(_D3_HDMI_SUPPORT == _ON)
 264   1          // Power Down D3 DPLL
 265   1          ScalerSetDataPortBit(P72_C9_HDMI_AP, _P72_CA_PT_38_PORT_PAGE72_HDMI_DPCR0, ~_BIT7, _BIT7);
 266   1      #endif
 267   1      }
 268          
 269          //--------------------------------------------------
 270          // Description  : Detect digital audio for HDMI/DP interface
 271          // Input Value  : None
 272          // Output Value : None
 273          //--------------------------------------------------
 274          void ScalerAudioDigitalDetect(void)
 275          {
 276   1      #if(_D0_DP_EXIST == _ON)
 277   1          ScalerAudioD0DigitalDetectProc();
 278   1      #endif
 279   1      
 280   1      #if((_D1_HDMI_SUPPORT == _ON) || (_D1_DP_EXIST == _ON))
              #if(_D1_HDMI_SUPPORT == _ON)
                  if(CHECK_TMDS_DPHY_SWITCH(_D1_INPUT_PORT) == _TRUE)
              #endif
                  {
                      ScalerAudioD1DigitalDetectProc();
                  }
              #endif
 288   1      
 289   1      #if(_D2_HDMI_SUPPORT == _ON)
C51 COMPILER V9.60.0.0   RL6432_SERIES_AUDIO                                               09/20/2026 19:44:03 PAGE 6   

                  if(CHECK_TMDS_DPHY_SWITCH(_D2_INPUT_PORT) == _TRUE)
                  {
                      ScalerAudioD2DigitalDetectProc();
                  }
              #endif
 295   1      
 296   1      #if(_D3_HDMI_SUPPORT == _ON)
 297   1          ScalerAudioD3DigitalDetectProc();
 298   1      #endif
 299   1      }
 300          
 301          //--------------------------------------------------
 302          // Description  : Enable Digital Audio Proc
 303          // Input Value  : ucInputPort
 304          // Output Value : None
 305          //--------------------------------------------------
 306          void ScalerAudioDigitalEnable(BYTE ucInputPort)
 307          {
 308   1          ScalerAudioLPCMDetectEnableProc(ucInputPort);
 309   1      
 310   1          ScalerAudioWatchDogProc(_ON, ucInputPort);
 311   1      }
 312          
 313          //--------------------------------------------------
 314          // Description  : Reset Digital Audio Proc
 315          // Input Value  : ucInputPort
 316          // Output Value : None
 317          //--------------------------------------------------
 318          void ScalerAudioDigitalReset(BYTE ucInputPort)
 319          {
 320   1          ScalerAudioLPCMResetProc(ucInputPort);
 321   1      
 322   1          ScalerAudioWatchDogProc(_OFF, ucInputPort);
 323   1      
 324   1          ScalerAudioHbrModeControl(_OFF, ucInputPort);
 325   1      }
 326          
 327          //--------------------------------------------------
 328          // Description  : Get Audio Detected
 329          // Input Value  : None
 330          // Output Value : TRUE => Audio Detected
 331          //--------------------------------------------------
 332          bit ScalerAudioGetAudioDetected(BYTE ucInputPort)
 333          {
 334   1          switch(ucInputPort)
 335   1          {
 336   2              case _D0_INPUT_PORT:
 337   2      
 338   2      #if((_D6_INPUT_PORT_TYPE != _D6_NO_PORT) && (_D6_INPUT_PORT_SWITCH_FROM == _SWITCH_FROM_D0))
                      case _D6_INPUT_PORT:
              #endif
 341   2      
 342   2      #if(_D0_DP_EXIST == _ON)
 343   2                  return ScalerAudioD0GetAudioDetected();
 344   2      #endif
 345   2      
 346   2              case _D1_INPUT_PORT:
 347   2      
 348   2      #if((_D1_HDMI_SUPPORT == _ON) || (_D1_DP_EXIST == _ON))
                          return ScalerAudioD1GetAudioDetected();
              #endif
 351   2      
C51 COMPILER V9.60.0.0   RL6432_SERIES_AUDIO                                               09/20/2026 19:44:03 PAGE 7   

 352   2              case _D2_INPUT_PORT:
 353   2      
 354   2      #if(_D2_HDMI_SUPPORT == _ON)
                          return ScalerAudioD2GetAudioDetected();
              #endif
 357   2      
 358   2              case _D3_INPUT_PORT:
 359   2      
 360   2      #if(_D3_HDMI_SUPPORT == _ON)
 361   2                  return ScalerAudioD3GetAudioDetected();
 362   2      #endif
 363   2      
 364   2              default:
 365   2                  break;
 366   2          }
 367   1      
 368   1          return _FALSE;
 369   1      }
 370          
 371          //--------------------------------------------------
 372          // Description  : Detect Audio Sampling Freq
 373          // Input Value  : ucInputPort
 374          // Output Value : Audio Sampling Freq
 375          //--------------------------------------------------
 376          EnumAudioSamplingFreqPacket ScalerAudioSamplingFreqDetect(BYTE ucInputPort)
 377          {
 378   1          EnumAudioSamplingFreqType enumSamplingFreqType = _AUDIO_FREQ_NO_AUDIO;
 379   1      
 380   1          switch(ucInputPort)
 381   1          {
 382   2              case _D0_INPUT_PORT:
 383   2      
 384   2      #if((_D6_INPUT_PORT_TYPE != _D6_NO_PORT) && (_D6_INPUT_PORT_SWITCH_FROM == _SWITCH_FROM_D0))
                      case _D6_INPUT_PORT:
              #endif
 387   2      
 388   2      #if(_D0_DP_EXIST == _ON)
 389   2                  enumSamplingFreqType = ScalerAudioD0SamplingFreqDetect();
 390   2      #endif
 391   2                  break;
 392   2      
 393   2              case _D1_INPUT_PORT:
 394   2      
 395   2      #if((_D1_HDMI_SUPPORT == _ON) || (_D1_DP_EXIST == _ON))
                          enumSamplingFreqType = ScalerAudioD1SamplingFreqDetect();
              #endif
 398   2                  break;
 399   2      
 400   2              case _D2_INPUT_PORT:
 401   2      
 402   2      #if(_D2_HDMI_SUPPORT == _ON)
                          enumSamplingFreqType = ScalerAudioD2SamplingFreqDetect();
              #endif
 405   2                  break;
 406   2      
 407   2              case _D3_INPUT_PORT:
 408   2      
 409   2      #if(_D3_HDMI_SUPPORT == _ON)
 410   2                  enumSamplingFreqType = ScalerAudioD3SamplingFreqDetect();
 411   2      #endif
 412   2                  break;
 413   2      
C51 COMPILER V9.60.0.0   RL6432_SERIES_AUDIO                                               09/20/2026 19:44:03 PAGE 8   

 414   2              default:
 415   2                  break;
 416   2          }
 417   1      
 418   1          return ScalerAudioGetSamplingFreqPacket(enumSamplingFreqType);
 419   1      }
 420          
 421          //--------------------------------------------------
 422          // Description  : Check Audio Sampling Frequency Change or Not
 423          // Input Value  : None
 424          // Output Value : _TRUE => Change / _FALSE => Un-Change
 425          //--------------------------------------------------
 426          bit ScalerAudioSamplingFreqChange(void)
 427          {
 428   1          switch(ScalerAudioGetDigitalAudioPort(_AUDIO_DAC_OUT))
 429   1          {
 430   2              case _AUDIO_FROM_D0_PORT:
 431   2      
 432   2      #if(_D0_DP_EXIST == _ON)
 433   2      
 434   2                  return ScalerAudioD0SamplingFreqChange();
 435   2      
 436   2      #endif
 437   2                  break;
 438   2      
 439   2              case _AUDIO_FROM_D1_PORT:
 440   2      
 441   2      #if((_D1_HDMI_SUPPORT == _ON) || (_D1_DP_EXIST == _ON))
              
                          return ScalerAudioD1SamplingFreqChange();
              
              #endif
 446   2                  break;
 447   2      
 448   2              case _AUDIO_FROM_D2_PORT:
 449   2      
 450   2                  break;
 451   2      
 452   2              case _AUDIO_FROM_D3_PORT:
 453   2      
 454   2                  break;
 455   2      
 456   2              default:
 457   2                  break;
 458   2          }
 459   1      
 460   1          return _FALSE;
 461   1      }
 462          
 463          //--------------------------------------------------
 464          // Description  : Check Audio whether Audio LPCM By Audio Data
 465          // Input Value  : ucSourceType
 466          // Output Value : _TRUE => LPCM
 467          //--------------------------------------------------
 468          bit ScalerAudioLPCMCheckData(void)
 469          {
 470   1          switch(ScalerAudioGetDigitalAudioPort(_AUDIO_DAC_OUT))
 471   1          {
 472   2              case _AUDIO_FROM_D0_PORT:
 473   2      
 474   2      #if(_D0_DP_EXIST == _ON)
 475   2                  // Check Audio Packet
C51 COMPILER V9.60.0.0   RL6432_SERIES_AUDIO                                               09/20/2026 19:44:03 PAGE 9   

 476   2                  if(ScalerAudioD0GetAudioDetected() == _FALSE)
 477   2                  {
 478   3                      // Reset Coding Type Detect
 479   3                      SET_DP_D0_AUDIO_CODING_TYPE_FORMAT(_AUDIO_CODING_TYPE_NONE);
 480   3      
 481   3                      return _FALSE;
 482   3                  }
 483   2      
 484   2                  // Check First Time Check or Coding Type Change before Playback
 485   2                  if((GET_DP_D0_AUDIO_CODING_TYPE_FORMAT() == _AUDIO_CODING_TYPE_NONE) ||
 486   2                     ((ScalerGetBit(PB6_3B_DP_IRQ_CTRL1, _BIT0) == 0x00) && (ScalerGetBit(PB6_36_DP_GLB_STATUS, 
             -_BIT2) == _BIT2)))
 487   2                  {
 488   3                      // =================================
 489   3                      // Flag Reset
 490   3                      // =================================
 491   3      
 492   3                      // Disable Audio Coding Type Change INT
 493   3                      ScalerSetBit(PB6_3B_DP_IRQ_CTRL1, ~_BIT0, 0x00);
 494   3      
 495   3                      // Clear Audio Coding Type Change Flag
 496   3                      ScalerSetBit(PB6_36_DP_GLB_STATUS, ~(_BIT7 | _BIT6 | _BIT5 | _BIT4 | _BIT3 | _BIT2 | _BIT1
             -), _BIT2);
 497   3      
 498   3      
 499   3                      // =================================
 500   3                      // Detect Coding Type at First Time
 501   3                      // =================================
 502   3      
 503   3                      DebugMessageAudio("[Audio] Rx0 Coding Type First Time Detect", 0);
 504   3      
 505   3      
 506   3                      // ---------------------------------
 507   3                      // Valid_Bit Detect at First
 508   3                      // ---------------------------------
 509   3      
 510   3                      // Set Audio Coding Type Source to Valid_Bit
 511   3                      ScalerSetBit(PB6_B0_DP_AUD_CTRL, ~_BIT5, _BIT5);
 512   3      
 513   3                      // Update Detect Result
 514   3                      if(ScalerGetBit(PB6_B0_DP_AUD_CTRL, _BIT4) == 0x00)
 515   3                      {
 516   4                          DebugMessageAudio("[Audio] Rx0 initial at LPCM via Valid_Bit", 0);
 517   4      
 518   4                          SET_DP_D0_AUDIO_CODING_TYPE_FORMAT(_AUDIO_LPCM);
 519   4                      }
 520   3                      else
 521   3                      {
 522   4                          WORD usDelayTime = 12;
 523   4                          EnumAudioSamplingFreqType enumAudioFreq = ScalerAudioD0SamplingFreqDetect();
 524   4                          EnumAudioSamplingFreqPacket enumAudioPacket = ScalerAudioGetSamplingFreqPacket(enumAud
             -ioFreq);
 525   4      
 526   4                          // -----------------------------
 527   4                          // Channel Status Detect Flow
 528   4                          // -----------------------------
 529   4      
 530   4                          // Set Audio Coding Type Source to Channel_Status
 531   4                          ScalerSetBit(PB6_B0_DP_AUD_CTRL, ~_BIT5, 0x00);
 532   4      
 533   4                          // Calculate Minimum Delay for Receiving 192*2 Audio Samples
 534   4                          // Avoid 0Hz Value
C51 COMPILER V9.60.0.0   RL6432_SERIES_AUDIO                                               09/20/2026 19:44:03 PAGE 10  

 535   4                          if(enumAudioPacket == _AUDIO_FREQ_PACKET_NO_AUDIO)
 536   4                          {
 537   5                              enumAudioPacket = _AUDIO_FREQ_PACKET_32K;
 538   5                          }
 539   4      
 540   4                          // (192Samples * 2) / AudioFreq
 541   4                          usDelayTime = (192 * 2) / enumAudioPacket;
 542   4      
 543   4                          // Delay with 2ms margin added
 544   4                          ScalerTimerDelayXms(usDelayTime + 2);
 545   4      
 546   4                          // Update Detect Result
 547   4                          if(ScalerGetBit(PB6_B0_DP_AUD_CTRL, _BIT4) == _BIT4)
 548   4                          {
 549   5                              DebugMessageAudio("[Audio] Rx0 initial at Non-LPCM via Channel_Status", 1);
 550   5      
 551   5                              SET_DP_D0_AUDIO_CODING_TYPE_FORMAT(_AUDIO_NON_LPCM);
 552   5                          }
 553   4                          else
 554   4                          {
 555   5                              DebugMessageAudio("[Audio] Rx0 initial at LPCM via Channel_Status", 0);
 556   5      
 557   5                              SET_DP_D0_AUDIO_CODING_TYPE_FORMAT(_AUDIO_LPCM);
 558   5                          }
 559   4                      }
 560   3                  }
 561   2      
 562   2                  // =================================
 563   2                  // Return Coding Type Status
 564   2                  // =================================
 565   2                  if(GET_DP_D0_AUDIO_CODING_TYPE_FORMAT() == _AUDIO_NON_LPCM)
 566   2                  {
 567   3                      return _FALSE;
 568   3                  }
 569   2      
 570   2                  return _TRUE;
 571   2      #endif
 572   2                  break;
 573   2      
 574   2              case _AUDIO_FROM_D1_PORT:
 575   2      
 576   2      #if(_D1_HDMI_SUPPORT == _ON)
                          if(ScalerGetBit(P71_CB_HDMI_SR, _BIT4) == 0x00)
                          {
                              return _TRUE;
                          }
                          else
                          {
                              return _FALSE;
                          }
              #elif(_D1_DP_EXIST == _ON)
                          // Check Audio Packet
                          if(ScalerAudioD1GetAudioDetected() == _FALSE)
                          {
                              // Reset Coding Type Detect
                              SET_DP_D1_AUDIO_CODING_TYPE_FORMAT(_AUDIO_CODING_TYPE_NONE);
              
                              return _FALSE;
                          }
              
                          // Check First Time Check or Coding Type Change before Playback
                          if((GET_DP_D1_AUDIO_CODING_TYPE_FORMAT() == _AUDIO_CODING_TYPE_NONE) ||
C51 COMPILER V9.60.0.0   RL6432_SERIES_AUDIO                                               09/20/2026 19:44:03 PAGE 11  

                             ((ScalerGetBit(PB9_3B_DP_IRQ_CTRL1, _BIT0) == 0x00) && (ScalerGetBit(PB9_36_DP_GLB_STATUS, 
             -_BIT2) == _BIT2)))
                          {
                              // =================================
                              // Flag Reset
                              // =================================
              
                              // Disable Audio Coding Type Change INT
                              ScalerSetBit(PB9_3B_DP_IRQ_CTRL1, ~_BIT0, 0x00);
              
                              // Clear Audio Coding Type Change Flag
                              ScalerSetBit(PB9_36_DP_GLB_STATUS, ~(_BIT7 | _BIT6 | _BIT5 | _BIT4 | _BIT3 | _BIT2 | _BIT1
             -), _BIT2);
              
              
                              // =================================
                              // Detect Coding Type at First Time
                              // =================================
              
                              DebugMessageAudio("[Audio] Rx1 Coding Type First Time Detect", 0);
              
              
                              // ---------------------------------
                              // Valid_Bit Detect at First
                              // ---------------------------------
              
                              // Set Audio Coding Type Source to Valid_Bit
                              ScalerSetBit(PB9_B0_DP_AUD_CTRL, ~_BIT5, _BIT5);
              
                              // Update Detect Result
                              if(ScalerGetBit(PB9_B0_DP_AUD_CTRL, _BIT4) == 0x00)
                              {
                                  DebugMessageAudio("[Audio] Rx1 initial at LPCM via Valid_Bit", 0);
              
                                  SET_DP_D1_AUDIO_CODING_TYPE_FORMAT(_AUDIO_LPCM);
                              }
                              else
                              {
                                  WORD usDelayTime = 12;
                                  EnumAudioSamplingFreqType enumAudioFreq = ScalerAudioD1SamplingFreqDetect();
                                  EnumAudioSamplingFreqPacket enumAudioPacket = ScalerAudioGetSamplingFreqPacket(enumAud
             -ioFreq);
              
                                  // -----------------------------
                                  // Channel Status Detect Flow
                                  // -----------------------------
              
                                  // Set Audio Coding Type Source to Channel_Status
                                  ScalerSetBit(PB9_B0_DP_AUD_CTRL, ~_BIT5, 0x00);
              
                                  // Calculate Minimum Delay for Receiving 192*2 Audio Samples
                                  // Avoid 0Hz Value
                                  if(enumAudioPacket == _AUDIO_FREQ_PACKET_NO_AUDIO)
                                  {
                                      enumAudioPacket = _AUDIO_FREQ_PACKET_32K;
                                  }
              
                                  // (192Samples * 2) / AudioFreq
                                  usDelayTime = (192 * 2) / enumAudioPacket;
              
                                  // Delay with 2ms margin added
                                  ScalerTimerDelayXms(usDelayTime + 2);
C51 COMPILER V9.60.0.0   RL6432_SERIES_AUDIO                                               09/20/2026 19:44:03 PAGE 12  

              
                                  // Update Detect Result
                                  if(ScalerGetBit(PB9_B0_DP_AUD_CTRL, _BIT4) == _BIT4)
                                  {
                                      DebugMessageAudio("[Audio] Rx1 initial at Non-LPCM via Channel_Status", 1);
              
                                      SET_DP_D1_AUDIO_CODING_TYPE_FORMAT(_AUDIO_NON_LPCM);
                                  }
                                  else
                                  {
                                      DebugMessageAudio("[Audio] Rx1 initial at LPCM via Channel_Status", 0);
              
                                      SET_DP_D1_AUDIO_CODING_TYPE_FORMAT(_AUDIO_LPCM);
                                  }
                              }
                          }
              
                          // =================================
                          // Return Coding Type Status
                          // =================================
                          if(GET_DP_D1_AUDIO_CODING_TYPE_FORMAT() == _AUDIO_NON_LPCM)
                          {
                              return _FALSE;
                          }
              
                          return _TRUE;
              #endif
 683   2                  break;
 684   2      
 685   2              case _AUDIO_FROM_D2_PORT:
 686   2      
 687   2      #if(_D2_HDMI_SUPPORT == _ON)
                          if(ScalerGetBit(P71_CB_HDMI_SR, _BIT4) == 0x00)
                          {
                              return _TRUE;
                          }
                          else
                          {
                              return _FALSE;
                          }
              #endif
 697   2                  break;
 698   2      
 699   2              case _AUDIO_FROM_D3_PORT:
 700   2      
 701   2      #if(_D3_HDMI_SUPPORT == _ON)
 702   2                  if(ScalerGetBit(P72_CB_HDMI_SR, _BIT4) == 0x00)
 703   2                  {
 704   3                      return _TRUE;
 705   3                  }
 706   2                  else
 707   2                  {
 708   3                      return _FALSE;
 709   3                  }
 710   2      #endif
 711   2                  break;
 712   2      
 713   2              default:
 714   2                  break;
 715   2          }
 716   1      
 717   1          return _TRUE;
C51 COMPILER V9.60.0.0   RL6432_SERIES_AUDIO                                               09/20/2026 19:44:03 PAGE 13  

 718   1      }
 719          
 720          //--------------------------------------------------
 721          // Description  : Check Audio Coding Change or Not
 722          // Input Value  : None
 723          // Output Value : _TRUE => LPCM / _FALSE => Un-Change
 724          //--------------------------------------------------
 725          bit ScalerAudioLPCMCheckChange(void)
 726          {
 727   1          switch(ScalerAudioGetDigitalAudioPort(_AUDIO_DAC_OUT))
 728   1          {
 729   2              case _AUDIO_FROM_D0_PORT:
 730   2      
 731   2      #if(_D0_DP_EXIST == _ON)
 732   2      
 733   2                  if(GET_DP_D0_AUDIO_CODING_TYPE_CHANGE() == _TRUE)
 734   2                  {
 735   3                      // Clear Change Flag
 736   3                      CLR_DP_D0_AUDIO_CODING_TYPE_CHANGE();
 737   3      
 738   3                      return _TRUE;
 739   3                  }
 740   2      
 741   2      #endif
 742   2                  break;
 743   2      
 744   2              case _AUDIO_FROM_D1_PORT:
 745   2      
 746   2      #if(_D1_DP_EXIST == _ON)
              
                          if(GET_DP_D1_AUDIO_CODING_TYPE_CHANGE() == _TRUE)
                          {
                              // Clear Change Flag
                              CLR_DP_D1_AUDIO_CODING_TYPE_CHANGE();
              
                              return _TRUE;
                          }
              
              #endif
 757   2                  break;
 758   2      
 759   2              case _AUDIO_FROM_D2_PORT:
 760   2      
 761   2                  break;
 762   2      
 763   2              case _AUDIO_FROM_D3_PORT:
 764   2      
 765   2                  break;
 766   2      
 767   2              case _AUDIO_FROM_D4_PORT:
 768   2      
 769   2                  break;
 770   2      
 771   2              case _AUDIO_FROM_D5_PORT:
 772   2      
 773   2                  break;
 774   2      
 775   2              default:
 776   2                  break;
 777   2          }
 778   1      
 779   1          return _FALSE;
C51 COMPILER V9.60.0.0   RL6432_SERIES_AUDIO                                               09/20/2026 19:44:03 PAGE 14  

 780   1      }
 781          
 782          //--------------------------------------------------
 783          // Description  : Enable Audio Coding Type Detect INT
 784          // Input Value  : ucInputPort
 785          // Output Value : None
 786          //--------------------------------------------------
 787          void ScalerAudioLPCMDetectEnableProc(BYTE ucInputPort)
 788          {
 789   1      #if(_LINE_IN_SUPPORT == _ON)
 790   1          if(ScalerAudioGetInputSource() == _DIGITAL_AUDIO)
 791   1      #endif
 792   1          {
 793   2              switch(ucInputPort)
 794   2              {
 795   3                  case _D0_INPUT_PORT:
 796   3      
 797   3      #if((_D6_INPUT_PORT_TYPE != _D6_NO_PORT) && (_D6_INPUT_PORT_SWITCH_FROM == _SWITCH_FROM_D0))
                          case _D6_INPUT_PORT:
              #endif
 800   3      
 801   3      #if(_D0_DP_EXIST == _ON)
 802   3      
 803   3                      // Clear Change Flag
 804   3                      CLR_DP_D0_AUDIO_CODING_TYPE_CHANGE();
 805   3      
 806   3                      // Clear Audio Coding Type Change Flag
 807   3                      ScalerSetBit(PB6_36_DP_GLB_STATUS, ~(_BIT7 | _BIT6 | _BIT5 | _BIT4 | _BIT3 | _BIT2 | _BIT1
             -), _BIT2);
 808   3      
 809   3                      // Enable Audio Coding Type Change INT
 810   3                      ScalerSetBit(PB6_3B_DP_IRQ_CTRL1, ~_BIT0, _BIT0);
 811   3      
 812   3      #endif
 813   3                      break;
 814   3      
 815   3                  case _D1_INPUT_PORT:
 816   3      
 817   3      #if(_D1_DP_EXIST == _ON)
              
                              // Clear Change Flag
                              CLR_DP_D1_AUDIO_CODING_TYPE_CHANGE();
              
                              // Clear Audio Coding Type Change Flag
                              ScalerSetBit(PB9_36_DP_GLB_STATUS, ~(_BIT7 | _BIT6 | _BIT5 | _BIT4 | _BIT3 | _BIT2 | _BIT1
             -), _BIT2);
              
                              // Enable Audio Coding Type Change INT
                              ScalerSetBit(PB9_3B_DP_IRQ_CTRL1, ~_BIT0, _BIT0);
              
              #endif
 829   3                      break;
 830   3      
 831   3                  case _D2_INPUT_PORT:
 832   3      
 833   3                      break;
 834   3      
 835   3                  case _D3_INPUT_PORT:
 836   3      
 837   3                      break;
 838   3      
 839   3                  case _D4_INPUT_PORT:
C51 COMPILER V9.60.0.0   RL6432_SERIES_AUDIO                                               09/20/2026 19:44:03 PAGE 15  

 840   3      
 841   3                      break;
 842   3      
 843   3                  case _D5_INPUT_PORT:
 844   3      
 845   3                      break;
 846   3      
 847   3                  default:
 848   3                      break;
 849   3              }
 850   2          }
 851   1      }
 852          
 853          //--------------------------------------------------
 854          // Description  : Reset Audio Coding Type Detect INT
 855          // Input Value  : ucInputPort
 856          // Output Value : None
 857          //--------------------------------------------------
 858          void ScalerAudioLPCMResetProc(BYTE ucInputPort)
 859          {
 860   1      #if(_LINE_IN_SUPPORT == _ON)
 861   1          if(ScalerAudioGetInputSource() == _DIGITAL_AUDIO)
 862   1      #endif
 863   1          {
 864   2              switch(ucInputPort)
 865   2              {
 866   3                  case _D0_INPUT_PORT:
 867   3      
 868   3      #if((_D6_INPUT_PORT_TYPE != _D6_NO_PORT) && (_D6_INPUT_PORT_SWITCH_FROM == _SWITCH_FROM_D0))
                          case _D6_INPUT_PORT:
              #endif
 871   3      
 872   3      #if(_D0_DP_EXIST == _ON)
 873   3      
 874   3                      // Disable Audio Coding Type Change INT
 875   3                      ScalerSetBit(PB6_3B_DP_IRQ_CTRL1, ~_BIT0, 0x00);
 876   3      
 877   3                      // Reset Coding Type Detect
 878   3                      SET_DP_D0_AUDIO_CODING_TYPE_FORMAT(_AUDIO_CODING_TYPE_NONE);
 879   3      
 880   3      #endif
 881   3                      break;
 882   3      
 883   3                  case _D1_INPUT_PORT:
 884   3      
 885   3      #if(_D1_DP_EXIST == _ON)
              
                              // Disable Audio Coding Type Change INT
                              ScalerSetBit(PB9_3B_DP_IRQ_CTRL1, ~_BIT0, 0x00);
              
                              // Reset Coding Type Detect
                              SET_DP_D1_AUDIO_CODING_TYPE_FORMAT(_AUDIO_CODING_TYPE_NONE);
              
              #endif
 894   3                      break;
 895   3      
 896   3                  case _D2_INPUT_PORT:
 897   3      
 898   3                      break;
 899   3      
 900   3                  case _D3_INPUT_PORT:
 901   3      
C51 COMPILER V9.60.0.0   RL6432_SERIES_AUDIO                                               09/20/2026 19:44:03 PAGE 16  

 902   3                      break;
 903   3      
 904   3                  case _D4_INPUT_PORT:
 905   3      
 906   3                      break;
 907   3      
 908   3                  case _D5_INPUT_PORT:
 909   3      
 910   3                      break;
 911   3      
 912   3                  default:
 913   3                      break;
 914   3              }
 915   2          }
 916   1      }
 917          
 918          //--------------------------------------------------
 919          // Description  : Switch Digital Audio Output Mute
 920          // Input Value  : _ON => Mute On
 921          // Output Value : None
 922          //--------------------------------------------------
 923          void ScalerAudioDigitalOutputMute(bit bMute)
 924          {
 925   1          bMute = bMute;
 926   1      
 927   1          switch(ScalerAudioGetDigitalAudioPortMapping())
 928   1          {
 929   2              case _D0_INPUT_PORT:
 930   2      
 931   2      #if((_D6_INPUT_PORT_TYPE != _D6_NO_PORT) && (_D6_INPUT_PORT_SWITCH_FROM == _SWITCH_FROM_D0))
                      case _D6_INPUT_PORT:
              #endif
 934   2      
 935   2      #if(_D0_DP_EXIST == _ON)
 936   2      #if(_INTERNAL_AUDIO_TEST_SUPPORT == _ON)
                          if(ScalerAudioDpGetInternalAudioGenEnable() == _ENABLE)
                          {
                              // HDMI MAC DVC Mute On/Off
                              ScalerSetDataPortBit(P71_C9_HDMI_AP, _P71_CA_PT_07_PORT_PAGE71_HDMI_MAG_M_FINAL, ~(_BIT1 |
             - _BIT0), (((!bMute) == _ENABLE) ? (_BIT1 | _BIT0) : 0x00));
                              ScalerSetDataPortByte(P71_C9_HDMI_AP, _P71_CA_PT_08_PORT_PAGE71_HDMI_MAG_L_FINAL, 0x00);
                              ScalerSetDataPortByte(P71_C9_HDMI_AP, _P71_CA_PT_09_PORT_PAGE71_HDMI_MAG_R_FINAL, 0x00);
                          }
                          else
              #endif
 946   2                  {
 947   3                      ScalerAudioDPDigitalOutputProc(~bMute, _D0_INPUT_PORT);
 948   3                  }
 949   2      #endif
 950   2                  break;
 951   2      
 952   2              case _D1_INPUT_PORT:
 953   2      
 954   2      #if(_D1_HDMI_SUPPORT == _ON)
                          // HDMI MAC DVC Mute On/Off
                          ScalerSetDataPortBit(P71_C9_HDMI_AP, _P71_CA_PT_07_PORT_PAGE71_HDMI_MAG_M_FINAL, ~(_BIT1 | _BI
             -T0), (((!bMute) == _ENABLE) ? (_BIT1 | _BIT0) : 0x00));
                          ScalerSetDataPortByte(P71_C9_HDMI_AP, _P71_CA_PT_08_PORT_PAGE71_HDMI_MAG_L_FINAL, 0x00);
                          ScalerSetDataPortByte(P71_C9_HDMI_AP, _P71_CA_PT_09_PORT_PAGE71_HDMI_MAG_R_FINAL, 0x00);
              
              #elif(_D1_DP_EXIST == _ON)
              #if(_INTERNAL_AUDIO_TEST_SUPPORT == _ON)
C51 COMPILER V9.60.0.0   RL6432_SERIES_AUDIO                                               09/20/2026 19:44:03 PAGE 17  

                          if(ScalerAudioDpGetInternalAudioGenEnable() == _ENABLE)
                          {
                              // HDMI MAC DVC Mute On/Off
                              ScalerSetDataPortBit(P71_C9_HDMI_AP, _P71_CA_PT_07_PORT_PAGE71_HDMI_MAG_M_FINAL, ~(_BIT1 |
             - _BIT0), (((!bMute) == _ENABLE) ? (_BIT1 | _BIT0) : 0x00));
                              ScalerSetDataPortByte(P71_C9_HDMI_AP, _P71_CA_PT_08_PORT_PAGE71_HDMI_MAG_L_FINAL, 0x00);
                              ScalerSetDataPortByte(P71_C9_HDMI_AP, _P71_CA_PT_09_PORT_PAGE71_HDMI_MAG_R_FINAL, 0x00);
                          }
                          else
              #endif
                          {
                              ScalerAudioDPDigitalOutputProc(~bMute, _D1_INPUT_PORT);
                          }
              #endif
 975   2                  break;
 976   2      
 977   2              case _D2_INPUT_PORT:
 978   2      
 979   2      #if(_D2_HDMI_SUPPORT == _ON)
                          ScalerSetDataPortBit(P71_C9_HDMI_AP, _P71_CA_PT_07_PORT_PAGE71_HDMI_MAG_M_FINAL, ~(_BIT1 | _BI
             -T0), (((!bMute) == _ENABLE) ? (_BIT1 | _BIT0) : 0x00));
                          ScalerSetDataPortByte(P71_C9_HDMI_AP, _P71_CA_PT_08_PORT_PAGE71_HDMI_MAG_L_FINAL, 0x00);
                          ScalerSetDataPortByte(P71_C9_HDMI_AP, _P71_CA_PT_09_PORT_PAGE71_HDMI_MAG_R_FINAL, 0x00);
              #endif
 984   2                  break;
 985   2      
 986   2              case _D3_INPUT_PORT:
 987   2      
 988   2      #if(_D3_HDMI_SUPPORT == _ON)
 989   2                  ScalerSetDataPortBit(P72_C9_HDMI_AP, _P72_CA_PT_07_PORT_PAGE72_HDMI_MAG_M_FINAL, ~(_BIT1 | _BI
             -T0), (((!bMute) == _ENABLE) ? (_BIT1 | _BIT0) : 0x00));
 990   2                  ScalerSetDataPortByte(P72_C9_HDMI_AP, _P72_CA_PT_08_PORT_PAGE72_HDMI_MAG_L_FINAL, 0x00);
 991   2                  ScalerSetDataPortByte(P72_C9_HDMI_AP, _P72_CA_PT_09_PORT_PAGE72_HDMI_MAG_R_FINAL, 0x00);
 992   2      #endif
 993   2                  break;
 994   2      
 995   2              default:
 996   2                  break;
 997   2          }
 998   1      }
 999          
1000          //--------------------------------------------------
1001          // Description  : Audio Watch Dog Proc
1002          // Input Value  : bOn
1003          // Output Value : None
1004          //--------------------------------------------------
1005          void ScalerAudioWatchDogProc(bit bOn, BYTE ucInputPort)
1006          {
1007   1          bOn = bOn;
1008   1      
1009   1      #if(_LINE_IN_SUPPORT == _ON)
1010   1          if(ScalerAudioGetInputSource() == _DIGITAL_AUDIO)
1011   1      #endif
1012   1          {
1013   2              switch(ucInputPort)
1014   2              {
1015   3                  case _D0_INPUT_PORT:
1016   3      
1017   3      #if((_D6_INPUT_PORT_TYPE != _D6_NO_PORT) && (_D6_INPUT_PORT_SWITCH_FROM == _SWITCH_FROM_D0))
                          case _D6_INPUT_PORT:
              #endif
1020   3      
C51 COMPILER V9.60.0.0   RL6432_SERIES_AUDIO                                               09/20/2026 19:44:03 PAGE 18  

1021   3      #if(_D0_DP_EXIST == _ON)
1022   3                      ScalerAudioD0WatchDogProc(bOn);
1023   3                      DebugMessageAudio("Audio D0: WatchDog", bOn);
1024   3      #endif
1025   3                      break;
1026   3      
1027   3                  case _D1_INPUT_PORT:
1028   3      
1029   3      #if((_D1_HDMI_SUPPORT == _ON) || (_D1_DP_EXIST == _ON))
                              ScalerAudioD1WatchDogProc(bOn);
                              DebugMessageAudio("Audio D1: WatchDog", bOn);
              #endif
1033   3                      break;
1034   3      
1035   3                  case _D2_INPUT_PORT:
1036   3      
1037   3      #if(_D2_HDMI_SUPPORT == _ON)
                              ScalerAudioD2WatchDogProc(bOn);
                              DebugMessageAudio("Audio D2: WatchDog", bOn);
              #endif
1041   3                      break;
1042   3      
1043   3                  case _D3_INPUT_PORT:
1044   3      
1045   3      #if(_D3_HDMI_SUPPORT == _ON)
1046   3                      ScalerAudioD3WatchDogProc(bOn);
1047   3                      DebugMessageAudio("Audio D3: WatchDog", bOn);
1048   3      #endif
1049   3                      break;
1050   3      
1051   3                  default:
1052   3                      break;
1053   3              }
1054   2          }
1055   1      }
1056          
1057          //--------------------------------------------------
1058          // Description  : Audio HBR Mode Control
1059          // Input Value  : bOn
1060          // Input Value  : ucInputPort
1061          // Output Value : None
1062          //--------------------------------------------------
1063          void ScalerAudioHbrModeControl(bit bOn, BYTE ucInputPort)
1064          {
1065   1          bOn = bOn;
1066   1      
1067   1      #if(_LINE_IN_SUPPORT == _ON)
1068   1          if(ScalerAudioGetInputSource() == _DIGITAL_AUDIO)
1069   1      #endif
1070   1          {
1071   2              switch(ucInputPort)
1072   2              {
1073   3                  case _D0_INPUT_PORT:
1074   3      
1075   3      #if((_D6_INPUT_PORT_TYPE != _D6_NO_PORT) && (_D6_INPUT_PORT_SWITCH_FROM == _SWITCH_FROM_D0))
                          case _D6_INPUT_PORT:
              #endif
1078   3      
1079   3      #if(_D0_DP_EXIST == _ON)
1080   3                      ScalerAudioD0HbrModeControl(bOn);
1081   3                      DebugMessageAudio("Audio D0: HBR Mode Control", bOn);
1082   3      #endif
C51 COMPILER V9.60.0.0   RL6432_SERIES_AUDIO                                               09/20/2026 19:44:03 PAGE 19  

1083   3                      break;
1084   3      
1085   3                  case _D1_INPUT_PORT:
1086   3      
1087   3      #if((_D1_HDMI_SUPPORT == _ON) || (_D1_DP_EXIST == _ON))
                              ScalerAudioD1HbrModeControl(bOn);
                              DebugMessageAudio("Audio D1: HBR Mode Control", bOn);
              #endif
1091   3                      break;
1092   3      
1093   3                  case _D2_INPUT_PORT:
1094   3      
1095   3      #if(_D2_HDMI_SUPPORT == _ON)
                              DebugMessageAudio("Audio D2: HBR Mode Control", bOn);
              #endif
1098   3                      break;
1099   3      
1100   3                  case _D3_INPUT_PORT:
1101   3      
1102   3      #if(_D3_HDMI_SUPPORT == _ON)
1103   3                      DebugMessageAudio("Audio D3: HBR Mode Control", bOn);
1104   3      #endif
1105   3                      break;
1106   3      
1107   3                  default:
1108   3                      break;
1109   3              }
1110   2          }
1111   1      }
1112          
1113          //--------------------------------------------------
1114          // Description  : Timer Event to Load Stable I Code
1115          // Input Value  : None
1116          // Output Value : None
1117          //--------------------------------------------------
1118          void ScalerAudioLoadStableICodeEvent(EnumScalerTimerEventID enumEventID)
1119          {
1120   1          switch(enumEventID)
1121   1          {
1122   2      #if(_D0_DP_EXIST == _ON)
1123   2              case _SCALER_TIMER_EVENT_AUDIO_D0_LOAD_STABLE_I_CODE:
1124   2      
1125   2                  ScalerAudioD0LoadStableICodeEvent();
1126   2                  break;
1127   2      #endif
1128   2      
1129   2      #if((_D1_HDMI_SUPPORT == _ON) || (_D1_DP_EXIST == _ON))
                      case _SCALER_TIMER_EVENT_AUDIO_D1_LOAD_STABLE_I_CODE:
              
                          ScalerAudioD1LoadStableICodeEvent();
                          break;
              #endif
1135   2      
1136   2      #if(_D2_HDMI_SUPPORT == _ON)
                      case _SCALER_TIMER_EVENT_AUDIO_D2_LOAD_STABLE_I_CODE:
              
                          ScalerAudioD2LoadStableICodeEvent();
                          break;
              #endif
1142   2      
1143   2      #if(_D3_HDMI_SUPPORT == _ON)
1144   2              case _SCALER_TIMER_EVENT_AUDIO_D3_LOAD_STABLE_I_CODE:
C51 COMPILER V9.60.0.0   RL6432_SERIES_AUDIO                                               09/20/2026 19:44:03 PAGE 20  

1145   2      
1146   2                  ScalerAudioD3LoadStableICodeEvent();
1147   2                  break;
1148   2      #endif
1149   2      
1150   2              default:
1151   2                  break;
1152   2          }
1153   1      }
1154          
1155          //--------------------------------------------------
1156          // Description  : Switch audio Input (AIN / DAC)
1157          // Input Value  : bAudioSource
1158          // Output Value : None
1159          //--------------------------------------------------
1160          void ScalerAudioSourceInputSwitch(EnumAudioInputSource enumAudioSource, BYTE ucInputPort)
1161          {
1162   1          if(enumAudioSource == _DIGITAL_AUDIO)
1163   1          {
1164   2              // Select DAC Mux to Digital input
1165   2              ScalerSetBit(P6_D1_DA_MUTE, ~_BIT3, 0x00);
1166   2      
1167   2      #if(_LINE_IN_POWER_DYNAMIC_MANAGE_SUPPORT == _ON)
                      // Power Down Input Buffer
                      ScalerSetBit(P6_C0_REG_DAC_POWER0, ~_BIT2, 0x00);
              
                      // Power Down ADC
                      ScalerSetBit(P6_B0_REG_ADC_POWER, ~_BIT7, 0x00);
              #endif
1174   2      
1175   2      #if(_LINE_IN_SUPPORT == _ON)
1176   2              // Power down Audio ADC PLL
1177   2              ScalerSetBit(PBF_BD_MN_SCLKG_PLL_PWR, ~_BIT7, _BIT7);
1178   2      
1179   2      #if(_LINE_IN_AA_PATH_SUPPORT == _ON)
                      // Set DAC Path
                      ScalerSetByte(P6_E0_REG_MUX_ANA_OUT, 0x00);
              #endif
1183   2      #endif
1184   2              if(ucInputPort == _D0_INPUT_PORT)
1185   2              {
1186   3      #if(_INTERNAL_AUDIO_TEST_SUPPORT == _ON)
                          if(ScalerAudioDpGetInternalAudioGenEnable() == _ENABLE)
                          {
                              ScalerAudioInputPortSwitch(_AUDIO_FROM_D2_PORT);
                          }
                          else
              #endif
1193   3                  {
1194   4                      ScalerAudioInputPortSwitch(_AUDIO_FROM_D0_PORT);
1195   4                  }
1196   3              }
1197   2              else if(ucInputPort == _D1_INPUT_PORT)
1198   2              {
1199   3      #if(_D1_DP_EXIST == _ON)
              #if(_INTERNAL_AUDIO_TEST_SUPPORT == _ON)
                          if(ScalerAudioDpGetInternalAudioGenEnable() == _ENABLE)
                          {
                              ScalerAudioInputPortSwitch(_AUDIO_FROM_D2_PORT);
                          }
                          else
              #endif
C51 COMPILER V9.60.0.0   RL6432_SERIES_AUDIO                                               09/20/2026 19:44:03 PAGE 21  

                          {
                              ScalerAudioInputPortSwitch(_AUDIO_FROM_D1_PORT);
                          }
              
              #elif(_D1_HDMI_SUPPORT == _ON)
                          ScalerAudioInputPortSwitch(_AUDIO_FROM_D2_PORT);
              #endif
1214   3              }
1215   2              else if(ucInputPort == _D2_INPUT_PORT)
1216   2              {
1217   3                  ScalerAudioInputPortSwitch(_AUDIO_FROM_D2_PORT);
1218   3              }
1219   2              else if(ucInputPort == _D3_INPUT_PORT)
1220   2              {
1221   3                  ScalerAudioInputPortSwitch(_AUDIO_FROM_D3_PORT);
1222   3              }
1223   2      #if((_D6_INPUT_PORT_TYPE != _D6_NO_PORT) && (_D6_INPUT_PORT_SWITCH_FROM == _SWITCH_FROM_D0))
                      else if(ucInputPort == _D6_INPUT_PORT)
                      {
                          ScalerAudioInputPortSwitch(_AUDIO_FROM_D0_PORT);
                      }
              #endif
1229   2              // Resolve Audio Phase Delay of L/R Channel
1230   2              ScalerAudioDVCResetProc();
1231   2      
1232   2      #if(_EMBEDDED_DAC_SUPPORT == _ON)
1233   2              // Set AOUT and HPOUT Gain After DAC Block
1234   2              ScalerAudioDACSetOutputGain(_AUDIO_DAC_OUTPUT_SPEAKER, _DIGITAL_DAC_AOUT_GAIN_DB);
1235   2              ScalerAudioDACSetOutputGain(_AUDIO_DAC_OUTPUT_HEADPHONE, _DIGITAL_DAC_HPOUT_GAIN_DB);
1236   2      #endif
1237   2      
1238   2      #if(_AUDIO_DVC_ADJUST_HARD_GAIN_SUPPORT == _ON)
                      // Set Hard Gain for Digital Audio
                      ScalerSetBit(P8_A9_DVC_GAIN_DONE, ~(_BIT3 | _BIT2 | _BIT1 | _BIT0), _DIGITAL_HARD_GAIN_VALUE);
              #endif
1242   2          }
1243   1      #if(_LINE_IN_SUPPORT == _ON)
1244   1          else if(enumAudioSource == _LINE_IN_AUDIO)
1245   1          {
1246   2              // Enable Audio ADC PLL
1247   2              ScalerAudioSetADCAudioPLL();
1248   2      
1249   2      #if(_LINE_IN_POWER_DYNAMIC_MANAGE_SUPPORT == _ON)
                      // Power On ADC
                      ScalerSetBit(P6_B0_REG_ADC_POWER, ~_BIT7, _BIT7);
              
                      // Power On Input Buffer
                      ScalerSetBit(P6_C0_REG_DAC_POWER0, ~_BIT2, _BIT2);
              #endif
1256   2      
1257   2              // Select DAC Mux to ADC input
1258   2              ScalerSetBit(P6_D1_DA_MUTE, ~_BIT3, _BIT3);
1259   2      
1260   2              // Switch port to Audio ADC
1261   2              ScalerAudioInputPortSwitch(_AUDIO_FROM_ADC_PORT);
1262   2      
1263   2              // Resolve Audio Phase Delay of L/R Channel
1264   2              ScalerAudioDVCResetProc();
1265   2      
1266   2      #if(_EMBEDDED_DAC_SUPPORT == _ON)
1267   2              // Set AOUT and HPOUT Gain After DAC Block
1268   2              ScalerAudioDACSetOutputGain(_AUDIO_DAC_OUTPUT_SPEAKER, _LINE_IN_DAC_AOUT_GAIN_DB);
C51 COMPILER V9.60.0.0   RL6432_SERIES_AUDIO                                               09/20/2026 19:44:03 PAGE 22  

1269   2              ScalerAudioDACSetOutputGain(_AUDIO_DAC_OUTPUT_HEADPHONE, _LINE_IN_DAC_HPOUT_GAIN_DB);
1270   2      #endif
1271   2      
1272   2      #if(_LINE_IN_AA_PATH_SUPPORT == _ON)
                      // Set A-A Path
                      ScalerSetByte(P6_E0_REG_MUX_ANA_OUT, 0xAA);
              #endif
1276   2      
1277   2      #if(_AUDIO_DVC_ADJUST_HARD_GAIN_SUPPORT == _ON)
                      // Set Hard Gain for Line in Audio
                      ScalerSetBit(P8_A9_DVC_GAIN_DONE, ~(_BIT3 | _BIT2 | _BIT1 | _BIT0), _LINE_IN_HARD_GAIN_VALUE);
              #endif
1281   2          }
1282   1      #endif
1283   1      }
1284          
1285          //--------------------------------------------------
1286          // Description  : Get Current Audio Port
1287          // Input Value  : None
1288          // Output Value : Input Port
1289          //--------------------------------------------------
1290          EnumSourceSearchPort ScalerAudioGetDigitalAudioPortMapping(void)
1291          {
1292   1          switch(ScalerAudioGetDigitalAudioPort(_AUDIO_DAC_OUT))
1293   1          {
1294   2              case _AUDIO_FROM_D0_PORT:
1295   2      
1296   2      #if((_D6_INPUT_PORT_TYPE != _D6_NO_PORT) && (_D6_INPUT_PORT_SWITCH_FROM == _SWITCH_FROM_D0))
                          if(GET_D6_SWITCH_SELECT() == _D0_INPUT_PORT)
                          {
                              return _D0_INPUT_PORT;
                          }
                          else if(GET_D6_SWITCH_SELECT() == _D6_INPUT_PORT)
                          {
                              return _D6_INPUT_PORT;
                          }
              #endif
1306   2                  return _D0_INPUT_PORT;
1307   2      
1308   2              case _AUDIO_FROM_D1_PORT:
1309   2      
1310   2                  return _D1_INPUT_PORT;
1311   2      
1312   2              case _AUDIO_FROM_D2_PORT:
1313   2      
1314   2      #if(_D1_HDMI_SUPPORT == _ON)
                          if(CHECK_TMDS_DPHY_SWITCH(_D1_INPUT_PORT) == _TRUE)
                          {
                              return _D1_INPUT_PORT;
                          }
                          else
              #endif
1321   2                  {
1322   3                      return _D2_INPUT_PORT;
1323   3                  }
1324   2      
1325   2              case _AUDIO_FROM_D3_PORT:
1326   2      
1327   2                  return _D3_INPUT_PORT;
1328   2      
1329   2              default:
1330   2                  break;
C51 COMPILER V9.60.0.0   RL6432_SERIES_AUDIO                                               09/20/2026 19:44:03 PAGE 23  

1331   2          }
1332   1      
1333   1          return _NO_INPUT_PORT;
1334   1      }
1335          
1336          #if(_AUDIO_FW_TRACKING_MODE_SUPPORT == _ON)
              //--------------------------------------------------
              // Description  : FW tracking Handler
              // Input Value  : None
              // Output Value : None
              //--------------------------------------------------
              void ScalerAudioFwTrackingHandler(void)
              {
              #if(_D1_HDMI_SUPPORT == _ON)
                  if((GET_AUDIO_D1_FW_TRACKING_RESET() == _FALSE) && (GET_AUDIO_D1_SAMPLING_FREQ() <= _AUDIO_FREQ_48K))
                  {
                      // FW Tracking mode active only when fs <= 48kHz
                      ScalerAudioD1FwTrackingHandler();
                  }
                  else // FW Tracking mode reset
                  {
                      // Audio Tracking Reset
                      ScalerAudioD1FwTrackingReset();
              
                      DebugMessageAudio("D1 Audio : FW Tracking End", GET_AUDIO_D1_SAMPLING_FREQ());
                  }
              #endif
              
              #if(_D2_HDMI_SUPPORT == _ON)
                  if((GET_AUDIO_D2_FW_TRACKING_RESET() == _FALSE) && (GET_AUDIO_D2_SAMPLING_FREQ() <= _AUDIO_FREQ_48K))
                  {
                      // FW Tracking mode active only when fs <= 48kHz
                      ScalerAudioD2FwTrackingHandler();
                  }
                  else // FW Tracking mode reset
                  {
                      // Audio Tracking Reset
                      ScalerAudioD2FwTrackingReset();
              
                      DebugMessageAudio("D2 Audio : FW Tracking End", GET_AUDIO_D2_SAMPLING_FREQ());
                  }
              #endif
              
              #if(_D3_HDMI_SUPPORT == _ON)
                  if((GET_AUDIO_D3_FW_TRACKING_RESET() == _FALSE) && (GET_AUDIO_D3_SAMPLING_FREQ() <= _AUDIO_FREQ_48K))
                  {
                      // FW Tracking mode active only when fs <= 48kHz
                      ScalerAudioD3FwTrackingHandler();
                  }
                  else // FW Tracking mode reset
                  {
                      // Audio Tracking Reset
                      ScalerAudioD3FwTrackingReset();
              
                      DebugMessageAudio("D3 Audio : FW Tracking End", GET_AUDIO_D3_SAMPLING_FREQ());
                  }
              #endif
              }
              
              //--------------------------------------------------
              // Description  : Timer Event to tracking event
              // Input Value  : None
C51 COMPILER V9.60.0.0   RL6432_SERIES_AUDIO                                               09/20/2026 19:44:03 PAGE 24  

              // Output Value : None
              //--------------------------------------------------
              void ScalerAudioFwTrackingEventSet(EnumScalerTimerEventID enumEventID)
              {
                  switch(enumEventID)
                  {
              #if(_D1_HDMI_SUPPORT == _ON)
              
                      case _SCALER_TIMER_EVENT_AUDIO_D1_FW_TRACKING_PREPARING:
              
                          ScalerAudioD1FwTrackingEventSet();
                          break;
              #endif
              #if(_D2_HDMI_SUPPORT == _ON)
              
                      case _SCALER_TIMER_EVENT_AUDIO_D2_FW_TRACKING_PREPARING:
              
                          ScalerAudioD2FwTrackingEventSet();
                          break;
              #endif
              #if(_D3_HDMI_SUPPORT == _ON)
              
                      case _SCALER_TIMER_EVENT_AUDIO_D3_FW_TRACKING_PREPARING:
              
                          ScalerAudioD3FwTrackingEventSet();
                          break;
              #endif
              
                      default:
                          break;
                  }
              }
              
              //--------------------------------------------------
              // Description  : Timer Event to 4s timeout event
              // Input Value  : None
              // Output Value : None
              //--------------------------------------------------
              void ScalerAudioTimeoutEventSet(EnumScalerTimerEventID enumEventID)
              {
                  switch(enumEventID)
                  {
              #if(_D1_HDMI_SUPPORT == _ON)
              
                      case _SCALER_TIMER_EVENT_AUDIO_D1_FW_TRACKING_TIMEOUT:
              
                          ScalerAudioD1TimeoutEventSet();
                          break;
              #endif
              #if(_D2_HDMI_SUPPORT == _ON)
              
                      case _SCALER_TIMER_EVENT_AUDIO_D2_FW_TRACKING_TIMEOUT:
              
                          ScalerAudioD2TimeoutEventSet();
                          break;
              #endif
              #if(_D3_HDMI_SUPPORT == _ON)
              
                      case _SCALER_TIMER_EVENT_AUDIO_D3_FW_TRACKING_TIMEOUT:
              
                          ScalerAudioD3TimeoutEventSet();
                          break;
C51 COMPILER V9.60.0.0   RL6432_SERIES_AUDIO                                               09/20/2026 19:44:03 PAGE 25  

              #endif
              
                      default:
                          break;
                  }
              }
              #endif
1462          
1463          
1464          #if((_D1_HDMI_SUPPORT == _ON) || (_D1_DP_EXIST == _ON))
              //--------------------------------------------------
              // Description  : Load initial I Code
              // Input Value  : None
              // Output Value : None
              //--------------------------------------------------
              void ScalerAudioD1LoadInitialICode(void)
              {
              #if(_D1_HDMI_SUPPORT == _ON)
                  // Set high byte of I code for boundary tracking for HDMI audio
                  ScalerSetDataPortByte(P71_C9_HDMI_AP, _P71_CA_PT_24_PORT_PAGE71_HDMI_ICBPSR0, HIBYTE(_INITIAL_I_CODE))
             -;
              
                  // Set low byte of I code for boundary tracking for HDMI audio
                  ScalerSetDataPortByte(P71_C9_HDMI_AP, _P71_CA_PT_25_PORT_PAGE71_HDMI_ICBPSR1, LOBYTE(_INITIAL_I_CODE))
             -;
              #elif(_D1_DP_EXIST == _ON)
                  // Set high byte of I code for boundary tracking for DP audio
                  ScalerSetByte(PB9_83_AUD_BDRY_2, HIBYTE(_INITIAL_I_CODE));
              
                  // Set low byte of I code for boundary tracking for DP audio
                  ScalerSetByte(PB9_84_AUD_BDRY_3, LOBYTE(_INITIAL_I_CODE));
              #endif
              
                  DebugMessageAudio("Load initial I code", _INITIAL_I_CODE);
              }
              
              //--------------------------------------------------
              // Description  : Timer Event to Load Stable I Code
              // Input Value  : None
              // Output Value : None
              //--------------------------------------------------
              void ScalerAudioD1LoadStableICodeEvent(void)
              {
              #if(_D1_HDMI_SUPPORT == _ON)
                  // Set high byte of I code for boundary tracking
                  ScalerSetDataPortByte(P71_C9_HDMI_AP, _P71_CA_PT_24_PORT_PAGE71_HDMI_ICBPSR0, HIBYTE(_STABLE_I_CODE));
              
                  // Set low byte of I code for boundary tracking
                  ScalerSetDataPortByte(P71_C9_HDMI_AP, _P71_CA_PT_25_PORT_PAGE71_HDMI_ICBPSR1, LOBYTE(_STABLE_I_CODE));
              #elif(_D1_DP_EXIST == _ON)
                  // Set high byte of I code for boundary tracking for DP audio
                  ScalerSetByte(PB9_83_AUD_BDRY_2, HIBYTE(_STABLE_I_CODE));
              
                  // Set low byte of I code for boundary tracking for DP audio
                  ScalerSetByte(PB9_84_AUD_BDRY_3, LOBYTE(_STABLE_I_CODE));
              #endif
              
                  DebugMessageAudio("Load stable I code", _STABLE_I_CODE);
              }
              
              //--------------------------------------------------
              // Description  : Detect D1 digital audio for HDMI/DP interface
C51 COMPILER V9.60.0.0   RL6432_SERIES_AUDIO                                               09/20/2026 19:44:03 PAGE 26  

              // Input Value  : None
              // Output Value : None
              //--------------------------------------------------
              void ScalerAudioD1DigitalDetectProc(void)
              {
              #if(_D1_DP_EXIST == _ON)
                  if(GET_DP_RX1_LINK_TRAINING_STATUS() != _DP_NORMAL_LINK_TRAINING_PASS)
                  {
                      if(ScalerGetBit(PB9_81_AUD_BDRY_0, _BIT7) == _BIT7)
                      {
                          // -----------------------------------------
                          // Disable Tracking Function
                          // -----------------------------------------
              
                          // Disable INT for Auido Sampling Change
                          ScalerSetBit(PB9_50_AUD_FREQUENY_DET_0, ~(_BIT6 | _BIT5), 0x00);
              
                          // Disable Boundary Tracking Method
                          ScalerSetBit(PB9_81_AUD_BDRY_0, ~_BIT7, 0x00);
              
                          // Disable Trend Tracking Method
                          ScalerSetBit(PB9_92_AUD_TRND_0, ~_BIT7, 0x00);
              
                          // Reload D code
                          ScalerSetBit(PB9_7C_AUD_FSM_CTRL_1, ~_BIT7, _BIT7);
              
                          DebugMessageAudio("D1 Audio Tracking Disable", 0);
                      }
              
              #if(_AUDIO_MANUAL_SAMPLING_FREQ_SUPPORT == _OFF)
                      if(GET_AUDIO_D1_AUTO_LOAD_FREQ() == _TRUE)
                      {
                          // -----------------------------------------
                          // Set User Define Frequency When No Audio
                          // -----------------------------------------
                          ScalerAudioD1AudioFrequencyMode(_AUDIO_TRACKING_MANNUAL_MODE);
              
                          // Clear Flag
                          CLR_AUDIO_D1_AUTO_LOAD_FREQ();
              
                          DebugMessageAudio("Dp Rx1 Audio Mannual Mode", 0);
                      }
              #endif
              
                      CLR_AUDIO_D1_PACKET_DETECT();
                      SET_D1_DIGITAL_AUDIO_SOURCE(_DIGITAL_AUDIO_SOURCE_NONE);
              
                      if(GET_AUDIO_D1_ICODE_RELOADED() == _TRUE)
                      {
                          ScalerTimerCancelTimerEvent(_SCALER_TIMER_EVENT_AUDIO_D1_LOAD_STABLE_I_CODE);
              
                          ScalerAudioD1LoadInitialICode();
              
                          CLR_AUDIO_D1_ICODE_RELOADED();
                      }
              
                      return;
                  }
              #endif
              
                  if(ScalerAudioD1SamplingFreqDetect() != 0x00)
                  {
C51 COMPILER V9.60.0.0   RL6432_SERIES_AUDIO                                               09/20/2026 19:44:03 PAGE 27  

              #if(_D1_HDMI_SUPPORT == _ON)
                      // Enable Audio output
                      ScalerSetDataPortBit(P71_C9_HDMI_AP, _P71_CA_PT_30_PORT_PAGE71_HDMI_AVMCR, ~(_BIT6 | _BIT5), (_BIT
             -6 | _BIT5));
              
              #if(_AUDIO_MANUAL_SAMPLING_FREQ_SUPPORT == _OFF)
                      if(GET_AUDIO_D1_AUTO_LOAD_FREQ() == _FALSE)
                      {
                          // Set HW Auto Load Frequency
                          ScalerAudioD1AudioFrequencyMode(_AUDIO_TRACKING_AUTO_LOAD_MODE);
              
                          // Set Flag
                          SET_AUDIO_D1_AUTO_LOAD_FREQ();
              
                          DebugMessageAudio("HDMI D1 Audio Auto_Load Mode", 0);
                      }
              #endif
                      if(ScalerGetDataPortBit(P71_C9_HDMI_AP, _P71_CA_PT_15_PORT_PAGE71_HDMI_PSCR, (_BIT3 | _BIT2)) == 0
             -x00)
                      {
              #if(_DIGITAL_AUDIO_OUTPUT_FIX_I2S_PHASE_DELAY == _ON)
                          if(ScalerAudioGetDigitalAudioPort(_AUDIO_DAC_OUT) == _AUDIO_FROM_D2_PORT)
                          {
                              // Resolve Audio Phase Delay of L/R Channel
                              ScalerAudioDVCResetProc();
                          }
              #endif
                          // Enable Audio FIFO Tracking
                          ScalerSetDataPortBit(P71_C9_HDMI_AP, _P71_CA_PT_15_PORT_PAGE71_HDMI_PSCR, ~(_BIT3 | _BIT2), (_
             -BIT3 | _BIT2));
              
                          // Set Double Buffer bit
                          ScalerSetDataPortBit(P71_C9_HDMI_AP, _P71_CA_PT_10_PORT_PAGE71_HDMI_CMCR, ~_BIT4, _BIT4);
              
                          // Clear Audio Freq Changed Flag
                          ScalerSetDataPortBit(P71_C9_HDMI_AP, _P71_CA_PT_8A_PORT_PAGE71_AUDIO_FREQDET, ~(_BIT1 | _BIT0)
             -, _BIT1);
              
                          // Enable Audio Freq Changed INT
                          ScalerSetDataPortBit(P71_C9_HDMI_AP, _P71_CA_PT_8A_PORT_PAGE71_AUDIO_FREQDET, ~(_BIT3 | _BIT1 
             -| _BIT0), _BIT3);
              
                          DebugMessageAudio("D1 Audio Tracking Enable", 0);
              
              #if(_HDMI_AUDIO_FW_TRACKING_MODE_SUPPORT == _ON)
                          ScalerGetDataPortByte(P71_C9_HDMI_AP, _P71_CA_PT_16_PORT_PAGE71_HDMI_FDDR, 1, &(g_stHDMID1Audi
             -oFwTrackingInfo.ucAfifoBackup), _NON_AUTOINC);
              #endif
                      }
              
                      SET_AUDIO_D1_PACKET_DETECT();
                      SET_D1_DIGITAL_AUDIO_SOURCE(_DIGITAL_AUDIO_SOURCE_HDMI);
              
              #elif(_D1_DP_EXIST == _ON)
              #if(_AUDIO_MANUAL_SAMPLING_FREQ_SUPPORT == _OFF)
                      if(GET_AUDIO_D1_AUTO_LOAD_FREQ() == _FALSE)
                      {
                          // -----------------------------------------
                          // Set HW Auto Load Frequency
                          // -----------------------------------------
                          ScalerAudioD1AudioFrequencyMode(_AUDIO_TRACKING_AUTO_LOAD_MODE);
              
C51 COMPILER V9.60.0.0   RL6432_SERIES_AUDIO                                               09/20/2026 19:44:03 PAGE 28  

                          // Set Flag
                          SET_AUDIO_D1_AUTO_LOAD_FREQ();
              
                          DebugMessageAudio("Dp Rx1 Audio Auto_Load Mode", 0);
                      }
              #endif
              
                      if(ScalerGetBit(PB9_81_AUD_BDRY_0, _BIT7) == 0x00)
                      {
              #if(_DIGITAL_AUDIO_OUTPUT_FIX_I2S_PHASE_DELAY == _ON)
                          if(ScalerAudioGetDigitalAudioPort(_AUDIO_DAC_OUT) == _AUDIO_FROM_D1_PORT)
                          {
                              // Resolve Audio Phase Delay of L/R Channel
                              ScalerAudioDVCResetProc();
                          }
              #endif
                          // -----------------------------------------
                          // Enable Tracking Function
                          // -----------------------------------------
              
                          // Enable Boundary Tracking Method
                          ScalerSetBit(PB9_81_AUD_BDRY_0, ~_BIT7, _BIT7);
              
                          // Enable Trend Tracking Method
                          ScalerSetBit(PB9_92_AUD_TRND_0, ~_BIT7, _BIT7);
              
                          // Clear Auido Sampling Change Flag
                          ScalerSetBit(PB9_50_AUD_FREQUENY_DET_0, ~_BIT5, _BIT5);
              
                          // Enable INT for Auido Sampling Change
                          ScalerSetBit(PB9_50_AUD_FREQUENY_DET_0, ~(_BIT6 | _BIT5), _BIT6);
              
                          DebugMessageAudio("D1 Audio Tracking Enable", 0);
                      }
              
                      if(ScalerGetBit(PB9_01_DP_VBID, _BIT4) == 0x00)
                      {
                          SET_AUDIO_D1_PACKET_DETECT();
                          SET_D1_DIGITAL_AUDIO_SOURCE(_DIGITAL_AUDIO_SOURCE_DP);
              
                          // Set DP Receive Port1 In Sync
                          ScalerDpRx1SinkStatusSet(_DP_SINK_REVEICE_PORT1, _DP_SINK_IN_SYNC);
                      }
                      else
                      {
                          CLR_AUDIO_D1_PACKET_DETECT();
                          SET_D1_DIGITAL_AUDIO_SOURCE(_DIGITAL_AUDIO_SOURCE_NONE);
              
                          // Set DP Receive Port1 Out Of Sync
                          ScalerDpRx1SinkStatusSet(_DP_SINK_REVEICE_PORT1, _DP_SINK_OUT_OF_SYNC);
                      }
              #endif
              
              #if(_HDMI_AUDIO_FW_TRACKING_MODE_SUPPORT == _ON)
                      if(GET_AUDIO_D3_SAMPLING_FREQ() > _AUDIO_FREQ_48K)
              #endif
                      {
                          if(GET_AUDIO_D1_ICODE_RELOADED() == _FALSE)
                          {
                              ScalerTimerReactiveTimerEvent(_AUDIO_DYNAMIC_I_CODE_TIMER_MS, _SCALER_TIMER_EVENT_AUDIO_D1
             -_LOAD_STABLE_I_CODE);
              
C51 COMPILER V9.60.0.0   RL6432_SERIES_AUDIO                                               09/20/2026 19:44:03 PAGE 29  

                              SET_AUDIO_D1_ICODE_RELOADED();
                          }
                      }
                  }
                  else
                  {
              #if(_D1_HDMI_SUPPORT == _ON)
                      if(ScalerGetDataPortBit(P71_C9_HDMI_AP, _P71_CA_PT_15_PORT_PAGE71_HDMI_PSCR, (_BIT3 | _BIT2)) != 0
             -x00)
                      {
                          // Diable Audio Freq Changed INT
                          ScalerSetDataPortBit(P71_C9_HDMI_AP, _P71_CA_PT_8A_PORT_PAGE71_AUDIO_FREQDET, ~(_BIT3 | _BIT1 
             -| _BIT0), 0x00);
              
                          // Disable Audio FIFO Tracking
                          ScalerSetDataPortBit(P71_C9_HDMI_AP, _P71_CA_PT_15_PORT_PAGE71_HDMI_PSCR, ~(_BIT3 | _BIT2), 0x
             -00);
              
                          // Set Double Buffer bit
                          ScalerSetDataPortBit(P71_C9_HDMI_AP, _P71_CA_PT_10_PORT_PAGE71_HDMI_CMCR, ~_BIT4, _BIT4);
              
                          // Reload D code
                          ScalerSetDataPortBit(P71_C9_HDMI_AP, _P71_CA_PT_31_PORT_PAGE71_HDMI_WDCR0, ~_BIT6, _BIT6);
                          ScalerSetDataPortBit(P71_C9_HDMI_AP, _P71_CA_PT_31_PORT_PAGE71_HDMI_WDCR0, ~_BIT6, 0x00);
              
                          DebugMessageAudio("D1 Audio Tracking Disable", 0);
                      }
              
              #if(_AUDIO_MANUAL_SAMPLING_FREQ_SUPPORT == _OFF)
                      if(GET_AUDIO_D1_AUTO_LOAD_FREQ() == _TRUE)
                      {
                          // Set User Define Frequency When No Audio
                          ScalerAudioD1AudioFrequencyMode(_AUDIO_TRACKING_MANNUAL_MODE);
              
                          // CLR PLL Autoload Status Flag
                          CLR_AUDIO_D1_AUTO_LOAD_FREQ();
              
                          DebugMessageAudio("HDMI D1 Audio Mannual Mode", 0);
                      }
              #endif
              #elif(_D1_DP_EXIST == _ON)
                      if(ScalerGetBit(PB9_81_AUD_BDRY_0, _BIT7) == _BIT7)
                      {
                          // Disable INT for Auido Sampling Change
                          ScalerSetBit(PB9_50_AUD_FREQUENY_DET_0, ~(_BIT6 | _BIT5), 0x00);
              
                          // Disable Boundary Tracking Method
                          ScalerSetBit(PB9_81_AUD_BDRY_0, ~_BIT7, 0x00);
              
                          // Disable Trend Tracking Method
                          ScalerSetBit(PB9_92_AUD_TRND_0, ~_BIT7, 0x00);
              
                          // Reload D code
                          ScalerSetBit(PB9_7C_AUD_FSM_CTRL_1, ~_BIT7, _BIT7);
              
                          DebugMessageAudio("D1 Audio Tracking Disable", 0);
                      }
              
                      if(GET_D1_DIGITAL_AUDIO_SOURCE() == _DIGITAL_AUDIO_SOURCE_DP)
                      {
                          // Set DP Receive Port1 Out Of Sync
                          ScalerDpRx1SinkStatusSet(_DP_SINK_REVEICE_PORT1, _DP_SINK_OUT_OF_SYNC);
C51 COMPILER V9.60.0.0   RL6432_SERIES_AUDIO                                               09/20/2026 19:44:03 PAGE 30  

                      }
              #endif
              
                      CLR_AUDIO_D1_PACKET_DETECT();
                      SET_D1_DIGITAL_AUDIO_SOURCE(_DIGITAL_AUDIO_SOURCE_NONE);
              
              #if(_HDMI_AUDIO_FW_TRACKING_MODE_SUPPORT == _ON)
                      if(GET_AUDIO_D3_SAMPLING_FREQ() > _AUDIO_FREQ_48K)
              #endif
                      {
                          if(GET_AUDIO_D1_ICODE_RELOADED() == _TRUE)
                          {
                              ScalerTimerCancelTimerEvent(_SCALER_TIMER_EVENT_AUDIO_D1_LOAD_STABLE_I_CODE);
              
                              ScalerAudioD1LoadInitialICode();
              
                              CLR_AUDIO_D1_ICODE_RELOADED();
                          }
                      }
                  }
              }
              
              //--------------------------------------------------
              // Description  : Get D1 Audio Detected
              // Input Value  : None
              // Output Value : TRUE => Audio Detected
              //--------------------------------------------------
              bit ScalerAudioD1GetAudioDetected(void)
              {
                  // Check audio packet
                  if(GET_AUDIO_D1_PACKET_DETECT() == _FALSE)
                  {
                      DebugMessageAudio("False : D1 Audio Packet", 0);
                      return _FALSE;
                  }
              
                  // Check FW tracking state
              #if(_HDMI_AUDIO_FW_TRACKING_MODE_SUPPORT == _ON)
              #if(_D1_HDMI_SUPPORT == _ON)
                  if((GET_AUDIO_D1_FW_TRACKING_STATE() != _AUDIO_FW_TRACKING_PROCESS_PLAYBACK) &&
                     (GET_AUDIO_D1_SAMPLING_FREQ() <= _AUDIO_FREQ_48K))
                  {
                      DebugMessageAudio("False : D1 Audio FW Tracking preparing", 0);
                      return _FALSE;
                  }
              #endif
              #endif
              
              #if(_D1_HDMI_SUPPORT == _ON)
                  // Check AVMute
                  if(ScalerGetBit(P71_CB_HDMI_SR, _BIT6) == _BIT6)
                  {
                      DebugMessageAudio("False : D1 AVMute", 0);
                      return _FALSE;
                  }
              
                  // Check Audio Tracking
                  if(ScalerGetDataPortBit(P71_C9_HDMI_AP, _P71_CA_PT_15_PORT_PAGE71_HDMI_PSCR, (_BIT3 | _BIT2)) == 0x00)
                  {
                      DebugMessageAudio("False : D1 HDMI Audio Tracking Disable", 0);
                      return _FALSE;
                  }
C51 COMPILER V9.60.0.0   RL6432_SERIES_AUDIO                                               09/20/2026 19:44:03 PAGE 31  

              
                  // Check HDMI audio FIFO overflow and underflow
                  if(ScalerGetBit(P71_CB_HDMI_SR, (_BIT2 | _BIT1)) != 0x00)
                  {
                      DebugMessageAudio("False : D1 HDMI Audio FIFO", ScalerGetBit(P71_CB_HDMI_SR, (_BIT2 | _BIT1)));
              
                      if(ScalerGetDataPortBit(P71_C9_HDMI_AP, _P71_CA_PT_31_PORT_PAGE71_HDMI_WDCR0, (_BIT2 | _BIT1)) == 
             -0x00)
                      {
                          // Clear HDMI audio FIFO overflow and underflow status
                          ScalerSetBit(P71_CB_HDMI_SR, ~(_BIT2 | _BIT1), (_BIT2 | _BIT1));
              
                          if(ScalerGetBit(P71_CB_HDMI_SR, (_BIT2 | _BIT1)) != 0x00)
                          {
                              DebugMessageAudio("False : D1 HDMI Audio FSM Reset", ScalerGetBit(P71_CB_HDMI_SR, (_BIT2 |
             - _BIT1)));
              
                              // Set Double Buffer bit
                              ScalerSetDataPortBit(P71_C9_HDMI_AP, _P71_CA_PT_10_PORT_PAGE71_HDMI_CMCR, ~_BIT4, _BIT4);
              
                              // Clear HDMI audio FIFO overflow and underflow status
                              ScalerSetBit(P71_CB_HDMI_SR, ~(_BIT2 | _BIT1), (_BIT2 | _BIT1));
                          }
                      }
              
                      return _FALSE;
                  }
              
              #elif(_D1_DP_EXIST == _ON)
                  // Check Audio FSM
                  if(ScalerGetBit(PB9_74_AUD_FSM_CTRL_0, _BIT7) == 0x00)
                  {
                      DebugMessageAudio("False : D1 DP Audio Fsm Disable", 0);
              
                      return _FALSE;
                  }
              
                  // Check Audio Tracking
                  if(ScalerGetBit(PB9_81_AUD_BDRY_0, _BIT7) == 0x00)
                  {
                      DebugMessageAudio("False : D1 DP Audio Tracking Disable", 0);
              
                      return _FALSE;
                  }
              
                  // Check DP audio buffer overflow and underflow
                  if(ScalerGetBit(PB9_70_AUD_BUFFER_CTRL_0, (_BIT1 | _BIT0)) != 0x00)
                  {
                      DebugMessageAudio("False : D1 DP Audio Buffer", ScalerGetBit(PB9_70_AUD_BUFFER_CTRL_0, (_BIT1 | _B
             -IT0)));
              
                      if(ScalerGetBit(PB9_39_DP_AWD_CTRL, (_BIT7 | _BIT6)) == 0x00)
                      {
                          // Clear audio FIFO overflow and underflow status
                          ScalerSetBit(PB9_70_AUD_BUFFER_CTRL_0, ~(_BIT1 | _BIT0), (_BIT1 | _BIT0));
              
                          // Waiting for 2ms(Audio Freq. Detect || Audio FIFO Write (1/2 FIFO depth = 64 packet)) + 1ms(
             -Audio Stable Time Count = 5 x 200us)
                          ScalerTimerDelayXms(3);
              
                          if(ScalerGetBit(PB9_70_AUD_BUFFER_CTRL_0, (_BIT1 | _BIT0)) != 0x00)
                          {
C51 COMPILER V9.60.0.0   RL6432_SERIES_AUDIO                                               09/20/2026 19:44:03 PAGE 32  

                              DebugMessageAudio("False : D1 DP Audio FSM Reset", ScalerGetBit(PB9_70_AUD_BUFFER_CTRL_0, 
             -(_BIT1 | _BIT0)));
              
                              // Reset Audio FSM
                              ScalerSetBit(PB9_74_AUD_FSM_CTRL_0, ~_BIT7, 0x00);
              
                              // Clear audio FIFO overflow and underflow status
                              ScalerSetBit(PB9_70_AUD_BUFFER_CTRL_0, ~(_BIT1 | _BIT0), (_BIT1 | _BIT0));
              
                              // Enable Audio FSM
                              ScalerSetBit(PB9_74_AUD_FSM_CTRL_0, ~_BIT7, _BIT7);
              
                              // Waiting for 2ms(Audio Freq. Detect || Audio FIFO Write (1/2 FIFO depth = 64 packet)) + 
             -1ms(Audio Stable Time Count = 5 x 200us)
                              ScalerTimerDelayXms(3);
                          }
                      }
              
                      return _FALSE;
                  }
              #endif
              
                  return _TRUE;
              }
              
              //--------------------------------------------------
              // Description  : Detect D1 Audio Sampling Freq
              // Input Value  : None
              // Output Value : Audio Sampling Freq
              //--------------------------------------------------
              EnumAudioSamplingFreqType ScalerAudioD1SamplingFreqDetect(void)
              {
                  EnumAudioSamplingFreqType enumAudioFreq = _AUDIO_FREQ_NO_AUDIO;
              
              #if(_D1_HDMI_SUPPORT == _ON)
                  if(CHECK_TMDS_DPHY_SWITCH(_D1_INPUT_PORT) != _TRUE)
                  {
                      return _AUDIO_FREQ_NO_AUDIO;
                  }
              #endif
              
              #if(_INTERNAL_AUDIO_TEST_SUPPORT == _ON)
              #if(_D1_DP_EXIST == _ON)
                  if(ScalerAudioDpGetInternalAudioGenEnable() == _ENABLE)
              #elif(_D1_HDMI_SUPPORT == _ON)
                  if(ScalerAudioD2GetInternalAudioGenEnable() == _ENABLE)
              #endif
                  {
                      // For Audio test pattern
                      SET_AUDIO_D1_SAMPLING_FREQ(_AUDIO_FREQ_48K);
                      return _AUDIO_FREQ_48K;
                  }
              #endif
              
                  // HBR Audio Detect
                  ScalerAudioD1HbrAudioDetect();
              
                  // Get Audio Sample Count
              #if(_D1_HDMI_SUPPORT == _ON)
                  enumAudioFreq = ScalerGetDataPortBit(P71_C9_HDMI_AP, _P71_CA_PT_8B_PORT_PAGE71_AUDIO_FREQ_RESULT, (_BI
             -T3 | _BIT2 | _BIT1 | _BIT0));
              #elif(_D1_DP_EXIST == _ON)
C51 COMPILER V9.60.0.0   RL6432_SERIES_AUDIO                                               09/20/2026 19:44:03 PAGE 33  

                  enumAudioFreq = (ScalerGetBit(PB9_61_AUD_SAMPLE_CNT_0, (_BIT7 | _BIT6 | _BIT5 | _BIT4)) >> 4);
              #endif
              
                  if(enumAudioFreq != GET_AUDIO_D1_SAMPLING_FREQ())
                  {
              #if(_EMBEDDED_DAC_SUPPORT == _ON)
                      if(enumAudioFreq <= _AUDIO_FREQ_64K)
                      {
                          ScalerSetBit(P6_D4_DA_CLK_CTRL, ~(_BIT7 | _BIT6), 0x00);
                      }
                      else if(enumAudioFreq <= _AUDIO_FREQ_128K)
                      {
                          ScalerSetBit(P6_D4_DA_CLK_CTRL, ~(_BIT7 | _BIT6), _BIT6);
                      }
                      else
                      {
                          ScalerSetBit(P6_D4_DA_CLK_CTRL, ~(_BIT7 | _BIT6), _BIT7);
                      }
              #endif
              
              #if(_D1_DP_EXIST == _ON)
                      // Audio DVC Setting
                      ScalerAudioD1DPSetDVCWindowSize(_DP_DVC_ADJUST_TYPE, ScalerAudioGetSamplingFreqPacket(enumAudioFre
             -q));
              #endif
                  }
              
                  SET_AUDIO_D1_SAMPLING_FREQ(enumAudioFreq);
              
                  return enumAudioFreq;
              }
              
              //--------------------------------------------------
              // Description  : Check Audio Sampling Frequency Ever Change
              // Input Value  : None
              // Output Value : _TRUE => Change / _FALSE => No Change
              //--------------------------------------------------
              bit ScalerAudioD1SamplingFreqChange(void)
              {
              #if(_D1_HDMI_SUPPORT == _ON)
              
                  return _FALSE;
              
              #elif(_D1_DP_EXIST == _ON)
              
                  if(GET_DP_D1_AUDIO_SAMPLING_FREQ_CHANGE() == _TRUE)
                  {
                      // Clear Change Flag when check
                      CLR_DP_D1_AUDIO_SAMPLING_FREQ_CHANGE();
              
                      return _TRUE;
                  }
              
                  return _FALSE;
              #endif
              }
              
              //--------------------------------------------------
              // Description  : D1 Audio Watch Dog Proc
              // Input Value  : bOn
              // Output Value : None
              //--------------------------------------------------
C51 COMPILER V9.60.0.0   RL6432_SERIES_AUDIO                                               09/20/2026 19:44:03 PAGE 34  

              void ScalerAudioD1WatchDogProc(bit bOn)
              {
                  if(bOn == _ON)
                  {
              #if(_D1_HDMI_SUPPORT == _ON)
                      // Clear audio FIFO overflow and underflow status
                      ScalerSetBit(P71_CB_HDMI_SR, ~(_BIT2 | _BIT1), (_BIT2 | _BIT1));
              
                      // Enable Audio Watch Dog for FIFO Overflow/Underflow
                      ScalerSetDataPortBit(P71_C9_HDMI_AP, _P71_CA_PT_31_PORT_PAGE71_HDMI_WDCR0, ~(_BIT2 | _BIT1), (_BIT
             -2 | _BIT1));
              #elif(_D1_DP_EXIST == _ON)
                      // Clear audio buffer overflow and underflow status
                      ScalerSetBit(PB9_70_AUD_BUFFER_CTRL_0, ~(_BIT1 | _BIT0), (_BIT1 | _BIT0));
              
                      // Enable Audio FSM
                      ScalerSetBit(PB9_74_AUD_FSM_CTRL_0, ~_BIT7, _BIT7);
              
                      // Enable Audio Watch Dog for Buffer Overflow/Underflow
                      ScalerSetBit(PB9_39_DP_AWD_CTRL, ~(_BIT7 | _BIT6), (_BIT7 | _BIT6));
              #endif
                  }
                  else
                  {
              #if(_D1_HDMI_SUPPORT == _ON)
                      // Disable Audio Watch Dog for FIFO Overflow/Underflow
                      ScalerSetDataPortBit(P71_C9_HDMI_AP, _P71_CA_PT_31_PORT_PAGE71_HDMI_WDCR0, ~(_BIT2 | _BIT1), 0x00)
             -;
              
              #elif(_D1_DP_EXIST == _ON)
                      // Disable Audio Watch Dog for Buffer Overflow/Underflow
                      ScalerSetBit(PB9_39_DP_AWD_CTRL, ~(_BIT7 | _BIT6), 0x00);
              
                      if(ScalerGetBit(PB9_70_AUD_BUFFER_CTRL_0, (_BIT1 | _BIT0)) != 0x00)
                      {
                          DebugMessageAudio("WD : D1 DP Audio Over/Underflow", ScalerGetBit(PB9_70_AUD_BUFFER_CTRL_0, (_
             -BIT1 | _BIT0)));
              
                          // Reset Audio FSM
                          ScalerSetBit(PB9_74_AUD_FSM_CTRL_0, ~_BIT7, 0x00);
              
                          // Clear audio FIFO overflow and underflow status
                          ScalerSetBit(PB9_70_AUD_BUFFER_CTRL_0, ~(_BIT1 | _BIT0), (_BIT1 | _BIT0));
              
                          // Enable Audio FSM
                          ScalerSetBit(PB9_74_AUD_FSM_CTRL_0, ~_BIT7, _BIT7);
              
                          // Waiting for 2ms(Audio Freq. Detect || Audio FIFO Write (1/2 FIFO depth = 64 packet)) + 1ms(
             -Audio Stable Time Count = 5 x 200us)
                          ScalerTimerDelayXms(3);
                      }
              #endif
                  }
              }
              
              //--------------------------------------------------
              // Description  : D1 Audio HBR Packet Detect
              // Input Value  : None
              // Output Value : None
              //--------------------------------------------------
              void ScalerAudioD1HbrAudioDetect(void)
              {
C51 COMPILER V9.60.0.0   RL6432_SERIES_AUDIO                                               09/20/2026 19:44:03 PAGE 35  

              #if(_D1_DP_EXIST == _ON)
                  // Check HBR Audio Receive
                  if(ScalerGetBit(PB9_B0_DP_AUD_CTRL, (_BIT3 | _BIT2 | _BIT1 | _BIT0)) == _BIT0)
                  {
                      // Check Current Detect Mode
                      if(ScalerGetBit(PB9_B0_DP_AUD_CTRL, _BIT6) != _BIT6)
                      {
                          // Enable Audio HBR Mode Detect
                          ScalerAudioD1HbrModeControl(_ON);
              
                          // Wait for New Audio Packet Recived via detect interval + 1ms
                          ScalerTimerDelayXms((ScalerGetBit(PB9_50_AUD_FREQUENY_DET_0, (_BIT3 | _BIT2)) >> 2) + 1);
              
                          DebugMessageAudio("Dp D1 HBR Mode Detect Enable", _ENABLE);
                      }
                  }
                  else
                  {
                      // Check Current Detect Mode
                      if(ScalerGetBit(PB9_B0_DP_AUD_CTRL, _BIT6) != 0x00)
                      {
                          // Disable Audio HBR Mode Detect
                          ScalerAudioD1HbrModeControl(_OFF);
              
                          // Wait for New Audio Packet Recived via detect interval + 1ms
                          ScalerTimerDelayXms((ScalerGetBit(PB9_50_AUD_FREQUENY_DET_0, (_BIT3 | _BIT2)) >> 2) + 1);
              
                          DebugMessageAudio("Dp D1 HBR Mode Detect Disable", _DISABLE);
                      }
                  }
              #endif
              }
              
              //--------------------------------------------------
              // Description  : D1 Audio HBR Mode Control
              // Input Value  : _ENABLE or _DISABLE
              // Output Value : None
              //--------------------------------------------------
              void ScalerAudioD1HbrModeControl(bit bEnable)
              {
              #if(_D1_HDMI_SUPPORT == _ON)
                  bEnable = bEnable;
              #elif(_D1_DP_EXIST == _ON)
                  if(bEnable == _ENABLE)
                  {
                      // Enable Dp Audio HBR Mode Detect via Channel Coding Type
                      ScalerSetBit(PB9_B0_DP_AUD_CTRL, ~_BIT6, _BIT6);
                  }
                  else
                  {
                      // Disable Audio HBR Mode Detect
                      ScalerSetBit(PB9_B0_DP_AUD_CTRL, ~_BIT6, 0x00);
                  }
              #endif
              }
              
              #if(_D1_HDMI_SUPPORT == _ON)
              //--------------------------------------------------
              // Description  : D1SPDIF/IIS Output Select
              // Input Value  : bOn
              // Output Value : None
              //--------------------------------------------------
C51 COMPILER V9.60.0.0   RL6432_SERIES_AUDIO                                               09/20/2026 19:44:03 PAGE 36  

              void ScalerAudioD1I2sSpdifChannelOutputSelect(EnumAudioIisSpdifOutput enumAudioIisSpdifOutput)
              {
                  BYTE ucSelect = ScalerAudioChannelOutputSel(GET_HDMI_AUDIO_D1_CHANNEL_ALLOCATION());
              
                  if(enumAudioIisSpdifOutput == _AUDIO_SELECT_BY_CA_MODE)
                  {
                      // SPDIF/I2S 4 lane Output Select By Audio Channel Allocation
                      ScalerSetDataPortByte(P71_C9_HDMI_AP, _P71_CA_PT_62_PORT_PAGE71_HDMI_AOCR, ((ucSelect << 4) | ucSe
             -lect));
                  }
                  else
                  {
                      // Enable SPDIF/I2S 4 lane Output
                      ScalerSetDataPortByte(P71_C9_HDMI_AP, _P71_CA_PT_62_PORT_PAGE71_HDMI_AOCR, 0xFF);
                  }
              }
              #endif
              
              #if(_HDMI_AUDIO_FW_TRACKING_MODE_SUPPORT == _ON)
              //--------------------------------------------------
              // Description  : D1 HDMI FW tracking Handler
              // Input Value  : None
              // Output Value : None
              //--------------------------------------------------
              void ScalerAudioD1FwTrackingHandler(void)
              {
                  switch(GET_AUDIO_D1_FW_TRACKING_STATE())
                  {
                      case _AUDIO_FW_TRACKING_INITIAL:
              
                          if(GET_D1_DIGITAL_AUDIO_SOURCE() != _DIGITAL_AUDIO_SOURCE_NONE)
                          {
                              SET_AUDIO_D1_FW_TRACKING_STATE(_AUDIO_FW_TRACKING_PROCESS_PREPARING);
              
                              // Initialize Audio Tracking By FW Control
                              ScalerAudioD1FwTrackingInitial();
              
                              SET_AUDIO_D1_FW_TRACKING_EVENT();
              
                              CLR_AUDIO_D1_FW_TRACKING_RESET();
              
                              DebugMessageAudio("D1 Audio: FW Tracking Start", 0);
                          }
              
                          break;
              
                      case _AUDIO_FW_TRACKING_PROCESS_PREPARING:
              
                          if(GET_AUDIO_D1_FW_TRACKING_EVENT() == _TRUE)
                          {
                              CLR_AUDIO_D1_FW_TRACKING_EVENT();
              
                              // Find stable SUMC or already 4s --> boundary tracking
                              if((g_stHDMID1AudioFwTrackingInfo.b1AudioFwTrackStable != 0x00) || (GET_AUDIO_D1_FW_TRACKI
             -NG_TIMEOUT() == _TRUE))
                              {
                                  if(g_stHDMID1AudioFwTrackingInfo.b1AudioFwTrackStable != 0x00)
                                  {
                                      g_stHDMID1AudioFwTrackingInfo.b1AudioFwTrackStable = 0x00;
              
                                      DebugMessageAudio("D1 Audio: SUMC Stable", g_stHDMID1AudioFwTrackingInfo.b1AudioFw
             -TrackStable);
C51 COMPILER V9.60.0.0   RL6432_SERIES_AUDIO                                               09/20/2026 19:44:03 PAGE 37  

                                  }
                                  else
                                  {
                                      DebugMessageAudio("D1 Audio: SUMC Final", 0);
                                  }
              
                                  SET_AUDIO_D1_FW_TRACKING_STATE(_AUDIO_FW_TRACKING_PROCESS_PLAYBACK);
              
                                  CLR_AUDIO_D1_FW_TRACKING_TIMEOUT();
                                  ScalerTimerCancelTimerEvent(_SCALER_TIMER_EVENT_AUDIO_D1_FW_TRACKING_TIMEOUT);
                              }
                              else
                              {
                                  // FW tracking - preparing tracking
                                  ScalerAudioD1FwPreparingTracking();
                              }
              
                              ScalerTimerActiveTimerEvent(ScalerAudioD1FwTrackingTimerEventPeriod(), _SCALER_TIMER_EVENT
             -_AUDIO_D1_FW_TRACKING_PREPARING);
                          }
              
                          break;
              
                      case _AUDIO_FW_TRACKING_PROCESS_PLAYBACK:
              
                          if(GET_AUDIO_D1_FW_TRACKING_EVENT() == _TRUE)
                          {
                              CLR_AUDIO_D1_FW_TRACKING_EVENT();
              
                              // FW tracking - boundary tracking
                              ScalerAudioD1FwBoundaryTracking();
              
                              ScalerTimerActiveTimerEvent(ScalerAudioD1FwTrackingTimerEventPeriod(), _SCALER_TIMER_EVENT
             -_AUDIO_D1_FW_TRACKING_PREPARING);
                          }
              
                          break;
              
                      default:
                          break;
                  }
              }
              
              //--------------------------------------------------
              // Description  : D1 HDMI FW tracking Initial
              // Input Value  : None
              // Output Value : None
              //--------------------------------------------------
              void ScalerAudioD1FwTrackingInitial(void)
              {
                  g_stHDMID1AudioFwTrackingInfo.b1AudioFwTrackStable = 0x00;
                  g_stHDMID1AudioFwTrackingInfo.ucAfifoTrackStableCnt = 0x00;
                  g_stHDMID1AudioFwTrackingInfo.ucAudioFreqRecord = ScalerGetDataPortBit(P71_C9_HDMI_AP, _P71_CA_PT_8B_P
             -ORT_PAGE71_AUDIO_FREQ_RESULT, (_BIT3 | _BIT2 | _BIT1 | _BIT0));
              
                  // Set I code of trend
                  ScalerSetDataPortByte(P71_C9_HDMI_AP, _P71_CA_PT_20_PORT_PAGE71_HDMI_ICTPSR0, 0x00);
                  ScalerSetDataPortByte(P71_C9_HDMI_AP, _P71_CA_PT_21_PORT_PAGE71_HDMI_ICTPSR1, 0x00);
              
                  // Set P code of trend
                  ScalerSetDataPortByte(P71_C9_HDMI_AP, _P71_CA_PT_22_PORT_PAGE71_HDMI_PCTPSR0, 0x00);
                  ScalerSetDataPortByte(P71_C9_HDMI_AP, _P71_CA_PT_23_PORT_PAGE71_HDMI_PCTPSR1, 0x00);
C51 COMPILER V9.60.0.0   RL6432_SERIES_AUDIO                                               09/20/2026 19:44:03 PAGE 38  

              
                  // Set I code of boundary
                  ScalerSetDataPortByte(P71_C9_HDMI_AP, _P71_CA_PT_24_PORT_PAGE71_HDMI_ICBPSR0, 0x00);
                  ScalerSetDataPortByte(P71_C9_HDMI_AP, _P71_CA_PT_25_PORT_PAGE71_HDMI_ICBPSR1, 0x00);
              
                  // Set P code of boundary
                  ScalerSetDataPortByte(P71_C9_HDMI_AP, _P71_CA_PT_26_PORT_PAGE71_HDMI_PCBPSR0, 0x00);
                  ScalerSetDataPortByte(P71_C9_HDMI_AP, _P71_CA_PT_27_PORT_PAGE71_HDMI_PCBPSR1, 0x00);
              
                  // Disable Auto Load S/D Code
                  ScalerSetDataPortBit(P71_C9_HDMI_AP, _P71_CA_PT_8A_PORT_PAGE71_AUDIO_FREQDET, ~_BIT6, 0x00);
                  ScalerSetDataPortBit(P71_C9_HDMI_AP, _P71_CA_PT_10_PORT_PAGE71_HDMI_CMCR, ~_BIT4, _BIT4);
              
                  // Initialize D Code for FW Audio Tracking
                  ScalerAudioD1DcodeSettingInitial();
              
                  CLR_AUDIO_D1_FW_TRACKING_TIMEOUT();
              
                  // When the stable N.F Code is not found within 4 seconds, tracking state force to playback for play a
             -udio
                  ScalerTimerReactiveTimerEvent(SEC(4), _SCALER_TIMER_EVENT_AUDIO_D1_FW_TRACKING_TIMEOUT);
              }
              
              //--------------------------------------------------
              // Description  : Initial D code setting by fs
              // Input Value  : None
              // Output Value : None
              //--------------------------------------------------
              void ScalerAudioD1DcodeSettingInitial(void)
              {
                  if(GET_AUDIO_D1_SAMPLING_FREQ() == _AUDIO_FREQ_32K)
                  {
                      // Set S code for 32kHz
                      ScalerSetDataPortByte(P71_C9_HDMI_AP, _P71_CA_PT_12_PORT_PAGE71_HDMI_SCAPR, _HDMI_SAMPLING_FREQ_32
             -K_GROUP_S_CODE);
                      // Set D code for 32kHz
                      ScalerSetDataPortByte(P71_C9_HDMI_AP, _P71_CA_PT_13_PORT_PAGE71_HDMI_DCAPR0, HIBYTE(_HDMI_SAMPLING
             -_FREQ_32K_GROUP_D_CODE));
                      ScalerSetDataPortByte(P71_C9_HDMI_AP, _P71_CA_PT_14_PORT_PAGE71_HDMI_DCAPR1, LOBYTE(_HDMI_SAMPLING
             -_FREQ_32K_GROUP_D_CODE));
                  }
                  else if(GET_AUDIO_D1_SAMPLING_FREQ() == _AUDIO_FREQ_44_1K)
                  {
                      // Set S code for 44.1kHz
                      ScalerSetDataPortByte(P71_C9_HDMI_AP, _P71_CA_PT_12_PORT_PAGE71_HDMI_SCAPR, _HDMI_SAMPLING_FREQ_44
             -K_GROUP_S_CODE);
                      // Set D code for 44.1kHz
                      ScalerSetDataPortByte(P71_C9_HDMI_AP, _P71_CA_PT_13_PORT_PAGE71_HDMI_DCAPR0, HIBYTE(_HDMI_SAMPLING
             -_FREQ_44K_GROUP_D_CODE));
                      ScalerSetDataPortByte(P71_C9_HDMI_AP, _P71_CA_PT_14_PORT_PAGE71_HDMI_DCAPR1, LOBYTE(_HDMI_SAMPLING
             -_FREQ_44K_GROUP_D_CODE));
                  }
                  else if(GET_AUDIO_D1_SAMPLING_FREQ() == _AUDIO_FREQ_48K)
                  {
                      // Set S code for 48kHz
                      ScalerSetDataPortByte(P71_C9_HDMI_AP, _P71_CA_PT_12_PORT_PAGE71_HDMI_SCAPR, _HDMI_SAMPLING_FREQ_48
             -K_GROUP_S_CODE);
                      // Set D code for 48kHz
                      ScalerSetDataPortByte(P71_C9_HDMI_AP, _P71_CA_PT_13_PORT_PAGE71_HDMI_DCAPR0, HIBYTE(_HDMI_SAMPLING
             -_FREQ_48K_GROUP_D_CODE));
                      ScalerSetDataPortByte(P71_C9_HDMI_AP, _P71_CA_PT_14_PORT_PAGE71_HDMI_DCAPR1, LOBYTE(_HDMI_SAMPLING
             -_FREQ_48K_GROUP_D_CODE));
C51 COMPILER V9.60.0.0   RL6432_SERIES_AUDIO                                               09/20/2026 19:44:03 PAGE 39  

                  }
              
                  // Set Double Buffer bit
                  ScalerSetDataPortBit(P71_C9_HDMI_AP, _P71_CA_PT_10_PORT_PAGE71_HDMI_CMCR, ~_BIT4, _BIT4);
              
                  // Load D code
                  ScalerSetDataPortBit(P71_C9_HDMI_AP, _P71_CA_PT_31_PORT_PAGE71_HDMI_WDCR0, ~_BIT6, _BIT6);
                  ScalerSetDataPortBit(P71_C9_HDMI_AP, _P71_CA_PT_31_PORT_PAGE71_HDMI_WDCR0, ~_BIT6, 0x00);
              }
              
              //--------------------------------------------------
              // Description  : D1 Pll Fw Tracking Process - Preparing Tracking
              // Input Value  : None
              // Output Value : None
              //--------------------------------------------------
              void ScalerAudioD1FwPreparingTracking(void)
              {
                  // check WL, adjust SUMC
                  WORD usbackupSumc = 0x00;
                  BYTE ucAfifoCurrent = 0x00;
              
                  // get current AFIFO waterlevel
                  ScalerGetDataPortByte(P71_C9_HDMI_AP, _P71_CA_PT_16_PORT_PAGE71_HDMI_FDDR, 1, &(ucAfifoCurrent), _NON_
             -AUTOINC);
              
                  // get current Dcode
                  ScalerGetDataPortByte(P71_C9_HDMI_AP, _P71_CA_PT_3C_PORT_PAGE71_HDMI_SUMCM, 2, &pData[0], _AUTOINC);
              
                  usbackupSumc = (((WORD)pData[0] << 8) | pData[1]);
              
                  // AFIFO water level going up --> decrease SUMC
                  if((ucAfifoCurrent > (g_stHDMID1AudioFwTrackingInfo.ucAfifoBackup + 0x02)) ||
                     (ucAfifoCurrent >= 0x1A))
                  {
                      if(ucAfifoCurrent < 0x1A)
                      {
                          if((GET_AUDIO_D1_WL_TARGET_DIRECTION() == _AUDIO_WL_GOES_UP) &&
                             (ucAfifoCurrent >= (g_stHDMID1AudioFwTrackingInfo.ucAfifoBackup + 0x02)))
                          {
                              DebugMessageAudio("D1 Audio: AFIFO has gone up", ucAfifoCurrent);
              
                              // Set stable count = 0x20/2
                              g_stHDMID1AudioFwTrackingInfo.ucAfifoTrackStableCnt = (_AUDIO_FW_TRCK_FIRST_STABLE_CNT / 2
             -);
                          }
                          else
                          {
                              if(g_stHDMID1AudioFwTrackingInfo.ucAfifoTrackStableCnt < (_AUDIO_FW_TRCK_FIRST_STABLE_CNT 
             -/ 2))
                              {
                                  usbackupSumc -= (((_AUDIO_FW_TRCK_FIRST_STABLE_CNT / 2) - g_stHDMID1AudioFwTrackingInf
             -o.ucAfifoTrackStableCnt) * (ucAfifoCurrent - (g_stHDMID1AudioFwTrackingInfo.ucAfifoBackup + 0x01)));
                              }
                              else
                              {
                                  usbackupSumc -= 0x01;
                              }
              
                              // Set D code
                              ScalerSetDataPortByte(P71_C9_HDMI_AP, _P71_CA_PT_14_PORT_PAGE71_HDMI_DCAPR1, LOBYTE(usback
             -upSumc));
                              ScalerSetDataPortByte(P71_C9_HDMI_AP, _P71_CA_PT_13_PORT_PAGE71_HDMI_DCAPR0, HIBYTE(usback
C51 COMPILER V9.60.0.0   RL6432_SERIES_AUDIO                                               09/20/2026 19:44:03 PAGE 40  

             -upSumc));
              
                              // Set Double Buffer
                              ScalerSetDataPortBit(P71_C9_HDMI_AP, _P71_CA_PT_10_PORT_PAGE71_HDMI_CMCR, ~_BIT4, _BIT4);
              
                              // Load D code
                              ScalerSetDataPortBit(P71_C9_HDMI_AP, _P71_CA_PT_31_PORT_PAGE71_HDMI_WDCR0, ~_BIT6, _BIT6);
                              ScalerSetDataPortBit(P71_C9_HDMI_AP, _P71_CA_PT_31_PORT_PAGE71_HDMI_WDCR0, ~_BIT6, 0x00);
              
                              g_stHDMID1AudioFwTrackingInfo.ucAfifoTrackStableCnt = 0;
              
                              DebugMessageAudio("D1 Audio: AFIFO current", ucAfifoCurrent);
                              DebugMessageAudio("D1 Audio: SUMC-", usbackupSumc);
                          }
                      }
                      else
                      {
                          usbackupSumc -= 0x10;
              
                          // Set D code
                          ScalerSetDataPortByte(P71_C9_HDMI_AP, _P71_CA_PT_14_PORT_PAGE71_HDMI_DCAPR1, LOBYTE(usbackupSu
             -mc));
                          ScalerSetDataPortByte(P71_C9_HDMI_AP, _P71_CA_PT_13_PORT_PAGE71_HDMI_DCAPR0, HIBYTE(usbackupSu
             -mc));
              
                          // Set Double Buffer
                          ScalerSetDataPortBit(P71_C9_HDMI_AP, _P71_CA_PT_10_PORT_PAGE71_HDMI_CMCR, ~_BIT4, _BIT4);
              
                          // Load D code
                          ScalerSetDataPortBit(P71_C9_HDMI_AP, _P71_CA_PT_31_PORT_PAGE71_HDMI_WDCR0, ~_BIT6, _BIT6);
                          ScalerSetDataPortBit(P71_C9_HDMI_AP, _P71_CA_PT_31_PORT_PAGE71_HDMI_WDCR0, ~_BIT6, 0x00);
              
                          g_stHDMID1AudioFwTrackingInfo.ucAfifoTrackStableCnt = 0;
              
                          DebugMessageAudio("D1 Audio: AFIFO Full", ucAfifoCurrent);
                          DebugMessageAudio("D1 Audio: SUMC- Full", usbackupSumc);
                      }
              
                      SET_AUDIO_D1_WL_TARGET_DIRECTION(_AUDIO_WL_GOES_DOWN);
              
                      g_stHDMID1AudioFwTrackingInfo.ucAfifoBackup = ucAfifoCurrent;
                  }
                  else if((ucAfifoCurrent < (g_stHDMID1AudioFwTrackingInfo.ucAfifoBackup - 0x02)) ||
                          (ucAfifoCurrent <= 0x06))  // AFIFO water level going down  -> increase SUMC
                  {
                      if(ucAfifoCurrent > 0x06)
                      {
                          if((GET_AUDIO_D1_WL_TARGET_DIRECTION() == _AUDIO_WL_GOES_DOWN) &&
                             (ucAfifoCurrent <= (g_stHDMID1AudioFwTrackingInfo.ucAfifoBackup - 0x02)))
                          {
                              DebugMessageAudio("D1 Audio: AFIFO has gone down", ucAfifoCurrent);
              
                              // Set stable count = 0x20/2
                              g_stHDMID1AudioFwTrackingInfo.ucAfifoTrackStableCnt = (_AUDIO_FW_TRCK_FIRST_STABLE_CNT / 2
             -);
                          }
                          else
                          {
                              if(g_stHDMID1AudioFwTrackingInfo.ucAfifoTrackStableCnt < (_AUDIO_FW_TRCK_FIRST_STABLE_CNT 
             -/ 2))
                              {
                                  usbackupSumc += (((_AUDIO_FW_TRCK_FIRST_STABLE_CNT / 2) - g_stHDMID1AudioFwTrackingInf
C51 COMPILER V9.60.0.0   RL6432_SERIES_AUDIO                                               09/20/2026 19:44:03 PAGE 41  

             -o.ucAfifoTrackStableCnt) * ((g_stHDMID1AudioFwTrackingInfo.ucAfifoBackup - 0x01) - ucAfifoCurrent));
                              }
                              else
                              {
                                  usbackupSumc += 0x01;
                              }
              
                              // Set D code
                              ScalerSetDataPortByte(P71_C9_HDMI_AP, _P71_CA_PT_14_PORT_PAGE71_HDMI_DCAPR1, LOBYTE(usback
             -upSumc));
                              ScalerSetDataPortByte(P71_C9_HDMI_AP, _P71_CA_PT_13_PORT_PAGE71_HDMI_DCAPR0, HIBYTE(usback
             -upSumc));
              
                              // Set Double Buffer
                              ScalerSetDataPortBit(P71_C9_HDMI_AP, _P71_CA_PT_10_PORT_PAGE71_HDMI_CMCR, ~_BIT4, _BIT4);
              
                              // Load D code
                              ScalerSetDataPortBit(P71_C9_HDMI_AP, _P71_CA_PT_31_PORT_PAGE71_HDMI_WDCR0, ~_BIT6, _BIT6);
                              ScalerSetDataPortBit(P71_C9_HDMI_AP, _P71_CA_PT_31_PORT_PAGE71_HDMI_WDCR0, ~_BIT6, 0x00);
              
                              g_stHDMID1AudioFwTrackingInfo.ucAfifoTrackStableCnt = 0;
              
                              DebugMessageAudio("D1 Audio: AFIFO current", ucAfifoCurrent);
                              DebugMessageAudio("D1 Audio: SUMC+", usbackupSumc);
                          }
                      }
                      else
                      {
                          usbackupSumc += 0x10;
              
                          // Set D code
                          ScalerSetDataPortByte(P71_C9_HDMI_AP, _P71_CA_PT_14_PORT_PAGE71_HDMI_DCAPR1, LOBYTE(usbackupSu
             -mc));
                          ScalerSetDataPortByte(P71_C9_HDMI_AP, _P71_CA_PT_13_PORT_PAGE71_HDMI_DCAPR0, HIBYTE(usbackupSu
             -mc));
              
                          // Set Double Buffer
                          ScalerSetDataPortBit(P71_C9_HDMI_AP, _P71_CA_PT_10_PORT_PAGE71_HDMI_CMCR, ~_BIT4, _BIT4);
              
                          // Load D code
                          ScalerSetDataPortBit(P71_C9_HDMI_AP, _P71_CA_PT_31_PORT_PAGE71_HDMI_WDCR0, ~_BIT6, _BIT6);
                          ScalerSetDataPortBit(P71_C9_HDMI_AP, _P71_CA_PT_31_PORT_PAGE71_HDMI_WDCR0, ~_BIT6, 0x00);
              
                          g_stHDMID1AudioFwTrackingInfo.ucAfifoTrackStableCnt = 0;
              
                          DebugMessageAudio("D1 Audio: AFIFO Empty", ucAfifoCurrent);
                          DebugMessageAudio("D1 Audio: SUMC+ Empty", usbackupSumc);
                      }
              
                      SET_AUDIO_D1_WL_TARGET_DIRECTION(_AUDIO_WL_GOES_UP);
              
                      g_stHDMID1AudioFwTrackingInfo.ucAfifoBackup = ucAfifoCurrent;
                  }
                  else    // AfifoBackup-2 < AfifoCurrent < AfifoBackup+2
                  {
                      if(g_stHDMID1AudioFwTrackingInfo.ucAfifoTrackStableCnt < _AUDIO_FW_TRCK_FIRST_STABLE_CNT)
                      {
                          g_stHDMID1AudioFwTrackingInfo.ucAfifoTrackStableCnt++;
                      }
                  }
              
                  // check stable
C51 COMPILER V9.60.0.0   RL6432_SERIES_AUDIO                                               09/20/2026 19:44:03 PAGE 42  

                  if(g_stHDMID1AudioFwTrackingInfo.ucAfifoTrackStableCnt >= _AUDIO_FW_TRCK_FIRST_STABLE_CNT)
                  {
                      g_stHDMID1AudioFwTrackingInfo.b1AudioFwTrackStable = 0x01;
              
                      DebugMessageAudio("D1 Audio: Find Stable D", usbackupSumc);
                  }
              }
              
              //--------------------------------------------------
              // Description  : D1 Pll Fw Tracking Process - Boundary Tracking
              // Input Value  : None
              // Output Value : None
              //--------------------------------------------------
              void ScalerAudioD1FwBoundaryTracking(void)
              {
                  // check WL, adjust SUMC
                  WORD usbackupSumc = 0x00;
                  BYTE ucAfifoCurrent = 0x00;
              
                  // get current AFIFO waterlevel
                  ScalerGetDataPortByte(P71_C9_HDMI_AP, _P71_CA_PT_16_PORT_PAGE71_HDMI_FDDR, 1, &(ucAfifoCurrent), _NON_
             -AUTOINC);
              
                  // get current SUMC
                  ScalerGetDataPortByte(P71_C9_HDMI_AP, _P71_CA_PT_3C_PORT_PAGE71_HDMI_SUMCM, 2, &pData[0], _AUTOINC);
              
                  usbackupSumc = (((WORD)pData[0] << 8) | pData[1]);
              
                  // AFIFO water level goes up, decrease SUMC
                  if(((ucAfifoCurrent > 0x12) && (ucAfifoCurrent > g_stHDMID1AudioFwTrackingInfo.ucAfifoBackup)) ||
                     (ucAfifoCurrent > 0x18))
                  {
                      DebugMessageAudio("D1 Audio: Boundary up", g_stHDMID1AudioFwTrackingInfo.ucAfifoBackup);
                      DebugMessageAudio("D1 Audio: SUMC-", usbackupSumc);
              
                      if(ucAfifoCurrent > 0x18)
                      {
                          usbackupSumc -= 0x08;
                      }
                      else
                      {
                          usbackupSumc -= ((ucAfifoCurrent - 0x12) + 0x01);
                      }
              
                      g_stHDMID1AudioFwTrackingInfo.ucAfifoBackup = ucAfifoCurrent;
              
                      // Set D code
                      ScalerSetDataPortByte(P71_C9_HDMI_AP, _P71_CA_PT_14_PORT_PAGE71_HDMI_DCAPR1, LOBYTE(usbackupSumc))
             -;
                      ScalerSetDataPortByte(P71_C9_HDMI_AP, _P71_CA_PT_13_PORT_PAGE71_HDMI_DCAPR0, HIBYTE(usbackupSumc))
             -;
              
                      // Set Double Buffer
                      ScalerSetDataPortBit(P71_C9_HDMI_AP, _P71_CA_PT_10_PORT_PAGE71_HDMI_CMCR, ~_BIT4, _BIT4);
              
                      // Load D code
                      ScalerSetDataPortBit(P71_C9_HDMI_AP, _P71_CA_PT_31_PORT_PAGE71_HDMI_WDCR0, ~_BIT6, _BIT6);
                      ScalerSetDataPortBit(P71_C9_HDMI_AP, _P71_CA_PT_31_PORT_PAGE71_HDMI_WDCR0, ~_BIT6, 0x00);
                  }
              
                  // AFIFO water level goes down, increase SUMC
                  if(((ucAfifoCurrent < 0x0E) && (ucAfifoCurrent < g_stHDMID1AudioFwTrackingInfo.ucAfifoBackup)) ||
C51 COMPILER V9.60.0.0   RL6432_SERIES_AUDIO                                               09/20/2026 19:44:03 PAGE 43  

                     (ucAfifoCurrent < 0X08))
                  {
                      DebugMessageAudio("D1 Audio: Boundary down", g_stHDMID1AudioFwTrackingInfo.ucAfifoBackup);
                      DebugMessageAudio("D1 Audio: SUMC+", usbackupSumc);
              
                      if(ucAfifoCurrent < 0x08)
                      {
                          usbackupSumc += 0x08;
                      }
                      else
                      {
                          usbackupSumc += ((0x0E - ucAfifoCurrent) + 0x01);
                      }
              
                      g_stHDMID1AudioFwTrackingInfo.ucAfifoBackup = ucAfifoCurrent;
              
                      // Set D code
                      ScalerSetDataPortByte(P71_C9_HDMI_AP, _P71_CA_PT_14_PORT_PAGE71_HDMI_DCAPR1, LOBYTE(usbackupSumc))
             -;
                      ScalerSetDataPortByte(P71_C9_HDMI_AP, _P71_CA_PT_13_PORT_PAGE71_HDMI_DCAPR0, HIBYTE(usbackupSumc))
             -;
              
                      // Set Double Buffer
                      ScalerSetDataPortBit(P71_C9_HDMI_AP, _P71_CA_PT_10_PORT_PAGE71_HDMI_CMCR, ~_BIT4, _BIT4);
              
                      // Load D code
                      ScalerSetDataPortBit(P71_C9_HDMI_AP, _P71_CA_PT_31_PORT_PAGE71_HDMI_WDCR0, ~_BIT6, _BIT6);
                      ScalerSetDataPortBit(P71_C9_HDMI_AP, _P71_CA_PT_31_PORT_PAGE71_HDMI_WDCR0, ~_BIT6, 0x00);
                  }
              }
              
              //--------------------------------------------------
              // Description  : D1 Pll Fw Tracking Reset
              // Input Value  : None
              // Output Value : None
              //--------------------------------------------------
              void ScalerAudioD1FwTrackingReset(void)
              {
                  g_stHDMID1AudioFwTrackingInfo.ucAfifoBackup = 0x00;
              
                  CLR_AUDIO_D1_FW_TRACKING_RESET();
              
                  SET_AUDIO_D1_FW_TRACKING_STATE(_AUDIO_FW_TRACKING_INITIAL);
              
                  // Set I code of trend
                  ScalerSetDataPortByte(P71_C9_HDMI_AP, _P71_CA_PT_20_PORT_PAGE71_HDMI_ICTPSR0, 0x00);
                  ScalerSetDataPortByte(P71_C9_HDMI_AP, _P71_CA_PT_21_PORT_PAGE71_HDMI_ICTPSR1, 0x02);
              
                  // Set P code of trend
                  ScalerSetDataPortByte(P71_C9_HDMI_AP, _P71_CA_PT_22_PORT_PAGE71_HDMI_PCTPSR0, 0x7F);
                  ScalerSetDataPortByte(P71_C9_HDMI_AP, _P71_CA_PT_23_PORT_PAGE71_HDMI_PCTPSR1, 0xFF);
              
                  // Set I code of boundary
                  ScalerSetDataPortByte(P71_C9_HDMI_AP, _P71_CA_PT_24_PORT_PAGE71_HDMI_ICBPSR0, HIBYTE(_INITIAL_I_CODE))
             -;
                  ScalerSetDataPortByte(P71_C9_HDMI_AP, _P71_CA_PT_25_PORT_PAGE71_HDMI_ICBPSR1, LOBYTE(_INITIAL_I_CODE))
             -;
              
                  // Set P code of boundary
                  ScalerSetDataPortByte(P71_C9_HDMI_AP, _P71_CA_PT_26_PORT_PAGE71_HDMI_PCBPSR0, 0x7F);
                  ScalerSetDataPortByte(P71_C9_HDMI_AP, _P71_CA_PT_27_PORT_PAGE71_HDMI_PCBPSR1, 0xFF);
              
C51 COMPILER V9.60.0.0   RL6432_SERIES_AUDIO                                               09/20/2026 19:44:03 PAGE 44  

                  // Enable Auto Load S Code
                  ScalerSetDataPortBit(P71_C9_HDMI_AP, _P71_CA_PT_8A_PORT_PAGE71_AUDIO_FREQDET, ~_BIT6, _BIT6);
              
                  // Set Double Buffer bit
                  ScalerSetDataPortBit(P71_C9_HDMI_AP, _P71_CA_PT_10_PORT_PAGE71_HDMI_CMCR, ~_BIT4, _BIT4);
              
                  CLR_AUDIO_D1_FW_TRACKING_EVENT();
                  ScalerTimerCancelTimerEvent(_SCALER_TIMER_EVENT_AUDIO_D1_FW_TRACKING_PREPARING);
              
                  CLR_AUDIO_D1_FW_TRACKING_TIMEOUT();
                  ScalerTimerCancelTimerEvent(_SCALER_TIMER_EVENT_AUDIO_D1_FW_TRACKING_TIMEOUT);
              
                  CLR_AUDIO_D1_WL_TARGET_DIRECTION();
              }
              
              //--------------------------------------------------
              // Description  : Audio FW tracking timer event
              // Input Value  : None
              // Output Value : None
              //--------------------------------------------------
              void ScalerAudioD1FwTrackingEventSet(void)
              {
                  SET_AUDIO_D1_FW_TRACKING_EVENT();
              }
              
              //--------------------------------------------------
              // Description  : Audio FW tracking 4s timeout event
              // Input Value  : None
              // Output Value : None
              //--------------------------------------------------
              void ScalerAudioD1TimeoutEventSet(void)
              {
                  SET_AUDIO_D1_FW_TRACKING_TIMEOUT();
              }
              
              //--------------------------------------------------
              // Description  : Audio FW tracking timer event period
              // Input Value  : None
              // Output Value : Timer event period
              //--------------------------------------------------
              BYTE ScalerAudioD1FwTrackingTimerEventPeriod(void)
              {
                  if(GET_AUDIO_D1_FW_TRACKING_STATE() == _AUDIO_FW_TRACKING_PROCESS_PREPARING)
                  {
                      return (_AUDIO_FW_TRCK_PREPARING_CHECK);
                  }
                  else
                  {
                      return (_AUDIO_FW_TRCK_PLAYBACK_CHECK);
                  }
              }
              #endif // End of #if(_HDMI_AUDIO_FW_TRACKING_MODE_SUPPORT == _ON)
              #endif // End of #if((_D1_HDMI_SUPPORT == _ON) || (_D1_DP_EXIST == _ON))
2624          
2625          #if((_D1_HDMI_SUPPORT == _ON) || (_D2_HDMI_SUPPORT == _ON))
              //--------------------------------------------------
              // Description  : Initial 2 HDMI audio setting
              // Input Value  : None
              // Output Value : None
              //--------------------------------------------------
              void ScalerAudioD2HDMIAudioInitial(void)
              {
C51 COMPILER V9.60.0.0   RL6432_SERIES_AUDIO                                               09/20/2026 19:44:03 PAGE 45  

                  ScalerAudioD2SetAudioPLL();
              
                  // Disable sine wave generator
                  ScalerSetDataPortBit(P71_C9_HDMI_AP, _P71_CA_PT_03_PORT_PAGE71_HDMI_AFCR, ~_BIT4, 0x00);
              
                  // Disable AVMUTE function and enable Audio FIFO Tracking main control (I/P code)
                  ScalerSetDataPortBit(P71_C9_HDMI_AP, _P71_CA_PT_31_PORT_PAGE71_HDMI_WDCR0, ~(_BIT7 | _BIT5), _BIT5);
              
                  // Disable FIFO Boundary Tracking, Disable Trend Tracking
                  ScalerSetDataPortBit(P71_C9_HDMI_AP, _P71_CA_PT_15_PORT_PAGE71_HDMI_PSCR, ~(_BIT7 | _BIT6 | _BIT5 | _B
             -IT3 | _BIT2), (_BIT7 | _BIT6 | _BIT5));
              
                  // Enable SDM
                  ScalerSetDataPortBit(P71_C9_HDMI_AP, _P71_CA_PT_2D_PORT_PAGE71_HDMI_AAPNR, ~_BIT1, _BIT1);
              
                  // Set auto gain delay mode and final gain = full gain
                  ScalerSetDataPortBit(P71_C9_HDMI_AP, _P71_CA_PT_07_PORT_PAGE71_HDMI_MAG_M_FINAL, ~_BIT3, 0x00);
              
                  // Set wait time for load parameter
                  ScalerSetDataPortBit(P71_C9_HDMI_AP, _P71_CA_PT_0A_PORT_PAGE71_AUDIO_LD_P_TIME_M, ~(_BIT1 | _BIT0), 0x
             -00);
                  ScalerSetDataPortByte(P71_C9_HDMI_AP, _P71_CA_PT_0B_PORT_PAGE71_AUDIO_LD_P_TIME_N, 0x10);
              
                  // Set ZCD timeout
                  ScalerSetDataPortBit(P71_C9_HDMI_AP, _P71_CA_PT_0D_PORT_PAGE71_ZCD_TIMEOUT, ~(_BIT6 | _BIT5 | _BIT4 | 
             -_BIT3 | _BIT2 | _BIT1 | _BIT0), _ZCD_TIMEOUT_DEFAULT);
              
                  // Set Boundary Address = 5 for Boundary Tracking
                  ScalerSetDataPortBit(P71_C9_HDMI_AP, _P71_CA_PT_1B_PORT_PAGE71_HDMI_FBR, ~(_BIT2 | _BIT1 | _BIT0), (_B
             -IT2 | _BIT0));
              
                  // Set I code of trend
                  ScalerSetDataPortByte(P71_C9_HDMI_AP, _P71_CA_PT_20_PORT_PAGE71_HDMI_ICTPSR0, 0x00);
                  ScalerSetDataPortByte(P71_C9_HDMI_AP, _P71_CA_PT_21_PORT_PAGE71_HDMI_ICTPSR1, 0x02);
              
                  // Set P code of trend
                  ScalerSetDataPortByte(P71_C9_HDMI_AP, _P71_CA_PT_22_PORT_PAGE71_HDMI_PCTPSR0, 0x7F);
                  ScalerSetDataPortByte(P71_C9_HDMI_AP, _P71_CA_PT_23_PORT_PAGE71_HDMI_PCTPSR1, 0xFF);
              
                  // Set I code of boundary
                  ScalerSetDataPortByte(P71_C9_HDMI_AP, _P71_CA_PT_24_PORT_PAGE71_HDMI_ICBPSR0, HIBYTE(_INITIAL_I_CODE))
             -;
                  ScalerSetDataPortByte(P71_C9_HDMI_AP, _P71_CA_PT_25_PORT_PAGE71_HDMI_ICBPSR1, LOBYTE(_INITIAL_I_CODE))
             -;
              
                  // Set P code of boundary
                  ScalerSetDataPortByte(P71_C9_HDMI_AP, _P71_CA_PT_26_PORT_PAGE71_HDMI_PCBPSR0, 0x7F);
                  ScalerSetDataPortByte(P71_C9_HDMI_AP, _P71_CA_PT_27_PORT_PAGE71_HDMI_PCBPSR1, 0xFF);
              
                  // Audio Normal Output
                  ScalerSetDataPortBit(P71_C9_HDMI_AP, _P71_CA_PT_30_PORT_PAGE71_HDMI_AVMCR, ~(_BIT6 | _BIT5), (_BIT6 | 
             -_BIT5));
              
                  // Disable Audio Watchdog for FIFO Overflow/Underflow
                  ScalerSetDataPortBit(P71_C9_HDMI_AP, _P71_CA_PT_31_PORT_PAGE71_HDMI_WDCR0, ~(_BIT2 | _BIT1), 0x00);
              
                  // Set X Value
                  ScalerSetDataPortBit(P71_C9_HDMI_AP, _P71_CA_PT_32_PORT_PAGE71_HDMI_WDCR1, ~(_BIT3 | _BIT2 | _BIT1 | _
             -BIT0), (_BIT1 | _BIT0));
              
                  // Set Y Value
                  ScalerSetDataPortBit(P71_C9_HDMI_AP, _P71_CA_PT_33_PORT_PAGE71_HDMI_WDCR2, ~(_BIT3 | _BIT2 | _BIT1 | _
C51 COMPILER V9.60.0.0   RL6432_SERIES_AUDIO                                               09/20/2026 19:44:03 PAGE 46  

             -BIT0), (_BIT1 | _BIT0));
              
                  // Bit2: When no audio or changing sampling rate, AFSM load double buffer one more.
                  ScalerSetDataPortBit(P71_C9_HDMI_AP, _P71_CA_PT_9F_PORT_PAGE71_PRESET_AFSM_MOD, ~(_BIT7 | _BIT6 | _BIT
             -5 | _BIT4 | _BIT2), (_BIT7 | _BIT6 | _BIT5 | _BIT4 | _BIT2));
              
                  // Seperate the detected sampling frequency
                  ScalerSetDataPortBit(P71_C9_HDMI_AP, _P71_CA_PT_8B_PORT_PAGE71_AUDIO_FREQ_RESULT, ~(_BIT6 | _BIT5 | _B
             -IT4), 0x00);
              
                  // Set 2ms for auto frequency detecttion
                  ScalerSetDataPortBit(P71_C9_HDMI_AP, _P71_CA_PT_8C_PORT_PAGE71_AUDIO_FREQ_RESULT_M, ~(_BIT6 | _BIT5), 
             -_BIT5);
              
                  // Change audio clk divider according to SYSCLK = 27MHz
                  ScalerSetDataPortByte(P71_C9_HDMI_AP, _P71_CA_PT_8E_PORT_PAGE71_XTAL_DIV, _AUTO_FREQ_DETECT_XTAL_DIV);
              
                  // Set threshold to sepeerate sampling frequency
                  ScalerSetDataPortByte(P71_C9_HDMI_AP, _P71_CA_PT_90_PORT_PAGE71_TH1, 0x00);
                  ScalerSetDataPortByte(P71_C9_HDMI_AP, _P71_CA_PT_91_PORT_PAGE71_TH2, 0x28);
                  ScalerSetDataPortByte(P71_C9_HDMI_AP, _P71_CA_PT_92_PORT_PAGE71_TH3, 0x4C);
                  ScalerSetDataPortByte(P71_C9_HDMI_AP, _P71_CA_PT_93_PORT_PAGE71_TH4, 0x5C);
                  ScalerSetDataPortByte(P71_C9_HDMI_AP, _P71_CA_PT_94_PORT_PAGE71_TH5, 0x70);
              
              #if(_AUDIO_MANUAL_SAMPLING_FREQ_SUPPORT == _ON)
              
                  // Disable Auto Load S Code
                  ScalerSetDataPortBit(P71_C9_HDMI_AP, _P71_CA_PT_8A_PORT_PAGE71_AUDIO_FREQDET, ~_BIT6, 0x00);
              
              #if(_FIX_SAMPLING_FREQ_TYPE == _FIX_FREQ_32KHZ)
              
                  // Set S code for 32kHz
                  ScalerSetDataPortByte(P71_C9_HDMI_AP, _P71_CA_PT_12_PORT_PAGE71_HDMI_SCAPR, _HDMI_SAMPLING_FREQ_32K_GR
             -OUP_S_CODE);
              
                  // Set D code for 32kHz
                  ScalerSetDataPortByte(P71_C9_HDMI_AP, _P71_CA_PT_13_PORT_PAGE71_HDMI_DCAPR0, HIBYTE(_HDMI_SAMPLING_FRE
             -Q_32K_GROUP_D_CODE));
                  ScalerSetDataPortByte(P71_C9_HDMI_AP, _P71_CA_PT_14_PORT_PAGE71_HDMI_DCAPR1, LOBYTE(_HDMI_SAMPLING_FRE
             -Q_32K_GROUP_D_CODE));
              
              #elif(_FIX_SAMPLING_FREQ_TYPE == _FIX_FREQ_44_1KHZ)
              
                  // Set S code for 44.1kHz
                  ScalerSetDataPortByte(P71_C9_HDMI_AP, _P71_CA_PT_12_PORT_PAGE71_HDMI_SCAPR, _HDMI_SAMPLING_FREQ_44K_GR
             -OUP_S_CODE);
              
                  // Set D code for 44.1kHz
                  ScalerSetDataPortByte(P71_C9_HDMI_AP, _P71_CA_PT_13_PORT_PAGE71_HDMI_DCAPR0, HIBYTE(_HDMI_SAMPLING_FRE
             -Q_44K_GROUP_D_CODE));
                  ScalerSetDataPortByte(P71_C9_HDMI_AP, _P71_CA_PT_14_PORT_PAGE71_HDMI_DCAPR1, LOBYTE(_HDMI_SAMPLING_FRE
             -Q_44K_GROUP_D_CODE));
              
              #else // _FIX_SAMPLING_FREQ_TYPE == _FIX_FREQ_48KHZ
              
                  // Set S code for 48kHz
                  ScalerSetDataPortByte(P71_C9_HDMI_AP, _P71_CA_PT_12_PORT_PAGE71_HDMI_SCAPR, _HDMI_SAMPLING_FREQ_48K_GR
             -OUP_S_CODE);
              
                  // Set D code for 48kHz
                  ScalerSetDataPortByte(P71_C9_HDMI_AP, _P71_CA_PT_13_PORT_PAGE71_HDMI_DCAPR0, HIBYTE(_HDMI_SAMPLING_FRE
             -Q_48K_GROUP_D_CODE));
C51 COMPILER V9.60.0.0   RL6432_SERIES_AUDIO                                               09/20/2026 19:44:03 PAGE 47  

                  ScalerSetDataPortByte(P71_C9_HDMI_AP, _P71_CA_PT_14_PORT_PAGE71_HDMI_DCAPR1, LOBYTE(_HDMI_SAMPLING_FRE
             -Q_48K_GROUP_D_CODE));
              
              #endif
              
                  // Set Double Buffer bit
                  ScalerSetDataPortBit(P71_C9_HDMI_AP, _P71_CA_PT_10_PORT_PAGE71_HDMI_CMCR, ~_BIT4, _BIT4);
              
                  // Load D code
                  ScalerSetDataPortBit(P71_C9_HDMI_AP, _P71_CA_PT_31_PORT_PAGE71_HDMI_WDCR0, ~_BIT6, _BIT6);
                  ScalerSetDataPortBit(P71_C9_HDMI_AP, _P71_CA_PT_31_PORT_PAGE71_HDMI_WDCR0, ~_BIT6, 0x00);
              
              #else
                  // Set S code for auto load mode
                  ScalerSetDataPortByte(P71_C9_HDMI_AP, _P71_CA_PT_95_PORT_PAGE71_PRESET_S_CODE0, _HDMI_SAMPLING_FREQ_32
             -K_GROUP_S_CODE);
                  ScalerSetDataPortByte(P71_C9_HDMI_AP, _P71_CA_PT_96_PORT_PAGE71_PRESET_S_CODE1, _HDMI_SAMPLING_FREQ_44
             -K_GROUP_S_CODE);
                  ScalerSetDataPortByte(P71_C9_HDMI_AP, _P71_CA_PT_97_PORT_PAGE71_PRESET_S_CODE2, _HDMI_SAMPLING_FREQ_48
             -K_GROUP_S_CODE);
              
                  // Set D code for auto load mode
                  ScalerSetDataPortByte(P71_C9_HDMI_AP, _P71_CA_PT_99_PORT_PAGE71_PRESET_D_CODE_0, HIBYTE(_HDMI_SAMPLING
             -_FREQ_32K_GROUP_D_CODE));
                  ScalerSetDataPortByte(P71_C9_HDMI_AP, _P71_CA_PT_9A_PORT_PAGE71_PRESET_D_CODE_1, LOBYTE(_HDMI_SAMPLING
             -_FREQ_32K_GROUP_D_CODE));
                  ScalerSetDataPortByte(P71_C9_HDMI_AP, _P71_CA_PT_9B_PORT_PAGE71_PRESET_D_CODE_2, HIBYTE(_HDMI_SAMPLING
             -_FREQ_44K_GROUP_D_CODE));
                  ScalerSetDataPortByte(P71_C9_HDMI_AP, _P71_CA_PT_9C_PORT_PAGE71_PRESET_D_CODE_3, LOBYTE(_HDMI_SAMPLING
             -_FREQ_44K_GROUP_D_CODE));
                  ScalerSetDataPortByte(P71_C9_HDMI_AP, _P71_CA_PT_9D_PORT_PAGE71_PRESET_D_CODE_4, HIBYTE(_HDMI_SAMPLING
             -_FREQ_48K_GROUP_D_CODE));
                  ScalerSetDataPortByte(P71_C9_HDMI_AP, _P71_CA_PT_9E_PORT_PAGE71_PRESET_D_CODE_5, LOBYTE(_HDMI_SAMPLING
             -_FREQ_48K_GROUP_D_CODE));
              
                  // Enable Auto Load S Code
                  ScalerSetDataPortBit(P71_C9_HDMI_AP, _P71_CA_PT_8A_PORT_PAGE71_AUDIO_FREQDET, ~_BIT6, _BIT6);
              
                  // Set Double Buffer bit
                  ScalerSetDataPortBit(P71_C9_HDMI_AP, _P71_CA_PT_10_PORT_PAGE71_HDMI_CMCR, ~_BIT4, _BIT4);
              
              #if(_D1_HDMI_SUPPORT == _ON)
                  // Set User Define Frequency When No Audio
                  ScalerAudioD1AudioFrequencyMode(_AUDIO_TRACKING_MANNUAL_MODE);
              #endif
              
              #if(_D2_HDMI_SUPPORT == _ON)
                  // Set User Define Frequency When No Audio
                  ScalerAudioD2AudioFrequencyMode(_AUDIO_TRACKING_MANNUAL_MODE);
              #endif
              #endif // End of #if(_AUDIO_MANUAL_SAMPLING_FREQ_SUPPORT == _ON)
              
              #if(_AUDIO_FW_TRACKING_MODE_SUPPORT == _ON)
              #if(_D1_HDMI_SUPPORT == _ON)
              
                  // Audio Tracking Reset
                  ScalerAudioD1FwTrackingReset();
              #endif
              
              #if(_D2_HDMI_SUPPORT == _ON)
              
                  // Audio Tracking Reset
C51 COMPILER V9.60.0.0   RL6432_SERIES_AUDIO                                               09/20/2026 19:44:03 PAGE 48  

                  ScalerAudioD2FwTrackingReset();
              #endif
              #endif
              
                  // Enable Audio Freq Detect, Disable Samping Freq. Change INT
                  ScalerSetDataPortBit(P71_C9_HDMI_AP, _P71_CA_PT_8A_PORT_PAGE71_AUDIO_FREQDET, ~(_BIT7 | _BIT3 | _BIT1 
             -| _BIT0), _BIT7);
              
                  // Enable SPDIF/I2S Output
                  ScalerSetDataPortByte(P71_C9_HDMI_AP, _P71_CA_PT_62_PORT_PAGE71_HDMI_AOCR, 0xFF);
              
              #if(_D1_HDMI_SUPPORT == _ON)
                  CLR_AUDIO_D1_ICODE_RELOADED();
              #endif
              
              #if(_D2_HDMI_SUPPORT == _ON)
                  CLR_AUDIO_D2_ICODE_RELOADED();
              
                  // CLR PLL Autoload Status Flag
                  CLR_AUDIO_D2_AUTO_LOAD_FREQ();
              #endif
              }
              
              //--------------------------------------------------
              // Description  : Initial 2 Auido PLL Settings
              // Input Value  : None
              // Output Value : None
              //--------------------------------------------------
              void ScalerAudioD2SetAudioPLL(void)
              {
                  // DPLL power down
                  ScalerSetDataPortBit(P71_C9_HDMI_AP, _P71_CA_PT_38_PORT_PAGE71_HDMI_DPCR0, ~_BIT7, _BIT7);
              
                  // Set M code
                  ScalerSetDataPortByte(P71_C9_HDMI_AP, _P71_CA_PT_11_PORT_PAGE71_HDMI_MCAPR, (_AUDIO_PLL_M - 2));
              
                  // Set O code
                  ScalerSetDataPortBit(P71_C9_HDMI_AP, _P71_CA_PT_38_PORT_PAGE71_HDMI_DPCR0, ~(_BIT5 | _BIT4), 0x00);
              
                  // Set K code and enable double buffer
                  ScalerSetDataPortBit(P71_C9_HDMI_AP, _P71_CA_PT_10_PORT_PAGE71_HDMI_CMCR, ~(_BIT4 | _BIT3 | _BIT2 | _B
             -IT1 | _BIT0), (_BIT4 | ((_AUDIO_PLL_K - 2) & 0x0F)));
              
                  // Initial VCO Band = 10
                  ScalerSetDataPortBit(P71_C9_HDMI_AP, _P71_CA_PT_3A_PORT_PAGE71_HDMI_DPCR2, ~(_BIT4 | _BIT3), _BIT4);
              
                  // Set MN PLL Path1 => [2]: 1 = Path1, 0 = Path2
                  ScalerSetDataPortBit(P71_C9_HDMI_AP, _P71_CA_PT_3A_PORT_PAGE71_HDMI_DPCR2, ~(_BIT7 | _BIT2), _BIT2);
              
                  // DPLL VCORSTB Set to Normal
                  ScalerSetDataPortBit(P71_C9_HDMI_AP, _P71_CA_PT_3B_PORT_PAGE71_HDMI_DPCR3, ~_BIT0, _DPLL_VCORSTB_NORMA
             -L_VALUE);
              
                  // DPLL power up
                  ScalerSetDataPortBit(P71_C9_HDMI_AP, _P71_CA_PT_38_PORT_PAGE71_HDMI_DPCR0, ~_BIT7, 0x00);
              
                  // Delay 2000us
                  ScalerTimerDelayXms(2);
              
                  // DPLL CMP enable
                  ScalerSetDataPortBit(P71_C9_HDMI_AP, _P71_CA_PT_38_PORT_PAGE71_HDMI_DPCR0, ~_BIT0, _BIT0);
              
C51 COMPILER V9.60.0.0   RL6432_SERIES_AUDIO                                               09/20/2026 19:44:03 PAGE 49  

                  // Delay 1000us
                  ScalerTimerDelayXms(2);
              
                  // DPLL latch calibration enable
                  ScalerSetDataPortBit(P71_C9_HDMI_AP, _P71_CA_PT_38_PORT_PAGE71_HDMI_DPCR0, ~_BIT1, _BIT1);
              
                  // Delay 1000us
                  ScalerTimerDelayXms(2);
              
                  // DPLL calibration validated
                  ScalerSetDataPortBit(P71_C9_HDMI_AP, _P71_CA_PT_38_PORT_PAGE71_HDMI_DPCR0, ~_BIT2, _BIT2);
              }
              #endif // End of #if((_D1_HDMI_SUPPORT == _ON) || (_D2_HDMI_SUPPORT == _ON))
2861          
2862          #if(_HDMI_SUPPORT == _ON)
2863          #if(_D1_HDMI_SUPPORT == _ON)
              #if(_AUDIO_MANUAL_SAMPLING_FREQ_SUPPORT == _OFF)
              //--------------------------------------------------
              // Description  : D1 Audio Frequency Mode Setting
              // Input Value  : _AUDIO_TRACKING_AUTO_LOAD_MODE / _AUDIO_TRACKING_MANNUAL_MODE
              // Output Value : None
              //--------------------------------------------------
              void ScalerAudioD1AudioFrequencyMode(EnumAudioFreqTrackingMode enumAudioFreqTrackingMode)
              {
                  if(enumAudioFreqTrackingMode == _AUDIO_TRACKING_AUTO_LOAD_MODE)
                  {
                      // Set S code for auto load mode
                      ScalerSetDataPortByte(P71_C9_HDMI_AP, _P71_CA_PT_95_PORT_PAGE71_PRESET_S_CODE0, _HDMI_SAMPLING_FRE
             -Q_32K_GROUP_S_CODE);
              
                      // Set D code for auto load mode
                      ScalerSetDataPortByte(P71_C9_HDMI_AP, _P71_CA_PT_99_PORT_PAGE71_PRESET_D_CODE_0, HIBYTE(_HDMI_SAMP
             -LING_FREQ_32K_GROUP_D_CODE));
                      ScalerSetDataPortByte(P71_C9_HDMI_AP, _P71_CA_PT_9A_PORT_PAGE71_PRESET_D_CODE_1, LOBYTE(_HDMI_SAMP
             -LING_FREQ_32K_GROUP_D_CODE));
              
                      // Enable Auto Load S Code and D Code
                      ScalerSetDataPortBit(P71_C9_HDMI_AP, _P71_CA_PT_8A_PORT_PAGE71_AUDIO_FREQDET, ~_BIT6, _BIT6);
              
                      // Set Double Buffer bit
                      ScalerSetDataPortBit(P71_C9_HDMI_AP, _P71_CA_PT_10_PORT_PAGE71_HDMI_CMCR, ~_BIT4, _BIT4);
                  }
                  else
                  {
                      // Disable Auto Load S Code
                      ScalerSetDataPortBit(P71_C9_HDMI_AP, _P71_CA_PT_8A_PORT_PAGE71_AUDIO_FREQDET, ~_BIT6, 0x00);
              
                      // Set S code User Define
                      ScalerSetDataPortByte(P71_C9_HDMI_AP, _P71_CA_PT_12_PORT_PAGE71_HDMI_SCAPR, ScalerAudioGetUserSamp
             -lingFreqSCode(_PORT_HDMI, GET_D1_SAMPLING_FREQ_USER_DEFINE()));
              
                      // Set D code User Define
                      ScalerSetDataPortByte(P71_C9_HDMI_AP, _P71_CA_PT_13_PORT_PAGE71_HDMI_DCAPR0, HIBYTE(ScalerAudioGet
             -UserSamplingFreqDCode(_PORT_HDMI, GET_D1_SAMPLING_FREQ_USER_DEFINE())));
                      ScalerSetDataPortByte(P71_C9_HDMI_AP, _P71_CA_PT_14_PORT_PAGE71_HDMI_DCAPR1, LOBYTE(ScalerAudioGet
             -UserSamplingFreqDCode(_PORT_HDMI, GET_D1_SAMPLING_FREQ_USER_DEFINE())));
              
                      // Set Double Buffer bit
                      ScalerSetDataPortBit(P71_C9_HDMI_AP, _P71_CA_PT_10_PORT_PAGE71_HDMI_CMCR, ~_BIT4, _BIT4);
              
                      // Load D code
                      ScalerSetDataPortBit(P71_C9_HDMI_AP, _P71_CA_PT_31_PORT_PAGE71_HDMI_WDCR0, ~_BIT6, _BIT6);
C51 COMPILER V9.60.0.0   RL6432_SERIES_AUDIO                                               09/20/2026 19:44:03 PAGE 50  

                      ScalerSetDataPortBit(P71_C9_HDMI_AP, _P71_CA_PT_31_PORT_PAGE71_HDMI_WDCR0, ~_BIT6, 0x00);
                  }
              }
              #endif
              #endif
2909          
2910          #if(_D2_HDMI_SUPPORT == _ON)
              //--------------------------------------------------
              // Description  : Detect D2 Audio Sampling Freq
              // Input Value  : None
              // Output Value : Audio Sampling Freq
              //--------------------------------------------------
              EnumAudioSamplingFreqType ScalerAudioD2SamplingFreqDetect(void)
              {
                  EnumAudioSamplingFreqType enumAudioFreq = _AUDIO_FREQ_NO_AUDIO;
              
              #if(_D1_HDMI_SUPPORT == _ON)
                  if(CHECK_TMDS_DPHY_SWITCH(_D2_INPUT_PORT) != _TRUE)
                  {
                      return _AUDIO_FREQ_NO_AUDIO;
                  }
              #endif
              
              #if(_INTERNAL_AUDIO_TEST_SUPPORT == _ON)
                  if(ScalerAudioD2GetInternalAudioGenEnable() == _ENABLE)
                  {
                      // For Audio test pattern
                      SET_AUDIO_D2_SAMPLING_FREQ(_AUDIO_FREQ_48K);
                      return _AUDIO_FREQ_48K;
                  }
              #endif
              
                  enumAudioFreq = ScalerGetDataPortBit(P71_C9_HDMI_AP, _P71_CA_PT_8B_PORT_PAGE71_AUDIO_FREQ_RESULT, (_BI
             -T3 | _BIT2 | _BIT1 | _BIT0));
              
              #if(_EMBEDDED_DAC_SUPPORT == _ON)
                  if(enumAudioFreq != GET_AUDIO_D2_SAMPLING_FREQ())
                  {
                      if(enumAudioFreq <= _AUDIO_FREQ_64K)
                      {
                          ScalerSetBit(P6_D4_DA_CLK_CTRL, ~(_BIT7 | _BIT6), 0x00);
                      }
                      else if(enumAudioFreq <= _AUDIO_FREQ_128K)
                      {
                          ScalerSetBit(P6_D4_DA_CLK_CTRL, ~(_BIT7 | _BIT6), _BIT6);
                      }
                      else
                      {
                          ScalerSetBit(P6_D4_DA_CLK_CTRL, ~(_BIT7 | _BIT6), _BIT7);
                      }
                  }
              #endif
              
                  SET_AUDIO_D2_SAMPLING_FREQ(enumAudioFreq);
              
                  return enumAudioFreq;
              }
              #endif // End of #if(_D2_HDMI_SUPPORT == _ON)
2961          
2962          //--------------------------------------------------
2963          // Description  : Audio SPDIF/IIS Output Select
2964          // Input Value  : bOn
C51 COMPILER V9.60.0.0   RL6432_SERIES_AUDIO                                               09/20/2026 19:44:03 PAGE 51  

2965          // Input Value  : ucInputPort
2966          // Output Value : None
2967          //--------------------------------------------------
2968          void ScalerAudioHdmiI2sSpdifChannelOutputSelect(EnumAudioIisSpdifOutput enumAudioIisSpdifOutput, BYTE ucIn
             -putPort)
2969          {
2970   1          enumAudioIisSpdifOutput = enumAudioIisSpdifOutput;
2971   1      
2972   1          switch(ucInputPort)
2973   1          {
2974   2              case _D1_INPUT_PORT:
2975   2      
2976   2      #if(_D1_HDMI_SUPPORT == _ON)
                          ScalerAudioD1I2sSpdifChannelOutputSelect(enumAudioIisSpdifOutput);
              #endif
2979   2                  break;
2980   2      
2981   2              case _D2_INPUT_PORT:
2982   2      
2983   2      #if(_D2_HDMI_SUPPORT == _ON)
                          ScalerAudioD2I2sSpdifChannelOutputSelect(enumAudioIisSpdifOutput);
              #endif
2986   2                  break;
2987   2      
2988   2              case _D3_INPUT_PORT:
2989   2      
2990   2      #if(_D3_HDMI_SUPPORT == _ON)
2991   2                  ScalerAudioD3I2sSpdifChannelOutputSelect(enumAudioIisSpdifOutput);
2992   2      #endif
2993   2                  break;
2994   2      
2995   2              default:
2996   2                  break;
2997   2          }
2998   1      }
2999          
3000          //--------------------------------------------------
3001          // Description  : Check Audio whether Audio LPCM By Info Frame
3002          // Input Value  : ucSourceType
3003          // Output Value : _TRUE => LPCM
3004          //--------------------------------------------------
3005          bit ScalerAudioLPCMCheckInfo(void)
3006          {
3007   1          switch(ScalerAudioGetDigitalAudioPort(_AUDIO_DAC_OUT))
3008   1          {
3009   2              case _AUDIO_FROM_D0_PORT:
3010   2      
3011   2                  break;
3012   2      
3013   2              case _AUDIO_FROM_D1_PORT:
3014   2      
3015   2      #if(_D1_HDMI_SUPPORT == _ON)
                          ScalerGetDataPortByte(P71_CD_HDMI_PSAP, 0x15, 1, pData, _NON_AUTOINC);
              
                          if(((pData[0] & 0xF0) == 0x00) || ((pData[0] & 0xF0) == 0x10))
                          {
                              return _TRUE;
                          }
              #endif
3023   2                  break;
3024   2      
3025   2              case _AUDIO_FROM_D2_PORT:
C51 COMPILER V9.60.0.0   RL6432_SERIES_AUDIO                                               09/20/2026 19:44:03 PAGE 52  

3026   2      
3027   2      #if(_D2_HDMI_SUPPORT == _ON)
                          ScalerGetDataPortByte(P71_CD_HDMI_PSAP, 0x15, 1, pData, _NON_AUTOINC);
              
                          if(((pData[0] & 0xF0) == 0x00) || ((pData[0] & 0xF0) == 0x10))
                          {
                              return _TRUE;
                          }
              #endif
3035   2                  break;
3036   2      
3037   2              case _AUDIO_FROM_D3_PORT:
3038   2      
3039   2      #if(_D3_HDMI_SUPPORT == _ON)
3040   2                  ScalerGetDataPortByte(P72_CD_HDMI_PSAP, 0x15, 1, pData, _NON_AUTOINC);
3041   2      
3042   2                  if(((pData[0] & 0xF0) == 0x00) || ((pData[0] & 0xF0) == 0x10))
3043   2                  {
3044   3                      return _TRUE;
3045   3                  }
3046   2      #endif
3047   2                  break;
3048   2      
3049   2              default:
3050   2                  break;
3051   2          }
3052   1      
3053   1          return _FALSE;
3054   1      }
3055          
3056          //--------------------------------------------------
3057          // Description  : Get Current Digital Audio Source type
3058          // Input Value  : None
3059          // Output Value : Digital Audio Source
3060          //--------------------------------------------------
3061          EnumSourceTypeDef ScalerAudioDigitalAudioSourceType(void)
3062          {
3063   1          switch(ScalerAudioGetDigitalAudioPort(_AUDIO_DAC_OUT))
3064   1          {
3065   2      #if(_D0_DP_EXIST == _ON)
3066   2              case _AUDIO_FROM_D0_PORT:
3067   2      
3068   2                  return _SOURCE_DP;
3069   2      #endif
3070   2      
3071   2      #if(_D1_DP_EXIST == _ON)
                      case _AUDIO_FROM_D1_PORT:
              
                          return _SOURCE_DP;
              #endif
3076   2      
3077   2      
3078   2      #if(_D1_HDMI_SUPPORT == _ON)
                      case _AUDIO_FROM_D1_PORT:
              
                          return _SOURCE_HDMI;
              #endif
3083   2      
3084   2      #if(_D2_HDMI_SUPPORT == _ON)
                      case _AUDIO_FROM_D2_PORT:
              
                          return _SOURCE_HDMI;
C51 COMPILER V9.60.0.0   RL6432_SERIES_AUDIO                                               09/20/2026 19:44:03 PAGE 53  

              #endif
3089   2      
3090   2      #if(_D3_HDMI_SUPPORT == _ON)
3091   2              case _AUDIO_FROM_D3_PORT:
3092   2      
3093   2                  return _SOURCE_HDMI;
3094   2      #endif
3095   2      
3096   2      #if(_D4_HDMI_SUPPORT == _ON)
                      case _AUDIO_FROM_D4_PORT:
              
                          return _SOURCE_HDMI;
              #endif
3101   2      
3102   2      #if(_D5_HDMI_SUPPORT == _ON)
                      case _AUDIO_FROM_D5_PORT:
              
                          return _SOURCE_HDMI;
              #endif
3107   2      
3108   2              default:
3109   2                  break;
3110   2          }
3111   1      
3112   1          return _SOURCE_NONE;
3113   1      }
3114          #endif
3115          
3116          #if(_DP_SUPPORT == _ON)
3117          //--------------------------------------------------
3118          // Description  : DP Audio Digital Output Process
3119          // Input Value  : Enable and Input port
3120          // Output Value : None
3121          //--------------------------------------------------
3122          void ScalerAudioDPDigitalOutputProc(bit bEnable, BYTE ucInputPort)
3123          {
3124   1      #if(_LINE_IN_SUPPORT == _ON)
3125   1          if(ScalerAudioGetInputSource() == _DIGITAL_AUDIO)
3126   1      #endif
3127   1          {
3128   2              switch(ucInputPort)
3129   2              {
3130   3                  case _D0_INPUT_PORT:
3131   3      
3132   3      #if((_D6_INPUT_PORT_TYPE != _D6_NO_PORT) && (_D6_INPUT_PORT_SWITCH_FROM == _SWITCH_FROM_D0))
                          case _D6_INPUT_PORT:
              #endif
3135   3      
3136   3      #if(_D0_DP_EXIST == _ON)
3137   3                      ScalerAudioD0DPDigitalOutputProc(bEnable);
3138   3      #endif
3139   3                      break;
3140   3      
3141   3                  case _D1_INPUT_PORT:
3142   3      
3143   3      #if(_D1_DP_EXIST == _ON)
                              ScalerAudioD1DPDigitalOutputProc(bEnable);
              #endif
3146   3                      break;
3147   3      
3148   3                  default:
3149   3                      break;
C51 COMPILER V9.60.0.0   RL6432_SERIES_AUDIO                                               09/20/2026 19:44:03 PAGE 54  

3150   3              }
3151   2          }
3152   1      }
3153          
3154          //--------------------------------------------------
3155          // Description  : Get Dp Audio Capability Change
3156          // Input Value  : Input Port
3157          // Output Value : _TRUE => Change / _FALSE => Un-Change
3158          //--------------------------------------------------
3159          bit ScalerAudioDpGetCapabilityChange(BYTE ucInputPort)
3160          {
3161   1          bit bResult = _FALSE;
3162   1      
3163   1          switch(ucInputPort)
3164   1          {
3165   2      #if(_D0_DP_EXIST == _ON)
3166   2              case _D0_INPUT_PORT:
3167   2      
3168   2      #if((_D6_INPUT_PORT_TYPE != _D6_NO_PORT) && (_D6_INPUT_PORT_SWITCH_FROM == _SWITCH_FROM_D0))
                      case _D6_INPUT_PORT:
              #endif
3171   2      
3172   2                  bResult = GET_AUDIO_DP_D0_CAPABILITY_SWITCH();
3173   2      
3174   2                  CLR_AUDIO_DP_D0_CAPABILITY_SWITCH();
3175   2      
3176   2                  break;
3177   2      #endif
3178   2      
3179   2      #if(_D1_DP_EXIST == _ON)
                      case _D1_INPUT_PORT:
              
                          bResult = GET_AUDIO_DP_D1_CAPABILITY_SWITCH();
              
                          CLR_AUDIO_DP_D1_CAPABILITY_SWITCH();
              
                          break;
              #endif
3188   2      
3189   2              default:
3190   2      
3191   2                  break;
3192   2          }
3193   1      
3194   1          return bResult;
3195   1      }
3196          
3197          #if(_DP_DPCD_AUDIO_CAPABILITY_USER_CONTROL_SUPPORT == _ON)
              //--------------------------------------------------
              // Description  : Set Dp Audio Capability State
              // Input Value  : Input Port
              // Input Value  : EnumAudioDpDpcdSupport
              // Output Value : None
              //--------------------------------------------------
              void ScalerAudioDpSetCapabilityState(BYTE ucInputPort, EnumAudioDpDpcdSupport enumDpcdSupport)
              {
                  switch(ucInputPort)
                  {
              #if(_D0_DP_EXIST == _ON)
                      case _D0_INPUT_PORT:
              
              #if((_D6_INPUT_PORT_TYPE != _D6_NO_PORT) && (_D6_INPUT_PORT_SWITCH_FROM == _SWITCH_FROM_D0))
C51 COMPILER V9.60.0.0   RL6432_SERIES_AUDIO                                               09/20/2026 19:44:03 PAGE 55  

                      case _D6_INPUT_PORT:
              #endif
              
                          // Check Previous DP Capability
                          if(GET_AUDIO_DP_D0_SUPPORT() != enumDpcdSupport)
                          {
                              // Set User Define DP Capability
                              SET_AUDIO_DP_D0_SUPPORT(enumDpcdSupport);
                              SET_AUDIO_DP_D0_CAPABILITY_SWITCH();
              
                              // Change DPCD
                              SET_DP_RX_CAPABILITY_SWITCHED();
                          }
              
                          break;
              #endif
              
              #if(_D1_DP_EXIST == _ON)
                      case _D1_INPUT_PORT:
              
                          // Check Previous DP Capability
                          if(GET_AUDIO_DP_D1_SUPPORT() != enumDpcdSupport)
                          {
                              // Set User Define DP Capability
                              SET_AUDIO_DP_D1_SUPPORT(enumDpcdSupport);
                              SET_AUDIO_DP_D1_CAPABILITY_SWITCH();
              
                              // Change DPCD
                              SET_DP_RX_CAPABILITY_SWITCHED();
                          }
              
                          break;
              #endif
              
                      default:
              
                          break;
                  }
              }
              #endif // End of #if(_DP_DPCD_AUDIO_CAPABILITY_USER_CONTROL_SUPPORT == _ON)
3252          
3253          //--------------------------------------------------
3254          // Description  : Set Dp Audio Capability State
3255          // Input Value  : Input Port
3256          // Output Value : EnumAudioDpDpcdSupport
3257          //--------------------------------------------------
3258          EnumAudioDpDpcdSupport ScalerAudioDpGetCapabilityState(BYTE ucInputPort)
3259          {
3260   1          switch(ucInputPort)
3261   1          {
3262   2      #if(_D0_DP_EXIST == _ON)
3263   2              case _D0_INPUT_PORT:
3264   2      
3265   2                  // Get User Define DP Capability
3266   2                  return GET_AUDIO_DP_D0_SUPPORT();
3267   2      
3268   2                  break;
3269   2      #endif
3270   2      
3271   2      #if(_D1_DP_EXIST == _ON)
                      case _D1_INPUT_PORT:
              
C51 COMPILER V9.60.0.0   RL6432_SERIES_AUDIO                                               09/20/2026 19:44:03 PAGE 56  

                          // Get User Define DP Capability
                          return GET_AUDIO_DP_D1_SUPPORT();
              
                          break;
              #endif
3279   2      
3280   2      #if((_D6_INPUT_PORT_TYPE != _D6_NO_PORT) && (_D6_INPUT_PORT_SWITCH_FROM == _SWITCH_FROM_D0))
                      case _D6_INPUT_PORT:
              
                          // Get User Define DP Capability
                          return GET_AUDIO_DP_D6_SUPPORT();
              
                          break;
              #endif
3288   2      
3289   2              default:
3290   2      
3291   2                  break;
3292   2          }
3293   1      
3294   1          return _AUDIO_DP_DPCD_NOT_SUPPORT;
3295   1      }
3296          
3297          #if(_D0_DP_EXIST == _ON)
3298          //--------------------------------------------------
3299          // Description  : Initial D0 Auido PLL Settings
3300          // Input Value  : None
3301          // Output Value : None
3302          //--------------------------------------------------
3303          void ScalerAudioD0SetAudioPLL(void)
3304          {
3305   1          // DPLL power down
3306   1          ScalerSetBit(PB6_D3_MN_SCLKG_PLL_PWR, ~_BIT7, _BIT7);
3307   1      
3308   1          // Set M code
3309   1          ScalerSetByte(PB6_D1_MN_SCLKG_DIVM, (_AUDIO_PLL_M - 2));
3310   1      
3311   1          // Set O code
3312   1          ScalerSetBit(PB6_D3_MN_SCLKG_PLL_PWR, ~(_BIT1 | _BIT0), 0x00);
3313   1      
3314   1          // Set N(K) code and enable double buffer
3315   1          ScalerSetByte(PB6_D2_MN_SCLKG_DIVN, (_AUDIO_PLL_K - 2));
3316   1      
3317   1          // Initial VCO Band = 10
3318   1          ScalerSetBit(PB6_D5_MN_SCLKG_PLL_WD, ~(_BIT4 | _BIT3), _BIT4);
3319   1      
3320   1          // Set MN PLL Path1 => [2]: 1 = Path1, 0 = Path2
3321   1          ScalerSetBit(PB6_D5_MN_SCLKG_PLL_WD, ~(_BIT7 | _BIT2), _BIT2);
3322   1      
3323   1          // DPLL VCORSTB Set to Normal
3324   1          ScalerSetBit(PB6_D6_MN_SCLKG_PLL_INSEL, ~_BIT0, _DPLL_VCORSTB_NORMAL_VALUE);
3325   1      
3326   1          // DPLL power up
3327   1          ScalerSetBit(PB6_D3_MN_SCLKG_PLL_PWR, ~_BIT7, 0x00);
3328   1      
3329   1          // Delay 2000us
3330   1          ScalerTimerDelayXms(2);
3331   1      
3332   1          // DPLL CMP enable
3333   1          ScalerSetBit(PB6_D3_MN_SCLKG_PLL_PWR, ~_BIT2, _BIT2);
3334   1      
3335   1          // Delay at least 1000us
C51 COMPILER V9.60.0.0   RL6432_SERIES_AUDIO                                               09/20/2026 19:44:03 PAGE 57  

3336   1          ScalerTimerDelayXms(2);
3337   1      
3338   1          // DPLL latch calibration enable
3339   1          ScalerSetBit(PB6_D3_MN_SCLKG_PLL_PWR, ~_BIT3, _BIT3);
3340   1      
3341   1          // Delay at least 1000us
3342   1          ScalerTimerDelayXms(2);
3343   1      
3344   1          // DPLL calibration validated
3345   1          ScalerSetBit(PB6_D3_MN_SCLKG_PLL_PWR, ~_BIT4, _BIT4);
3346   1      }
3347          
3348          //--------------------------------------------------
3349          // Description  : Load initial I Code
3350          // Input Value  : None
3351          // Output Value : None
3352          //--------------------------------------------------
3353          void ScalerAudioD0LoadInitialICode(void)
3354          {
3355   1          // Set high byte of I code for boundary tracking for DP audio
3356   1          ScalerSetByte(PB6_83_AUD_BDRY_2, HIBYTE(_INITIAL_I_CODE));
3357   1      
3358   1          // Set low byte of I code for boundary tracking for DP audio
3359   1          ScalerSetByte(PB6_84_AUD_BDRY_3, LOBYTE(_INITIAL_I_CODE));
3360   1      
3361   1          DebugMessageAudio("Load initial I code", _INITIAL_I_CODE);
3362   1      }
3363          
3364          //--------------------------------------------------
3365          // Description  : Timer Event to Load Stable I Code
3366          // Input Value  : None
3367          // Output Value : None
3368          //--------------------------------------------------
3369          void ScalerAudioD0LoadStableICodeEvent(void)
3370          {
3371   1          // Set high byte of I code for boundary tracking for DP audio
3372   1          ScalerSetByte(PB6_83_AUD_BDRY_2, HIBYTE(_STABLE_I_CODE));
3373   1      
3374   1          // Set low byte of I code for boundary tracking for DP audio
3375   1          ScalerSetByte(PB6_84_AUD_BDRY_3, LOBYTE(_STABLE_I_CODE));
3376   1      
3377   1          DebugMessageAudio("Load stable I code", _STABLE_I_CODE);
3378   1      }
3379          
3380          //--------------------------------------------------
3381          // Description  : Detect D0 digital audio for HDMI/DP interface
3382          // Input Value  : None
3383          // Output Value : None
3384          //--------------------------------------------------
3385          void ScalerAudioD0DigitalDetectProc(void)
3386          {
3387   1          if(GET_DP_RX0_LINK_TRAINING_STATUS() != _DP_NORMAL_LINK_TRAINING_PASS)
3388   1          {
3389   2              if(ScalerGetBit(PB6_81_AUD_BDRY_0, _BIT7) == _BIT7)
3390   2              {
3391   3                  // -----------------------------------------
3392   3                  // Disable Tracking Function
3393   3                  // -----------------------------------------
3394   3      
3395   3                  // Disable INT for Auido Sampling Change
3396   3                  ScalerSetBit(PB6_50_AUD_FREQUENY_DET_0, ~(_BIT6 | _BIT5), 0x00);
3397   3      
C51 COMPILER V9.60.0.0   RL6432_SERIES_AUDIO                                               09/20/2026 19:44:03 PAGE 58  

3398   3                  // Disable Boundary Tracking Method
3399   3                  ScalerSetBit(PB6_81_AUD_BDRY_0, ~_BIT7, 0x00);
3400   3      
3401   3                  // Disable Trend Tracking Method
3402   3                  ScalerSetBit(PB6_92_AUD_TRND_0, ~_BIT7, 0x00);
3403   3      
3404   3                  // Reload D code
3405   3                  ScalerSetBit(PB6_7C_AUD_FSM_CTRL_1, ~_BIT7, _BIT7);
3406   3      
3407   3                  DebugMessageAudio("D0 Audio Tracking Disable", 0);
3408   3              }
3409   2      
3410   2      #if(_AUDIO_MANUAL_SAMPLING_FREQ_SUPPORT == _OFF)
3411   2              if(GET_AUDIO_D0_AUTO_LOAD_FREQ() == _TRUE)
3412   2              {
3413   3                  // -----------------------------------------
3414   3                  // Set User Define Frequency When No Audio
3415   3                  // -----------------------------------------
3416   3                  ScalerAudioD0AudioFrequencyMode(_AUDIO_TRACKING_MANNUAL_MODE);
3417   3      
3418   3                  // Clear Flag
3419   3                  CLR_AUDIO_D0_AUTO_LOAD_FREQ();
3420   3      
3421   3                  DebugMessageAudio("Dp Rx0 Audio Mannual Mode", 0);
3422   3              }
3423   2      #endif
3424   2      
3425   2              CLR_AUDIO_D0_PACKET_DETECT();
3426   2              SET_D0_DIGITAL_AUDIO_SOURCE(_DIGITAL_AUDIO_SOURCE_NONE);
3427   2      
3428   2              if(GET_AUDIO_D0_ICODE_RELOADED() == _TRUE)
3429   2              {
3430   3                  ScalerTimerCancelTimerEvent(_SCALER_TIMER_EVENT_AUDIO_D0_LOAD_STABLE_I_CODE);
3431   3      
3432   3                  ScalerAudioD0LoadInitialICode();
3433   3      
3434   3                  CLR_AUDIO_D0_ICODE_RELOADED();
3435   3              }
3436   2      
3437   2              return;
3438   2          }
3439   1      
3440   1          if(ScalerAudioD0SamplingFreqDetect() != 0x00)
3441   1          {
3442   2      #if(_AUDIO_MANUAL_SAMPLING_FREQ_SUPPORT == _OFF)
3443   2              if(GET_AUDIO_D0_AUTO_LOAD_FREQ() == _FALSE)
3444   2              {
3445   3                  // -----------------------------------------
3446   3                  // Set HW Auto Load Frequency
3447   3                  // -----------------------------------------
3448   3                  ScalerAudioD0AudioFrequencyMode(_AUDIO_TRACKING_AUTO_LOAD_MODE);
3449   3      
3450   3                  // Set Flag
3451   3                  SET_AUDIO_D0_AUTO_LOAD_FREQ();
3452   3      
3453   3                  DebugMessageAudio("Dp Rx0 Audio Auto_Load Mode", 0);
3454   3              }
3455   2      #endif
3456   2      
3457   2              if(ScalerGetBit(PB6_81_AUD_BDRY_0, _BIT7) == 0x00)
3458   2              {
3459   3      #if(_DIGITAL_AUDIO_OUTPUT_FIX_I2S_PHASE_DELAY == _ON)
C51 COMPILER V9.60.0.0   RL6432_SERIES_AUDIO                                               09/20/2026 19:44:03 PAGE 59  

                          if(ScalerAudioGetDigitalAudioPort(_AUDIO_DAC_OUT) == _AUDIO_FROM_D0_PORT)
                          {
                              // Resolve Audio Phase Delay of L/R Channel
                              ScalerAudioDVCResetProc();
                          }
              #endif
3466   3                  // -----------------------------------------
3467   3                  // Enable Tracking Function
3468   3                  // -----------------------------------------
3469   3      
3470   3                  // Enable Boundary Tracking Method
3471   3                  ScalerSetBit(PB6_81_AUD_BDRY_0, ~_BIT7, _BIT7);
3472   3      
3473   3                  // Enable Trend Tracking Method
3474   3                  ScalerSetBit(PB6_92_AUD_TRND_0, ~_BIT7, _BIT7);
3475   3      
3476   3                  // Clear Auido Sampling Change Flag
3477   3                  ScalerSetBit(PB6_50_AUD_FREQUENY_DET_0, ~_BIT5, _BIT5);
3478   3      
3479   3                  // Enable INT for Auido Sampling Change
3480   3                  ScalerSetBit(PB6_50_AUD_FREQUENY_DET_0, ~(_BIT6 | _BIT5), _BIT6);
3481   3      
3482   3                  DebugMessageAudio("D0 Audio Tracking Enable", 0);
3483   3              }
3484   2      
3485   2              if(ScalerGetBit(PB6_01_DP_VBID, _BIT4) == 0x00)
3486   2              {
3487   3                  SET_AUDIO_D0_PACKET_DETECT();
3488   3                  SET_D0_DIGITAL_AUDIO_SOURCE(_DIGITAL_AUDIO_SOURCE_DP);
3489   3      
3490   3                  // Set DP Receive Port1 In Sync
3491   3                  ScalerDpRx0SinkStatusSet(_DP_SINK_REVEICE_PORT1, _DP_SINK_IN_SYNC);
3492   3              }
3493   2              else
3494   2              {
3495   3                  CLR_AUDIO_D0_PACKET_DETECT();
3496   3                  SET_D0_DIGITAL_AUDIO_SOURCE(_DIGITAL_AUDIO_SOURCE_NONE);
3497   3      
3498   3                  // Set DP Receive Port1 Out Of Sync
3499   3                  ScalerDpRx0SinkStatusSet(_DP_SINK_REVEICE_PORT1, _DP_SINK_OUT_OF_SYNC);
3500   3              }
3501   2      
3502   2              if(GET_AUDIO_D0_ICODE_RELOADED() == _FALSE)
3503   2              {
3504   3                  ScalerTimerReactiveTimerEvent(_AUDIO_DYNAMIC_I_CODE_TIMER_MS, _SCALER_TIMER_EVENT_AUDIO_D0_LOA
             -D_STABLE_I_CODE);
3505   3      
3506   3                  SET_AUDIO_D0_ICODE_RELOADED();
3507   3              }
3508   2          }
3509   1          else
3510   1          {
3511   2              if(ScalerGetBit(PB6_81_AUD_BDRY_0, _BIT7) == _BIT7)
3512   2              {
3513   3                  // Disable INT for Auido Sampling Change
3514   3                  ScalerSetBit(PB6_50_AUD_FREQUENY_DET_0, ~(_BIT6 | _BIT5), 0x00);
3515   3      
3516   3                  // Disable Boundary Tracking Method
3517   3                  ScalerSetBit(PB6_81_AUD_BDRY_0, ~_BIT7, 0x00);
3518   3      
3519   3                  // Disable Trend Tracking Method
3520   3                  ScalerSetBit(PB6_92_AUD_TRND_0, ~_BIT7, 0x00);
C51 COMPILER V9.60.0.0   RL6432_SERIES_AUDIO                                               09/20/2026 19:44:03 PAGE 60  

3521   3      
3522   3                  // Reload D code
3523   3                  ScalerSetBit(PB6_7C_AUD_FSM_CTRL_1, ~_BIT7, _BIT7);
3524   3      
3525   3                  DebugMessageAudio("D0 Audio Tracking Disable", 0);
3526   3              }
3527   2      
3528   2      #if(_AUDIO_MANUAL_SAMPLING_FREQ_SUPPORT == _OFF)
3529   2              if(GET_AUDIO_D0_AUTO_LOAD_FREQ() == _TRUE)
3530   2              {
3531   3                  // -----------------------------------------
3532   3                  // Set User Define Frequency When No Audio
3533   3                  // -----------------------------------------
3534   3                  ScalerAudioD0AudioFrequencyMode(_AUDIO_TRACKING_MANNUAL_MODE);
3535   3      
3536   3                  // Clear Flag
3537   3                  CLR_AUDIO_D0_AUTO_LOAD_FREQ();
3538   3      
3539   3                  DebugMessageAudio("Dp Rx0 Audio Mannual Mode", 0);
3540   3              }
3541   2      #endif
3542   2      
3543   2              if(GET_D0_DIGITAL_AUDIO_SOURCE() == _DIGITAL_AUDIO_SOURCE_DP)
3544   2              {
3545   3                  // Set DP Receive Port1 Out Of Sync
3546   3                  ScalerDpRx0SinkStatusSet(_DP_SINK_REVEICE_PORT1, _DP_SINK_OUT_OF_SYNC);
3547   3              }
3548   2      
3549   2              CLR_AUDIO_D0_PACKET_DETECT();
3550   2              SET_D0_DIGITAL_AUDIO_SOURCE(_DIGITAL_AUDIO_SOURCE_NONE);
3551   2      
3552   2              if(GET_AUDIO_D0_ICODE_RELOADED() == _TRUE)
3553   2              {
3554   3                  ScalerTimerCancelTimerEvent(_SCALER_TIMER_EVENT_AUDIO_D0_LOAD_STABLE_I_CODE);
3555   3      
3556   3                  ScalerAudioD0LoadInitialICode();
3557   3      
3558   3                  CLR_AUDIO_D0_ICODE_RELOADED();
3559   3              }
3560   2          }
3561   1      }
3562          
3563          //--------------------------------------------------
3564          // Description  : Get D0 Audio Detected
3565          // Input Value  : None
3566          // Output Value : TRUE => Audio Detected
3567          //--------------------------------------------------
3568          bit ScalerAudioD0GetAudioDetected(void)
3569          {
3570   1          // Check audio packet
3571   1          if(GET_AUDIO_D0_PACKET_DETECT() == _FALSE)
3572   1          {
3573   2              DebugMessageAudio("False : D0 Audio Packet", 0);
3574   2              return _FALSE;
3575   2          }
3576   1      
3577   1          // Check Audio FSM
3578   1          if(ScalerGetBit(PB6_74_AUD_FSM_CTRL_0, _BIT7) == 0x00)
3579   1          {
3580   2              DebugMessageAudio("False : D0 DP Audio Fsm Disable", 0);
3581   2      
3582   2              return _FALSE;
C51 COMPILER V9.60.0.0   RL6432_SERIES_AUDIO                                               09/20/2026 19:44:03 PAGE 61  

3583   2          }
3584   1      
3585   1          // Check Audio Tracking
3586   1          if(ScalerGetBit(PB6_81_AUD_BDRY_0, _BIT7) == 0x00)
3587   1          {
3588   2              DebugMessageAudio("False : D0 DP Audio Tracking Disable", 0);
3589   2      
3590   2              return _FALSE;
3591   2          }
3592   1      
3593   1          // Check DP audio buffer overflow and underflow
3594   1          if(ScalerGetBit(PB6_70_AUD_BUFFER_CTRL_0, (_BIT1 | _BIT0)) != 0x00)
3595   1          {
3596   2              DebugMessageAudio("False : D0 DP Audio Buffer", ScalerGetBit(PB6_70_AUD_BUFFER_CTRL_0, (_BIT1 | _B
             -IT0)));
3597   2      
3598   2              if(ScalerGetBit(PB6_39_DP_AWD_CTRL, (_BIT7 | _BIT6)) == 0x00)
3599   2              {
3600   3                  // Clear audio FIFO overflow and underflow status
3601   3                  ScalerSetBit(PB6_70_AUD_BUFFER_CTRL_0, ~(_BIT1 | _BIT0), (_BIT1 | _BIT0));
3602   3      
3603   3                  // Waiting for 2ms(Audio Freq. Detect || Audio FIFO Write (1/2 FIFO depth = 64 packet)) + 1ms(
             -Audio Stable Time Count = 5 x 200us)
3604   3                  ScalerTimerDelayXms(3);
3605   3      
3606   3                  if(ScalerGetBit(PB6_70_AUD_BUFFER_CTRL_0, (_BIT1 | _BIT0)) != 0x00)
3607   3                  {
3608   4                      DebugMessageAudio("False : D0 DP Audio FSM Reset", ScalerGetBit(PB6_70_AUD_BUFFER_CTRL_0, 
             -(_BIT1 | _BIT0)));
3609   4      
3610   4                      // Reset Audio FSM
3611   4                      ScalerSetBit(PB6_74_AUD_FSM_CTRL_0, ~_BIT7, 0x00);
3612   4      
3613   4                      // Clear audio FIFO overflow and underflow status
3614   4                      ScalerSetBit(PB6_70_AUD_BUFFER_CTRL_0, ~(_BIT1 | _BIT0), (_BIT1 | _BIT0));
3615   4      
3616   4                      // Enable Audio FSM
3617   4                      ScalerSetBit(PB6_74_AUD_FSM_CTRL_0, ~_BIT7, _BIT7);
3618   4      
3619   4                      // Waiting for 2ms(Audio Freq. Detect || Audio FIFO Write (1/2 FIFO depth = 64 packet)) + 
             -1ms(Audio Stable Time Count = 5 x 200us)
3620   4                      ScalerTimerDelayXms(3);
3621   4                  }
3622   3              }
3623   2      
3624   2              return _FALSE;
3625   2          }
3626   1      
3627   1          return _TRUE;
3628   1      }
3629          
3630          //--------------------------------------------------
3631          // Description  : Detect D0 Audio Sampling Freq
3632          // Input Value  : None
3633          // Output Value : Audio Sampling Freq
3634          //--------------------------------------------------
3635          EnumAudioSamplingFreqType ScalerAudioD0SamplingFreqDetect(void)
3636          {
3637   1          EnumAudioSamplingFreqType enumAudioFreq = _AUDIO_FREQ_NO_AUDIO;
3638   1      
3639   1      #if(_INTERNAL_AUDIO_TEST_SUPPORT == _ON)
                  if(ScalerAudioDpGetInternalAudioGenEnable() == _ENABLE)
C51 COMPILER V9.60.0.0   RL6432_SERIES_AUDIO                                               09/20/2026 19:44:03 PAGE 62  

                  {
                      // For Audio test pattern
                      SET_AUDIO_D0_SAMPLING_FREQ(_AUDIO_FREQ_48K);
                      return _AUDIO_FREQ_48K;
                  }
              #endif
3647   1      
3648   1          // HBR Audio Detect
3649   1          ScalerAudioD0HbrAudioDetect();
3650   1      
3651   1          // Get Audio Sample Count
3652   1          enumAudioFreq = (ScalerGetBit(PB6_61_AUD_SAMPLE_CNT_0, (_BIT7 | _BIT6 | _BIT5 | _BIT4)) >> 4);
3653   1      
3654   1          if(enumAudioFreq != GET_AUDIO_D0_SAMPLING_FREQ())
3655   1          {
3656   2      #if(_EMBEDDED_DAC_SUPPORT == _ON)
3657   2              if(enumAudioFreq <= _AUDIO_FREQ_64K)
3658   2              {
3659   3                  ScalerSetBit(P6_D4_DA_CLK_CTRL, ~(_BIT7 | _BIT6), 0x00);
3660   3              }
3661   2              else if(enumAudioFreq <= _AUDIO_FREQ_128K)
3662   2              {
3663   3                  ScalerSetBit(P6_D4_DA_CLK_CTRL, ~(_BIT7 | _BIT6), _BIT6);
3664   3              }
3665   2              else
3666   2              {
3667   3                  ScalerSetBit(P6_D4_DA_CLK_CTRL, ~(_BIT7 | _BIT6), _BIT7);
3668   3              }
3669   2      #endif
3670   2      
3671   2              // Audio DVC Setting
3672   2              ScalerAudioD0DPSetDVCWindowSize(_DP_DVC_ADJUST_TYPE, ScalerAudioGetSamplingFreqPacket(enumAudioFre
             -q));
3673   2          }
3674   1      
3675   1          SET_AUDIO_D0_SAMPLING_FREQ(enumAudioFreq);
3676   1      
3677   1          return enumAudioFreq;
3678   1      }
3679          
3680          //--------------------------------------------------
3681          // Description  : Check Audio Sampling Frequency Ever Change
3682          // Input Value  : None
3683          // Output Value : _TRUE => Change / _FALSE => No Change
3684          //--------------------------------------------------
3685          bit ScalerAudioD0SamplingFreqChange(void)
3686          {
3687   1          if(GET_DP_D0_AUDIO_SAMPLING_FREQ_CHANGE() == _TRUE)
3688   1          {
3689   2              // Clear Change Flag when check
3690   2              CLR_DP_D0_AUDIO_SAMPLING_FREQ_CHANGE();
3691   2      
3692   2              return _TRUE;
3693   2          }
3694   1      
3695   1          return _FALSE;
3696   1      }
3697          
3698          //--------------------------------------------------
3699          // Description  : D0 Audio Watch Dog Proc
3700          // Input Value  : bOn
3701          // Output Value : None
C51 COMPILER V9.60.0.0   RL6432_SERIES_AUDIO                                               09/20/2026 19:44:03 PAGE 63  

3702          //--------------------------------------------------
3703          void ScalerAudioD0WatchDogProc(bit bOn)
3704          {
3705   1          if(bOn == _ON)
3706   1          {
3707   2              // Clear audio buffer overflow and underflow status
3708   2              ScalerSetBit(PB6_70_AUD_BUFFER_CTRL_0, ~(_BIT1 | _BIT0), (_BIT1 | _BIT0));
3709   2      
3710   2              // Enable Audio Watch Dog for Buffer Overflow/Underflow
3711   2              ScalerSetBit(PB6_39_DP_AWD_CTRL, ~(_BIT7 | _BIT6), (_BIT7 | _BIT6));
3712   2          }
3713   1          else
3714   1          {
3715   2              // Disable Audio Watch Dog for Buffer Overflow/Underflow
3716   2              ScalerSetBit(PB6_39_DP_AWD_CTRL, ~(_BIT7 | _BIT6), 0x00);
3717   2      
3718   2              if(ScalerGetBit(PB6_70_AUD_BUFFER_CTRL_0, (_BIT1 | _BIT0)) != 0x00)
3719   2              {
3720   3                  DebugMessageAudio("WD : D0 DP Audio Over/Underflow", ScalerGetBit(PB6_70_AUD_BUFFER_CTRL_0, (_
             -BIT1 | _BIT0)));
3721   3      
3722   3                  // Reset Audio FSM
3723   3                  ScalerSetBit(PB6_74_AUD_FSM_CTRL_0, ~_BIT7, 0x00);
3724   3      
3725   3                  // Clear audio FIFO overflow and underflow status
3726   3                  ScalerSetBit(PB6_70_AUD_BUFFER_CTRL_0, ~(_BIT1 | _BIT0), (_BIT1 | _BIT0));
3727   3      
3728   3                  // Enable Audio FSM
3729   3                  ScalerSetBit(PB6_74_AUD_FSM_CTRL_0, ~_BIT7, _BIT7);
3730   3      
3731   3                  // Waiting for 2ms(Audio Freq. Detect || Audio FIFO Write (1/2 FIFO depth = 64 packet)) + 1ms(
             -Audio Stable Time Count = 5 x 200us)
3732   3                  ScalerTimerDelayXms(3);
3733   3              }
3734   2          }
3735   1      }
3736          
3737          //--------------------------------------------------
3738          // Description  : D0 Audio HBR Packet Detect
3739          // Input Value  : None
3740          // Output Value : None
3741          //--------------------------------------------------
3742          void ScalerAudioD0HbrAudioDetect(void)
3743          {
3744   1          // Check HBR Audio Receive
3745   1          if(ScalerGetBit(PB6_B0_DP_AUD_CTRL, (_BIT3 | _BIT2 | _BIT1 | _BIT0)) == _BIT0)
3746   1          {
3747   2              // Check Current Detect Mode
3748   2              if(ScalerGetBit(PB6_B0_DP_AUD_CTRL, _BIT6) != _BIT6)
3749   2              {
3750   3                  // Enable Audio HBR Mode Detect
3751   3                  ScalerAudioD0HbrModeControl(_ON);
3752   3      
3753   3                  // Wait for New Audio Packet Recived via detect interval + 1ms
3754   3                  ScalerTimerDelayXms((ScalerGetBit(PB6_50_AUD_FREQUENY_DET_0, (_BIT3 | _BIT2)) >> 2) + 1);
3755   3      
3756   3                  DebugMessageAudio("Dp D0 HBR Mode Detect Enable", _ENABLE);
3757   3              }
3758   2          }
3759   1          else
3760   1          {
3761   2              // Check Current Detect Mode
C51 COMPILER V9.60.0.0   RL6432_SERIES_AUDIO                                               09/20/2026 19:44:03 PAGE 64  

3762   2              if(ScalerGetBit(PB6_B0_DP_AUD_CTRL, _BIT6) != 0x00)
3763   2              {
3764   3                  // Disable Audio HBR Mode Detect
3765   3                  ScalerAudioD0HbrModeControl(_OFF);
3766   3      
3767   3                  // Wait for New Audio Packet Recived via detect interval + 1ms
3768   3                  ScalerTimerDelayXms((ScalerGetBit(PB6_50_AUD_FREQUENY_DET_0, (_BIT3 | _BIT2)) >> 2) + 1);
3769   3      
3770   3                  DebugMessageAudio("Dp D0 HBR Mode Detect Disable", _DISABLE);
3771   3              }
3772   2          }
3773   1      }
3774          
3775          //--------------------------------------------------
3776          // Description  : D0 Audio HBR Mode Control
3777          // Input Value  : _ENABLE or _DISABLE
3778          // Output Value : None
3779          //--------------------------------------------------
3780          void ScalerAudioD0HbrModeControl(bit bEnable)
3781          {
3782   1          if(bEnable == _ENABLE)
3783   1          {
3784   2              // Enable Dp Audio HBR Mode Detect via Channel Coding Type
3785   2              ScalerSetBit(PB6_B0_DP_AUD_CTRL, ~_BIT6, _BIT6);
3786   2          }
3787   1          else
3788   1          {
3789   2              // Disable Audio HBR Mode Detect
3790   2              ScalerSetBit(PB6_B0_DP_AUD_CTRL, ~_BIT6, 0x00);
3791   2          }
3792   1      }
3793          #endif // End Of #if(_D0_DP_EXIST == _ON)
3794          
3795          #if(_D1_DP_EXIST == _ON)
              //--------------------------------------------------
              // Description  : Initial D1 Auido PLL Settings
              // Input Value  : None
              // Output Value : None
              //--------------------------------------------------
              void ScalerAudioD1SetAudioPLL(void)
              {
                  // DPLL power down
                  ScalerSetBit(PB9_D3_MN_SCLKG_PLL_PWR, ~_BIT7, _BIT7);
              
                  // Set M code
                  ScalerSetByte(PB9_D1_MN_SCLKG_DIVM, (_AUDIO_PLL_M - 2));
              
                  // Set O code
                  ScalerSetBit(PB9_D3_MN_SCLKG_PLL_PWR, ~(_BIT1 | _BIT0), 0x00);
              
                  // Set N(K) code and enable double buffer
                  ScalerSetByte(PB9_D2_MN_SCLKG_DIVN, (_AUDIO_PLL_K - 2));
              
                  // Initial VCO Band = 10
                  ScalerSetBit(PB9_D5_MN_SCLKG_PLL_WD, ~(_BIT4 | _BIT3), _BIT4);
              
                  // Set MN PLL Path1 => [2]: 1 = Path1, 0 = Path2
                  ScalerSetBit(PB9_D5_MN_SCLKG_PLL_WD, ~(_BIT7 | _BIT2), _BIT2);
              
                  // DPLL VCORSTB Set to Normal
                  ScalerSetBit(PB9_D6_MN_SCLKG_PLL_INSEL, ~_BIT0, _DPLL_VCORSTB_NORMAL_VALUE);
              
C51 COMPILER V9.60.0.0   RL6432_SERIES_AUDIO                                               09/20/2026 19:44:03 PAGE 65  

                  // DPLL power up
                  ScalerSetBit(PB9_D3_MN_SCLKG_PLL_PWR, ~_BIT7, 0x00);
              
                  // Delay 2000us
                  ScalerTimerDelayXms(2);
              
                  // DPLL CMP enable
                  ScalerSetBit(PB9_D3_MN_SCLKG_PLL_PWR, ~_BIT2, _BIT2);
              
                  // Delay 1000us
                  ScalerTimerDelayXms(2);
              
                  // DPLL latch calibration enable
                  ScalerSetBit(PB9_D3_MN_SCLKG_PLL_PWR, ~_BIT3, _BIT3);
              
                  // Delay 1000us
                  ScalerTimerDelayXms(2);
              
                  // DPLL calibration validated
                  ScalerSetBit(PB9_D3_MN_SCLKG_PLL_PWR, ~_BIT4, _BIT4);
              }
              #endif
3846          #endif
3847          
3848          //--------------------------------------------------
3849          // Description  : Get Current Digital Audio Source
3850          // Input Value  : None
3851          // Output Value : Digital Audio Source
3852          //--------------------------------------------------
3853          BYTE ScalerAudioGetDigitalAudioSource(BYTE ucInputPort)
3854          {
3855   1          switch(ucInputPort)
3856   1          {
3857   2              case _D0_INPUT_PORT:
3858   2      
3859   2      #if((_D6_INPUT_PORT_TYPE != _D6_NO_PORT) && (_D6_INPUT_PORT_SWITCH_FROM == _SWITCH_FROM_D0))
                      case _D6_INPUT_PORT:
              #endif
3862   2      
3863   2      #if(_D0_DP_EXIST == _ON)
3864   2                  return GET_D0_DIGITAL_AUDIO_SOURCE();
3865   2      #endif
3866   2      
3867   2              case _D1_INPUT_PORT:
3868   2      
3869   2      #if((_D1_HDMI_SUPPORT == _ON) || (_D1_DP_EXIST == _ON))
                          return GET_D1_DIGITAL_AUDIO_SOURCE();
              #endif
3872   2      
3873   2              case _D2_INPUT_PORT:
3874   2      
3875   2      #if(_D2_HDMI_SUPPORT == _ON)
                          return GET_D2_DIGITAL_AUDIO_SOURCE();
              #endif
3878   2      
3879   2              case _D3_INPUT_PORT:
3880   2      
3881   2      #if(_D3_HDMI_SUPPORT == _ON)
3882   2                  return GET_D3_DIGITAL_AUDIO_SOURCE();
3883   2      #endif
3884   2      
3885   2              default:
C51 COMPILER V9.60.0.0   RL6432_SERIES_AUDIO                                               09/20/2026 19:44:03 PAGE 66  

3886   2                  break;
3887   2          }
3888   1      
3889   1          return _DIGITAL_AUDIO_SOURCE_NONE;
3890   1      }
3891          
3892          #if(_LINE_IN_SUPPORT == _ON)
3893          //--------------------------------------------------
3894          // Description  : Initial Audio ADC
3895          // Input Value  : None
3896          // Output Value : None
3897          //--------------------------------------------------
3898          void ScalerAudioADCInitial(void)
3899          {
3900   1          // Enable ADDA Loop, High Pass Filter and Set ADC ZCD Type
3901   1          ScalerSetBit(P6_B4_AD_CTRL, ~(_BIT7 | _BIT6 | _BIT3 | _BIT2), (_BIT6 | _BIT3));
3902   1      
3903   1          // Power On ADC
3904   1          ScalerSetBit(P6_B0_REG_ADC_POWER, ~_BIT7, _BIT7);
3905   1      
3906   1          // Power On Input Buffer and Mbias
3907   1          ScalerSetBit(P6_C0_REG_DAC_POWER0, ~(_BIT2 | _BIT1 | _BIT0), (_BIT2 | _BIT1 | _BIT0));
3908   1      
3909   1          // Enable ADC Op Offset Cancellation and Enable Dither
3910   1          ScalerSetBit(P6_B2_REG_ADC_CTRL, ~(_BIT3 | _BIT2 | _BIT1 | _BIT0), (_BIT3 | _BIT0));
3911   1      
3912   1          // Set ADC Front End Gain(-4.2dB)
3913   1          ScalerSetByte(P6_B3_REG_AFE_GAIN, 0x33);
3914   1      
3915   1          // Set Vref for Buffer Mode
3916   1          ScalerSetBit(P6_C9_REG_ANA_RESERVE0, ~(_BIT3 | _BIT2), _BIT3);
3917   1      
3918   1          // ADC Unmute and Set Boost Gain
3919   1          ScalerSetByte(P6_B5_AD_MUTE, 0x00);
3920   1      
3921   1          // Set AD Gail of L Ch
3922   1          ScalerSetBit(P6_B6_AD_GAIN_L, ~(_BIT5 | _BIT4 | _BIT3 | _BIT2 | _BIT1 | _BIT0), _LINE_IN_BOOST_GAIN_DB
             -);
3923   1      
3924   1          // Set AD Gail of R Ch
3925   1          ScalerSetBit(P6_B7_AD_GAIN_R, ~(_BIT5 | _BIT4 | _BIT3 | _BIT2 | _BIT1 | _BIT0), _LINE_IN_BOOST_GAIN_DB
             -);
3926   1      
3927   1          // Set Double Buffer
3928   1          ScalerSetBit(P6_B6_AD_GAIN_L, ~_BIT7, _BIT7);
3929   1      
3930   1          // Set Sampling Frequency "48kHz" For S/PDIF Output From ADC In
3931   1          ScalerSetBit(P6_E2_AD_SPDIF_CS_0, ~(_BIT3 | _BIT2 | _BIT1 | _BIT0), _AUDIO_SPDIF_FS_48KHZ);
3932   1      
3933   1          // Set Channel Count "2 ch" For S/PDIF Output From ADC In
3934   1          ScalerSetBit(P6_E3_AD_SPDIF_CS_1, ~(_BIT7 | _BIT6 | _BIT5 | _BIT4), 0x00);
3935   1      
3936   1          // Enable I2S Output for ADC In
3937   1          ScalerSetBit(P6_E7_AD_I2S_CTRL, ~_BIT7, _BIT7);
3938   1      }
3939          #endif
3940          
3941          #if(_INTERNAL_AUDIO_TEST_SUPPORT == _ON)
              //--------------------------------------------------
              // Description  : Auido Speaker Testing Process
              // Input Value  : Enable or Disable
              // Output Value : None
C51 COMPILER V9.60.0.0   RL6432_SERIES_AUDIO                                               09/20/2026 19:44:03 PAGE 67  

              //--------------------------------------------------
              void ScalerAudioInternalAudioGenSwitch(bit bOn, BYTE ucInputPort, EnumAudioLeftRightChannelSelect enumAudi
             -oLeftRightChannelSelect)
              {
                  switch(ucInputPort)
                  {
                      case _D0_INPUT_PORT:
              
              #if((_D6_INPUT_PORT_TYPE != _D6_NO_PORT) && (_D6_INPUT_PORT_SWITCH_FROM == _SWITCH_FROM_D0))
                      case _D6_INPUT_PORT:
              #endif
              
              #if(_D0_DP_EXIST == _ON)
                          ScalerAudioDpInternalAudioGenSwitch(bOn, enumAudioLeftRightChannelSelect);
              #endif
                          break;
              
                      case _D1_INPUT_PORT:
              
              #if(_D1_DP_EXIST == _ON)
                          ScalerAudioDpInternalAudioGenSwitch(bOn, enumAudioLeftRightChannelSelect);
              
              #elif(_D1_HDMI_SUPPORT == _ON)
                          ScalerAudioD2InternalAudioGenSwitch(bOn, enumAudioLeftRightChannelSelect);
              #endif
                          break;
              
                      case _D2_INPUT_PORT:
              
              #if(_D2_HDMI_SUPPORT == _ON)
                          ScalerAudioD2InternalAudioGenSwitch(bOn, enumAudioLeftRightChannelSelect);
              #endif
                          break;
              
                      case _D3_INPUT_PORT:
              
              #if(_D3_HDMI_SUPPORT == _ON)
                          ScalerAudioD3InternalAudioGenSwitch(bOn, enumAudioLeftRightChannelSelect);
              #endif
                          break;
              
                      default:
                          break;
                  }
              }
              
              //--------------------------------------------------
              // Description  : Get Whether Internal Audio Pattern Gen is Enabled
              // Input Value  : None
              // Output Value : _ENABLE or _DISABLE
              //--------------------------------------------------
              bit ScalerAudioGetInternalAudioGenEnable(BYTE ucInputPort)
              {
                  switch(ucInputPort)
                  {
                      case _D0_INPUT_PORT:
              
              #if((_D6_INPUT_PORT_TYPE != _D6_NO_PORT) && (_D6_INPUT_PORT_SWITCH_FROM == _SWITCH_FROM_D0))
                      case _D6_INPUT_PORT:
              #endif
              #if(_D0_DP_EXIST == _ON)
                          return ScalerAudioDpGetInternalAudioGenEnable();
C51 COMPILER V9.60.0.0   RL6432_SERIES_AUDIO                                               09/20/2026 19:44:03 PAGE 68  

              #endif
              
                      case _D1_INPUT_PORT:
              
              #if(_D1_DP_EXIST == _ON)
                          return ScalerAudioDpGetInternalAudioGenEnable();
              #elif(_D1_HDMI_SUPPORT == _ON)
                          return ScalerAudioD2GetInternalAudioGenEnable();
              #endif
              
                      case _D2_INPUT_PORT:
              
              #if(_D2_HDMI_SUPPORT == _ON)
                          return ScalerAudioD2GetInternalAudioGenEnable();
              #endif
              
                      case _D3_INPUT_PORT:
              
              #if(_D3_HDMI_SUPPORT == _ON)
                          return ScalerAudioD3GetInternalAudioGenEnable();
              #endif
              
                      default:
                          break;
                  }
              
                  return _DISABLE;
              }
              
              //--------------------------------------------------
              // Description  : Reset Audio Module when Internal Audio Pattern Gen is Finished
              // Input Value  : ucInputPort
              // Output Value : None
              //--------------------------------------------------
              void ScalerAudioInternalAudioGenReset(BYTE ucInputPort)
              {
                  switch(ucInputPort)
                  {
                      case _D0_INPUT_PORT:
              
              #if((_D6_INPUT_PORT_TYPE != _D6_NO_PORT) && (_D6_INPUT_PORT_SWITCH_FROM == _SWITCH_FROM_D0))
                      case _D6_INPUT_PORT:
              #endif
              
              #if(_D0_DP_EXIST == _ON)
              #if(_D2_HDMI_SUPPORT == _OFF)
                          // Power Down D2 DPLL
                          ScalerSetDataPortBit(P71_C9_HDMI_AP, _P71_CA_PT_38_PORT_PAGE71_HDMI_DPCR0, ~_BIT7, _BIT7);
              #endif
              #endif
                          break;
              
                      case _D1_INPUT_PORT:
              
              #if(_D1_DP_EXIST == _ON)
              #if(_D2_HDMI_SUPPORT == _OFF)
                          // Power Down D2 DPLL
                          ScalerSetDataPortBit(P71_C9_HDMI_AP, _P71_CA_PT_38_PORT_PAGE71_HDMI_DPCR0, ~_BIT7, _BIT7);
              #endif
              #endif
                          break;
              
C51 COMPILER V9.60.0.0   RL6432_SERIES_AUDIO                                               09/20/2026 19:44:03 PAGE 69  

                      case _D2_INPUT_PORT:
                      case _D3_INPUT_PORT:
                      case _D4_INPUT_PORT:
                      case _D5_INPUT_PORT:
                      default:
                          break;
                  }
              }
              
              //--------------------------------------------------
              // Description  : Set Internal Audio Gen Input Port
              // Input Value  : ucInputPort
              // Output Value : None
              //--------------------------------------------------
              void ScalerAudioSetInternalGenInputPort(BYTE ucInputPort)
              {
                  SET_AUDIO_INTERNAL_GEN_INPUT_PORT(ucInputPort);
              }
              
              //--------------------------------------------------
              // Description  : Get Internal Audio Gen Input Port
              // Input Value  : None
              // Output Value : ucInputPort
              //--------------------------------------------------
              BYTE ScalerAudioGetInternalGenInputPort(void)
              {
                  return GET_AUDIO_INTERNAL_GEN_INPUT_PORT();
              }
              
              #if((_D0_DP_EXIST == _ON) || (_D1_DP_EXIST == _ON))
              //--------------------------------------------------
              // Description  : D2 Auido Speaker Testing Process
              // Input Value  : Enable or Disable
              // Output Value : None
              //--------------------------------------------------
              void ScalerAudioDpInternalAudioGenSwitch(bit bOn, EnumAudioLeftRightChannelSelect enumAudioLeftRightChanne
             -lSelect)
              {
                  enumAudioLeftRightChannelSelect = enumAudioLeftRightChannelSelect;
              
                  if(bOn == _ON)
                  {
                      DebugMessageAudio("Dp Audio Test On", ScalerGetDataPortBit(P71_C9_HDMI_AP, _P71_CA_PT_03_PORT_PAGE
             -71_HDMI_AFCR, _BIT4));
              
              #if(_D2_HDMI_SUPPORT == _OFF)
                      // Initial D2 HDMI Audio
                      ScalerAudioD2HDMIAudioInitial();
              #endif
              
                      // Disable audio FIFO and Enable audio internal generator
                      ScalerSetDataPortBit(P71_C9_HDMI_AP, _P71_CA_PT_03_PORT_PAGE71_HDMI_AFCR, ~(_BIT6 | _BIT4 | _BIT3 
             -| _BIT2 | _BIT1 | _BIT0), _BIT4);
              
                      // Disbale DPLL Freq. Tuning
                      ScalerSetDataPortBit(P71_C9_HDMI_AP, _P71_CA_PT_3A_PORT_PAGE71_HDMI_DPCR2, ~_BIT1, 0x00);
              
                      // Enable Audio output
                      ScalerSetDataPortBit(P71_C9_HDMI_AP, _P71_CA_PT_30_PORT_PAGE71_HDMI_AVMCR, ~(_BIT6 | _BIT5), (_BIT
             -6 | _BIT5));
              
                      // Set S code
C51 COMPILER V9.60.0.0   RL6432_SERIES_AUDIO                                               09/20/2026 19:44:03 PAGE 70  

                      ScalerSetDataPortByte(P71_C9_HDMI_AP, _P71_CA_PT_12_PORT_PAGE71_HDMI_SCAPR, GET_AUDIO_GEN_FREQ_S_C
             -ODE());
              
                      // Set D code
                      ScalerSetDataPortByte(P71_C9_HDMI_AP, _P71_CA_PT_13_PORT_PAGE71_HDMI_DCAPR0, HIBYTE(GET_AUDIO_GEN_
             -FREQ_D_CODE()));
                      ScalerSetDataPortByte(P71_C9_HDMI_AP, _P71_CA_PT_14_PORT_PAGE71_HDMI_DCAPR1, LOBYTE(GET_AUDIO_GEN_
             -FREQ_D_CODE()));
              
                      // Disable sample freq. detection and auto load S code / D code
                      ScalerSetDataPortBit(P71_C9_HDMI_AP, _P71_CA_PT_8A_PORT_PAGE71_AUDIO_FREQDET, ~(_BIT7 | _BIT6), 0x
             -00);
              
                      // Enable double buffer
                      ScalerSetDataPortBit(P71_C9_HDMI_AP, _P71_CA_PT_10_PORT_PAGE71_HDMI_CMCR, ~_BIT4, _BIT4);
              
                      if(enumAudioLeftRightChannelSelect == _AUDIO_LEFT_CHANNEL)
                      {
                          // HDMI MAC DVC Mute Off Left channel
                          ScalerSetDataPortBit(P71_C9_HDMI_AP, _P71_CA_PT_07_PORT_PAGE71_HDMI_MAG_M_FINAL, ~(_BIT1 | _BI
             -T0), (_BIT1));
                      }
                      else if(enumAudioLeftRightChannelSelect == _AUDIO_RIGHT_CHANNEL)
                      {
                          // HDMI MAC DVC Mute Off Right channel
                          ScalerSetDataPortBit(P71_C9_HDMI_AP, _P71_CA_PT_07_PORT_PAGE71_HDMI_MAG_M_FINAL, ~(_BIT1 | _BI
             -T0), (_BIT0));
                      }
                      else
                      {
                          // HDMI MAC DVC Mute Off
                          ScalerSetDataPortBit(P71_C9_HDMI_AP, _P71_CA_PT_07_PORT_PAGE71_HDMI_MAG_M_FINAL, ~(_BIT1 | _BI
             -T0), (_BIT1 | _BIT0));
                      }
              
                      ScalerSetDataPortByte(P71_C9_HDMI_AP, _P71_CA_PT_08_PORT_PAGE71_HDMI_MAG_L_FINAL, 0x00);
                      ScalerSetDataPortByte(P71_C9_HDMI_AP, _P71_CA_PT_09_PORT_PAGE71_HDMI_MAG_R_FINAL, 0x00);
                  }
                  else
                  {
                      DebugMessageAudio("Dp Aduio Test Off", ScalerGetDataPortBit(P71_C9_HDMI_AP, _P71_CA_PT_03_PORT_PAG
             -E71_HDMI_AFCR, _BIT4));
              
                      // HDMI MAC DVC Mute On
                      ScalerSetDataPortBit(P71_C9_HDMI_AP, _P71_CA_PT_07_PORT_PAGE71_HDMI_MAG_M_FINAL, ~(_BIT1 | _BIT0),
             - 0x00);
                      ScalerSetDataPortByte(P71_C9_HDMI_AP, _P71_CA_PT_08_PORT_PAGE71_HDMI_MAG_L_FINAL, 0x00);
                      ScalerSetDataPortByte(P71_C9_HDMI_AP, _P71_CA_PT_09_PORT_PAGE71_HDMI_MAG_R_FINAL, 0x00);
              
              #if(_D2_HDMI_SUPPORT == _OFF)
                      // Disable audio internal generator
                      ScalerSetDataPortBit(P71_C9_HDMI_AP, _P71_CA_PT_03_PORT_PAGE71_HDMI_AFCR, ~_BIT4, 0x00);
              #else
                      // Enable sample freq. detection and auto load S code
                      ScalerSetDataPortBit(P71_C9_HDMI_AP, _P71_CA_PT_8A_PORT_PAGE71_AUDIO_FREQDET, ~(_BIT7 | _BIT6), (_
             -BIT7 | _BIT6));
              
                      // Enable double buffer
                      ScalerSetDataPortBit(P71_C9_HDMI_AP, _P71_CA_PT_10_PORT_PAGE71_HDMI_CMCR, ~_BIT4, _BIT4);
              
                      // Enable DPLL Freq. Tuning
                      ScalerSetDataPortBit(P71_C9_HDMI_AP, _P71_CA_PT_3A_PORT_PAGE71_HDMI_DPCR2, ~_BIT1, _BIT1);
C51 COMPILER V9.60.0.0   RL6432_SERIES_AUDIO                                               09/20/2026 19:44:03 PAGE 71  

              
                      // Enable audio FIFO and Disable audio internal generator
                      ScalerSetDataPortBit(P71_C9_HDMI_AP, _P71_CA_PT_03_PORT_PAGE71_HDMI_AFCR, ~(_BIT6 | _BIT4 | _BIT3 
             -| _BIT2 | _BIT1 | _BIT0), (_BIT6 | _BIT2 | _BIT1));
              #endif
                  }
              }
              
              //--------------------------------------------------
              // Description  : Get Whether Internal Audio Pattern Gen is Enabled
              // Input Value  : None
              // Output Value : _ENABLE or _DISABLE
              //--------------------------------------------------
              bit ScalerAudioDpGetInternalAudioGenEnable(void)
              {
                  if(ScalerGetDataPortBit(P71_C9_HDMI_AP, _P71_CA_PT_03_PORT_PAGE71_HDMI_AFCR, _BIT4) == _BIT4)
                  {
                      return _ENABLE;
                  }
                  else
                  {
                      return _DISABLE;
                  }
              }
              #endif // End of #if((_D0_DP_EXIST == _ON) || (_D1_DP_EXIST == _ON) || (_D1_HDMI_SUPPORT == _ON))
              #endif // End of #if(_INTERNAL_AUDIO_TEST_SUPPORT == _ON)
4204          
4205          #if(_DP_TX_SUPPORT == _ON)
              //--------------------------------------------------
              // Description  : Get Audio Channel Status of Rx Port
              // Input Value  : None
              // Output Value : Channel Status
              //--------------------------------------------------
              StructAudioChannelInfo ScalerAudioGetRxChannelStatus(void)
              {
                  StructAudioChannelInfo stAudioStatus = {0x00, 0x00, 0x00, 0x00, 0x00};
                  BYTE ucTemp = 0;
              
                  ucTemp = ucTemp;
              
                  switch(ScalerAudioGetDigitalAudioPort(_AUDIO_DPTX_OUT))
                  {
                      case _AUDIO_FROM_D0_PORT:
              
              #if(_D0_DP_EXIST == _ON)
                          // Get Channel_Status[7:0]
                          stAudioStatus.ucChannelStaus0 = ScalerGetByte(PB6_2A_DP_AUD_CH_STATUS4);
              
                          // Get Channel_Status[15:8]
                          stAudioStatus.ucChannelStaus1 = ScalerGetByte(PB6_29_DP_AUD_CH_STATUS3);
              
                          // Get Channel_Status[23:16]
                          stAudioStatus.ucChannelStaus2 = ScalerGetByte(PB6_28_DP_AUD_CH_STATUS2);
              
                          // Get Channel_Status[31:24]
                          stAudioStatus.ucChannelStaus3 = ScalerGetByte(PB6_27_DP_AUD_CH_STATUS1);
              
                          // Get Channel_Status[39:32]
                          stAudioStatus.ucChannelStaus4 = ScalerGetByte(PB6_26_DP_AUD_CH_STATUS0);
              #endif
                          break;
              
C51 COMPILER V9.60.0.0   RL6432_SERIES_AUDIO                                               09/20/2026 19:44:03 PAGE 72  

                      case _AUDIO_FROM_D1_PORT:
              
              #if(_D1_DP_EXIST == _ON)
                          // Load Ch1 Channel_Status
                          ucTemp = ScalerGetDataPortSingleByte(P71_C9_HDMI_AP, _P71_CA_PT_51_PORT_PAGE71_HDMI_ACRCR);
                          ScalerSetDataPortByte(P71_C9_HDMI_AP, _P71_CA_PT_51_PORT_PAGE71_HDMI_ACRCR, ((ucTemp & 0xFC) |
             - 0x01));
              
                          // Get Channel_Status[7:0]
                          stAudioStatus.ucChannelStaus0 = ScalerGetDataPortSingleByte(P71_C9_HDMI_AP, _P71_CA_PT_57_PORT
             -_PAGE71_HDMI_ACS0);
              
                          // Get Channel_Status[15:8]
                          stAudioStatus.ucChannelStaus1 = ScalerGetDataPortSingleByte(P71_C9_HDMI_AP, _P71_CA_PT_58_PORT
             -_PAGE71_HDMI_ACS1);
              
                          // Get Channel_Status[23:16]
                          stAudioStatus.ucChannelStaus2 = ScalerGetDataPortSingleByte(P71_C9_HDMI_AP, _P71_CA_PT_59_PORT
             -_PAGE71_HDMI_ACS2);
              
                          // Get Channel_Status[31:24]
                          stAudioStatus.ucChannelStaus3 = ScalerGetDataPortSingleByte(P71_C9_HDMI_AP, _P71_CA_PT_5A_PORT
             -_PAGE71_HDMI_ACS3);
              
                          // Get Channel_Status[39:32]
                          stAudioStatus.ucChannelStaus4 = ScalerGetDataPortSingleByte(P71_C9_HDMI_AP, _P71_CA_PT_5B_PORT
             -_PAGE71_HDMI_ACS4);
              
              #elif(_D1_HDMI_SUPPORT == _ON)
                          // Get Channel_Status[7:0]
                          stAudioStatus.ucChannelStaus0 = ScalerGetByte(PB9_2A_DP_AUD_CH_STATUS4);
              
                          // Get Channel_Status[15:8]
                          stAudioStatus.ucChannelStaus1 = ScalerGetByte(PB9_29_DP_AUD_CH_STATUS3);
              
                          // Get Channel_Status[23:16]
                          stAudioStatus.ucChannelStaus2 = ScalerGetByte(PB9_28_DP_AUD_CH_STATUS2);
              
                          // Get Channel_Status[31:24]
                          stAudioStatus.ucChannelStaus3 = ScalerGetByte(PB9_27_DP_AUD_CH_STATUS1);
              
                          // Get Channel_Status[39:32]
                          stAudioStatus.ucChannelStaus4 = ScalerGetByte(PB9_26_DP_AUD_CH_STATUS0);
              #endif
                          break;
              
                      case _AUDIO_FROM_D2_PORT:
              
              #if(_D2_HDMI_SUPPORT == _ON)
                          // Load Ch1 Channel_Status
                          ucTemp = ScalerGetDataPortSingleByte(P71_C9_HDMI_AP, _P71_CA_PT_51_PORT_PAGE71_HDMI_ACRCR);
                          ScalerSetDataPortByte(P71_C9_HDMI_AP, _P71_CA_PT_51_PORT_PAGE71_HDMI_ACRCR, ((ucTemp & 0xFC) |
             - 0x01));
              
                          // Get Channel_Status[7:0]
                          stAudioStatus.ucChannelStaus0 = ScalerGetDataPortSingleByte(P71_C9_HDMI_AP, _P71_CA_PT_57_PORT
             -_PAGE71_HDMI_ACS0);
              
                          // Get Channel_Status[15:8]
                          stAudioStatus.ucChannelStaus1 = ScalerGetDataPortSingleByte(P71_C9_HDMI_AP, _P71_CA_PT_58_PORT
             -_PAGE71_HDMI_ACS1);
              
C51 COMPILER V9.60.0.0   RL6432_SERIES_AUDIO                                               09/20/2026 19:44:03 PAGE 73  

                          // Get Channel_Status[23:16]
                          stAudioStatus.ucChannelStaus2 = ScalerGetDataPortSingleByte(P71_C9_HDMI_AP, _P71_CA_PT_59_PORT
             -_PAGE71_HDMI_ACS2);
              
                          // Get Channel_Status[31:24]
                          stAudioStatus.ucChannelStaus3 = ScalerGetDataPortSingleByte(P71_C9_HDMI_AP, _P71_CA_PT_5A_PORT
             -_PAGE71_HDMI_ACS3);
              
                          // Get Channel_Status[39:32]
                          stAudioStatus.ucChannelStaus4 = ScalerGetDataPortSingleByte(P71_C9_HDMI_AP, _P71_CA_PT_5B_PORT
             -_PAGE71_HDMI_ACS4);
              #endif
                          break;
              
                      case _AUDIO_FROM_D3_PORT:
              
              #if(_D3_HDMI_SUPPORT == _ON)
                          // Load Ch1 Channel_Status
                          ucTemp = ScalerGetDataPortSingleByte(P72_C9_HDMI_AP, _P72_CA_PT_51_PORT_PAGE72_HDMI_ACRCR);
                          ScalerSetDataPortByte(P72_C9_HDMI_AP, _P72_CA_PT_51_PORT_PAGE72_HDMI_ACRCR, ((ucTemp & 0xFC) |
             - 0x01));
              
                          // Get Channel_Status[7:0]
                          stAudioStatus.ucChannelStaus0 = ScalerGetDataPortSingleByte(P72_C9_HDMI_AP, _P72_CA_PT_57_PORT
             -_PAGE72_HDMI_ACS0);
              
                          // Get Channel_Status[15:8]
                          stAudioStatus.ucChannelStaus1 = ScalerGetDataPortSingleByte(P72_C9_HDMI_AP, _P72_CA_PT_58_PORT
             -_PAGE72_HDMI_ACS1);
              
                          // Get Channel_Status[23:16]
                          stAudioStatus.ucChannelStaus2 = ScalerGetDataPortSingleByte(P72_C9_HDMI_AP, _P72_CA_PT_59_PORT
             -_PAGE72_HDMI_ACS2);
              
                          // Get Channel_Status[31:24]
                          stAudioStatus.ucChannelStaus3 = ScalerGetDataPortSingleByte(P72_C9_HDMI_AP, _P72_CA_PT_5A_PORT
             -_PAGE72_HDMI_ACS3);
              
                          // Get Channel_Status[39:32]
                          stAudioStatus.ucChannelStaus4 = ScalerGetDataPortSingleByte(P72_C9_HDMI_AP, _P72_CA_PT_5B_PORT
             -_PAGE72_HDMI_ACS4);
              #endif
                          break;
              
                      case _AUDIO_FROM_ADC_PORT:
              
              #if(_LINE_IN_SUPPORT == _ON)
                          // Mode 0 channel status format for consumer use(IEC 60958)
              
                          // [0] = 0, Consumer use;
                          // [1] = 0, LPCM Audio;
                          // [2] = 1, No Copyright;
                          // [5:3] = 3'b000, 2-ch audio without pre-emphasis;
                          // [7:6] = 2'b00, Mode 0.
                          stAudioStatus.ucChannelStaus0 = 0x04;
              
                          // [15:8] = 8'b10000000, Category code is not defined.
                          stAudioStatus.ucChannelStaus1 = 0x80;
              
                          // [19:16] = 4'b0000, Source number do not take into account;
                          // [23:20] Set Dummy and Reference by AudioChannelNumStaus1 ~ 8.
                          stAudioStatus.ucChannelStaus2 = 0x00;
C51 COMPILER V9.60.0.0   RL6432_SERIES_AUDIO                                               09/20/2026 19:44:03 PAGE 74  

              
                          // [27:24] = 4'b0010, 48kHz;
                          // [29:28] = 2'b00, Clock accuracy Level II.
                          stAudioStatus.ucChannelStaus3 = 0x02;
              
                          // [32] = 1, 24-bits Sample;
                          // [35:33] = 3'b101;
                          // [39:36] = 4'b0000, Original sampling frequency not indicated.
                          stAudioStatus.ucChannelStaus4 = 0x0B;
              #endif
                          break;
              
                      default:
                          break;
                  }
              
                  return stAudioStatus;
              }
              #endif // End of #if(_DP_TX_SUPPORT == _ON)
4365          #endif // End of #if(_AUDIO_SUPPORT == _ON)


MODULE INFORMATION:   STATIC OVERLAYABLE
   CODE SIZE        =   1970    ----
   CONSTANT SIZE    =   ----    ----
   XDATA SIZE       =     11      15
   PDATA SIZE       =   ----    ----
   DATA SIZE        =   ----    ----
   IDATA SIZE       =   ----    ----
   BIT SIZE         =   ----       7
END OF MODULE INFORMATION.


C51 COMPILATION COMPLETE.  0 WARNING(S),  0 ERROR(S)
