C51 COMPILER V9.60.0.0   RL6432_SERIES_TMDSRX3                                             09/18/2026 20:39:33 PAGE 1   


C51 COMPILER V9.60.0.0, COMPILATION OF MODULE RL6432_SERIES_TMDSRX3
OBJECT MODULE PLACED IN .\Output\RL6432_Project\RL6432_Series_TMDSRx3.obj
COMPILER INVOKED BY: C:\Keil_v5\C51\BIN\C51.EXE Kernel\Scaler\RL6432_Series_Scaler\Code\RL6432_Series_TMDSRx3.c LARGE OP
                    -TIMIZE(9,SPEED) INCDIR(.\Output\RL6432;.\Project\Header;.\Pcb;.\Panel;.\Kernel\Device\Header;.\Kernel\Common;.\Kernel\Sy
                    -stem\Header;.\Kernel\Scaler\ScalerFunction\Header;.\Kernel\Scaler\ScalerCommonFunction\Header;.\Kernel\Scaler\ScalerFunc
                    -tion\Lib\Header;.\Kernel\Scaler\ScalerCommonFunction\Lib\Header;.\Kernel\Scaler\RL6432_Series_Scaler\Header;.\Kernel\Sca
                    -ler\RL6432_Series_Common\Header;.\Kernel\Scaler\RL6432_Series_Scaler\Lib\Header;.\Kernel\Scaler\RL6432_Series_Common\Lib
                    -\Header;.\Kernel\User Common Function\Header;.\User\RTD Series\RTD2014Function\Header;.\User\RTD Series\RTD2014Osd\Heade
                    -r;.\User\RTD Factory\Header;.\User\None Series\NoneFunction\Header;.\User\None Series\NoneOsd\Header;.\User\None Factory
                    -\Header) DEFINE(_PROJECT=_RL6432_PROJECT,_SCALER_TYPE=_RL6432_SERIES) DEBUG OBJECTEXTEND PRINT(.\Output\RL6432_Project\R
                    -L6432_Series_TMDSRx3.lst) TABS(2) OBJECT(.\Output\RL6432_Project\RL6432_Series_TMDSRx3.obj)

line level    source

   1          /********************************************************************************/
   2          /*   Copyright (c) 2021 Realtek Semiconductor Corp. All rights reserved.        */
   3          /*                                                                              */
   4          /*   SPDX-License-Identifier: LicenseRef-Realtek-Proprietary                    */
   5          /*                                                                              */
   6          /*   This software component is confidential and proprietary to Realtek         */
   7          /*   Semiconductor Corp. Disclosure, reproduction, redistribution, in whole     */
   8          /*   or in part, of this work and its derivatives without express permission    */
   9          /*   is prohibited.                                                             */
  10          /********************************************************************************/
  11          
  12          //----------------------------------------------------------------------------------------------------
  13          // ID Code      : RL6432_Series_TMDSRx3.c No.0000
  14          // Update Note  :
  15          //----------------------------------------------------------------------------------------------------
  16          
  17          #define __RL6432_SERIES_TMDSRX3__
  18          
  19          #include "ScalerFunctionInclude.h"
  20          
  21          #if(_D3_TMDS_SUPPORT == _ON)
  22          
  23          //****************************************************************************
  24          // DEFINITIONS / MACROS
  25          //****************************************************************************
  26          //--------------------------------------------------
  27          // Definitions of Measure Clk Source
  28          //--------------------------------------------------
  29          #define _CLK_SOURCE_RED                         0
  30          #define _CLK_SOURCE_BLUE                        1
  31          #define _CLK_SOURCE_GREEN                       2
  32          #define _CLK_SOURCE_TMDS                        3
  33          
  34          //****************************************************************************
  35          // STRUCT / TYPE / ENUM DEFINITTIONS
  36          //****************************************************************************
  37          
  38          
  39          //****************************************************************************
  40          // CODE TABLES
  41          //****************************************************************************
  42          
  43          
  44          //****************************************************************************
  45          // VARIABLE DECLARATIONS
  46          //****************************************************************************
  47          StructTMDSCtrlInfo g_stTMDSRx3CtrlInfo;
C51 COMPILER V9.60.0.0   RL6432_SERIES_TMDSRX3                                             09/18/2026 20:39:33 PAGE 2   

  48          WORD g_usTMDSRx3ClkCount;
  49          
  50          #if(_HDMI_HDCP14_BCH_ERROR_CHECK == _ON)
              volatile EnumHdmiHdcp14BchChkState g_enumTMDSRx3Hdcp14BchChkState;
              #endif
  53          
  54          BYTE g_pucTMDSRx3LEMax[3];
  55          BYTE g_pucTMDSRx3LEMin[3];
  56          BYTE g_pucTMDSRx3Tap0Min[3];
  57          BYTE g_pucTMDSRx3Tap1Max[3];
  58          BYTE g_ucTMDSRx3Z0Status;
  59          BYTE g_ucTMDSRx3SlaveAddr;
  60          
  61          #if(_D3_INPUT_PORT_TYPE == _D3_MHL_PORT)
              BYTE g_ucTMDSRx3ClkMode = _TMDS_24BIT_PHY_SETTING;
              #endif
  64          
  65          #if((_TMDS_HDCP_2_2_SUPPORT == _ON) && ((_D3_INPUT_PORT_TYPE == _D3_HDMI_PORT) || (_D3_INPUT_PORT_TYPE == 
             -_D3_MHL_PORT)))
  66          BYTE g_pucTmdsRx3Caps[3];
  67          #endif
  68          
  69          //****************************************************************************
  70          // FUNCTION DECLARATIONS
  71          //****************************************************************************
  72          void ScalerTMDSRx3Initial(void);
  73          void ScalerTMDSRx3InterruptInitial(void);
  74          void ScalerTMDSRx3SetDFEInitial_EXINT0(void);
  75          #if(_D3_INPUT_PORT_TYPE != _D3_DUAL_DVI_PORT)
  76          void ScalerTMDSRx3FLDBandFineTune_EXINT0(void);
  77          #endif
  78          void ScalerTMDSRx3SetPhy_EXINT0(void);
  79          void ScalerTMDSRx3IntHandler_EXINT0(void);
  80          bit ScalerTMDSRx3CheckCDRStable(WORD usClkCount);
  81          BYTE ScalerTMDSRx3CheckCDRStable_EXINT0(WORD usClkCount);
  82          WORD ScalerTMDSRx3MeasureClk(BYTE ucMeasureClk);
  83          WORD ScalerTMDSRx3MeasureClk_EXINT0(BYTE ucMeasureClk);
  84          void ScalerTMDSRx3SetPorchColor(EnumColorSpace enumColorFormat);
  85          
  86          #if(_D3_HDMI_SUPPORT == _ON)
  87          
  88          #if(_D3_INPUT_PORT_TYPE != _D3_DUAL_DVI_PORT)
  89          bit ScalerTMDSRx3HdmiSetDeepColorPll(WORD usTMDSClkCount, BYTE ucColorDepth);
  90          #endif // End of #if(_D3_INPUT_PORT_TYPE != _D3_DUAL_DVI_PORT)
  91          
  92          void ScalerTMDSRx3HdmiPacketDetect(bit bWait);
  93          void ScalerTMDSRx3HdmiAVMuteProc(void);
  94          void ScalerTMDSRx3HdmiWatchDog(BYTE ucWDType, bit bEnable);
  95          #endif
  96          
  97          void ScalerTMDSRx3PowerSavingProc(void);
  98          void ScalerTMDSRx3FreqDetectDisable(void);
  99          
 100          #if(_D3_INPUT_PORT_TYPE != _D3_DUAL_DVI_PORT)
 101          
 102          #if(_D3_INPUT_PORT_TYPE != _D3_NO_PORT)
 103          BYTE ScalerTMDSRx3TMDSScanInputPort(BYTE ucInputType);
 104          #endif // End of #if(_D3_INPUT_PORT_TYPE != _D3_NO_PORT)
 105          
 106          BYTE ScalerTMDSRx3FormatDetect(void);
 107          bit ScalerTMDSRx3HdcpEnabled(void);
 108          #endif // End of #if(_D3_INPUT_PORT_TYPE != _D3_DUAL_DVI_PORT)
C51 COMPILER V9.60.0.0   RL6432_SERIES_TMDSRX3                                             09/18/2026 20:39:33 PAGE 3   

 109          bit ScalerTMDSRx3CheckDataDFE(void);
 110          
 111          bit ScalerTMDSRx3TMDSStableDetect(BYTE ucSourceType);
 112          void ScalerTMDSRx3HotPlugEvent(void);
 113          void ScalerTMDSRx3SwitchHdcpSlaveAddr(void);
 114          void ScalerTMDSRx3BeforeHotPlugEventProc(bit bDisableZ0);
 115          void ScalerTMDSRx3AfterHotPlugEventProc(bit bRestoreZ0);
 116          void ScalerTMDSRx3Hdcp1p4AksvClear(void);
 117          
 118          #if(_HDMI_HDCP14_BCH_ERROR_CHECK == _ON)
              bit ScalerTMDSRx3StableDetectHdcp14BchErrorCheck(EnumHdmiHdcp14BchChkState enumBchChkState);
              void ScalerTMDSRx3Hdcp14BchErrorCheckEvent(void);
              void ScalerTMDSRx3FirstActiveProcHdcp14BchErrorCheck(void);
              bit ScalerTMDSRx3GetFirstActiveHdcp14BchErrorCheck(void);
              void ScalerTMDSRx3Hdcp14BchErrorCheckReset(void);
              #if(_TMDS_HDCP_2_2_SUPPORT == _ON)
              #if((_D3_INPUT_PORT_TYPE == _D3_HDMI_PORT) || (_D3_INPUT_PORT_TYPE == _D3_MHL_PORT))
              void ScalerTMDSRx3Hdcp14BchErrorCheckReset_EXINT0(void);
              #endif
              #endif
              #endif
 130          
 131          //****************************************************************************
 132          // FUNCTION DEFINITIONS
 133          //****************************************************************************
 134          //--------------------------------------------------
 135          // Description  : Initialize TMDS setting for search
 136          // Input Value  : Current Search Port
 137          // Output Value : None
 138          //--------------------------------------------------
 139          void ScalerTMDSRx3Initial(void)
 140          {
 141   1          // Disable TMDS output
 142   1          ScalerSetBit(P72_A6_TMDS_OUTCTL, ~(_BIT7 | _BIT6 | _BIT5 | _BIT4 | _BIT3), 0x00);
 143   1      
 144   1          // Set HS Width(DE only) and HDCP Reference VS
 145   1          ScalerSetBit(P72_AB_TMDS_ACC2, ~(_BIT7 | _BIT6), 0x00);
 146   1      
 147   1          // Set TMDS Hsync/Vsync Polarity as Input Raw Polarity
 148   1          ScalerSetBit(P72_AF_TMDS_WDC, ~(_BIT3 | _BIT2), 0x00);
 149   1      
 150   1          // Disable C9/CA Port Auto-Inc
 151   1          ScalerSetBit(P72_C8_HDMI_APC, ~_BIT0, 0x00);
 152   1      
 153   1      #if(_D3_HDMI_SUPPORT == _ON)
 154   1      
 155   1          ScalerTMDSRx3HdmiWatchDog((_HDMI_AVI_INFO_VARIATION_WD | _HDMI_AV_MUTE_WD), _DISABLE);
 156   1      
 157   1          // Deep Color Mode clock and detection auto
 158   1          ScalerSetBit(P72_B8_TMDS_DPC1, ~(_BIT3 | _BIT2), _BIT2);
 159   1      
 160   1          // Enable BCH Detection
 161   1          ScalerSetDataPortBit(P72_C9_HDMI_AP, _P72_CA_PT_02_PORT_PAGE72_HDMI_BCHCR, ~(_BIT6 | _BIT3 | _BIT2 | _
             -BIT1), (_BIT6 | _BIT3 | _BIT2 | _BIT1));
 162   1      
 163   1          // DVI mode don't disable Audio Clk
 164   1          ScalerSetDataPortBit(P72_C9_HDMI_AP, _P72_CA_PT_00_PORT_PAGE72_HDMI_SCR, ~(_BIT7 | _BIT6 | _BIT5), _BI
             -T5);
 165   1      
 166   1          // Set Video Watch Dog New Mode
 167   1          ScalerSetDataPortBit(P72_C9_HDMI_AP, _P72_CA_PT_32_PORT_PAGE72_HDMI_WDCR1, ~_BIT5, _BIT5);
 168   1      
C51 COMPILER V9.60.0.0   RL6432_SERIES_TMDSRX3                                             09/18/2026 20:39:33 PAGE 4   

 169   1          // Specify Packet Detect Type
 170   1          ScalerSetDataPortByte(P72_C9_HDMI_AP, _P72_CA_PT_43_PORT_PAGE72_HDMI_PTRSV0, _HDMI_AVI_INFO_TYPE);
 171   1          ScalerSetDataPortByte(P72_C9_HDMI_AP, _P72_CA_PT_44_PORT_PAGE72_HDMI_PTRSV1, _HDMI_GENERAL_CONTROL_TYP
             -E);
 172   1      
 173   1      #if(_HDMI_IDENTIFY_GAME_SRC_SUPPORT == _ON)
                  memset(&g_stTmdsMacRx3SpdInfo, 0x00, sizeof(g_stTmdsMacRx3SpdInfo));
              #endif
 176   1      
 177   1      #if((_HDMI_FREESYNC_SUPPORT == _ON) || (_HDMI_FREESYNC_II_SUPPORT == _ON) || (_HDMI_IDENTIFY_GAME_SRC_SUPP
             -ORT == _ON))
 178   1          ScalerSetDataPortByte(P72_C9_HDMI_AP, _P72_CA_PT_A4_PORT_PAGE72_HDMI_PTRSV_2, _SPD_INFO_TYPE);
 179   1      #endif
 180   1      
 181   1      #if(_HDMI_HDR10_SUPPORT == _ON)
 182   1          ScalerSetDataPortByte(P72_C9_HDMI_AP, _P72_CA_PT_A5_PORT_PAGE72_HDMI_PTRSV_3, _HDR_INFO_TYPE);
 183   1      #endif
 184   1      
 185   1          // Packet Variation Detect Disable
 186   1          ScalerSetDataPortByte(P72_C9_HDMI_AP, _P72_CA_PT_45_PORT_PAGE72_HDMI_PVGCR0, 0x00);
 187   1          ScalerSetDataPortByte(P72_C9_HDMI_AP, _P72_CA_PT_46_PORT_PAGE72_HDMI_PVGCR1, 0x00);
 188   1          ScalerSetDataPortBit(P72_C9_HDMI_AP, _P72_CA_PT_47_PORT_PAGE72_HDMI_PVGCR2, ~(_BIT3 | _BIT2 | _BIT1 | 
             -_BIT0), 0x00);
 189   1          ScalerSetDataPortBit(P72_C9_HDMI_AP, _P72_CA_PT_A9_PORT_PAGE72_HDMI_PVSR_4, ~(_BIT7 | _BIT6 | _BIT5), 
             -0x00);
 190   1          ScalerSetDataPortByte(P72_C9_HDMI_AP, _P72_CA_PT_AA_PORT_PAGE72_HDMI_PVGCR3, 0x00);
 191   1          ScalerSetDataPortBit(P72_C9_HDMI_AP, _P72_CA_PT_AB_PORT_PAGE72_HDMI_PVGCR4, ~(_BIT7 | _BIT6 | _BIT5), 
             -0x00);
 192   1      
 193   1      #if(_D3_HDMI_2_0_SUPPORT == _ON)
 194   1      
 195   1          if(ScalerGetBit(P72_E6_HDMI_FREQDET_CTRL, _BIT1) == 0x00)
 196   1          {
 197   2              // Reset SCDC read only register to default value
 198   2              ScalerSetBit(P72_38_HDMI_CTRL_38, ~(_BIT2 | _BIT1), _BIT2);
 199   2      
 200   2              CLR_TMDS_RX3_HIGH_SPEED_MODE();
 201   2          }
 202   1      
 203   1          // Set Scrambling detection SSCP Number = 8, Enable HW Auto Detect Scrambling Control Symbol
 204   1          ScalerSetBit(P72_01_HDMI_CTRL_01, ~(_BIT5 | _BIT3 | _BIT2 | _BIT1 | _BIT0), (_BIT5 | _BIT2 | _BIT1 | _
             -BIT0));
 205   1      
 206   1          // Set SCDC Port not auto increase
 207   1          ScalerSetBit(P72_38_HDMI_CTRL_38, ~(_BIT2 | _BIT1 | _BIT0), 0x00);
 208   1      
 209   1          // Disable Ignore Source Transimit Read Request Enable
 210   1          ScalerSetBit(P72_1C_HDMI_CTRL_1C, ~_BIT2, 0x00);
 211   1      
 212   1          // Set Read Request 1ms reference clock to XTAL
 213   1          ScalerSetBit(P72_1A_HDMI_CTRL_1A, ~_BIT3, 0x00);
 214   1      
 215   1          // Set time interval form bus free to Read Request(4.7us~500us)
 216   1          ScalerSetBit(P72_1B_HDMI_CTRL_1B, ~(_BIT5 | _BIT4 | _BIT3 | _BIT2 | _BIT1 | _BIT0), (_BIT3 | _BIT0));
 217   1      
 218   1          // Enable HDMI 2.0 Function
 219   1          ScalerSetBit(P72_00_HDMI_CTRL_00, ~_BIT0, _BIT0);
 220   1      
 221   1          // Enable HDMI 2.0 SCDC Module
 222   1          ScalerSetBit(P72_19_HDMI_CTRL_19, ~_BIT7, _BIT7);
 223   1      
 224   1      #else
C51 COMPILER V9.60.0.0   RL6432_SERIES_TMDSRX3                                             09/18/2026 20:39:33 PAGE 5   

              
                  // Disable HDMI 2.0 Function
                  ScalerSetBit(P72_00_HDMI_CTRL_00, ~_BIT0, 0x00);
              
                  // Disable HDMI 2.0 SCDC Function
                  ScalerSetBit(P72_19_HDMI_CTRL_19, ~_BIT7, 0x00);
              
              #endif
 233   1      
 234   1      #endif // End of #if(_D3_HDMI_SUPPORT == _ON)
 235   1      
 236   1          // Set HDCP DDC Debounce, TMDS Function
 237   1          ScalerSetBit(P72_AC_TMDS_Z0CC2, ~(_BIT7 | _BIT6 | _BIT5), (_BIT7 | _BIT6 | _BIT5));
 238   1      
 239   1          // Set D3 Port HDCP Address is 0x74
 240   1          ScalerSetDataPortBit(P72_C3_HDCP_AP, _P72_C4_PT_C2_PORT_PAGE72_HDCP_SLAVE_ADD, ~(_BIT6 | _BIT5 | _BIT4
             - | _BIT3 | _BIT2 | _BIT1 | _BIT0), 0x3A);
 241   1      
 242   1          // Set HDCP Feature
 243   1      #if(_D3_HDMI_SUPPORT == _ON)
 244   1      
 245   1      #if(_TMDS_HDCP_FEATURE == _HDCP_FEATURE_1_0)
                  ScalerSetDataPortByte(P72_C3_HDCP_AP, _P72_C4_PT_40_PORT_PAGE72_BCAPS, 0x81);
              #elif(_TMDS_HDCP_FEATURE == _HDCP_FEATURE_1_1)
                  ScalerSetDataPortByte(P72_C3_HDCP_AP, _P72_C4_PT_40_PORT_PAGE72_BCAPS, 0x83);
              #else
 250   1          ScalerSetDataPortByte(P72_C3_HDCP_AP, _P72_C4_PT_40_PORT_PAGE72_BCAPS, 0x81);
 251   1      #endif
 252   1      
 253   1      #else // Else of #if(_D3_HDMI_SUPPORT == _ON)
              
              #if(_TMDS_HDCP_FEATURE == _HDCP_FEATURE_1_0)
                  ScalerSetDataPortByte(P72_C3_HDCP_AP, _P72_C4_PT_40_PORT_PAGE72_BCAPS, 0x01);
              #elif(_TMDS_HDCP_FEATURE == _HDCP_FEATURE_1_1)
                  ScalerSetDataPortByte(P72_C3_HDCP_AP, _P72_C4_PT_40_PORT_PAGE72_BCAPS, 0x03);
              #else
                  ScalerSetDataPortByte(P72_C3_HDCP_AP, _P72_C4_PT_40_PORT_PAGE72_BCAPS, 0x01);
              #endif
              
              #endif // End of #if(_D3_HDMI_SUPPORT == _ON)
 264   1      
 265   1          // Enable New Advance Cipher Mode
 266   1          ScalerSetBit(P72_C0_HDCP_CR, ~_BIT7, _BIT7);
 267   1      
 268   1          // Disable HDMI MAC Global Power Down
 269   1          ScalerSetBit(P72_AD_TMDS_CPS, ~_BIT1, 0x00);
 270   1      
 271   1          // Enable MAC Input
 272   1          ScalerSetBit(P72_A7_TMDS_PWDCTL, ~(_BIT4 | _BIT3 | _BIT2 | _BIT1 | _BIT0), (_BIT3 | _BIT2 | _BIT1 | _B
             -IT0));
 273   1      
 274   1          // Set MAC Signal Swap
 275   1          ScalerSetBit(P72_A7_TMDS_PWDCTL, ~(_BIT6 | _BIT5), ((_D3_TMDS_BR_SWAP << 6) | (_D3_TMDS_PN_SWAP << 5))
             -);
 276   1      
 277   1          // Auto switch to DVI when no signal
 278   1          ScalerSetBit(P72_AD_TMDS_CPS, ~_BIT2, _BIT2);
 279   1      
 280   1          // Detect TMDS Format by Data Island Packet Preamble & Guard Band
 281   1          ScalerSetDataPortBit(P72_C9_HDMI_AP, _P72_CA_PT_00_PORT_PAGE72_HDMI_SCR, ~(_BIT7 | _BIT6 | _BIT4 | _BI
             -T1), _BIT1);
 282   1      
C51 COMPILER V9.60.0.0   RL6432_SERIES_TMDSRX3                                             09/18/2026 20:39:33 PAGE 6   

 283   1          // Enable TMDS MAC Error Correction
 284   1          ScalerSetBit(P72_B7_TMDS_UDC2, ~(_BIT7 | _BIT6 | _BIT5), (_BIT6 | _BIT5));
 285   1      
 286   1      #if(_D3_INPUT_PORT_TYPE == _D3_MHL_PORT)
                  if(GET_D3_TMDS_MODE() == _TMDS_MHL_MODE)
                  {
                      // Enable MHL Mac and Set MHL MAC Signal Swap
                      ScalerSetBit(P77_A0_MHL_CTRL_00, ~(_BIT5 | _BIT0), ((_D3_TMDS_PN_SWAP << 5) | _BIT0));
              
                      // Enable New Algorithm for Packed Pixel Mode
                      ScalerSetBit(P77_A1_MHL_CTRL_01, ~_BIT7, _BIT7);
              
                      // Guard Band reference enable for data remapping
                      ScalerSetBit(P77_B2_MHL_CTRL_12, ~_BIT7, _BIT7);
              
                      // Set 24Bit Mode Threshold
                      ScalerSetByte(P77_AA_MHL_CTRL_0A, 0x00);
                      ScalerSetByte(P77_AB_MHL_CTRL_0B, 0x09);
              
                      // Set PP Mode Threshold
                      ScalerSetByte(P77_AC_MHL_CTRL_0C, 0x00);
                      ScalerSetByte(P77_AD_MHL_CTRL_0D, 0x09);
              
                      // Set Detection Period
                      ScalerSetByte(P77_A8_MHL_CTRL_08, 0x69);
                      ScalerSetByte(P77_A9_MHL_CTRL_09, 0x78);
              
                      // Set Detection by Video Leading and Detection Period by Xtal
                      ScalerSetBit(P77_A7_MHL_CTRL_07, ~(_BIT4 | _BIT3 | _BIT2 | _BIT0), _BIT2);
                  }
                  else
              #endif
 315   1          {
 316   2              // Disable MHL Mac and Revert CDR Data Polarity
 317   2              ScalerSetBit(P77_A0_MHL_CTRL_00, ~(_BIT5 | _BIT0), 0x00);
 318   2      
 319   2              // Guard Band reference disable for data remapping
 320   2              ScalerSetBit(P77_B2_MHL_CTRL_12, ~_BIT7, 0x00);
 321   2          }
 322   1      }
 323          
 324          //--------------------------------------------------
 325          // Description  : Initialize TMDS Interrupt Required Settings
 326          // Input Value  : None
 327          // Output Value : None
 328          //--------------------------------------------------
 329          void ScalerTMDSRx3InterruptInitial(void)
 330          {
 331   1          if(ScalerGetBit(P72_E6_HDMI_FREQDET_CTRL, _BIT1) == 0x00)
 332   1          {
 333   2              CLR_TMDS_RX3_PHY_SET();
 334   2          }
 335   1      
 336   1          // Enable Rx_En for Clk pair Z0
 337   1          ScalerSetBit(P7C_1A_CMU_00, ~_BIT7, _BIT7);
 338   1      
 339   1          // Choose Measure Clk to TMDS Clk
 340   1          ScalerSetBit(P72_E6_HDMI_FREQDET_CTRL, ~(_BIT7 | _BIT5 | _BIT4), 0x00);
 341   1      
 342   1          // Set Freq. Reference Counter = 2000
 343   1          ScalerSetBit(P72_F6_HDMI_FREQDET_BOUND_H, ~(_BIT1 | _BIT0), _BIT0);
 344   1      
C51 COMPILER V9.60.0.0   RL6432_SERIES_TMDSRX3                                             09/18/2026 20:39:33 PAGE 7   

 345   1          // Set Online Measure Input Clock Divider = /2 (No Matter if Input Clock >300Mhz or <=300Mhz)
 346   1          ScalerSetBit(P72_E7_HDMI_FREQDET_OFFSET, ~_BIT6, _BIT6);
 347   1      
 348   1          // Settings for IRQ set PHY
 349   1          // Consider using table to fill all required initial settings
 350   1          // Set pre-set threshold (225MHz * 0.01 / 26.8KHz = 0x54)
 351   1      
 352   1      #if(_D3_INPUT_PORT_TYPE == _D3_MHL_PORT)
                  if(GET_D3_TMDS_MODE() == _TMDS_MHL_MODE)
                  {
                      // Set TMDS Offset = 1/32
                      ScalerSetBit(P72_E7_HDMI_FREQDET_OFFSET, ~(_BIT2 | _BIT1 | _BIT0), _BIT1);
              
                      // Set Upper Bound
                      ScalerSetByte(P72_E8_HDMI_FREQDET_UPPER_M, HIBYTE(_TMDS_MHL_FREQ_NORMAL_UPPER_BOUND));
                      ScalerSetByte(P72_E9_HDMI_FREQDET_UPPER_L, LOBYTE(_TMDS_MHL_FREQ_NORMAL_UPPER_BOUND));
                  }
                  else
              #endif
 364   1          {
 365   2              // Set TMDS Offset = 1/32
 366   2              ScalerSetBit(P72_E7_HDMI_FREQDET_OFFSET, ~(_BIT2 | _BIT1 | _BIT0), _BIT1);
 367   2      
 368   2              // Set Upper Bound
 369   2              ScalerSetByte(P72_E8_HDMI_FREQDET_UPPER_M, HIBYTE(_TMDS_FREQ_NORMAL_HIGH_SPEED_UPPER_BOUND));
 370   2              ScalerSetByte(P72_E9_HDMI_FREQDET_UPPER_L, LOBYTE(_TMDS_FREQ_NORMAL_HIGH_SPEED_UPPER_BOUND));
 371   2          }
 372   1      
 373   1          // Set Lower Bound
 374   1          ScalerSetByte(P72_EA_HDMI_FREQDET_LOWER_M, HIBYTE(_TMDS_FREQ_NORMAL_LOWER_BOUND));
 375   1          ScalerSetByte(P72_EB_HDMI_FREQDET_LOWER_L, LOBYTE(_TMDS_FREQ_NORMAL_LOWER_BOUND));
 376   1      
 377   1          // Set Stable Time (0x3F = about 5ms)
 378   1          ScalerSetByte(P72_EC_HDMI_FREQDET_STABLE, 0x3F);
 379   1      
 380   1          // Disable Freq. Unstable IRQ
 381   1          ScalerSetBit(P72_E6_HDMI_FREQDET_CTRL, ~_BIT1, 0x00);
 382   1      
 383   1          // Enable Freq. Stable IRQ
 384   1          ScalerSetBit(P72_EF_HDMI_ERROR_TH, ~(_BIT7 | _BIT6), (_BIT7 | _BIT6));
 385   1      
 386   1      #if(_D3_HDMI_2_0_SUPPORT == _ON)
 387   1          // Enable SCDC 0x20 Change IRQ
 388   1          ScalerSetBit(P72_26_HDMI_CTRL_26, ~_BIT4, _BIT4);
 389   1      #endif
 390   1      
 391   1          // Clear IRQ Pending Flag
 392   1          ScalerSetDataPortBit(P72_C9_HDMI_AP, _P72_CA_PT_60_PORT_PAGE72_HDMI_INTCR, ~_BIT7, _BIT7);
 393   1      
 394   1          // Internal IRQ Enable (Global)
 395   1          ScalerGlobalIRQControl(_ENABLE);
 396   1      
 397   1          EX0 = 1;
 398   1      
 399   1          // Start Freq. Detection
 400   1          ScalerSetBit(P72_E6_HDMI_FREQDET_CTRL, ~_BIT7, _BIT7);
 401   1      }
 402          
 403          //--------------------------------------------------
 404          // Description  : TMDS DFE Initial Setting (EXINT0 Only)
 405          // Input Value  : None
 406          // Output Value : None
C51 COMPILER V9.60.0.0   RL6432_SERIES_TMDSRX3                                             09/18/2026 20:39:33 PAGE 8   

 407          //--------------------------------------------------
 408          void ScalerTMDSRx3SetDFEInitial_EXINT0(void) using 1
 409          {
 410   1          // [6] Enable Timer Control DFE Loop
 411   1          // [5:4] Reduce Gain to 1/4
 412   1          // [3] Disable Running Length Detection
 413   1          // [2] bypass Blank out Case-3 Symbol
 414   1          ScalerSetBit_EXINT(P7C_A0_L0_DFE_EN_1, ~(_BIT6 | _BIT5 | _BIT4 | _BIT3 | _BIT2), (_BIT6 | _BIT5));
 415   1          ScalerSetBit_EXINT(P7C_B0_L1_DFE_EN_1, ~(_BIT6 | _BIT5 | _BIT4 | _BIT3 | _BIT2), (_BIT6 | _BIT5));
 416   1          ScalerSetBit_EXINT(P7C_C0_L2_DFE_EN_1, ~(_BIT6 | _BIT5 | _BIT4 | _BIT3 | _BIT2), (_BIT6 | _BIT5));
 417   1      
 418   1          if(ScalerGetBit_EXINT(P7C_1B_CMU_01, _BIT0) == _BIT0) // DCDR
 419   1          {
 420   2              if(GET_INPUT_PIXEL_CLK() <= 1000)
 421   2              {
 422   3                  // [7:6] adapt_mode[1:0] = 2'b10 --> Amplitude-based Adaptation with Independent LE Loop
 423   3                  ScalerSetBit_EXINT(P7C_E0_MODE_TIMER, ~(_BIT7 | _BIT6), _BIT7);
 424   3              }
 425   2              else
 426   2              {
 427   3                  // [7:6] adapt_mode[1:0] = 2'b11 --> Amplitude-based Adaptation without Independent LE Loop
 428   3                  ScalerSetBit_EXINT(P7C_E0_MODE_TIMER, ~(_BIT7 | _BIT6), (_BIT7 | _BIT6));
 429   3              }
 430   2          }
 431   1          else  // ACDR
 432   1          {
 433   2              // [7:6] adapt_mode[1:0] = 2'b11 --> Amplitude-based Adaptation without Independent LE Loop
 434   2              ScalerSetBit_EXINT(P7C_E0_MODE_TIMER, ~(_BIT7 | _BIT6), (_BIT7 | _BIT6));
 435   2          }
 436   1      
 437   1          // [5] edge_det_mode = 1 --> Edge Lag Data
 438   1          // [4] transition_only = 1 --> Only Transition Bit is Effective
 439   1          // [3] le_auto_reload = 0 --> Disable Auto-reload LE Coefficient
 440   1          // [2:0] tap1_delay[2:0] = 3'b010 --> Tap1+LE Delay 2us after Tap0
 441   1          ScalerSetBit_EXINT(P7C_E0_MODE_TIMER, ~(_BIT5 | _BIT4 | _BIT3 | _BIT2 | _BIT1 | _BIT0), (_BIT5 | _BIT4
             - | _BIT1));
 442   1      
 443   1          // Set DFE Delay Time
 444   1          // Turn On LE/Tap1~6 Simultaneously
 445   1          ScalerSetByte_EXINT(P7C_E1_TIMER, 0x01);
 446   1      
 447   1          // Tap0_Gain = 1/256, Tap1_Gain = 1/512
 448   1          ScalerSetBit_EXINT(P7C_E2_GAIN_1, ~(_BIT7 | _BIT6 | _BIT5 | _BIT4 | _BIT3 | _BIT2), (_BIT6 | _BIT2));
 449   1      
 450   1          // Tap2_Gain = 1/512; Tap3_Gain = 1/512
 451   1          ScalerSetBit_EXINT(P7C_E3_GAIN_2, ~(_BIT7 | _BIT6 | _BIT5 | _BIT4 | _BIT3 | _BIT2), (_BIT5 | _BIT2));
 452   1      
 453   1          // Tap4_Gain = 1/512; Servo_Gain = 1/256
 454   1          ScalerSetBit_EXINT(P7C_E4_GAIN_3, ~(_BIT7 | _BIT6 | _BIT5 | _BIT4 | _BIT3 | _BIT2), (_BIT5 | _BIT3));
 455   1      
 456   1          // LE_Gain1 = 1/256, LE_Gain2 = 0
 457   1          ScalerSetBit_EXINT(P7C_E5_GAIN_4, ~(_BIT7 | _BIT6 | _BIT5 | _BIT4 | _BIT3 | _BIT2), (_BIT6 | _BIT4 | _
             -BIT3));
 458   1          ScalerSetBit_EXINT(P7C_FA_GAIN_PREC, ~(_BIT3 | _BIT2 | _BIT1 | _BIT0), (_BIT2 | _BIT1));
 459   1      
 460   1          // Tap0 = 0~21
 461   1          // Vth_Threshold = 1
 462   1          ScalerSetByte_EXINT(P7C_E6_LIMIT_1, 0x35);
 463   1      
 464   1          if(ScalerGetBit_EXINT(P7C_1B_CMU_01, _BIT0) == _BIT0) // DCDR
 465   1          {
 466   2              // LE = 0~24
C51 COMPILER V9.60.0.0   RL6432_SERIES_TMDSRX3                                             09/18/2026 20:39:33 PAGE 9   

 467   2              if(GET_INPUT_PIXEL_CLK() <= 1000)
 468   2              {
 469   3                  // Tap1 = 0~31 in Mode2
 470   3                  ScalerSetBit_EXINT(P7C_E7_LIMIT_2, ~(_BIT5 | _BIT4 | _BIT3 | _BIT2 | _BIT1 | _BIT0), (_BIT4 | 
             -_BIT3 | _BIT2 | _BIT1 | _BIT0));
 471   3              }
 472   2              else
 473   2              {
 474   3                  // Tap1 = 0~55 in Mode3
 475   3                  ScalerSetBit_EXINT(P7C_E7_LIMIT_2, ~(_BIT5 | _BIT4 | _BIT3 | _BIT2 | _BIT1 | _BIT0), (_BIT5 | 
             -_BIT4 | _BIT2 | _BIT1 | _BIT0));
 476   3              }
 477   2          }
 478   1          else   // ACDR
 479   1          {
 480   2              // Tap1 = 0~55 in Mode3
 481   2              ScalerSetBit_EXINT(P7C_E7_LIMIT_2, ~(_BIT5 | _BIT4 | _BIT3 | _BIT2 | _BIT1 | _BIT0), (_BIT5 | _BIT
             -4 | _BIT2 | _BIT1 | _BIT0));
 482   2          }
 483   1      
 484   1          // Tap2 Max is 10, Min is -6
 485   1          ScalerSetBit_EXINT(P7C_E8_LIMIT_3, ~(_BIT7 | _BIT6 | _BIT5 | _BIT4 | _BIT3), (_BIT6 | _BIT4));
 486   1          ScalerSetBit_EXINT(P7C_E8_LIMIT_3, ~(_BIT2 | _BIT1 | _BIT0), _BIT0);
 487   1          ScalerSetBit_EXINT(P7C_E9_LIMIT_4, ~(_BIT7 | _BIT6), _BIT7);
 488   1      
 489   1          // Tap3 Max is 0, Min is -3
 490   1          ScalerSetBit_EXINT(P7C_E9_LIMIT_4, ~(_BIT4 | _BIT3 | _BIT2 | _BIT1 | _BIT0), 0x00);
 491   1          ScalerSetBit_EXINT(P7C_EA_LIMIT_5, ~(_BIT7 | _BIT6 | _BIT5 | _BIT4 | _BIT3), (_BIT4 | _BIT3));
 492   1      
 493   1          // Tap4 Max is 0, Min is -3
 494   1          ScalerSetBit_EXINT(P7C_EA_LIMIT_5, ~(_BIT2 | _BIT1 | _BIT0), 0x00);
 495   1          ScalerSetBit_EXINT(P7C_EB_LIMIT_6, ~(_BIT7 | _BIT6), 0x00);
 496   1          ScalerSetBit_EXINT(P7C_EB_LIMIT_6, ~(_BIT4 | _BIT3 | _BIT2 | _BIT1 | _BIT0), (_BIT1 | _BIT0));
 497   1      
 498   1          // Tap0_Threshold = 10
 499   1          ScalerSetBit_EXINT(P7C_EF_RESET_1, ~(_BIT7 | _BIT6 | _BIT5 | _BIT4), (_BIT7 | _BIT5));
 500   1      
 501   1          // Vth_max = 6
 502   1          // Vth_min = 0
 503   1          ScalerSetByte_EXINT(P7C_F9_LIMIT_10, 0x60);
 504   1      
 505   1          // Set Vth/Tap Divider
 506   1          // Servo_Divider = 40
 507   1          // Vth_Divider = 15
 508   1          // Tap_Divider = 10
 509   1          ScalerSetByte_EXINT(P7C_EC_LOOP_DIV_1, 0xA3);
 510   1          ScalerSetByte_EXINT(P7C_ED_LOOP_DIV_2, 0xCA);
 511   1      
 512   1          // [5] servo_notrans = 1'b1 --> Transition Bits are not Effective in Servo
 513   1          // [4] tap0_notrans = 1'b1 --> Transition Bits are not Effective in Tap0
 514   1          ScalerSetBit_EXINT(P7C_F8_GRAY_DEC_2, ~(_BIT5 | _BIT4), (_BIT5 | _BIT4));
 515   1      
 516   1          // [0] tap0_trans = 1'b0 --> Nontransition Bits are Effective in Tap0
 517   1          ScalerSetBit_EXINT(P7C_E3_GAIN_2, ~_BIT0, 0x00);
 518   1      
 519   1          // [1:0] trans_rlength = 2'b00 --> Tap0 Run Length = 2
 520   1          ScalerSetBit_EXINT(P7C_E4_GAIN_3, ~(_BIT1 | _BIT0), 0x00);
 521   1      
 522   1          // [1] tap1_trans = 1'b1 --> Nontransition Bits are not Effective in LE/Tap1
 523   1          ScalerSetBit_EXINT(P7C_E3_GAIN_2, ~_BIT1, _BIT1);
 524   1      
 525   1          // [1] De_inverse = 1'b0 --> Adapation Only for Blanking Area (Transition Maximum)
C51 COMPILER V9.60.0.0   RL6432_SERIES_TMDSRX3                                             09/18/2026 20:39:33 PAGE 10  

 526   1          // [0] De_brank_en = 1'b0 --> Disable Blank Function of gdi_de
 527   1          ScalerSetBit_EXINT(P7C_AF_L0_GDI_DE, ~(_BIT1 | _BIT0), 0x00);
 528   1          ScalerSetBit_EXINT(P7C_BF_L1_GDI_DE, ~(_BIT1 | _BIT0), 0x00);
 529   1          ScalerSetBit_EXINT(P7C_CF_L2_GDI_DE, ~(_BIT1 | _BIT0), 0x00);
 530   1      
 531   1      
 532   1          /////////////////////////
 533   1          // DFE Code Initialize //
 534   1          /////////////////////////
 535   1      
 536   1          // Initial DFE Code
 537   1          if(ScalerGetBit_EXINT(P7C_1B_CMU_01, _BIT0) == _BIT0) // DCDR
 538   1          {
 539   2              if(GET_INPUT_PIXEL_CLK() <= 375)
 540   2              {
 541   3                  // LE Max = 24, Initial = 4
 542   3                  ScalerSetByte_EXINT(P7C_A2_L0_LIMIT_INIT, 0x84);
 543   3                  ScalerSetByte_EXINT(P7C_B2_L1_LIMIT_INIT, 0x84);
 544   3                  ScalerSetByte_EXINT(P7C_C2_L2_LIMIT_INIT, 0x84);
 545   3      
 546   3                  // Tap1 Initial Value = 0 for Mode1 DFE
 547   3                  ScalerSetByte_EXINT(P7C_A5_L0_INIT_3, 0x00);
 548   3                  ScalerSetByte_EXINT(P7C_B5_L1_INIT_3, 0x00);
 549   3                  ScalerSetByte_EXINT(P7C_C5_L2_INIT_3, 0x00);
 550   3              }
 551   2              else if(GET_INPUT_PIXEL_CLK() <= 700)
 552   2              {
 553   3                  // LE Max = 24, Initial = 6
 554   3                  ScalerSetByte_EXINT(P7C_A2_L0_LIMIT_INIT, 0x86);
 555   3                  ScalerSetByte_EXINT(P7C_B2_L1_LIMIT_INIT, 0x86);
 556   3                  ScalerSetByte_EXINT(P7C_C2_L2_LIMIT_INIT, 0x86);
 557   3      
 558   3                  // Tap1 Initial Value = 0 for Mode1 DFE
 559   3                  ScalerSetByte_EXINT(P7C_A5_L0_INIT_3, 0x00);
 560   3                  ScalerSetByte_EXINT(P7C_B5_L1_INIT_3, 0x00);
 561   3                  ScalerSetByte_EXINT(P7C_C5_L2_INIT_3, 0x00);
 562   3              }
 563   2              else if(GET_INPUT_PIXEL_CLK() <= 1000)
 564   2              {
 565   3                  // LE Max = 24, Initial = 10
 566   3                  ScalerSetByte_EXINT(P7C_A2_L0_LIMIT_INIT, 0x8A);
 567   3                  ScalerSetByte_EXINT(P7C_B2_L1_LIMIT_INIT, 0x8A);
 568   3                  ScalerSetByte_EXINT(P7C_C2_L2_LIMIT_INIT, 0x8A);
 569   3      
 570   3                  // Tap1 Initial Value = 0 for Mode1 DFE
 571   3                  ScalerSetByte_EXINT(P7C_A5_L0_INIT_3, 0x00);
 572   3                  ScalerSetByte_EXINT(P7C_B5_L1_INIT_3, 0x00);
 573   3                  ScalerSetByte_EXINT(P7C_C5_L2_INIT_3, 0x00);
 574   3              }
 575   2              else
 576   2              {
 577   3                  // LE Max = 24, Initial = 12
 578   3                  ScalerSetByte_EXINT(P7C_A2_L0_LIMIT_INIT, 0x8C);
 579   3                  ScalerSetByte_EXINT(P7C_B2_L1_LIMIT_INIT, 0x8C);
 580   3                  ScalerSetByte_EXINT(P7C_C2_L2_LIMIT_INIT, 0x8C);
 581   3      
 582   3                  // Tap1 Initial Value = 12 for Mode3 DFE
 583   3                  ScalerSetByte_EXINT(P7C_A5_L0_INIT_3, 0x0C);
 584   3                  ScalerSetByte_EXINT(P7C_B5_L1_INIT_3, 0x0C);
 585   3                  ScalerSetByte_EXINT(P7C_C5_L2_INIT_3, 0x0C);
 586   3              }
 587   2          }
C51 COMPILER V9.60.0.0   RL6432_SERIES_TMDSRX3                                             09/18/2026 20:39:33 PAGE 11  

 588   1          else    // ACDR
 589   1          {
 590   2              // LE Max = 21, Initial = 12
 591   2              ScalerSetByte_EXINT(P7C_A2_L0_LIMIT_INIT, 0x5C);
 592   2              ScalerSetByte_EXINT(P7C_B2_L1_LIMIT_INIT, 0x5C);
 593   2              ScalerSetByte_EXINT(P7C_C2_L2_LIMIT_INIT, 0x5C);
 594   2      
 595   2              // Tap1 Initial Value = 15 for Mode3 DFE
 596   2              ScalerSetByte_EXINT(P7C_A5_L0_INIT_3, 0x0F);
 597   2              ScalerSetByte_EXINT(P7C_B5_L1_INIT_3, 0x0F);
 598   2              ScalerSetByte_EXINT(P7C_C5_L2_INIT_3, 0x0F);
 599   2          }
 600   1      
 601   1          ScalerSetByte_EXINT(P7C_A3_L0_INIT_1, 0x90);
 602   1          ScalerSetByte_EXINT(P7C_B3_L1_INIT_1, 0x90);
 603   1          ScalerSetByte_EXINT(P7C_C3_L2_INIT_1, 0x90);
 604   1      
 605   1          ScalerSetByte_EXINT(P7C_A4_L0_INIT_2, 0x0F);
 606   1          ScalerSetByte_EXINT(P7C_B4_L1_INIT_2, 0x0F);
 607   1          ScalerSetByte_EXINT(P7C_C4_L2_INIT_2, 0x0F);
 608   1      
 609   1          ScalerSetByte_EXINT(P7C_A6_L0_INIT_4, 0x00);
 610   1          ScalerSetByte_EXINT(P7C_B6_L1_INIT_4, 0x00);
 611   1          ScalerSetByte_EXINT(P7C_C6_L2_INIT_4, 0x00);
 612   1      
 613   1          ScalerSetByte_EXINT(P7C_A7_L0_INIT_5, 0x00);
 614   1          ScalerSetByte_EXINT(P7C_B7_L1_INIT_5, 0x00);
 615   1          ScalerSetByte_EXINT(P7C_C7_L2_INIT_5, 0x00);
 616   1      
 617   1          ScalerSetByte_EXINT(P7C_A8_L0_INIT_6, 0x00);
 618   1          ScalerSetByte_EXINT(P7C_B8_L1_INIT_6, 0x00);
 619   1          ScalerSetByte_EXINT(P7C_C8_L2_INIT_6, 0x00);
 620   1      
 621   1          ScalerSetByte_EXINT(P7C_A9_L0_INIT_7, 0x04);
 622   1          ScalerSetByte_EXINT(P7C_B9_L1_INIT_7, 0x04);
 623   1          ScalerSetByte_EXINT(P7C_C9_L2_INIT_7, 0x04);
 624   1      
 625   1          // Load Intial DFE Code
 626   1          ScalerSetByte_EXINT(P7C_AA_L0_INIT_8, 0xFF);
 627   1          ScalerSetByte_EXINT(P7C_BA_L1_INIT_8, 0xFF);
 628   1          ScalerSetByte_EXINT(P7C_CA_L2_INIT_8, 0xFF);
 629   1      
 630   1          ScalerSetByte_EXINT(P7C_AA_L0_INIT_8, 0x00);
 631   1          ScalerSetByte_EXINT(P7C_BA_L1_INIT_8, 0x00);
 632   1          ScalerSetByte_EXINT(P7C_CA_L2_INIT_8, 0x00);
 633   1      
 634   1          // DFE Loop Normal
 635   1          ScalerSetBit_EXINT(P7C_EF_RESET_1, ~(_BIT3 | _BIT2 | _BIT1 | _BIT0), 0x00);
 636   1          ScalerSetBit_EXINT(P7C_EF_RESET_1, ~(_BIT3 | _BIT2 | _BIT1 | _BIT0), (_BIT3 | _BIT2 | _BIT1 | _BIT0));
 637   1      
 638   1          // Disable All Adaptation Loop
 639   1          ScalerSetByte_EXINT(P7C_A1_L0_DFE_EN_2, 0x00);
 640   1          ScalerSetByte_EXINT(P7C_B1_L1_DFE_EN_2, 0x00);
 641   1          ScalerSetByte_EXINT(P7C_C1_L2_DFE_EN_2, 0x00);
 642   1      }
 643          #if(_D3_INPUT_PORT_TYPE != _D3_DUAL_DVI_PORT)
 644          //--------------------------------------------------
 645          // Description  : TMDS FLD Band Fine Tune  (EXINT0 Only)
 646          // Input Value  : None
 647          // Output Value : None
 648          //--------------------------------------------------
 649          void ScalerTMDSRx3FLDBandFineTune_EXINT0(void) using 1
C51 COMPILER V9.60.0.0   RL6432_SERIES_TMDSRX3                                             09/18/2026 20:39:33 PAGE 12  

 650          {
 651   1          WORD pusLaneFreq[3];
 652   1          BYTE ucCount = 0;
 653   1          BYTE ucLaneCount = 0;
 654   1          BYTE pucBestVCOBand[3];
 655   1          BYTE pucAutoVCOBand[3];
 656   1          BYTE ucBacksetting2 = 0;
 657   1      
 658   1          pusLaneFreq[0] = 0;
 659   1          pusLaneFreq[1] = 0;
 660   1          pusLaneFreq[2] = 0;
 661   1      
 662   1          // Get 3 Lane Auto Result
 663   1          pucAutoVCOBand[0] = (ScalerGetByte_EXINT(P7C_35_ANA_CDR_11) & 0x7F);
 664   1          pucAutoVCOBand[1] = (ScalerGetByte_EXINT(P7C_36_ANA_CDR_12) & 0x7F);
 665   1          pucAutoVCOBand[2] = (ScalerGetByte_EXINT(P7C_37_ANA_CDR_13) & 0x7F);
 666   1      
 667   1          // Scan Lane
 668   1          ScalerSetBit_EXINT(P7C_32_ANA_CDR_08, ~(_BIT6 | _BIT5 | _BIT4 | _BIT3 | _BIT2 | _BIT1 | _BIT0), pucAut
             -oVCOBand[0]);
 669   1          ScalerSetBit_EXINT(P7C_33_ANA_CDR_09, ~(_BIT6 | _BIT5 | _BIT4 | _BIT3 | _BIT2 | _BIT1 | _BIT0), pucAut
             -oVCOBand[1]);
 670   1          ScalerSetBit_EXINT(P7C_34_ANA_CDR_10, ~(_BIT6 | _BIT5 | _BIT4 | _BIT3 | _BIT2 | _BIT1 | _BIT0), pucAut
             -oVCOBand[2]);
 671   1      
 672   1          ucBacksetting2 = ScalerGetByte_EXINT(P72_EC_HDMI_FREQDET_STABLE);
 673   1      
 674   1          // Set Open Loop
 675   1          ScalerSetBit_EXINT(P7C_2B_ANA_CDR_01, ~(_BIT7 | _BIT6 | _BIT5), _BIT6);
 676   1      
 677   1          // Change Measure Count  64=>3
 678   1          ScalerSetBit_EXINT(P72_EC_HDMI_FREQDET_STABLE, ~(_BIT6 | _BIT5 | _BIT4 | _BIT3 | _BIT2 | _BIT1 | _BIT0
             -), _BIT1);
 679   1      
 680   1          for(ucLaneCount = 0; ucLaneCount < 3; ucLaneCount++)
 681   1          {
 682   2              // Read Lane0 Result
 683   2              ScalerSetBit_EXINT(P72_E6_HDMI_FREQDET_CTRL, ~_BIT7, 0x00);
 684   2              ScalerSetBit_EXINT(P72_E6_HDMI_FREQDET_CTRL, ~(_BIT5 | _BIT4), ((ucLaneCount + 1) << 4));
 685   2              ScalerSetBit_EXINT(P72_E6_HDMI_FREQDET_CTRL, ~_BIT7, _BIT7);
 686   2      
 687   2              // Waiting For Measure Done -> 300us
 688   2              for(ucCount = 0; ucCount <= 60; ucCount++)
 689   2              {
 690   3                  DELAY_5US_EXINT();
 691   3      
 692   3                  if(ScalerGetBit_EXINT(P72_E6_HDMI_FREQDET_CTRL, _BIT6) == _BIT6)
 693   3                  {
 694   4                      // POP Result
 695   4                      ScalerSetBit_EXINT(P72_EC_HDMI_FREQDET_STABLE, ~_BIT7, _BIT7);
 696   4      
 697   4                      pusLaneFreq[ucLaneCount] = ((DWORD)((WORD)(ScalerGetByte_EXINT(P72_ED_HDMI_FREQDET_RESULT_
             -M) << 8) | ScalerGetByte_EXINT(P72_EE_HDMI_FREQDET_RESULT_L))*27 / 100);
 698   4                      break;
 699   4                  }
 700   3              }
 701   2          }
 702   1      
 703   1          // For 3 Lane Cal Best Band
 704   1          for(ucLaneCount = 0; ucLaneCount < 3; ucLaneCount++)
 705   1          {
 706   2              if(pusLaneFreq[ucLaneCount] < GET_INPUT_PIXEL_CLK())
C51 COMPILER V9.60.0.0   RL6432_SERIES_TMDSRX3                                             09/18/2026 20:39:33 PAGE 13  

 707   2              {
 708   3                  pucBestVCOBand[ucLaneCount] = pucAutoVCOBand[ucLaneCount] + 1;
 709   3              }
 710   2              else
 711   2              {
 712   3                  pucBestVCOBand[ucLaneCount] = pucAutoVCOBand[ucLaneCount];
 713   3              }
 714   2          }
 715   1      
 716   1          // Reload Best Band
 717   1          ScalerSetBit_EXINT(P7C_32_ANA_CDR_08, ~(_BIT6 | _BIT5 | _BIT4 | _BIT3 | _BIT2 | _BIT1 | _BIT0), pucBes
             -tVCOBand[0]);
 718   1          ScalerSetBit_EXINT(P7C_33_ANA_CDR_09, ~(_BIT6 | _BIT5 | _BIT4 | _BIT3 | _BIT2 | _BIT1 | _BIT0), pucBes
             -tVCOBand[1]);
 719   1          ScalerSetBit_EXINT(P7C_34_ANA_CDR_10, ~(_BIT6 | _BIT5 | _BIT4 | _BIT3 | _BIT2 | _BIT1 | _BIT0), pucBes
             -tVCOBand[2]);
 720   1      
 721   1          // Reload Measure TMDS Clock & Clear Unsatble IRQ Flag & Dummy POP Out
 722   1          ScalerSetBit_EXINT(P72_E6_HDMI_FREQDET_CTRL, ~(_BIT5 | _BIT4), 0x00);
 723   1          ScalerSetBit_EXINT(P72_E6_HDMI_FREQDET_CTRL, ~(_BIT7), 0x00);
 724   1          ScalerSetBit_EXINT(P72_E6_HDMI_FREQDET_CTRL, ~(_BIT7), _BIT7);
 725   1          for(ucCount = 0; ucCount <= 60; ucCount++)
 726   1          {
 727   2              DELAY_5US_EXINT();
 728   2              if(ScalerGetBit_EXINT(P72_E6_HDMI_FREQDET_CTRL, _BIT6) == _BIT6)
 729   2              {
 730   3                  // POP result
 731   3                  ScalerSetBit_EXINT(P72_EC_HDMI_FREQDET_STABLE, ~_BIT7, _BIT7);
 732   3                  break;
 733   3              }
 734   2          }
 735   1      
 736   1          // Set Stable Count
 737   1          ScalerSetByte_EXINT(P72_EC_HDMI_FREQDET_STABLE, ucBacksetting2);
 738   1      
 739   1          // Clear Unstable IRQ Flag
 740   1          ScalerSetBit_EXINT(P72_E6_HDMI_FREQDET_CTRL, ~_BIT2, _BIT2);
 741   1      }
 742          #endif
 743          //--------------------------------------------------
 744          // Description  : TMDS Set PHY Function (EXINT0 Only)
 745          // Input Value  : Measured Clk Count for PHY Setting
 746          // Output Value : None
 747          //--------------------------------------------------
 748          void ScalerTMDSRx3SetPhy_EXINT0(void) using 1
 749          {
 750   1          BYTE ucIcp = 0;
 751   1      
 752   1      
 753   1          //////////////
 754   1          // CDR Mode //
 755   1          //////////////
 756   1      
 757   1          if(GET_INPUT_PIXEL_CLK() <= 2000)  // DCDR
 758   1          {
 759   2      #if(_ERROR_PRONE_CODE == _TRUE)
 760   2              // [3:0] reg_en_ana_cdr = 4'b0000 --> Disable Analog CDR
 761   2              ScalerSetBit_EXINT(P7C_2A_ANA_CDR_00, ~(_BIT3 | _BIT2 | _BIT1 | _BIT0), 0x00);
 762   2      #endif
 763   2              // [0] En_APLL_Lane2 = 1'b1 --> Enable Lane2 VCO as CMU
 764   2              ScalerSetBit_EXINT(P7C_1B_CMU_01, ~_BIT0, _BIT0);
 765   2      
C51 COMPILER V9.60.0.0   RL6432_SERIES_TMDSRX3                                             09/18/2026 20:39:33 PAGE 14  

 766   2              if((GET_INPUT_PIXEL_CLK() <= 1000) && (ScalerGetBit_EXINT(P7C_17_BANDGAP_03, _BIT1) == _BIT1))  //
             - MHL mode
 767   2              {
 768   3                  // [6:5] CMU_REFCK_SEL = 2'b10 --> Ref. TMDS Clock w/ Hysteresis OP
 769   3                  ScalerSetBit_EXINT(P7C_1B_CMU_01, ~(_BIT6 | _BIT5), _BIT6);
 770   3              }
 771   2              else
 772   2              {
 773   3                  // [6:5] CMU_REFCK_SEL = 2'b00 --> Ref. TMDS Clock w/o Hysteresis OP
 774   3                  ScalerSetBit_EXINT(P7C_1B_CMU_01, ~(_BIT6 | _BIT5), 0x00);
 775   3              }
 776   2          }
 777   1          else  // ACDR
 778   1          {
 779   2      #if(_ERROR_PRONE_CODE == _TRUE)
 780   2              // [3:0] reg_en_ana_cdr = 4'b0111 --> Enable Lane0~2 Analog CDR
 781   2              ScalerSetBit_EXINT(P7C_2A_ANA_CDR_00, ~(_BIT3 | _BIT2 | _BIT1 | _BIT0), (_BIT2 | _BIT1 | _BIT0));
 782   2      #endif
 783   2              // [0] En_APLL_Lane2 = 1'b0 --> Disable Lane2 VCO as CMU
 784   2              ScalerSetBit_EXINT(P7C_1B_CMU_01, ~_BIT0, 0x00);
 785   2          }
 786   1      
 787   1          ///////////////
 788   1          // RX CMU EN //
 789   1          ///////////////
 790   1      
 791   1          // [7] cmu_en = 0 --> Disable CMU PLL
 792   1          ScalerSetBit_EXINT(P7C_1B_CMU_01, ~_BIT7, 0x00);
 793   1      
 794   1      #if(_SOURCE_BACKGROUND_DETECT_SUPPORT == _ON)
                  // [3:0] cdr_en = 4'b0000 --> Disable CDREN
                  ScalerSetBit_EXINT(P7C_1A_CMU_00, ~_BIT3, 0x00);
                  DELAY_5US_EXINT();
                  ScalerSetBit_EXINT(P7C_1A_CMU_00, ~_BIT2, 0x00);
                  DELAY_5US_EXINT();
                  ScalerSetBit_EXINT(P7C_1A_CMU_00, ~_BIT1, 0x00);
                  DELAY_5US_EXINT();
                  ScalerSetBit_EXINT(P7C_1A_CMU_00, ~_BIT0, 0x00);
              
                  if(ScalerGetBit_EXINT(P7C_17_BANDGAP_03, _BIT1) == _BIT1)  // MHL Mode
                  {
                      if(ScalerGetBit_EXINT(P7C_1B_CMU_01, _BIT0) == _BIT0) // DCDR
                      {
                          // [7:4] rx_en = 4'b1101 --> Enable RXEN for Lane0, 2, 3
                          // [3:0] cdr_en = 4'b0101 --> Enable CDREX for Lane0, 2
                          ScalerSetBit_EXINT(P7C_1A_CMU_00, ~_BIT7, _BIT7);
                          DELAY_5US_EXINT();
                          ScalerSetBit_EXINT(P7C_1A_CMU_00, ~_BIT6, _BIT6);
                          DELAY_5US_EXINT();
                          ScalerSetBit_EXINT(P7C_1A_CMU_00, ~_BIT5, 0x00);
                          DELAY_5US_EXINT();
                          ScalerSetBit_EXINT(P7C_1A_CMU_00, ~_BIT4, _BIT4);
                          DELAY_5US_EXINT();
                          ScalerSetBit_EXINT(P7C_1A_CMU_00, ~_BIT2, _BIT2);
                          DELAY_5US_EXINT();
                          ScalerSetBit_EXINT(P7C_1A_CMU_00, ~_BIT0, _BIT0);
                      }
                      else
                      {
                          // [7:4] rx_en = 4'b1001 --> Enable RXEN for Lane0, 3
                          // [3:0] cdr_en = 4'b0001 --> Enable CDREX for Lane0
                          ScalerSetBit_EXINT(P7C_1A_CMU_00, ~_BIT7, _BIT7);
C51 COMPILER V9.60.0.0   RL6432_SERIES_TMDSRX3                                             09/18/2026 20:39:33 PAGE 15  

                          DELAY_5US_EXINT();
                          ScalerSetBit_EXINT(P7C_1A_CMU_00, ~_BIT6, 0x00);
                          DELAY_5US_EXINT();
                          ScalerSetBit_EXINT(P7C_1A_CMU_00, ~_BIT5, 0x00);
                          DELAY_5US_EXINT();
                          ScalerSetBit_EXINT(P7C_1A_CMU_00, ~_BIT4, _BIT4);
                          DELAY_5US_EXINT();
                          ScalerSetBit_EXINT(P7C_1A_CMU_00, ~_BIT0, _BIT0);
                      }
                  }
                  else
                  {
                      // [7:4] rx_en = 4'b1111 --> Enable RXEN
                      // [3:0] cdr_en = 4'b0001 ~ 4'b0011 ~ 4'b0111
                      ScalerSetBit_EXINT(P7C_1A_CMU_00, ~_BIT7, _BIT7);
                      DELAY_5US_EXINT();
                      ScalerSetBit_EXINT(P7C_1A_CMU_00, ~_BIT6, _BIT6);
                      DELAY_5US_EXINT();
                      ScalerSetBit_EXINT(P7C_1A_CMU_00, ~_BIT5, _BIT5);
                      DELAY_5US_EXINT();
                      ScalerSetBit_EXINT(P7C_1A_CMU_00, ~_BIT4, _BIT4);
                      DELAY_5US_EXINT();
                      ScalerSetBit_EXINT(P7C_1A_CMU_00, ~_BIT2, _BIT2);
                      DELAY_5US_EXINT();
                      ScalerSetBit_EXINT(P7C_1A_CMU_00, ~_BIT1, _BIT1);
                      DELAY_5US_EXINT();
                      ScalerSetBit_EXINT(P7C_1A_CMU_00, ~_BIT0, _BIT0);
                  }
              #else
 856   1          // [3:0] cdr_en = 4'b0000 --> Disable CDREN
 857   1          ScalerSetBit_EXINT(P7C_1A_CMU_00, ~(_BIT3 | _BIT2 | _BIT1 | _BIT0), 0x00);
 858   1      
 859   1          if(ScalerGetBit_EXINT(P7C_17_BANDGAP_03, _BIT1) == _BIT1)  // MHL Mode
 860   1          {
 861   2              if(ScalerGetBit_EXINT(P7C_1B_CMU_01, _BIT0) == _BIT0) // DCDR
 862   2              {
 863   3                  // [7:4] rx_en = 4'b1101 --> Enable RXEN for Lane0, 2, 3
 864   3                  ScalerSetBit_EXINT(P7C_1A_CMU_00, ~(_BIT7 | _BIT6 | _BIT5 | _BIT4), (_BIT7 | _BIT6 | _BIT4));
 865   3      
 866   3                  // [3:0] cdr_en = 4'b0101 --> Enable CDREX for Lane0, 2
 867   3                  ScalerSetBit_EXINT(P7C_1A_CMU_00, ~(_BIT3 | _BIT2 | _BIT1 | _BIT0), (_BIT2 | _BIT0));
 868   3              }
 869   2              else
 870   2              {
 871   3                  // [7:4] rx_en = 4'b1001 --> Enable RXEN for Lane0, 3
 872   3                  ScalerSetBit_EXINT(P7C_1A_CMU_00, ~(_BIT7 | _BIT6 | _BIT5 | _BIT4), (_BIT7 | _BIT4));
 873   3      
 874   3                  // [3:0] cdr_en = 4'b0001 --> Enable CDREX for Lane0
 875   3                  ScalerSetBit_EXINT(P7C_1A_CMU_00, ~(_BIT3 | _BIT2 | _BIT1 | _BIT0), _BIT0);
 876   3              }
 877   2          }
 878   1          else
 879   1          {
 880   2              // [7:4] rx_en = 4'b1111 --> Enable RXEN
 881   2              ScalerSetBit_EXINT(P7C_1A_CMU_00, ~(_BIT7 | _BIT6 | _BIT5 | _BIT4), (_BIT7 | _BIT6 | _BIT5 | _BIT4
             -));
 882   2      
 883   2              // [3:0] cdr_en = 4'b0001 ~ 4'b0011 ~ 4'b0111
 884   2              ScalerSetBit_EXINT(P7C_1A_CMU_00, ~(_BIT3 | _BIT2 | _BIT1 | _BIT0), _BIT0);
 885   2              ScalerSetBit_EXINT(P7C_1A_CMU_00, ~(_BIT3 | _BIT2 | _BIT1 | _BIT0), (_BIT1 | _BIT0));
 886   2              ScalerSetBit_EXINT(P7C_1A_CMU_00, ~(_BIT3 | _BIT2 | _BIT1 | _BIT0), (_BIT2 | _BIT1 | _BIT0));
 887   2          }
C51 COMPILER V9.60.0.0   RL6432_SERIES_TMDSRX3                                             09/18/2026 20:39:33 PAGE 16  

 888   1      #endif
 889   1      
 890   1      
 891   1          //////////////////////
 892   1          // A/DCDR  Setting  //
 893   1          //////////////////////
 894   1      
 895   1          // [1:0] reg_cdr_kvco = 2'b01 --> Analog CDR KVCO = 700M/v
 896   1          ScalerSetBit_EXINT(P7C_2C_ANA_CDR_02, ~(_BIT1 | _BIT0), _BIT0);
 897   1      
 898   1          // [4] reg_sel_cont3 = 1'b1 --> BBPD UP/DN Pulse Div 3
 899   1          ScalerSetBit_EXINT(P7C_2D_ANA_CDR_03, ~_BIT4, _BIT4);
 900   1      
 901   1          // [7] en_fld_ref_ecbuss = 0 --> FLD Reference Lane3 Clock
 902   1          ScalerSetBit_EXINT(P7C_28_KOFFSET_04, ~_BIT7, 0x00);
 903   1      
 904   1          if(ScalerGetBit_EXINT(P7C_1B_CMU_01, _BIT0) == _BIT0) // DCDR
 905   1          {
 906   2      #if(_D3_INPUT_PORT_TYPE == _D3_MHL_PORT)
                      if(ScalerGetBit_EXINT(P7C_17_BANDGAP_03, _BIT1) == _BIT1)  // MHL Mode
                      {
                          // [5:4] reg_cmu_sel_cp = 2'b10 --> Analog CDR Cp = 2pF
                          // [3] reg_en_largers_forcmu = 1'b1 --> Analog CDR Rs Increase 8K
                          // [2:0] reg_cmu_sel_Rs = 3'b011 --> Analog CDR Rs = 12K + 8K
                          ScalerSetBit_EXINT(P7C_1E_CMU_04, ~(_BIT5 | _BIT4 | _BIT3 | _BIT2 | _BIT1 | _BIT0), (_BIT5 | _
             -BIT3 | _BIT1 | _BIT0));
              
                          // [3:0] reg_cdr_cp_in = 4'b1010 --> Analog CDR Icp = 31.5uA
                          ScalerSetBit_EXINT(P7C_31_ANA_CDR_07, ~(_BIT3 | _BIT2 | _BIT1 | _BIT0), (_BIT3 | _BIT1));
                      }
                      else   // HDMI Mode
              #endif
 919   2              {
 920   3                  // [5:4] reg_cmu_sel_cp = 2'b10 --> Analog CDR Cp = 2pF
 921   3                  // [3] reg_en_largers_forcmu = 1'b1 --> Analog CDR Rs Increase 8K
 922   3                  // [2:0] reg_cmu_sel_Rs = 3'b110 --> Analog CDR Rs = 16K + 8K
 923   3                  ScalerSetBit_EXINT(P7C_1E_CMU_04, ~(_BIT5 | _BIT4 | _BIT3 | _BIT2 | _BIT1 | _BIT0), (_BIT5 | _
             -BIT3 | _BIT2 | _BIT1));
 924   3      
 925   3                  // [3:0] reg_cdr_cp_in = 4'b1100 --> Analog CDR Icp = 37.5uA
 926   3                  ScalerSetBit_EXINT(P7C_31_ANA_CDR_07, ~(_BIT3 | _BIT2 | _BIT1 | _BIT0), (_BIT3 | _BIT2));
 927   3              }
 928   2          }
 929   1          else
 930   1          {
 931   2              // [5:4] reg_cmu_sel_cp = 2'b00 --> Analog CDR Cp = 0pF
 932   2              // [3] reg_en_largers_forcmu = 1'b0 --> Analog CDR Rs Increase 0K
 933   2              ScalerSetBit_EXINT(P7C_1E_CMU_04, ~(_BIT5 | _BIT4 | _BIT3), 0x00);
 934   2      
 935   2              if(GET_INPUT_PIXEL_CLK() <= 3000)
 936   2              {
 937   3                  // [6:4] reg_sel_cdr_res = 3'b101 --> Analog CDR Rs = 6K
 938   3                  // [3:0] reg_cdr_cp_in = 4'b0101 --> Analog CDR Icp = 16.5uA
 939   3                  ScalerSetBit_EXINT(P7C_31_ANA_CDR_07, ~(_BIT6 | _BIT5 | _BIT4 | _BIT3 | _BIT2 | _BIT1 | _BIT0)
             -, (_BIT6 | _BIT4 | _BIT2 | _BIT0));
 940   3              }
 941   2              else
 942   2              {
 943   3                  // [6:4] reg_sel_cdr_res = 3'b011 --> Analog CDR Rs = 2K
 944   3                  // [3:0] reg_cdr_cp_in = 4'b0011 --> Analog CDR Icp = 10.5uA
 945   3                  ScalerSetBit_EXINT(P7C_31_ANA_CDR_07, ~(_BIT6 | _BIT5 | _BIT4 | _BIT3 | _BIT2 | _BIT1 | _BIT0)
             -, (_BIT5 | _BIT4 | _BIT1 | _BIT0));
C51 COMPILER V9.60.0.0   RL6432_SERIES_TMDSRX3                                             09/18/2026 20:39:33 PAGE 17  

 946   3              }
 947   2          }
 948   1      
 949   1          ucIcp = (ScalerGetByte_EXINT(P7C_31_ANA_CDR_07) & 0x0F);
 950   1      
 951   1          // [7:5] KD = 3'b000 --> KD = 0
 952   1          ScalerSetBit_EXINT(P7C_4F_KD, ~(_BIT7 | _BIT6 | _BIT5), 0x00);
 953   1      
 954   1      #if(_D3_INPUT_PORT_TYPE == _D3_MHL_PORT)
                  if(ScalerGetBit_EXINT(P7C_17_BANDGAP_03, _BIT1) == _BIT1)  // MHL Mode
                  {
                      // KI = 3'b001 --> KI = 1/16
                      ScalerSetBit_EXINT(P7C_50_KI_L0, ~(_BIT2 | _BIT1 | _BIT0), _BIT0);
              
                      if(GET_INPUT_PIXEL_CLK() <= 1000)
                      {
                          // KP = 0x23 --> KP = 8.75
                          ScalerSetByte_EXINT(P7C_53_KP_L0, 0x23);
                      }
                      else
                      {
                          // KP = 0x2F --> KP = 11.75
                          ScalerSetByte_EXINT(P7C_53_KP_L0, 0x2F);
                      }
                  }
                  else   // HDMI Mode
              #endif
 973   1          {
 974   2              // KI = 3'b000 --> KI = 0
 975   2              ScalerSetBit_EXINT(P7C_50_KI_L0, ~(_BIT2 | _BIT1 | _BIT0), 0x00);
 976   2              ScalerSetBit_EXINT(P7C_51_KI_L1, ~(_BIT2 | _BIT1 | _BIT0), 0x00);
 977   2              ScalerSetBit_EXINT(P7C_52_KI_L2, ~(_BIT2 | _BIT1 | _BIT0), 0x00);
 978   2      
 979   2              if(GET_INPUT_PIXEL_CLK() < 1500)
 980   2              {
 981   3                  // KP = 0x20 --> KP = 8
 982   3                  ScalerSetByte_EXINT(P7C_53_KP_L0, 0x20);
 983   3                  ScalerSetByte_EXINT(P7C_54_KP_L1, 0x20);
 984   3                  ScalerSetByte_EXINT(P7C_55_KP_L2, 0x20);
 985   3              }
 986   2              else
 987   2              {
 988   3                  // KP = 0x0F --> KP = 3.75
 989   3                  ScalerSetByte_EXINT(P7C_53_KP_L0, 0x0F);
 990   3                  ScalerSetByte_EXINT(P7C_54_KP_L1, 0x0F);
 991   3                  ScalerSetByte_EXINT(P7C_55_KP_L2, 0x0F);
 992   3              }
 993   2          }
 994   1      
 995   1      #if(_D3_INPUT_PORT_TYPE == _D3_MHL_PORT)
                  if(ScalerGetBit_EXINT(P7C_17_BANDGAP_03, _BIT1) == _BIT1)  // MHL Mode
                  {
                      // Check if Packed Pixel Mode
                      if(GET_TMDS_RX3_CLK_MODE() == _TMDS_MHL_PPMODE_PHY_SETTING)
                      {
                          if(GET_INPUT_PIXEL_CLK() <= 1500)
                          {
                              // Analog CDR Auto FLD Counter
                              // ref_conuter = 30
                              // cdr_counter = 480
                              // 30/480 = 1/16 = 5*(1/80 clock rate)
                              ScalerSetBit_EXINT(P7C_2D_ANA_CDR_03, ~(_BIT1 | _BIT0), _BIT0);
C51 COMPILER V9.60.0.0   RL6432_SERIES_TMDSRX3                                             09/18/2026 20:39:33 PAGE 18  

                              ScalerSetByte_EXINT(P7C_2E_ANA_CDR_04, 0x1D);
                              ScalerSetByte_EXINT(P7C_2F_ANA_CDR_05, 0xDF);
              
                              // [5:4] CMU_SELPREDIV = 2'b00 --> /1
                              ScalerSetBit_EXINT(P7C_1F_CMU_05, ~(_BIT5 | _BIT4), 0x00);
              
                              // [7:0] N_CODE = 8'b0100 1100 --> 76 + 4 = 80
                              ScalerSetByte_EXINT(P7C_20_CMU_06, 0x4C);
              
                              // [2:0] SEL_DIV = 3'b010 --> 750MHz ~ 1500MHz
                              ScalerSetBit_EXINT(P7C_21_CMU_07, ~(_BIT2 | _BIT1 | _BIT0), _BIT1);
              
                              // [6:4] rate_sel = 3'b010 --> 750MHz ~ 1500MHz
                              ScalerSetBit_EXINT(P7C_3E_EN_01, ~(_BIT6 | _BIT5 | _BIT4), _BIT5);
                          }
                          else
                          {
                              // Analog CDR Auto FLD Counter
                              // ref_conuter = 50
                              // cdr_counter = 400
                              // 50/400 = 1/8 = 5*(1/40 clock rate)
                              ScalerSetBit_EXINT(P7C_2D_ANA_CDR_03, ~(_BIT1 | _BIT0), _BIT0);
                              ScalerSetByte_EXINT(P7C_2E_ANA_CDR_04, 0x31);
                              ScalerSetByte_EXINT(P7C_2F_ANA_CDR_05, 0x8F);
              
                              // [5:4] CMU_SELPREDIV = 2'b00 --> /1
                              ScalerSetBit_EXINT(P7C_1F_CMU_05, ~(_BIT5 | _BIT4), 0x00);
              
                              // [7:0] N_CODE = 8'b0010 0100 --> 36 + 4 = 40
                              ScalerSetByte_EXINT(P7C_20_CMU_06, 0x24);
              
                              // [2:0] rate_sel = 3'b001 --> 1500MHz ~ 3000MHz
                              ScalerSetBit_EXINT(P7C_21_CMU_07, ~(_BIT2 | _BIT1 | _BIT0), _BIT0);
              
                              // [6:4] SEL_DIV = 3'b001 --> 1500MHz ~ 3000MHz
                              ScalerSetBit_EXINT(P7C_3E_EN_01, ~(_BIT6 | _BIT5 | _BIT4), _BIT4);
                          }
                      }
                      else  // MHL 24bit Mode
                      {
                          if(GET_INPUT_PIXEL_CLK() <= 750)
                          {
                              // Analog CDR Auto FLD Counter
                              // ref_conuter = 20
                              // cdr_counter = 480
                              // 20/480 = 1/24 = 5*(1/120 clock rate)
                              ScalerSetBit_EXINT(P7C_2D_ANA_CDR_03, ~(_BIT1 | _BIT0), _BIT0);
                              ScalerSetByte_EXINT(P7C_2E_ANA_CDR_04, 0x13);
                              ScalerSetByte_EXINT(P7C_2F_ANA_CDR_05, 0xDF);
              
                              // [5:4] CMU_SELPREDIV = 2'b00 --> /1
                              ScalerSetBit_EXINT(P7C_1F_CMU_05, ~(_BIT5 | _BIT4), 0x00);
              
                              // [7:0] N_CODE = 8'b0111 0100 --> 116 + 4 = 120
                              ScalerSetByte_EXINT(P7C_20_CMU_06, 0x74);
              
                              // [2:0] SEL_DIV = 3'b011 --> 375MHz ~ 750MHz
                              ScalerSetBit_EXINT(P7C_21_CMU_07, ~(_BIT2 | _BIT1 | _BIT0), (_BIT1 | _BIT0));
              
                              // [6:4] rate_sel = 3'b011 --> 375MHz ~ 750MHz
                              ScalerSetBit_EXINT(P7C_3E_EN_01, ~(_BIT6 | _BIT5 | _BIT4), (_BIT5 | _BIT4));
                          }
C51 COMPILER V9.60.0.0   RL6432_SERIES_TMDSRX3                                             09/18/2026 20:39:33 PAGE 19  

                          else if(GET_INPUT_PIXEL_CLK() <= 1500)
                          {
                              // Analog CDR Auto FLD Counter
                              // ref_conuter = 40
                              // cdr_counter = 480
                              // 40/480 = 1/12 = 5*(1/60 clock rate)
                              ScalerSetBit_EXINT(P7C_2D_ANA_CDR_03, ~(_BIT1 | _BIT0), _BIT0);
                              ScalerSetByte_EXINT(P7C_2E_ANA_CDR_04, 0x27);
                              ScalerSetByte_EXINT(P7C_2F_ANA_CDR_05, 0xDF);
              
                              // [5:4] CMU_SELPREDIV = 2'b00 --> /1
                              ScalerSetBit_EXINT(P7C_1F_CMU_05, ~(_BIT5 | _BIT4), 0x00);
              
                              // [7:0] N_CODE = 8'b0011 1000 --> 56 + 4 = 60
                              ScalerSetByte_EXINT(P7C_20_CMU_06, 0x38);
              
                              // [2:0] SEL_DIV = 3'b010 --> 750MHz ~ 1500MHz
                              ScalerSetBit_EXINT(P7C_21_CMU_07, ~(_BIT2 | _BIT1 | _BIT0), _BIT1);
              
                              // [6:4] rate_sel = 3'b010 --> 750MHz ~ 1500MHz
                              ScalerSetBit_EXINT(P7C_3E_EN_01, ~(_BIT6 | _BIT5 | _BIT4), _BIT5);
                          }
                          else if(GET_INPUT_PIXEL_CLK() <= 3000)
                          {
                              // Analog CDR Auto FLD Counter
                              // ref_conuter = 80
                              // cdr_counter = 480
                              // 80/480 = 1/6 = 5*(1/30 clock rate)
                              ScalerSetBit_EXINT(P7C_2D_ANA_CDR_03, ~(_BIT1 | _BIT0), _BIT0);
                              ScalerSetByte_EXINT(P7C_2E_ANA_CDR_04, 0x4F);
                              ScalerSetByte_EXINT(P7C_2F_ANA_CDR_05, 0xDF);
              
                              // [5:4] CMU_SELPREDIV = 2'b00 --> /1
                              ScalerSetBit_EXINT(P7C_1F_CMU_05, ~(_BIT5 | _BIT4), 0x00);
              
                              // [7:0] N_CODE = 8'b0001 1010 --> 26 + 4 = 30
                              ScalerSetByte_EXINT(P7C_20_CMU_06, 0x1A);
              
                              // [2:0] SEL_DIV = 3'b001 --> 1500MHz ~ 3000MHz
                              ScalerSetBit_EXINT(P7C_21_CMU_07, ~(_BIT2 | _BIT1 | _BIT0), _BIT0);
              
                              // [6:4] rate_sel = 3'b001 --> 1500MHz ~ 3000MHz
                              ScalerSetBit_EXINT(P7C_3E_EN_01, ~(_BIT6 | _BIT5 | _BIT4), _BIT4);
                          }
                          else
                          {
                              // Analog CDR Auto FLD Counter
                              // ref_conuter = 160
                              // cdr_counter = 480
                              // 160/480 = 1/3 = 5*(1/15 clock rate)
                              ScalerSetBit_EXINT(P7C_2D_ANA_CDR_03, ~(_BIT1 | _BIT0), _BIT0);
                              ScalerSetByte_EXINT(P7C_2E_ANA_CDR_04, 0x9F);
                              ScalerSetByte_EXINT(P7C_2F_ANA_CDR_05, 0xDF);
              
                              // [5:4] CMU_SELPREDIV = 2'b00 --> /1
                              ScalerSetBit_EXINT(P7C_1F_CMU_05, ~(_BIT5 | _BIT4), 0x00);
              
                              // [7:0] N_CODE = 8'b0000 1101 --> 11 + 4 = 30
                              ScalerSetByte_EXINT(P7C_20_CMU_06, 0x0B);
              
                              // [2:0] SEL_DIV = 3'b000 --> 3000MHz ~ 6000MHz
                              ScalerSetBit_EXINT(P7C_21_CMU_07, ~(_BIT2 | _BIT1 | _BIT0), 0x00);
C51 COMPILER V9.60.0.0   RL6432_SERIES_TMDSRX3                                             09/18/2026 20:39:33 PAGE 20  

              
                              // [6:4] rate_sel = 3'b000 --> 3000MHz ~ 6000MHz
                              ScalerSetBit_EXINT(P7C_3E_EN_01, ~(_BIT6 | _BIT5 | _BIT4), 0x00);
                          }
                      }
                  }
                  else     // HDMI Mode
              #endif
1140   1          {
1141   2      #if(_D3_HDMI_2_0_SUPPORT == _ON)
1142   2              if(GET_TMDS_RX3_HIGH_SPEED_MODE() == _FALSE)  // 1:10
1143   2      #endif
1144   2              {
1145   3                  if(GET_INPUT_PIXEL_CLK() <= 375)
1146   3                  {
1147   4                      // Analog CDR Auto FLD Counter
1148   4                      // ref_conuter = 30
1149   4                      // cdr_counter = 480
1150   4                      // 30/480 = 1/16 = 5*(1/80 clock rate)
1151   4                      ScalerSetBit_EXINT(P7C_2D_ANA_CDR_03, ~(_BIT1 | _BIT0), _BIT0);
1152   4                      ScalerSetByte_EXINT(P7C_2E_ANA_CDR_04, 0x1D);
1153   4                      ScalerSetByte_EXINT(P7C_2F_ANA_CDR_05, 0xDF);
1154   4      
1155   4                      // [5:4] CMU_SELPREDIV = 2'b00 --> /1
1156   4                      ScalerSetBit_EXINT(P7C_1F_CMU_05, ~(_BIT5 | _BIT4), 0x00);
1157   4      
1158   4                      // [7:0] N_CODE = 8'b0100 1100 --> 76 + 4 = 80
1159   4                      ScalerSetByte_EXINT(P7C_20_CMU_06, 0x4C);
1160   4      
1161   4                      // [2:0] SEL_DIV = 3'b100 --> 187.5MHz ~ 375MHz
1162   4                      ScalerSetBit_EXINT(P7C_21_CMU_07, ~(_BIT2 | _BIT1 | _BIT0), _BIT2);
1163   4      
1164   4                      // [6:4] rate_sel = 3'b100 --> 187.5MHz ~ 375MHz
1165   4                      ScalerSetBit_EXINT(P7C_3E_EN_01, ~(_BIT6 | _BIT5 | _BIT4), _BIT6);
1166   4                  }
1167   3                  else if(GET_INPUT_PIXEL_CLK() <= 750)
1168   3                  {
1169   4                      // Analog CDR Auto FLD Counter
1170   4                      // ref_conuter = 50
1171   4                      // cdr_counter = 400
1172   4                      // 50/400 = 1/8 = 5*(1/40 clock rate)
1173   4                      ScalerSetBit_EXINT(P7C_2D_ANA_CDR_03, ~(_BIT1 | _BIT0), _BIT0);
1174   4                      ScalerSetByte_EXINT(P7C_2E_ANA_CDR_04, 0x31);
1175   4                      ScalerSetByte_EXINT(P7C_2F_ANA_CDR_05, 0x8F);
1176   4      
1177   4                      // [5:4] CMU_SELPREDIV = 2'b00 --> /1
1178   4                      ScalerSetBit_EXINT(P7C_1F_CMU_05, ~(_BIT5 | _BIT4), 0x00);
1179   4      
1180   4                      // [7:0] N_CODE = 8'b0010 0100 --> 36 + 4 = 40
1181   4                      ScalerSetByte_EXINT(P7C_20_CMU_06, 0x24);
1182   4      
1183   4                      // [2:0] SEL_DIV = 3'b011 --> 375MHz ~ 750MHz
1184   4                      ScalerSetBit_EXINT(P7C_21_CMU_07, ~(_BIT2 | _BIT1 | _BIT0), (_BIT1 | _BIT0));
1185   4      
1186   4                      // [6:4] rate_sel = 3'b011 --> 375MHz ~ 750MHz
1187   4                      ScalerSetBit_EXINT(P7C_3E_EN_01, ~(_BIT6 | _BIT5 | _BIT4), (_BIT5 | _BIT4));
1188   4                  }
1189   3                  else if(GET_INPUT_PIXEL_CLK() <= 1500)
1190   3                  {
1191   4                      // Analog CDR Auto FLD Counter
1192   4                      // ref_conuter = 125
1193   4                      // cdr_counter = 500
C51 COMPILER V9.60.0.0   RL6432_SERIES_TMDSRX3                                             09/18/2026 20:39:33 PAGE 21  

1194   4                      // 125/500 = 1/4 = 5*(1/20 clock rate)
1195   4                      ScalerSetBit_EXINT(P7C_2D_ANA_CDR_03, ~(_BIT1 | _BIT0), _BIT0);
1196   4                      ScalerSetByte_EXINT(P7C_2E_ANA_CDR_04, 0x7C);
1197   4                      ScalerSetByte_EXINT(P7C_2F_ANA_CDR_05, 0xF3);
1198   4      
1199   4                      // [5:4] CMU_SELPREDIV = 2'b00 --> /1
1200   4                      ScalerSetBit_EXINT(P7C_1F_CMU_05, ~(_BIT5 | _BIT4), 0x00);
1201   4      
1202   4                      // [7:0] N_CODE = 8'b0001 0000 --> 16 + 4 = 20
1203   4                      ScalerSetByte_EXINT(P7C_20_CMU_06, 0x10);
1204   4      
1205   4                      // [2:0] SEL_DIV = 3'b010 --> 750MHz ~ 1500MHz
1206   4                      ScalerSetBit_EXINT(P7C_21_CMU_07, ~(_BIT2 | _BIT1 | _BIT0), _BIT1);
1207   4      
1208   4                      // [6:4] rate_sel = 3'b010 --> 750MHz ~ 1500MHz
1209   4                      ScalerSetBit_EXINT(P7C_3E_EN_01, ~(_BIT6 | _BIT5 | _BIT4), _BIT5);
1210   4                  }
1211   3                  else if(GET_INPUT_PIXEL_CLK() <= 3000)
1212   3                  {
1213   4                      // Analog CDR Auto FLD Counter
1214   4                      // ref_conuter = 250
1215   4                      // cdr_counter = 500
1216   4                      // 250/500 = 1/2 = 5*(1/10 clock rate)
1217   4                      ScalerSetBit_EXINT(P7C_2D_ANA_CDR_03, ~(_BIT1 | _BIT0), _BIT0);
1218   4                      ScalerSetByte_EXINT(P7C_2E_ANA_CDR_04, 0xF9);
1219   4                      ScalerSetByte_EXINT(P7C_2F_ANA_CDR_05, 0xF3);
1220   4      
1221   4                      // [5:4] CMU_SELPREDIV = 2'b00 --> /2
1222   4                      ScalerSetBit_EXINT(P7C_1F_CMU_05, ~(_BIT5 | _BIT4), _BIT4);
1223   4      
1224   4                      // [7:0] N_CODE = 8'b0001 0000 --> 16 + 4 = 20
1225   4                      ScalerSetByte_EXINT(P7C_20_CMU_06, 0x10);
1226   4      
1227   4                      // [2:0] SEL_DIV = 3'b001 --> 1500MHz ~ 3000MHz
1228   4                      ScalerSetBit_EXINT(P7C_21_CMU_07, ~(_BIT2 | _BIT1 | _BIT0), _BIT0);
1229   4      
1230   4                      // [6:4] rate_sel = 3'b001 --> 1500MHz ~ 3000MHz
1231   4                      ScalerSetBit_EXINT(P7C_3E_EN_01, ~(_BIT6 | _BIT5 | _BIT4), _BIT4);
1232   4                  }
1233   3                  else     // ACDR 1:10
1234   3                  {
1235   4                      // Analog CDR Auto FLD Counter
1236   4                      // ref_conuter = 500
1237   4                      // cdr_counter = 500
1238   4                      // 500/500 = 1/1 = 5*(1/5 clock rate)
1239   4                      ScalerSetBit_EXINT(P7C_2D_ANA_CDR_03, ~(_BIT1 | _BIT0), (_BIT1 | _BIT0));
1240   4                      ScalerSetByte_EXINT(P7C_2E_ANA_CDR_04, 0xF3);
1241   4                      ScalerSetByte_EXINT(P7C_2F_ANA_CDR_05, 0xF3);
1242   4      
1243   4                      // [2:0] rate_sel = 3'b000 --> 3000MHz ~ 6000MHz
1244   4                      ScalerSetBit_EXINT(P7C_21_CMU_07, ~(_BIT2 | _BIT1 | _BIT0), 0x00);
1245   4      
1246   4                      // [6:4] SEL_DIV = 3'b000 --> 3000MHz ~ 6000MHz
1247   4                      ScalerSetBit_EXINT(P7C_3E_EN_01, ~(_BIT6 | _BIT5 | _BIT4), 0x00);
1248   4                  }
1249   3              }
1250   2      #if(_D3_HDMI_2_0_SUPPORT == _ON)
1251   2              else  // ACDR 1:40
1252   2              {
1253   3                  // Analog CDR Auto FLD Counter
1254   3                  // ref_conuter = 125
1255   3                  // cdr_counter = 500
C51 COMPILER V9.60.0.0   RL6432_SERIES_TMDSRX3                                             09/18/2026 20:39:33 PAGE 22  

1256   3                  // 100/400 = 1/4 = 5*(1/20 clock rate)
1257   3                  ScalerSetBit_EXINT(P7C_2D_ANA_CDR_03, ~(_BIT1 | _BIT0), _BIT0);
1258   3                  ScalerSetByte_EXINT(P7C_2E_ANA_CDR_04, 0x7C);
1259   3                  ScalerSetByte_EXINT(P7C_2F_ANA_CDR_05, 0xF3);
1260   3      
1261   3                  // [2:0] rate_sel = 3'b000 --> 3000MHz ~ 6000MHz
1262   3                  ScalerSetBit_EXINT(P7C_21_CMU_07, ~(_BIT2 | _BIT1 | _BIT0), 0x00);
1263   3      
1264   3                  // [6:4] SEL_DIV = 3'b000 --> 3000MHz ~ 6000MHz
1265   3                  ScalerSetBit_EXINT(P7C_3E_EN_01, ~(_BIT6 | _BIT5 | _BIT4), 0x00);
1266   3              }
1267   2      #endif
1268   2          }
1269   1      
1270   1      
1271   1          /////////////////////
1272   1          // Rx Misc Setting //
1273   1          /////////////////////
1274   1      
1275   1          // [0] en_clkout_manual = 0 --> Disable Clkout
1276   1          ScalerSetBit_EXINT(P7C_0E_SDM_03, ~_BIT0, 0x00);
1277   1      
1278   1          // [0] en_eqen_manual = 0 --> Disable Clkout
1279   1          ScalerSetBit_EXINT(P7C_10_EQEN_TIMER, ~_BIT0, 0x00);
1280   1      
1281   1          // [0] en_data_manual = 0 --> Disable Dataout
1282   1          ScalerSetBit_EXINT(P7C_11_DATA_TIMER, ~_BIT0, 0x00);
1283   1      
1284   1          // [4] reg_acdr_l0_en = 1'b0 --> Disable Lane0 ACDR_DFE
1285   1          // [3] reg_en_data_manual_l0 = 1'b0
1286   1          // [2] reg_bypass_data_rdy_l0 = 1'b1
1287   1          // [1] reg_en_eqen_manual_l0 = 1'b0
1288   1          // [0] reg_bypass_eqen_rdy_l0 = 1'b1
1289   1          ScalerSetBit_EXINT(P7C_12_ANA_CDR, ~(_BIT4 | _BIT3 | _BIT2 | _BIT1 | _BIT0), (_BIT2 | _BIT0));
1290   1      
1291   1          // [6:4] RST_N = 3'b000 = 3'b111 -> Digital Circuit Reset Toggle
1292   1          // [2:0] Disable DCDR
1293   1          ScalerSetBit_EXINT(P7C_38_TMDS_RESET, ~(_BIT6 | _BIT5 | _BIT4 | _BIT2 | _BIT1 | _BIT0), 0x00);
1294   1          ScalerSetBit_EXINT(P7C_38_TMDS_RESET, ~(_BIT6 | _BIT5 | _BIT4 | _BIT2 | _BIT1 | _BIT0), (_BIT6 | _BIT5
             - | _BIT4));
1295   1      
1296   1      
1297   1          /////////////////
1298   1          // DFE Setting //
1299   1          /////////////////
1300   1      
1301   1          // Load DFE Initial Code
1302   1          ScalerTMDSRx3SetDFEInitial_EXINT0();
1303   1      
1304   1          // Enable Tap0~4
1305   1          ScalerSetBit_EXINT(P7C_21_CMU_07, ~(_BIT7 | _BIT6 | _BIT5 | _BIT4 | _BIT3), (_BIT7 | _BIT6 | _BIT5 | _
             -BIT4 | _BIT3));
1306   1      
1307   1          if(GET_INPUT_PIXEL_CLK() <= 2500)
1308   1          {
1309   2              // [3:1] LE_lowgain_highboost = 111 --> LE HighBoost Mode
1310   2              ScalerSetBit_EXINT(P7C_22_CMU_08, ~(_BIT3 | _BIT2 | _BIT1), (_BIT3 | _BIT2 | _BIT1));
1311   2          }
1312   1          else
1313   1          {
1314   2              // [3:1] LE_lowgain_highboost = 100 --> LE HighBoost Mode
1315   2              ScalerSetBit_EXINT(P7C_22_CMU_08, ~(_BIT3 | _BIT2 | _BIT1), _BIT3);
C51 COMPILER V9.60.0.0   RL6432_SERIES_TMDSRX3                                             09/18/2026 20:39:33 PAGE 23  

1316   2          }
1317   1      
1318   1          if(GET_INPUT_PIXEL_CLK() <= 2000)
1319   1          {
1320   2              // [7] SEL_DFE_DELAY = 1'b1 --> Increase DFE Delay
1321   2              ScalerSetBit_EXINT(P7C_22_CMU_08, ~_BIT7, _BIT7);
1322   2          }
1323   1          else
1324   1          {
1325   2              // [7] SEL_DFE_DELAY = 1'b0 --> Normal DFE Delay
1326   2              ScalerSetBit_EXINT(P7C_22_CMU_08, ~_BIT7, 0x00);
1327   2          }
1328   1      
1329   1          if(GET_INPUT_PIXEL_CLK() <= 2500)
1330   1          {
1331   2              // [7:5] LE_RLSEL = 3'b011
1332   2              // [4:2] LE_ISEL = 3'b000
1333   2              ScalerSetBit_EXINT(P7C_23_CMU_09, ~(_BIT7 | _BIT6 | _BIT5 | _BIT4 | _BIT3 | _BIT2), (_BIT6 | _BIT5
             -));
1334   2          }
1335   1          else if(GET_INPUT_PIXEL_CLK() <= 3400)
1336   1          {
1337   2              // [7:5] LE_RLSEL = 3'b001
1338   2              // [4:2] LE_ISEL = 3'b010
1339   2              ScalerSetBit_EXINT(P7C_23_CMU_09, ~(_BIT7 | _BIT6 | _BIT5 | _BIT4 | _BIT3 | _BIT2), (_BIT5 | _BIT3
             -));
1340   2          }
1341   1          else
1342   1          {
1343   2              // [7:5] LE_RLSEL = 3'b000
1344   2              // [4:2] LE_ISEL = 3'b011
1345   2              ScalerSetBit_EXINT(P7C_23_CMU_09, ~(_BIT7 | _BIT6 | _BIT5 | _BIT4 | _BIT3 | _BIT2), (_BIT3 | _BIT2
             -));
1346   2          }
1347   1      
1348   1          if(GET_INPUT_PIXEL_CLK() <= 3000)
1349   1          {
1350   2              // [0] Half_PD = 0 --> Full Rate PD
1351   2              ScalerSetBit_EXINT(P7C_22_CMU_08, ~_BIT0, 0x00);
1352   2          }
1353   1          else
1354   1          {
1355   2              // [0] Half_PD = 1 --> Half Rate PD
1356   2              ScalerSetBit_EXINT(P7C_22_CMU_08, ~_BIT0, _BIT0);
1357   2          }
1358   1      
1359   1      
1360   1          ////////////////////
1361   1          // First K Offset //
1362   1          ////////////////////
1363   1      
1364   1          // Disable Sumamp High Gain Mode
1365   1          ScalerSetBit_EXINT(P7C_1D_CMU_03, ~_BIT4, 0x00);
1366   1      
1367   1          // [5] Enable Foreground Calibration Auto Mode
1368   1          ScalerSetBit_EXINT(P7C_24_KOFFSET_00, ~_BIT5, _BIT5);
1369   1      
1370   1          // [6] Toggle Foreground Calibration
1371   1          ScalerSetBit_EXINT(P7C_24_KOFFSET_00, ~_BIT6, _BIT6);
1372   1          ScalerSetBit_EXINT(P7C_24_KOFFSET_00, ~_BIT6, 0x00);
1373   1          ScalerSetBit_EXINT(P7C_24_KOFFSET_00, ~_BIT6, _BIT6);
1374   1      
C51 COMPILER V9.60.0.0   RL6432_SERIES_TMDSRX3                                             09/18/2026 20:39:33 PAGE 24  

1375   1          // Waiting for K Offset
1376   1          DELAY_XUS_EXINT(50);
1377   1      
1378   1      
1379   1          ///////////////////////////////////
1380   1          // FLD Lock Band & DFE Adaptation//
1381   1          ///////////////////////////////////
1382   1      
1383   1          // [7] reg_auto_mode = 1'b1 --> FLD Select Auto Mode
1384   1          // [6] reg_adp_en_manual = 1'b0 --> Disable adp_en_manual
1385   1          // [5] reg_cp_en_manual = 1'b0 -->  Disable cp_en_manual
1386   1          // [4] reg_adp_eq_off = 1'b0 --> Enable Analog CDR DFE Adaptation
1387   1          // [3] xtal_en = 0 --> FLD Reference Input Clock
1388   1          // [0] reg_cp_adj_en = 1'b1 --> Enable Adjust Icp When Tracking
1389   1          ScalerSetBit_EXINT(P7C_2B_ANA_CDR_01, ~(_BIT7 | _BIT6 | _BIT5 | _BIT4 | _BIT3 | _BIT0), (_BIT7 | _BIT0
             -));
1390   1      
1391   1          // [5] en_wide_temp = 1'b1 --> Enable Wide Temp VCO Band
1392   1          ScalerSetBit_EXINT(P7C_2D_ANA_CDR_03, ~_BIT5, _BIT5);
1393   1      
1394   1          // [3:2] en_vcm_tune = 2'b11 --> Vc = Vdd/2
1395   1          ScalerSetBit_EXINT(P7C_2C_ANA_CDR_02, ~(_BIT3 | _BIT2), (_BIT3 | _BIT2));
1396   1      
1397   1          if(ScalerGetBit_EXINT(P7C_1B_CMU_01, _BIT0) == _BIT0) // DCDR
1398   1          {
1399   2              // [7] reg_rstb_fsm --> Toggle for FLD reset
1400   2              ScalerSetBit_EXINT(P7C_2A_ANA_CDR_00, ~_BIT7, 0x00);
1401   2              ScalerSetBit_EXINT(P7C_2A_ANA_CDR_00, ~_BIT7, _BIT7);
1402   2      
1403   2              // Waiting for FLD Lock Band
1404   2              DELAY_XUS_EXINT(360);
1405   2      
1406   2              // [7] cmu_en = 1'b1 --> Enable CMU PLL
1407   2              ScalerSetBit_EXINT(P7C_1B_CMU_01, ~_BIT7, _BIT7);
1408   2      
1409   2              // Enable Digital CDR
1410   2              ScalerSetByte_EXINT(P7C_38_TMDS_RESET, 0xFF);
1411   2      
1412   2              // Waiting for CMU Stable
1413   2              DELAY_XUS_EXINT(150);
1414   2      
1415   2              // [0] en_clkout_manual = 1 --> Enable Clkout
1416   2              ScalerSetBit_EXINT(P7C_0E_SDM_03, ~_BIT0, _BIT0);
1417   2      
1418   2              // [0] en_eqen_manual = 1 --> Enable Adaptation
1419   2              ScalerSetBit_EXINT(P7C_10_EQEN_TIMER, ~_BIT0, _BIT0);
1420   2      
1421   2              if(GET_INPUT_PIXEL_CLK() <= 375) // TMDS Clock < 375
1422   2              {
1423   3                  // Disable Adaptation Loop  0x000
1424   3                  ScalerSetByte_EXINT(P7C_A1_L0_DFE_EN_2, 0x00);
1425   3                  ScalerSetByte_EXINT(P7C_B1_L1_DFE_EN_2, 0x00);
1426   3                  ScalerSetByte_EXINT(P7C_C1_L2_DFE_EN_2, 0x00);
1427   3              }
1428   2              else if(GET_INPUT_PIXEL_CLK() <= 1000)// 375~1000
1429   2              {
1430   3                  // Enable the Vth, Tap0~1 Adaptation Loop 0x043
1431   3                  ScalerSetByte_EXINT(P7C_A1_L0_DFE_EN_2, 0x43);
1432   3                  ScalerSetByte_EXINT(P7C_B1_L1_DFE_EN_2, 0x43);
1433   3                  ScalerSetByte_EXINT(P7C_C1_L2_DFE_EN_2, 0x43);
1434   3              }
1435   2              else
C51 COMPILER V9.60.0.0   RL6432_SERIES_TMDSRX3                                             09/18/2026 20:39:33 PAGE 25  

1436   2              {
1437   3                  // Enable the LE, Vth, Tap0~1 Adaptation Loop 0x0C3
1438   3                  ScalerSetByte_EXINT(P7C_A1_L0_DFE_EN_2, 0xC3);
1439   3                  ScalerSetByte_EXINT(P7C_B1_L1_DFE_EN_2, 0xC3);
1440   3                  ScalerSetByte_EXINT(P7C_C1_L2_DFE_EN_2, 0xC3);
1441   3              }
1442   2      
1443   2              // Waiting for the Adaptation
1444   2              DELAY_XUS_EXINT(290);
1445   2          }
1446   1          else if(GET_INPUT_PIXEL_CLK() <= 3400) // 2000~3400 Analog CDR
1447   1          {
1448   2              // [7] cmu_en = 1'b1 --> Enable CMU PLL
1449   2              ScalerSetBit_EXINT(P7C_1B_CMU_01, ~_BIT7, _BIT7);
1450   2      
1451   2              // [4] reg_acdr_l0_en = 1'b1 --> Enable Lane0 ACDR
1452   2              // [1] reg_en_eqen_manual_l0 = 1'b1
1453   2              ScalerSetBit_EXINT(P7C_12_ANA_CDR, ~(_BIT4 | _BIT1), (_BIT4 | _BIT1));
1454   2      
1455   2              // [7] reg_rstb_fsm --> Toggle for FLD reset
1456   2              ScalerSetBit_EXINT(P7C_2A_ANA_CDR_00, ~_BIT7, 0x00);
1457   2              ScalerSetBit_EXINT(P7C_2A_ANA_CDR_00, ~_BIT7, _BIT7);
1458   2      
1459   2              // Enable LE, Vth, Tap0~4 Adaptation
1460   2              ScalerSetByte_EXINT(P7C_A1_L0_DFE_EN_2, 0xDF);
1461   2              ScalerSetByte_EXINT(P7C_B1_L1_DFE_EN_2, 0xDF);
1462   2              ScalerSetByte_EXINT(P7C_C1_L2_DFE_EN_2, 0xDF);
1463   2      
1464   2              // Waiting for VCO Stable & DFE Adaptation
1465   2              DELAY_XUS_EXINT(360);
1466   2      
1467   2      #if(_D3_INPUT_PORT_TYPE == _D3_MHL_PORT)
                      if(ScalerGetBit_EXINT(P7C_17_BANDGAP_03, _BIT1) == _BIT1)  // MHL Mode
                      {
                          if(GET_INPUT_PIXEL_CLK() > 2500) // for 2500~3000 MHL PP Mode
                          {
                              // Start to Record LE Max/Min
                              ScalerSetBit_EXINT(P7C_F2_COEF_3, ~_BIT0, _BIT0);
              
                              // Waiting for DFE Adaptation
                              DELAY_XUS_EXINT(150);
              
                              // Stop to Record LE Max/Min
                              ScalerSetBit_EXINT(P7C_F2_COEF_3, ~_BIT0, 0x00);
              
                              // Disable All Adaptation Loop
                              ScalerSetByte_EXINT(P7C_A1_L0_DFE_EN_2, 0x00);
              
                              // Read Back LE Max
                              ScalerSetBit_EXINT(P7C_F2_COEF_3, ~(_BIT5 | _BIT4 | _BIT3 | _BIT2 | _BIT1), _BIT3);
              
                              // Read Back Lane0
                              ScalerSetBit_EXINT(P7C_F2_COEF_3, ~(_BIT7 | _BIT6), 0x00);
                              g_pucTMDSRx3LEMax[0] = ScalerGetByte_EXINT(P7C_F3_COEF_4);
              
                              // Set Max Value of LE
                              ScalerSetBit_EXINT(P7C_A5_L0_INIT_3, ~(_BIT5 | _BIT4 | _BIT3 | _BIT2 | _BIT1 | _BIT0), g_p
             -ucTMDSRx3LEMax[0]);
              
                              // Reload LE Max
                              ScalerSetBit_EXINT(P7C_AA_L0_INIT_8, ~_BIT1, _BIT1);
                              ScalerSetBit_EXINT(P7C_AA_L0_INIT_8, ~_BIT1, 0x00);
C51 COMPILER V9.60.0.0   RL6432_SERIES_TMDSRX3                                             09/18/2026 20:39:33 PAGE 26  

                          }
                      }
                      else // HDMI Mode
              #endif
1501   2              {
1502   3                  if(GET_INPUT_PIXEL_CLK() > 2900) // for 2900~3400 10M Cable Case
1503   3                  {
1504   4                      // Start to Record LE Max/Min
1505   4                      ScalerSetBit_EXINT(P7C_F2_COEF_3, ~_BIT0, _BIT0);
1506   4      
1507   4                      // Waiting for DFE Adaptation
1508   4                      DELAY_XUS_EXINT(150);
1509   4      
1510   4                      // Stop to Record LE Max/Min
1511   4                      ScalerSetBit_EXINT(P7C_F2_COEF_3, ~_BIT0, 0x00);
1512   4      
1513   4                      // Disable All Adaptation Loop
1514   4                      ScalerSetByte_EXINT(P7C_A1_L0_DFE_EN_2, 0x00);
1515   4                      ScalerSetByte_EXINT(P7C_B1_L1_DFE_EN_2, 0x00);
1516   4                      ScalerSetByte_EXINT(P7C_C1_L2_DFE_EN_2, 0x00);
1517   4      
1518   4                      // Read Back LE Max
1519   4                      ScalerSetBit_EXINT(P7C_F2_COEF_3, ~(_BIT5 | _BIT4 | _BIT3 | _BIT2 | _BIT1), _BIT3);
1520   4      
1521   4                      // Read Back Lane0
1522   4                      ScalerSetBit_EXINT(P7C_F2_COEF_3, ~(_BIT7 | _BIT6), 0x00);
1523   4                      g_pucTMDSRx3LEMax[0] = ScalerGetByte_EXINT(P7C_F3_COEF_4);
1524   4      
1525   4                      // Read Back Lane1
1526   4                      ScalerSetBit_EXINT(P7C_F2_COEF_3, ~(_BIT7 | _BIT6), _BIT6);
1527   4                      g_pucTMDSRx3LEMax[1] = ScalerGetByte_EXINT(P7C_F3_COEF_4);
1528   4      
1529   4                      // Read Back Lane2
1530   4                      ScalerSetBit_EXINT(P7C_F2_COEF_3, ~(_BIT7 | _BIT6), _BIT7);
1531   4                      g_pucTMDSRx3LEMax[2] = ScalerGetByte_EXINT(P7C_F3_COEF_4);
1532   4      
1533   4                      // Read Back Tap1 Max
1534   4                      ScalerSetBit_EXINT(P7C_F2_COEF_3, ~(_BIT5 | _BIT4 | _BIT3 | _BIT2 | _BIT1), _BIT2);
1535   4      
1536   4                      // Read Back Lane0
1537   4                      ScalerSetBit_EXINT(P7C_F2_COEF_3, ~(_BIT7 | _BIT6), 0x00);
1538   4                      g_pucTMDSRx3Tap1Max[0] = ScalerGetByte_EXINT(P7C_F3_COEF_4);
1539   4      
1540   4                      // Read Back Lane1
1541   4                      ScalerSetBit_EXINT(P7C_F2_COEF_3, ~(_BIT7 | _BIT6), _BIT6);
1542   4                      g_pucTMDSRx3Tap1Max[1] = ScalerGetByte_EXINT(P7C_F3_COEF_4);
1543   4      
1544   4                      // Read Back Lane2
1545   4                      ScalerSetBit_EXINT(P7C_F2_COEF_3, ~(_BIT7 | _BIT6), _BIT7);
1546   4                      g_pucTMDSRx3Tap1Max[2] = ScalerGetByte_EXINT(P7C_F3_COEF_4);
1547   4      
1548   4                      // Lane0 LEQ >= 20
1549   4                      if(g_pucTMDSRx3LEMax[0] >= 16)
1550   4                      {
1551   5                          // Set Tap2 = 6
1552   5                          ScalerSetByte_EXINT(P7C_A6_L0_INIT_4, 0x06);
1553   5      
1554   5                          // Set Max Value of LE + Tap1
1555   5                          ScalerSetBit_EXINT(P7C_A5_L0_INIT_3, ~(_BIT5 | _BIT4 | _BIT3 | _BIT2 | _BIT1 | _BIT0),
             - (g_pucTMDSRx3LEMax[0] + g_pucTMDSRx3Tap1Max[0]));
1556   5      
1557   5                          // Reload LE/Tap1~2
C51 COMPILER V9.60.0.0   RL6432_SERIES_TMDSRX3                                             09/18/2026 20:39:33 PAGE 27  

1558   5                          ScalerSetBit_EXINT(P7C_AA_L0_INIT_8, ~(_BIT2 | _BIT1), (_BIT2 | _BIT1));
1559   5                          ScalerSetBit_EXINT(P7C_AA_L0_INIT_8, ~(_BIT2 | _BIT1), 0x00);
1560   5                      }
1561   4      
1562   4                      // Lane1 LEQ >= 20
1563   4                      if(g_pucTMDSRx3LEMax[1] >= 16)
1564   4                      {
1565   5                          // Set Tap2 = 6
1566   5                          ScalerSetByte_EXINT(P7C_B6_L1_INIT_4, 0x06);
1567   5      
1568   5                          // Set Max Value of LE + Tap1
1569   5                          ScalerSetBit_EXINT(P7C_B5_L1_INIT_3, ~(_BIT5 | _BIT4 | _BIT3 | _BIT2 | _BIT1 | _BIT0),
             - (g_pucTMDSRx3LEMax[1] + g_pucTMDSRx3Tap1Max[1]));
1570   5      
1571   5                          // Reload LE/Tap1~2
1572   5                          ScalerSetBit_EXINT(P7C_BA_L1_INIT_8, ~(_BIT2 | _BIT1), (_BIT2 | _BIT1));
1573   5                          ScalerSetBit_EXINT(P7C_BA_L1_INIT_8, ~(_BIT2 | _BIT1), 0x00);
1574   5                      }
1575   4      
1576   4                      // Lane2 LEQ >= 20
1577   4                      if(g_pucTMDSRx3LEMax[2] >= 16)
1578   4                      {
1579   5                          // Set Tap2 = 6
1580   5                          ScalerSetByte_EXINT(P7C_C6_L2_INIT_4, 0x06);
1581   5      
1582   5                          // Set Max Value of LE + Tap1
1583   5                          ScalerSetBit_EXINT(P7C_C5_L2_INIT_3, ~(_BIT5 | _BIT4 | _BIT3 | _BIT2 | _BIT1 | _BIT0),
             - (g_pucTMDSRx3LEMax[2] + g_pucTMDSRx3Tap1Max[2]));
1584   5      
1585   5                          // Reload LE/Tap1~2
1586   5                          ScalerSetBit_EXINT(P7C_CA_L2_INIT_8, ~(_BIT2 | _BIT1), (_BIT2 | _BIT1));
1587   5                          ScalerSetBit_EXINT(P7C_CA_L2_INIT_8, ~(_BIT2 | _BIT1), 0x00);
1588   5                      }
1589   4                  }
1590   3              }
1591   2      
1592   2              // Disable Adaptation
1593   2              ScalerSetByte_EXINT(P7C_A1_L0_DFE_EN_2, 0x00);
1594   2              ScalerSetByte_EXINT(P7C_B1_L1_DFE_EN_2, 0x00);
1595   2              ScalerSetByte_EXINT(P7C_C1_L2_DFE_EN_2, 0x00);
1596   2          }
1597   1          else  // 3400~6000 Analog CDR
1598   1          {
1599   2              // [7] cmu_en = 1'b1 --> Enable CMU PLL
1600   2              ScalerSetBit_EXINT(P7C_1B_CMU_01, ~_BIT7, _BIT7);
1601   2      
1602   2              // [4] reg_acdr_l0_en = 1'b1 --> Enable Lane0 ACDR
1603   2              // [1] reg_en_eqen_manual_l0 = 1'b1
1604   2              ScalerSetBit_EXINT(P7C_12_ANA_CDR, ~(_BIT4 | _BIT1), (_BIT4 | _BIT1));
1605   2      
1606   2              // [7] reg_rstb_fsm --> Toggle for FLD reset
1607   2              ScalerSetBit_EXINT(P7C_2A_ANA_CDR_00, ~_BIT7, 0x00);
1608   2              ScalerSetBit_EXINT(P7C_2A_ANA_CDR_00, ~_BIT7, _BIT7);
1609   2      
1610   2              // Enable LE, Vth, Tap0~4 Adaptation
1611   2              ScalerSetByte_EXINT(P7C_A1_L0_DFE_EN_2, 0xDF);
1612   2              ScalerSetByte_EXINT(P7C_B1_L1_DFE_EN_2, 0xDF);
1613   2              ScalerSetByte_EXINT(P7C_C1_L2_DFE_EN_2, 0xDF);
1614   2      
1615   2              // Waiting for VCO Stable & DFE Adaptation
1616   2              DELAY_XUS_EXINT(360);
1617   2      
C51 COMPILER V9.60.0.0   RL6432_SERIES_TMDSRX3                                             09/18/2026 20:39:33 PAGE 28  

1618   2      #if(_INPUTCLOCK_RANG_DVI >= 3400)
1619   2              // Delay 2.9ms due to RLE0638 is unscrambled source.
1620   2              DELAY_XUS_EXINT(1000);
1621   2              DELAY_XUS_EXINT(1000);
1622   2              DELAY_XUS_EXINT(900);
1623   2      #endif
1624   2      
1625   2              // Start to Record Tap0/Tap1 Max/Min
1626   2              ScalerSetBit_EXINT(P7C_F2_COEF_3, ~_BIT0, _BIT0);
1627   2      
1628   2              // Waiting for DFE Adaptation
1629   2              DELAY_XUS_EXINT(150);
1630   2      
1631   2              // Stop to Record Tap0 Max/Min
1632   2              ScalerSetBit_EXINT(P7C_F2_COEF_3, ~_BIT0, 0x00);
1633   2      
1634   2              // Disable Adaptation
1635   2              ScalerSetByte_EXINT(P7C_A1_L0_DFE_EN_2, 0x00);
1636   2              ScalerSetByte_EXINT(P7C_B1_L1_DFE_EN_2, 0x00);
1637   2              ScalerSetByte_EXINT(P7C_C1_L2_DFE_EN_2, 0x00);
1638   2      
1639   2              // Read Back Tap0 Min
1640   2              ScalerSetBit_EXINT(P7C_F2_COEF_3, ~(_BIT5 | _BIT4 | _BIT3 | _BIT2 | _BIT1), _BIT1);
1641   2      
1642   2              // Read Back Lane0
1643   2              ScalerSetBit_EXINT(P7C_F2_COEF_3, ~(_BIT7 | _BIT6), 0x00);
1644   2              g_pucTMDSRx3Tap0Min[0] = ScalerGetByte_EXINT(P7C_F3_COEF_4);
1645   2      
1646   2              // Read Back Lane1
1647   2              ScalerSetBit_EXINT(P7C_F2_COEF_3, ~(_BIT7 | _BIT6), _BIT6);
1648   2              g_pucTMDSRx3Tap0Min[1] = ScalerGetByte_EXINT(P7C_F3_COEF_4);
1649   2      
1650   2              // Read Back Lane2
1651   2              ScalerSetBit_EXINT(P7C_F2_COEF_3, ~(_BIT7 | _BIT6), _BIT7);
1652   2              g_pucTMDSRx3Tap0Min[2] = ScalerGetByte_EXINT(P7C_F3_COEF_4);
1653   2      
1654   2              // Reload Max Value of Tap0
1655   2              ScalerSetByte_EXINT(P7C_A4_L0_INIT_2, g_pucTMDSRx3Tap0Min[0]);
1656   2              ScalerSetByte_EXINT(P7C_B4_L1_INIT_2, g_pucTMDSRx3Tap0Min[1]);
1657   2              ScalerSetByte_EXINT(P7C_C4_L2_INIT_2, g_pucTMDSRx3Tap0Min[2]);
1658   2      
1659   2              // Reload Tap0
1660   2              ScalerSetByte_EXINT(P7C_AA_L0_INIT_8, 0x01);
1661   2              ScalerSetByte_EXINT(P7C_BA_L1_INIT_8, 0x01);
1662   2              ScalerSetByte_EXINT(P7C_CA_L2_INIT_8, 0x01);
1663   2              ScalerSetByte_EXINT(P7C_AA_L0_INIT_8, 0x00);
1664   2              ScalerSetByte_EXINT(P7C_BA_L1_INIT_8, 0x00);
1665   2              ScalerSetByte_EXINT(P7C_CA_L2_INIT_8, 0x00);
1666   2      
1667   2              // Enable LE/Tap1 Adapt
1668   2              ScalerSetByte_EXINT(P7C_A1_L0_DFE_EN_2, 0x82);
1669   2              ScalerSetByte_EXINT(P7C_B1_L1_DFE_EN_2, 0x82);
1670   2              ScalerSetByte_EXINT(P7C_C1_L2_DFE_EN_2, 0x82);
1671   2      
1672   2              // Waiting for DFE Adaptation
1673   2              DELAY_XUS_EXINT(290);
1674   2      
1675   2              // Start to Record LE Max/Min
1676   2              ScalerSetBit_EXINT(P7C_F2_COEF_3, ~_BIT0, _BIT0);
1677   2      
1678   2              // Waiting for DFE Adaptation
1679   2              DELAY_XUS_EXINT(150);
C51 COMPILER V9.60.0.0   RL6432_SERIES_TMDSRX3                                             09/18/2026 20:39:33 PAGE 29  

1680   2      
1681   2              // Stop to Record LE Max/Min
1682   2              ScalerSetBit_EXINT(P7C_F2_COEF_3, ~_BIT0, 0x00);
1683   2      
1684   2              // Disable Adaptation
1685   2              ScalerSetByte_EXINT(P7C_A1_L0_DFE_EN_2, 0x00);
1686   2              ScalerSetByte_EXINT(P7C_B1_L1_DFE_EN_2, 0x00);
1687   2              ScalerSetByte_EXINT(P7C_C1_L2_DFE_EN_2, 0x00);
1688   2      
1689   2              // Read Back LE Min
1690   2              ScalerSetBit_EXINT(P7C_F2_COEF_3, ~(_BIT5 | _BIT4 | _BIT3 | _BIT2 | _BIT1), (_BIT3 | _BIT1));
1691   2      
1692   2              // Read Back Lane0
1693   2              ScalerSetBit_EXINT(P7C_F2_COEF_3, ~(_BIT7 | _BIT6), 0x00);
1694   2              g_pucTMDSRx3LEMin[0] = ScalerGetByte_EXINT(P7C_F3_COEF_4);
1695   2      
1696   2              // Read Back Lane1
1697   2              ScalerSetBit_EXINT(P7C_F2_COEF_3, ~(_BIT7 | _BIT6), _BIT6);
1698   2              g_pucTMDSRx3LEMin[1] = ScalerGetByte_EXINT(P7C_F3_COEF_4);
1699   2      
1700   2              // Read Back Lane2
1701   2              ScalerSetBit_EXINT(P7C_F2_COEF_3, ~(_BIT7 | _BIT6), _BIT7);
1702   2              g_pucTMDSRx3LEMin[2] = ScalerGetByte_EXINT(P7C_F3_COEF_4);
1703   2      
1704   2              // Read Back LE Max
1705   2              ScalerSetBit_EXINT(P7C_F2_COEF_3, ~(_BIT5 | _BIT4 | _BIT3 | _BIT2 | _BIT1), _BIT3);
1706   2      
1707   2              // Read Back Lane0
1708   2              ScalerSetBit_EXINT(P7C_F2_COEF_3, ~(_BIT7 | _BIT6), 0x00);
1709   2              g_pucTMDSRx3LEMax[0] = ScalerGetByte_EXINT(P7C_F3_COEF_4);
1710   2      
1711   2              // Read Back Lane1
1712   2              ScalerSetBit_EXINT(P7C_F2_COEF_3, ~(_BIT7 | _BIT6), _BIT6);
1713   2              g_pucTMDSRx3LEMax[1] = ScalerGetByte_EXINT(P7C_F3_COEF_4);
1714   2      
1715   2              // Read Back Lane2
1716   2              ScalerSetBit_EXINT(P7C_F2_COEF_3, ~(_BIT7 | _BIT6), _BIT7);
1717   2              g_pucTMDSRx3LEMax[2] = ScalerGetByte_EXINT(P7C_F3_COEF_4);
1718   2      
1719   2              // Read Back Tap1 Max
1720   2              ScalerSetBit_EXINT(P7C_F2_COEF_3, ~(_BIT5 | _BIT4 | _BIT3 | _BIT2 | _BIT1), _BIT2);
1721   2      
1722   2              // Read Back Lane0
1723   2              ScalerSetBit_EXINT(P7C_F2_COEF_3, ~(_BIT7 | _BIT6), 0x00);
1724   2              g_pucTMDSRx3Tap1Max[0] = ScalerGetByte_EXINT(P7C_F3_COEF_4);
1725   2      
1726   2              // Read Back Lane1
1727   2              ScalerSetBit_EXINT(P7C_F2_COEF_3, ~(_BIT7 | _BIT6), _BIT6);
1728   2              g_pucTMDSRx3Tap1Max[1] = ScalerGetByte_EXINT(P7C_F3_COEF_4);
1729   2      
1730   2              // Read Back Lane2
1731   2              ScalerSetBit_EXINT(P7C_F2_COEF_3, ~(_BIT7 | _BIT6), _BIT7);
1732   2              g_pucTMDSRx3Tap1Max[2] = ScalerGetByte_EXINT(P7C_F3_COEF_4);
1733   2      
1734   2              // Reload LE/Tap1 to Max
1735   2              ScalerSetByte_EXINT(P7C_A5_L0_INIT_3, g_pucTMDSRx3LEMax[0] + g_pucTMDSRx3Tap1Max[0]);
1736   2              ScalerSetByte_EXINT(P7C_B5_L1_INIT_3, g_pucTMDSRx3LEMax[1] + g_pucTMDSRx3Tap1Max[1]);
1737   2              ScalerSetByte_EXINT(P7C_C5_L2_INIT_3, g_pucTMDSRx3LEMax[2] + g_pucTMDSRx3Tap1Max[2]);
1738   2      
1739   2              // Reload LE + Tap1
1740   2              ScalerSetByte_EXINT(P7C_AA_L0_INIT_8, 0x02);
1741   2              ScalerSetByte_EXINT(P7C_BA_L1_INIT_8, 0x02);
C51 COMPILER V9.60.0.0   RL6432_SERIES_TMDSRX3                                             09/18/2026 20:39:33 PAGE 30  

1742   2              ScalerSetByte_EXINT(P7C_CA_L2_INIT_8, 0x02);
1743   2              ScalerSetByte_EXINT(P7C_AA_L0_INIT_8, 0x00);
1744   2              ScalerSetByte_EXINT(P7C_BA_L1_INIT_8, 0x00);
1745   2              ScalerSetByte_EXINT(P7C_CA_L2_INIT_8, 0x00);
1746   2          }
1747   1      
1748   1      #if(_D3_INPUT_PORT_TYPE == _D3_MHL_PORT)
                  if(ScalerGetBit_EXINT(P7C_17_BANDGAP_03, _BIT1) == _BIT1)  // MHL Mode
                  {
                      // Disable Adaptation
                      ScalerSetByte_EXINT(P7C_A1_L0_DFE_EN_2, 0x00);
              
                      // [4] reg_adp_eq_off = 1'b1 --> Disable Adaptation for Analog CDR
                      ScalerSetBit_EXINT(P7C_2B_ANA_CDR_01, ~_BIT4, _BIT4);
              
                      // [1] reg_en_eqen_manual_l0 = 1'b0
                      ScalerSetBit_EXINT(P7C_12_ANA_CDR, ~_BIT1, 0x00);
              
                      // Reload Tap0 = 21
                      ScalerSetByte_EXINT(P7C_A4_L0_INIT_2, 0x15);
                      ScalerSetByte_EXINT(P7C_AA_L0_INIT_8, 0x01);
                      ScalerSetByte_EXINT(P7C_AA_L0_INIT_8, 0x00);
              
                      // Enable Sumamp High Gain Mode
                      ScalerSetBit_EXINT(P7C_1D_CMU_03, ~_BIT4, _BIT4);
              
                      /////////////////////
                      // Second K Offset //
                      /////////////////////
              
                      // [5] Enable Foreground Calibration Auto Mode
                      ScalerSetBit_EXINT(P7C_24_KOFFSET_00, ~_BIT5, _BIT5);
              
                      // [6] Toggle Foreground Calibration
                      ScalerSetBit_EXINT(P7C_24_KOFFSET_00, ~_BIT6, _BIT6);
                      ScalerSetBit_EXINT(P7C_24_KOFFSET_00, ~_BIT6, 0x00);
                      ScalerSetBit_EXINT(P7C_24_KOFFSET_00, ~_BIT6, _BIT6);
              
                      // Waiting for K Offset
                      DELAY_XUS_EXINT(150);
              
                      // Set Manual FLD Fine Tune OK
                      ScalerTMDSRx3FLDBandFineTune_EXINT0();
              
                      // [3:0] reg_cdr_cp_in --> Double Icp to Enlarge Locking Range
                      if(ucIcp > 7)
                      {
                          ScalerSetBit_EXINT(P7C_31_ANA_CDR_07, ~(_BIT3 | _BIT2 | _BIT1 | _BIT0), (_BIT3 | _BIT2 | _BIT1
             - | _BIT0));
                      }
                      else
                      {
                          ScalerSetBit_EXINT(P7C_31_ANA_CDR_07, ~(_BIT3 | _BIT2 | _BIT1 | _BIT0), (ucIcp << 1));
                      }
              
                      // Waiting for VCO Stable
                      DELAY_25US_EXINT();
              
                      // [6] reg_adj_en_manual = 1'b1 -->  Enable adj_en_manual
                      // [5] reg_cp_en_manual = 1'b1 -->  Enable cp_en_manual
                      ScalerSetBit_EXINT(P7C_2B_ANA_CDR_01, ~(_BIT6 | _BIT5), (_BIT6 | _BIT5));
              
C51 COMPILER V9.60.0.0   RL6432_SERIES_TMDSRX3                                             09/18/2026 20:39:33 PAGE 31  

                      // Waiting for VCO Stable
                      DELAY_XUS_EXINT(80);
              
                      // [3:0] reg_cdr_cp_in --> Restore Icp to Original Setting
                      ScalerSetBit_EXINT(P7C_31_ANA_CDR_07, ~(_BIT3 | _BIT2 | _BIT1 | _BIT0), ucIcp);
              
                      // Waiting for VCO Stable
                      DELAY_XUS_EXINT(80);
                  }
                  else
              #endif
1814   1          {
1815   2              if(ScalerGetBit_EXINT(P7C_1B_CMU_01, _BIT0) == _BIT0) // DCDR
1816   2              {
1817   3                  // Disable the Vth Adaptation Loop
1818   3                  ScalerSetBit_EXINT(P7C_A1_L0_DFE_EN_2, ~_BIT6, 0x00);
1819   3                  ScalerSetBit_EXINT(P7C_B1_L1_DFE_EN_2, ~_BIT6, 0x00);
1820   3                  ScalerSetBit_EXINT(P7C_C1_L2_DFE_EN_2, ~_BIT6, 0x00);
1821   3              }
1822   2              else // 2000~6000 ACDR
1823   2              {
1824   3                  // [4] reg_adp_eq_off = 1'b1 --> Disable Adaptation for Analog CDR
1825   3                  ScalerSetBit_EXINT(P7C_2B_ANA_CDR_01, ~_BIT4, _BIT4);
1826   3      
1827   3                  // [1] reg_en_eqen_manual_l0 = 1'b0
1828   3                  ScalerSetBit_EXINT(P7C_12_ANA_CDR, ~_BIT1, 0x00);
1829   3      
1830   3                  if(GET_INPUT_PIXEL_CLK() <= 5000) // <5Gbps Data Rate
1831   3                  {
1832   4                      // Enable Sumamp High Gain Mode
1833   4                      ScalerSetBit_EXINT(P7C_1D_CMU_03, ~_BIT4, _BIT4);
1834   4                  }
1835   3                  else
1836   3                  {
1837   4                      // Reload Tap0 = 21
1838   4                      ScalerSetByte_EXINT(P7C_A4_L0_INIT_2, 0x15);
1839   4                      ScalerSetByte_EXINT(P7C_B4_L1_INIT_2, 0x15);
1840   4                      ScalerSetByte_EXINT(P7C_C4_L2_INIT_2, 0x15);
1841   4                      ScalerSetByte_EXINT(P7C_AA_L0_INIT_8, 0x01);
1842   4                      ScalerSetByte_EXINT(P7C_BA_L1_INIT_8, 0x01);
1843   4                      ScalerSetByte_EXINT(P7C_CA_L2_INIT_8, 0x01);
1844   4                      ScalerSetByte_EXINT(P7C_AA_L0_INIT_8, 0x00);
1845   4                      ScalerSetByte_EXINT(P7C_BA_L1_INIT_8, 0x00);
1846   4                      ScalerSetByte_EXINT(P7C_CA_L2_INIT_8, 0x00);
1847   4                  }
1848   3      
1849   3      
1850   3                  /////////////////////
1851   3                  // Second K Offset //
1852   3                  /////////////////////
1853   3      
1854   3                  // Read Back K offset Lane0
1855   3                  if((ScalerGetByte_EXINT(P7C_27_KOFFSET_03) & 0x1F) > 24)
1856   3                  {
1857   4                      // Set Servo = 24
1858   4                      ScalerSetBit_EXINT(P7C_A3_L0_INIT_1, ~(_BIT4 | _BIT3 | _BIT2 | _BIT1 | _BIT0), (_BIT4 | _B
             -IT3));
1859   4                  }
1860   3                  else if((ScalerGetByte_EXINT(P7C_27_KOFFSET_03) & 0x1F) < 8)
1861   3                  {
1862   4                      // Set Servo = 8
1863   4                      ScalerSetBit_EXINT(P7C_A3_L0_INIT_1, ~(_BIT4 | _BIT3 | _BIT2 | _BIT1 | _BIT0), _BIT3);
C51 COMPILER V9.60.0.0   RL6432_SERIES_TMDSRX3                                             09/18/2026 20:39:33 PAGE 32  

1864   4                  }
1865   3      
1866   3                  // Read Back K offset Lane1
1867   3                  if((ScalerGetByte_EXINT(P7C_28_KOFFSET_04) & 0x1F) > 24)
1868   3                  {
1869   4                      // Set Servo = 24
1870   4                      ScalerSetBit_EXINT(P7C_B3_L1_INIT_1, ~(_BIT4 | _BIT3 | _BIT2 | _BIT1 | _BIT0), (_BIT4 | _B
             -IT3));
1871   4                  }
1872   3                  else if((ScalerGetByte_EXINT(P7C_28_KOFFSET_04) & 0x1F) < 8)
1873   3                  {
1874   4                      // Set Servo = 8
1875   4                      ScalerSetBit_EXINT(P7C_B3_L1_INIT_1, ~(_BIT4 | _BIT3 | _BIT2 | _BIT1 | _BIT0), _BIT3);
1876   4                  }
1877   3      
1878   3                  // Read Back K offset Lane2
1879   3                  if((ScalerGetByte_EXINT(P7C_29_KOFFSET_05) & 0x1F) > 24)
1880   3                  {
1881   4                      // Set Servo = 24
1882   4                      ScalerSetBit_EXINT(P7C_C3_L2_INIT_1, ~(_BIT4 | _BIT3 | _BIT2 | _BIT1 | _BIT0), (_BIT4 | _B
             -IT3));
1883   4                  }
1884   3                  else if((ScalerGetByte_EXINT(P7C_29_KOFFSET_05) & 0x1F) < 8)
1885   3                  {
1886   4                      // Set Servo = 8
1887   4                      ScalerSetBit_EXINT(P7C_C3_L2_INIT_1, ~(_BIT4 | _BIT3 | _BIT2 | _BIT1 | _BIT0), _BIT3);
1888   4                  }
1889   3      
1890   3                  // Reload Servo
1891   3                  ScalerSetByte_EXINT(P7C_AA_L0_INIT_8, 0x20);
1892   3                  ScalerSetByte_EXINT(P7C_BA_L1_INIT_8, 0x20);
1893   3                  ScalerSetByte_EXINT(P7C_CA_L2_INIT_8, 0x20);
1894   3                  ScalerSetByte_EXINT(P7C_AA_L0_INIT_8, 0x00);
1895   3                  ScalerSetByte_EXINT(P7C_BA_L1_INIT_8, 0x00);
1896   3                  ScalerSetByte_EXINT(P7C_CA_L2_INIT_8, 0x00);
1897   3      
1898   3                  // [5] Enable Foreground Calibration Auto Mode
1899   3                  ScalerSetBit_EXINT(P7C_24_KOFFSET_00, ~_BIT5, _BIT5);
1900   3      
1901   3                  // [6] Toggle Foreground Calibration
1902   3                  ScalerSetBit_EXINT(P7C_24_KOFFSET_00, ~_BIT6, _BIT6);
1903   3                  ScalerSetBit_EXINT(P7C_24_KOFFSET_00, ~_BIT6, 0x00);
1904   3                  ScalerSetBit_EXINT(P7C_24_KOFFSET_00, ~_BIT6, _BIT6);
1905   3      
1906   3                  // Waiting for K Offset
1907   3                  DELAY_XUS_EXINT(150);
1908   3      
1909   3                  // Set Manual FLD Fine Tune OK
1910   3                  ScalerTMDSRx3FLDBandFineTune_EXINT0();
1911   3      
1912   3                  // [3:0] reg_cdr_cp_in --> Double Icp to Enlarge Locking Range
1913   3                  if(ucIcp > 7)
1914   3                  {
1915   4                      ScalerSetBit_EXINT(P7C_31_ANA_CDR_07, ~(_BIT3 | _BIT2 | _BIT1 | _BIT0), (_BIT3 | _BIT2 | _
             -BIT1 | _BIT0));
1916   4                  }
1917   3                  else
1918   3                  {
1919   4                      ScalerSetBit_EXINT(P7C_31_ANA_CDR_07, ~(_BIT3 | _BIT2 | _BIT1 | _BIT0), (ucIcp << 1));
1920   4                  }
1921   3      
1922   3                  // Waiting for VCO Stable
C51 COMPILER V9.60.0.0   RL6432_SERIES_TMDSRX3                                             09/18/2026 20:39:33 PAGE 33  

1923   3                  DELAY_25US_EXINT();
1924   3      
1925   3                  // [6] reg_adj_en_manual = 1'b1 -->  Enable adj_en_manual
1926   3                  // [5] reg_cp_en_manual = 1'b1 -->  Enable cp_en_manual
1927   3                  ScalerSetBit_EXINT(P7C_2B_ANA_CDR_01, ~(_BIT6 | _BIT5), (_BIT6 | _BIT5));
1928   3      
1929   3                  // Waiting for VCO Stable
1930   3                  DELAY_XUS_EXINT(80);
1931   3      
1932   3                  // [3:0] reg_cdr_cp_in --> Restore Icp to Original Setting
1933   3                  ScalerSetBit_EXINT(P7C_31_ANA_CDR_07, ~(_BIT3 | _BIT2 | _BIT1 | _BIT0), ucIcp);
1934   3      
1935   3                  // Waiting for VCO Stable
1936   3                  DELAY_XUS_EXINT(80);
1937   3              }
1938   2          }
1939   1      
1940   1          // [3] reg_en_data_manual_l0 = 1'b1
1941   1          ScalerSetBit_EXINT(P7C_12_ANA_CDR, ~_BIT3, _BIT3);
1942   1      
1943   1          // [0] en_data_manual = 1'b1 --> Enable Dataout
1944   1          ScalerSetBit_EXINT(P7C_11_DATA_TIMER, ~_BIT0, _BIT0);
1945   1      
1946   1          // Reset PHY -> MAC Interface
1947   1          ScalerSetBit_EXINT(P72_A7_TMDS_PWDCTL, ~(_BIT4 | _BIT3 | _BIT2 | _BIT1 | _BIT0), 0x00);
1948   1          ScalerSetBit_EXINT(P72_A7_TMDS_PWDCTL, ~(_BIT3 | _BIT2 | _BIT1 | _BIT0), (_BIT3 | _BIT2 | _BIT1 | _BIT
             -0));
1949   1      
1950   1          // Reset HDMI 3 Channel FIFO
1951   1          ScalerSetBit_EXINT(P72_B0_TMDS_CHANNEL_FIFO, ~_BIT6, _BIT6);
1952   1      
1953   1          // HDMI 3 Channel FIFO Global Enable
1954   1          ScalerSetBit_EXINT(P72_B0_TMDS_CHANNEL_FIFO, ~(_BIT7 | _BIT6), _BIT7);
1955   1      
1956   1          // Clear RGB Data Detection Flags
1957   1          ScalerSetBit_EXINT(P72_A4_TMDS_CTRL, ~(_BIT7 | _BIT6 | _BIT5 | _BIT4 | _BIT3), (_BIT7 | _BIT6 | _BIT5)
             -);
1958   1      }
1959          
1960          //--------------------------------------------------
1961          // Description  : TMDS Interrupt Process (EXINT0 Only)
1962          // Input Value  : None
1963          // Output Value : None
1964          //--------------------------------------------------
1965          void ScalerTMDSRx3IntHandler_EXINT0(void) using 1
1966          {
1967   1      #if(_D3_HDMI_2_0_SUPPORT == _ON)
1968   1          BYTE pucBackUp[6];
1969   1      #else
                  BYTE pucBackUp[4];
              #endif
1972   1      
1973   1          WORD usCount = 0;
1974   1      
1975   1      #if(_D3_INPUT_PORT_TYPE == _D3_MHL_PORT)
                  bit bMHLFail = _FALSE;
              #endif
1978   1      
1979   1          pucBackUp[0] = ScalerGetByte_EXINT(P72_C9_HDMI_AP);
1980   1          pucBackUp[1] = (ScalerGetByte_EXINT(P72_C8_HDMI_APC) & 0x01);
1981   1      
1982   1          // Set CA Port non-auto increase
C51 COMPILER V9.60.0.0   RL6432_SERIES_TMDSRX3                                             09/18/2026 20:39:33 PAGE 34  

1983   1          ScalerSetBit_EXINT(P72_C8_HDMI_APC, ~_BIT0, 0x00);
1984   1      
1985   1          pucBackUp[2] = ScalerGetByte_EXINT(P72_C3_HDCP_AP);
1986   1          pucBackUp[3] = (ScalerGetByte_EXINT(P72_C2_HDCP_PCR) & 0x01);
1987   1      
1988   1          // Set C4 Port non-auto increase
1989   1          ScalerSetBit_EXINT(P72_C2_HDCP_PCR, ~(_BIT4 | _BIT0), _BIT0);
1990   1      
1991   1      #if(_D3_HDMI_2_0_SUPPORT == _ON)
1992   1          pucBackUp[4] = ScalerGetByte_EXINT(P72_39_HDMI_CTRL_39);
1993   1          pucBackUp[5] = (ScalerGetByte_EXINT(P72_38_HDMI_CTRL_38) & 0x01);
1994   1      
1995   1          // Set 3A Port non-auto increase
1996   1          ScalerSetBit_EXINT(P72_38_HDMI_CTRL_38, ~(_BIT2 | _BIT1 | _BIT0), 0x00);
1997   1      #endif
1998   1      
1999   1          // Decide which colorinfo is to be used for INT
2000   1      #if(_SOURCE_BACKGROUND_DETECT_SUPPORT == _ON)
                  if(g_ucSourceDetectingPort == _D3_INPUT_PORT)
                  {
                      ScalerColorSwitchColorInfoArray_EXINT0(_COLOR_INFO_SYSTEM);
                  }
                  else
                  {
                      ScalerColorSwitchColorInfoArray_EXINT0(_COLOR_INFO_BG_DETECT);
                  }
              #endif
2010   1      
2011   1          if(CHECK_TMDS_DPHY_SWITCH(_D3_INPUT_PORT) == _TRUE)
2012   1          {
2013   2              // Freq. Stable Into IRQ
2014   2              if((ScalerGetByte_EXINT(P72_EF_HDMI_ERROR_TH) & 0xC0) == 0xC0)
2015   2              {
2016   3                  // Disable Freq Stable IRQ
2017   3                  ScalerSetBit_EXINT(P72_EF_HDMI_ERROR_TH, ~(_BIT7 | _BIT6), _BIT6);
2018   3      
2019   3      #if(_D3_HDMI_2_0_SUPPORT == _ON)
2020   3                  // Set SCDC Port Clock Detected
2021   3                  ScalerSetByte_EXINT(P72_39_HDMI_CTRL_39, _P72_3A_PT_40_PORT_PAGE72_HDMI_SCDC_40);
2022   3                  ScalerSetBit_EXINT(P72_3A_HDMI_CTRL_3A, ~_BIT0, _BIT0);
2023   3      
2024   3                  // Disable Reset HDMI/DVI Format
2025   3                  ScalerSetBit_EXINT(P72_01_HDMI_CTRL_01, ~(_BIT7 | _BIT3), 0x00);
2026   3      
2027   3                  // Set SCDC Port Status Update Flag
2028   3                  ScalerSetByte_EXINT(P72_39_HDMI_CTRL_39, _P72_3A_PT_10_PORT_PAGE72_HDMI_SCDC_10);
2029   3      
2030   3                  if(ScalerGetBit_EXINT(P72_3A_HDMI_CTRL_3A, _BIT0) == 0x00)
2031   3                  {
2032   4                      ScalerSetBit_EXINT(P72_3A_HDMI_CTRL_3A, ~_BIT0, _BIT0);
2033   4      
2034   4                      if(GET_HDMI_2_0_RX3_RR_ENABLE() == _TRUE)
2035   4                      {
2036   5                          // FW Manual Enable Read Request
2037   5                          ScalerSetBit_EXINT(P72_1B_HDMI_CTRL_1B, ~_BIT7, _BIT7);
2038   5      
2039   5                          // Enable Read Request Done IRQ
2040   5                          ScalerSetBit_EXINT(P72_1F_HDMI_CTRL_1F, ~_BIT3, _BIT3);
2041   5                      }
2042   4                  }
2043   3      #endif
2044   3      
C51 COMPILER V9.60.0.0   RL6432_SERIES_TMDSRX3                                             09/18/2026 20:39:33 PAGE 35  

2045   3                  // Enable Freq unstable IRQ
2046   3                  ScalerSetBit_EXINT(P72_E6_HDMI_FREQDET_CTRL, ~(_BIT2 | _BIT1), (_BIT2 | _BIT1));
2047   3      
2048   3                  // Pop up Counter Value
2049   3                  ScalerSetBit_EXINT(P72_EC_HDMI_FREQDET_STABLE, ~_BIT7, _BIT7);
2050   3      
2051   3                  usCount = (WORD)(((ScalerGetByte_EXINT(P72_ED_HDMI_FREQDET_RESULT_M) & 0x7F) << 8) | ScalerGet
             -Byte_EXINT(P72_EE_HDMI_FREQDET_RESULT_L));
2052   3      
2053   3                  // TMDS_FREQ(MHz) = GDI_CLK(MHz) * CLK_COUNT * _TMDS_MEASURE_CLOCK_DIVIDER / _TMDS_MEASURE_CLO
             -CK_COUNTER
2054   3                  SET_INPUT_PIXEL_CLK((((DWORD)_GDI_CLK_KHZ * usCount + 50000) / 100000));
2055   3      
2056   3      #if(_D3_HDMI_2_0_SUPPORT == _ON)
2057   3      
2058   3                  // If SCDC tell 1:40 then set High speed flag
2059   3                  if((GET_INPUT_PIXEL_CLK() >= 850) && (GET_INPUT_PIXEL_CLK() <= 1500))
2060   3                  {
2061   4                      ScalerSetByte_EXINT(P72_39_HDMI_CTRL_39, _P72_3A_PT_20_PORT_PAGE72_HDMI_SCDC_20);
2062   4      
2063   4                      if(ScalerGetBit_EXINT(P72_3A_HDMI_CTRL_3A, _BIT1) == _BIT1)
2064   4                      {
2065   5                          SET_TMDS_RX3_HIGH_SPEED_MODE();
2066   5                      }
2067   4                  }
2068   3      
2069   3                  if(GET_TMDS_RX3_HIGH_SPEED_MODE() == _TRUE)
2070   3                  {
2071   4                      SET_INPUT_PIXEL_CLK((GET_INPUT_PIXEL_CLK() * 4));
2072   4                  }
2073   3      #endif
2074   3      
2075   3                  if(GET_INPUT_PIXEL_CLK() > 3000)
2076   3                  {
2077   4                      // Set Input Clock Measure Divider = /2
2078   4                      ScalerSetByte_EXINT(P72_C9_HDMI_AP, _P72_CA_PT_28_PORT_PAGE72_HDMI_NTX1024TR0);
2079   4                      ScalerSetBit_EXINT(P72_CA_HDMI_DP, ~_BIT6, _BIT6);
2080   4                  }
2081   3                  else
2082   3                  {
2083   4                      // Set Input Clock Measure Divider = /1
2084   4                      ScalerSetByte_EXINT(P72_C9_HDMI_AP, _P72_CA_PT_28_PORT_PAGE72_HDMI_NTX1024TR0);
2085   4                      ScalerSetBit_EXINT(P72_CA_HDMI_DP, ~_BIT6, 0x00);
2086   4                  }
2087   3      
2088   3                  if((GET_TMDS_RX3_PHY_SET() == _FALSE) || ((bit)ScalerTMDSRx3CheckCDRStable_EXINT0(g_usTMDSRx3C
             -lkCount) == _FALSE))
2089   3                  {
2090   4                      g_usTMDSRx3ClkCount = ScalerTMDSRx3MeasureClk_EXINT0(_CLK_SOURCE_TMDS);
2091   4      
2092   4                      // If Measure Divider = /2 then CLK x 2
2093   4                      ScalerSetByte_EXINT(P72_C9_HDMI_AP, _P72_CA_PT_28_PORT_PAGE72_HDMI_NTX1024TR0);
2094   4                      if(ScalerGetBit_EXINT(P72_CA_HDMI_DP, _BIT6) == _BIT6)
2095   4                      {
2096   5                          // TMDS_OFFLine Measure FREQ(MHz) = GDI_CLK(MHz) * 1024 * 2 / g_usTMDSRx3ClkCount
2097   5                          SET_TMDS_OFFLINE_MEASURE_CLK(((DWORD)(_GDI_CLK_KHZ * 1024) * 2 / 100) / g_usTMDSRx3Clk
             -Count);
2098   5                      }
2099   4                      else
2100   4                      {
2101   5                          // TMDS_OFFLine Measure FREQ(MHz) = GDI_CLK(MHz) * 1024 / g_usTMDSRx3ClkCount
2102   5                          SET_TMDS_OFFLINE_MEASURE_CLK(((DWORD)(_GDI_CLK_KHZ * 1024) / 100) / g_usTMDSRx3ClkCoun
C51 COMPILER V9.60.0.0   RL6432_SERIES_TMDSRX3                                             09/18/2026 20:39:33 PAGE 36  

             -t);
2103   5                      }
2104   4      
2105   4      #if(_D3_HDMI_2_0_SUPPORT == _ON)
2106   4                      if(GET_TMDS_RX3_HIGH_SPEED_MODE() == _TRUE)
2107   4                      {
2108   5                          SET_TMDS_OFFLINE_MEASURE_CLK((GET_TMDS_OFFLINE_MEASURE_CLK() * 4));
2109   5                      }
2110   4      #endif
2111   4      
2112   4      #if(_D3_INPUT_PORT_TYPE == _D3_MHL_PORT)
                              if(GET_D3_TMDS_MODE() == _TMDS_MHL_MODE)
                              {
                                  ScalerSetByte_EXINT(P72_C9_HDMI_AP, _P72_CA_PT_00_PORT_PAGE72_HDMI_SCR);
              
              #if(_MHL_DEBUG_WITHOUT_CBUS_MODE == _ON)
                                  // Set HDMI/DVI switch to Auto Mode
                                  ScalerSetBit_EXINT(P72_CA_HDMI_DP, ~(_BIT7 | _BIT6 | _BIT3), 0x00);
              #else
                                  // Set HDMI/DVI switch to Manual Mode and Forced to HDMI
                                  ScalerSetBit_EXINT(P72_CA_HDMI_DP, ~(_BIT7 | _BIT6 | _BIT3 | _BIT2), (_BIT3 | _BIT2));
              #endif
              
                                  if((GET_INPUT_PIXEL_CLK() >= 730) && (GET_INPUT_PIXEL_CLK() <= 770))
                                  {
                                      SET_TMDS_RX3_CLK_MODE(_TMDS_MHL_PPMODE_PHY_SETTING);
              
                                      SET_INPUT_PIXEL_CLK(GET_INPUT_PIXEL_CLK() * 4);
                                      ScalerTMDSRx3SetPhy_EXINT0();
                                      SET_INPUT_PIXEL_CLK(GET_INPUT_PIXEL_CLK() / 4);
              
                                      // Enable Packed Pixel Mode
                                      ScalerSetBit_EXINT(P77_A0_MHL_CTRL_00, ~_BIT1, _BIT1);
              
                                      // Check CDR Stable
                                      if((ScalerTMDSRx3CheckCDRStable_EXINT0(g_usTMDSRx3ClkCount) == _FALSE) || (ScalerM
             -HLRx3DetectClkMode_EXINT0() == _FALSE))// MHL mode need modify
                                      {
                                          SET_TMDS_RX3_CLK_MODE(_TMDS_24BIT_PHY_SETTING);
              
                                          // TMDS_FREQ(MHz) = GDI_CLK(MHz) * 1024 / CLK_COUNT = GDI_CLK(KHz) * 1024 / (C
             -LK_COUNT * 1024)
                                          SET_INPUT_PIXEL_CLK(GET_INPUT_PIXEL_CLK() * 3);
                                          ScalerTMDSRx3SetPhy_EXINT0();
                                          SET_INPUT_PIXEL_CLK(GET_INPUT_PIXEL_CLK() / 3);
              
                                          // Disable Packed Pixel Mode
                                          ScalerSetBit_EXINT(P77_A0_MHL_CTRL_00, ~_BIT1, 0x00);
              
                                          if((ScalerTMDSRx3CheckCDRStable_EXINT0(g_usTMDSRx3ClkCount) == _FALSE) || (Sca
             -lerMHLRx3DetectClkMode_EXINT0() == _FALSE))// MHL Need modify
                                          {
                                              bMHLFail = _TRUE;
                                          }
                                      }
                                  }
                                  else
                                  {
                                      SET_TMDS_RX3_CLK_MODE(_TMDS_24BIT_PHY_SETTING);
              
                                      // TMDS_FREQ(MHz) = GDI_CLK(MHz) * 1024 / CLK_COUNT = GDI_CLK(KHz) * 1024 / (CLK_C
             -OUNT * 1024)
C51 COMPILER V9.60.0.0   RL6432_SERIES_TMDSRX3                                             09/18/2026 20:39:33 PAGE 37  

                                      SET_INPUT_PIXEL_CLK(GET_INPUT_PIXEL_CLK() * 3);
                                      ScalerTMDSRx3SetPhy_EXINT0();
                                      SET_INPUT_PIXEL_CLK(GET_INPUT_PIXEL_CLK() / 3);
              
                                      // Disable Packed Pixel Mode
                                      ScalerSetBit_EXINT(P77_A0_MHL_CTRL_00, ~_BIT1, 0x00);
              
                                      if((ScalerTMDSRx3CheckCDRStable_EXINT0(g_usTMDSRx3ClkCount) == _FALSE) || (ScalerM
             -HLRx3DetectClkMode_EXINT0() == _FALSE))// MHL Need modify
                                      {
                                          bMHLFail = _TRUE;
                                      }
                                  }
                              }
                              else
                              {
                                  SET_TMDS_RX3_CLK_MODE(_TMDS_24BIT_PHY_SETTING);
              
                                  ScalerTMDSRx3SetPhy_EXINT0();
              
                                  // Disable Packed Pixel Mode
                                  ScalerSetBit_EXINT(P77_A0_MHL_CTRL_00, ~_BIT1, 0x00);
              
                                  // Set HDMI/DVI switch to Auto Mode
                                  ScalerSetByte_EXINT(P72_C9_HDMI_AP, _P72_CA_PT_00_PORT_PAGE72_HDMI_SCR);
                                  ScalerSetBit_EXINT(P72_CA_HDMI_DP, ~(_BIT7 | _BIT6 | _BIT3), 0x00);
                              }
              #else
2187   4                      ScalerTMDSRx3SetPhy_EXINT0();
2188   4      #endif
2189   4      
2190   4      #if((_TMDS_HDCP_2_2_SUPPORT == _ON) && ((_D3_INPUT_PORT_TYPE == _D3_HDMI_PORT) || (_D3_INPUT_PORT_TYPE == 
             -_D3_MHL_PORT)))
2191   4                      if(GET_TMDS_RX3_HDCP2_AUTHENTICATION_DONE() == _TRUE)
2192   4                      {
2193   5                          ScalerTimerWDActivateTimerEvent_EXINT0(500, _SCALER_WD_TIMER_EVENT_RX3_HDCP2_SET_REAUT
             -H);
2194   5                      }
2195   4      #endif
2196   4                  }
2197   3      
2198   3      #if(_D3_INPUT_PORT_TYPE == _D3_MHL_PORT)
                          if(bMHLFail == _FALSE)
              #endif
2201   3                  {
2202   4                      // Set Upper Bound (allow 1/64 freq shift)
2203   4                      ScalerSetByte_EXINT(P72_E8_HDMI_FREQDET_UPPER_M, (HIBYTE(usCount + (usCount >> 6)) & 0x7F)
             -);
2204   4                      ScalerSetByte_EXINT(P72_E9_HDMI_FREQDET_UPPER_L, LOBYTE(usCount + (usCount >> 6)));
2205   4      
2206   4                      // Set Lower bound
2207   4                      ScalerSetByte_EXINT(P72_EA_HDMI_FREQDET_LOWER_M, (HIBYTE(usCount - (usCount >> 6)) & 0x7F)
             -);
2208   4                      ScalerSetByte_EXINT(P72_EB_HDMI_FREQDET_LOWER_L, LOBYTE(usCount - (usCount >> 6)));
2209   4      
2210   4                      // Reset Color Depth to 8 Bits
2211   4                      SET_COLOR_DEPTH(_COLOR_DEPTH_8_BITS);
2212   4      
2213   4                      SET_TMDS_RX3_PHY_SET();
2214   4                  }
2215   3      
2216   3      #if((_TMDS_HDCP_2_2_SUPPORT == _ON) && ((_D3_INPUT_PORT_TYPE == _D3_HDMI_PORT) || (_D3_INPUT_PORT_TYPE == 
C51 COMPILER V9.60.0.0   RL6432_SERIES_TMDSRX3                                             09/18/2026 20:39:33 PAGE 38  

             -_D3_MHL_PORT)))
2217   3                  ScalerTimerWDCancelTimerEvent_EXINT0(_SCALER_WD_TIMER_EVENT_RX3_HDCP2_SET_REAUTH);
2218   3      #endif
2219   3      
2220   3      #if(_D3_HDMI_2_0_SUPPORT == _ON)
2221   3                  // Clear CED Lock Transition Flag
2222   3                  ScalerSetBit_EXINT(P72_17_HDMI_CTRL_17, ~(_BIT2 | _BIT1 | _BIT0), (_BIT2 | _BIT1 | _BIT0));
2223   3      
2224   3                  // Set HDMI 2.0 Character Error Detection Function Lock Transition Error Boundary
2225   3                  ScalerSetBit_EXINT(P72_14_HDMI_CTRL_14, ~(_BIT3 | _BIT2 | _BIT1 | _BIT0), (GET_INPUT_PIXEL_CLK
             -() / 10) >> 8);
2226   3                  ScalerSetByte_EXINT(P72_15_HDMI_CTRL_15, (GET_INPUT_PIXEL_CLK() / 10));
2227   3      
2228   3                  // Enable Character Error Detection Function & Valid Flag
2229   3                  ScalerSetBit_EXINT(P72_0B_HDMI_CTRL_0B, ~(_BIT7 | _BIT6 | _BIT5 | _BIT4 | _BIT3 | _BIT2), (_BI
             -T7 | _BIT6 | _BIT5 | _BIT4 | _BIT3 | _BIT2));
2230   3      
2231   3                  // Enable Character Error Detction Function Lock Transition IRQ
2232   3                  ScalerSetBit_EXINT(P72_18_HDMI_CTRL_18, ~(_BIT2 | _BIT1 | _BIT0), (_BIT2 | _BIT1 | _BIT0));
2233   3      #endif
2234   3              }
2235   2      
2236   2              // Freq. Unstable Into IRQ
2237   2              if((ScalerGetByte_EXINT(P72_E6_HDMI_FREQDET_CTRL) & 0x06) == 0x06)
2238   2              {
2239   3                  // Clear Unstable IRQ Flag
2240   3                  ScalerSetBit_EXINT(P72_E6_HDMI_FREQDET_CTRL, ~_BIT2, _BIT2);
2241   3      
2242   3                  // Ensure Freq really unstable
2243   3                  if((abs(g_usTMDSRx3ClkCount - ScalerTMDSRx3MeasureClk_EXINT0(_CLK_SOURCE_TMDS)) > (g_usTMDSRx3
             -ClkCount >> 6)) ||
2244   3                     (abs(GET_INPUT_PIXEL_CLK() - ((GET_TMDS_OFFLINE_MEASURE_CLK() << 3) / ((GET_COLOR_SPACE() =
             -= _COLOR_SPACE_YCBCR422) ? _COLOR_DEPTH_8_BITS : GET_COLOR_DEPTH()))) > (GET_INPUT_PIXEL_CLK() >> 6)))
2245   3                  {
2246   4      #if(_SOURCE_BACKGROUND_DETECT_SUPPORT == _ON)
                              if(GET_STORE_ACTIVED_PORT() == _D3_INPUT_PORT)
              #endif
2249   4                      {
2250   5                          // Set Display M1 output force to background color and free run mode
2251   5                          ScalerSetBit_EXINT(P0_28_VIDEO_DISPLAY_CONTROL_REG, ~(_BIT5 | _BIT3), _BIT5);
2252   5                      }
2253   4      
2254   4                      // Disable RGB/clock Output to avoid garbage
2255   4                      ScalerSetBit_EXINT(P72_A6_TMDS_OUTCTL, ~(_BIT6 | _BIT5 | _BIT4 | _BIT3), 0x00);
2256   4      
2257   4      #if(_D3_HDMI_2_0_SUPPORT == _ON)
2258   4      
2259   4                      // Disable CED Function
2260   4                      ScalerSetBit_EXINT(P72_0B_HDMI_CTRL_0B, ~(_BIT7 | _BIT6 | _BIT5 | _BIT4 | _BIT3 | _BIT2), 
             -0x00);
2261   4      
2262   4                      // Pop Up CED Error For Clear Error Counter
2263   4                      ScalerSetBit_EXINT(P72_0C_HDMI_CTRL_0C, ~_BIT7, _BIT7);
2264   4      
2265   4                      // Disable CED Lock Transition IRQ & Flag
2266   4                      ScalerSetBit_EXINT(P72_17_HDMI_CTRL_17, ~(_BIT2 | _BIT1 | _BIT0), (_BIT2 | _BIT1 | _BIT0))
             -;
2267   4                      ScalerSetBit_EXINT(P72_18_HDMI_CTRL_18, ~(_BIT2 | _BIT1 | _BIT0), 0x00);
2268   4      
2269   4                      // Clear SCDC Port Status Update Flag & CED Update Flag
2270   4                      ScalerSetByte_EXINT(P72_39_HDMI_CTRL_39, _P72_3A_PT_10_PORT_PAGE72_HDMI_SCDC_10);
2271   4                      ScalerSetBit_EXINT(P72_3A_HDMI_CTRL_3A, ~(_BIT1 | _BIT0), 0x00);
C51 COMPILER V9.60.0.0   RL6432_SERIES_TMDSRX3                                             09/18/2026 20:39:33 PAGE 39  

2272   4      
2273   4                      // Clear SCDC Port Status Lock Flag
2274   4                      ScalerSetByte_EXINT(P72_39_HDMI_CTRL_39, _P72_3A_PT_40_PORT_PAGE72_HDMI_SCDC_40);
2275   4                      ScalerSetBit_EXINT(P72_3A_HDMI_CTRL_3A, ~(_BIT3 | _BIT2 | _BIT1 | _BIT0), 0x00);
2276   4      
2277   4                      // Reset HDMI/DVI Format
2278   4                      ScalerSetBit_EXINT(P72_01_HDMI_CTRL_01, ~(_BIT7 | _BIT3), _BIT7);
2279   4      #endif
2280   4      
2281   4                      // Disable Freq. Unstable IRQ
2282   4                      ScalerSetBit_EXINT(P72_E6_HDMI_FREQDET_CTRL, ~_BIT1, 0x00);
2283   4      
2284   4                      // Set HDMI/DVI switch to Auto Mode
2285   4                      ScalerSetByte_EXINT(P72_C9_HDMI_AP, _P72_CA_PT_00_PORT_PAGE72_HDMI_SCR);
2286   4                      ScalerSetBit_EXINT(P72_CA_HDMI_DP, ~(_BIT7 | _BIT6 | _BIT3), 0x00);
2287   4      
2288   4      #if(_D3_INPUT_PORT_TYPE == _D3_MHL_PORT)
                              if(GET_D3_TMDS_MODE() == _TMDS_MHL_MODE)
                              {
                                  // Set Upper Bound
                                  ScalerSetByte_EXINT(P72_E8_HDMI_FREQDET_UPPER_M, HIBYTE(_TMDS_MHL_FREQ_NORMAL_UPPER_BO
             -UND));
                                  ScalerSetByte_EXINT(P72_E9_HDMI_FREQDET_UPPER_L, LOBYTE(_TMDS_MHL_FREQ_NORMAL_UPPER_BO
             -UND));
              
                                  // Suspend Key Calculation before load key
                                  ScalerSetBit_EXINT(P72_AE_TMDS_RPS, ~_BIT1, 0x00);
                              }
                              else
              #endif
2300   4                      {
2301   5                          // Set Upper Bound
2302   5                          ScalerSetByte_EXINT(P72_E8_HDMI_FREQDET_UPPER_M, HIBYTE(_TMDS_FREQ_NORMAL_HIGH_SPEED_U
             -PPER_BOUND));
2303   5                          ScalerSetByte_EXINT(P72_E9_HDMI_FREQDET_UPPER_L, LOBYTE(_TMDS_FREQ_NORMAL_HIGH_SPEED_U
             -PPER_BOUND));
2304   5                      }
2305   4      
2306   4                      // Set Lower bound
2307   4                      ScalerSetByte_EXINT(P72_EA_HDMI_FREQDET_LOWER_M, HIBYTE(_TMDS_FREQ_NORMAL_LOWER_BOUND));
2308   4                      ScalerSetByte_EXINT(P72_EB_HDMI_FREQDET_LOWER_L, LOBYTE(_TMDS_FREQ_NORMAL_LOWER_BOUND));
2309   4      
2310   4                      // Reset Freq. Detect Counter(Toggle)
2311   4                      ScalerSetBit_EXINT(P72_E6_HDMI_FREQDET_CTRL, ~_BIT7, 0x00);
2312   4                      ScalerSetBit_EXINT(P72_E6_HDMI_FREQDET_CTRL, ~_BIT7, _BIT7);
2313   4      
2314   4                      // Enable Freq. Stable IRQ
2315   4                      ScalerSetBit_EXINT(P72_EF_HDMI_ERROR_TH, ~(_BIT7 | _BIT6), (_BIT7 | _BIT6));
2316   4      
2317   4                      CLR_TMDS_RX3_PHY_SET();
2318   4      
2319   4      #if(_D3_HDMI_2_0_SUPPORT == _ON)
2320   4                      CLR_TMDS_RX3_HIGH_SPEED_MODE();
2321   4      #endif
2322   4      
2323   4      #if((_TMDS_HDCP_2_2_SUPPORT == _ON) && ((_D3_INPUT_PORT_TYPE == _D3_HDMI_PORT) || (_D3_INPUT_PORT_TYPE == 
             -_D3_MHL_PORT)))
2324   4                      // Reset Authenticated FSM
2325   4                      ScalerSetByte_EXINT(P2E_28_HDCP_I2C_CTRL_2, 0x01);
2326   4                      ScalerSetBit_EXINT(P2E_29_HDCP_I2C_CTRL_3, ~_BIT6, _BIT6);
2327   4      
2328   4                      // Cancel HDCP 2.2 Re-Auth Timer Event
C51 COMPILER V9.60.0.0   RL6432_SERIES_TMDSRX3                                             09/18/2026 20:39:33 PAGE 40  

2329   4                      ScalerTimerCancelTimerEvent_EXINT0(_SCALER_TIMER_EVENT_RX3_HDCP2_REAUTH);
2330   4      #endif
2331   4                  }
2332   3              }
2333   2          }
2334   1      
2335   1      #if(_D3_HDMI_2_0_SUPPORT == _ON)
2336   1      
2337   1          // SCDC 0x20 Change IRQ
2338   1          if((ScalerGetBit_EXINT(P72_26_HDMI_CTRL_26, _BIT4) == _BIT4) && (ScalerGetBit_EXINT(P72_25_HDMI_CTRL_2
             -5, _BIT4) == _BIT4))
2339   1          {
2340   2              // Clear SCDC 0x20 Change Flag
2341   2              ScalerSetByte_EXINT(P72_25_HDMI_CTRL_25, _BIT4);
2342   2      
2343   2              // Check Scramble_en bit
2344   2              ScalerSetByte_EXINT(P72_39_HDMI_CTRL_39, _P72_CA_PT_20_PORT_PAGE72_HDMI_ICTPSR0);
2345   2              if(ScalerGetBit_EXINT(P72_3A_HDMI_CTRL_3A, _BIT0) == _BIT0)
2346   2              {
2347   3                  // Set Scramble Detect Auto Mode
2348   3                  ScalerSetBit_EXINT(P72_38_HDMI_CTRL_38, ~(_BIT4 | _BIT2 | _BIT1), _BIT4);
2349   3      
2350   3                  // Disable SCDC 0x20 Change IRQ
2351   3                  ScalerSetBit_EXINT(P72_26_HDMI_CTRL_26, ~_BIT4, 0x00);
2352   3              }
2353   2          }
2354   1      
2355   1          // Detect Source Write Read Request Enable Flag
2356   1          if((ScalerGetBit_EXINT(P72_25_HDMI_CTRL_25, _BIT3) == _BIT3) && (ScalerGetBit_EXINT(P72_26_HDMI_CTRL_2
             -6, _BIT3) == _BIT3))
2357   1          {
2358   2              // Clear Read Request Flag
2359   2              ScalerSetBit_EXINT(P72_25_HDMI_CTRL_25, ~_BIT3, _BIT3);
2360   2      
2361   2              // Set Read Request Enable
2362   2              SET_HDMI_2_0_RX3_RR_ENABLE();
2363   2      
2364   2              // Enable Test Read Request HW Auto Mode
2365   2              ScalerSetBit_EXINT(P72_1C_HDMI_CTRL_1C, ~_BIT1, _BIT1);
2366   2      
2367   2              // Enable CED Update Read Request Auto Mode
2368   2              ScalerSetBit_EXINT(P72_24_HDMI_CTRL_24, ~_BIT0, _BIT0);
2369   2      
2370   2              // Enable Read Request Done IRQ
2371   2              ScalerSetBit_EXINT(P72_1F_HDMI_CTRL_1F, ~_BIT3, _BIT3);
2372   2          }
2373   1      
2374   1          // Detect CED Channel 2 Lock Transition Flag into IRQ
2375   1          if((ScalerGetBit_EXINT(P72_17_HDMI_CTRL_17, _BIT2) == _BIT2) && (ScalerGetBit_EXINT(P72_18_HDMI_CTRL_1
             -8, _BIT2) == _BIT2))
2376   1          {
2377   2              // Clear Lock Transition Flag
2378   2              ScalerSetBit_EXINT(P72_17_HDMI_CTRL_17, ~(_BIT2 | _BIT1 | _BIT0), _BIT2);
2379   2      
2380   2              // Detect CED Realtime Flag
2381   2              if(ScalerGetBit_EXINT(P72_17_HDMI_CTRL_17, _BIT5) == _BIT5)
2382   2              {
2383   3                  // Set CED Lock Flag in SCDC Port
2384   3                  ScalerSetByte_EXINT(P72_39_HDMI_CTRL_39, _P72_3A_PT_40_PORT_PAGE72_HDMI_SCDC_40);
2385   3                  ScalerSetBit_EXINT(P72_3A_HDMI_CTRL_3A, ~_BIT3, _BIT3);
2386   3              }
2387   2              else
C51 COMPILER V9.60.0.0   RL6432_SERIES_TMDSRX3                                             09/18/2026 20:39:33 PAGE 41  

2388   2              {
2389   3                  // Clear CED Lock Flag in SCDC Port
2390   3                  ScalerSetByte_EXINT(P72_39_HDMI_CTRL_39, _P72_3A_PT_40_PORT_PAGE72_HDMI_SCDC_40);
2391   3                  ScalerSetBit_EXINT(P72_3A_HDMI_CTRL_3A, ~_BIT3, 0x00);
2392   3              }
2393   2      
2394   2              // Set SCDC Port Status Update Flag
2395   2              ScalerSetByte_EXINT(P72_39_HDMI_CTRL_39, _P72_3A_PT_10_PORT_PAGE72_HDMI_SCDC_10);
2396   2      
2397   2              if(ScalerGetBit_EXINT(P72_3A_HDMI_CTRL_3A, _BIT0) == 0x00)
2398   2              {
2399   3                  ScalerSetBit_EXINT(P72_3A_HDMI_CTRL_3A, ~_BIT0, _BIT0);
2400   3      
2401   3                  if(GET_HDMI_2_0_RX3_RR_ENABLE() == _TRUE)
2402   3                  {
2403   4                      // FW Manual Enable Read Request
2404   4                      ScalerSetBit_EXINT(P72_1B_HDMI_CTRL_1B, ~_BIT7, _BIT7);
2405   4      
2406   4                      // Enable Read Request Done IRQ
2407   4                      ScalerSetBit_EXINT(P72_1F_HDMI_CTRL_1F, ~_BIT3, _BIT3);
2408   4                  }
2409   3              }
2410   2          }
2411   1      
2412   1          // Detect CED Channel 1 Lock Transition Flag into IRQ
2413   1          if((ScalerGetBit_EXINT(P72_17_HDMI_CTRL_17, _BIT1) == _BIT1) && (ScalerGetBit_EXINT(P72_18_HDMI_CTRL_1
             -8, _BIT1) == _BIT1))
2414   1          {
2415   2              // Clear Lock Transition Flag
2416   2              ScalerSetBit_EXINT(P72_17_HDMI_CTRL_17, ~(_BIT2 | _BIT1 | _BIT0), _BIT1);
2417   2      
2418   2              // Detect CED Realtime Flag
2419   2              if(ScalerGetBit_EXINT(P72_17_HDMI_CTRL_17, _BIT4) == _BIT4)
2420   2              {
2421   3                  // Set CED Lock Flag in SCDC Port
2422   3                  ScalerSetByte_EXINT(P72_39_HDMI_CTRL_39, _P72_3A_PT_40_PORT_PAGE72_HDMI_SCDC_40);
2423   3                  ScalerSetBit_EXINT(P72_3A_HDMI_CTRL_3A, ~_BIT2, _BIT2);
2424   3              }
2425   2              else
2426   2              {
2427   3                  // Clear CED Lock Flag in SCDC Port
2428   3                  ScalerSetByte_EXINT(P72_39_HDMI_CTRL_39, _P72_3A_PT_40_PORT_PAGE72_HDMI_SCDC_40);
2429   3                  ScalerSetBit_EXINT(P72_3A_HDMI_CTRL_3A, ~_BIT2, 0x00);
2430   3              }
2431   2      
2432   2              // Set SCDC Port Status Update Flag
2433   2              ScalerSetByte_EXINT(P72_39_HDMI_CTRL_39, _P72_3A_PT_10_PORT_PAGE72_HDMI_SCDC_10);
2434   2      
2435   2              if(ScalerGetBit_EXINT(P72_3A_HDMI_CTRL_3A, _BIT0) == 0x00)
2436   2              {
2437   3                  ScalerSetBit_EXINT(P72_3A_HDMI_CTRL_3A, ~_BIT0, _BIT0);
2438   3      
2439   3                  if(GET_HDMI_2_0_RX3_RR_ENABLE() == _TRUE)
2440   3                  {
2441   4                      // FW Manual Enable Read Request
2442   4                      ScalerSetBit_EXINT(P72_1B_HDMI_CTRL_1B, ~_BIT7, _BIT7);
2443   4      
2444   4                      // Enable Read Request Done IRQ
2445   4                      ScalerSetBit_EXINT(P72_1F_HDMI_CTRL_1F, ~_BIT3, _BIT3);
2446   4                  }
2447   3              }
2448   2          }
C51 COMPILER V9.60.0.0   RL6432_SERIES_TMDSRX3                                             09/18/2026 20:39:33 PAGE 42  

2449   1      
2450   1          // Detect CED Channel 0 Lock Transition Flag into IRQ
2451   1          if((ScalerGetBit_EXINT(P72_17_HDMI_CTRL_17, _BIT0) == _BIT0) && (ScalerGetBit_EXINT(P72_18_HDMI_CTRL_1
             -8, _BIT0) == _BIT0))
2452   1          {
2453   2              // Clear Lock Transition Flag
2454   2              ScalerSetBit_EXINT(P72_17_HDMI_CTRL_17, ~(_BIT2 | _BIT1 | _BIT0), _BIT0);
2455   2      
2456   2              // Detect CED Realtime Flag
2457   2              if(ScalerGetBit_EXINT(P72_17_HDMI_CTRL_17, _BIT3) == _BIT3)
2458   2              {
2459   3                  // Set CED Lock Flag in SCDC Port
2460   3                  ScalerSetByte_EXINT(P72_39_HDMI_CTRL_39, _P72_3A_PT_40_PORT_PAGE72_HDMI_SCDC_40);
2461   3                  ScalerSetBit_EXINT(P72_3A_HDMI_CTRL_3A, ~_BIT1, _BIT1);
2462   3              }
2463   2              else
2464   2              {
2465   3                  // Clear CED Lock Flag in SCDC Port
2466   3                  ScalerSetByte_EXINT(P72_39_HDMI_CTRL_39, _P72_3A_PT_40_PORT_PAGE72_HDMI_SCDC_40);
2467   3                  ScalerSetBit_EXINT(P72_3A_HDMI_CTRL_3A, ~_BIT1, 0x00);
2468   3              }
2469   2      
2470   2              // Set SCDC Port Status Update Flag
2471   2              ScalerSetByte_EXINT(P72_39_HDMI_CTRL_39, _P72_3A_PT_10_PORT_PAGE72_HDMI_SCDC_10);
2472   2      
2473   2              if(ScalerGetBit_EXINT(P72_3A_HDMI_CTRL_3A, _BIT0) == 0x00)
2474   2              {
2475   3                  ScalerSetBit_EXINT(P72_3A_HDMI_CTRL_3A, ~_BIT0, _BIT0);
2476   3      
2477   3                  if(GET_HDMI_2_0_RX3_RR_ENABLE() == _TRUE)
2478   3                  {
2479   4                      // FW Manual Enable Read Request
2480   4                      ScalerSetBit_EXINT(P72_1B_HDMI_CTRL_1B, ~_BIT7, _BIT7);
2481   4      
2482   4                      // Enable Read Request Done IRQ
2483   4                      ScalerSetBit_EXINT(P72_1F_HDMI_CTRL_1F, ~_BIT3, _BIT3);
2484   4                  }
2485   3              }
2486   2          }
2487   1      
2488   1          // Read Request Done into IRQ
2489   1          if((ScalerGetBit_EXINT(P72_1F_HDMI_CTRL_1F, _BIT3) == _BIT3) && (ScalerGetBit_EXINT(P72_1C_HDMI_CTRL_1
             -C, _BIT7) == _BIT7))
2490   1          {
2491   2              // Clear Read Request Done Flag
2492   2              ScalerSetBit_EXINT(P72_1C_HDMI_CTRL_1C, ~_BIT7, _BIT7);
2493   2      
2494   2              // Read Request Outcome Processing
2495   2              ScalerTMDSRx3ReadRequestProc_EXINT0(ScalerGetByte_EXINT(P72_1C_HDMI_CTRL_1C) & 0x70);
2496   2          }
2497   1      
2498   1          // Detect HDMI HPD Rising to Falling into IRQ
2499   1      #if(_TMDS_HDMI_2_0_SCDC_RR_CTS_SUPPORT == _ON)
                  if(ScalerGetBit_EXINT(P72_23_HDMI_CTRL_23, (_BIT6 | _BIT1)) == (_BIT6 | _BIT1))
                  {
                      // Clear HPD IRQ Flag
                      ScalerSetBit_EXINT(P72_23_HDMI_CTRL_23, ~_BIT1, _BIT1);
              
                      if(ScalerGetBit_EXINT(P72_23_HDMI_CTRL_23, (_BIT2 | _BIT0)) == 0x00)
                      {
                          // Clear All Source Write SCDC Port Register
                          ScalerSetBit_EXINT(P72_38_HDMI_CTRL_38, ~(_BIT2 | _BIT1), (_BIT2 | _BIT1));
C51 COMPILER V9.60.0.0   RL6432_SERIES_TMDSRX3                                             09/18/2026 20:39:33 PAGE 43  

              
                          ScalerTMDSHdmiSetScdcInfo_EXINT0(_D3_INPUT_PORT);
              
              #if(_HDMI_FREESYNC_SUPPORT == _ON)
                          if(ScalerTMDSHdmiGetFreeSyncSupport_EXINT0(_D3_INPUT_PORT) == _FREESYNC_SUPPORT_ON)
                          {
                              ScalerTMDSHdmiSetAmdAupiScdcInfo_EXINT0(_D3_INPUT_PORT, _ENABLE);
                          }
                          else
                          {
                              ScalerTMDSHdmiSetAmdAupiScdcInfo_EXINT0(_D3_INPUT_PORT, _DISABLE);
                          }
              #endif
              
                          // Clear HDMI 2.0 Read Request Enable
                          CLR_HDMI_2_0_RX3_RR_ENABLE();
              
                          // Disable Rising to Falling IRQ, Set IRQ Status Falling to Rising edge IRQ
                          ScalerSetBit_EXINT(P72_23_HDMI_CTRL_23, ~(_BIT6 | _BIT2 | _BIT1), (_BIT2 | _BIT1));
              
                          // Enable Falling to Rising edge IRQ
                          ScalerSetBit_EXINT(P72_23_HDMI_CTRL_23, ~_BIT6, _BIT6);
              
                          /*
                          // Disable Test Read Request HW Auto Mode
                          ScalerSetBit_EXINT(P72_1C_HDMI_CTRL_1C, ~_BIT1, 0x00);
              
                          // Disable CED Update Read Request Auto Mode
                          ScalerSetBit_EXINT(P72_24_HDMI_CTRL_24, ~_BIT0, 0x00);
              
                          // Disable Character Error Detection Function
                          ScalerSetBit_EXINT(P72_0B_HDMI_CTRL_0B, ~(_BIT7 | _BIT6 | _BIT5 | _BIT4 | _BIT3 | _BIT2 | _BIT
             -1), 0x00);
              
                          // Disable Lock Transition IRQ
                          ScalerSetBit_EXINT(P72_18_HDMI_CTRL_18, ~(_BIT2 | _BIT1 | _BIT0), 0x00);
              
                          ScalerSetBit_EXINT(P72_17_HDMI_CTRL_17, ~(_BIT2 | _BIT1 | _BIT0), (_BIT2 | _BIT1 | _BIT0));
              
                          // Detect 3 Channel CDR Stable
                          if((bit)ScalerTMDSRx3CheckCDRStable_EXINT(g_usTMDSRx3ClkCount) == _TRUE)
                          {
                              // Disable Rising to Falling IRQ, Set IRQ Status Falling to Rising edge IRQ
                              ScalerSetBit_EXINT(P72_23_HDMI_CTRL_23, ~(_BIT6 | _BIT2 | _BIT1), (_BIT2 | _BIT1));
              
                              // Enable Falling to Rising edge IRQ
                              ScalerSetBit_EXINT(P72_23_HDMI_CTRL_23, ~_BIT6, _BIT6);
                          }
                          */
                      }
                      else
                      {
                          /*
                          // Enable CED Function
                          ScalerSetBit_EXINT(P72_0B_HDMI_CTRL_0B, ~(_BIT7 | _BIT6 | _BIT5 | _BIT4 | _BIT3 | _BIT2), (_BI
             -T7 | _BIT6 | _BIT5 | _BIT4 | _BIT3 | _BIT2));
              
                          // Enable CED Lock Transition IRQ
                          ScalerSetBit_EXINT(P72_17_HDMI_CTRL_17, ~(_BIT2 | _BIT1 | _BIT0), (_BIT2 | _BIT1 | _BIT0));
              
                          ScalerSetBit_EXINT(P72_18_HDMI_CTRL_18, ~(_BIT2 | _BIT1 | _BIT0), (_BIT2 | _BIT1 | _BIT0));
              
C51 COMPILER V9.60.0.0   RL6432_SERIES_TMDSRX3                                             09/18/2026 20:39:33 PAGE 44  

                          // Enable SCDC Module
                          ScalerSetBit_EXINT(P72_19_HDMI_CTRL_19, ~_BIT7, _BIT7);
                          */
              
                          // Disable Falling to Rising IRQ, Set IRQ Status Rising to Falling edge IRQ
                          ScalerSetBit_EXINT(P72_23_HDMI_CTRL_23, ~(_BIT6 | _BIT2 | _BIT1), _BIT1);
              
                          // Enable Rising to edge IRQ
                          ScalerSetBit_EXINT(P72_23_HDMI_CTRL_23, ~_BIT6, _BIT6);
                      }
                  }
              #endif // End of #if(_TMDS_HDMI_2_0_SCDC_RR_CTS_SUPPORT == _ON)
2581   1      
2582   1      #endif // End of #if(_D3_HDMI_2_0_SUPPORT == _ON)
2583   1      
2584   1      
2585   1          // HDCP 1.4 Write Aksv IRQ have been Received
2586   1          if((ScalerGetBit_EXINT(P72_A9_TMDS_ABC0, _BIT7) == _BIT7) && (ScalerGetBit_EXINT(P72_AA_TMDS_ABC1, _BI
             -T4) == _BIT4))
2587   1          {
2588   2      #if(_HDMI_HDCP14_BCH_ERROR_CHECK == _ON)
                      // Unlock Ri'
                      ScalerSetByte_EXINT(P72_C3_HDCP_AP, _P72_C4_PT_C1_PORT_PAGE72_HDCP_SIR);
                      ScalerSetBit_EXINT(P72_C4_HDCP_DP, ~_BIT4, 0x00);
              
                      // Clear TimerEvenet
                      ScalerTimerCancelTimerEvent_EXINT0(_SCALER_TIMER_EVENT_RX3_TMDS_HDCP14_BCH_ERR_CHK);
              
                      SET_TMDS_RX3_HDCP14_BCH_CHK_STATE(_HDMI_HDCP14_BCH_AUTH_START);
              #endif
2598   2      
2599   2              // clear AKSV & Ri flag
2600   2              ScalerSetBit_EXINT(P72_A9_TMDS_ABC0, ~(_BIT7 | _BIT6 | _BIT5 | _BIT2), (_BIT7 | _BIT6));
2601   2      
2602   2              // SET KEY ready bit 1
2603   2              ScalerSetBit_EXINT(P72_AE_TMDS_RPS, ~_BIT1, _BIT1);
2604   2      
2605   2      #if(_TMDS_HDCP_2_2_SUPPORT == _ON)
2606   2              // Enable HDCP 1.4 Module
2607   2              ScalerSetBit_EXINT(P72_C0_HDCP_CR, ~(_BIT7 | _BIT0), (_BIT7 | _BIT0));
2608   2      
2609   2              // Disable HDCP 2 Function
2610   2              ScalerSetBit_EXINT(P2E_26_HDCP_I2C_CTRL_0, ~_BIT7, 0x00);
2611   2      #endif
2612   2          }
2613   1      
2614   1      #if((_AUDIO_SUPPORT == _ON) && (_D3_HDMI_SUPPORT == _ON))
2615   1          // Detect if Auido Sampling is Changed
2616   1          ScalerSetByte_EXINT(P72_C9_HDMI_AP, _P72_CA_PT_8A_PORT_PAGE72_AUDIO_FREQDET);
2617   1          if(ScalerGetBit_EXINT(P72_CA_HDMI_DP, (_BIT3 | _BIT1)) == (_BIT3 | _BIT1))
2618   1          {
2619   2              // Clear Auido Sampling Change Flag
2620   2              ScalerSetByte_EXINT(P72_C9_HDMI_AP, _P72_CA_PT_8A_PORT_PAGE72_AUDIO_FREQDET);
2621   2              ScalerSetBit_EXINT(P72_CA_HDMI_DP, ~_BIT1, _BIT1);
2622   2      
2623   2              // Disable FIFO Boundary Tracking, Disable Trend Tracking
2624   2              ScalerSetByte_EXINT(P72_C9_HDMI_AP, _P72_CA_PT_15_PORT_PAGE72_HDMI_PSCR);
2625   2              ScalerSetBit_EXINT(P72_CA_HDMI_DP, ~(_BIT3 | _BIT2), 0x00);
2626   2      
2627   2              // Set Double Buffer bit
2628   2              ScalerSetByte_EXINT(P72_C9_HDMI_AP, _P72_CA_PT_10_PORT_PAGE72_HDMI_CMCR);
2629   2              ScalerSetBit_EXINT(P72_CA_HDMI_DP, ~_BIT4, _BIT4);
C51 COMPILER V9.60.0.0   RL6432_SERIES_TMDSRX3                                             09/18/2026 20:39:33 PAGE 45  

2630   2      
2631   2              // Reload D code
2632   2              ScalerSetByte_EXINT(P72_C9_HDMI_AP, _P72_CA_PT_31_PORT_PAGE72_HDMI_WDCR0);
2633   2              ScalerSetBit_EXINT(P72_CA_HDMI_DP, ~_BIT6, _BIT6);
2634   2              ScalerSetByte_EXINT(P72_C9_HDMI_AP, _P72_CA_PT_31_PORT_PAGE72_HDMI_WDCR0);
2635   2              ScalerSetBit_EXINT(P72_CA_HDMI_DP, ~_BIT6, 0x00);
2636   2      
2637   2              // Set FW tracking reset
2638   2      #if(_HDMI_AUDIO_FW_TRACKING_MODE_SUPPORT == _ON)
                      if(GET_AUDIO_D3_SAMPLING_FREQ() <= _AUDIO_FREQ_48K)
                      {
                          SET_AUDIO_D3_FW_TRACKING_RESET();
                      }
              #endif
2644   2      #if(_AUDIO_MANUAL_SAMPLING_FREQ_SUPPORT == _OFF)
2645   2              // No Audio Detect Set User Define Frequency When No Audio
2646   2              ScalerSetByte_EXINT(P72_C9_HDMI_AP, _P72_CA_PT_8B_PORT_PAGE72_AUDIO_FREQ_RESULT);
2647   2              if(ScalerGetBit_EXINT(P72_CA_HDMI_DP, (_BIT3 | _BIT2 | _BIT1 | _BIT0)) == 0x00)
2648   2              {
2649   3                  // Disable Auto Load S Code
2650   3                  ScalerSetByte_EXINT(P72_C9_HDMI_AP, _P72_CA_PT_8A_PORT_PAGE72_AUDIO_FREQDET);
2651   3                  ScalerSetBit_EXINT(P72_CA_HDMI_DP, ~_BIT6, 0x00);
2652   3      
2653   3                  // Set S code User Define
2654   3                  ScalerSetByte_EXINT(P72_C9_HDMI_AP, _P72_CA_PT_12_PORT_PAGE72_HDMI_SCAPR);
2655   3                  ScalerSetByte_EXINT(P72_CA_HDMI_DP, ScalerAudioGetUserSamplingFreqSCode_EXINT0(_PORT_HDMI, GET
             -_D3_SAMPLING_FREQ_USER_DEFINE()));
2656   3      
2657   3                  // Set D code User Define
2658   3                  ScalerSetByte_EXINT(P72_C9_HDMI_AP, _P72_CA_PT_13_PORT_PAGE72_HDMI_DCAPR0);
2659   3                  ScalerSetByte_EXINT(P72_CA_HDMI_DP, HIBYTE(ScalerAudioGetUserSamplingFreqDCode_EXINT0(_PORT_HD
             -MI, GET_D3_SAMPLING_FREQ_USER_DEFINE())));
2660   3                  ScalerSetByte_EXINT(P72_C9_HDMI_AP, _P72_CA_PT_14_PORT_PAGE72_HDMI_DCAPR1);
2661   3                  ScalerSetByte_EXINT(P72_CA_HDMI_DP, LOBYTE(ScalerAudioGetUserSamplingFreqDCode_EXINT0(_PORT_HD
             -MI, GET_D3_SAMPLING_FREQ_USER_DEFINE())));
2662   3      
2663   3                  // Set Double Buffer bit
2664   3                  ScalerSetByte_EXINT(P72_C9_HDMI_AP, _P72_CA_PT_10_PORT_PAGE72_HDMI_CMCR);
2665   3                  ScalerSetBit_EXINT(P72_CA_HDMI_DP, ~_BIT4, _BIT4);
2666   3      
2667   3                  // Load D code
2668   3                  ScalerSetByte_EXINT(P72_C9_HDMI_AP, _P72_CA_PT_31_PORT_PAGE72_HDMI_WDCR0);
2669   3                  ScalerSetBit_EXINT(P72_CA_HDMI_DP, ~_BIT6, _BIT6);
2670   3                  ScalerSetByte_EXINT(P72_C9_HDMI_AP, _P72_CA_PT_31_PORT_PAGE72_HDMI_WDCR0);
2671   3                  ScalerSetBit_EXINT(P72_CA_HDMI_DP, ~_BIT6, 0x00);
2672   3      
2673   3                  // CLR PLL Autoload Status Flag
2674   3                  CLR_AUDIO_D3_AUTO_LOAD_FREQ();
2675   3              }
2676   2      #endif
2677   2          }
2678   1      #endif
2679   1      
2680   1          // Clear IRQ Pending Flag
2681   1          ScalerSetByte_EXINT(P72_C9_HDMI_AP, _P72_CA_PT_60_PORT_PAGE72_HDMI_INTCR);
2682   1          ScalerSetBit_EXINT(P72_CA_HDMI_DP, ~_BIT7, _BIT7);
2683   1      
2684   1          ScalerSetBit_EXINT(P72_C8_HDMI_APC, ~_BIT0, pucBackUp[1]);
2685   1          ScalerSetByte_EXINT(P72_C9_HDMI_AP, pucBackUp[0]);
2686   1      
2687   1          ScalerSetBit_EXINT(P72_C2_HDCP_PCR, ~(_BIT4 | _BIT0), pucBackUp[3]);
2688   1          ScalerSetByte_EXINT(P72_C3_HDCP_AP, pucBackUp[2]);
C51 COMPILER V9.60.0.0   RL6432_SERIES_TMDSRX3                                             09/18/2026 20:39:33 PAGE 46  

2689   1      
2690   1      #if(_D3_HDMI_2_0_SUPPORT == _ON)
2691   1          ScalerSetBit_EXINT(P72_38_HDMI_CTRL_38, ~(_BIT2 | _BIT1 | _BIT0), pucBackUp[5]);
2692   1          ScalerSetByte_EXINT(P72_39_HDMI_CTRL_39, pucBackUp[4]);
2693   1      #endif
2694   1      }
2695          
2696          //--------------------------------------------------
2697          // Description  : Check CDR Locked
2698          // Input Value  : Measured Clk Count to be compared
2699          // Output Value : _TRUE => Stable
2700          //--------------------------------------------------
2701          bit ScalerTMDSRx3CheckCDRStable(WORD usClkCount)
2702          {
2703   1          BYTE ucStableIrq = 0;
2704   1          BYTE ucUnstableIrq = 0;
2705   1      
2706   1          // Backup Stable IRQ && Unstable IRQ enable bit status
2707   1          ucStableIrq = ScalerGetByte(P72_EF_HDMI_ERROR_TH);
2708   1          ucUnstableIrq = ScalerGetByte(P72_E6_HDMI_FREQDET_CTRL);
2709   1      
2710   1          // Disable INT Clock Check
2711   1          ScalerSetBit(P72_EF_HDMI_ERROR_TH, ~(_BIT7 | _BIT6 | _BIT5), 0x00);
2712   1          ScalerSetBit(P72_E6_HDMI_FREQDET_CTRL, ~(_BIT6 | _BIT2 | _BIT1), 0x00);
2713   1      
2714   1      #if(_D3_INPUT_PORT_TYPE == _D3_MHL_PORT)
              
                  if(GET_D3_TMDS_MODE() == _TMDS_MHL_MODE)
                  {
                      switch(GET_TMDS_RX3_CLK_MODE())
                      {
                          // Check if Packed Pixel Mode
                          case _TMDS_MHL_PPMODE_PHY_SETTING:
              
                              // Check Current Measured Freq. is the same as previously locked
                              if(abs(usClkCount - (ScalerTMDSRx3MeasureClk(_CLK_SOURCE_RED) * 4)) > (usClkCount >> 6))
                              {
                                  // Restore INT Clock Check
                                  ScalerSetBit(P72_EF_HDMI_ERROR_TH, ~(_BIT7 | _BIT6 | _BIT5), (ucStableIrq & _BIT7));
                                  ScalerSetBit(P72_E6_HDMI_FREQDET_CTRL, ~(_BIT6 | _BIT2 | _BIT1), (ucUnstableIrq & _BIT
             -1));
              
                                  return _FALSE;
                              }
              
                              break;
              
                          // Check if 24 Bit Mode
                          case _TMDS_24BIT_PHY_SETTING:
              
                              // Check Current Measured Freq. is the same as previously locked
                              if(abs(usClkCount - (ScalerTMDSRx3MeasureClk(_CLK_SOURCE_RED) * 3)) > (usClkCount >> 6))
                              {
                                  // Restore INT Clock Check
                                  ScalerSetBit(P72_EF_HDMI_ERROR_TH, ~(_BIT7 | _BIT6 | _BIT5), (ucStableIrq & _BIT7));
                                  ScalerSetBit(P72_E6_HDMI_FREQDET_CTRL, ~(_BIT6 | _BIT2 | _BIT1), (ucUnstableIrq & _BIT
             -1));
              
                                  return _FALSE;
                              }
              
                              break;
C51 COMPILER V9.60.0.0   RL6432_SERIES_TMDSRX3                                             09/18/2026 20:39:33 PAGE 47  

              
                          default:
              
                              // Restore INT Clock Check
                              ScalerSetBit(P72_EF_HDMI_ERROR_TH, ~(_BIT7 | _BIT6 | _BIT5), (ucStableIrq & _BIT7));
                              ScalerSetBit(P72_E6_HDMI_FREQDET_CTRL, ~(_BIT6 | _BIT2 | _BIT1), (ucUnstableIrq & _BIT1));
              
                              return _FALSE;
                              break;
                      }
                  }
                  else
              #endif // End of #if(_D3_INPUT_PORT_TYPE == _D3_MHL_PORT)
2762   1          {
2763   2      #if(_D3_HDMI_2_0_SUPPORT == _ON)
2764   2      
2765   2              if(GET_TMDS_RX3_HIGH_SPEED_MODE() == _TRUE)
2766   2              {
2767   3                  // Check Current Measured Freq. is the same as previously locked
2768   3                  if(abs(usClkCount - (ScalerTMDSRx3MeasureClk(_CLK_SOURCE_RED) * 4)) > (usClkCount >> 6))
2769   3                  {
2770   4                      // Restore INT Clock Check
2771   4                      ScalerSetBit(P72_EF_HDMI_ERROR_TH, ~(_BIT7 | _BIT6 | _BIT5), (ucStableIrq & _BIT7));
2772   4                      ScalerSetBit(P72_E6_HDMI_FREQDET_CTRL, ~(_BIT6 | _BIT2 | _BIT1), (ucUnstableIrq & _BIT1));
2773   4      
2774   4                      return _FALSE;
2775   4                  }
2776   3      
2777   3                  if(abs(usClkCount - (ScalerTMDSRx3MeasureClk(_CLK_SOURCE_BLUE) * 4)) > (usClkCount >> 6))
2778   3                  {
2779   4                      // Restore INT Clock Check
2780   4                      ScalerSetBit(P72_EF_HDMI_ERROR_TH, ~(_BIT7 | _BIT6 | _BIT5), (ucStableIrq & _BIT7));
2781   4                      ScalerSetBit(P72_E6_HDMI_FREQDET_CTRL, ~(_BIT6 | _BIT2 | _BIT1), (ucUnstableIrq & _BIT1));
2782   4      
2783   4                      return _FALSE;
2784   4                  }
2785   3      
2786   3                  if(abs(usClkCount - (ScalerTMDSRx3MeasureClk(_CLK_SOURCE_GREEN) * 4)) > (usClkCount >> 6))
2787   3                  {
2788   4                      // Restore INT Clock Check
2789   4                      ScalerSetBit(P72_EF_HDMI_ERROR_TH, ~(_BIT7 | _BIT6 | _BIT5), (ucStableIrq & _BIT7));
2790   4                      ScalerSetBit(P72_E6_HDMI_FREQDET_CTRL, ~(_BIT6 | _BIT2 | _BIT1), (ucUnstableIrq & _BIT1));
2791   4      
2792   4                      return _FALSE;
2793   4                  }
2794   3              }
2795   2              else
2796   2      #endif
2797   2              {
2798   3                  // Check Current Measured Freq. is the same as previously locked
2799   3                  if(abs(usClkCount - ScalerTMDSRx3MeasureClk(_CLK_SOURCE_RED)) > (usClkCount >> 6))
2800   3                  {
2801   4                      // Restore INT Clock Check
2802   4                      ScalerSetBit(P72_EF_HDMI_ERROR_TH, ~(_BIT7 | _BIT6 | _BIT5), (ucStableIrq & _BIT7));
2803   4                      ScalerSetBit(P72_E6_HDMI_FREQDET_CTRL, ~(_BIT6 | _BIT2 | _BIT1), (ucUnstableIrq & _BIT1));
2804   4      
2805   4                      return _FALSE;
2806   4                  }
2807   3      
2808   3                  if(abs(usClkCount - ScalerTMDSRx3MeasureClk(_CLK_SOURCE_BLUE)) > (usClkCount >> 6))
2809   3                  {
2810   4                      // Restore INT Clock Check
C51 COMPILER V9.60.0.0   RL6432_SERIES_TMDSRX3                                             09/18/2026 20:39:33 PAGE 48  

2811   4                      ScalerSetBit(P72_EF_HDMI_ERROR_TH, ~(_BIT7 | _BIT6 | _BIT5), (ucStableIrq & _BIT7));
2812   4                      ScalerSetBit(P72_E6_HDMI_FREQDET_CTRL, ~(_BIT6 | _BIT2 | _BIT1), (ucUnstableIrq & _BIT1));
2813   4      
2814   4                      return _FALSE;
2815   4                  }
2816   3      
2817   3                  if(abs(usClkCount - ScalerTMDSRx3MeasureClk(_CLK_SOURCE_GREEN)) > (usClkCount >> 6))
2818   3                  {
2819   4                      // Restore INT Clock Check
2820   4                      ScalerSetBit(P72_EF_HDMI_ERROR_TH, ~(_BIT7 | _BIT6 | _BIT5), (ucStableIrq & _BIT7));
2821   4                      ScalerSetBit(P72_E6_HDMI_FREQDET_CTRL, ~(_BIT6 | _BIT2 | _BIT1), (ucUnstableIrq & _BIT1));
2822   4      
2823   4                      return _FALSE;
2824   4                  }
2825   3              }
2826   2          }
2827   1      
2828   1          // Restore INT Clock Check
2829   1          ScalerSetBit(P72_EF_HDMI_ERROR_TH, ~(_BIT7 | _BIT6 | _BIT5), (ucStableIrq & _BIT7));
2830   1          ScalerSetBit(P72_E6_HDMI_FREQDET_CTRL, ~(_BIT6 | _BIT2 | _BIT1), (ucUnstableIrq & _BIT1));
2831   1      
2832   1          return _TRUE;
2833   1      }
2834          
2835          //--------------------------------------------------
2836          // Description  : Check CDR Locked (EXINT0 Only)
2837          // Input Value  : Measured Clk Count to be compared
2838          // Output Value : _TRUE => Stable
2839          //--------------------------------------------------
2840          BYTE ScalerTMDSRx3CheckCDRStable_EXINT0(WORD usClkCount) using 1
2841          {
2842   1      #if(_D3_INPUT_PORT_TYPE == _D3_MHL_PORT)
              
                  if(GET_D3_TMDS_MODE() == _TMDS_MHL_MODE)
                  {
                      switch(GET_TMDS_RX3_CLK_MODE())
                      {
                          // Check if Packed Pixel Mode
                          case _TMDS_MHL_PPMODE_PHY_SETTING:
              
                              // Check Current Measured Freq. is the same as previously locked
                              if(abs(usClkCount - ScalerTMDSRx3MeasureClk_EXINT0(_CLK_SOURCE_TMDS)) > (usClkCount >> 6))
                              {
                                  return _FALSE;
                              }
              
                              // Check Current Measured Freq. is the same as previously locked
                              if(abs(usClkCount - (ScalerTMDSRx3MeasureClk_EXINT0(_CLK_SOURCE_RED) * 4)) > (usClkCount >
             -> 6))
                              {
                                  return _FALSE;
                              }
              
                              break;
              
                          // Check if 24 Bit Mode
                          case _TMDS_24BIT_PHY_SETTING:
              
                              // Check Current Measured Freq. is the same as previously locked
                              if(abs(usClkCount - ScalerTMDSRx3MeasureClk_EXINT0(_CLK_SOURCE_TMDS)) > (usClkCount >> 6))
                              {
                                  return _FALSE;
C51 COMPILER V9.60.0.0   RL6432_SERIES_TMDSRX3                                             09/18/2026 20:39:33 PAGE 49  

                              }
              
                              // Check Current Measured Freq. is the same as previously locked
                              if(abs(usClkCount - (ScalerTMDSRx3MeasureClk_EXINT0(_CLK_SOURCE_RED) * 3)) > (usClkCount >
             -> 6))
                              {
                                  return _FALSE;
                              }
              
                              break;
              
                          default:
              
                              return _FALSE;
                              break;
                      }
                  }
                  else
              #endif // End of #if(_D3_INPUT_PORT_TYPE == _D3_MHL_PORT)
2890   1          {
2891   2      #if(_D3_HDMI_2_0_SUPPORT == _ON)
2892   2              if(GET_TMDS_RX3_HIGH_SPEED_MODE() == _TRUE)
2893   2              {
2894   3                  // Check Current Measured Freq. is the same as previously locked
2895   3                  if(abs(usClkCount - ScalerTMDSRx3MeasureClk_EXINT0(_CLK_SOURCE_TMDS)) > (usClkCount >> 6))
2896   3                  {
2897   4                      return _FALSE;
2898   4                  }
2899   3      
2900   3                  if(abs(usClkCount - (ScalerTMDSRx3MeasureClk_EXINT0(_CLK_SOURCE_RED) * 4)) > (usClkCount >> 6)
             -)
2901   3                  {
2902   4                      return _FALSE;
2903   4                  }
2904   3      
2905   3                  if(abs(usClkCount - (ScalerTMDSRx3MeasureClk_EXINT0(_CLK_SOURCE_BLUE) * 4)) > (usClkCount >> 6
             -))
2906   3                  {
2907   4                      return _FALSE;
2908   4                  }
2909   3      
2910   3                  if(abs(usClkCount - (ScalerTMDSRx3MeasureClk_EXINT0(_CLK_SOURCE_GREEN) * 4)) > (usClkCount >> 
             -6))
2911   3                  {
2912   4                      return _FALSE;
2913   4                  }
2914   3              }
2915   2              else
2916   2      #endif
2917   2              {
2918   3                  // Check Current Measured Freq. is the same as previously locked
2919   3                  if(abs(usClkCount - ScalerTMDSRx3MeasureClk_EXINT0(_CLK_SOURCE_TMDS)) > (usClkCount >> 6))
2920   3                  {
2921   4                      return _FALSE;
2922   4                  }
2923   3      
2924   3                  if(abs(usClkCount - ScalerTMDSRx3MeasureClk_EXINT0(_CLK_SOURCE_RED)) > (usClkCount >> 6))
2925   3                  {
2926   4                      return _FALSE;
2927   4                  }
2928   3      
2929   3                  if(abs(usClkCount - ScalerTMDSRx3MeasureClk_EXINT0(_CLK_SOURCE_BLUE)) > (usClkCount >> 6))
C51 COMPILER V9.60.0.0   RL6432_SERIES_TMDSRX3                                             09/18/2026 20:39:33 PAGE 50  

2930   3                  {
2931   4                      return _FALSE;
2932   4                  }
2933   3      
2934   3                  if(abs(usClkCount - ScalerTMDSRx3MeasureClk_EXINT0(_CLK_SOURCE_GREEN)) > (usClkCount >> 6))
2935   3                  {
2936   4                      return _FALSE;
2937   4                  }
2938   3              }
2939   2          }
2940   1      
2941   1          return _TRUE;
2942   1      }
2943          
2944          //--------------------------------------------------
2945          // Description  : Measure Clk
2946          // Input Value  : Clk Source to be measured
2947          // Output Value : Measured Clk Count
2948          //--------------------------------------------------
2949          WORD ScalerTMDSRx3MeasureClk(BYTE ucMeasureClk)
2950          {
2951   1          BYTE ucDelayCount = 0;
2952   1      
2953   1      #if(_D3_INPUT_PORT_TYPE == _D3_MHL_PORT)
                  if(GET_D3_TMDS_MODE() == _TMDS_MHL_MODE)
                  {
                      // Enable Rx_EN (Lane0,3)
                      ScalerSetBit(P7C_1A_CMU_00, ~(_BIT7 | _BIT4), (_BIT7 | _BIT4));
                  }
                  else
              #endif
2961   1          {
2962   2              // Enable Rx_EN (Lane3)
2963   2              ScalerSetBit(P7C_1A_CMU_00, ~_BIT7, _BIT7);
2964   2          }
2965   1      
2966   1          // Disable Measure for Reset Measure Window
2967   1          ScalerSetByte(P72_C9_HDMI_AP, _P72_CA_PT_28_PORT_PAGE72_HDMI_NTX1024TR0);
2968   1          ScalerSetBit(P72_CA_HDMI_DP, ~(_BIT5 | _BIT4 | _BIT3), 0x00);
2969   1      
2970   1          // Select reference clk to Xtal Clk and measure clk
2971   1          ScalerSetBit(P72_AD_TMDS_CPS, ~(_BIT6 | _BIT5 | _BIT4), ((ucMeasureClk << 5) | _BIT4));
2972   1      
2973   1          // Start Measure
2974   1          ScalerSetByte(P72_C9_HDMI_AP, _P72_CA_PT_28_PORT_PAGE72_HDMI_NTX1024TR0);
2975   1          ScalerSetBit(P72_CA_HDMI_DP, ~(_BIT5 | _BIT4 | _BIT3), _BIT3);
2976   1      
2977   1          // Delay at least 40us at Xtal = 27MHz
2978   1          for(ucDelayCount = 0; ucDelayCount <= 8; ucDelayCount++)
2979   1          {
2980   2              DELAY_5US();
2981   2      
2982   2              ScalerSetByte(P72_C9_HDMI_AP, _P72_CA_PT_28_PORT_PAGE72_HDMI_NTX1024TR0);
2983   2              if(ScalerGetBit(P72_CA_HDMI_DP, _BIT3) == 0x00)
2984   2              {
2985   3                  break;
2986   3              }
2987   2          }
2988   1      
2989   1          ScalerSetByte(P72_C9_HDMI_AP, _P72_CA_PT_28_PORT_PAGE72_HDMI_NTX1024TR0);
2990   1          pData[0] = ScalerGetByte(P72_CA_HDMI_DP);
2991   1      
C51 COMPILER V9.60.0.0   RL6432_SERIES_TMDSRX3                                             09/18/2026 20:39:33 PAGE 51  

2992   1          ScalerSetByte(P72_C9_HDMI_AP, _P72_CA_PT_29_PORT_PAGE72_HDMI_NTX1024TR1);
2993   1          pData[1] = ScalerGetByte(P72_CA_HDMI_DP);
2994   1      
2995   1          return ((WORD)(pData[0] & 0x07) << 8) | pData[1];
2996   1      }
2997          
2998          //--------------------------------------------------
2999          // Description  : Measure Clk (EXINT0 Only)
3000          // Input Value  : Clk Source to be measured
3001          // Output Value : Measured Clk Count
3002          //--------------------------------------------------
3003          WORD ScalerTMDSRx3MeasureClk_EXINT0(BYTE ucMeasureClk) using 1
3004          {
3005   1          BYTE ucDelayCount = 0;
3006   1          WORD usClkCount = 0;
3007   1          BYTE ucBackUp = 0;
3008   1      
3009   1      #if(_D3_INPUT_PORT_TYPE == _D3_MHL_PORT)
                  if(GET_D3_TMDS_MODE() == _TMDS_MHL_MODE)
                  {
                      // Enable Rx_EN (Lane0,3)
                      ScalerSetBit_EXINT(P7C_1A_CMU_00, ~(_BIT7 | _BIT4), (_BIT7 | _BIT4));
                  }
                  else
              #endif
3017   1          {
3018   2              // Enable Rx_EN (Lane3)
3019   2              ScalerSetBit_EXINT(P7C_1A_CMU_00, ~_BIT7, _BIT7);
3020   2          }
3021   1      
3022   1          // Disable Measure for Reset Measure Window
3023   1          ScalerSetByte_EXINT(P72_C9_HDMI_AP, _P72_CA_PT_28_PORT_PAGE72_HDMI_NTX1024TR0);
3024   1          ScalerSetBit_EXINT(P72_CA_HDMI_DP, ~(_BIT5 | _BIT4 | _BIT3), 0x00);
3025   1      
3026   1          // Select reference clk to Xtal Clk and measure clk
3027   1          ScalerSetBit_EXINT(P72_AD_TMDS_CPS, ~(_BIT6 | _BIT5 | _BIT4), ((ucMeasureClk << 5) | _BIT4));
3028   1      
3029   1          ucBackUp = (ScalerGetByte_EXINT(P72_C8_HDMI_APC) & 0x01);
3030   1      
3031   1          // Set CA Port non-auto increase
3032   1          ScalerSetBit_EXINT(P72_C8_HDMI_APC, ~_BIT0, 0x00);
3033   1      
3034   1          // Start Measure
3035   1          ScalerSetByte_EXINT(P72_C9_HDMI_AP, _P72_CA_PT_28_PORT_PAGE72_HDMI_NTX1024TR0);
3036   1          ScalerSetBit_EXINT(P72_CA_HDMI_DP, ~(_BIT5 | _BIT4 | _BIT3), _BIT3);
3037   1      
3038   1          // Delay at least 40us at Xtal = 27MHz
3039   1          for(ucDelayCount = 0; ucDelayCount <= 8; ucDelayCount++)
3040   1          {
3041   2              DELAY_5US_EXINT();
3042   2      
3043   2              if((ScalerGetBit_EXINT(P72_CA_HDMI_DP, _BIT3)) == 0x00)
3044   2              {
3045   3                  break;
3046   3              }
3047   2          }
3048   1      
3049   1          ScalerSetByte_EXINT(P72_C9_HDMI_AP, _P72_CA_PT_28_PORT_PAGE72_HDMI_NTX1024TR0);
3050   1          usClkCount = ((WORD)(ScalerGetByte_EXINT(P72_CA_HDMI_DP) & 0x07) << 8);
3051   1      
3052   1          ScalerSetByte_EXINT(P72_C9_HDMI_AP, _P72_CA_PT_29_PORT_PAGE72_HDMI_NTX1024TR1);
3053   1          usClkCount = usClkCount | ScalerGetByte_EXINT(P72_CA_HDMI_DP);
C51 COMPILER V9.60.0.0   RL6432_SERIES_TMDSRX3                                             09/18/2026 20:39:33 PAGE 52  

3054   1      
3055   1          ScalerSetBit_EXINT(P72_C8_HDMI_APC, ~_BIT0, ucBackUp);
3056   1      
3057   1          return usClkCount;
3058   1      }
3059          
3060          //--------------------------------------------------
3061          // Description  : Set Back Ground Color
3062          // Input Value  : Current Color Space
3063          // Output Value : None
3064          //--------------------------------------------------
3065          void ScalerTMDSRx3SetPorchColor(EnumColorSpace enumColorFormat)
3066          {
3067   1          // Manual Set Background Color Enable
3068   1          ScalerSetBit(P72_B9_TMDS_OUT_CTRL, ~_BIT7, 0x00);
3069   1      
3070   1          if((enumColorFormat == _COLOR_SPACE_YCBCR444) || (enumColorFormat == _COLOR_SPACE_YCBCR422))
3071   1          {
3072   2              ScalerSetByte(P72_BA_TMDS_ROUT_HIGH_BYTE, 0x80);
3073   2              ScalerSetByte(P72_BB_TMDS_ROUT_LOW_BYTE, 0x00);
3074   2              ScalerSetByte(P72_BC_TMDS_GOUT_HIGH_BYTE, 0x10);
3075   2              ScalerSetByte(P72_BD_TMDS_GOUT_LOW_BYTE, 0x00);
3076   2              ScalerSetByte(P72_BE_TMDS_BOUT_HIGH_BYTE, 0x80);
3077   2              ScalerSetByte(P72_BF_TMDS_BOUT_LOW_BYTE, 0x00);
3078   2          }
3079   1          else
3080   1          {
3081   2              ScalerSetByte(P72_BA_TMDS_ROUT_HIGH_BYTE, 0x00);
3082   2              ScalerSetByte(P72_BB_TMDS_ROUT_LOW_BYTE, 0x00);
3083   2              ScalerSetByte(P72_BC_TMDS_GOUT_HIGH_BYTE, 0x00);
3084   2              ScalerSetByte(P72_BD_TMDS_GOUT_LOW_BYTE, 0x00);
3085   2              ScalerSetByte(P72_BE_TMDS_BOUT_HIGH_BYTE, 0x00);
3086   2              ScalerSetByte(P72_BF_TMDS_BOUT_LOW_BYTE, 0x00);
3087   2          }
3088   1      }
3089          
3090          #if(_D3_HDMI_SUPPORT == _ON)
3091          #if(_D3_INPUT_PORT_TYPE != _D3_DUAL_DVI_PORT)
3092          //--------------------------------------------------
3093          // Description  : Set Deep Color PLL
3094          // Input Value  : usTMDSClkCount, ucColorDepth
3095          // Output Value : None
3096          //--------------------------------------------------
3097          bit ScalerTMDSRx3HdmiSetDeepColorPll(WORD usTMDSClkCount, BYTE ucColorDepth)
3098          {
3099   1          DWORD ulTMDSClkValue = 0;
3100   1          WORD usM = 0;
3101   1          BYTE ucN = 0;
3102   1          BYTE ucDivS = 0;
3103   1          BYTE ucFactor = 0;
3104   1      
3105   1          ////////////////////////////////////////////////////////////////////////////////////////////////
3106   1          // Fin = TMDS_clk
3107   1          // Fref = Fin / N
3108   1          // Fvco = Fin * M / N
3109   1          // Freq = Fvco / Divs
3110   1          //
3111   1          // Restriction
3112   1          // A. BW = Kvco * Icp * R / (M * 2pi) = 700k (Band10 Kvco = 1880), R = 13k)
3113   1          // B. 300MHz < Fvco < 600MHz
3114   1          // C. (Fin / N) >= 10 * BW --> (Fin / N) >= 7MHz
3115   1          // D. YCbCr 420, Ratio = 2, other case Ratio = 1
C51 COMPILER V9.60.0.0   RL6432_SERIES_TMDSRX3                                             09/18/2026 20:39:33 PAGE 53  

3116   1          //
3117   1          // note 1.   According A, Icp = 2.5 ~ 20 --> 14 <= M <= 111
3118   1          // note 2.   According B and note 1. --> 3 <= (Fin / N) <= 42
3119   1          // note 3.   According C and note 2. --> 7 <= (Fin / N) <= 42
3120   1          // note 4_a. 10bit : (M / N / Divs) = (4 / 5 * Ratio) --> M = N * Divs * (4 / 5 * Ratio), N or Divs: m
             -ultiple of 5
3121   1          // note 4_b. 12bit : (M / N / Divs) = (2 / 3 * Ratio) --> M = N * Divs * (2 / 3 * Ratio), N or Divs: m
             -ultiple of 3
3122   1          // note 4_b. 16bit : (M / N / Divs) = (1 / 2 * Ratio) --> M = N * Divs * (1 / 2 * Ratio), N or Divs: m
             -ultiple of 2
3123   1          ////////////////////////////////////////////////////////////////////////////////////////////////
3124   1      
3125   1          // If Measure Divider = /2 then TMDS_CLK x 2, unit:kHz
3126   1          if(ScalerGetDataPortBit(P72_C9_HDMI_AP, _P72_CA_PT_28_PORT_PAGE72_HDMI_NTX1024TR0, _BIT6) == _BIT6)
3127   1          {
3128   2              ulTMDSClkValue = (DWORD)_GDI_CLK_KHZ * 1024 * 2 / usTMDSClkCount;
3129   2          }
3130   1          else
3131   1          {
3132   2              ulTMDSClkValue = (DWORD)_GDI_CLK_KHZ * 1024 / usTMDSClkCount;
3133   2          }
3134   1      
3135   1      #if(_D3_HDMI_2_0_SUPPORT == _ON)
3136   1          if(GET_TMDS_RX3_HIGH_SPEED_MODE() == _TRUE)
3137   1          {
3138   2              ulTMDSClkValue = (ulTMDSClkValue << 2);
3139   2          }
3140   1      #endif
3141   1      
3142   1          DebugMessageRx3("TMDS clk", ulTMDSClkValue);
3143   1          DebugMessageRx3("Color Depth", ucColorDepth);
3144   1      
3145   1          switch(ucColorDepth)
3146   1          {
3147   2              case _COLOR_DEPTH_10_BITS:
3148   2      
3149   2                  ucFactor = 5;
3150   2      
3151   2                  break;
3152   2      
3153   2              case _COLOR_DEPTH_12_BITS:
3154   2      
3155   2                  ucFactor = 3;
3156   2      
3157   2                  break;
3158   2      
3159   2              case _COLOR_DEPTH_16_BITS:
3160   2      
3161   2                  ucFactor = 2;
3162   2      
3163   2                  break;
3164   2      
3165   2              default:
3166   2      
3167   2                  return _FALSE;
3168   2          }
3169   1      
3170   1          // N <= (Fin / 7)
3171   1          PDATA_WORD(0) = (ulTMDSClkValue / 7000);
3172   1      
3173   1          if(PDATA_WORD(0) < 2)
3174   1          {
C51 COMPILER V9.60.0.0   RL6432_SERIES_TMDSRX3                                             09/18/2026 20:39:33 PAGE 54  

3175   2              return _FALSE;
3176   2          }
3177   1          else if(PDATA_WORD(0) >= ucFactor)
3178   1          {
3179   2              // N: Multiple of factor
3180   2              PDATA_WORD(0) -= (PDATA_WORD(0) % ucFactor);
3181   2          }
3182   1          else if(PDATA_WORD(0) > 255)
3183   1          {
3184   2              // N: Multiple of factor
3185   2              PDATA_WORD(0) = 255 - (255 % ucFactor);
3186   2          }
3187   1      
3188   1          ucN = PDATA_WORD(0);
3189   1      
3190   1          // for differenct Divs, find suitable Divs and M
3191   1          for(pData[15] = 0; pData[15] <= 254; pData[15] += 2)
3192   1          {
3193   2              // N or Divs: Multiple of factor
3194   2              if(((ucN % ucFactor) == 0x00) || ((pData[15] % ucFactor) == 0x00))
3195   2              {
3196   3                  usM = (WORD)ucN * ((pData[15] == 0) ? 1 : pData[15]) * (ucFactor - 1) / ucFactor;
3197   3      
3198   3                  // Fvco = Fin * M / N
3199   3                  PDATA_DWORD(0) = (ulTMDSClkValue * usM / ucN);
3200   3      
3201   3                  if((PDATA_DWORD(0) >= 300000) && (PDATA_DWORD(0) <= 600000))
3202   3                  {
3203   4                      ucDivS = ((pData[15] == 0) ? 1 : pData[15]);
3204   4                      break;
3205   4                  }
3206   3              }
3207   2      
3208   2              if((pData[15] == 254) && (ucDivS == 0))
3209   2              {
3210   3                  DebugMessageRx3("4. PLL Setting Error", 0);
3211   3                  return _FALSE;
3212   3              }
3213   2          }
3214   1      
3215   1          //////////////////////////////////////////////////////////////////////////////////////////////////
3216   1          // Precise formula of Chrage Pump Current depends on DPM, resistor, and band.                   //
3217   1          // If VCO band = 'b00, Icp = (700 * M * 2 * pi) / (778 * 0x01C1[7:5]).                          //
3218   1          // If VCO band = 'b01, Icp = (700 * M * 2 * pi) / (1340 * 0x01C1[7:5]).                         //
3219   1          // If VCO band = 'b10, Icp = (700 * M * 2 * pi) / (1880 * 0x01C1[7:5]).                         //
3220   1          // If VCO band = 'b11, Icp = (700 * M * 2 * pi) / (2340 * 0x01C1[7:5]).                         //
3221   1          // 700: DPLL max frequency design target is 700MHz; 778: Frequency curve in band00 is 778MHz.   //
3222   1          // Assume DPLL_M=0x13, DPM=0x13+2=21; DPN=2; reg_dpll_vcomd='b01; reg_dpll_rs[2:0]='b011;       //
3223   1          // Icp = (700 * 21 * 2 * 3.14) / (1340 * 13)                                                    //
3224   1          //////////////////////////////////////////////////////////////////////////////////////////////////
3225   1      
3226   1          // Set VCO resister = 3b'011(13K), Capacitor = 2b'11(66pF) (Analog DIC suggust)
3227   1          ScalerSetBit(P2E_BE_MN_SCLKG_PLL_CHP, ~(_BIT7 | _BIT6 | _BIT5 | _BIT4 | _BIT3), (_BIT6 | _BIT5 | _BIT4
             - | _BIT3));
3228   1      
3229   1          // BW = Kvco * Icp * R / (M * 2pi) = 700k --> Icp = M * BW * 2pi / Kvco / R
3230   1          PDATA_WORD(1) = ((DWORD)usM * 700UL * 2 * 314UL * 20) / _PLL_VCO_BAND_10 / ((7 + (ScalerGetBit(P2E_BE_
             -MN_SCLKG_PLL_CHP, (_BIT7 | _BIT6 | _BIT5)) >> 5) * 2) * 100);
3231   1          pData[5] = (PDATA_WORD(1) + 25) / 50;
3232   1          pData[5] -= ((pData[5] == 0) ? 0 : 1);
3233   1      
3234   1          if(pData[5] > 0x07)
C51 COMPILER V9.60.0.0   RL6432_SERIES_TMDSRX3                                             09/18/2026 20:39:33 PAGE 55  

3235   1          {
3236   2              pData[5] = 0x07;
3237   2          }
3238   1      
3239   1          DebugMessageRx3("Deep Color Charge Pump icp =", pData[5]);
3240   1      
3241   1          // DPPLL Power Down
3242   1          ScalerSetByte(P2E_BD_MN_SCLKG_PLL_PWR, 0x80);
3243   1      
3244   1          // Disable M/N Tracking
3245   1          ScalerSetBit(P2E_A7_MN_SCLKG_TRK_CTRL, ~(_BIT7 | _BIT6 | _BIT1 | _BIT0), (_BIT1 | _BIT0));
3246   1      
3247   1          // Set PLL Charge Pump Current
3248   1          ScalerSetBit(P2E_BE_MN_SCLKG_PLL_CHP, ~(_BIT2 | _BIT1 | _BIT0), (pData[5] & 0x07));
3249   1      
3250   1          // Set VCOMD, phase Swallow Circuit Clock Select, SCLKGSTOP
3251   1          ScalerSetBit(P2E_BF_MN_SCLKG_PLL_WD, ~(0x7F), 0x16);
3252   1      
3253   1          // Set DPPLL Div_2 & Div_s
3254   1          ScalerSetByte(P2E_A3_MN_SCLKG_DIVS, (ucDivS >> 1));
3255   1      
3256   1          // Set DPPLL Div_O.
3257   1          ScalerSetBit(P2E_BD_MN_SCLKG_PLL_PWR, ~(_BIT1 | _BIT0), (0 & (_BIT1 | _BIT0)));
3258   1      
3259   1          // Offset Value Setting
3260   1          ScalerSetByte(P2E_A6_MN_SCLKG_OFFS_L, 0);
3261   1          ScalerSetByte(P2E_A5_MN_SCLKG_OFFS_M, 0);
3262   1          ScalerSetBit(P2E_A4_MN_SCLKG_OFFS_H, ~(_BIT2 | _BIT1 | _BIT0), 0x00);
3263   1          ScalerSetBit(P2E_A7_MN_SCLKG_TRK_CTRL, ~(_BIT1 | _BIT0), 0x00);
3264   1      
3265   1          // Enable phase swallow
3266   1          ScalerSetBit(P2E_B8_MN_SCLKG_SDM_CTRL, ~(_BIT5 | _BIT4), _BIT4);
3267   1      
3268   1          // Set DPPLL M Code
3269   1          ScalerSetBit(P2E_A0_MN_SCLKG_CTRL, ~(_BIT1 | _BIT0), (HIBYTE(usM - 2) & 0x03));
3270   1          ScalerSetByte(P2E_A1_MN_SCLKG_DIVM, LOBYTE(usM - 2));
3271   1      
3272   1          // Set DPPLL N Code
3273   1          ScalerSetByte(P2E_A2_MN_SCLKG_DIVN, (ucN - 2));
3274   1      
3275   1          // PLL Input Clock select to Link Clock, Output Clock Select to PLL Clock, Double Buffer.
3276   1          ScalerSetBit(P2E_A0_MN_SCLKG_CTRL, ~(_BIT6 | _BIT5 | _BIT4), (_BIT6 | _BIT4));
3277   1      
3278   1          // Load offset value
3279   1          ScalerSetBit(P2E_A4_MN_SCLKG_OFFS_H, ~(_BIT7 | _BIT6 | _BIT5 | _BIT4 | _BIT3), _BIT7);
3280   1      
3281   1          // Double Buffer for M/N Tracking
3282   1          ScalerSetBit(P2E_A0_MN_SCLKG_CTRL, ~_BIT4, _BIT4);
3283   1      
3284   1          // DPLL VCORSTB Set to Normal
3285   1          ScalerSetBit(P2E_C0_MN_SCLKG_PLL_INSEL, ~_BIT0, _DPLL_VCORSTB_NORMAL_VALUE);
3286   1      
3287   1          // DPLL Power On
3288   1          ScalerSetBit(P2E_BD_MN_SCLKG_PLL_PWR, ~_BIT7, 0x00);
3289   1      
3290   1          ScalerTimerDelayXms(2);
3291   1      
3292   1          ////////////////////////////////
3293   1          // DPPLL VCO Band Calibration //
3294   1          ////////////////////////////////
3295   1      
3296   1          // Reg DPLL_CMPEN
C51 COMPILER V9.60.0.0   RL6432_SERIES_TMDSRX3                                             09/18/2026 20:39:33 PAGE 56  

3297   1          ScalerSetBit(P2E_BD_MN_SCLKG_PLL_PWR, ~_BIT2, _BIT2);
3298   1      
3299   1          ScalerTimerDelayXms(2);
3300   1      
3301   1          // Reg DPLL_CALLCH
3302   1          ScalerSetBit(P2E_BD_MN_SCLKG_PLL_PWR, ~_BIT3, _BIT3);
3303   1      
3304   1          ScalerTimerDelayXms(2);
3305   1      
3306   1          // Reg DPLL_CALSW
3307   1          ScalerSetBit(P2E_BD_MN_SCLKG_PLL_PWR, ~_BIT4, _BIT4);
3308   1      
3309   1          // Check VCO Band is '10
3310   1          if(ScalerGetBit(P2E_C0_MN_SCLKG_PLL_INSEL, (_BIT5 | _BIT4)) != _BIT5)
3311   1          {
3312   2              switch(ScalerGetBit(P2E_C0_MN_SCLKG_PLL_INSEL, (_BIT5 | _BIT4)) >> 4)
3313   2              {
3314   3                  case 00:
3315   3      
3316   3                      PDATA_WORD(0) = _PLL_VCO_BAND_00;
3317   3                      break;
3318   3      
3319   3                  case 01:
3320   3      
3321   3                      PDATA_WORD(0) = _PLL_VCO_BAND_01;
3322   3                      break;
3323   3      
3324   3                  case 10:
3325   3      
3326   3                      PDATA_WORD(0) = _PLL_VCO_BAND_10;
3327   3                      break;
3328   3      
3329   3                  case 11:
3330   3      
3331   3                      PDATA_WORD(0) = _PLL_VCO_BAND_11;
3332   3                      break;
3333   3      
3334   3                  default:
3335   3                      PDATA_WORD(0) = _PLL_VCO_BAND_10;
3336   3                      break;
3337   3              }
3338   2      
3339   2              PDATA_WORD(1) = ((DWORD)usM * 700UL * 2 * 314UL * 20) / PDATA_WORD(0) / ((7 + (ScalerGetBit(P2E_BE
             -_MN_SCLKG_PLL_CHP, (_BIT7 | _BIT6 | _BIT5)) >> 5) * 2) * 100);
3340   2      
3341   2              DebugMessageRx3("4. reset Icp", PDATA_WORD(1));
3342   2      
3343   2              pData[5] = (PDATA_WORD(1) + 25) / 50;
3344   2              pData[5] -= ((pData[5] == 0) ? 0 : 1);
3345   2      
3346   2              if(pData[5] > 0x07)
3347   2              {
3348   3                  pData[5] = 0x07;
3349   3              }
3350   2      
3351   2              // Set PLL Charge Pump Current
3352   2              ScalerSetBit(P2E_BE_MN_SCLKG_PLL_CHP, ~(_BIT2 | _BIT1 | _BIT0), (pData[5] & 0x07));
3353   2      
3354   2              DebugMessageRx3("4. VCO is not band10, reset Icp", pData[5]);
3355   2          }
3356   1      
3357   1          return _TRUE;
C51 COMPILER V9.60.0.0   RL6432_SERIES_TMDSRX3                                             09/18/2026 20:39:33 PAGE 57  

3358   1      }
3359          #endif // End of #if(_D3_INPUT_PORT_TYPE != _D3_DUAL_DVI_PORT)
3360          
3361          //--------------------------------------------------
3362          // Description  : Detect HDMI Info Frame
3363          // Input Value  : bWait => Whether to wait then read
3364          // Output Value : None
3365          //--------------------------------------------------
3366          void ScalerTMDSRx3HdmiPacketDetect(bit bWait)
3367          {
3368   1          if(bWait == _WAIT)
3369   1          {
3370   2              // Polling 3 frame for detect Packet signals
3371   2              if(ScalerTimerPollingFlagProc(130, P72_CC_HDMI_GPVS, (_BIT6 | _BIT5), _TRUE) == _TRUE)
3372   2              {
3373   3                  // Both GCP & AVI infoframe packet have been received
3374   3                  if(ScalerGetBit(P72_CC_HDMI_GPVS, (_BIT6 | _BIT5)) == (_BIT6 | _BIT5))
3375   3                  {
3376   4                      SET_HDMI_RX3_GCP_RECEIVED();
3377   4      
3378   4                      SET_HDMI_RX3_AVI_INFO_FRAME_RECEIVED();
3379   4                  }
3380   3                  // Only AVI infoframe packet have been received
3381   3                  else if(ScalerGetBit(P72_CC_HDMI_GPVS, (_BIT6 | _BIT5)) == _BIT5)
3382   3                  {
3383   4                      SET_HDMI_RX3_AVI_INFO_FRAME_RECEIVED();
3384   4      
3385   4                      // Polling more time to wait GCP when AVI IF has been received.
3386   4                      if(ScalerTimerPollingFlagProc(180, P72_CC_HDMI_GPVS, _BIT6, _TRUE) == _TRUE)
3387   4                      {
3388   5                          SET_HDMI_RX3_GCP_RECEIVED();
3389   5                      }
3390   4                      else
3391   4                      {
3392   5                          CLR_HDMI_RX3_GCP_RECEIVED();
3393   5                      }
3394   4                  }
3395   3                  // Only GCP Packet have been received
3396   3                  else if(ScalerGetBit(P72_CC_HDMI_GPVS, (_BIT6 | _BIT5)) == _BIT6)
3397   3                  {
3398   4                      SET_HDMI_RX3_GCP_RECEIVED();
3399   4      
3400   4                      // Polling more time to wait AVI IF when GCP has been received.
3401   4                      if(ScalerTimerPollingFlagProc(180, P72_CC_HDMI_GPVS, _BIT5, _TRUE) == _TRUE)
3402   4                      {
3403   5                          SET_HDMI_RX3_AVI_INFO_FRAME_RECEIVED();
3404   5                      }
3405   4                      else
3406   4                      {
3407   5                          CLR_HDMI_RX3_AVI_INFO_FRAME_RECEIVED();
3408   5                      }
3409   4                  }
3410   3              }
3411   2              // Neither AVI infoframe nor GCP packet received
3412   2              else
3413   2              {
3414   3                  CLR_HDMI_RX3_GCP_RECEIVED();
3415   3      
3416   3                  CLR_HDMI_RX3_AVI_INFO_FRAME_RECEIVED();
3417   3              }
3418   2      
3419   2      #if((_HDMI_FREESYNC_SUPPORT == _ON) || (_HDMI_FREESYNC_II_SUPPORT == _ON))
C51 COMPILER V9.60.0.0   RL6432_SERIES_TMDSRX3                                             09/18/2026 20:39:33 PAGE 58  

3420   2      #if((_HDMI_FREESYNC_SUPPORT == _ON) && (_HDMI_FREESYNC_II_SUPPORT == _OFF) && (_HDMI_FREESYNC_CAPABILITY_S
             -WITCH_METHOD == _MCCS_SWITCH_MODE))
3421   2              // Polling 3 frame for detect Packet signals
3422   2              if((GET_HDMI_FREESYNC_VCP() == 0x01) && (ScalerTimerPollingDataBitFlagProc(130, P72_C9_HDMI_AP, _P
             -72_CA_PT_00_PORT_PAGE72_HDMI_SCR, _BIT7, _TRUE) == _TRUE))
3423   2      #else
                      // Polling 3 frame for detect Packet signals
                      if(ScalerTimerPollingDataBitFlagProc(130, P72_C9_HDMI_AP, _P72_CA_PT_00_PORT_PAGE72_HDMI_SCR, _BIT
             -7, _TRUE) == _TRUE)
              #endif
3427   2              {
3428   3                  SET_TMDS_RX3_SPD_INFO_FRAME_RECEIVED();
3429   3              }
3430   2              else
3431   2              {
3432   3                  CLR_TMDS_RX3_SPD_INFO_FRAME_RECEIVED();
3433   3              }
3434   2      #endif
3435   2      
3436   2      #if(_HDMI_IDENTIFY_GAME_SRC_SUPPORT == _ON)
                      ScalerTMDSRx3SpdInfoPacketDetect(_WAIT);
              #endif
3439   2      
3440   2      #if(_HDMI_HDR10_SUPPORT == _ON)
3441   2              // Polling 3 frame for detect Packet signals
3442   2              if(ScalerTimerPollingDataBitFlagProc(130, P72_C9_HDMI_AP, _P72_CA_PT_00_PORT_PAGE72_HDMI_SCR, _BIT
             -6, _TRUE) == _TRUE)
3443   2              {
3444   3                  SET_HDMI_RX3_HDR10_INFO_FRAME_RECEIVED();
3445   3              }
3446   2              else
3447   2              {
3448   3                  CLR_HDMI_RX3_HDR10_INFO_FRAME_RECEIVED();
3449   3              }
3450   2      #endif
3451   2      
3452   2              // Wait at least 3 frame for HW auto update color depth value
3453   2              ScalerTimerDelayXms(130);
3454   2      
3455   2              CLR_HDMI_RX3_PACKET_DETECTING();
3456   2          }
3457   1          else
3458   1          {
3459   2              if(ScalerGetBit(P72_CC_HDMI_GPVS, _BIT6) == _BIT6)
3460   2              {
3461   3                  ScalerTMDSRx3HdmiWatchDog(_HDMI_AV_MUTE_WD, _ENABLE);
3462   3      
3463   3                  SET_HDMI_RX3_GCP_RECEIVED();
3464   3      
3465   3                  // Clear Detection Flag
3466   3                  ScalerSetBit(P72_CC_HDMI_GPVS, ~(_BIT6 | _BIT5), _BIT6);
3467   3              }
3468   2              else
3469   2              {
3470   3                  ScalerTMDSRx3HdmiWatchDog(_HDMI_AV_MUTE_WD, _DISABLE);
3471   3      
3472   3                  CLR_HDMI_RX3_GCP_RECEIVED();
3473   3              }
3474   2      
3475   2              if(ScalerGetBit(P72_CC_HDMI_GPVS, _BIT5) == _BIT5)
3476   2              {
3477   3                  // Color Space Auto/ Pixel Repetition auto mode
C51 COMPILER V9.60.0.0   RL6432_SERIES_TMDSRX3                                             09/18/2026 20:39:33 PAGE 59  

3478   3                  ScalerSetDataPortBit(P72_C9_HDMI_AP, _P72_CA_PT_51_PORT_PAGE72_HDMI_ACRCR, ~(_BIT6 | _BIT2), (
             -_BIT6 | _BIT2));
3479   3      
3480   3                  ScalerTMDSRx3HdmiWatchDog(_HDMI_AVI_INFO_VARIATION_WD, _ENABLE);
3481   3      
3482   3                  SET_HDMI_RX3_AVI_INFO_FRAME_RECEIVED();
3483   3      
3484   3                  // Clear Detection Flag
3485   3                  ScalerSetBit(P72_CC_HDMI_GPVS, ~(_BIT6 | _BIT5), _BIT5);
3486   3              }
3487   2              else
3488   2              {
3489   3                  // Mannal Set Color Space and disable pixel  repetition
3490   3                  ScalerSetDataPortBit(P72_C9_HDMI_AP, _P72_CA_PT_51_PORT_PAGE72_HDMI_ACRCR, ~(_BIT6 | _BIT5 | _
             -BIT4 | _BIT3 | _BIT2), 0x00);
3491   3      
3492   3                  // Disable down sampling
3493   3                  ScalerSetDataPortBit(P72_C9_HDMI_AP, _P72_CA_PT_50_PORT_PAGE72_HDMI_VCR, ~(_BIT3 | _BIT2 | _BI
             -T1 | _BIT0), 0x00);
3494   3      
3495   3                  // Waiting for Down Sampling Effect
3496   3                  ScalerTimerDelayXms(20);
3497   3      
3498   3                  ScalerTMDSRx3HdmiWatchDog(_HDMI_AVI_INFO_VARIATION_WD, _DISABLE);
3499   3      
3500   3                  CLR_HDMI_RX3_AVI_INFO_FRAME_RECEIVED();
3501   3              }
3502   2      
3503   2      #if((_HDMI_FREESYNC_SUPPORT == _ON) || (_HDMI_FREESYNC_II_SUPPORT == _ON))
3504   2      #if((_HDMI_FREESYNC_SUPPORT == _ON) && (_HDMI_FREESYNC_II_SUPPORT == _OFF) && (_HDMI_FREESYNC_CAPABILITY_S
             -WITCH_METHOD == _MCCS_SWITCH_MODE))
3505   2              if((GET_HDMI_FREESYNC_VCP() == 0x01) && (ScalerGetDataPortBit(P72_C9_HDMI_AP, _P72_CA_PT_00_PORT_P
             -AGE72_HDMI_SCR, _BIT7) == _BIT7))
3506   2      #else
                      if(ScalerGetDataPortBit(P72_C9_HDMI_AP, _P72_CA_PT_00_PORT_PAGE72_HDMI_SCR, _BIT7) == _BIT7)
              #endif
3509   2              {
3510   3                  SET_TMDS_RX3_SPD_INFO_FRAME_RECEIVED();
3511   3      
3512   3                  ScalerSetDataPortBit(P72_C9_HDMI_AP, _P72_CA_PT_00_PORT_PAGE72_HDMI_SCR, ~(_BIT7 | _BIT6), _BI
             -T7);
3513   3              }
3514   2              else
3515   2              {
3516   3                  CLR_TMDS_RX3_SPD_INFO_FRAME_RECEIVED();
3517   3              }
3518   2      #endif
3519   2      
3520   2      #if(_HDMI_IDENTIFY_GAME_SRC_SUPPORT == _ON)
                      ScalerTMDSRx3SpdInfoPacketDetect(_NOT_WAIT);
              #endif
3523   2      
3524   2      #if(_HDMI_HDR10_SUPPORT == _ON)
3525   2              if(ScalerGetDataPortBit(P72_C9_HDMI_AP, _P72_CA_PT_00_PORT_PAGE72_HDMI_SCR, _BIT6) == _BIT6)
3526   2              {
3527   3                  SET_HDMI_RX3_HDR10_INFO_FRAME_RECEIVED();
3528   3      
3529   3                  ScalerSetDataPortBit(P72_C9_HDMI_AP, _P72_CA_PT_00_PORT_PAGE72_HDMI_SCR, ~(_BIT7 | _BIT6), _BI
             -T6);
3530   3              }
3531   2              else
3532   2              {
C51 COMPILER V9.60.0.0   RL6432_SERIES_TMDSRX3                                             09/18/2026 20:39:33 PAGE 60  

3533   3                  CLR_HDMI_RX3_HDR10_INFO_FRAME_RECEIVED();
3534   3              }
3535   2      #endif
3536   2      
3537   2              SET_HDMI_RX3_PACKET_DETECTING();
3538   2      
3539   2              // Activate Packet Detection Event
3540   2              ScalerTimerActiveTimerEvent(130, _SCALER_TIMER_EVENT_RX3_TMDS_HDMI_PACKET_DETECT);
3541   2          }
3542   1      }
3543          
3544          //--------------------------------------------------
3545          // Description  : Hdmi Handle AVMute Process
3546          // Input Value  : None
3547          // Output Value : None
3548          //--------------------------------------------------
3549          void ScalerTMDSRx3HdmiAVMuteProc(void)
3550          {
3551   1          // if AVMute Has been triggered
3552   1          if((ScalerGetBit(P72_CB_HDMI_SR, _BIT6) == 0x00) && (ScalerGetBit(P72_A6_TMDS_OUTCTL, (_BIT6 | _BIT5 |
             - _BIT4)) == 0x00))
3553   1          {
3554   2              // Clear AVMute Flag
3555   2              ScalerSetBit(P72_CB_HDMI_SR, ~_BIT7, _BIT7);
3556   2      
3557   2              // Disable AVMute Watch Dog
3558   2              ScalerSetDataPortBit(P72_C9_HDMI_AP, _P72_CA_PT_31_PORT_PAGE72_HDMI_WDCR0, ~_BIT7, 0x00);
3559   2      
3560   2              // Enable Video/Audio Output
3561   2              ScalerSetDataPortBit(P72_C9_HDMI_AP, _P72_CA_PT_30_PORT_PAGE72_HDMI_AVMCR, ~(_BIT6 | _BIT5 | _BIT3
             -), (_BIT6 | _BIT5 | _BIT3));
3562   2      
3563   2              // Enable RGB Output
3564   2              ScalerSetBit(P72_A6_TMDS_OUTCTL, ~(_BIT6 | _BIT5 | _BIT4), (_BIT6 | _BIT5 | _BIT4));
3565   2      
3566   2              // Enable AVMute Watch Dog
3567   2              ScalerSetDataPortBit(P72_C9_HDMI_AP, _P72_CA_PT_31_PORT_PAGE72_HDMI_WDCR0, ~_BIT7, _BIT7);
3568   2          }
3569   1      }
3570          
3571          //--------------------------------------------------
3572          // Description  : Hdmi Enable Watch Dog
3573          // Input Value  : ucWDType => Watch Dog type, bEnable => Enable watch dog flag
3574          // Output Value : None
3575          //--------------------------------------------------
3576          void ScalerTMDSRx3HdmiWatchDog(BYTE ucWDType, bit bEnable)
3577          {
3578   1          if(bEnable == _ENABLE)
3579   1          {
3580   2              if(((ucWDType & _HDMI_AVI_INFO_VARIATION_WD) == _HDMI_AVI_INFO_VARIATION_WD) && (GET_DIGITAL_COLOR
             -_INFO_CHANGE_RESET() == _TRUE))
3581   2              {
3582   3                  if(ScalerGetDataPortBit(P72_C9_HDMI_AP, _P72_CA_PT_41_PORT_PAGE72_HDMI_VWDSR, _BIT0) == 0x00)
3583   3                  {
3584   4                      // Clear AVI Info Frame Variation flag
3585   4                      ScalerSetBit(P72_CC_HDMI_GPVS, ~(_BIT6 | _BIT5 | _BIT0), _BIT0);
3586   4      
3587   4                      // Enable Color Space/ Colorimetry Change Detection
3588   4                      ScalerSetDataPortBit(P72_C9_HDMI_AP, _P72_CA_PT_45_PORT_PAGE72_HDMI_PVGCR0, ~(_BIT3 | _BIT
             -0), (_BIT3 | _BIT0));
3589   4      
3590   4                      // Enable AVI Info Frame Variation Watch Dog
C51 COMPILER V9.60.0.0   RL6432_SERIES_TMDSRX3                                             09/18/2026 20:39:33 PAGE 61  

3591   4                      ScalerSetDataPortBit(P72_C9_HDMI_AP, _P72_CA_PT_41_PORT_PAGE72_HDMI_VWDSR, ~_BIT0, _BIT0);
3592   4                  }
3593   3              }
3594   2      
3595   2              if((ucWDType & _HDMI_AV_MUTE_WD) == _HDMI_AV_MUTE_WD)
3596   2              {
3597   3                  if(ScalerGetDataPortBit(P72_C9_HDMI_AP, _P72_CA_PT_31_PORT_PAGE72_HDMI_WDCR0, _BIT7) == 0x00)
3598   3                  {
3599   4                      // CLR AVMute Flag
3600   4                      ScalerSetBit(P72_CB_HDMI_SR, ~_BIT7, _BIT7);
3601   4      
3602   4                      // Enable AVMute WD
3603   4                      ScalerSetDataPortBit(P72_C9_HDMI_AP, _P72_CA_PT_31_PORT_PAGE72_HDMI_WDCR0, ~_BIT7, _BIT7);
3604   4                  }
3605   3              }
3606   2          }
3607   1          else
3608   1          {
3609   2              if((ucWDType & _HDMI_AVI_INFO_VARIATION_WD) == _HDMI_AVI_INFO_VARIATION_WD)
3610   2              {
3611   3                  // Disable packet variation Watch Dog
3612   3                  ScalerSetDataPortBit(P72_C9_HDMI_AP, _P72_CA_PT_41_PORT_PAGE72_HDMI_VWDSR, ~_BIT0, 0x00);
3613   3      
3614   3                  ScalerSetDataPortByte(P72_C9_HDMI_AP, _P72_CA_PT_45_PORT_PAGE72_HDMI_PVGCR0, 0x00);
3615   3      
3616   3                  ScalerSetDataPortBit(P72_C9_HDMI_AP, _P72_CA_PT_46_PORT_PAGE72_HDMI_PVGCR1, ~_BIT0, 0x00);
3617   3              }
3618   2      
3619   2              if((ucWDType & _HDMI_AV_MUTE_WD) == _HDMI_AV_MUTE_WD)
3620   2              {
3621   3                  // Disable AV Mute Watch Dog
3622   3                  ScalerSetDataPortBit(P72_C9_HDMI_AP, _P72_CA_PT_31_PORT_PAGE72_HDMI_WDCR0, ~_BIT7, 0x00);
3623   3              }
3624   2          }
3625   1      }
3626          #endif // End of #if(_D3_HDMI_SUPPORT == _ON)
3627          
3628          //--------------------------------------------------
3629          // Description  : TMDS Power Saving Process
3630          // Input Value  : None
3631          // Output Value : None
3632          //--------------------------------------------------
3633          void ScalerTMDSRx3PowerSavingProc(void)
3634          {
3635   1          // Set Power Saving DDC Debounce Counter
3636   1          g_usDDCDebounceCnt = _TMDS_DDC_DEBOUNCE_PS;
3637   1      
3638   1          ScalerTMDSRx3FreqDetectDisable();
3639   1      
3640   1      #if(_D3_HDMI_2_0_SUPPORT == _ON)
3641   1          ScalerTMDSRx3ScrambleDetectDisable();
3642   1      #endif
3643   1      
3644   1          // Switch TMDS Input/Output to Auto
3645   1          ScalerSetBit(P72_A6_TMDS_OUTCTL, ~_BIT7, _BIT7);
3646   1          ScalerSetBit(P72_A7_TMDS_PWDCTL, ~_BIT4, _BIT4);
3647   1      
3648   1          // Set Freq. Stable Time: 5 times
3649   1          ScalerSetByte(P72_EC_HDMI_FREQDET_STABLE, 0x05);
3650   1      
3651   1          // Set Freq. Shift Offset to Max
3652   1          ScalerSetBit(P72_E7_HDMI_FREQDET_OFFSET, ~(_BIT2 | _BIT1 | _BIT0), 0x00);
C51 COMPILER V9.60.0.0   RL6432_SERIES_TMDSRX3                                             09/18/2026 20:39:33 PAGE 62  

3653   1      
3654   1      #if(_D3_INPUT_PORT_TYPE == _D3_MHL_PORT)
                  if(GET_D3_TMDS_MODE() == _TMDS_MHL_MODE)
                  {
                      // Set Upper Bound
                      ScalerSetByte(P72_E8_HDMI_FREQDET_UPPER_M, HIBYTE(_TMDS_MHL_FREQ_PS_UPPER_BOUND));
                      ScalerSetByte(P72_E9_HDMI_FREQDET_UPPER_L, LOBYTE(_TMDS_MHL_FREQ_PS_UPPER_BOUND));
                  }
                  else
              #endif
3663   1          {
3664   2              // Set Upper Bound
3665   2              ScalerSetByte(P72_E8_HDMI_FREQDET_UPPER_M, HIBYTE(_TMDS_FREQ_PS_HIGH_SPEED_UPPER_BOUND));
3666   2              ScalerSetByte(P72_E9_HDMI_FREQDET_UPPER_L, LOBYTE(_TMDS_FREQ_PS_HIGH_SPEED_UPPER_BOUND));
3667   2          }
3668   1      
3669   1          // Set Lower Bound
3670   1          ScalerSetByte(P72_EA_HDMI_FREQDET_LOWER_M, HIBYTE(_TMDS_FREQ_PS_LOWER_BOUND));
3671   1          ScalerSetByte(P72_EB_HDMI_FREQDET_LOWER_L, LOBYTE(_TMDS_FREQ_PS_LOWER_BOUND));
3672   1      }
3673          
3674          //--------------------------------------------------
3675          // Description  : TMDS Freq. Detection IRQ Disable and Clear Clock Counter
3676          // Input Value  : None
3677          // Output Value : None
3678          //--------------------------------------------------
3679          void ScalerTMDSRx3FreqDetectDisable(void)
3680          {
3681   1          // Disable TMDS Freq. Detect IRQ
3682   1          ScalerSetBit(P72_E6_HDMI_FREQDET_CTRL, ~_BIT1, 0x00);
3683   1          ScalerSetBit(P72_EF_HDMI_ERROR_TH, ~_BIT7, 0x00);
3684   1      
3685   1          // Clear TMDS Clk Count
3686   1          g_usTMDSRx3ClkCount = 0;
3687   1      
3688   1          // Clear PHY SET flag
3689   1          CLR_TMDS_RX3_PHY_SET();
3690   1      
3691   1          // Disable HDMI MAC Power
3692   1          ScalerSetBit(P72_A7_TMDS_PWDCTL, ~(_BIT4 | _BIT3 | _BIT2 | _BIT1 | _BIT0), 0x00);
3693   1      
3694   1          // Power Down PLL
3695   1          ScalerSetBit(P2E_BD_MN_SCLKG_PLL_PWR, ~_BIT7, _BIT7);
3696   1      
3697   1          // Disable CED Function
3698   1          ScalerSetBit(P72_0B_HDMI_CTRL_0B, ~(_BIT7 | _BIT6 | _BIT5 | _BIT4 | _BIT3 | _BIT2), 0x00);
3699   1      
3700   1          // Pop Up CED Error For Clear Error Counter
3701   1          ScalerSetBit(P72_0C_HDMI_CTRL_0C, ~_BIT7, _BIT7);
3702   1      
3703   1          // Disable CED Lock Transition IRQ & Flag
3704   1          ScalerSetBit(P72_17_HDMI_CTRL_17, ~(_BIT2 | _BIT1 | _BIT0), (_BIT2 | _BIT1 | _BIT0));
3705   1          ScalerSetBit(P72_18_HDMI_CTRL_18, ~(_BIT2 | _BIT1 | _BIT0), 0x00);
3706   1      
3707   1          // Set Read Request 1ms reference clock to internal OSC
3708   1          ScalerSetBit(P72_1A_HDMI_CTRL_1A, ~_BIT3, _BIT3);
3709   1      
3710   1          // Set time interval form bus free to Read Request(4.7us~500us)
3711   1          ScalerSetBit(P72_1B_HDMI_CTRL_1B, ~(_BIT5 | _BIT4 | _BIT3 | _BIT2 | _BIT1 | _BIT0), (_BIT4 | _BIT0));
3712   1      
3713   1      #if(_HDMI_HDCP14_BCH_ERROR_CHECK == _ON)
                  // Reset HDCP1.4 BCH Error Check
C51 COMPILER V9.60.0.0   RL6432_SERIES_TMDSRX3                                             09/18/2026 20:39:33 PAGE 63  

                  ScalerTMDSRx3Hdcp14BchErrorCheckReset();
              #endif
3717   1      }
3718          
3719          #if(_D3_INPUT_PORT_TYPE != _D3_DUAL_DVI_PORT)
3720          #if(_D3_INPUT_PORT_TYPE != _D3_NO_PORT)
3721          //--------------------------------------------------
3722          // Description  : TMDS Port Source/Sync Scanning and Setting
3723          // Input Value  : Input Port
3724          // Output Value : Source DVI --> DVI Format
3725          //                Source HDMI --> HDMI Format
3726          //                Source None --> No Stable Sync
3727          //--------------------------------------------------
3728          BYTE ScalerTMDSRx3TMDSScanInputPort(BYTE ucInputType)
3729          {
3730   1          BYTE ucTMDSType = _SOURCE_NONE;
3731   1      
3732   1          BYTE ucTMDSVideoDataType = _TMDS_VIDEO_DATA_NONE;
3733   1      
3734   1      #if(_D3_HDMI_SUPPORT == _ON)
3735   1          WORD usInputPixelClk = 0;
3736   1      #endif
3737   1      
3738   1          ucInputType = ucInputType;
3739   1      
3740   1          if(GET_TMDS_RX3_HPD_TRIGGER_EVENT() != _TMDS_HPD_NONE)
3741   1          {
3742   2              return _SOURCE_NONE;
3743   2          }
3744   1      
3745   1          if(GET_TMDS_RX3_PHY_SET() == _TRUE)
3746   1          {
3747   2      #if(_D3_INPUT_PORT_TYPE == _D3_MHL_PORT)
                      if(GET_D3_TMDS_MODE() == _TMDS_MHL_MODE)
                      {
                          // Set DIGITAL_PORT_SWITCH Flag for MHL
                          SET_DIGITAL_PORT_SWITCH_TO_D3();
                      }
              #endif
3754   2      
3755   2              // Delay for PHY Stable
3756   2              ScalerTimerDelayXms(2);
3757   2      
3758   2      #if(_D3_INPUT_PORT_TYPE == _D3_MHL_PORT)
              
              #if(_D3_HDMI_2_0_SUPPORT == _ON)
              
                      if((ScalerTMDSRx3CheckCDRStable(g_usTMDSRx3ClkCount) == _FALSE) || (ScalerTMDSRx3CheckDataDFE() ==
             - _FALSE) ||
                         ((GET_D3_TMDS_MODE() == _TMDS_MHL_MODE) && (ScalerMHLRx3DetectClkMode() == _FALSE)) ||
                         (ScalerTMDSRx3TMDSVideoDetect(_WAIT) == _TMDS_VIDEO_DATA_NONE))
              
              #else
              
                      // Detect MHL Mode
                      if((ScalerTMDSRx3CheckCDRStable(g_usTMDSRx3ClkCount) == _FALSE) || (ScalerTMDSRx3CheckDataDFE() ==
             - _FALSE) ||
                         ((GET_D3_TMDS_MODE() == _TMDS_MHL_MODE) && (ScalerMHLRx3DetectClkMode() == _FALSE)))
              
              #endif
              
              #else // Else of #if(_D3_INPUT_PORT_TYPE == _D3_MHL_PORT)
C51 COMPILER V9.60.0.0   RL6432_SERIES_TMDSRX3                                             09/18/2026 20:39:33 PAGE 64  

3775   2      
3776   2      #if(_D3_HDMI_2_0_SUPPORT == _ON)
3777   2      
3778   2              if((ScalerTMDSRx3CheckCDRStable(g_usTMDSRx3ClkCount) == _FALSE) || (ScalerTMDSRx3CheckDataDFE() ==
             - _FALSE) || (ScalerTMDSRx3TMDSVideoDetect(_WAIT) == _TMDS_VIDEO_DATA_NONE))
3779   2      #else
                      if((ScalerTMDSRx3CheckCDRStable(g_usTMDSRx3ClkCount) == _FALSE) || (ScalerTMDSRx3CheckDataDFE() ==
             - _FALSE))
              #endif
3782   2      
3783   2      #endif // End of #if(_D3_INPUT_PORT_TYPE == _D3_MHL_PORT)
3784   2              {
3785   3      #if(_D3_INPUT_PORT_TYPE == _D3_MHL_PORT)
              
                          if(GET_D3_TMDS_MODE() == _TMDS_MHL_MODE)
                          {
                              // Set Upper Bound
                              ScalerSetByte(P72_E8_HDMI_FREQDET_UPPER_M, HIBYTE(_TMDS_MHL_FREQ_NORMAL_UPPER_BOUND));
                              ScalerSetByte(P72_E9_HDMI_FREQDET_UPPER_L, LOBYTE(_TMDS_MHL_FREQ_NORMAL_UPPER_BOUND));
                          }
                          else
              #endif
3795   3                  {
3796   4                      // Set Upper Bound
3797   4                      ScalerSetByte(P72_E8_HDMI_FREQDET_UPPER_M, HIBYTE(_TMDS_FREQ_NORMAL_HIGH_SPEED_UPPER_BOUND
             -));
3798   4                      ScalerSetByte(P72_E9_HDMI_FREQDET_UPPER_L, LOBYTE(_TMDS_FREQ_NORMAL_HIGH_SPEED_UPPER_BOUND
             -));
3799   4                  }
3800   3      
3801   3                  // Set Lower Bound
3802   3                  ScalerSetByte(P72_EA_HDMI_FREQDET_LOWER_M, HIBYTE(_TMDS_FREQ_NORMAL_LOWER_BOUND));
3803   3                  ScalerSetByte(P72_EB_HDMI_FREQDET_LOWER_L, LOBYTE(_TMDS_FREQ_NORMAL_LOWER_BOUND));
3804   3      
3805   3                  // Set Stable Time (0x3F = about 5ms)
3806   3                  ScalerSetByte(P72_EC_HDMI_FREQDET_STABLE, 0x3F);
3807   3      
3808   3      #if(_D3_HDMI_2_0_SUPPORT == _ON)
3809   3      
3810   3                  if((GET_TMDS_RX3_HIGH_SPEED_MODE() == _FALSE) && (GET_D3_TMDS_MODE() != _TMDS_MHL_MODE)) // HD
             -MI mode
3811   3                  {
3812   4                      DebugMessageRx3("TMDS Rx3 First 1:10 set phy not success", 1);
3813   4      
3814   4                      SET_TMDS_RX3_HIGH_SPEED_MODE();
3815   4                  }
3816   3                  else
3817   3                  {
3818   4                      CLR_TMDS_RX3_HIGH_SPEED_MODE();
3819   4                  }
3820   3      #endif
3821   3                  CLR_TMDS_RX3_PHY_SET();
3822   3      
3823   3                  // Disable Freq. Unstable IRQ
3824   3                  ScalerSetBit(P72_E6_HDMI_FREQDET_CTRL, ~_BIT1, 0x00);
3825   3      
3826   3                  // Reset Freq. Detect Counter(Toggle)
3827   3                  ScalerSetBit(P72_E6_HDMI_FREQDET_CTRL, ~_BIT7, 0x00);
3828   3                  ScalerSetBit(P72_E6_HDMI_FREQDET_CTRL, ~_BIT7, _BIT7);
3829   3      
3830   3                  // Enable Freq. Stable IRQ
3831   3                  ScalerSetBit(P72_EF_HDMI_ERROR_TH, ~(_BIT7 | _BIT6), (_BIT7 | _BIT6));
C51 COMPILER V9.60.0.0   RL6432_SERIES_TMDSRX3                                             09/18/2026 20:39:33 PAGE 65  

3832   3      
3833   3                  return _SOURCE_NONE;
3834   3              }
3835   2      
3836   2      #if(_D3_HDMI_2_0_SUPPORT == _ON)
3837   2              if(ScalerGetBit(P72_38_HDMI_CTRL_38, _BIT4) == 0x00)
3838   2              {
3839   3                  ScalerTimerActiveTimerEvent(SEC(1), _SCALER_TIMER_EVENT_RX3_HDMI2_SCRAMBLE_DETECT_TIMEOUT);
3840   3              }
3841   2      #endif
3842   2      
3843   2              // Clear RGBHV Flag
3844   2              ScalerSetBit(P72_A4_TMDS_CTRL, ~(_BIT7 | _BIT6 | _BIT5 | _BIT4 | _BIT3), (_BIT7 | _BIT6 | _BIT5 | 
             -_BIT4 | _BIT3));
3845   2      
3846   2              // Clear Info Packet SRAM
3847   2              ScalerSetBit(P72_AD_TMDS_CPS, ~_BIT3, _BIT3);
3848   2              ScalerSetBit(P72_AD_TMDS_CPS, ~_BIT3, 0x00);
3849   2      
3850   2              // Clear AVI infoframe & GCP packet Detection Flag
3851   2              ScalerSetBit(P72_CC_HDMI_GPVS, ~_BIT6, _BIT6);
3852   2              ScalerSetBit(P72_CC_HDMI_GPVS, ~_BIT5, _BIT5);
3853   2      
3854   2      #if(_HDMI_FREESYNC_SUPPORT == _ON)
3855   2              // Clear DRR flag
3856   2              CLR_FREESYNC_ENABLED();
3857   2      #endif
3858   2      
3859   2      #if((_HDMI_FREESYNC_SUPPORT == _ON) || (_HDMI_FREESYNC_II_SUPPORT == _ON))
3860   2              // Clear SPD infoframe
3861   2              ScalerSetDataPortBit(P72_C9_HDMI_AP, _P72_CA_PT_00_PORT_PAGE72_HDMI_SCR, ~(_BIT7 | _BIT6), _BIT7);
3862   2      #endif
3863   2      
3864   2      #if(_HDMI_HDR10_SUPPORT == _ON)
3865   2              // Clear SPD infoframe
3866   2              ScalerSetDataPortBit(P72_C9_HDMI_AP, _P72_CA_PT_00_PORT_PAGE72_HDMI_SCR, ~(_BIT7 | _BIT6), _BIT6);
3867   2      #endif
3868   2      
3869   2              DebugMessageRx3("9. Freq Check Pass => Pixel Clock", GET_INPUT_PIXEL_CLK());
3870   2              DebugMessageRx3("7. TMDS Lane0 LE Min", g_pucTMDSRx3LEMin[0]);
3871   2              DebugMessageRx3("7. TMDS Lane1 LE Min", g_pucTMDSRx3LEMin[1]);
3872   2              DebugMessageRx3("7. TMDS Lane2 LE Min", g_pucTMDSRx3LEMin[2]);
3873   2              DebugMessageRx3("7. TMDS Lane0 LE Max", g_pucTMDSRx3LEMax[0]);
3874   2              DebugMessageRx3("7. TMDS Lane1 LE Max", g_pucTMDSRx3LEMax[1]);
3875   2              DebugMessageRx3("7. TMDS Lane2 LE Max", g_pucTMDSRx3LEMax[2]);
3876   2      
3877   2      #if(_D3_HDMI_2_0_SUPPORT == _ON)
3878   2      
3879   2              // Disable Reset HDMI/DVI Format
3880   2              ScalerSetBit(P72_01_HDMI_CTRL_01, ~(_BIT7 | _BIT3), 0x00);
3881   2      
3882   2              DebugMessageRx3("HDMI 2.0 Error Boundary set High Byte", ScalerGetByte(P72_14_HDMI_CTRL_14));
3883   2              DebugMessageRx3("HDMI 2.0 Error Boundary set Low Byte", ScalerGetByte(P72_15_HDMI_CTRL_15));
3884   2      #endif
3885   2      
3886   2              if(ScalerTMDSRx3FormatDetect() == _SOURCE_HDMI)
3887   2              {
3888   3                  DebugMessageRx3("Format Detect HDMI", 0x00);
3889   3      
3890   3      #if(_TMDS_HDCP_FEATURE == _HDCP_FEATURE_BY_INPUT)
3891   3                  ScalerSetDataPortBit(P72_C3_HDCP_AP, _P72_C4_PT_40_PORT_PAGE72_BCAPS, ~_BIT1, _BIT1);
3892   3      #endif
C51 COMPILER V9.60.0.0   RL6432_SERIES_TMDSRX3                                             09/18/2026 20:39:33 PAGE 66  

3893   3      
3894   3      #if(_HDMI_FROM_DVI_CONNECT == _OFF)
                          if(GET_PORT_TYPE(ucInputType) == _PORT_DVI)
                          {
                              return _SOURCE_NONE;
                          }
              #endif
3900   3                  ucTMDSType = _SOURCE_HDMI;
3901   3              }
3902   2              else
3903   2              {
3904   3      #if(_TMDS_HDCP_FEATURE == _HDCP_FEATURE_BY_INPUT)
3905   3                  ScalerSetDataPortBit(P72_C3_HDCP_AP, _P72_C4_PT_40_PORT_PAGE72_BCAPS, ~_BIT1, 0x00);
3906   3      #endif
3907   3      
3908   3      #if(_D3_INPUT_PORT_TYPE == _D3_MHL_PORT)
                          if(GET_TMDS_RX3_CLK_MODE() == _TMDS_MHL_PPMODE_PHY_SETTING)
                          {
                              ucTMDSType = _SOURCE_HDMI;
                          }
                          else
              #endif
3915   3                  {
3916   4                      ucTMDSType = _SOURCE_DVI;
3917   4                  }
3918   3              }
3919   2      
3920   2      #if(_D3_INPUT_PORT_TYPE == _D3_MHL_PORT)
                      // Mute ASUS Padfone until Source Read Ri Done (Incase of Color Format Error)
                      if(((GET_MHL_RX3_ADOPTER_ID_HBYTE() == _ASUS_PADFONE2_ADOPTER_ID_HBYTE) && (GET_MHL_RX3_ADOPTER_ID
             -_LBYTE() == _ASUS_PADFONE2_ADOPTER_ID_LBYTE)) &&
                         !(((ScalerGetBit(P72_A9_TMDS_ABC0, _BIT7) == _BIT7) || (ScalerGetBit(P72_AE_TMDS_RPS, (_BIT1)) 
             -== _BIT1)) && (ScalerGetBit(P72_A9_TMDS_ABC0, _BIT6) == _BIT6)))
                      {
                          return _SOURCE_NONE;
                      }
              #endif
3928   2      
3929   2              ucTMDSVideoDataType = ScalerTMDSRx3TMDSVideoDetect(_WAIT);
3930   2      
3931   2              if(ucTMDSVideoDataType == _TMDS_VIDEO_DATA_DE_ONLY)
3932   2              {
3933   3                  DebugMessageRx3("DE Only Mode", 0x00);
3934   3      
3935   3      #if(_DVI_DE_ONLY_SUPPORT == _ON)
3936   3                  if(ucTMDSType == _SOURCE_DVI)
3937   3                  {
3938   4                      // Enable DE Only Mode
3939   4                      ScalerSetBit(P72_A7_TMDS_PWDCTL, ~_BIT7, _BIT7);
3940   4                  }
3941   3                  else
3942   3                  {
3943   4                      return _SOURCE_NONE;
3944   4                  }
3945   3      #else
                          return _SOURCE_NONE;
              #endif
3948   3              }
3949   2              else if(ucTMDSVideoDataType == _TMDS_VIDEO_DATA_RGBHV)
3950   2              {
3951   3                  // Enable DE Only Mode
3952   3                  ScalerSetBit(P72_A7_TMDS_PWDCTL, ~_BIT7, _BIT7);
C51 COMPILER V9.60.0.0   RL6432_SERIES_TMDSRX3                                             09/18/2026 20:39:33 PAGE 67  

3953   3              }
3954   2              else
3955   2              {
3956   3                  return _SOURCE_NONE;
3957   3              }
3958   2      
3959   2              if(GET_INPUT_PIXEL_CLK() > 3400)
3960   2              {
3961   3                  // [1] De_inverse = 1'b0 --> Adapation Only for Data island Area (Transition Minimum)
3962   3                  // [0] De_brank_en = 1'b1 --> Enable Blank Function of gdi_de
3963   3                  ScalerSetBit(P7C_AF_L0_GDI_DE, ~(_BIT1 | _BIT0), _BIT0);
3964   3                  ScalerSetBit(P7C_BF_L1_GDI_DE, ~(_BIT1 | _BIT0), _BIT0);
3965   3                  ScalerSetBit(P7C_CF_L2_GDI_DE, ~(_BIT1 | _BIT0), _BIT0);
3966   3              }
3967   2              else
3968   2              {
3969   3                  // [1] De_inverse = 1'b1 --> Adapation Only for Data Area (Transition Minimum)
3970   3                  // [0] De_brank_en = 1'b1 --> Enable Blank Function of gdi_de
3971   3                  ScalerSetBit(P7C_AF_L0_GDI_DE, ~(_BIT1 | _BIT0), (_BIT1 | _BIT0));
3972   3                  ScalerSetBit(P7C_BF_L1_GDI_DE, ~(_BIT1 | _BIT0), (_BIT1 | _BIT0));
3973   3                  ScalerSetBit(P7C_CF_L2_GDI_DE, ~(_BIT1 | _BIT0), (_BIT1 | _BIT0));
3974   3              }
3975   2      
3976   2      #if(_D3_HDMI_SUPPORT == _ON)
3977   2              if(ucTMDSType == _SOURCE_HDMI)
3978   2              {
3979   3      #if(_HDMI_HDCP14_BCH_ERROR_CHECK == _ON)
                          BYTE ucBchErrorCount = 0x00;
                          BYTE ucBchCheck = 0x00;
              
                          // bch check
                          for(ucBchCheck = 0; ucBchCheck < 9; ucBchCheck++)
                          {
                              if(ScalerGetDataPortBit(P72_C9_HDMI_AP, _P72_CA_PT_02_PORT_PAGE72_HDMI_BCHCR, _BIT2) == _B
             -IT2)
                              {
                                  // Clr BCH Error Flag
                                  ScalerSetDataPortBit(P72_C9_HDMI_AP, _P72_CA_PT_02_PORT_PAGE72_HDMI_BCHCR, ~_BIT2, 0x0
             -0);
              
                                  ucBchErrorCount += 0x01;
              
                                  ScalerTimerDelayXms(10);
                              }
                              else
                              {
                                  break;
                              }
                          }
                          if(ucBchErrorCount >= 6)
                          {
                              // Lock Ri' to let next Ri check fail -> Force Source to Re-Auth
                              ScalerSetDataPortBit(P72_C3_HDCP_AP, _P72_C4_PT_C1_PORT_PAGE72_HDCP_SIR, ~_BIT4, _BIT4);
              
                              DebugMessageRx3("BCH Error Detected", ucBchErrorCount);
              
                              return _SOURCE_NONE;
                          }
              #endif // End of #if(_HDMI_HDCP14_BCH_ERROR_CHECK == _ON)
4010   3      
4011   3                  // HDMI packet detect --> AVI infoframe & GCP packet
4012   3                  ScalerTMDSRx3HdmiPacketDetect(_WAIT);
C51 COMPILER V9.60.0.0   RL6432_SERIES_TMDSRX3                                             09/18/2026 20:39:33 PAGE 68  

4013   3      
4014   3                  ScalerSyncTMDSRx3HdmiVideoSetting();
4015   3      
4016   3                  SET_COLOR_DEPTH(ScalerTMDSRx3HdmiGetColorDepth());
4017   3      
4018   3                  if((GET_COLOR_DEPTH() != _COLOR_DEPTH_8_BITS) && (GET_COLOR_SPACE() != _COLOR_SPACE_YCBCR422))
4019   3                  {
4020   4                      DebugMessageRx3("Deep Color Mode Detected", GET_COLOR_DEPTH());
4021   4      
4022   4                      // Backup Input Pixel clk
4023   4                      usInputPixelClk = GET_INPUT_PIXEL_CLK();
4024   4      
4025   4                      SET_INPUT_PIXEL_CLK((GET_INPUT_PIXEL_CLK() << 3) / GET_COLOR_DEPTH());
4026   4      
4027   4                      if(ScalerTMDSRx3HdmiDeepColorProc(g_usTMDSRx3ClkCount) == _FALSE)
4028   4                      {
4029   5                          // Restore Input Pixel clk
4030   5                          SET_INPUT_PIXEL_CLK(usInputPixelClk);
4031   5      
4032   5                          return _SOURCE_NONE;
4033   5                      }
4034   4      
4035   4                      // Turn On Deep Color Block
4036   4                      ScalerSetBit(P72_B5_TMDS_UDC0, ~_BIT7, _BIT7);
4037   4                  }
4038   3                  else
4039   3                  {
4040   4                      // Turn off Deep Color Block
4041   4                      ScalerSetBit(P72_B5_TMDS_UDC0, ~_BIT7, 0x00);
4042   4      
4043   4                      // Power Down PLL
4044   4                      ScalerSetBit(P2E_BD_MN_SCLKG_PLL_PWR, ~_BIT7, _BIT7);
4045   4                  }
4046   3      
4047   3      #if(_HDMI_FREESYNC_SUPPORT == _ON)
4048   3                  if(GET_HDMIRX3_AMD_SPD_INFO(_SPD_INFO_FREESYNC_SUPPORT) == _ENABLE)
4049   3                  {
4050   4                      SET_HDMI_FREESYNC_ENABLED();
4051   4      
4052   4                      // Get SPD Free Sync Vfreq Max
4053   4                      g_usFREESYNCVFreq_max = (WORD)GET_HDMIRX3_AMD_SPD_INFO(_SPD_INFO_FREESYNC_MAX_VFREQ) * 10;
4054   4                      g_usFREESYNCVFreq_min = (WORD)GET_HDMIRX3_AMD_SPD_INFO(_SPD_INFO_FREESYNC_MIN_VFREQ) * 10;
4055   4      
4056   4                      // Disable DE Only Mode
4057   4                      ScalerSetBit(P72_A7_TMDS_PWDCTL, ~_BIT7, 0x00);
4058   4                  }
4059   3      #endif
4060   3              }
4061   2              else
4062   2              {
4063   3      #if(_D3_INPUT_PORT_TYPE == _D3_MHL_PORT)
                          // Guard Band reference disable for data remapping
                          ScalerSetBit(P77_B2_MHL_CTRL_12, ~_BIT7, 0x00);
              #endif
4067   3      
4068   3                  CLR_HDMI_RX3_AVI_INFO_FRAME_RECEIVED();
4069   3      
4070   3                  CLR_HDMI_RX3_GCP_RECEIVED();
4071   3      
4072   3                  // Disable All WD when DVI
4073   3                  ScalerTMDSRx3HdmiWatchDog((_HDMI_AVI_INFO_VARIATION_WD | _HDMI_AV_MUTE_WD), _DISABLE);
4074   3      
C51 COMPILER V9.60.0.0   RL6432_SERIES_TMDSRX3                                             09/18/2026 20:39:33 PAGE 69  

4075   3                  ScalerTMDSRx3DviVideoSetting();
4076   3      
4077   3                  SET_COLOR_DEPTH(_COLOR_DEPTH_8_BITS);
4078   3      
4079   3                  // Turn off Deep Color Block
4080   3                  ScalerSetBit(P72_B5_TMDS_UDC0, ~_BIT7, 0x00);
4081   3              }
4082   2      #else
              
                      ScalerTMDSRx3DviVideoSetting();
              
                      SET_COLOR_DEPTH(_COLOR_DEPTH_8_BITS);
              
                      // Turn off Deep Color Block
                      ScalerSetBit(P72_B5_TMDS_UDC0, ~_BIT7, 0x00);
              #endif
4091   2      
4092   2              // Enable Video Output
4093   2              ScalerSetDataPortBit(P72_C9_HDMI_AP, _P72_CA_PT_30_PORT_PAGE72_HDMI_AVMCR, ~_BIT3, _BIT3);
4094   2              ScalerSetDataPortBit(P72_C9_HDMI_AP, _P72_CA_PT_80_PORT_PAGE72_HDMI_DPC_SET0, ~_BIT7, _BIT7);
4095   2      
4096   2              // Enable RGB Clk Output
4097   2              ScalerSetBit(P72_A6_TMDS_OUTCTL, ~(_BIT6 | _BIT5 | _BIT4 | _BIT3), (_BIT6 | _BIT5 | _BIT4 | _BIT3)
             -);
4098   2      
4099   2              return ucTMDSType;
4100   2          }
4101   1      
4102   1          return _SOURCE_NONE;
4103   1      }
4104          #endif // End of #if(_D3_INPUT_PORT_TYPE != _D3_NO_PORT)
4105          
4106          //--------------------------------------------------
4107          // Description  : Detect TMDS Format
4108          // Input Value  : None
4109          // Output Value : Return DVI or HDMI format
4110          //--------------------------------------------------
4111          BYTE ScalerTMDSRx3FormatDetect(void)
4112          {
4113   1          // Polling at least 3 frame for HW auto detect TMDS format
4114   1          if(ScalerTimerPollingFlagProc(130, P72_CB_HDMI_SR, _BIT0, _TRUE) == _TRUE)
4115   1          {
4116   2              ScalerSetBit(P72_AF_TMDS_WDC, ~_BIT0, 0x00);
4117   2      
4118   2      #if(_D3_HDMI_2_0_SUPPORT == _ON)
4119   2              if(GET_D3_TMDS_MODE() == _TMDS_HDMI_MODE)
4120   2              {
4121   3                  // Check if HDMI 2.0 ON
4122   3                  if(ScalerGetBit(P72_00_HDMI_CTRL_00, _BIT0) == _BIT0)
4123   3                  {
4124   4                      // Set Manual Format to HDMI
4125   4                      ScalerSetDataPortBit(P72_C9_HDMI_AP, _P72_CA_PT_00_PORT_PAGE72_HDMI_SCR, ~(_BIT7 | _BIT6 |
             - _BIT3 | _BIT2), (_BIT3 | _BIT2));
4126   4      
4127   4                      // Toggle HW Format Detect Flag Reset
4128   4                      ScalerSetBit(P72_01_HDMI_CTRL_01, ~(_BIT7 | _BIT3), _BIT7);
4129   4                      ScalerSetBit(P72_01_HDMI_CTRL_01, ~(_BIT7 | _BIT3), 0x00);
4130   4      
4131   4                      SET_TMDS_RX3_HDMI_2_0_FORMAT_RESET_WAITING();
4132   4      
4133   4                      ScalerTimerReactiveTimerEvent(130, _SCALER_TIMER_EVENT_RX3_HDMI2_FORMAT_RESET_WAIT);
4134   4                  }
C51 COMPILER V9.60.0.0   RL6432_SERIES_TMDSRX3                                             09/18/2026 20:39:33 PAGE 70  

4135   3              }
4136   2      #endif
4137   2      
4138   2      #if(_D3_INPUT_PORT_TYPE == _D3_MHL_PORT)
              
                      if(GET_D3_TMDS_MODE() == _TMDS_MHL_MODE)
                      {
                          // Set Manual Format to HDMI
                          ScalerSetDataPortBit(P72_C9_HDMI_AP, _P72_CA_PT_00_PORT_PAGE72_HDMI_SCR, ~(_BIT7 | _BIT6 | _BI
             -T3 | _BIT2), (_BIT3 | _BIT2));
                      }
              #endif
4146   2              return _SOURCE_HDMI;
4147   2          }
4148   1          else
4149   1          {
4150   2              ScalerSetBit(P72_AF_TMDS_WDC, ~_BIT0, _BIT0);
4151   2      
4152   2              if(GET_D3_TMDS_MODE() == _TMDS_HDMI_MODE)
4153   2              {
4154   3      #if(_D3_HDMI_2_0_SUPPORT == _ON)
4155   3                  if(ScalerGetBit(P72_00_HDMI_CTRL_00, _BIT0) == _BIT0)
4156   3                  {
4157   4                      ScalerTimerCancelTimerEvent(_SCALER_TIMER_EVENT_RX3_HDMI2_FORMAT_RESET_WAIT);
4158   4                  }
4159   3      #endif
4160   3                  // Set Format Detect HW Auto Mode
4161   3                  ScalerSetDataPortBit(P72_C9_HDMI_AP, _P72_CA_PT_00_PORT_PAGE72_HDMI_SCR, ~(_BIT7 | _BIT6 | _BI
             -T3 | _BIT2), 0x00);
4162   3              }
4163   2      #if(_D3_INPUT_PORT_TYPE == _D3_MHL_PORT)
                      else
                      {
                          // Manual Set to DVI Mode
                          ScalerSetDataPortBit(P72_C9_HDMI_AP, _P72_CA_PT_00_PORT_PAGE72_HDMI_SCR, ~(_BIT7 | _BIT6 | _BI
             -T3 | _BIT2), _BIT3);
                      }
              #endif
4170   2              return _SOURCE_DVI;
4171   2          }
4172   1      }
4173          
4174          //--------------------------------------------------
4175          // Description  : Check whether HDCP is enabled
4176          // Input Value  : None
4177          // Output Value : TRUE => HDCP Enabled
4178          //--------------------------------------------------
4179          bit ScalerTMDSRx3HdcpEnabled(void)
4180          {
4181   1          BYTE pucHDCPFrameCount[2];
4182   1          memset(pucHDCPFrameCount, 0, sizeof(pucHDCPFrameCount));
4183   1      
4184   1      #if(_TMDS_HDCP_2_2_SUPPORT == _ON)
4185   1          if((ScalerGetBit(P72_C0_HDCP_CR, _BIT0) == _BIT0) && (ScalerGetBit(P2E_26_HDCP_I2C_CTRL_0, _BIT7) == 0
             -x00))
4186   1      #endif
4187   1          {
4188   2              ScalerGetDataPortByte(P72_C3_HDCP_AP, _P72_C4_PT_C0_PORT_PAGE72_HDCP_FCR, 1, &pucHDCPFrameCount[0]
             -, _NON_AUTOINC);
4189   2      
4190   2              // Wait 2Vsync to make sure frame counter changing, and timeout 45ms (margin + 1/24 frame+rate)
4191   2              ScalerSetBit(P72_A4_TMDS_CTRL, ~(_BIT7 | _BIT6 | _BIT5 | _BIT4 | _BIT3), _BIT3);
C51 COMPILER V9.60.0.0   RL6432_SERIES_TMDSRX3                                             09/18/2026 20:39:33 PAGE 71  

4192   2              ScalerTimerPollingFlagProc(45, P72_A4_TMDS_CTRL, _BIT3, _TRUE);
4193   2              ScalerSetBit(P72_A4_TMDS_CTRL, ~(_BIT7 | _BIT6 | _BIT5 | _BIT4 | _BIT3), _BIT3);
4194   2              ScalerTimerPollingFlagProc(45, P72_A4_TMDS_CTRL, _BIT3, _TRUE);
4195   2      
4196   2              ScalerGetDataPortByte(P72_C3_HDCP_AP, _P72_C4_PT_C0_PORT_PAGE72_HDCP_FCR, 1, &pucHDCPFrameCount[1]
             -, _NON_AUTOINC);
4197   2      
4198   2              if(pucHDCPFrameCount[0] != pucHDCPFrameCount[1])
4199   2              {
4200   3                  return _TRUE;
4201   3              }
4202   2      
4203   2              return _FALSE;
4204   2          }
4205   1      #if(_TMDS_HDCP_2_2_SUPPORT == _ON)
4206   1          else if((ScalerGetBit(P72_C0_HDCP_CR, _BIT0) == 0x00) && (ScalerGetBit(P2E_26_HDCP_I2C_CTRL_0, _BIT7) 
             -== _BIT7))
4207   1          {
4208   2              if(ScalerGetByte(P2E_2C_HDCP_I2C_CTRL_6) == 0x10)
4209   2              {
4210   3                  return _TRUE;
4211   3              }
4212   2              else
4213   2              {
4214   3                  return _FALSE;
4215   3              }
4216   2          }
4217   1          else
4218   1          {
4219   2              return _FALSE;
4220   2          }
4221   1      #endif
4222   1      }
4223          #endif // End of #if(_D3_INPUT_PORT_TYPE != _D3_DUAL_DVI_PORT)
4224          
4225          //--------------------------------------------------
4226          // Description  : DFE Adaptation in Normal Signal
4227          // Input Value  : None
4228          // Output Value : True --> DFE Normal
4229          //                False --> DFE Abnormal
4230          //--------------------------------------------------
4231          bit ScalerTMDSRx3CheckDataDFE(void)
4232          {
4233   1          BYTE ucTemp = 0;
4234   1          BYTE ucCnt = 0;
4235   1      
4236   1          // DFE Check only under HDMI Mode.
4237   1          // MHL has only 1 data Lane --> Skip DFE Check Process and Function return True!
4238   1          if(ScalerGetBit(P7C_17_BANDGAP_03, _BIT1) != _BIT1)
4239   1          {
4240   2              for(pData[0] = 0; pData[0] <= 2; pData[0]++)
4241   2              {
4242   3                  // Sel lane
4243   3                  ScalerSetBit(P7C_F2_COEF_3, ~(_BIT7 | _BIT6), pData[0] << 6);
4244   3      
4245   3                  // Read VTH
4246   3                  ScalerSetBit(P7C_F0_COEF_1, ~(_BIT5 | _BIT4 | _BIT3 | _BIT2 | _BIT1 | _BIT0), 0x00);
4247   3      
4248   3                  if((ScalerGetByte(P7C_F1_COEF_2) & 0x1F) == 0)
4249   3                  {
4250   4                      for(ucCnt = 0; ucCnt < 3; ucCnt++)
4251   4                      {
C51 COMPILER V9.60.0.0   RL6432_SERIES_TMDSRX3                                             09/18/2026 20:39:33 PAGE 72  

4252   5                          // Read TAP0
4253   5                          ScalerSetBit(P7C_F0_COEF_1, ~(_BIT5 | _BIT4 | _BIT3 | _BIT2 | _BIT1 | _BIT0), _BIT0);
4254   5      
4255   5                          ucTemp = (ScalerGetByte(P7C_F1_COEF_2) & 0x1F);
4256   5      
4257   5                          if(ucTemp < 21)
4258   5                          {
4259   6                              return _TRUE;
4260   6                          }
4261   5                          else if(ucCnt == 2)
4262   5                          {
4263   6                              DebugMessageRx3("DFE Abnormal ", 0);
4264   6                              return _FALSE;
4265   6                          }
4266   5                      }
4267   4                  }
4268   3              }
4269   2          }
4270   1      
4271   1          return _TRUE;
4272   1      }
4273          
4274          //--------------------------------------------------
4275          // Description  : On Line Check TMDS stability
4276          // Input Value  : ucSourceType --> Source Type
4277          // Output Value : True --> TMDS Stable
4278          //                False --> TMDS Unstable
4279          //--------------------------------------------------
4280          bit ScalerTMDSRx3TMDSStableDetect(BYTE ucSourceType)
4281          {
4282   1          // CLR SCL/SDA Toggle Flag
4283   1          CLR_TMDS_RX3_DDC_DETECTED();
4284   1      
4285   1      #if(_HDMI_HDCP14_BCH_ERROR_CHECK == _ON)
                  if(ucSourceType == _SOURCE_HDMI)
                  {
                      // Check BCH Error caused by Source HDCP1.4 signal
                      if(ScalerTMDSRx3StableDetectHdcp14BchErrorCheck(GET_TMDS_RX3_HDCP14_BCH_CHK_STATE()) == _FALSE)
                      {
                          DebugMessageRx3("HDCP14 BCH Error Detected", ucSourceType);
                          return _FALSE;
                      }
                  }
              #endif
4296   1      
4297   1          if(GET_TMDS_RX3_HPD_TRIGGER_EVENT() != _TMDS_HPD_NONE)
4298   1          {
4299   2              DebugMessageRx3("Rx3 HPD Toggle!!", 0);
4300   2              return _FALSE;
4301   2          }
4302   1      
4303   1          if(ScalerTMDSRx3CheckCDRStable(g_usTMDSRx3ClkCount) == _FALSE)
4304   1          {
4305   2              DebugMessageRx3("CDR Unstable!!", ucSourceType);
4306   2              return _FALSE;
4307   2          }
4308   1      
4309   1          // Check TMDS Clock Output Disable
4310   1          if(ScalerGetBit(P72_A6_TMDS_OUTCTL, _BIT3) == 0x00)
4311   1          {
4312   2              DebugMessageRx3("TMDS Clock Output has been disable", ucSourceType);
4313   2              return _FALSE;
C51 COMPILER V9.60.0.0   RL6432_SERIES_TMDSRX3                                             09/18/2026 20:39:33 PAGE 73  

4314   2          }
4315   1      
4316   1      
4317   1      #if(_D3_HDMI_2_0_SUPPORT == _ON)
4318   1      
4319   1          if((GET_D3_TMDS_MODE() == _TMDS_HDMI_MODE) && (ScalerGetBit(P72_00_HDMI_CTRL_00, _BIT0) == _BIT0))
4320   1          {
4321   2              if(ucSourceType == _SOURCE_HDMI)
4322   2              {
4323   3                  if(GET_TMDS_RX3_HDMI_2_0_FORMAT_RESET_WAITING() == _FALSE)
4324   3                  {
4325   4                      if(ScalerGetDataPortBit(P72_C9_HDMI_AP, _P72_CA_PT_00_PORT_PAGE72_HDMI_SCR, _BIT3) != _BIT
             -3)
4326   4                      {
4327   5                          return _FALSE;
4328   5                      }
4329   4                      else
4330   4                      {
4331   5                          if(ScalerGetBit(P72_CB_HDMI_SR, _BIT0) == 0x00)
4332   5                          {
4333   6                              DebugMessageRx3("TMDS Format Changed", ucSourceType);
4334   6      
4335   6                              return _FALSE;
4336   6                          }
4337   5                          else
4338   5                          {
4339   6                              // Toggle HW Format Detect Flag Reset
4340   6                              ScalerSetBit(P72_01_HDMI_CTRL_01, ~(_BIT7 | _BIT3), _BIT7);
4341   6                              ScalerSetBit(P72_01_HDMI_CTRL_01, ~(_BIT7 | _BIT3), 0x00);
4342   6      
4343   6                              SET_TMDS_RX3_HDMI_2_0_FORMAT_RESET_WAITING();
4344   6      
4345   6                              ScalerTimerReactiveTimerEvent(130, _SCALER_TIMER_EVENT_RX3_HDMI2_FORMAT_RESET_WAIT
             -);
4346   6                          }
4347   5                      }
4348   4                  }
4349   3              }
4350   2              else
4351   2              {
4352   3                  if(ScalerGetBit(P72_CB_HDMI_SR, _BIT0) == _BIT0)
4353   3                  {
4354   4                      DebugMessageRx3("TMDS Format Changed", ucSourceType);
4355   4                      return _FALSE;
4356   4                  }
4357   3              }
4358   2          }
4359   1          else
4360   1      #endif
4361   1          {
4362   2      #if(_D3_INPUT_PORT_TYPE == _D3_MHL_PORT)
                      if((GET_TMDS_RX3_CLK_MODE() == _TMDS_24BIT_PHY_SETTING) ||
                         ((GET_TMDS_RX3_CLK_MODE() == _TMDS_MHL_PPMODE_PHY_SETTING) && (ucSourceType == _SOURCE_DVI)))
              #endif
4366   2              {
4367   3                  if(ucSourceType == _SOURCE_HDMI)
4368   3                  {
4369   4                      if(ScalerGetBit(P72_CB_HDMI_SR, _BIT0) == 0x00)
4370   4                      {
4371   5                          DebugMessageRx3("TMDS Format Changed", ucSourceType);
4372   5                          return _FALSE;
4373   5                      }
C51 COMPILER V9.60.0.0   RL6432_SERIES_TMDSRX3                                             09/18/2026 20:39:33 PAGE 74  

4374   4                  }
4375   3                  else
4376   3                  {
4377   4                      if(ScalerGetBit(P72_CB_HDMI_SR, _BIT0) == _BIT0)
4378   4                      {
4379   5                          DebugMessageRx3("TMDS Format Changed", ucSourceType);
4380   5                          return _FALSE;
4381   5                      }
4382   4                  }
4383   3              }
4384   2          }
4385   1      
4386   1          if(GET_TMDS_RX3_Z0_ASSERTED() == _TRUE)
4387   1          {
4388   2              // Hdcp1.4 normal check
4389   2              if(ScalerGetBit(P72_C0_HDCP_CR, _BIT0) == _BIT0)
4390   2              {
4391   3                  if((ScalerGetBit(P72_A9_TMDS_ABC0, _BIT6) == _BIT6) && (!((ScalerGetBit(P72_AE_TMDS_RPS, _BIT1
             -) == _BIT1) && (ScalerGetBit(P72_A9_TMDS_ABC0, _BIT5) == _BIT5))))
4392   3                  {
4393   4                      SET_TMDS_RX3_HPD_TRIGGER_EVENT(_TMDS_HPD_NORMAL);
4394   4      
4395   4                      CLR_TMDS_RX3_Z0_ASSERTED();
4396   4      
4397   4      #if(_D2_INPUT_PORT_TYPE == _D2_DUAL_DVI_PORT)
              
                              SET_TMDS_RX2_HPD_TRIGGER_EVENT(_TMDS_HPD_NORMAL);
              
                              CLR_TMDS_RX2_Z0_ASSERTED();
              #endif
4403   4      
4404   4                      DebugMessageRx3("7. HDCP Abnormal !!!!!", 0);
4405   4      
4406   4                      // MHL mode of MHL PORT will not return FALSE
4407   4      #if(_D3_INPUT_PORT_TYPE == _D3_MHL_PORT)
                              if(GET_D3_TMDS_MODE() == _TMDS_HDMI_MODE)
                              {
                                  return _FALSE;
                              }
              #else
4413   4                      return _FALSE;
4414   4      #endif
4415   4                  }
4416   3                  else if(((ScalerGetBit(P72_A9_TMDS_ABC0, _BIT7) == (_BIT7)) || (ScalerGetBit(P72_AE_TMDS_RPS, 
             -_BIT1) == (_BIT1))) && (ScalerGetBit(P72_A9_TMDS_ABC0, _BIT5) == (_BIT5)))
4417   3                  {
4418   4                      CLR_TMDS_RX3_Z0_ASSERTED();
4419   4      
4420   4      #if(_D2_INPUT_PORT_TYPE == _D2_DUAL_DVI_PORT)
              
                              CLR_TMDS_RX2_Z0_ASSERTED();
              #endif
4424   4      
4425   4                      DebugMessageRx3("7. HDCP Normal", 0);
4426   4                  }
4427   3              }
4428   2          }
4429   1      
4430   1          if(ucSourceType == _SOURCE_DVI)
4431   1          {
4432   2              if(GET_TMDS_RX3_RGBHV_DETECTING() == _FALSE)
4433   2              {
C51 COMPILER V9.60.0.0   RL6432_SERIES_TMDSRX3                                             09/18/2026 20:39:33 PAGE 75  

4434   3                  // TMDS Video Detected
4435   3      #if(_DVI_DE_ONLY_SUPPORT == _OFF)
                          if(ScalerTMDSRx3TMDSVideoDetect(_NOT_WAIT) != _TMDS_VIDEO_DATA_RGBHV)
              #else
4438   3                  if(ScalerTMDSRx3TMDSVideoDetect(_NOT_WAIT) == _TMDS_VIDEO_DATA_NONE)
4439   3      #endif
4440   3                  {
4441   4                      DebugMessageRx3("TMDS Video format changed", ucSourceType);
4442   4      
4443   4                      return _FALSE;
4444   4                  }
4445   3              }
4446   2          }
4447   1      
4448   1      #if(_D3_HDMI_SUPPORT == _ON)
4449   1      
4450   1          if(ucSourceType == _SOURCE_HDMI)
4451   1          {
4452   2              if(GET_HDMI_RX3_PACKET_DETECTING() == _FALSE)
4453   2              {
4454   3                  // HDMI Packet Detected
4455   3                  ScalerTMDSRx3HdmiPacketDetect(_NOT_WAIT);
4456   3      
4457   3                  if(GET_HDMI_RX3_AVI_INFO_FRAME_RECEIVED() == _TRUE)
4458   3                  {
4459   4                      if(ScalerSyncTMDSRx3HdmiColorInfoChanged() == _TRUE)
4460   4                      {
4461   5                          DebugMessageRx3("Color Info Changed", ucSourceType);
4462   5                          return _FALSE;
4463   5                      }
4464   4      
4465   4                      if(ScalerTMDSRx3HdmiAviPixelRepInfoChanged() == _TRUE)
4466   4                      {
4467   5                          DebugMessageRx3("Pixel Repetition Info Changed", ucSourceType);
4468   5                          return _FALSE;
4469   5                      }
4470   4                  }
4471   3                  else
4472   3                  {
4473   4      #if(_D3_INPUT_PORT_TYPE == _D3_MHL_PORT)
                              if(GET_TMDS_RX3_CLK_MODE() == _TMDS_24BIT_PHY_SETTING)
              #endif
4476   4                      {
4477   5                          if(GET_COLOR_SPACE() != _COLOR_SPACE_RGB)
4478   5                          {
4479   6                              DebugMessageRx3("HDMI Info Frame Not Received and not RGB", ucSourceType);
4480   6                              return _FALSE;
4481   6                          }
4482   5                      }
4483   4      
4484   4      #if(_RGB_QUANTIZATION_RANGE_SUPPORT == _ON)
4485   4                      if(GET_COLOR_RGB_QUANTIZATION_RANGE() != _RGB_QUANTIZATION_RESERVED)
4486   4                      {
4487   5                          DebugMessageRx3("No Quantization Range Specified", ucSourceType);
4488   5                          return _FALSE;
4489   5                      }
4490   4      #endif
4491   4      
4492   4                      if(GET_TMDS_RX3_AVI_PIXEL_REPETITION() != _AVI_PIXEL_REPETITION_0)
4493   4                      {
4494   5                          DebugMessageRx3("Pixel Repetition Not Received and not Pixel repetition 0", ucSourceTy
             -pe);
C51 COMPILER V9.60.0.0   RL6432_SERIES_TMDSRX3                                             09/18/2026 20:39:33 PAGE 76  

4495   5                          return _FALSE;
4496   5                      }
4497   4                  }
4498   3      
4499   3                  if((ScalerGetDataPortBit(P72_C9_HDMI_AP, _P72_CA_PT_41_PORT_PAGE72_HDMI_VWDSR, _BIT0) == _BIT0
             -) && (ScalerGetBit(P72_CC_HDMI_GPVS, _BIT0) == _BIT0))
4500   3                  {
4501   4                      DebugMessageRx3("HDMI AVI info frame has changed", ucSourceType);
4502   4                      return _FALSE;
4503   4                  }
4504   3      
4505   3                  if(GET_HDMI_RX3_GCP_RECEIVED() == _TRUE)
4506   3                  {
4507   4                      if((GET_COLOR_SPACE() != _COLOR_SPACE_YCBCR422) && (ScalerTMDSRx3HdmiGetColorDepth() != GE
             -T_COLOR_DEPTH()))
4508   4                      {
4509   5                          DebugMessageRx3("Color Depth Has Changed", GET_COLOR_DEPTH());
4510   5                          return _FALSE;
4511   5                      }
4512   4                  }
4513   3                  else
4514   3                  {
4515   4                      if((GET_COLOR_SPACE() != _COLOR_SPACE_YCBCR422) && (GET_COLOR_DEPTH() != _COLOR_DEPTH_8_BI
             -TS))
4516   4                      {
4517   5                          DebugMessageRx3("HDMI GCP PACKET Not Received and not 8 bit", ucSourceType);
4518   5                          return _FALSE;
4519   5                      }
4520   4                  }
4521   3      
4522   3      #if(_HDMI_FREESYNC_SUPPORT == _ON)
4523   3                  if(GET_TMDS_RX3_SPD_INFO_FRAME_RECEIVED() == _TRUE)
4524   3                  {
4525   4                      if((bit)GET_HDMIRX3_AMD_SPD_INFO(_SPD_INFO_FREESYNC_SUPPORT) != GET_HDMI_FREESYNC_ENABLED(
             -))
4526   4                      {
4527   5                          DebugMessageRx3("HDMI Freesync Status Change", GET_HDMI_FREESYNC_ENABLED());
4528   5                          return _FALSE;
4529   5                      }
4530   4                  }
4531   3                  else
4532   3                  {
4533   4                      if(GET_HDMI_FREESYNC_ENABLED() == _TRUE)
4534   4                      {
4535   5                          DebugMessageRx3("HDMI Freesync Status Change", GET_HDMI_FREESYNC_ENABLED());
4536   5                          return _FALSE;
4537   5                      }
4538   4                  }
4539   3      #endif
4540   3              }
4541   2          }
4542   1      
4543   1      #endif
4544   1      
4545   1      #if(_TMDS_TOGGLE_HPD_Z0_FOR_ACER == _ON)
              
                  if(GET_TMDS_RX3_TOGGLE_Z0() == _TRUE)
                  {
                      SET_TMDS_RX3_TOGGLE_Z0_EVENT();
              
                      return _FALSE;
                  }
C51 COMPILER V9.60.0.0   RL6432_SERIES_TMDSRX3                                             09/18/2026 20:39:33 PAGE 77  

              
              #if(_D2_INPUT_PORT_TYPE == _D2_DUAL_DVI_PORT)
              
                  if(GET_TMDS_RX2_TOGGLE_Z0() == _TRUE)
                  {
                      SET_TMDS_RX2_TOGGLE_Z0_EVENT();
              
                      return _FALSE;
                  }
              #endif
              
              #endif
4565   1      
4566   1      #if(_DP_HDMI_COMPATIBLE_MODE == _ON)
              
                  if(GET_HDMI_HOTPLUG_TOGGLE() == _TRUE)
                  {
                      if(GET_D3_HDMI_PS_WAKEUP() == _TRUE)
                      {
                          CLR_D3_HDMI_PS_WAKEUP();
              
                          SET_TMDS_RX3_HPD_TRIGGER_EVENT(_TMDS_HPD_EIZO_PS_WAKEUP);
              
                          // MHL mode of MHL PORT will not return FALSE
              #if(_D3_INPUT_PORT_TYPE == _D3_MHL_PORT)
                          if(GET_D3_TMDS_MODE() == _TMDS_HDMI_MODE)
                          {
                              return _FALSE;
                          }
              #else
                          return _FALSE;
              #endif
                      }
                  }
                  else
                  {
                      CLR_D3_HDMI_PS_WAKEUP();
                  }
              
              #endif // End of #if(_DP_HDMI_COMPATIBLE_MODE == _ON)
4593   1      
4594   1          return _TRUE;
4595   1      }
4596          
4597          //--------------------------------------------------
4598          // Description  : TMDS Hot Plug Event
4599          // Input Value  : None
4600          // Output Value :
4601          //--------------------------------------------------
4602          void ScalerTMDSRx3HotPlugEvent(void)
4603          {
4604   1          if(GET_HDMI_Z0_HPD_TYPE() == _HDMI_HPD_Z0_TOGGLE_AT_SAME_TIME)
4605   1          {
4606   2              ScalerTMDSRx3BeforeHotPlugEventProc(_TRUE);
4607   2          }
4608   1          else
4609   1          {
4610   2              ScalerTMDSRx3BeforeHotPlugEventProc(_FALSE);
4611   2          }
4612   1      
4613   1          // ACER mode and DVI port will only toggle Z0 130ms
4614   1      #if((_D3_INPUT_PORT_TYPE == _D3_DVI_PORT) && (_TMDS_TOGGLE_HPD_Z0_FOR_ACER == _ON))
C51 COMPILER V9.60.0.0   RL6432_SERIES_TMDSRX3                                             09/18/2026 20:39:33 PAGE 78  

                  if(GET_TMDS_RX3_HPD_TRIGGER_EVENT() == _TMDS_HPD_ACER)
                  {
                      // MHL mode of MHL PORT can not pull HPD
              #if(_D3_INPUT_PORT_TYPE == _D3_MHL_PORT)
                      if((GET_HDMI_HOTPLUG_TOGGLE() == _TRUE) && (GET_D3_CABLE_STATUS() == _TRUE) && (GET_D3_TMDS_MODE()
             - == _TMDS_HDMI_MODE))
              #else
              #if((_D12_INPUT_PORT_TYPE == _D12_HDMI_PORT) && (_D12_INPUT_PORT_SWITCH_FROM == _SWITCH_FROM_D3))
                      if((GET_HDMI_HOTPLUG_TOGGLE() == _TRUE) &&
                         (((GET_D3_CABLE_STATUS() == _TRUE) && (PCB_GET_HDMI_SW_SELECT() == _SW_SEL_HDMI3)) ||
                          ((GET_D12_CABLE_STATUS() == _TRUE) && (PCB_GET_HDMI_SW_SELECT() == _SW_SEL_HDMI3_1))))
              #else
                      if((GET_HDMI_HOTPLUG_TOGGLE() == _TRUE) && (GET_D3_CABLE_STATUS() == _TRUE))
              #endif
              #endif
                      {
                          ScalerTimerDelayXms(_TMDS_ACER_HPD_TIME);
                      }
                  }
                  else
              #endif
4635   1          {
4636   2              if(GET_HDMI_Z0_HPD_TYPE() == _HDMI_Z0_TOGGLE_BEFORE_HPD_TOGGLE)
4637   2              {
4638   3                  // wait Z0 / HPD Interval
4639   3                  ScalerTimerDelayXms(GET_HDMI_Z0_HPD_INTERVAL());
4640   3              }
4641   2      
4642   2              // HPD Low
4643   2              ScalerTMDSRx3HotPlugLowProc();
4644   2      
4645   2      #if(_D3_HDMI_2_0_SUPPORT == _ON)
4646   2              // HPD Low then Reset Scramble Status
4647   2              ScalerTMDSRx3ScrambleStatusReset();
4648   2      #endif
4649   2      
4650   2              // wait
4651   2              if((GET_TMDS_RX3_HPD_TRIGGER_EVENT() == _TMDS_HPD_NORMAL) || (GET_TMDS_RX3_HPD_TRIGGER_EVENT() == 
             -_TMDS_HPD_EIZO_PS_WAKEUP))
4652   2              {
4653   3                  ScalerTMDSRx3HotPlugHighProc(GET_HDMI_HOTPLUG_TIME());
4654   3              }
4655   2              else if(GET_TMDS_RX3_HPD_TRIGGER_EVENT() == _TMDS_HPD_HDCP_2_2)
4656   2              {
4657   3                  ScalerTMDSRx3HotPlugHighProc(_TMDS_HDCP_2_2_HPD_TIME);
4658   3              }
4659   2              else if(GET_TMDS_RX3_HPD_TRIGGER_EVENT() == _TMDS_HPD_ACER)
4660   2              {
4661   3                  ScalerTMDSRx3HotPlugHighProc(_TMDS_ACER_HPD_TIME);
4662   3              }
4663   2              else if(GET_TMDS_RX3_HPD_TRIGGER_EVENT() == _TMDS_HPD_EDID_SWITCH)
4664   2              {
4665   3                  ScalerTMDSRx3HotPlugHighProc(_TMDS_EDID_SWITCH_HPD_TIME);
4666   3              }
4667   2              else
4668   2              {
4669   3                  ScalerTMDSRx3HotPlugHighProc(GET_HDMI_HOTPLUG_TIME());
4670   3              }
4671   2          }
4672   1      
4673   1          if(GET_HDMI_Z0_HPD_TYPE() == _HDMI_HPD_Z0_TOGGLE_AT_SAME_TIME)
4674   1          {
C51 COMPILER V9.60.0.0   RL6432_SERIES_TMDSRX3                                             09/18/2026 20:39:33 PAGE 79  

4675   2              // Restore Slave Address and Z0 Status
4676   2              ScalerTMDSRx3AfterHotPlugEventProc(_TRUE);
4677   2          }
4678   1          else
4679   1          {
4680   2              // Restore Slave Address
4681   2              ScalerTMDSRx3AfterHotPlugEventProc(_FALSE);
4682   2          }
4683   1      
4684   1          if(GET_HDMI_Z0_HPD_TYPE() == _HDMI_HPD_TOGGLE_BEFORE_Z0_TOGGLE)
4685   1          {
4686   2              // wait HPD / Z0 Interval
4687   2              ScalerTimerDelayXms(GET_HDMI_Z0_HPD_INTERVAL());
4688   2      
4689   2              // Disable Z0
4690   2              ScalerSetBit(P7C_18_IMPEDANCE_00, ~(_BIT7 | _BIT6 | _BIT5 | _BIT4), 0x00);
4691   2      
4692   2              // wait Z0 Low Period
4693   2              ScalerTimerDelayXms(GET_HDMI_Z0_LOW_PERIOD());
4694   2          }
4695   1      
4696   1          DebugMessageRx3("Rx3 HPD Toggle!!", 0);
4697   1      
4698   1      #if(_TMDS_TOGGLE_HPD_Z0_FOR_ACER == _ON)
                  if(GET_TMDS_RX3_TOGGLE_Z0_EVENT() == _TRUE)
                  {
                      CLR_TMDS_RX3_TOGGLE_Z0();
                      CLR_TMDS_RX3_TOGGLE_Z0_EVENT();
                  }
              #endif
4705   1      
4706   1          CLR_TMDS_RX3_HPD_TRIGGER_EVENT();
4707   1      }
4708          
4709          //--------------------------------------------------
4710          // Description  : TMDS Switch Slave Address
4711          // Input Value  : None
4712          // Output Value : None
4713          //--------------------------------------------------
4714          void ScalerTMDSRx3SwitchHdcpSlaveAddr(void)
4715          {
4716   1          ScalerSetDataPortByte(P72_C3_HDCP_AP, _P72_C4_PT_C2_PORT_PAGE72_HDCP_SLAVE_ADD, 0x7F);
4717   1      }
4718          
4719          //--------------------------------------------------
4720          // Description  : TMDS Before Hot Plug Event Process
4721          // Input Value  : bDisableZ0
4722          // Output Value :
4723          //--------------------------------------------------
4724          void ScalerTMDSRx3BeforeHotPlugEventProc(bit bDisableZ0)
4725          {
4726   1          // MHL mode of MHL PORT can not pull HPD
4727   1      #if(_D3_INPUT_PORT_TYPE == _D3_MHL_PORT)
                  if((GET_HDMI_HOTPLUG_TOGGLE() == _TRUE) && (GET_D3_CABLE_STATUS() == _TRUE) && (GET_D3_TMDS_MODE() == 
             -_TMDS_HDMI_MODE))
              #else
4730   1      #if((_D12_INPUT_PORT_TYPE == _D12_HDMI_PORT) && (_D12_INPUT_PORT_SWITCH_FROM == _SWITCH_FROM_D3))
                  if((GET_HDMI_HOTPLUG_TOGGLE() == _TRUE) &&
                     (((GET_D3_CABLE_STATUS() == _TRUE) && (PCB_GET_HDMI_SW_SELECT() == _SW_SEL_HDMI3)) ||
                      ((GET_D12_CABLE_STATUS() == _TRUE) && (PCB_GET_HDMI_SW_SELECT() == _SW_SEL_HDMI3_1))))
              #else
4735   1          if((GET_HDMI_HOTPLUG_TOGGLE() == _TRUE) && (GET_D3_CABLE_STATUS() == _TRUE))
C51 COMPILER V9.60.0.0   RL6432_SERIES_TMDSRX3                                             09/18/2026 20:39:33 PAGE 80  

4736   1      #endif
4737   1      #endif
4738   1          {
4739   2              // Save Z0 Status
4740   2              g_ucTMDSRx3Z0Status = ScalerGetBit(P7C_18_IMPEDANCE_00, (_BIT7 | _BIT6 | _BIT5 | _BIT4));
4741   2      
4742   2              // Backup Slave Address
4743   2              ScalerGetDataPortByte(P72_C3_HDCP_AP, _P72_C4_PT_C2_PORT_PAGE72_HDCP_SLAVE_ADD, 1, &g_ucTMDSRx3Sla
             -veAddr, _NON_AUTOINC);
4744   2      
4745   2      #if(_D3_HDMI_2_0_SUPPORT == _ON)
4746   2              ScalerTMDSHdmiHpd5vPinCheckEvent(_D3_INPUT_PORT, _DISABLE);
4747   2      #endif
4748   2      
4749   2      #if(_DP_HDMI_COMPATIBLE_MODE == _ON)
                      if(GET_TMDS_RX3_HPD_TRIGGER_EVENT() != _TMDS_HPD_EIZO_PS_WAKEUP)
              #endif
4752   2              {
4753   3      #if((_TMDS_HDCP_2_2_SUPPORT == _ON) && ((_D3_INPUT_PORT_TYPE == _D3_HDMI_PORT) || (_D3_INPUT_PORT_TYPE == 
             -_D3_MHL_PORT)))
4754   3                  // Reset HDCP 2.2
4755   3                  ScalerTMDSRx3Hdcp2ResetProc();
4756   3      #endif
4757   3      
4758   3      #if(_D3_HDMI_2_0_SUPPORT == _ON)
4759   3                  // Disable HDMI 2.0 SCDC Function
4760   3                  ScalerSetBit(P72_19_HDMI_CTRL_19, ~_BIT7, 0x00);
4761   3      #endif
4762   3                  if(bDisableZ0 == _TRUE)
4763   3                  {
4764   4                      // Disable Z0
4765   4                      ScalerSetBit(P7C_18_IMPEDANCE_00, ~(_BIT7 | _BIT6 | _BIT5 | _BIT4), 0x00);
4766   4                  }
4767   3              }
4768   2          }
4769   1      #if((_D12_INPUT_PORT_TYPE == _D12_HDMI_PORT) && (_D12_INPUT_PORT_SWITCH_FROM == _SWITCH_FROM_D3))
                  else if(((GET_D3_CABLE_STATUS() == _FALSE) && (PCB_GET_HDMI_SW_SELECT() == _SW_SEL_HDMI3)) ||
                          ((GET_D12_CABLE_STATUS() == _FALSE) && (PCB_GET_HDMI_SW_SELECT() == _SW_SEL_HDMI3_1)))
              #else
4773   1          else if(GET_D3_CABLE_STATUS() == _FALSE)
4774   1      #endif
4775   1          {
4776   2              // Reset DDC3
4777   2              MCU_FE6E_DDC3_DDC_CONTROL_1 |= _BIT1;
4778   2          }
4779   1      }
4780          
4781          //--------------------------------------------------
4782          // Description  : TMDS After Hot Plug Event Process
4783          // Input Value  : bRestoreZ0
4784          // Output Value :
4785          //--------------------------------------------------
4786          void ScalerTMDSRx3AfterHotPlugEventProc(bit bRestoreZ0)
4787          {
4788   1          // MHL mode of MHL PORT can not pull HPD
4789   1      #if(_D3_INPUT_PORT_TYPE == _D3_MHL_PORT)
                  if((GET_HDMI_HOTPLUG_TOGGLE() == _TRUE) && (GET_D3_CABLE_STATUS() == _TRUE) && (GET_D3_TMDS_MODE() == 
             -_TMDS_HDMI_MODE))
              #else
4792   1      #if((_D12_INPUT_PORT_TYPE == _D12_HDMI_PORT) && (_D12_INPUT_PORT_SWITCH_FROM == _SWITCH_FROM_D3))
                  if((GET_HDMI_HOTPLUG_TOGGLE() == _TRUE) &&
                     (((GET_D3_CABLE_STATUS() == _TRUE) && (PCB_GET_HDMI_SW_SELECT() == _SW_SEL_HDMI3)) ||
C51 COMPILER V9.60.0.0   RL6432_SERIES_TMDSRX3                                             09/18/2026 20:39:33 PAGE 81  

                      ((GET_D12_CABLE_STATUS() == _TRUE) && (PCB_GET_HDMI_SW_SELECT() == _SW_SEL_HDMI3_1))))
              #else
4797   1          if((GET_HDMI_HOTPLUG_TOGGLE() == _TRUE) && (GET_D3_CABLE_STATUS() == _TRUE))
4798   1      #endif
4799   1      #endif
4800   1          {
4801   2              // Restore Slave Address
4802   2              ScalerSetDataPortByte(P72_C3_HDCP_AP, _P72_C4_PT_C2_PORT_PAGE72_HDCP_SLAVE_ADD, g_ucTMDSRx3SlaveAd
             -dr);
4803   2      
4804   2      #if(_D3_HDMI_2_0_SUPPORT == _ON)
4805   2              // Enable HDMI 2.0 SCDC Function
4806   2              ScalerSetBit(P72_19_HDMI_CTRL_19, ~_BIT7, _BIT7);
4807   2      
4808   2              ScalerTMDSHdmiHpd5vPinCheckEvent(_D3_INPUT_PORT, _ENABLE);
4809   2      #endif
4810   2      
4811   2      #if(_DELL_HDMI_HPD_DDC_STYLE_SUPPORT == _ON)
                      if(g_ucTmdsD3DdcramNackStatus == _FALSE)
                      {
                          // DDCRAM Force Nack off
                          ScalerSyncSetDdcForceNack(_D3_INPUT_PORT, _OFF);
                      }
              
                      // Restore DDCCI Slave Address
                      ScalerMcuDdcciEnable(_ENABLE, _D3_INPUT_PORT);
              #endif
4821   2      
4822   2              if(bRestoreZ0 == _TRUE)
4823   2              {
4824   3                  // Restore Z0 Status
4825   3                  ScalerSetBit(P7C_18_IMPEDANCE_00, ~(_BIT7 | _BIT6 | _BIT5 | _BIT4), g_ucTMDSRx3Z0Status);
4826   3              }
4827   2          }
4828   1      }
4829          
4830          //--------------------------------------------------
4831          // Description  : HDCP 1.4 R0 IIC 20k issue Function
4832          // Input Value  : None
4833          // Output Value : None
4834          //--------------------------------------------------
4835          void ScalerTMDSRx3Hdcp1p4AksvClear(void)
4836          {
4837   1          // Disable R0 ready bit
4838   1          ScalerSetBit(P72_AE_TMDS_RPS, ~_BIT1, 0x00);
4839   1      }
4840          
4841          #if(_HDMI_HDCP14_BCH_ERROR_CHECK == _ON)
              //--------------------------------------------------
              // Description  : Stable Detect Check BCH
              // Input Value  : enumBchChkState
              // Output Value : False: bch error happen
              //                True: bch error not happen
              //--------------------------------------------------
              bit ScalerTMDSRx3StableDetectHdcp14BchErrorCheck(EnumHdmiHdcp14BchChkState enumBchChkState)
              {
                  switch(enumBchChkState)
                  {
                      case _HDMI_HDCP14_BCH_1ST_ACT_ENC_CHK_FAIL:
              
                          // BCH Error already happened in FirstActiveProc
                          // Lock Ri' to let next Ri check fail -> Force Source to Re-Auth
C51 COMPILER V9.60.0.0   RL6432_SERIES_TMDSRX3                                             09/18/2026 20:39:33 PAGE 82  

                          ScalerSetDataPortBit(P72_C3_HDCP_AP, _P72_C4_PT_C1_PORT_PAGE72_HDCP_SIR, ~_BIT4, _BIT4);
              
                          // Clear TimerEvenet
                          ScalerTimerCancelTimerEvent(_SCALER_TIMER_EVENT_RX3_TMDS_HDCP14_BCH_ERR_CHK);
              
                          SET_TMDS_RX3_HDCP14_BCH_CHK_STATE(_HDMI_HDCP14_BCH_NONE);
              
                          return _FALSE;
              
                      case _HDMI_HDCP14_BCH_AUTH_START:
              
                          ScalerTimerActiveTimerEvent(1000, _SCALER_TIMER_EVENT_RX3_TMDS_HDCP14_BCH_ERR_CHK);
              
                          SET_TMDS_RX3_HDCP14_BCH_CHK_STATE(_HDMI_HDCP14_BCH_CHK_WINDOW_START);
              
                          return _TRUE;
              
                      case _HDMI_HDCP14_BCH_CHK_WINDOW_END:
              
                          SET_TMDS_RX3_HDCP14_BCH_CHK_STATE(_HDMI_HDCP14_BCH_NONE);
              
                          // Clr BCH Error Flag
                          ScalerSetDataPortBit(P72_C9_HDMI_AP, _P72_CA_PT_02_PORT_PAGE72_HDMI_BCHCR, ~_BIT2, 0x00);
              
                          ScalerTimerDelayXms(30);
              
                          // bch check
                          if(ScalerGetDataPortBit(P72_C9_HDMI_AP, _P72_CA_PT_02_PORT_PAGE72_HDMI_BCHCR, _BIT2) == _BIT2)
                          {
              #if(_SOURCE_BACKGROUND_DETECT_SUPPORT == _ON)
                              if(GET_STORE_ACTIVED_PORT() == _D3_INPUT_PORT)
              #endif
                              {
                                  // Set Display M1 output force to background color and free run mode
                                  ScalerSetBit(P0_28_VIDEO_DISPLAY_CONTROL_REG, ~(_BIT5 | _BIT3), _BIT5);
                              }
              
                              // Disable RGB/clock Output to avoid garbage
                              ScalerSetBit(P72_A6_TMDS_OUTCTL, ~(_BIT6 | _BIT5 | _BIT4 | _BIT3), 0x00);
              
                              // Lock Ri' to let next Ri check fail -> Force Source to Re-Auth
                              ScalerSetDataPortBit(P72_C3_HDCP_AP, _P72_C4_PT_C1_PORT_PAGE72_HDCP_SIR, ~_BIT4, _BIT4);
              
                              return _FALSE;
                          }
                          else
                          {
                              return _TRUE;
                          }
              
                      default:
                          return _TRUE;
                  }
              }
              
              //--------------------------------------------------
              // Description  : HDCP1.4 BCH Error Check Event
              // Input Value  : None
              // Output Value : None
              //--------------------------------------------------
              void ScalerTMDSRx3Hdcp14BchErrorCheckEvent(void)
              {
C51 COMPILER V9.60.0.0   RL6432_SERIES_TMDSRX3                                             09/18/2026 20:39:33 PAGE 83  

                  SET_TMDS_RX3_HDCP14_BCH_CHK_STATE(_HDMI_HDCP14_BCH_CHK_WINDOW_END);
              }
              
              //--------------------------------------------------
              // Description  : Check BCH Error in FirstActiveProc
              // Input Value  : None
              // Output Value : None
              //--------------------------------------------------
              void ScalerTMDSRx3FirstActiveProcHdcp14BchErrorCheck(void)
              {
                  BYTE pucHDCP14FrmCnt[2] = {0};
                  BYTE ucCheckTime = 10;    // ms, must > 0
                  WORD usRemainTime = 0x00;  // ms
              
                  // Wait more time for HDCP1.4 Aksv IRQ
                  usRemainTime = 80;
                  while(GET_TMDS_RX3_HDCP14_BCH_CHK_STATE() == _HDMI_HDCP14_BCH_NONE)
                  {
                      ScalerTimerDelayXms(ucCheckTime);
                      usRemainTime -= ucCheckTime;
                      if((GET_TMDS_RX3_HDCP14_BCH_CHK_STATE() == _HDMI_HDCP14_BCH_AUTH_START) || (usRemainTime < ucCheck
             -Time))
                      {
                          break;
                      }
                  }
              
                  // Check BCH Error for HDCP1.4 in _SCALER_TIMER_EVENT_RX3_TMDS_HDCP14_BCH_ERR_CHK window
                  switch(GET_TMDS_RX3_HDCP14_BCH_CHK_STATE())
                  {
                      case _HDMI_HDCP14_BCH_AUTH_START:
                      case _HDMI_HDCP14_BCH_CHK_WINDOW_START:
              
                          if(GET_TMDS_RX3_HDCP14_BCH_CHK_STATE() == _HDMI_HDCP14_BCH_CHK_WINDOW_START)
                          {
                              usRemainTime = ScalerTimerGetEventRemainTime(_SCALER_TIMER_EVENT_RX3_TMDS_HDCP14_BCH_ERR_C
             -HK);
                          }
                          else
                          {
                              usRemainTime = 1000;
                          }
              
                          usRemainTime = (usRemainTime + (ucCheckTime - 1)) / ucCheckTime * ucCheckTime;  // Ceil(usRema
             -inTime, ucCheckTime)
                          usRemainTime = MAXOF(usRemainTime, ucCheckTime);
              
                          // Polling HDCP1.4 Frame Counter to wait Encrypt Data
                          ScalerGetDataPortByte(P72_C3_HDCP_AP, _P72_C4_PT_C0_PORT_PAGE72_HDCP_FCR, 1, &pucHDCP14FrmCnt[
             -0], _NON_AUTOINC);
                          while(usRemainTime >= ucCheckTime)
                          {
                              ScalerTimerDelayXms(ucCheckTime);
                              ScalerGetDataPortByte(P72_C3_HDCP_AP, _P72_C4_PT_C0_PORT_PAGE72_HDCP_FCR, 1, &pucHDCP14Frm
             -Cnt[1], _NON_AUTOINC);
              
                              if(pucHDCP14FrmCnt[0] != pucHDCP14FrmCnt[1])
                              {
                                  break;
                              }
              
                              usRemainTime -= ucCheckTime;
C51 COMPILER V9.60.0.0   RL6432_SERIES_TMDSRX3                                             09/18/2026 20:39:33 PAGE 84  

                          }
              
                          // Clr BCH Error Flag
                          ScalerSetDataPortBit(P72_C9_HDMI_AP, _P72_CA_PT_02_PORT_PAGE72_HDMI_BCHCR, ~_BIT2, 0x00);
              
                          ScalerTimerDelayXms(45);
              
                          // bch check
                          if(ScalerGetDataPortBit(P72_C9_HDMI_AP, _P72_CA_PT_02_PORT_PAGE72_HDMI_BCHCR, _BIT2) == _BIT2)
                          {
              #if(_SOURCE_BACKGROUND_DETECT_SUPPORT == _ON)
                              if(GET_STORE_ACTIVED_PORT() == _D3_INPUT_PORT)
              #endif
                              {
                                  // Set Display M1 output force to background color and free run mode
                                  ScalerSetBit(P0_28_VIDEO_DISPLAY_CONTROL_REG, ~(_BIT5 | _BIT3), _BIT5);
                              }
              
                              // Disable RGB/clock Output to avoid garbage
                              ScalerSetBit(P72_A6_TMDS_OUTCTL, ~(_BIT6 | _BIT5 | _BIT4 | _BIT3), 0x00);
              
                              SET_TMDS_RX3_HDCP14_BCH_CHK_STATE(_HDMI_HDCP14_BCH_1ST_ACT_ENC_CHK_FAIL);
                              DebugMessageRx3("FirstActive HDCP14 BCH Error Detected", 0x00);
                          }
                          else
                          {
                              SET_TMDS_RX3_HDCP14_BCH_CHK_STATE(_HDMI_HDCP14_BCH_1ST_ACT_ENC_CHK_PASS);
                          }
              
                          break;
              
                      default:
                          break;
                  }
              }
              
              //--------------------------------------------------
              // Description  : Get FirstActiveProc BCH Error Check Result
              // Input Value  : None
              // Output Value : False : BCH Error Happened
              //              : True : BCH Error Not Happened
              //--------------------------------------------------
              bit ScalerTMDSRx3GetFirstActiveHdcp14BchErrorCheck(void)
              {
                  if(GET_TMDS_RX3_HDCP14_BCH_CHK_STATE() == _HDMI_HDCP14_BCH_1ST_ACT_ENC_CHK_FAIL)
                  {
                      return _FALSE;
                  }
                  else
                  {
                      return _TRUE;
                  }
              }
              
              //--------------------------------------------------
              // Description  : Reset HDCP1.4 BCH Error Check
              // Input Value  : None
              // Output Value : None
              //--------------------------------------------------
              void ScalerTMDSRx3Hdcp14BchErrorCheckReset(void)
              {
                  // Clear TimerEvenet
C51 COMPILER V9.60.0.0   RL6432_SERIES_TMDSRX3                                             09/18/2026 20:39:33 PAGE 85  

                  ScalerTimerCancelTimerEvent(_SCALER_TIMER_EVENT_RX3_TMDS_HDCP14_BCH_ERR_CHK);
              
                  SET_TMDS_RX3_HDCP14_BCH_CHK_STATE(_HDMI_HDCP14_BCH_NONE);
              }
              
              #if(_TMDS_HDCP_2_2_SUPPORT == _ON)
              #if((_D3_INPUT_PORT_TYPE == _D3_HDMI_PORT) || (_D3_INPUT_PORT_TYPE == _D3_MHL_PORT))
              //--------------------------------------------------
              // Description  : Reset HDCP1.4 BCH Error Check (EXINT0 Only)
              // Input Value  : None
              // Output Value : None
              //--------------------------------------------------
              void ScalerTMDSRx3Hdcp14BchErrorCheckReset_EXINT0(void) using 1
              {
                  // Clear TimerEvenet
                  ScalerTimerCancelTimerEvent_EXINT0(_SCALER_TIMER_EVENT_RX3_TMDS_HDCP14_BCH_ERR_CHK);
              
                  SET_TMDS_RX3_HDCP14_BCH_CHK_STATE(_HDMI_HDCP14_BCH_NONE);
              }
              #endif
              #endif
              #endif // End of #if(_HDMI_HDCP14_BCH_ERROR_CHECK == _ON)
5059          #endif // End of #if(_D3_TMDS_SUPPORT == _ON)


MODULE INFORMATION:   STATIC OVERLAYABLE
   CODE SIZE        =  10648    ----
   CONSTANT SIZE    =   ----    ----
   XDATA SIZE       =     21      50
   PDATA SIZE       =   ----    ----
   DATA SIZE        =   ----    ----
   IDATA SIZE       =   ----    ----
   BIT SIZE         =   ----       4
END OF MODULE INFORMATION.


C51 COMPILATION COMPLETE.  0 WARNING(S),  0 ERROR(S)
