C51 COMPILER V9.60.0.0   RL6432_SERIES_DISPLAY                                             09/20/2026 19:44:06 PAGE 1   


C51 COMPILER V9.60.0.0, COMPILATION OF MODULE RL6432_SERIES_DISPLAY
OBJECT MODULE PLACED IN .\Output\RL6432_Project\RL6432_Series_Display.obj
COMPILER INVOKED BY: C:\Keil_v5\C51\BIN\C51.EXE Kernel\Scaler\RL6432_Series_Scaler\Code\RL6432_Series_Display.c LARGE OP
                    -TIMIZE(9,SPEED) INCDIR(.\Output\RL6432;.\Project\Header;.\Pcb;.\Panel;.\Kernel\Device\Header;.\Kernel\Common;.\Kernel\Sy
                    -stem\Header;.\Kernel\Scaler\ScalerFunction\Header;.\Kernel\Scaler\ScalerCommonFunction\Header;.\Kernel\Scaler\ScalerFunc
                    -tion\Lib\Header;.\Kernel\Scaler\ScalerCommonFunction\Lib\Header;.\Kernel\Scaler\RL6432_Series_Scaler\Header;.\Kernel\Sca
                    -ler\RL6432_Series_Common\Header;.\Kernel\Scaler\RL6432_Series_Scaler\Lib\Header;.\Kernel\Scaler\RL6432_Series_Common\Lib
                    -\Header;.\Kernel\User Common Function\Header;.\User\RTD Series\RTD2014Function\Header;.\User\RTD Series\RTD2014Osd\Heade
                    -r;.\User\RTD Factory\Header;.\User\None Series\NoneFunction\Header;.\User\None Series\NoneOsd\Header;.\User\None Factory
                    -\Header) DEFINE(_PROJECT=_RL6432_PROJECT,_SCALER_TYPE=_RL6432_SERIES) DEBUG OBJECTEXTEND PRINT(.\Output\RL6432_Project\R
                    -L6432_Series_Display.lst) TABS(2) OBJECT(.\Output\RL6432_Project\RL6432_Series_Display.obj)

line level    source

   1          /********************************************************************************/
   2          /*   Copyright (c) 2021 Realtek Semiconductor Corp. All rights reserved.        */
   3          /*                                                                              */
   4          /*   SPDX-License-Identifier: LicenseRef-Realtek-Proprietary                    */
   5          /*                                                                              */
   6          /*   This software component is confidential and proprietary to Realtek         */
   7          /*   Semiconductor Corp. Disclosure, reproduction, redistribution, in whole     */
   8          /*   or in part, of this work and its derivatives without express permission    */
   9          /*   is prohibited.                                                             */
  10          /********************************************************************************/
  11          
  12          //----------------------------------------------------------------------------------------------------
  13          // ID Code      : RL6432_Series_Display.c No.0000
  14          // Update Note  :
  15          //----------------------------------------------------------------------------------------------------
  16          
  17          #include "ScalerFunctionInclude.h"
  18          
  19          //****************************************************************************
  20          // DEFINITIONS / MACROS
  21          //****************************************************************************
  22          
  23          //****************************************************************************
  24          // STRUCT / TYPE / ENUM DEFINITTIONS
  25          //****************************************************************************
  26          #if(_LVDS_NO_VCM_LEVEL_BEFORE_DATA == _ON)
              typedef enum
              {
                  _LVDS_TYPE,
                  _GPIO_TYPE,
              } EnumLvdsPinshareType;
              #endif
  33          //****************************************************************************
  34          // CODE TABLES
  35          //****************************************************************************
  36          
  37          
  38          //****************************************************************************
  39          // VARIABLE DECLARATIONS
  40          //****************************************************************************
  41          
  42          
  43          //****************************************************************************
  44          // FUNCTION DECLARATIONS
  45          //****************************************************************************
  46          #if(_PANEL_STYLE == _PANEL_LVDS)
  47          
C51 COMPILER V9.60.0.0   RL6432_SERIES_DISPLAY                                             09/20/2026 19:44:06 PAGE 2   

  48          void ScalerDisplayLvdsInitialTable(void);
  49          void ScalerDisplayVcmControl(BYTE ucType);
  50          void ScalerDisplayLvdsPadPower(bit bOn);
  51          void ScalerDisplayLvdsPower(bit bOn);
  52          void ScalerDisplaySetLvdsGpioInitial(void);
  53          void ScalerDisplayLvdsClkInfoSelect(void);
  54          void ScalerDisplayLvdsDrivingControl(BYTE ucDriv);
  55          void ScalerDisplayLvdsPhaseConrol(void);
  56          void ScalerDisplayLvdsSlewRateConrol(void);
  57          
  58          #if((_LVDS_PORT_SEL == _LVDS_1_PORT_A) || (_LVDS_PORT_SEL == _LVDS_1_PORT_B) || (_LVDS_PORT_SEL == _LVDS_2
             -_PORT_AB) || (_LVDS_PORT_SEL == _LVDS_4_PORT_ABCD))
  59          void ScalerDisplayLvdsSetVcoBand(BYTE ucVcoBand);
  60          void ScalerDisplayLvdsSetPhaseBand(BYTE ucPhaseBand);
  61          #endif
  62          
  63          bit ScalerDisplayGetLvdsPowerStatus(void);
  64          void ScalerDisplayLvdsPLL(bit bOn);
  65          
  66          #if(_LVDS_NO_VCM_LEVEL_BEFORE_DATA == _ON)
              void ScalerDisplayLvdsPinshareSetting(EnumLvdsPinshareType enumLvdsPinshareType);
              #endif
  69          #elif(_PANEL_STYLE == _PANEL_DPTX)
              void ScalerDisplayUseLvdsPadPower(bit bOn);
              
              #endif // #if(_PANEL_STYLE == _PANEL_LVDS)
  73          
  74          //****************************************************************************
  75          // FUNCTION DEFINITIONS
  76          //****************************************************************************
  77          
  78          #if(_PANEL_STYLE == _PANEL_LVDS)
  79          //--------------------------------------------------
  80          // Description  : Initial Settings for Display Interface
  81          // Input Value  : None
  82          // Output Value : None
  83          //--------------------------------------------------
  84          void ScalerDisplayLvdsInitialTable(void)
  85          {
  86   1      #if(_LVDS_NO_VCM_LEVEL_BEFORE_DATA == _ON)
                  // Set DISP mode is Hiz
                  ScalerSetBit(P39_00_LVDS_DISP_TYPE, ~(_BIT2 | _BIT1 | _BIT0), _BIT1);
              
                  ScalerDisplayLvdsPinshareSetting(_GPIO_TYPE);
              #else
  92   1          // Set DISP mode is LVDS
  93   1          ScalerSetBit(P39_00_LVDS_DISP_TYPE, ~(_BIT2 | _BIT1 | _BIT0), _BIT0);
  94   1      #endif
  95   1      
  96   1          // Set Panel Display Type
  97   1          ScalerSetBit(P39_01_LVDS_DISPLAY_CONV_CTRL0, ~(_BIT7 | _BIT6 | _BIT5 | _BIT4 | _BIT0), ((_LVDS_OUTPUT_
             -PORT << 6) | (_LVDS_PANEL_SECTION << 4) | (_LVDS_TABLE_TYPE << 0)));
  98   1      
  99   1          // Display Resolution Control Settings
 100   1          ScalerSetBit(P39_01_LVDS_DISPLAY_CONV_CTRL0, ~(_BIT2 | _BIT1), (_PANEL_DISP_BIT_MODE << 1));
 101   1      
 102   1          // Dispaly Panel Resoultion
 103   1          ScalerSetBit(P39_01_LVDS_DISPLAY_CONV_CTRL0, ~_BIT3, ((_PANEL_DISP_BIT_MODE == _PANEL_DISP_30_BIT) ? _
             -BIT3 : 0x00));
 104   1      
 105   1          // Set LVDS Interface Type
 106   1          ScalerSetByte(P39_06_LVDS_DISPLAY_CONV_CTRL5, ((_LVDS_RB_SWAP << 7) | (_LVDS_ML_SWAP << 6) | (_LVDS_PN
C51 COMPILER V9.60.0.0   RL6432_SERIES_DISPLAY                                             09/20/2026 19:44:06 PAGE 3   

             -_SWAP << 4) | (_BIT3) | (_LVDS_CLK_CHANNEL_SEL << 1) | (_LVDS_PAIR_MIRROR << 0)));
 107   1      
 108   1          // Set LVDS Display Content
 109   1          ScalerSetBit(P39_07_LVDS_DISPLAY_CONV_CTRL6, ~(_BIT3 | _BIT2 | _BIT1 | _BIT0), ((_LVDS_DVS_INVERT << 3
             -) | (_LVDS_DHS_INVERT << 2) | (_LVDS_DEN_INVERT << 1) | (_BIT0)));
 110   1      
 111   1          // Set OCLK: Non-inverted
 112   1          ScalerSetDataPortBit(P0_2A_DISPLAY_FORMAT_ADDR_PORT, _P0_2B_PT_20_DISPLAY_CLOCK_FINE_TUNE, ~_BIT0, 0x0
             -0);
 113   1      
 114   1          // Set LVDS BW Parameter
 115   1          ScalerSetByte(P15_0D_LVDS_COMMON_AB_CTRL13, 0xAB);
 116   1          ScalerSetByte(P55_0D_LVDS_COMMON_AB_CTRL13, 0xAB);
 117   1      
 118   1          // Set LVDS common mode Voltage
 119   1          ScalerDisplayVcmControl(_LVDS_VCM_CONTROL);
 120   1      
 121   1          // Set LVDS Driving Double Current Disable
 122   1          ScalerSetBit(P15_20_LVDS_PORTA_CTRL0, ~(_BIT5 | _BIT4 | _BIT3 | _BIT2 | _BIT1 | _BIT0), 0x00);
 123   1          ScalerSetBit(P15_30_LVDS_PORTB_CTRL0, ~(_BIT5 | _BIT4 | _BIT3 | _BIT2 | _BIT1 | _BIT0), 0x00);
 124   1          ScalerSetBit(P55_20_LVDS_PORTA_CTRL0, ~(_BIT5 | _BIT4 | _BIT3 | _BIT2 | _BIT1 | _BIT0), 0x00);
 125   1          ScalerSetBit(P55_30_LVDS_PORTB_CTRL0, ~(_BIT5 | _BIT4 | _BIT3 | _BIT2 | _BIT1 | _BIT0), 0x00);
 126   1      
 127   1          // Set LVDS Output Termination Seletcion
 128   1          ScalerDisplayLvdsClkInfoSelect();
 129   1      
 130   1          // Set LVDS Driving Control
 131   1          ScalerDisplayLvdsDrivingControl(_LVDS_DRIV_CONTROL);
 132   1      
 133   1          // Set LVDS Phase Selection
 134   1          ScalerDisplayLvdsPhaseConrol();
 135   1      
 136   1          // Set LVDS data slew rate control
 137   1          ScalerDisplayLvdsSlewRateConrol();
 138   1      
 139   1          // Set LVDS TX output Data selection: Data / Termination
 140   1          ScalerDisplayLvdsTxDataSel();
 141   1      
 142   1          // Set LVDS TX Output Data Swap Selection
 143   1          ScalerDisplayLvdsTxPortSwap();
 144   1      
 145   1          // Disable LVDS CLK Signal, and Set To DC Level
 146   1          ScalerSetByte(P39_1D_LVDS_CLK_CTRL, 0x00);
 147   1      
 148   1      #if(_LVDS_SHAPE_ADJUSTMENT == _LVDS_SHAPE_NONE)
 149   1          // Set LVDS Shape-adjustment with Default
 150   1          ScalerSetBit(P15_23_LVDS_PORTA_CTRL3, ~(_BIT4 | _BIT3 | _BIT1 | _BIT0), (_BIT4 | _BIT3 | _BIT1 | _BIT0
             -));
 151   1          ScalerSetBit(P15_33_LVDS_PORTB_CTRL3, ~(_BIT4 | _BIT3 | _BIT1 | _BIT0), (_BIT4 | _BIT3 | _BIT1 | _BIT0
             -));
 152   1          ScalerSetBit(P55_23_LVDS_PORTA_CTRL3, ~(_BIT4 | _BIT3 | _BIT1 | _BIT0), (_BIT4 | _BIT3 | _BIT1 | _BIT0
             -));
 153   1          ScalerSetBit(P55_33_LVDS_PORTB_CTRL3, ~(_BIT4 | _BIT3 | _BIT1 | _BIT0), (_BIT4 | _BIT3 | _BIT1 | _BIT0
             -));
 154   1      
 155   1      #elif(_LVDS_SHAPE_ADJUSTMENT == _LVDS_SHAPE_FAST_TO_SLOW)
                  // Set LVDS Shape-adjustment Fast to Slow
                  ScalerSetBit(P15_23_LVDS_PORTA_CTRL3, ~(_BIT4 | _BIT3 | _BIT1 | _BIT0), (_BIT3 | _BIT0));
                  ScalerSetBit(P15_33_LVDS_PORTB_CTRL3, ~(_BIT4 | _BIT3 | _BIT1 | _BIT0), (_BIT3 | _BIT0));
                  ScalerSetBit(P55_23_LVDS_PORTA_CTRL3, ~(_BIT4 | _BIT3 | _BIT1 | _BIT0), (_BIT3 | _BIT0));
                  ScalerSetBit(P55_33_LVDS_PORTB_CTRL3, ~(_BIT4 | _BIT3 | _BIT1 | _BIT0), (_BIT3 | _BIT0));
              
C51 COMPILER V9.60.0.0   RL6432_SERIES_DISPLAY                                             09/20/2026 19:44:06 PAGE 4   

              #elif(_LVDS_SHAPE_ADJUSTMENT == _LVDS_SHAPE_SLOW_TO_FAST)
                  // Set LVDS Shape-adjustment Slow to Fast
                  ScalerSetBit(P15_23_LVDS_PORTA_CTRL3, ~(_BIT4 | _BIT3 | _BIT1 | _BIT0), (_BIT4 | _BIT1));
                  ScalerSetBit(P15_33_LVDS_PORTB_CTRL3, ~(_BIT4 | _BIT3 | _BIT1 | _BIT0), (_BIT4 | _BIT1));
                  ScalerSetBit(P55_23_LVDS_PORTA_CTRL3, ~(_BIT4 | _BIT3 | _BIT1 | _BIT0), (_BIT4 | _BIT1));
                  ScalerSetBit(P55_33_LVDS_PORTB_CTRL3, ~(_BIT4 | _BIT3 | _BIT1 | _BIT0), (_BIT4 | _BIT1));
              #endif
 169   1      
 170   1          // Set LVDS Pre-emphasis On
 171   1          ScalerSetBit(P15_23_LVDS_PORTA_CTRL3, ~(_BIT5 | _BIT2), (_BIT5 | _BIT2));
 172   1          ScalerSetBit(P15_33_LVDS_PORTB_CTRL3, ~(_BIT5 | _BIT2), (_BIT5 | _BIT2));
 173   1          ScalerSetBit(P55_23_LVDS_PORTA_CTRL3, ~(_BIT5 | _BIT2), (_BIT5 | _BIT2));
 174   1          ScalerSetBit(P55_33_LVDS_PORTB_CTRL3, ~(_BIT5 | _BIT2), (_BIT5 | _BIT2));
 175   1      }
 176          
 177          //--------------------------------------------------
 178          // Description  : Set LVDS driving control
 179          // Input Value  : VCM for Data and Clock pair
 180          // Output Value : None
 181          //--------------------------------------------------
 182          void ScalerDisplayVcmControl(BYTE ucType)
 183          {
 184   1          // Set LVDS common mode Voltage
 185   1          switch(ucType)
 186   1          {
 187   2              case _LVDS_VCM_LOW:
 188   2      
 189   2                  ScalerSetBit(P15_01_LVDS_COMMON_AB_CTRL1, ~(_BIT6 | _BIT5 | _BIT4 | _BIT3 | _BIT2 | _BIT1 | _B
             -IT0), (_BIT6 | _BIT5));
 190   2                  ScalerSetBit(P55_01_LVDS_COMMON_AB_CTRL1, ~(_BIT6 | _BIT5 | _BIT4 | _BIT3 | _BIT2 | _BIT1 | _B
             -IT0), (_BIT6 | _BIT5));
 191   2      
 192   2                  break;
 193   2      
 194   2              case _LVDS_VCM_NORMAL:
 195   2      
 196   2                  ScalerSetBit(P15_01_LVDS_COMMON_AB_CTRL1, ~(_BIT6 | _BIT5 | _BIT4 | _BIT3 | _BIT2 | _BIT1 | _B
             -IT0), (_BIT6 | _BIT5 | _BIT3 | _BIT1));
 197   2                  ScalerSetBit(P55_01_LVDS_COMMON_AB_CTRL1, ~(_BIT6 | _BIT5 | _BIT4 | _BIT3 | _BIT2 | _BIT1 | _B
             -IT0), (_BIT6 | _BIT5 | _BIT3 | _BIT1));
 198   2      
 199   2                  break;
 200   2      
 201   2              case _LVDS_VCM_HIGH:
 202   2      
 203   2                  ScalerSetBit(P15_01_LVDS_COMMON_AB_CTRL1, ~(_BIT6 | _BIT5 | _BIT4 | _BIT3 | _BIT2 | _BIT1 | _B
             -IT0), (_BIT6 | _BIT5 | _BIT4 | _BIT3 | _BIT2 | _BIT1 | _BIT0));
 204   2                  ScalerSetBit(P55_01_LVDS_COMMON_AB_CTRL1, ~(_BIT6 | _BIT5 | _BIT4 | _BIT3 | _BIT2 | _BIT1 | _B
             -IT0), (_BIT6 | _BIT5 | _BIT4 | _BIT3 | _BIT2 | _BIT1 | _BIT0));
 205   2      
 206   2                  break;
 207   2      
 208   2              case _LVDS_VCM_USER:
 209   2      
 210   2                  ScalerSetBit(P15_01_LVDS_COMMON_AB_CTRL1, ~(_BIT6 | _BIT5 | _BIT4 | _BIT3 | _BIT2 | _BIT1 | _B
             -IT0), (_BIT6 | _BIT5 | (_LVDS_VCM_USER_LEVEL & 0x1F)));
 211   2                  ScalerSetBit(P55_01_LVDS_COMMON_AB_CTRL1, ~(_BIT6 | _BIT5 | _BIT4 | _BIT3 | _BIT2 | _BIT1 | _B
             -IT0), (_BIT6 | _BIT5 | (_LVDS_VCM_USER_LEVEL & 0x1F)));
 212   2      
 213   2                  break;
 214   2      
 215   2              default:
C51 COMPILER V9.60.0.0   RL6432_SERIES_DISPLAY                                             09/20/2026 19:44:06 PAGE 5   

 216   2      
 217   2                  break;
 218   2          }
 219   1      }
 220          
 221          //--------------------------------------------------
 222          // Description  : LVDS Pad Power Control --> LVDS, TTL, GPIO
 223          // Input Value  : _ON or _OFF
 224          // Output Value : None
 225          //--------------------------------------------------
 226          void ScalerDisplayLvdsPadPower(bit bOn)
 227          {
 228   1      #if(_LVDS_SETTING_CONTROL_BY_USER == _ENABLE)
                  // Weakly/ Strongly Pull Down Controlled By User
                  ScalerSetBit(P15_26_LVDS_PORTA_CTRL6, ~(_BIT7 | _BIT6), ((_LVDS_PORTA_WEAK_PULL_DOWN_USER_CTRL << 7) |
             - (_LVDS_PORTA_STRONG_PULL_DOWN_USER_CTRL << 6)));
                  ScalerSetBit(P15_36_LVDS_PORTB_CTRL6, ~(_BIT7 | _BIT6), ((_LVDS_PORTB_WEAK_PULL_DOWN_USER_CTRL << 7) |
             - (_LVDS_PORTB_STRONG_PULL_DOWN_USER_CTRL << 6)));
                  ScalerSetBit(P55_26_LVDS_PORTA_CTRL6, ~(_BIT7 | _BIT6), ((_LVDS_PORTC_WEAK_PULL_DOWN_USER_CTRL << 7) |
             - (_LVDS_PORTC_STRONG_PULL_DOWN_USER_CTRL << 6)));
                  ScalerSetBit(P55_36_LVDS_PORTB_CTRL6, ~(_BIT7 | _BIT6), ((_LVDS_PORTD_WEAK_PULL_DOWN_USER_CTRL << 7) |
             - (_LVDS_PORTD_STRONG_PULL_DOWN_USER_CTRL << 6)));
              #endif
 235   1      
 236   1          if(bOn == _ON)
 237   1          {
 238   2              // Set LVDS Configuration: Hiz
 239   2              ScalerDisplayLvdsPower(_OFF);
 240   2      
 241   2              // Power Up Port AB LVDS Block
 242   2              ScalerSetBit(P15_00_LVDS_COMMON_AB_CTRL0, ~(_BIT6 | _BIT5), (_BIT6 | _BIT5));
 243   2      
 244   2      #if((_LVDS_PORT_SEL == _LVDS_1_PORT_C) || (_LVDS_PORT_SEL == _LVDS_2_PORT_CD) || (_LVDS_PORT_SEL == _LVDS_
             -4_PORT_ABCD))
                      // Power Up Port C LVDS Block
                      ScalerSetBit(P55_00_LVDS_COMMON_AB_CTRL0, ~(_BIT5), (_BIT5));
              #endif
 248   2      
 249   2      #if((_LVDS_PORT_SEL == _LVDS_1_PORT_D) || (_LVDS_PORT_SEL == _LVDS_2_PORT_CD) || (_LVDS_PORT_SEL == _LVDS_
             -4_PORT_ABCD))
                      // Power Up Port D LVDS Block
                      ScalerSetBit(P55_00_LVDS_COMMON_AB_CTRL0, ~(_BIT6), (_BIT6));
              #endif
 253   2          }
 254   1          else
 255   1          {
 256   2              // Power Down Port ABCD LVDS Block
 257   2              ScalerSetBit(P15_00_LVDS_COMMON_AB_CTRL0, ~(_BIT6 | _BIT5), 0x00);
 258   2              ScalerSetBit(P55_00_LVDS_COMMON_AB_CTRL0, ~(_BIT6 | _BIT5), 0x00);
 259   2          }
 260   1      }
 261          
 262          //--------------------------------------------------
 263          // Description  : LVDS Power Control
 264          // Input Value  : _ON or _OFF
 265          // Output Value : None
 266          //--------------------------------------------------
 267          void ScalerDisplayLvdsPower(bit bOn)
 268          {
 269   1          bit bTxaPulDw = _DISABLE;
 270   1          bit bTxbPulDw = _DISABLE;
 271   1          bit bTxcPulDw = _DISABLE;
C51 COMPILER V9.60.0.0   RL6432_SERIES_DISPLAY                                             09/20/2026 19:44:06 PAGE 6   

 272   1          bit bTxdPulDw = _DISABLE;
 273   1      
 274   1          bTxaPulDw = (((_LVDS_PORT_SEL == _LVDS_1_PORT_A) || (_LVDS_PORT_SEL == _LVDS_2_PORT_AB) || (_LVDS_PORT
             -_SEL == _LVDS_4_PORT_ABCD)) ? _ENABLE : _DISABLE);
 275   1          bTxbPulDw = (((_LVDS_PORT_SEL == _LVDS_1_PORT_B) || (_LVDS_PORT_SEL == _LVDS_2_PORT_AB) || (_LVDS_PORT
             -_SEL == _LVDS_4_PORT_ABCD)) ? _ENABLE : _DISABLE);
 276   1          bTxcPulDw = (((_LVDS_PORT_SEL == _LVDS_1_PORT_C) || (_LVDS_PORT_SEL == _LVDS_2_PORT_CD) || (_LVDS_PORT
             -_SEL == _LVDS_4_PORT_ABCD)) ? _ENABLE : _DISABLE);
 277   1          bTxdPulDw = (((_LVDS_PORT_SEL == _LVDS_1_PORT_D) || (_LVDS_PORT_SEL == _LVDS_2_PORT_CD) || (_LVDS_PORT
             -_SEL == _LVDS_4_PORT_ABCD)) ? _ENABLE : _DISABLE);
 278   1      
 279   1      #if(_LVDS_SETTING_CONTROL_BY_USER == _DISABLE)
 280   1      #if(_LVDS_NO_VCM_LEVEL_BEFORE_DATA == _OFF)
 281   1          // Weakly/Strongly Pull Down Disabled
 282   1          ScalerSetBit(P15_36_LVDS_PORTB_CTRL6, ~(_BIT7 | _BIT6), 0x00);
 283   1          ScalerSetBit(P15_26_LVDS_PORTA_CTRL6, ~(_BIT7 | _BIT6), 0x00);
 284   1      #endif
 285   1      #endif
 286   1      
 287   1          if(bOn == _ON)
 288   1          {
 289   2      #if((_LVDS_PORT_SEL == _LVDS_1_PORT_A) || (_LVDS_PORT_SEL == _LVDS_1_PORT_B) || (_LVDS_PORT_SEL == _LVDS_2
             -_PORT_AB) || (_LVDS_PORT_SEL == _LVDS_4_PORT_ABCD))
 290   2              // Enable LVDS Port AB IBGEN Power
 291   2              ScalerSetBit(P15_00_LVDS_COMMON_AB_CTRL0, ~_BIT7, _BIT7);
 292   2      #endif
 293   2      
 294   2      #if((_LVDS_PORT_SEL == _LVDS_1_PORT_C) || (_LVDS_PORT_SEL == _LVDS_1_PORT_D) || (_LVDS_PORT_SEL == _LVDS_2
             -_PORT_CD) || (_LVDS_PORT_SEL == _LVDS_4_PORT_ABCD))
                      // Enable LVDS Port CD IBGEN Power
                      ScalerSetBit(P55_00_LVDS_COMMON_AB_CTRL0, ~_BIT7, _BIT7);
              #endif
 298   2      
 299   2      #if(_LVDS_NO_VCM_LEVEL_BEFORE_DATA == _OFF)
 300   2      #if((_LVDS_PORT_SEL == _LVDS_1_PORT_B) || (_LVDS_PORT_SEL == _LVDS_2_PORT_AB) || (_LVDS_PORT_SEL == _LVDS_
             -4_PORT_ABCD))
 301   2              // Set LVDS Port B Configuration: LVDS
 302   2              if(_PANEL_DISP_BIT_MODE == _PANEL_DISP_30_BIT)
 303   2              {
 304   3                  ScalerSetBit(P10_45_PIN_SHARE_CTRLA5, ~(_BIT2 | _BIT1 | _BIT0), _BIT2);
 305   3                  ScalerSetBit(P10_46_PIN_SHARE_CTRLA6, ~(_BIT2 | _BIT1 | _BIT0), _BIT2);
 306   3              }
 307   2      
 308   2              ScalerSetBit(P10_47_PIN_SHARE_CTRLA7, ~(_BIT2 | _BIT1 | _BIT0), _BIT2);
 309   2              ScalerSetBit(P10_48_PIN_SHARE_CTRLB0, ~(_BIT2 | _BIT1 | _BIT0), _BIT2);
 310   2              ScalerSetBit(P10_49_PIN_SHARE_CTRLB1, ~(_BIT2 | _BIT1 | _BIT0), _BIT2);
 311   2              ScalerSetBit(P10_4A_PIN_SHARE_CTRLB2, ~(_BIT2 | _BIT1 | _BIT0), _BIT2);
 312   2              ScalerSetBit(P10_4B_PIN_SHARE_CTRLB3, ~(_BIT2 | _BIT1 | _BIT0), _BIT2);
 313   2              ScalerSetBit(P10_4C_PIN_SHARE_CTRLB4, ~(_BIT2 | _BIT1 | _BIT0), _BIT2);
 314   2              ScalerSetBit(P10_4D_PIN_SHARE_CTRLB5, ~(_BIT2 | _BIT1 | _BIT0), _BIT2);
 315   2              ScalerSetBit(P10_4E_PIN_SHARE_CTRLB6, ~(_BIT2 | _BIT1 | _BIT0), _BIT2);
 316   2      #endif
 317   2      
 318   2      #if((_LVDS_PORT_SEL == _LVDS_1_PORT_A) || (_LVDS_PORT_SEL == _LVDS_2_PORT_AB) || (_LVDS_PORT_SEL == _LVDS_
             -4_PORT_ABCD))
 319   2              // Set LVDS Port A Configuration: LVDS
 320   2              if(_PANEL_DISP_BIT_MODE == _PANEL_DISP_30_BIT)
 321   2              {
 322   3                  ScalerSetBit(P10_4F_PIN_SHARE_CTRLB7, ~(_BIT2 | _BIT1 | _BIT0), _BIT2);
 323   3                  ScalerSetBit(P10_50_PIN_SHARE_CTRLC0, ~(_BIT2 | _BIT1 | _BIT0), _BIT2);
 324   3              }
 325   2      
C51 COMPILER V9.60.0.0   RL6432_SERIES_DISPLAY                                             09/20/2026 19:44:06 PAGE 7   

 326   2              ScalerSetBit(P10_51_PIN_SHARE_CTRLC1, ~(_BIT2 | _BIT1 | _BIT0), _BIT2);
 327   2              ScalerSetBit(P10_52_PIN_SHARE_CTRLC2, ~(_BIT2 | _BIT1 | _BIT0), _BIT2);
 328   2              ScalerSetBit(P10_53_PIN_SHARE_CTRLC3, ~(_BIT2 | _BIT1 | _BIT0), _BIT2);
 329   2              ScalerSetBit(P10_54_PIN_SHARE_CTRLC4, ~(_BIT2 | _BIT1 | _BIT0), _BIT2);
 330   2              ScalerSetBit(P10_55_PIN_SHARE_CTRLC5, ~(_BIT2 | _BIT1 | _BIT0), _BIT2);
 331   2              ScalerSetBit(P10_56_PIN_SHARE_CTRLC6, ~(_BIT2 | _BIT1 | _BIT0), _BIT2);
 332   2              ScalerSetBit(P10_57_PIN_SHARE_CTRLC7, ~(_BIT2 | _BIT1 | _BIT0), _BIT2);
 333   2              ScalerSetBit(P10_58_PIN_SHARE_CTRLD0, ~(_BIT2 | _BIT1 | _BIT0), _BIT2);
 334   2              ScalerSetBit(P10_59_PIN_SHARE_CTRLD1, ~(_BIT2 | _BIT1 | _BIT0), _BIT2);
 335   2              ScalerSetBit(P10_5A_PIN_SHARE_CTRLD2, ~(_BIT2 | _BIT1 | _BIT0), _BIT2);
 336   2      #endif
 337   2      #endif
 338   2      
 339   2      #if(_LVDS_SETTING_CONTROL_BY_USER == _DISABLE)
 340   2      #if(_LVDS_NO_VCM_LEVEL_BEFORE_DATA == _OFF)
 341   2              // Weakly/Strongly Pull Down Disabled
 342   2              ScalerSetBit(P55_36_LVDS_PORTB_CTRL6, ~(_BIT7 | _BIT6), 0x00);
 343   2              ScalerSetBit(P55_26_LVDS_PORTA_CTRL6, ~(_BIT7 | _BIT6), 0x00);
 344   2      #endif
 345   2      #endif
 346   2          }
 347   1          else
 348   1          {
 349   2      #if(_LVDS_SETTING_CONTROL_BY_USER == _DISABLE)
 350   2      #if(_LVDS_NO_VCM_LEVEL_BEFORE_DATA == _OFF)
 351   2              // Weakly/Strongly Pull Down Controlled By LVDS Port Select
 352   2              ScalerSetBit(P55_36_LVDS_PORTB_CTRL6, ~(_BIT7 | _BIT6), (bTxcPulDw == _ENABLE ? (_BIT7 | _BIT6) : 
             -0x00));
 353   2              ScalerSetBit(P55_26_LVDS_PORTA_CTRL6, ~(_BIT7 | _BIT6), (bTxdPulDw == _ENABLE ? (_BIT7 | _BIT6) : 
             -0x00));
 354   2      #endif
 355   2      #endif
 356   2              // Disable LVDS Port ABCD IBGEN Power
 357   2              ScalerSetBit(P15_00_LVDS_COMMON_AB_CTRL0, ~_BIT7, 0x00);
 358   2              ScalerSetBit(P55_00_LVDS_COMMON_AB_CTRL0, ~_BIT7, 0x00);
 359   2      
 360   2      #if(_LVDS_NO_VCM_LEVEL_BEFORE_DATA == _OFF)
 361   2      #if((_LVDS_PORT_SEL == _LVDS_1_PORT_B) || (_LVDS_PORT_SEL == _LVDS_2_PORT_AB) || (_LVDS_PORT_SEL == _LVDS_
             -4_PORT_ABCD))
 362   2      
 363   2              // For 24 bit Panel need use B port LVDS GPIO
 364   2              if(_PANEL_DISP_BIT_MODE == _PANEL_DISP_30_BIT)
 365   2              {
 366   3                  ScalerSetBit(P10_45_PIN_SHARE_CTRLA5, ~(_BIT2 | _BIT1 | _BIT0), _BIT1);
 367   3                  ScalerSetBit(P10_46_PIN_SHARE_CTRLA6, ~(_BIT2 | _BIT1 | _BIT0), _BIT1);
 368   3              }
 369   2              // Use Push Pull Replace Weakly/Strong Pull Down because need use LVDS GPIO
 370   2              ScalerSetBit(P10_47_PIN_SHARE_CTRLA7, ~(_BIT2 | _BIT1 | _BIT0), _BIT1);
 371   2              ScalerSetBit(P10_48_PIN_SHARE_CTRLB0, ~(_BIT2 | _BIT1 | _BIT0), _BIT1);
 372   2              ScalerSetBit(P10_49_PIN_SHARE_CTRLB1, ~(_BIT2 | _BIT1 | _BIT0), _BIT1);
 373   2              ScalerSetBit(P10_4A_PIN_SHARE_CTRLB2, ~(_BIT2 | _BIT1 | _BIT0), _BIT1);
 374   2              ScalerSetBit(P10_4B_PIN_SHARE_CTRLB3, ~(_BIT2 | _BIT1 | _BIT0), _BIT1);
 375   2              ScalerSetBit(P10_4C_PIN_SHARE_CTRLB4, ~(_BIT2 | _BIT1 | _BIT0), _BIT1);
 376   2              ScalerSetBit(P10_4D_PIN_SHARE_CTRLB5, ~(_BIT2 | _BIT1 | _BIT0), _BIT1);
 377   2              ScalerSetBit(P10_4E_PIN_SHARE_CTRLB6, ~(_BIT2 | _BIT1 | _BIT0), _BIT1);
 378   2      #endif
 379   2      
 380   2      #if((_LVDS_PORT_SEL == _LVDS_1_PORT_A) || (_LVDS_PORT_SEL == _LVDS_2_PORT_AB) || (_LVDS_PORT_SEL == _LVDS_
             -4_PORT_ABCD))
 381   2      
 382   2              // For 24 bit Panel need use A port LVDS GPIO
 383   2              if(_PANEL_DISP_BIT_MODE == _PANEL_DISP_30_BIT)
C51 COMPILER V9.60.0.0   RL6432_SERIES_DISPLAY                                             09/20/2026 19:44:06 PAGE 8   

 384   2              {
 385   3                  ScalerSetBit(P10_4F_PIN_SHARE_CTRLB7, ~(_BIT2 | _BIT1 | _BIT0), _BIT1);
 386   3                  ScalerSetBit(P10_50_PIN_SHARE_CTRLC0, ~(_BIT2 | _BIT1 | _BIT0), _BIT1);
 387   3              }
 388   2      
 389   2              // Use Push Pull Replace Weakly/Strong Pull Down because need use LVDS GPIO
 390   2              ScalerSetBit(P10_51_PIN_SHARE_CTRLC1, ~(_BIT2 | _BIT1 | _BIT0), _BIT1);
 391   2              ScalerSetBit(P10_52_PIN_SHARE_CTRLC2, ~(_BIT2 | _BIT1 | _BIT0), _BIT1);
 392   2              ScalerSetBit(P10_53_PIN_SHARE_CTRLC3, ~(_BIT2 | _BIT1 | _BIT0), _BIT1);
 393   2              ScalerSetBit(P10_54_PIN_SHARE_CTRLC4, ~(_BIT2 | _BIT1 | _BIT0), _BIT1);
 394   2              ScalerSetBit(P10_55_PIN_SHARE_CTRLC5, ~(_BIT2 | _BIT1 | _BIT0), _BIT1);
 395   2              ScalerSetBit(P10_56_PIN_SHARE_CTRLC6, ~(_BIT2 | _BIT1 | _BIT0), _BIT1);
 396   2              ScalerSetBit(P10_57_PIN_SHARE_CTRLC7, ~(_BIT2 | _BIT1 | _BIT0), _BIT1);
 397   2              ScalerSetBit(P10_58_PIN_SHARE_CTRLD0, ~(_BIT2 | _BIT1 | _BIT0), _BIT1);
 398   2              ScalerSetBit(P10_59_PIN_SHARE_CTRLD1, ~(_BIT2 | _BIT1 | _BIT0), _BIT1);
 399   2              ScalerSetBit(P10_5A_PIN_SHARE_CTRLD2, ~(_BIT2 | _BIT1 | _BIT0), _BIT1);
 400   2      #endif
 401   2      #endif
 402   2          }
 403   1      }
 404          
 405          //--------------------------------------------------
 406          // Description  : Set LVDS Power GPIO Initial
 407          // Input Value  : None
 408          // Output Value : None
 409          //--------------------------------------------------
 410          void ScalerDisplaySetLvdsGpioInitial(void)
 411          {
 412   1      #if((_LVDS_PORT_SEL == _LVDS_1_PORT_B) || (_LVDS_PORT_SEL == _LVDS_2_PORT_AB) || (_LVDS_PORT_SEL == _LVDS_
             -4_PORT_ABCD))
 413   1          // Port B
 414   1          MCU_FE33_PORTA3_PIN_REG = _LOW;
 415   1          MCU_FE34_PORTA4_PIN_REG = _LOW;
 416   1          MCU_FE35_PORTA5_PIN_REG = _LOW;
 417   1          MCU_FE36_PORTA6_PIN_REG = _LOW;
 418   1          MCU_FE37_PORTA7_PIN_REG = _LOW;
 419   1          MCU_FE38_PORTB0_PIN_REG = _LOW;
 420   1          MCU_FE39_PORTB1_PIN_REG = _LOW;
 421   1          MCU_FE3A_PORTB2_PIN_REG = _LOW;
 422   1      #endif
 423   1      #if((_LVDS_PORT_SEL == _LVDS_1_PORT_A) || (_LVDS_PORT_SEL == _LVDS_2_PORT_AB) || (_LVDS_PORT_SEL == _LVDS_
             -4_PORT_ABCD))
 424   1          // Port A
 425   1          MCU_FE3D_PORTB5_PIN_REG = _LOW;
 426   1          MCU_FE3E_PORTB6_PIN_REG = _LOW;
 427   1          MCU_FE3F_PORTB7_PIN_REG = _LOW;
 428   1          MCU_FE40_PORTC0_PIN_REG = _LOW;
 429   1          MCU_FE41_PORTC1_PIN_REG = _LOW;
 430   1          MCU_FE42_PORTC2_PIN_REG = _LOW;
 431   1          MCU_FE43_PORTC3_PIN_REG = _LOW;
 432   1          MCU_FE44_PORTC4_PIN_REG = _LOW;
 433   1          MCU_FE45_PORTC5_PIN_REG = _LOW;
 434   1          MCU_FE46_PORTC6_PIN_REG = _LOW;
 435   1      #endif
 436   1      }
 437          
 438          //--------------------------------------------------
 439          // Description  : Set Dual Port LVDS Clk Infomation: CLK set 80ohm as Termination On / CLK set current 2x 
             -as Termination Off
 440          // Input Value  : None
 441          // Output Value : None
 442          //--------------------------------------------------
C51 COMPILER V9.60.0.0   RL6432_SERIES_DISPLAY                                             09/20/2026 19:44:06 PAGE 9   

 443          void ScalerDisplayLvdsClkInfoSelect(void)
 444          {
 445   1          // Set LVDS Output Termination 50ohm Initially
 446   1          ScalerSetByte(P15_27_LVDS_PORTA_CTRL7, 0xFF);
 447   1          ScalerSetByte(P15_28_LVDS_PORTA_CTRL8, 0xFF);
 448   1          ScalerSetByte(P15_37_LVDS_PORTB_CTRL7, 0xFF);
 449   1          ScalerSetByte(P15_38_LVDS_PORTB_CTRL8, 0xFF);
 450   1          ScalerSetByte(P55_28_LVDS_PORTA_CTRL8, 0xFF);
 451   1          ScalerSetByte(P55_37_LVDS_PORTB_CTRL7, 0xFF);
 452   1          ScalerSetByte(P55_38_LVDS_PORTB_CTRL8, 0xFF);
 453   1      
 454   1          ScalerDisplayLvdsClkInfoInitial();
 455   1      
 456   1      #if(_LVDS_TERMINATION_CONTROL == _ENABLE)
 457   1      #if(_LVDS_PORT_SEL == _LVDS_1_PORT_C)
                  ScalerSetBit(P55_61_DPTX_Z0_TX_1, ~(_BIT1 | _BIT0), (_BIT1 | _BIT0));
                  ScalerSetByte(P55_63_DPTX_Z0_TX_3, 0x88);
              #elif(_LVDS_PORT_SEL == _LVDS_1_PORT_D)
                  ScalerSetBit(P55_61_DPTX_Z0_TX_1, ~(_BIT3 | _BIT2), (_BIT3 | _BIT2));
                  ScalerSetByte(P55_62_DPTX_Z0_TX_2, 0x88);
              #elif((_LVDS_PORT_SEL == _LVDS_2_PORT_CD) || (_LVDS_PORT_SEL == _LVDS_4_PORT_ABCD))
                  ScalerSetBit(P55_61_DPTX_Z0_TX_1, ~(_BIT3 | _BIT2 | _BIT1 | _BIT0), (_BIT3 | _BIT2 | _BIT1 | _BIT0));
                  ScalerSetByte(P55_62_DPTX_Z0_TX_2, 0x88);
                  ScalerSetByte(P55_63_DPTX_Z0_TX_3, 0x88);
              #endif // End of (_LVDS_PORT_SEL == _LVDS_1_PORT_C)
 468   1      #endif // End of #if(_LVDS_TERMINATION_CONTROL == _ENABLE)
 469   1      
 470   1          // LVDS CLK(1 push 2): CLK set 80ohm as Termination on, CLK set current 2x as Termination Off
 471   1      #if((_LVDS_PORT_SEL == _LVDS_2_PORT_AB) || (_LVDS_PORT_SEL == _LVDS_2_PORT_CD) || (_LVDS_PORT_SEL == _LVDS
             -_4_PORT_ABCD))
 472   1      
 473   1      #if(_LVDS_PORT_SEL != _LVDS_2_PORT_CD)
 474   1      #if(_LVDS_PAIR_MIRROR == _DISABLE)
 475   1      #if(_LVDS_CLK_CHANNEL_SEL == _NORMAL_MODE)
 476   1      
 477   1          // Set LVDS TXBC Output Termination 80ohm
 478   1          ScalerSetBit(P15_38_LVDS_PORTB_CTRL8, ~(_BIT5 | _BIT4), 0x00);
 479   1      
 480   1          // Set LVDS TXBC Current 2x
 481   1          ScalerSetBit(P15_30_LVDS_PORTB_CTRL0, ~_BIT3, _BIT3);
 482   1      
 483   1      #elif(_LVDS_CLK_CHANNEL_SEL == _MODE_1)
              
                  // Set LVDS TXB1 Output Termination 80ohm
                  ScalerSetBit(P15_37_LVDS_PORTB_CTRL7, ~(_BIT1 | _BIT0), 0x00);
              
                  // Set LVDS TXB1 Current 2x
                  ScalerSetBit(P15_30_LVDS_PORTB_CTRL0, ~_BIT1, _BIT1);
              
              #elif(_LVDS_CLK_CHANNEL_SEL == _MODE_2)
              
                  // Set LVDS TXB2 Output Termination 80ohm
                  ScalerSetBit(P15_38_LVDS_PORTB_CTRL8, ~(_BIT7 | _BIT6), 0x00);
              
                  // Set LVDS TXB2 Current 2x
                  ScalerSetBit(P15_30_LVDS_PORTB_CTRL0, ~_BIT2, _BIT2);
              
              #elif(_LVDS_CLK_CHANNEL_SEL == _MODE_3)
              
                  if(_PANEL_DISP_BIT_MODE == _PANEL_DISP_30_BIT)
                  {
                      // Set LVDS TXB3 Output Termination 80ohm
C51 COMPILER V9.60.0.0   RL6432_SERIES_DISPLAY                                             09/20/2026 19:44:06 PAGE 10  

                      ScalerSetBit(P15_38_LVDS_PORTB_CTRL8, ~(_BIT3 | _BIT2), 0x00);
              
                      // Set LVDS TXB3 Current 2x
                      ScalerSetBit(P15_30_LVDS_PORTB_CTRL0, ~_BIT4, _BIT4);
                  }
                  else
                  {
                      // Set LVDS TXBC Output Termination 80ohm
                      ScalerSetBit(P15_38_LVDS_PORTB_CTRL8, ~(_BIT5 | _BIT4), 0x00);
              
                      // Set LVDS TXBC Current 2x
                      ScalerSetBit(P15_30_LVDS_PORTB_CTRL0, ~_BIT3, _BIT3);
                  }
              
              #endif // End of #if(_LVDS_CLK_CHANNEL_SEL == _NORMAL_MODE)
 519   1      
 520   1      #else // Else of #if(_LVDS_PAIR_MIRROR == _DISABLE)
              #if(_LVDS_CLK_CHANNEL_SEL == _NORMAL_MODE)
              
                  if(_PANEL_DISP_BIT_MODE == _PANEL_DISP_30_BIT)
                  {
                      // Set LVDS TXB2 Output Termination 80ohm
                      ScalerSetBit(P15_38_LVDS_PORTB_CTRL8, ~(_BIT7 | _BIT6), 0x00);
              
                      // Set LVDS TXB2 Current 2x
                      ScalerSetBit(P15_30_LVDS_PORTB_CTRL0, ~_BIT2, _BIT2);
                  }
                  else
                  {
                      // Set LVDS TXB1 Output Termination 80ohm
                      ScalerSetBit(P15_37_LVDS_PORTB_CTRL7, ~(_BIT1 | _BIT0), 0x00);
              
                      // Set LVDS TXB1 Current 2x
                      ScalerSetBit(P15_30_LVDS_PORTB_CTRL0, ~_BIT1, _BIT1);
                  }
              
              #elif(_LVDS_CLK_CHANNEL_SEL == _MODE_1)
              
                  if(_PANEL_DISP_BIT_MODE == _PANEL_DISP_30_BIT)
                  {
                      // Set LVDS TXB3 Output Termination 80ohm
                      ScalerSetBit(P15_38_LVDS_PORTB_CTRL8, ~(_BIT3 | _BIT2), 0x00);
              
                      // Set LVDS TXB3 Current 2x
                      ScalerSetBit(P15_30_LVDS_PORTB_CTRL0, ~_BIT4, _BIT4);
                  }
                  else
                  {
                      // Set LVDS TXBC Output Termination 80ohm
                      ScalerSetBit(P15_38_LVDS_PORTB_CTRL8, ~(_BIT5 | _BIT4), 0x00);
              
                      // Set LVDS TXBC Current 2x
                      ScalerSetBit(P15_30_LVDS_PORTB_CTRL0, ~_BIT3, _BIT3);
                  }
              
              #elif(_LVDS_CLK_CHANNEL_SEL == _MODE_2)
              
                  if(_PANEL_DISP_BIT_MODE == _PANEL_DISP_30_BIT)
                  {
                      // Set LVDS TXBC Output Termination 80ohm
                      ScalerSetBit(P15_38_LVDS_PORTB_CTRL8, ~(_BIT5 | _BIT4), 0x00);
              
C51 COMPILER V9.60.0.0   RL6432_SERIES_DISPLAY                                             09/20/2026 19:44:06 PAGE 11  

                      // Set LVDS TXBC Current 2x
                      ScalerSetBit(P15_30_LVDS_PORTB_CTRL0, ~_BIT3, _BIT3);
                  }
                  else
                  {
                      // Set LVDS TXB2 Output Termination 80ohm
                      ScalerSetBit(P15_38_LVDS_PORTB_CTRL8, ~(_BIT7 | _BIT6), 0x00);
              
                      // Set LVDS TXB2 Current 2x
                      ScalerSetBit(P15_30_LVDS_PORTB_CTRL0, ~_BIT2, _BIT2);
                  }
              
              #elif(_LVDS_CLK_CHANNEL_SEL == _MODE_3)
              
                  if(_PANEL_DISP_BIT_MODE == _PANEL_DISP_30_BIT)
                  {
                      // Set LVDS TXB1 Output Termination 80ohm
                      ScalerSetBit(P15_37_LVDS_PORTB_CTRL7, ~(_BIT1 | _BIT0), 0x00);
              
                      // Set LVDS TXB1 Current 2x
                      ScalerSetBit(P15_30_LVDS_PORTB_CTRL0, ~_BIT1, _BIT1);
                  }
                  else
                  {
                      // Set LVDS TXB1 Output Termination 80ohm
                      ScalerSetBit(P15_37_LVDS_PORTB_CTRL7, ~(_BIT1 | _BIT0), 0x00);
              
                      // Set LVDS TXB1 Current 2x
                      ScalerSetBit(P15_30_LVDS_PORTB_CTRL0, ~_BIT1, _BIT1);
                  }
              
              #endif // End of #if(_LVDS_CLK_CHANNEL_SEL == _NORMAL_MODE)
              #endif // End of #if(_LVDS_PAIR_MIRROR == _DISABLE)
 599   1      
 600   1      #if(_LVDS_TERMINATION_CONTROL == _ENABLE)
 601   1      
 602   1          // Disable LVDS TXB Current 2x
 603   1          ScalerSetByte(P15_30_LVDS_PORTB_CTRL0, 0x00);
 604   1      
 605   1      #endif // End of #if(_LVDS_TERMINATION_CONTROL == _DISABLE)
 606   1      #endif // End of #if(_LVDS_PORT_SEL != _LVDS_2_PORT_CD)
 607   1      
 608   1      #if(_LVDS_PORT_SEL != _LVDS_2_PORT_AB)
              #if(_LVDS_PAIR_MIRROR == _DISABLE)
              #if(_LVDS_CLK_CHANNEL_SEL == _NORMAL_MODE)
              
                  // Set LVDS TXBC Output Termination 80ohm
                  ScalerSetBit(P55_38_LVDS_PORTB_CTRL8, ~(_BIT5 | _BIT4), 0x00);
              
                  // Set LVDS TXBC Current 2x
                  ScalerSetBit(P55_30_LVDS_PORTB_CTRL0, ~_BIT3, _BIT3);
              
              #elif(_LVDS_CLK_CHANNEL_SEL == _MODE_1)
              
                  // Set LVDS TXB1 Output Termination 80ohm
                  ScalerSetBit(P55_37_LVDS_PORTB_CTRL7, ~(_BIT1 | _BIT0), 0x00);
              
                  // Set LVDS TXB1 Current 2x
                  ScalerSetBit(P55_30_LVDS_PORTB_CTRL0, ~_BIT1, _BIT1);
              
              #elif(_LVDS_CLK_CHANNEL_SEL == _MODE_2)
              
C51 COMPILER V9.60.0.0   RL6432_SERIES_DISPLAY                                             09/20/2026 19:44:06 PAGE 12  

                  // Set LVDS TXB2 Output Termination 80ohm
                  ScalerSetBit(P55_38_LVDS_PORTB_CTRL8, ~(_BIT7 | _BIT6), 0x00);
              
                  // Set LVDS TXB2 Current 2x
                  ScalerSetBit(P55_30_LVDS_PORTB_CTRL0, ~_BIT2, _BIT2);
              
              #elif(_LVDS_CLK_CHANNEL_SEL == _MODE_3)
              
                  if(_PANEL_DISP_BIT_MODE == _PANEL_DISP_30_BIT)
                  {
                      // Set LVDS TXB3 Output Termination 80ohm
                      ScalerSetBit(P55_61_DPTX_Z0_TX_1, ~_BIT1, 0x00);
                      ScalerSetBit(P55_63_DPTX_Z0_TX_3, ~(_BIT7 | _BIT6 | _BIT5 | _BIT4), (_BIT6 | _BIT5));
              
                      // Set LVDS TXB3 Current 2x
                      ScalerSetBit(P55_30_LVDS_PORTB_CTRL0, ~_BIT4, _BIT4);
                  }
                  else
                  {
                      // Set LVDS TXBC Output Termination 80ohm
                      ScalerSetBit(P55_38_LVDS_PORTB_CTRL8, ~(_BIT5 | _BIT4), 0x00);
              
                      // Set LVDS TXBC Current 2x
                      ScalerSetBit(P55_30_LVDS_PORTB_CTRL0, ~_BIT3, _BIT3);
                  }
              
              #endif // End of #if(_LVDS_CLK_CHANNEL_SEL == _NORMAL_MODE)
              
              #else // Else of #if(_LVDS_PAIR_MIRROR == _DISABLE)
              #if(_LVDS_CLK_CHANNEL_SEL == _NORMAL_MODE)
              
                  if(_PANEL_DISP_BIT_MODE == _PANEL_DISP_30_BIT)
                  {
                      // Set LVDS TXB2 Output Termination 80ohm
                      ScalerSetBit(P55_38_LVDS_PORTB_CTRL8, ~(_BIT7 | _BIT6), 0x00);
              
                      // Set LVDS TXB2 Current 2x
                      ScalerSetBit(P55_30_LVDS_PORTB_CTRL0, ~_BIT2, _BIT2);
                  }
                  else
                  {
                      // Set LVDS TXB1 Output Termination 80ohm
                      ScalerSetBit(P55_37_LVDS_PORTB_CTRL7, ~(_BIT1 | _BIT0), 0x00);
              
                      // Set LVDS TXB1 Current 2x
                      ScalerSetBit(P55_30_LVDS_PORTB_CTRL0, ~_BIT1, _BIT1);
                  }
              
              #elif(_LVDS_CLK_CHANNEL_SEL == _MODE_1)
              
                  if(_PANEL_DISP_BIT_MODE == _PANEL_DISP_30_BIT)
                  {
                      // Set LVDS TXB3 Output Termination 80ohm
                      ScalerSetBit(P55_61_DPTX_Z0_TX_1, ~_BIT1, 0x00);
                      ScalerSetBit(P55_63_DPTX_Z0_TX_3, ~(_BIT7 | _BIT6 | _BIT5 | _BIT4), (_BIT6 | _BIT5));
              
                      // Set LVDS TXB3 Current 2x
                      ScalerSetBit(P55_30_LVDS_PORTB_CTRL0, ~_BIT4, _BIT4);
                  }
                  else
                  {
                      // Set LVDS TXBC Output Termination 80ohm
C51 COMPILER V9.60.0.0   RL6432_SERIES_DISPLAY                                             09/20/2026 19:44:06 PAGE 13  

                      ScalerSetBit(P55_38_LVDS_PORTB_CTRL8, ~(_BIT5 | _BIT4), 0x00);
              
                      // Set LVDS TXBC Current 2x
                      ScalerSetBit(P55_30_LVDS_PORTB_CTRL0, ~_BIT3, _BIT3);
                  }
              
              #elif(_LVDS_CLK_CHANNEL_SEL == _MODE_2)
              
                  if(_PANEL_DISP_BIT_MODE == _PANEL_DISP_30_BIT)
                  {
                      // Set LVDS TXBC Output Termination 80ohm
                      ScalerSetBit(P55_38_LVDS_PORTB_CTRL8, ~(_BIT5 | _BIT4), 0x00);
              
                      // Set LVDS TXBC Current 2x
                      ScalerSetBit(P55_30_LVDS_PORTB_CTRL0, ~_BIT3, _BIT3);
                  }
                  else
                  {
                      // Set LVDS TXB2 Output Termination 80ohm
                      ScalerSetBit(P55_38_LVDS_PORTB_CTRL8, ~(_BIT7 | _BIT6), 0x00);
              
                      // Set LVDS TXB2 Current 2x
                      ScalerSetBit(P55_30_LVDS_PORTB_CTRL0, ~_BIT2, _BIT2);
                  }
              
              #elif(_LVDS_CLK_CHANNEL_SEL == _MODE_3)
              
                  if(_PANEL_DISP_BIT_MODE == _PANEL_DISP_30_BIT)
                  {
                      // Set LVDS TXB1 Output Termination 80ohm
                      ScalerSetBit(P55_37_LVDS_PORTB_CTRL7, ~(_BIT1 | _BIT0), 0x00);
              
                      // Set LVDS TXB1 Current 2x
                      ScalerSetBit(P55_30_LVDS_PORTB_CTRL0, ~_BIT1, _BIT1);
                  }
                  else
                  {
                      // Set LVDS TXB1 Output Termination 80ohm
                      ScalerSetBit(P55_37_LVDS_PORTB_CTRL7, ~(_BIT1 | _BIT0), 0x00);
              
                      // Set LVDS TXB1 Current 2x
                      ScalerSetBit(P55_30_LVDS_PORTB_CTRL0, ~_BIT1, _BIT1);
                  }
              
              #endif // End of #if(_LVDS_CLK_CHANNEL_SEL == _NORMAL_MODE)
              #endif // End of #if(_LVDS_PAIR_MIRROR == _DISABLE)
              
              #if(_LVDS_TERMINATION_CONTROL == _ENABLE)
              
                  // Disable LVDS TXB Current 2x
                  ScalerSetByte(P55_30_LVDS_PORTB_CTRL0, 0x00);
              
              #endif // End of #if(_LVDS_TERMINATION_CONTROL == _DISABLE)
              #endif // End of #if(_LVDS_PORT_SEL != _LVDS_2_PORT_AB)
 744   1      
 745   1      #endif // End of #if((_LVDS_PORT_SEL == _LVDS_2_PORT_AB) || (_LVDS_PORT_SEL == _LVDS_2_PORT_CD) || (_LVDS_
             -PORT_SEL == _LVDS_4_PORT_ABCD))
 746   1      
 747   1      #if(_LVDS_SETTING_CONTROL_BY_USER == _ENABLE)
              
                  // Set LVDS TXA Current 2x
                  ScalerSetBit(P15_20_LVDS_PORTA_CTRL0, ~_BIT5, (_LVDS_PORTA_DATA4_DRIV_2X_USER_CTRL) << 5);
C51 COMPILER V9.60.0.0   RL6432_SERIES_DISPLAY                                             09/20/2026 19:44:06 PAGE 14  

                  ScalerSetBit(P15_20_LVDS_PORTA_CTRL0, ~_BIT4, (_LVDS_PORTA_DATA3_DRIV_2X_USER_CTRL) << 4);
                  ScalerSetBit(P15_20_LVDS_PORTA_CTRL0, ~_BIT2, (_LVDS_PORTA_DATA2_DRIV_2X_USER_CTRL) << 2);
                  ScalerSetBit(P15_20_LVDS_PORTA_CTRL0, ~_BIT1, (_LVDS_PORTA_DATA1_DRIV_2X_USER_CTRL) << 1);
                  ScalerSetBit(P15_20_LVDS_PORTA_CTRL0, ~_BIT0, (_LVDS_PORTA_DATA0_DRIV_2X_USER_CTRL) << 0);
              
                  // Set LVDS TXB Current 2x
                  ScalerSetBit(P15_30_LVDS_PORTB_CTRL0, ~_BIT5, (_LVDS_PORTB_DATA4_DRIV_2X_USER_CTRL) << 5);
                  ScalerSetBit(P15_30_LVDS_PORTB_CTRL0, ~_BIT4, (_LVDS_PORTB_DATA3_DRIV_2X_USER_CTRL) << 4);
                  ScalerSetBit(P15_30_LVDS_PORTB_CTRL0, ~_BIT3, (_LVDS_PORTB_CLK_DRIV_2X_USER_CTRL) << 3);
                  ScalerSetBit(P15_30_LVDS_PORTB_CTRL0, ~_BIT2, (_LVDS_PORTB_DATA2_DRIV_2X_USER_CTRL) << 2);
                  ScalerSetBit(P15_30_LVDS_PORTB_CTRL0, ~_BIT1, (_LVDS_PORTB_DATA1_DRIV_2X_USER_CTRL) << 1);
                  ScalerSetBit(P15_30_LVDS_PORTB_CTRL0, ~_BIT0, (_LVDS_PORTB_DATA0_DRIV_2X_USER_CTRL) << 0);
              
                  // Set LVDS TXC Current 2x
                  ScalerSetBit(P55_20_LVDS_PORTA_CTRL0, ~_BIT5, (_LVDS_PORTC_DATA4_DRIV_2X_USER_CTRL) << 5);
                  ScalerSetBit(P55_20_LVDS_PORTA_CTRL0, ~_BIT4, (_LVDS_PORTC_DATA3_DRIV_2X_USER_CTRL) << 4);
                  ScalerSetBit(P55_20_LVDS_PORTA_CTRL0, ~_BIT2, (_LVDS_PORTC_DATA2_DRIV_2X_USER_CTRL) << 2);
                  ScalerSetBit(P55_20_LVDS_PORTA_CTRL0, ~_BIT1, (_LVDS_PORTC_DATA1_DRIV_2X_USER_CTRL) << 1);
                  ScalerSetBit(P55_20_LVDS_PORTA_CTRL0, ~_BIT0, (_LVDS_PORTC_DATA0_DRIV_2X_USER_CTRL) << 0);
              
                  // Set LVDS TXD Current 2x
                  ScalerSetBit(P55_30_LVDS_PORTB_CTRL0, ~_BIT5, (_LVDS_PORTD_DATA4_DRIV_2X_USER_CTRL) << 5);
                  ScalerSetBit(P55_30_LVDS_PORTB_CTRL0, ~_BIT4, (_LVDS_PORTD_DATA3_DRIV_2X_USER_CTRL) << 4);
                  ScalerSetBit(P55_30_LVDS_PORTB_CTRL0, ~_BIT3, (_LVDS_PORTD_CLK_DRIV_2X_USER_CTRL) << 3);
                  ScalerSetBit(P55_30_LVDS_PORTB_CTRL0, ~_BIT2, (_LVDS_PORTD_DATA2_DRIV_2X_USER_CTRL) << 2);
                  ScalerSetBit(P55_30_LVDS_PORTB_CTRL0, ~_BIT1, (_LVDS_PORTD_DATA1_DRIV_2X_USER_CTRL) << 1);
                  ScalerSetBit(P55_30_LVDS_PORTB_CTRL0, ~_BIT0, (_LVDS_PORTD_DATA0_DRIV_2X_USER_CTRL) << 0);
              
                  // Set LVDS TXA Output Termination
                  ScalerSetBit(P15_27_LVDS_PORTA_CTRL7, ~(_BIT3 | _BIT2), (_LVDS_PORTA_DATA0_TERM_USER_ADJUST & 0x03) <<
             - 2);
                  ScalerSetBit(P15_27_LVDS_PORTA_CTRL7, ~(_BIT1 | _BIT0), (_LVDS_PORTA_DATA1_TERM_USER_ADJUST & 0x03) <<
             - 0);
              
                  ScalerSetBit(P15_28_LVDS_PORTA_CTRL8, ~(_BIT7 | _BIT6), (_LVDS_PORTA_DATA2_TERM_USER_ADJUST & 0x03) <<
             - 6);
                  ScalerSetBit(P15_28_LVDS_PORTA_CTRL8, ~(_BIT3 | _BIT2), (_LVDS_PORTA_DATA3_TERM_USER_ADJUST & 0x03) <<
             - 2);
                  ScalerSetBit(P15_28_LVDS_PORTA_CTRL8, ~(_BIT1 | _BIT0), (_LVDS_PORTA_DATA4_TERM_USER_ADJUST & 0x03) <<
             - 0);
              
                  // Set LVDS TXB Output Termination
                  ScalerSetBit(P15_37_LVDS_PORTB_CTRL7, ~(_BIT3 | _BIT2), (_LVDS_PORTB_DATA0_TERM_USER_ADJUST & 0x03) <<
             - 2);
                  ScalerSetBit(P15_37_LVDS_PORTB_CTRL7, ~(_BIT1 | _BIT0), (_LVDS_PORTB_DATA1_TERM_USER_ADJUST & 0x03) <<
             - 0);
                  ScalerSetBit(P15_38_LVDS_PORTB_CTRL8, ~(_BIT7 | _BIT6), (_LVDS_PORTB_DATA2_TERM_USER_ADJUST & 0x03) <<
             - 6);
                  ScalerSetBit(P15_38_LVDS_PORTB_CTRL8, ~(_BIT5 | _BIT4), (_LVDS_PORTB_CLK_TERM_USER_ADJUST & 0x03) << 4
             -);
                  ScalerSetBit(P15_38_LVDS_PORTB_CTRL8, ~(_BIT3 | _BIT2), (_LVDS_PORTB_DATA3_TERM_USER_ADJUST & 0x03) <<
             - 2);
                  ScalerSetBit(P15_38_LVDS_PORTB_CTRL8, ~(_BIT1 | _BIT0), (_LVDS_PORTB_DATA4_TERM_USER_ADJUST & 0x03) <<
             - 0);
              
                  // Set LVDS TXC0 Output Termination
                  if(_LVDS_PORTC_DATA0_TERM_USER_ADJUST == 0x00)
                  {// 80: 00110 (0)
                      ScalerSetBit(P55_61_DPTX_Z0_TX_1, ~_BIT3, 0x00);
                      ScalerSetBit(P55_62_DPTX_Z0_TX_2, ~(_BIT7 | _BIT6 | _BIT5 | _BIT4), (_BIT6 | _BIT5));
                  }
                  else if(_LVDS_PORTC_DATA0_TERM_USER_ADJUST == 0x01)
C51 COMPILER V9.60.0.0   RL6432_SERIES_DISPLAY                                             09/20/2026 19:44:06 PAGE 15  

                  {// 70: 01010 (1)
                      ScalerSetBit(P55_61_DPTX_Z0_TX_1, ~_BIT3, 0x00);
                      ScalerSetBit(P55_62_DPTX_Z0_TX_2, ~(_BIT7 | _BIT6 | _BIT5 | _BIT4), (_BIT7 | _BIT5));
                  }
                  else if(_LVDS_PORTC_DATA0_TERM_USER_ADJUST == 0x02)
                  {// 60: 10000 (2)
                      ScalerSetBit(P55_61_DPTX_Z0_TX_1, ~_BIT3, _BIT3);
                      ScalerSetBit(P55_62_DPTX_Z0_TX_2, ~(_BIT7 | _BIT6 | _BIT5 | _BIT4), 0x00);
                  }
                  else
                  {// 50: 11000 (3)
                      ScalerSetBit(P55_61_DPTX_Z0_TX_1, ~_BIT3, _BIT3);
                      ScalerSetBit(P55_62_DPTX_Z0_TX_2, ~(_BIT7 | _BIT6 | _BIT5 | _BIT4), (_BIT7));
                  }
              
                  // Set LVDS TXC1 Output Termination
                  if(_LVDS_PORTC_DATA1_TERM_USER_ADJUST == 0x00)
                  {// 80: 00110 (0)
                      ScalerSetBit(P55_61_DPTX_Z0_TX_1, ~_BIT2, 0x00);
                      ScalerSetBit(P55_62_DPTX_Z0_TX_2, ~(_BIT3 | _BIT2 | _BIT1 | _BIT0), (_BIT2 | _BIT1));
                  }
                  else if(_LVDS_PORTC_DATA1_TERM_USER_ADJUST == 0x01)
                  {// 70: 01010 (1)
                      ScalerSetBit(P55_61_DPTX_Z0_TX_1, ~_BIT2, 0x00);
                      ScalerSetBit(P55_62_DPTX_Z0_TX_2, ~(_BIT3 | _BIT2 | _BIT1 | _BIT0), (_BIT3 | _BIT1));
                  }
                  else if(_LVDS_PORTC_DATA1_TERM_USER_ADJUST == 0x02)
                  {// 60: 10000 (2)
                      ScalerSetBit(P55_61_DPTX_Z0_TX_1, ~_BIT2, _BIT2);
                      ScalerSetBit(P55_62_DPTX_Z0_TX_2, ~(_BIT3 | _BIT2 | _BIT1 | _BIT0), 0x00);
                  }
                  else
                  {// 50: 11000 (3)
                      ScalerSetBit(P55_61_DPTX_Z0_TX_1, ~_BIT2, _BIT2);
                      ScalerSetBit(P55_62_DPTX_Z0_TX_2, ~(_BIT3 | _BIT2 | _BIT1 | _BIT0), (_BIT3));
                  }
              
                  // Set LVDS TXC2~TXC4 Output Termination
                  ScalerSetBit(P55_28_LVDS_PORTA_CTRL8, ~(_BIT7 | _BIT6), (_LVDS_PORTC_DATA2_TERM_USER_ADJUST & 0x03) <<
             - 6);
                  ScalerSetBit(P55_28_LVDS_PORTA_CTRL8, ~(_BIT3 | _BIT2), (_LVDS_PORTC_DATA3_TERM_USER_ADJUST & 0x03) <<
             - 2);
                  ScalerSetBit(P55_28_LVDS_PORTA_CTRL8, ~(_BIT1 | _BIT0), (_LVDS_PORTC_DATA4_TERM_USER_ADJUST & 0x03) <<
             - 0);
              
                  // Set LVDS TXD0~TXD2/TXDCLK Output Termination
                  ScalerSetBit(P55_37_LVDS_PORTB_CTRL7, ~(_BIT3 | _BIT2), (_LVDS_PORTD_DATA0_TERM_USER_ADJUST & 0x03) <<
             - 2);
                  ScalerSetBit(P55_37_LVDS_PORTB_CTRL7, ~(_BIT1 | _BIT0), (_LVDS_PORTD_DATA1_TERM_USER_ADJUST & 0x03) <<
             - 0);
                  ScalerSetBit(P55_38_LVDS_PORTB_CTRL8, ~(_BIT7 | _BIT6), (_LVDS_PORTD_DATA2_TERM_USER_ADJUST & 0x03) <<
             - 6);
                  ScalerSetBit(P55_38_LVDS_PORTB_CTRL8, ~(_BIT5 | _BIT4), (_LVDS_PORTD_CLK_TERM_USER_ADJUST & 0x03) << 4
             -);
              
                  // Set LVDS TXD3 Output Termination
                  if(_LVDS_PORTD_DATA3_TERM_USER_ADJUST == 0x00)
                  {// 80: 00110 (0)
                      ScalerSetBit(P55_61_DPTX_Z0_TX_1, ~_BIT1, 0x00);
                      ScalerSetBit(P55_63_DPTX_Z0_TX_3, ~(_BIT7 | _BIT6 | _BIT5 | _BIT4), (_BIT6 | _BIT5));
                  }
                  else if(_LVDS_PORTD_DATA3_TERM_USER_ADJUST == 0x01)
C51 COMPILER V9.60.0.0   RL6432_SERIES_DISPLAY                                             09/20/2026 19:44:06 PAGE 16  

                  {// 70: 01010 (1)
                      ScalerSetBit(P55_61_DPTX_Z0_TX_1, ~_BIT1, 0x00);
                      ScalerSetBit(P55_63_DPTX_Z0_TX_3, ~(_BIT7 | _BIT6 | _BIT5 | _BIT4), (_BIT7 | _BIT5));
                  }
                  else if(_LVDS_PORTD_DATA3_TERM_USER_ADJUST == 0x02)
                  {// 60: 10000 (2)
                      ScalerSetBit(P55_61_DPTX_Z0_TX_1, ~_BIT1, _BIT1);
                      ScalerSetBit(P55_63_DPTX_Z0_TX_3, ~(_BIT7 | _BIT6 | _BIT5 | _BIT4), 0x00);
                  }
                  else
                  {// 50: 11000 (3)
                      ScalerSetBit(P55_61_DPTX_Z0_TX_1, ~_BIT1, _BIT1);
                      ScalerSetBit(P55_63_DPTX_Z0_TX_3, ~(_BIT7 | _BIT6 | _BIT5 | _BIT4), (_BIT7));
                  }
              
                  // Set LVDS TXD4 Output Termination
                  if(_LVDS_PORTD_DATA4_TERM_USER_ADJUST == 0x00)
                  {// 80: 00110 (0)
                      ScalerSetBit(P55_61_DPTX_Z0_TX_1, ~_BIT0, 0x00);
                      ScalerSetBit(P55_63_DPTX_Z0_TX_3, ~(_BIT3 | _BIT2 | _BIT1 | _BIT0), (_BIT2 | _BIT1));
                  }
                  else if(_LVDS_PORTD_DATA4_TERM_USER_ADJUST == 0x01)
                  {// 70: 01010 (1)
                      ScalerSetBit(P55_61_DPTX_Z0_TX_1, ~_BIT0, 0x00);
                      ScalerSetBit(P55_63_DPTX_Z0_TX_3, ~(_BIT3 | _BIT2 | _BIT1 | _BIT0), (_BIT3 | _BIT1));
                  }
                  else if(_LVDS_PORTD_DATA4_TERM_USER_ADJUST == 0x02)
                  {// 60: 10000 (2)
                      ScalerSetBit(P55_61_DPTX_Z0_TX_1, ~_BIT0, _BIT0);
                      ScalerSetBit(P55_63_DPTX_Z0_TX_3, ~(_BIT3 | _BIT2 | _BIT1 | _BIT0), 0x00);
                  }
                  else
                  {// 50: 11000 (3)
                      ScalerSetBit(P55_61_DPTX_Z0_TX_1, ~_BIT0, _BIT0);
                      ScalerSetBit(P55_63_DPTX_Z0_TX_3, ~(_BIT3 | _BIT2 | _BIT1 | _BIT0), (_BIT3));
                  }
              #endif
 894   1      }
 895          
 896          //--------------------------------------------------
 897          // Description  : Set LVDS driving control
 898          // Input Value  : Driving current for Data and Clock pair
 899          // Output Value : None
 900          //--------------------------------------------------
 901          void ScalerDisplayLvdsDrivingControl(BYTE ucDriv)
 902          {
 903   1      #if(_LVDS_TERMINATION_CONTROL == _ENABLE)
 904   1      
 905   1      #if(_LVDS_PRE_EMPHASIS_CONTROL == _LVDS_PRE_EMPHASIS_0)
 906   1      
 907   1          // Set LVDS Pre-emphasis
 908   1          ScalerSetBit(P15_29_LVDS_PORTA_CTRL9, ~(_BIT3 | _BIT2 | _BIT1 | _BIT0), 0x00);
 909   1          ScalerSetBit(P15_2A_LVDS_PORTA_CTRL10, ~(_BIT7 | _BIT6 | _BIT5 | _BIT4 | _BIT3 | _BIT2 | _BIT1 | _BIT0
             -), 0x00);
 910   1          ScalerSetBit(P15_39_LVDS_PORTB_CTRL9, ~(_BIT3 | _BIT2 | _BIT1 | _BIT0), 0x00);
 911   1          ScalerSetBit(P15_3A_LVDS_PORTB_CTRL10, ~(_BIT7 | _BIT6 | _BIT5 | _BIT4 | _BIT3 | _BIT2 | _BIT1 | _BIT0
             -), 0x00);
 912   1      
 913   1          ScalerSetBit(P55_29_LVDS_PORTA_CTRL9, ~(_BIT3 | _BIT2 | _BIT1 | _BIT0), 0x00);
 914   1          ScalerSetBit(P55_2A_LVDS_PORTA_CTRL10, ~(_BIT7 | _BIT6 | _BIT5 | _BIT4 | _BIT3 | _BIT2 | _BIT1 | _BIT0
             -), 0x00);
 915   1          ScalerSetBit(P55_3A_LVDS_PORTB_CTRL10, ~(_BIT7 | _BIT6 | _BIT5 | _BIT4 | _BIT3 | _BIT2 | _BIT1 | _BIT0
C51 COMPILER V9.60.0.0   RL6432_SERIES_DISPLAY                                             09/20/2026 19:44:06 PAGE 17  

             -), 0x00);
 916   1          ScalerSetBit(P55_50_DPTX_PREEM_TXA0, ~(_BIT4 | _BIT3 | _BIT2 | _BIT1 | _BIT0), 0x00);
 917   1          ScalerSetBit(P55_51_DPTX_PREEM_TXA1, ~(_BIT4 | _BIT3 | _BIT2 | _BIT1 | _BIT0), 0x00);
 918   1          ScalerSetBit(P55_52_DPTX_PREEM_TXB3, ~(_BIT4 | _BIT3 | _BIT2 | _BIT1 | _BIT0), 0x00);
 919   1          ScalerSetBit(P55_53_DPTX_PREEM_TXB4, ~(_BIT4 | _BIT3 | _BIT2 | _BIT1 | _BIT0), 0x00);
 920   1      
 921   1          switch(ucDriv)
 922   1          {
 923   2              case _LVDS_DRIV_CONTROL_2_0:
 924   2      
 925   2                  ScalerSetBit(P15_02_LVDS_COMMON_AB_CTRL2, ~(_BIT3 | _BIT2 | _BIT1 | _BIT0), (_BIT2 | _BIT1));
 926   2                  ScalerSetBit(P55_02_LVDS_COMMON_AB_CTRL2, ~(_BIT3 | _BIT2 | _BIT1 | _BIT0), (_BIT2 | _BIT1));
 927   2      
 928   2                  break;
 929   2      
 930   2              case _LVDS_DRIV_CONTROL_2_5:
 931   2      
 932   2                  ScalerSetBit(P15_02_LVDS_COMMON_AB_CTRL2, ~(_BIT3 | _BIT2 | _BIT1 | _BIT0), (_BIT3));
 933   2                  ScalerSetBit(P55_02_LVDS_COMMON_AB_CTRL2, ~(_BIT3 | _BIT2 | _BIT1 | _BIT0), (_BIT3));
 934   2      
 935   2                  break;
 936   2      
 937   2              case _LVDS_DRIV_CONTROL_3_0:
 938   2      
 939   2                  ScalerSetBit(P15_02_LVDS_COMMON_AB_CTRL2, ~(_BIT3 | _BIT2 | _BIT1 | _BIT0), (_BIT3 | _BIT1 | _
             -BIT0));
 940   2                  ScalerSetBit(P55_02_LVDS_COMMON_AB_CTRL2, ~(_BIT3 | _BIT2 | _BIT1 | _BIT0), (_BIT3 | _BIT1 | _
             -BIT0));
 941   2      
 942   2                  break;
 943   2      
 944   2              case _LVDS_DRIV_CONTROL_3_5:
 945   2              case _LVDS_DRIV_CONTROL_4_0:
 946   2              case _LVDS_DRIV_CONTROL_4_5:
 947   2      
 948   2                  ScalerSetBit(P15_02_LVDS_COMMON_AB_CTRL2, ~(_BIT3 | _BIT2 | _BIT1 | _BIT0), (_BIT3 | _BIT2 | _
             -BIT1));
 949   2                  ScalerSetBit(P55_02_LVDS_COMMON_AB_CTRL2, ~(_BIT3 | _BIT2 | _BIT1 | _BIT0), (_BIT3 | _BIT2 | _
             -BIT1));
 950   2      
 951   2                  break;
 952   2      
 953   2              case _LVDS_DRIV_CONTROL_1_5:
 954   2      
 955   2                  // Set LVDS Output Termination 70ohm
 956   2                  ScalerSetByte(P15_27_LVDS_PORTA_CTRL7, 0x55);
 957   2                  ScalerSetByte(P15_28_LVDS_PORTA_CTRL8, 0x55);
 958   2                  ScalerSetByte(P15_37_LVDS_PORTB_CTRL7, 0x55);
 959   2                  ScalerSetByte(P15_38_LVDS_PORTB_CTRL8, 0x55);
 960   2      
 961   2                  ScalerSetByte(P55_28_LVDS_PORTA_CTRL8, 0x55);
 962   2                  ScalerSetByte(P55_37_LVDS_PORTB_CTRL7, 0x55);
 963   2                  ScalerSetByte(P55_38_LVDS_PORTB_CTRL8, 0x55);
 964   2      #if(_LVDS_PORT_SEL == _LVDS_1_PORT_C)
                          ScalerSetBit(P55_61_DPTX_Z0_TX_1, ~(_BIT1 | _BIT0), 0x00);
                          ScalerSetByte(P55_63_DPTX_Z0_TX_3, 0xAA);
              #elif(_LVDS_PORT_SEL == _LVDS_1_PORT_D)
                          ScalerSetBit(P55_61_DPTX_Z0_TX_1, ~(_BIT3 | _BIT2), 0x00);
                          ScalerSetByte(P55_62_DPTX_Z0_TX_2, 0xAA);
              #elif((_LVDS_PORT_SEL == _LVDS_2_PORT_CD) || (_LVDS_PORT_SEL == _LVDS_4_PORT_ABCD))
                          ScalerSetBit(P55_61_DPTX_Z0_TX_1, ~(_BIT3 | _BIT2 | _BIT1 | _BIT0), 0x0F);
                          ScalerSetByte(P55_62_DPTX_Z0_TX_2, 0xAA);
C51 COMPILER V9.60.0.0   RL6432_SERIES_DISPLAY                                             09/20/2026 19:44:06 PAGE 18  

                          ScalerSetByte(P55_63_DPTX_Z0_TX_3, 0xAA);
              #endif // End of (_LVDS_PORT_SEL == _LVDS_1_PORT_C)
 975   2      
 976   2                  ScalerSetBit(P15_02_LVDS_COMMON_AB_CTRL2, ~(_BIT3 | _BIT2 | _BIT1 | _BIT0), _BIT1);
 977   2                  ScalerSetBit(P55_02_LVDS_COMMON_AB_CTRL2, ~(_BIT3 | _BIT2 | _BIT1 | _BIT0), _BIT1);
 978   2      
 979   2                  break;
 980   2      
 981   2              default:
 982   2      
 983   2                  break;
 984   2          }
 985   1      
 986   1      #else // #if(_LVDS_PRE_EMPHASIS_CONTROL == _LVDS_PRE_EMPHASIS_0)
              
                  // Set LVDS Pre-emphasis
                  ScalerSetBit(P15_29_LVDS_PORTA_CTRL9, ~(_BIT3 | _BIT2 | _BIT1 | _BIT0), (_BIT2 | _BIT0));
                  ScalerSetBit(P15_2A_LVDS_PORTA_CTRL10, ~(_BIT7 | _BIT6 | _BIT5 | _BIT4 | _BIT3 | _BIT2 | _BIT1 | _BIT0
             -), (_BIT6 | _BIT4 | _BIT2 | _BIT0));
                  ScalerSetBit(P15_39_LVDS_PORTB_CTRL9, ~(_BIT3 | _BIT2 | _BIT1 | _BIT0), (_BIT2 | _BIT0));
                  ScalerSetBit(P15_3A_LVDS_PORTB_CTRL10, ~(_BIT7 | _BIT6 | _BIT5 | _BIT4 | _BIT3 | _BIT2 | _BIT1 | _BIT0
             -), (_BIT6 | _BIT4 | _BIT2 | _BIT0));
              
                  ScalerSetBit(P55_29_LVDS_PORTA_CTRL9, ~(_BIT3 | _BIT2 | _BIT1 | _BIT0), (_BIT2 | _BIT0));
                  ScalerSetBit(P55_2A_LVDS_PORTA_CTRL10, ~(_BIT7 | _BIT6 | _BIT5 | _BIT4 | _BIT3 | _BIT2 | _BIT1 | _BIT0
             -), (_BIT6 | _BIT4 | _BIT2 | _BIT0));
                  ScalerSetBit(P55_3A_LVDS_PORTB_CTRL10, ~(_BIT7 | _BIT6 | _BIT5 | _BIT4 | _BIT3 | _BIT2 | _BIT1 | _BIT0
             -), (_BIT6 | _BIT4 | _BIT2 | _BIT0));
                  ScalerSetBit(P55_50_DPTX_PREEM_TXA0, ~(_BIT4 | _BIT3 | _BIT2 | _BIT1 | _BIT0), _BIT4);
                  ScalerSetBit(P55_51_DPTX_PREEM_TXA1, ~(_BIT4 | _BIT3 | _BIT2 | _BIT1 | _BIT0), _BIT4);
                  ScalerSetBit(P55_52_DPTX_PREEM_TXB3, ~(_BIT4 | _BIT3 | _BIT2 | _BIT1 | _BIT0), _BIT4);
                  ScalerSetBit(P55_53_DPTX_PREEM_TXB4, ~(_BIT4 | _BIT3 | _BIT2 | _BIT1 | _BIT0), _BIT4);
              
                  switch(ucDriv)
                  {
                      case _LVDS_DRIV_CONTROL_2_0:
              
                          ScalerSetBit(P15_02_LVDS_COMMON_AB_CTRL2, ~(_BIT3 | _BIT2 | _BIT1 | _BIT0), (_BIT3));
                          ScalerSetBit(P55_02_LVDS_COMMON_AB_CTRL2, ~(_BIT3 | _BIT2 | _BIT1 | _BIT0), (_BIT3));
              
                          break;
              
                      case _LVDS_DRIV_CONTROL_2_5:
              
                          ScalerSetBit(P15_02_LVDS_COMMON_AB_CTRL2, ~(_BIT3 | _BIT2 | _BIT1 | _BIT0), (_BIT3 | _BIT0));
                          ScalerSetBit(P55_02_LVDS_COMMON_AB_CTRL2, ~(_BIT3 | _BIT2 | _BIT1 | _BIT0), (_BIT3 | _BIT0));
              
                          break;
              
                      case _LVDS_DRIV_CONTROL_3_0:
              
                          ScalerSetBit(P15_02_LVDS_COMMON_AB_CTRL2, ~(_BIT3 | _BIT2 | _BIT1 | _BIT0), (_BIT3 | _BIT1));
                          ScalerSetBit(P55_02_LVDS_COMMON_AB_CTRL2, ~(_BIT3 | _BIT2 | _BIT1 | _BIT0), (_BIT3 | _BIT1));
              
                          break;
              
                      case _LVDS_DRIV_CONTROL_3_5:
                      case _LVDS_DRIV_CONTROL_4_0:
                      case _LVDS_DRIV_CONTROL_4_5:
              
                          ScalerSetBit(P15_02_LVDS_COMMON_AB_CTRL2, ~(_BIT3 | _BIT2 | _BIT1 | _BIT0), (_BIT3 | _BIT1 | _
             -BIT0));
C51 COMPILER V9.60.0.0   RL6432_SERIES_DISPLAY                                             09/20/2026 19:44:06 PAGE 19  

                          ScalerSetBit(P55_02_LVDS_COMMON_AB_CTRL2, ~(_BIT3 | _BIT2 | _BIT1 | _BIT0), (_BIT3 | _BIT1 | _
             -BIT0));
              
                          break;
              
                      case _LVDS_DRIV_CONTROL_1_5:
              
                          ScalerSetBit(P15_02_LVDS_COMMON_AB_CTRL2, ~(_BIT3 | _BIT2 | _BIT1 | _BIT0), (_BIT2 | _BIT0));
                          ScalerSetBit(P55_02_LVDS_COMMON_AB_CTRL2, ~(_BIT3 | _BIT2 | _BIT1 | _BIT0), (_BIT2 | _BIT0));
              
                          break;
              
                      default:
              
                          break;
                  }
              #endif // #if(_LVDS_PRE_EMPHASIS_CONTROL == _LVDS_PRE_EMPHASIS_0)
1046   1      
1047   1      #elif(_LVDS_TERMINATION_CONTROL == _DISABLE)
              
                  // Disable Output Termination
                  ScalerSetByte(P15_27_LVDS_PORTA_CTRL7, 0x00);
                  ScalerSetByte(P15_28_LVDS_PORTA_CTRL8, 0x00);
                  ScalerSetByte(P15_37_LVDS_PORTB_CTRL7, 0x00);
                  ScalerSetByte(P15_38_LVDS_PORTB_CTRL8, 0x00);
              
                  ScalerSetByte(P55_28_LVDS_PORTA_CTRL8, 0x00);
                  ScalerSetByte(P55_37_LVDS_PORTB_CTRL7, 0x00);
                  ScalerSetByte(P55_38_LVDS_PORTB_CTRL8, 0x00);
                  ScalerSetByte(P55_61_DPTX_Z0_TX_1, 0x00);
                  ScalerSetByte(P55_62_DPTX_Z0_TX_2, 0x00);
                  ScalerSetByte(P55_63_DPTX_Z0_TX_3, 0x00);
              
              #if(_LVDS_PRE_EMPHASIS_CONTROL == _LVDS_PRE_EMPHASIS_0)
              
                  // Set LVDS Pre-emphasis
                  ScalerSetBit(P15_29_LVDS_PORTA_CTRL9, ~(_BIT3 | _BIT2 | _BIT1 | _BIT0), 0x00);
                  ScalerSetBit(P15_2A_LVDS_PORTA_CTRL10, ~(_BIT7 | _BIT6 | _BIT5 | _BIT4 | _BIT3 | _BIT2 | _BIT1 | _BIT0
             -), 0x00);
                  ScalerSetBit(P15_39_LVDS_PORTB_CTRL9, ~(_BIT3 | _BIT2 | _BIT1 | _BIT0), 0x00);
                  ScalerSetBit(P15_3A_LVDS_PORTB_CTRL10, ~(_BIT7 | _BIT6 | _BIT5 | _BIT4 | _BIT3 | _BIT2 | _BIT1 | _BIT0
             -), 0x00);
              
                  ScalerSetBit(P55_29_LVDS_PORTA_CTRL9, ~(_BIT3 | _BIT2 | _BIT1 | _BIT0), 0x00);
                  ScalerSetBit(P55_2A_LVDS_PORTA_CTRL10, ~(_BIT7 | _BIT6 | _BIT5 | _BIT4 | _BIT3 | _BIT2 | _BIT1 | _BIT0
             -), 0x00);
                  ScalerSetBit(P55_3A_LVDS_PORTB_CTRL10, ~(_BIT7 | _BIT6 | _BIT5 | _BIT4 | _BIT3 | _BIT2 | _BIT1 | _BIT0
             -), 0x00);
                  ScalerSetBit(P55_50_DPTX_PREEM_TXA0, ~(_BIT4 | _BIT3 | _BIT2 | _BIT1 | _BIT0), 0x00);
                  ScalerSetBit(P55_51_DPTX_PREEM_TXA1, ~(_BIT4 | _BIT3 | _BIT2 | _BIT1 | _BIT0), 0x00);
                  ScalerSetBit(P55_52_DPTX_PREEM_TXB3, ~(_BIT4 | _BIT3 | _BIT2 | _BIT1 | _BIT0), 0x00);
                  ScalerSetBit(P55_53_DPTX_PREEM_TXB4, ~(_BIT4 | _BIT3 | _BIT2 | _BIT1 | _BIT0), 0x00);
              
              
                  switch(ucDriv)
                  {
                      case _LVDS_DRIV_CONTROL_2_0:
              
                          ScalerSetBit(P15_02_LVDS_COMMON_AB_CTRL2, ~(_BIT3 | _BIT2 | _BIT1 | _BIT0), 0x00);
                          ScalerSetBit(P55_02_LVDS_COMMON_AB_CTRL2, ~(_BIT3 | _BIT2 | _BIT1 | _BIT0), 0x00);
              
                          break;
C51 COMPILER V9.60.0.0   RL6432_SERIES_DISPLAY                                             09/20/2026 19:44:06 PAGE 20  

              
                      case _LVDS_DRIV_CONTROL_2_5:
              
                          ScalerSetBit(P15_02_LVDS_COMMON_AB_CTRL2, ~(_BIT3 | _BIT2 | _BIT1 | _BIT0), (_BIT0));
                          ScalerSetBit(P55_02_LVDS_COMMON_AB_CTRL2, ~(_BIT3 | _BIT2 | _BIT1 | _BIT0), (_BIT0));
              
                          break;
              
                      case _LVDS_DRIV_CONTROL_3_0:
              
                          ScalerSetBit(P15_02_LVDS_COMMON_AB_CTRL2, ~(_BIT3 | _BIT2 | _BIT1 | _BIT0), (_BIT1));
                          ScalerSetBit(P55_02_LVDS_COMMON_AB_CTRL2, ~(_BIT3 | _BIT2 | _BIT1 | _BIT0), (_BIT1));
              
                          break;
              
                      case _LVDS_DRIV_CONTROL_3_5:
              
                          ScalerSetBit(P15_02_LVDS_COMMON_AB_CTRL2, ~(_BIT3 | _BIT2 | _BIT1 | _BIT0), (_BIT1 | _BIT0));
                          ScalerSetBit(P55_02_LVDS_COMMON_AB_CTRL2, ~(_BIT3 | _BIT2 | _BIT1 | _BIT0), (_BIT1 | _BIT0));
              
                          break;
              
                      case _LVDS_DRIV_CONTROL_4_0:
              
                          ScalerSetBit(P15_02_LVDS_COMMON_AB_CTRL2, ~(_BIT3 | _BIT2 | _BIT1 | _BIT0), (_BIT2 | _BIT0));
                          ScalerSetBit(P55_02_LVDS_COMMON_AB_CTRL2, ~(_BIT3 | _BIT2 | _BIT1 | _BIT0), (_BIT2 | _BIT0));
              
                          break;
              
                      case _LVDS_DRIV_CONTROL_4_5:
              
                          ScalerSetBit(P15_02_LVDS_COMMON_AB_CTRL2, ~(_BIT3 | _BIT2 | _BIT1 | _BIT0), (_BIT2 | _BIT1 | _
             -BIT0));
                          ScalerSetBit(P55_02_LVDS_COMMON_AB_CTRL2, ~(_BIT3 | _BIT2 | _BIT1 | _BIT0), (_BIT2 | _BIT1 | _
             -BIT0));
              
                          break;
              
                      case _LVDS_DRIV_CONTROL_1_5:
              
                          ScalerSetBit(P15_02_LVDS_COMMON_AB_CTRL2, ~(_BIT3 | _BIT2 | _BIT1 | _BIT0), 0x00);
                          ScalerSetBit(P55_02_LVDS_COMMON_AB_CTRL2, ~(_BIT3 | _BIT2 | _BIT1 | _BIT0), 0x00);
              
                          break;
              
                      default:
              
                          break;
                  }
              
              #elif(_LVDS_PRE_EMPHASIS_CONTROL == _LVDS_PRE_EMPHASIS_1)
              
                  // Set LVDS Pre-emphasis
                  ScalerSetBit(P15_29_LVDS_PORTA_CTRL9, ~(_BIT3 | _BIT2 | _BIT1 | _BIT0), (_BIT2 | _BIT0));
                  ScalerSetBit(P15_2A_LVDS_PORTA_CTRL10, ~(_BIT7 | _BIT6 | _BIT5 | _BIT4 | _BIT3 | _BIT2 | _BIT1 | _BIT0
             -), (_BIT6 | _BIT4 | _BIT2 | _BIT0));
                  ScalerSetBit(P15_39_LVDS_PORTB_CTRL9, ~(_BIT3 | _BIT2 | _BIT1 | _BIT0), (_BIT2 | _BIT0));
                  ScalerSetBit(P15_3A_LVDS_PORTB_CTRL10, ~(_BIT7 | _BIT6 | _BIT5 | _BIT4 | _BIT3 | _BIT2 | _BIT1 | _BIT0
             -), (_BIT6 | _BIT4 | _BIT2 | _BIT0));
              
                  ScalerSetBit(P55_29_LVDS_PORTA_CTRL9, ~(_BIT3 | _BIT2 | _BIT1 | _BIT0), (_BIT2 | _BIT0));
                  ScalerSetBit(P55_2A_LVDS_PORTA_CTRL10, ~(_BIT7 | _BIT6 | _BIT5 | _BIT4 | _BIT3 | _BIT2 | _BIT1 | _BIT0
C51 COMPILER V9.60.0.0   RL6432_SERIES_DISPLAY                                             09/20/2026 19:44:06 PAGE 21  

             -), (_BIT6 | _BIT4 | _BIT2 | _BIT0));
                  ScalerSetBit(P55_3A_LVDS_PORTB_CTRL10, ~(_BIT7 | _BIT6 | _BIT5 | _BIT4 | _BIT3 | _BIT2 | _BIT1 | _BIT0
             -), (_BIT6 | _BIT4 | _BIT2 | _BIT0));
                  ScalerSetBit(P55_50_DPTX_PREEM_TXA0, ~(_BIT4 | _BIT3 | _BIT2 | _BIT1 | _BIT0), _BIT4);
                  ScalerSetBit(P55_51_DPTX_PREEM_TXA1, ~(_BIT4 | _BIT3 | _BIT2 | _BIT1 | _BIT0), _BIT4);
                  ScalerSetBit(P55_52_DPTX_PREEM_TXB3, ~(_BIT4 | _BIT3 | _BIT2 | _BIT1 | _BIT0), _BIT4);
                  ScalerSetBit(P55_53_DPTX_PREEM_TXB4, ~(_BIT4 | _BIT3 | _BIT2 | _BIT1 | _BIT0), _BIT4);
              
                  switch(ucDriv)
                  {
                      case _LVDS_DRIV_CONTROL_2_0:
              
                          ScalerSetBit(P15_02_LVDS_COMMON_AB_CTRL2, ~(_BIT3 | _BIT2 | _BIT1 | _BIT0), 0x00);
                          ScalerSetBit(P55_02_LVDS_COMMON_AB_CTRL2, ~(_BIT3 | _BIT2 | _BIT1 | _BIT0), 0x00);
              
                          break;
              
                      case _LVDS_DRIV_CONTROL_2_5:
              
                          ScalerSetBit(P15_02_LVDS_COMMON_AB_CTRL2, ~(_BIT3 | _BIT2 | _BIT1 | _BIT0), (_BIT1));
                          ScalerSetBit(P55_02_LVDS_COMMON_AB_CTRL2, ~(_BIT3 | _BIT2 | _BIT1 | _BIT0), (_BIT1));
              
                          break;
              
                      case _LVDS_DRIV_CONTROL_3_0:
              
                          ScalerSetBit(P15_02_LVDS_COMMON_AB_CTRL2, ~(_BIT3 | _BIT2 | _BIT1 | _BIT0), (_BIT2));
                          ScalerSetBit(P55_02_LVDS_COMMON_AB_CTRL2, ~(_BIT3 | _BIT2 | _BIT1 | _BIT0), (_BIT2));
              
                          break;
              
                      case _LVDS_DRIV_CONTROL_3_5:
              
                          ScalerSetBit(P15_02_LVDS_COMMON_AB_CTRL2, ~(_BIT3 | _BIT2 | _BIT1 | _BIT0), (_BIT2 | _BIT0));
                          ScalerSetBit(P55_02_LVDS_COMMON_AB_CTRL2, ~(_BIT3 | _BIT2 | _BIT1 | _BIT0), (_BIT2 | _BIT0));
              
                          break;
              
                      case _LVDS_DRIV_CONTROL_4_0:
              
                          ScalerSetBit(P15_02_LVDS_COMMON_AB_CTRL2, ~(_BIT3 | _BIT2 | _BIT1 | _BIT0), (_BIT2 | _BIT1 | _
             -BIT0));
                          ScalerSetBit(P55_02_LVDS_COMMON_AB_CTRL2, ~(_BIT3 | _BIT2 | _BIT1 | _BIT0), (_BIT2 | _BIT1 | _
             -BIT0));
              
                          break;
              
                      case _LVDS_DRIV_CONTROL_4_5:
              
                          ScalerSetBit(P15_02_LVDS_COMMON_AB_CTRL2, ~(_BIT3 | _BIT2 | _BIT1 | _BIT0), (_BIT3 | _BIT0));
                          ScalerSetBit(P55_02_LVDS_COMMON_AB_CTRL2, ~(_BIT3 | _BIT2 | _BIT1 | _BIT0), (_BIT3 | _BIT0));
              
                          break;
              
                      case _LVDS_DRIV_CONTROL_1_5:
              
                          ScalerSetBit(P15_02_LVDS_COMMON_AB_CTRL2, ~(_BIT3 | _BIT2 | _BIT1 | _BIT0), 0x00);
                          ScalerSetBit(P55_02_LVDS_COMMON_AB_CTRL2, ~(_BIT3 | _BIT2 | _BIT1 | _BIT0), 0x00);
              
                          break;
              
                      default:
C51 COMPILER V9.60.0.0   RL6432_SERIES_DISPLAY                                             09/20/2026 19:44:06 PAGE 22  

              
                          break;
                  }
              
              #elif(_LVDS_PRE_EMPHASIS_CONTROL == _LVDS_PRE_EMPHASIS_2)
              
                  // Set LVDS Pre-emphasis
                  ScalerSetBit(P15_29_LVDS_PORTA_CTRL9, ~(_BIT3 | _BIT2 | _BIT1 | _BIT0), (_BIT3 | _BIT1));
                  ScalerSetBit(P15_2A_LVDS_PORTA_CTRL10, ~(_BIT7 | _BIT6 | _BIT5 | _BIT4 | _BIT3 | _BIT2 | _BIT1 | _BIT0
             -), (_BIT7 | _BIT5 | _BIT3 | _BIT1));
                  ScalerSetBit(P15_39_LVDS_PORTB_CTRL9, ~(_BIT3 | _BIT2 | _BIT1 | _BIT0), (_BIT3 | _BIT1));
                  ScalerSetBit(P15_3A_LVDS_PORTB_CTRL10, ~(_BIT7 | _BIT6 | _BIT5 | _BIT4 | _BIT3 | _BIT2 | _BIT1 | _BIT0
             -), (_BIT7 | _BIT5 | _BIT3 | _BIT1));
              
                  ScalerSetBit(P55_29_LVDS_PORTA_CTRL9, ~(_BIT3 | _BIT2 | _BIT1 | _BIT0), (_BIT3 | _BIT1));
                  ScalerSetBit(P55_2A_LVDS_PORTA_CTRL10, ~(_BIT7 | _BIT6 | _BIT5 | _BIT4 | _BIT3 | _BIT2 | _BIT1 | _BIT0
             -), (_BIT7 | _BIT5 | _BIT3 | _BIT1));
                  ScalerSetBit(P55_3A_LVDS_PORTB_CTRL10, ~(_BIT7 | _BIT6 | _BIT5 | _BIT4 | _BIT3 | _BIT2 | _BIT1 | _BIT0
             -), (_BIT7 | _BIT5 | _BIT3 | _BIT1));
                  ScalerSetBit(P55_50_DPTX_PREEM_TXA0, ~(_BIT4 | _BIT3 | _BIT2 | _BIT1 | _BIT0), (_BIT4 | _BIT3 | _BIT1)
             -);
                  ScalerSetBit(P55_51_DPTX_PREEM_TXA1, ~(_BIT4 | _BIT3 | _BIT2 | _BIT1 | _BIT0), (_BIT4 | _BIT3 | _BIT1)
             -);
                  ScalerSetBit(P55_52_DPTX_PREEM_TXB3, ~(_BIT4 | _BIT3 | _BIT2 | _BIT1 | _BIT0), (_BIT4 | _BIT3 | _BIT1)
             -);
                  ScalerSetBit(P55_53_DPTX_PREEM_TXB4, ~(_BIT4 | _BIT3 | _BIT2 | _BIT1 | _BIT0), (_BIT4 | _BIT3 | _BIT1)
             -);
              
                  switch(ucDriv)
                  {
                      case _LVDS_DRIV_CONTROL_2_0:
              
                          ScalerSetBit(P15_02_LVDS_COMMON_AB_CTRL2, ~(_BIT3 | _BIT2 | _BIT1 | _BIT0), (_BIT0));
                          ScalerSetBit(P55_02_LVDS_COMMON_AB_CTRL2, ~(_BIT3 | _BIT2 | _BIT1 | _BIT0), (_BIT0));
              
                          break;
              
                      case _LVDS_DRIV_CONTROL_2_5:
              
                          ScalerSetBit(P15_02_LVDS_COMMON_AB_CTRL2, ~(_BIT3 | _BIT2 | _BIT1 | _BIT0), (_BIT1 | _BIT0));
                          ScalerSetBit(P55_02_LVDS_COMMON_AB_CTRL2, ~(_BIT3 | _BIT2 | _BIT1 | _BIT0), (_BIT1 | _BIT0));
              
                          break;
              
                      case _LVDS_DRIV_CONTROL_3_0:
              
                          ScalerSetBit(P15_02_LVDS_COMMON_AB_CTRL2, ~(_BIT3 | _BIT2 | _BIT1 | _BIT0), (_BIT2 | _BIT0));
                          ScalerSetBit(P55_02_LVDS_COMMON_AB_CTRL2, ~(_BIT3 | _BIT2 | _BIT1 | _BIT0), (_BIT2 | _BIT0));
              
                          break;
              
                      case _LVDS_DRIV_CONTROL_3_5:
              
                          ScalerSetBit(P15_02_LVDS_COMMON_AB_CTRL2, ~(_BIT3 | _BIT2 | _BIT1 | _BIT0), (_BIT2 | _BIT1 | _
             -BIT0));
                          ScalerSetBit(P55_02_LVDS_COMMON_AB_CTRL2, ~(_BIT3 | _BIT2 | _BIT1 | _BIT0), (_BIT2 | _BIT1 | _
             -BIT0));
              
                          break;
              
                      case _LVDS_DRIV_CONTROL_4_0:
              
C51 COMPILER V9.60.0.0   RL6432_SERIES_DISPLAY                                             09/20/2026 19:44:06 PAGE 23  

                          ScalerSetBit(P15_02_LVDS_COMMON_AB_CTRL2, ~(_BIT3 | _BIT2 | _BIT1 | _BIT0), (_BIT3 | _BIT0));
                          ScalerSetBit(P55_02_LVDS_COMMON_AB_CTRL2, ~(_BIT3 | _BIT2 | _BIT1 | _BIT0), (_BIT3 | _BIT0));
              
                          break;
              
                      case _LVDS_DRIV_CONTROL_4_5:
              
                          ScalerSetBit(P15_02_LVDS_COMMON_AB_CTRL2, ~(_BIT3 | _BIT2 | _BIT1 | _BIT0), (_BIT3 | _BIT1 | _
             -BIT0));
                          ScalerSetBit(P55_02_LVDS_COMMON_AB_CTRL2, ~(_BIT3 | _BIT2 | _BIT1 | _BIT0), (_BIT3 | _BIT1 | _
             -BIT0));
              
                          break;
              
                      case _LVDS_DRIV_CONTROL_1_5:
              
                          ScalerSetBit(P15_02_LVDS_COMMON_AB_CTRL2, ~(_BIT3 | _BIT2 | _BIT1 | _BIT0), 0x00);
                          ScalerSetBit(P55_02_LVDS_COMMON_AB_CTRL2, ~(_BIT3 | _BIT2 | _BIT1 | _BIT0), 0x00);
              
                          break;
              
                      default:
              
                          break;
                  }
              
              #elif(_LVDS_PRE_EMPHASIS_CONTROL == _LVDS_PRE_EMPHASIS_3)
              
                  // Set LVDS Pre-emphasis
                  ScalerSetBit(P15_29_LVDS_PORTA_CTRL9, ~(_BIT3 | _BIT2 | _BIT1 | _BIT0), (_BIT3 | _BIT2 | _BIT1 | _BIT0
             -));
                  ScalerSetBit(P15_2A_LVDS_PORTA_CTRL10, ~(_BIT7 | _BIT6 | _BIT5 | _BIT4 | _BIT3 | _BIT2 | _BIT1 | _BIT0
             -), (_BIT7 | _BIT6 | _BIT5 | _BIT4 | _BIT3 | _BIT2 | _BIT1 | _BIT0));
                  ScalerSetBit(P15_39_LVDS_PORTB_CTRL9, ~(_BIT3 | _BIT2 | _BIT1 | _BIT0), (_BIT3 | _BIT2 | _BIT1 | _BIT0
             -));
                  ScalerSetBit(P15_3A_LVDS_PORTB_CTRL10, ~(_BIT7 | _BIT6 | _BIT5 | _BIT4 | _BIT3 | _BIT2 | _BIT1 | _BIT0
             -), (_BIT7 | _BIT6 | _BIT5 | _BIT4 | _BIT3 | _BIT2 | _BIT1 | _BIT0));
              
                  ScalerSetBit(P55_29_LVDS_PORTA_CTRL9, ~(_BIT3 | _BIT2 | _BIT1 | _BIT0), (_BIT3 | _BIT2 | _BIT1 | _BIT0
             -));
                  ScalerSetBit(P55_2A_LVDS_PORTA_CTRL10, ~(_BIT7 | _BIT6 | _BIT5 | _BIT4 | _BIT3 | _BIT2 | _BIT1 | _BIT0
             -), (_BIT7 | _BIT6 | _BIT5 | _BIT4 | _BIT3 | _BIT2 | _BIT1 | _BIT0));
                  ScalerSetBit(P55_3A_LVDS_PORTB_CTRL10, ~(_BIT7 | _BIT6 | _BIT5 | _BIT4 | _BIT3 | _BIT2 | _BIT1 | _BIT0
             -), (_BIT7 | _BIT6 | _BIT5 | _BIT4 | _BIT3 | _BIT2 | _BIT1 | _BIT0));
                  ScalerSetBit(P55_50_DPTX_PREEM_TXA0, ~(_BIT4 | _BIT3 | _BIT2 | _BIT1 | _BIT0), (_BIT4 | _BIT3 | _BIT2 
             -| _BIT1 | _BIT0));
                  ScalerSetBit(P55_51_DPTX_PREEM_TXA1, ~(_BIT4 | _BIT3 | _BIT2 | _BIT1 | _BIT0), (_BIT4 | _BIT3 | _BIT2 
             -| _BIT1 | _BIT0));
                  ScalerSetBit(P55_52_DPTX_PREEM_TXB3, ~(_BIT4 | _BIT3 | _BIT2 | _BIT1 | _BIT0), (_BIT4 | _BIT3 | _BIT2 
             -| _BIT1 | _BIT0));
                  ScalerSetBit(P55_53_DPTX_PREEM_TXB4, ~(_BIT4 | _BIT3 | _BIT2 | _BIT1 | _BIT0), (_BIT4 | _BIT3 | _BIT2 
             -| _BIT1 | _BIT0));
              
                  switch(ucDriv)
                  {
                      case _LVDS_DRIV_CONTROL_2_0:
              
                          ScalerSetBit(P15_02_LVDS_COMMON_AB_CTRL2, ~(_BIT3 | _BIT2 | _BIT1 | _BIT0), (_BIT1 | _BIT0));
                          ScalerSetBit(P55_02_LVDS_COMMON_AB_CTRL2, ~(_BIT3 | _BIT2 | _BIT1 | _BIT0), (_BIT1 | _BIT0));
              
                          break;
              
C51 COMPILER V9.60.0.0   RL6432_SERIES_DISPLAY                                             09/20/2026 19:44:06 PAGE 24  

                      case _LVDS_DRIV_CONTROL_2_5:
              
                          ScalerSetBit(P15_02_LVDS_COMMON_AB_CTRL2, ~(_BIT3 | _BIT2 | _BIT1 | _BIT0), (_BIT2 | _BIT0));
                          ScalerSetBit(P55_02_LVDS_COMMON_AB_CTRL2, ~(_BIT3 | _BIT2 | _BIT1 | _BIT0), (_BIT2 | _BIT0));
              
                          break;
              
                      case _LVDS_DRIV_CONTROL_3_0:
              
                          ScalerSetBit(P15_02_LVDS_COMMON_AB_CTRL2, ~(_BIT3 | _BIT2 | _BIT1 | _BIT0), (_BIT2 | _BIT1));
                          ScalerSetBit(P55_02_LVDS_COMMON_AB_CTRL2, ~(_BIT3 | _BIT2 | _BIT1 | _BIT0), (_BIT2 | _BIT1));
              
                          break;
              
                      case _LVDS_DRIV_CONTROL_3_5:
              
                          ScalerSetBit(P15_02_LVDS_COMMON_AB_CTRL2, ~(_BIT3 | _BIT2 | _BIT1 | _BIT0), (_BIT2 | _BIT1 | _
             -BIT0));
                          ScalerSetBit(P55_02_LVDS_COMMON_AB_CTRL2, ~(_BIT3 | _BIT2 | _BIT1 | _BIT0), (_BIT2 | _BIT1 | _
             -BIT0));
              
                          break;
              
                      case _LVDS_DRIV_CONTROL_4_0:
              
                          ScalerSetBit(P15_02_LVDS_COMMON_AB_CTRL2, ~(_BIT3 | _BIT2 | _BIT1 | _BIT0), (_BIT3 | _BIT0));
                          ScalerSetBit(P55_02_LVDS_COMMON_AB_CTRL2, ~(_BIT3 | _BIT2 | _BIT1 | _BIT0), (_BIT3 | _BIT0));
              
                          break;
              
                      case _LVDS_DRIV_CONTROL_4_5:
              
                          ScalerSetBit(P15_02_LVDS_COMMON_AB_CTRL2, ~(_BIT3 | _BIT2 | _BIT1 | _BIT0), (_BIT3 | _BIT1 | _
             -BIT0));
                          ScalerSetBit(P55_02_LVDS_COMMON_AB_CTRL2, ~(_BIT3 | _BIT2 | _BIT1 | _BIT0), (_BIT3 | _BIT1 | _
             -BIT0));
              
                          break;
              
                      case _LVDS_DRIV_CONTROL_1_5:
              
                          ScalerSetBit(P15_02_LVDS_COMMON_AB_CTRL2, ~(_BIT3 | _BIT2 | _BIT1 | _BIT0), 0x00);
                          ScalerSetBit(P55_02_LVDS_COMMON_AB_CTRL2, ~(_BIT3 | _BIT2 | _BIT1 | _BIT0), 0x00);
              
                          break;
              
                      default:
              
                          break;
                  }
              #endif // #if(_LVDS_PRE_EMPHASIS_CONTROL == _LVDS_PRE_EMPHASIS_0)
              
              #endif // End of #if(_LVDS_TERMINATION_CONTROL == _ENABLE)
1353   1      
1354   1      #if(_LVDS_SETTING_CONTROL_BY_USER == _ENABLE)
              
                  // Set LVDS TXA/ TXB Driving Current
                  ScalerSetBit(P15_02_LVDS_COMMON_AB_CTRL2, ~(_BIT3 | _BIT2 | _BIT1 | _BIT0), (_LVDS_DRIV_CURRENT_USER_A
             -DUST & 0x0F));
              
                  // Set LVDS TXC/ TXD Driving Current
                  ScalerSetByte(P55_57_DPTX_SWING_CURRENT_1, 0xAA);
C51 COMPILER V9.60.0.0   RL6432_SERIES_DISPLAY                                             09/20/2026 19:44:06 PAGE 25  

                  ScalerSetByte(P55_58_DPTX_SWING_CURRENT_2, 0xAA);
                  ScalerSetBit(P55_02_LVDS_COMMON_AB_CTRL2, ~(_BIT3 | _BIT2 | _BIT1 | _BIT0), (_LVDS_DRIV_CURRENT_USER_A
             -DUST & 0x0F));
              #endif
1364   1      }
1365          
1366          //--------------------------------------------------
1367          // Description  : LVDS Phase Selection Contorl
1368          // Input Value  : None
1369          // Output Value : None
1370          //--------------------------------------------------
1371          void ScalerDisplayLvdsPhaseConrol(void)
1372          {
1373   1          BYTE ucLvdsPhaseSeedH = 0x03;
1374   1          BYTE ucLvdsPhaseSeedL = 0x0F;
1375   1          BYTE ucLvdsPhaseH = 0x00;
1376   1          BYTE ucLvdsPhaseL = 0x00;
1377   1      
1378   1          ScalerSetBit(P15_21_LVDS_PORTA_CTRL1, ~_BIT7, _BIT7);
1379   1          ScalerSetBit(P15_31_LVDS_PORTB_CTRL1, ~_BIT7, _BIT7);
1380   1          ScalerSetBit(P55_21_LVDS_PORTA_CTRL1, ~_BIT7, _BIT7);
1381   1          ScalerSetBit(P55_31_LVDS_PORTB_CTRL1, ~_BIT7, _BIT7);
1382   1      
1383   1      // PI_Phase_AB0 select
1384   1      #if(_LVDS_PI_PHASE_AB0_SEL <= _LVDS_PHASE16)
1385   1          ucLvdsPhaseH = (ucLvdsPhaseSeedH << (_LVDS_PI_PHASE_AB0_SEL >> 2));  // ((_LVDS_PI_PHASE_AB0_SEL - (_L
             -VDS_PI_PHASE_AB0_SEL % 4)) >> 2)
1386   1          ucLvdsPhaseL = (ucLvdsPhaseSeedL << (_LVDS_PI_PHASE_AB0_SEL % 8)) & 0xF0;
1387   1      
1388   1          ScalerSetBit(P15_04_LVDS_COMMON_AB_CTRL4, ~(_BIT3 | _BIT2 | _BIT1 | _BIT0), ((ucLvdsPhaseH >> 4) & 0x0
             -F));
1389   1          ScalerSetByte(P15_05_LVDS_COMMON_AB_CTRL5, (((ucLvdsPhaseH << 4) & 0xF0) | ((ucLvdsPhaseL >> 4) & 0x0F
             -)));
1390   1      #else
                  ScalerSetBit(P15_04_LVDS_COMMON_AB_CTRL4, ~(_BIT3 | _BIT2 | _BIT1 | _BIT0), 0x00);
                  ScalerSetByte(P15_05_LVDS_COMMON_AB_CTRL5, 0x30);
              #endif
1394   1      
1395   1      // PI_Phase_AB1 select
1396   1      #if(_LVDS_PI_PHASE_AB1_SEL <= _LVDS_PHASE16)
1397   1          ucLvdsPhaseH = (ucLvdsPhaseSeedH << (_LVDS_PI_PHASE_AB1_SEL >> 2));
1398   1          ucLvdsPhaseL = (ucLvdsPhaseSeedL << (_LVDS_PI_PHASE_AB1_SEL % 8)) & 0xF0;
1399   1      
1400   1          ScalerSetBit(P15_06_LVDS_COMMON_AB_CTRL6, ~(_BIT3 | _BIT2 | _BIT1 | _BIT0), ((ucLvdsPhaseH >> 4) & 0x0
             -F));
1401   1          ScalerSetByte(P15_07_LVDS_COMMON_AB_CTRL7, (((ucLvdsPhaseH << 4) & 0xF0) | ((ucLvdsPhaseL >> 4) & 0x0F
             -)));
1402   1      #else
                  ScalerSetBit(P15_06_LVDS_COMMON_AB_CTRL6, ~(_BIT3 | _BIT2 | _BIT1 | _BIT0), 0x00);
                  ScalerSetByte(P15_07_LVDS_COMMON_AB_CTRL7, 0x30);
              #endif
1406   1      
1407   1      // PI_Phase_AB2 select
1408   1      #if(_LVDS_PI_PHASE_AB2_SEL <= _LVDS_PHASE16)
1409   1          ucLvdsPhaseH = (ucLvdsPhaseSeedH << (_LVDS_PI_PHASE_AB2_SEL >> 2));
1410   1          ucLvdsPhaseL = (ucLvdsPhaseSeedL << (_LVDS_PI_PHASE_AB2_SEL % 8)) & 0xF0;
1411   1      
1412   1          ScalerSetBit(P15_08_LVDS_COMMON_AB_CTRL8, ~(_BIT3 | _BIT2 | _BIT1 | _BIT0), ((ucLvdsPhaseH >> 4) & 0x0
             -F));
1413   1          ScalerSetByte(P15_09_LVDS_COMMON_AB_CTRL9, (((ucLvdsPhaseH << 4) & 0xF0) | ((ucLvdsPhaseL >> 4) & 0x0F
             -)));
1414   1      #else
C51 COMPILER V9.60.0.0   RL6432_SERIES_DISPLAY                                             09/20/2026 19:44:06 PAGE 26  

                  ScalerSetBit(P15_08_LVDS_COMMON_AB_CTRL8, ~(_BIT3 | _BIT2 | _BIT1 | _BIT0), 0x00);
                  ScalerSetByte(P15_09_LVDS_COMMON_AB_CTRL9, 0x30);
              #endif
1418   1      
1419   1      // PI_Phase_AB3 select
1420   1      #if(_LVDS_PI_PHASE_AB3_SEL <= _LVDS_PHASE16)
1421   1          ucLvdsPhaseH = (ucLvdsPhaseSeedH << (_LVDS_PI_PHASE_AB3_SEL >> 2));
1422   1          ucLvdsPhaseL = (ucLvdsPhaseSeedL << (_LVDS_PI_PHASE_AB3_SEL % 8)) & 0xF0;
1423   1      
1424   1          ScalerSetBit(P15_0A_LVDS_COMMON_AB_CTRL10, ~(_BIT3 | _BIT2 | _BIT1 | _BIT0), ((ucLvdsPhaseH >> 4) & 0x
             -0F));
1425   1          ScalerSetByte(P15_0B_LVDS_COMMON_AB_CTRL11, (((ucLvdsPhaseH << 4) & 0xF0) | ((ucLvdsPhaseL >> 4) & 0x0
             -F)));
1426   1      #else
                  ScalerSetBit(P15_0A_LVDS_COMMON_AB_CTRL10, ~(_BIT3 | _BIT2 | _BIT1 | _BIT0), 0x00);
                  ScalerSetByte(P15_0B_LVDS_COMMON_AB_CTRL11, 0x30);
              #endif
1430   1      
1431   1      // PI_Phase_CD0 select
1432   1      #if(_LVDS_PI_PHASE_CD0_SEL <= _LVDS_PHASE16)
1433   1          ucLvdsPhaseH = (ucLvdsPhaseSeedH << (_LVDS_PI_PHASE_CD0_SEL >> 2));
1434   1          ucLvdsPhaseL = (ucLvdsPhaseSeedL << (_LVDS_PI_PHASE_CD0_SEL % 8)) & 0xF0;
1435   1      
1436   1          ScalerSetBit(P55_04_LVDS_COMMON_AB_CTRL4, ~(_BIT3 | _BIT2 | _BIT1 | _BIT0), ((ucLvdsPhaseH >> 4) & 0x0
             -F));
1437   1          ScalerSetByte(P55_05_LVDS_COMMON_AB_CTRL5, (((ucLvdsPhaseH << 4) & 0xF0) | ((ucLvdsPhaseL >> 4) & 0x0F
             -)));
1438   1      #else
                  ScalerSetBit(P55_04_LVDS_COMMON_AB_CTRL4, ~(_BIT3 | _BIT2 | _BIT1 | _BIT0), 0x00);
                  ScalerSetByte(P55_05_LVDS_COMMON_AB_CTRL5, 0x30);
              #endif
1442   1      
1443   1      // PI_Phase_CD1 select
1444   1      #if(_LVDS_PI_PHASE_CD1_SEL <= _LVDS_PHASE16)
1445   1          ucLvdsPhaseH = (ucLvdsPhaseSeedH << (_LVDS_PI_PHASE_CD1_SEL >> 2));
1446   1          ucLvdsPhaseL = (ucLvdsPhaseSeedL << (_LVDS_PI_PHASE_CD1_SEL % 8)) & 0xF0;
1447   1      
1448   1          ScalerSetBit(P55_06_LVDS_COMMON_AB_CTRL6, ~(_BIT3 | _BIT2 | _BIT1 | _BIT0), ((ucLvdsPhaseH >> 4) & 0x0
             -F));
1449   1          ScalerSetByte(P55_07_LVDS_COMMON_AB_CTRL7, (((ucLvdsPhaseH << 4) & 0xF0) | ((ucLvdsPhaseL >> 4) & 0x0F
             -)));
1450   1      #else
                  ScalerSetBit(P55_06_LVDS_COMMON_AB_CTRL6, ~(_BIT3 | _BIT2 | _BIT1 | _BIT0), 0x00);
                  ScalerSetByte(P55_07_LVDS_COMMON_AB_CTRL7, 0x30);
              #endif
1454   1      
1455   1      // PI_Phase_CD2 select
1456   1      #if(_LVDS_PI_PHASE_CD2_SEL <= _LVDS_PHASE16)
1457   1          ucLvdsPhaseH = (ucLvdsPhaseSeedH << (_LVDS_PI_PHASE_CD2_SEL >> 2));
1458   1          ucLvdsPhaseL = (ucLvdsPhaseSeedL << (_LVDS_PI_PHASE_CD2_SEL % 8)) & 0xF0;
1459   1      
1460   1          ScalerSetBit(P55_08_LVDS_COMMON_AB_CTRL8, ~(_BIT3 | _BIT2 | _BIT1 | _BIT0), ((ucLvdsPhaseH >> 4) & 0x0
             -F));
1461   1          ScalerSetByte(P55_09_LVDS_COMMON_AB_CTRL9, (((ucLvdsPhaseH << 4) & 0xF0) | ((ucLvdsPhaseL >> 4) & 0x0F
             -)));
1462   1      #else
                  ScalerSetBit(P55_08_LVDS_COMMON_AB_CTRL8, ~(_BIT3 | _BIT2 | _BIT1 | _BIT0), 0x00);
                  ScalerSetByte(P55_09_LVDS_COMMON_AB_CTRL9, 0x30);
              #endif
1466   1      
1467   1      // PI_Phase_CD3 select
1468   1      #if(_LVDS_PI_PHASE_CD3_SEL <= _LVDS_PHASE16)
C51 COMPILER V9.60.0.0   RL6432_SERIES_DISPLAY                                             09/20/2026 19:44:06 PAGE 27  

1469   1          ucLvdsPhaseH = (ucLvdsPhaseSeedH << (_LVDS_PI_PHASE_CD3_SEL >> 2));
1470   1          ucLvdsPhaseL = (ucLvdsPhaseSeedL << (_LVDS_PI_PHASE_CD3_SEL % 8)) & 0xF0;
1471   1      
1472   1          ScalerSetBit(P55_0A_LVDS_COMMON_AB_CTRL10, ~(_BIT3 | _BIT2 | _BIT1 | _BIT0), ((ucLvdsPhaseH >> 4) & 0x
             -0F));
1473   1          ScalerSetByte(P55_0B_LVDS_COMMON_AB_CTRL11, (((ucLvdsPhaseH << 4) & 0xF0) | ((ucLvdsPhaseL >> 4) & 0x0
             -F)));
1474   1      #else
                  ScalerSetBit(P55_0A_LVDS_COMMON_AB_CTRL10, ~(_BIT3 | _BIT2 | _BIT1 | _BIT0), 0x00);
                  ScalerSetByte(P55_0B_LVDS_COMMON_AB_CTRL11, 0x30);
              #endif
1478   1      
1479   1          // Set Port A Phase selection (Analog Port B)
1480   1          ScalerSetBit(P15_34_LVDS_PORTB_CTRL4, ~(_BIT3 | _BIT2 | _BIT1 | _BIT0), ((_LVDS_A0_PHASE << 2) | (_LVD
             -S_A1_PHASE << 0)));
1481   1          ScalerSetByte(P15_35_LVDS_PORTB_CTRL5, ((_LVDS_A2_PHASE << 6) | (_LVDS_AC_PHASE << 4) | (_LVDS_A3_PHAS
             -E << 2) | (_LVDS_A4_PHASE << 0)));
1482   1      
1483   1          // Set Port B Phase selection (Analog Port A)
1484   1          ScalerSetBit(P15_24_LVDS_PORTA_CTRL4, ~(_BIT3 | _BIT2 | _BIT1 | _BIT0), ((_LVDS_B0_PHASE << 2) | (_LVD
             -S_B1_PHASE << 0)));
1485   1          ScalerSetByte(P15_25_LVDS_PORTA_CTRL5, ((_LVDS_B2_PHASE << 6) | (_LVDS_BC_PHASE << 4) | (_LVDS_B3_PHAS
             -E << 2) | (_LVDS_B4_PHASE << 0)));
1486   1      
1487   1          // Set Port C Phase selection (Analog Port B)
1488   1          ScalerSetBit(P55_34_LVDS_PORTB_CTRL4, ~(_BIT3 | _BIT2 | _BIT1 | _BIT0), ((_LVDS_C0_PHASE << 2) | (_LVD
             -S_C1_PHASE << 0)));
1489   1          ScalerSetByte(P55_35_LVDS_PORTB_CTRL5, ((_LVDS_C2_PHASE << 6) | (_LVDS_CC_PHASE << 4) | (_LVDS_C3_PHAS
             -E << 2) | (_LVDS_C4_PHASE << 0)));
1490   1      
1491   1          // Set Port D Phase selection (Analog Port A)
1492   1          ScalerSetBit(P55_24_LVDS_PORTA_CTRL4, ~(_BIT3 | _BIT2 | _BIT1 | _BIT0), ((_LVDS_D0_PHASE << 2) | (_LVD
             -S_D1_PHASE << 0)));
1493   1          ScalerSetByte(P55_25_LVDS_PORTA_CTRL5, ((_LVDS_D2_PHASE << 6) | (_LVDS_DC_PHASE << 4) | (_LVDS_D3_PHAS
             -E << 2) | (_LVDS_D4_PHASE << 0)));
1494   1      
1495   1          // Set LVDS PI Control Enable, and Set LVDS ckpixel_inv Falling Edge
1496   1          ScalerSetBit(P15_03_LVDS_COMMON_AB_CTRL3, ~(_BIT4 | _BIT1 | _BIT0), _BIT0);
1497   1          ScalerSetBit(P55_03_LVDS_COMMON_AB_CTRL3, ~(_BIT4 | _BIT1 | _BIT0), _BIT0);
1498   1      }
1499          
1500          //--------------------------------------------------
1501          // Description  : LVDS Slew rate Contorl
1502          // Input Value  : None
1503          // Output Value : None
1504          //--------------------------------------------------
1505          void ScalerDisplayLvdsSlewRateConrol(void)
1506          {
1507   1      #if(_LVDS_SR_CONTROL == _LVDS_SR_CONTROL_0)
1508   1      
1509   1          ScalerSetBit(P15_22_LVDS_PORTA_CTRL2, ~(_BIT7 | _BIT6 | _BIT5 | _BIT4 | _BIT3 | _BIT2 | _BIT1 | _BIT0)
             -, 0x00);
1510   1          ScalerSetBit(P15_32_LVDS_PORTB_CTRL2, ~(_BIT7 | _BIT6 | _BIT5 | _BIT4 | _BIT3 | _BIT2 | _BIT1 | _BIT0)
             -, 0x00);
1511   1      
1512   1          ScalerSetBit(P55_22_LVDS_PORTA_CTRL2, ~(_BIT7 | _BIT6 | _BIT5 | _BIT4 | _BIT3 | _BIT2 | _BIT1 | _BIT0)
             -, 0x00);
1513   1          ScalerSetBit(P55_32_LVDS_PORTB_CTRL2, ~(_BIT7 | _BIT6 | _BIT5 | _BIT4 | _BIT3 | _BIT2 | _BIT1 | _BIT0)
             -, 0x00);
1514   1      
1515   1      #elif(_LVDS_SR_CONTROL == _LVDS_SR_CONTROL_1)
              
C51 COMPILER V9.60.0.0   RL6432_SERIES_DISPLAY                                             09/20/2026 19:44:06 PAGE 28  

                  ScalerSetBit(P15_22_LVDS_PORTA_CTRL2, ~(_BIT7 | _BIT6 | _BIT5 | _BIT4 | _BIT3 | _BIT2 | _BIT1 | _BIT0)
             -, (_BIT6));
                  ScalerSetBit(P15_32_LVDS_PORTB_CTRL2, ~(_BIT7 | _BIT6 | _BIT5 | _BIT4 | _BIT3 | _BIT2 | _BIT1 | _BIT0)
             -, (_BIT6));
              
                  ScalerSetBit(P55_22_LVDS_PORTA_CTRL2, ~(_BIT7 | _BIT6 | _BIT5 | _BIT4 | _BIT3 | _BIT2 | _BIT1 | _BIT0)
             -, (_BIT6));
                  ScalerSetBit(P55_32_LVDS_PORTB_CTRL2, ~(_BIT7 | _BIT6 | _BIT5 | _BIT4 | _BIT3 | _BIT2 | _BIT1 | _BIT0)
             -, (_BIT6));
              
              #elif(_LVDS_SR_CONTROL == _LVDS_SR_CONTROL_2)
              
                  ScalerSetBit(P15_22_LVDS_PORTA_CTRL2, ~(_BIT7 | _BIT6 | _BIT5 | _BIT4 | _BIT3 | _BIT2 | _BIT1 | _BIT0)
             -, (_BIT6 | _BIT5 | _BIT4 | _BIT3 | _BIT2 | _BIT1 | _BIT0));
                  ScalerSetBit(P15_32_LVDS_PORTB_CTRL2, ~(_BIT7 | _BIT6 | _BIT5 | _BIT4 | _BIT3 | _BIT2 | _BIT1 | _BIT0)
             -, (_BIT6 | _BIT5 | _BIT4 | _BIT3 | _BIT2 | _BIT1 | _BIT0));
              
                  ScalerSetBit(P55_22_LVDS_PORTA_CTRL2, ~(_BIT7 | _BIT6 | _BIT5 | _BIT4 | _BIT3 | _BIT2 | _BIT1 | _BIT0)
             -, (_BIT6 | _BIT5 | _BIT4 | _BIT3 | _BIT2 | _BIT1 | _BIT0));
                  ScalerSetBit(P55_32_LVDS_PORTB_CTRL2, ~(_BIT7 | _BIT6 | _BIT5 | _BIT4 | _BIT3 | _BIT2 | _BIT1 | _BIT0)
             -, (_BIT6 | _BIT5 | _BIT4 | _BIT3 | _BIT2 | _BIT1 | _BIT0));
              
              #elif(_LVDS_SR_CONTROL == _LVDS_SR_CONTROL_3)
              
                  ScalerSetBit(P15_22_LVDS_PORTA_CTRL2, ~(_BIT7 | _BIT6 | _BIT5 | _BIT4 | _BIT3 | _BIT2 | _BIT1 | _BIT0)
             -, (_BIT7 | _BIT6 | _BIT5 | _BIT4 | _BIT3 | _BIT2 | _BIT1 | _BIT0));
                  ScalerSetBit(P15_32_LVDS_PORTB_CTRL2, ~(_BIT7 | _BIT6 | _BIT5 | _BIT4 | _BIT3 | _BIT2 | _BIT1 | _BIT0)
             -, (_BIT7 | _BIT6 | _BIT5 | _BIT4 | _BIT3 | _BIT2 | _BIT1 | _BIT0));
              
                  ScalerSetBit(P55_22_LVDS_PORTA_CTRL2, ~(_BIT7 | _BIT6 | _BIT5 | _BIT4 | _BIT3 | _BIT2 | _BIT1 | _BIT0)
             -, (_BIT7 | _BIT6 | _BIT5 | _BIT4 | _BIT3 | _BIT2 | _BIT1 | _BIT0));
                  ScalerSetBit(P55_32_LVDS_PORTB_CTRL2, ~(_BIT7 | _BIT6 | _BIT5 | _BIT4 | _BIT3 | _BIT2 | _BIT1 | _BIT0)
             -, (_BIT7 | _BIT6 | _BIT5 | _BIT4 | _BIT3 | _BIT2 | _BIT1 | _BIT0));
              
              #endif // #if(_LVDS_SR_CONTROL == _LVDS_SR_CONTROL_0)
1540   1      }
1541          
1542          #if((_LVDS_PORT_SEL == _LVDS_1_PORT_A) || (_LVDS_PORT_SEL == _LVDS_1_PORT_B) || (_LVDS_PORT_SEL == _LVDS_2
             -_PORT_AB) || (_LVDS_PORT_SEL == _LVDS_4_PORT_ABCD))
1543          //--------------------------------------------------
1544          // Description  : Manual set LVDS VCO band
1545          // Input Value  : ucVcoBand
1546          // Output Value : None
1547          //--------------------------------------------------
1548          void ScalerDisplayLvdsSetVcoBand(BYTE ucVcoBand)
1549          {
1550   1          ScalerSetBit(P15_0E_LVDS_COMMON_AB_CTRL14, ~(_BIT1 | _BIT0), ucVcoBand);
1551   1          ScalerSetBit(P55_0E_LVDS_COMMON_AB_CTRL14, ~(_BIT1 | _BIT0), ucVcoBand);
1552   1      }
1553          
1554          //--------------------------------------------------
1555          // Description  : Set LVDS PI Operation band
1556          // Input Value  : ucPhaseBand
1557          // Output Value : None
1558          //--------------------------------------------------
1559          void ScalerDisplayLvdsSetPhaseBand(BYTE ucPhaseBand)
1560          {
1561   1          ScalerSetBit(P15_03_LVDS_COMMON_AB_CTRL3, ~(_BIT6 | _BIT5), ucPhaseBand);
1562   1          ScalerSetBit(P15_04_LVDS_COMMON_AB_CTRL4, ~(_BIT6 | _BIT5), ucPhaseBand);
1563   1          ScalerSetBit(P15_06_LVDS_COMMON_AB_CTRL6, ~(_BIT6 | _BIT5), ucPhaseBand);
1564   1          ScalerSetBit(P15_08_LVDS_COMMON_AB_CTRL8, ~(_BIT6 | _BIT5), ucPhaseBand);
1565   1          ScalerSetBit(P15_0A_LVDS_COMMON_AB_CTRL10, ~(_BIT6 | _BIT5), ucPhaseBand);
C51 COMPILER V9.60.0.0   RL6432_SERIES_DISPLAY                                             09/20/2026 19:44:06 PAGE 29  

1566   1          ScalerSetBit(P55_03_LVDS_COMMON_AB_CTRL3, ~(_BIT6 | _BIT5), ucPhaseBand);
1567   1          ScalerSetBit(P55_04_LVDS_COMMON_AB_CTRL4, ~(_BIT6 | _BIT5), ucPhaseBand);
1568   1          ScalerSetBit(P55_06_LVDS_COMMON_AB_CTRL6, ~(_BIT6 | _BIT5), ucPhaseBand);
1569   1          ScalerSetBit(P55_08_LVDS_COMMON_AB_CTRL8, ~(_BIT6 | _BIT5), ucPhaseBand);
1570   1          ScalerSetBit(P55_0A_LVDS_COMMON_AB_CTRL10, ~(_BIT6 | _BIT5), ucPhaseBand);
1571   1      }
1572          #endif
1573          
1574          //--------------------------------------------------
1575          // Description  : Get LVDS Power Status
1576          // Input Value  : None
1577          // Output Value : _TRUE: Power On   _FALSE: Power Down
1578          //--------------------------------------------------
1579          bit ScalerDisplayGetLvdsPowerStatus(void)
1580          {
1581   1          return (bit)((ScalerGetBit(P15_00_LVDS_COMMON_AB_CTRL0, _BIT3)) | (ScalerGetBit(P55_00_LVDS_COMMON_AB_
             -CTRL0, _BIT3)));
1582   1      }
1583          
1584          //--------------------------------------------------
1585          // Description  : LVDS PLL(Data) Power Control
1586          // Input Value  : _ON or _OFF
1587          // Output Value : None
1588          //--------------------------------------------------
1589          void ScalerDisplayLvdsPLL(bit bOn)
1590          {
1591   1          if(bOn == _ON)
1592   1          {
1593   2      #if((_LVDS_PORT_SEL == _LVDS_1_PORT_A) || (_LVDS_PORT_SEL == _LVDS_1_PORT_B) || (_LVDS_PORT_SEL == _LVDS_2
             -_PORT_AB))
1594   2      
1595   2              // Power Up LVDS Port AB PLL
1596   2              ScalerSetBit(P15_00_LVDS_COMMON_AB_CTRL0, ~(_BIT4 | _BIT3 | _BIT2 | _BIT1 | _BIT0), (_BIT4 | _BIT3
             -));
1597   2      
1598   2      #elif((_LVDS_PORT_SEL == _LVDS_1_PORT_C) || (_LVDS_PORT_SEL == _LVDS_1_PORT_D) || (_LVDS_PORT_SEL == _LVDS
             -_2_PORT_CD))
              
                      // Power Up LVDS Port CD PLL
                      ScalerSetBit(P55_00_LVDS_COMMON_AB_CTRL0, ~(_BIT4 | _BIT3 | _BIT2 | _BIT1 | _BIT0), (_BIT4 | _BIT3
             -));
              
              #elif(_LVDS_PORT_SEL == _LVDS_4_PORT_ABCD)
              
                      // Power Up LVDS Port ABCD PLL
                      ScalerSetBit(P15_00_LVDS_COMMON_AB_CTRL0, ~(_BIT4 | _BIT3 | _BIT2 | _BIT1 | _BIT0), (_BIT4 | _BIT3
             -));
                      ScalerSetBit(P55_00_LVDS_COMMON_AB_CTRL0, ~(_BIT4 | _BIT3 | _BIT2 | _BIT1 | _BIT0), (_BIT4 | _BIT3
             -));
              
              #endif // #if((_LVDS_PORT_SEL == _LVDS_1_PORT_A) || (_LVDS_PORT_SEL == _LVDS_1_PORT_B) || (_LVDS_PORT_SEL 
             -== _LVDS_2_PORT_AB))
1610   2      
1611   2              // Wait for LVDS PLL stable
1612   2              ScalerTimerDelayXms(2);
1613   2      
1614   2              // Set LVDS CLK Signal
1615   2              ScalerSetByte(P39_1D_LVDS_CLK_CTRL, 0xE3);
1616   2      
1617   2      #if(_LVDS_NO_VCM_LEVEL_BEFORE_DATA == _ON)
                      // Set DISP mode is LVDS
                      ScalerSetBit(P39_00_LVDS_DISP_TYPE, ~(_BIT2 | _BIT1 | _BIT0), _BIT0);
C51 COMPILER V9.60.0.0   RL6432_SERIES_DISPLAY                                             09/20/2026 19:44:06 PAGE 30  

              
                      // Set LVDS Pinshare is LVDS
                      ScalerDisplayLvdsPinshareSetting(_LVDS_TYPE);
              
              #if(_LVDS_SETTING_CONTROL_BY_USER == _DISABLE)
                      // Disable Weakly Pull Down
                      ScalerSetBit(P15_36_LVDS_PORTB_CTRL6, ~_BIT7, 0x00);
                      ScalerSetBit(P15_26_LVDS_PORTA_CTRL6, ~_BIT7, 0x00);
                      ScalerSetBit(P55_36_LVDS_PORTB_CTRL6, ~_BIT7, 0x00);
                      ScalerSetBit(P55_26_LVDS_PORTA_CTRL6, ~_BIT7, 0x00);
              #endif
              #endif
1632   2          }
1633   1          else
1634   1          {
1635   2      #if((_LVDS_PORT_SEL == _LVDS_1_PORT_A) || (_LVDS_PORT_SEL == _LVDS_1_PORT_B) || (_LVDS_PORT_SEL == _LVDS_2
             -_PORT_AB))
1636   2      
1637   2              // Power Down LVDS Port AB PLL
1638   2              ScalerSetBit(P15_00_LVDS_COMMON_AB_CTRL0, ~(_BIT4 | _BIT3 | _BIT2 | _BIT1 | _BIT0), (_BIT2));
1639   2      
1640   2      #elif((_LVDS_PORT_SEL == _LVDS_1_PORT_C) || (_LVDS_PORT_SEL == _LVDS_1_PORT_D) || (_LVDS_PORT_SEL == _LVDS
             -_2_PORT_CD))
              
                      // Power Down LVDS Port CD PLL
                      ScalerSetBit(P55_00_LVDS_COMMON_AB_CTRL0, ~(_BIT4 | _BIT3 | _BIT2 | _BIT1 | _BIT0), (_BIT2));
              
              #elif(_LVDS_PORT_SEL == _LVDS_4_PORT_ABCD)
              
                      // Power Down LVDS Port ABCD PLL
                      ScalerSetBit(P15_00_LVDS_COMMON_AB_CTRL0, ~(_BIT4 | _BIT3 | _BIT2 | _BIT1 | _BIT0), (_BIT2));
                      ScalerSetBit(P55_00_LVDS_COMMON_AB_CTRL0, ~(_BIT4 | _BIT3 | _BIT2 | _BIT1 | _BIT0), (_BIT2));
              
              #endif // #if((_LVDS_PORT_SEL == _LVDS_1_PORT_A) || (_LVDS_PORT_SEL == _LVDS_1_PORT_B) || (_LVDS_PORT_SEL 
             -== _LVDS_2_PORT_AB))
1652   2      
1653   2              // Disable LVDS CLK Signal, and Set To DC Level
1654   2              ScalerSetByte(P39_1D_LVDS_CLK_CTRL, 0x00);
1655   2      
1656   2      #if(_LVDS_NO_VCM_LEVEL_BEFORE_DATA == _ON)
                      // Set DISP mode is Hiz
                      ScalerSetBit(P39_00_LVDS_DISP_TYPE, ~(_BIT2 | _BIT1 | _BIT0), _BIT1);
              
                      // Set LVDS Pinshare is Hiz
                      ScalerDisplayLvdsPinshareSetting(_GPIO_TYPE);
              
              #if(_LVDS_SETTING_CONTROL_BY_USER == _DISABLE)
                      // Enable Weakly Pull Down
                      ScalerSetBit(P15_36_LVDS_PORTB_CTRL6, ~_BIT7, _BIT7);
                      ScalerSetBit(P15_26_LVDS_PORTA_CTRL6, ~_BIT7, _BIT7);
                      ScalerSetBit(P55_36_LVDS_PORTB_CTRL6, ~_BIT7, _BIT7);
                      ScalerSetBit(P55_26_LVDS_PORTA_CTRL6, ~_BIT7, _BIT7);
              #endif
              #endif
1671   2          }
1672   1      }
1673          
1674          #if(_LVDS_NO_VCM_LEVEL_BEFORE_DATA == _ON)
              //--------------------------------------------------
              // Description  : LVDS PinShare Setting
              // Input Value  : _LVDS_TYPE or _HIZ_TYPE
              // Output Value : None
C51 COMPILER V9.60.0.0   RL6432_SERIES_DISPLAY                                             09/20/2026 19:44:06 PAGE 31  

              //--------------------------------------------------
              void ScalerDisplayLvdsPinshareSetting(EnumLvdsPinshareType enumLvdsPinshareType)
              {
                  if(enumLvdsPinshareType == _LVDS_TYPE)
                  {
              #if((_LVDS_PORT_SEL == _LVDS_1_PORT_A) || (_LVDS_PORT_SEL == _LVDS_2_PORT_AB) || (_LVDS_PORT_SEL == _LVDS_
             -4_PORT_ABCD))
                      if(_PANEL_DISP_BIT_MODE == _PANEL_DISP_30_BIT)
                      {
                          // TXA4P TXA4N Pinshare
                          ScalerSetByte(P10_4F_PIN_SHARE_CTRLB7, 0x04);
                          ScalerSetByte(P10_50_PIN_SHARE_CTRLC0, 0x04);
                      }
                      // TXA0P TXA0N~ TXA3P TXA3N Pinshare
                      ScalerSetByte(P10_51_PIN_SHARE_CTRLC1, 0x04);
                      ScalerSetByte(P10_52_PIN_SHARE_CTRLC2, 0x04);
                      ScalerSetByte(P10_53_PIN_SHARE_CTRLC3, 0x04);
                      ScalerSetByte(P10_54_PIN_SHARE_CTRLC4, 0x04);
                      ScalerSetByte(P10_55_PIN_SHARE_CTRLC5, 0x04);
                      ScalerSetByte(P10_56_PIN_SHARE_CTRLC6, 0x04);
                      ScalerSetByte(P10_57_PIN_SHARE_CTRLC7, 0x04);
                      ScalerSetByte(P10_58_PIN_SHARE_CTRLD0, 0x04);
                      ScalerSetByte(P10_59_PIN_SHARE_CTRLD1, 0x04);
                      ScalerSetByte(P10_5A_PIN_SHARE_CTRLD2, 0x04);
              #endif
              
              #if((_LVDS_PORT_SEL == _LVDS_1_PORT_B) || (_LVDS_PORT_SEL == _LVDS_2_PORT_AB) || (_LVDS_PORT_SEL == _LVDS_
             -4_PORT_ABCD))
                      if(_PANEL_DISP_BIT_MODE == _PANEL_DISP_30_BIT)
                      {
                          // TXB4P TXB4N Pinshare
                          ScalerSetByte(P10_45_PIN_SHARE_CTRLA5, 0x04);
                          ScalerSetByte(P10_46_PIN_SHARE_CTRLA6, 0x04);
                      }
                      // TXB0P TXB0N~ TXB3P TXB3N Pinshare
                      ScalerSetByte(P10_47_PIN_SHARE_CTRLA7, 0x04);
                      ScalerSetByte(P10_48_PIN_SHARE_CTRLB0, 0x04);
                      ScalerSetByte(P10_49_PIN_SHARE_CTRLB1, 0x04);
                      ScalerSetByte(P10_4A_PIN_SHARE_CTRLB2, 0x04);
                      ScalerSetByte(P10_4B_PIN_SHARE_CTRLB3, 0x04);
                      ScalerSetByte(P10_4C_PIN_SHARE_CTRLB4, 0x04);
                      ScalerSetByte(P10_4D_PIN_SHARE_CTRLB5, 0x04);
                      ScalerSetByte(P10_4E_PIN_SHARE_CTRLB6, 0x04);
              #endif
                  }
                  else if(enumLvdsPinshareType == _GPIO_TYPE)
                  {
              #if((_LVDS_PORT_SEL == _LVDS_1_PORT_B) || (_LVDS_PORT_SEL == _LVDS_2_PORT_AB) || (_LVDS_PORT_SEL == _LVDS_
             -4_PORT_ABCD))
              
                      // For 24 bit Panel need use B port LVDS GPIO
                      if(_PANEL_DISP_BIT_MODE == _PANEL_DISP_30_BIT)
                      {
                          ScalerSetBit(P10_45_PIN_SHARE_CTRLA5, ~(_BIT2 | _BIT1 | _BIT0), _BIT1);
                          ScalerSetBit(P10_46_PIN_SHARE_CTRLA6, ~(_BIT2 | _BIT1 | _BIT0), _BIT1);
                      }
                      // Use Push Pull Replace Weakly/Strong Pull Down because need use LVDS GPIO
                      ScalerSetBit(P10_47_PIN_SHARE_CTRLA7, ~(_BIT2 | _BIT1 | _BIT0), _BIT1);
                      ScalerSetBit(P10_48_PIN_SHARE_CTRLB0, ~(_BIT2 | _BIT1 | _BIT0), _BIT1);
                      ScalerSetBit(P10_49_PIN_SHARE_CTRLB1, ~(_BIT2 | _BIT1 | _BIT0), _BIT1);
                      ScalerSetBit(P10_4A_PIN_SHARE_CTRLB2, ~(_BIT2 | _BIT1 | _BIT0), _BIT1);
                      ScalerSetBit(P10_4B_PIN_SHARE_CTRLB3, ~(_BIT2 | _BIT1 | _BIT0), _BIT1);
C51 COMPILER V9.60.0.0   RL6432_SERIES_DISPLAY                                             09/20/2026 19:44:06 PAGE 32  

                      ScalerSetBit(P10_4C_PIN_SHARE_CTRLB4, ~(_BIT2 | _BIT1 | _BIT0), _BIT1);
                      ScalerSetBit(P10_4D_PIN_SHARE_CTRLB5, ~(_BIT2 | _BIT1 | _BIT0), _BIT1);
                      ScalerSetBit(P10_4E_PIN_SHARE_CTRLB6, ~(_BIT2 | _BIT1 | _BIT0), _BIT1);
              #endif
              
              #if((_LVDS_PORT_SEL == _LVDS_1_PORT_A) || (_LVDS_PORT_SEL == _LVDS_2_PORT_AB) || (_LVDS_PORT_SEL == _LVDS_
             -4_PORT_ABCD))
              
                      // For 24 bit Panel need use A port LVDS GPIO
                      if(_PANEL_DISP_BIT_MODE == _PANEL_DISP_30_BIT)
                      {
                          ScalerSetBit(P10_4F_PIN_SHARE_CTRLB7, ~(_BIT2 | _BIT1 | _BIT0), _BIT1);
                          ScalerSetBit(P10_50_PIN_SHARE_CTRLC0, ~(_BIT2 | _BIT1 | _BIT0), _BIT1);
                      }
              
                      // Use Push Pull Replace Weakly/Strong Pull Down because need use LVDS GPIO
                      ScalerSetBit(P10_51_PIN_SHARE_CTRLC1, ~(_BIT2 | _BIT1 | _BIT0), _BIT1);
                      ScalerSetBit(P10_52_PIN_SHARE_CTRLC2, ~(_BIT2 | _BIT1 | _BIT0), _BIT1);
                      ScalerSetBit(P10_53_PIN_SHARE_CTRLC3, ~(_BIT2 | _BIT1 | _BIT0), _BIT1);
                      ScalerSetBit(P10_54_PIN_SHARE_CTRLC4, ~(_BIT2 | _BIT1 | _BIT0), _BIT1);
                      ScalerSetBit(P10_55_PIN_SHARE_CTRLC5, ~(_BIT2 | _BIT1 | _BIT0), _BIT1);
                      ScalerSetBit(P10_56_PIN_SHARE_CTRLC6, ~(_BIT2 | _BIT1 | _BIT0), _BIT1);
                      ScalerSetBit(P10_57_PIN_SHARE_CTRLC7, ~(_BIT2 | _BIT1 | _BIT0), _BIT1);
                      ScalerSetBit(P10_58_PIN_SHARE_CTRLD0, ~(_BIT2 | _BIT1 | _BIT0), _BIT1);
                      ScalerSetBit(P10_59_PIN_SHARE_CTRLD1, ~(_BIT2 | _BIT1 | _BIT0), _BIT1);
                      ScalerSetBit(P10_5A_PIN_SHARE_CTRLD2, ~(_BIT2 | _BIT1 | _BIT0), _BIT1);
              #endif
                  }
              }
              #endif
1767          
1768          #elif(_PANEL_STYLE == _PANEL_DPTX)
              //--------------------------------------------------
              // Description  : LVDS Pad Power Control --> eDP Panel
              // Input Value  : _ON or _OFF
              // Output Value : None
              //--------------------------------------------------
              void ScalerDisplayUseLvdsPadPower(bit bOn)
              {
                  // Disable Weakly / Strongly Pull Down
                  ScalerSetBit(P15_26_LVDS_PORTA_CTRL6, ~(_BIT7 | _BIT6), 0x00);
                  ScalerSetBit(P15_36_LVDS_PORTB_CTRL6, ~(_BIT7 | _BIT6), 0x00);
              
                  if(bOn == _ON)
                  {
                      // Power Up Port AB LVDS Block
                      ScalerSetBit(P15_00_LVDS_COMMON_AB_CTRL0, ~(_BIT6 | _BIT5), (_BIT6 | _BIT5));
                  }
                  else
                  {
                      // Power Down Port AB LVDS Block
                      ScalerSetBit(P15_00_LVDS_COMMON_AB_CTRL0, ~(_BIT6 | _BIT5), 0x00);
                  }
              }
              #endif // End of #if(_PANEL_STYLE == _PANEL_LVDS)
1792          
*** WARNING C294 IN LINE 304 OF Kernel\Scaler\RL6432_Series_Scaler\Code\RL6432_Series_Display.c: unreachable code
*** WARNING C294 IN LINE 322 OF Kernel\Scaler\RL6432_Series_Scaler\Code\RL6432_Series_Display.c: unreachable code
*** WARNING C294 IN LINE 366 OF Kernel\Scaler\RL6432_Series_Scaler\Code\RL6432_Series_Display.c: unreachable code
*** WARNING C294 IN LINE 385 OF Kernel\Scaler\RL6432_Series_Scaler\Code\RL6432_Series_Display.c: unreachable code


C51 COMPILER V9.60.0.0   RL6432_SERIES_DISPLAY                                             09/20/2026 19:44:06 PAGE 33  

MODULE INFORMATION:   STATIC OVERLAYABLE
   CODE SIZE        =   1200    ----
   CONSTANT SIZE    =   ----    ----
   XDATA SIZE       =   ----    ----
   PDATA SIZE       =   ----    ----
   DATA SIZE        =   ----    ----
   IDATA SIZE       =   ----    ----
   BIT SIZE         =   ----       7
END OF MODULE INFORMATION.


C51 COMPILATION COMPLETE.  4 WARNING(S),  0 ERROR(S)
