C51 COMPILER V9.60.0.0   RL6432_SERIES_MCU                                                 09/20/2026 19:44:16 PAGE 1   


C51 COMPILER V9.60.0.0, COMPILATION OF MODULE RL6432_SERIES_MCU
OBJECT MODULE PLACED IN .\Output\RL6432_Project\RL6432_Series_Mcu.obj
COMPILER INVOKED BY: C:\Keil_v5\C51\BIN\C51.EXE Kernel\Scaler\RL6432_Series_Scaler\Code\RL6432_Series_Mcu.c LARGE OPTIMI
                    -ZE(9,SPEED) INCDIR(.\Output\RL6432;.\Project\Header;.\Pcb;.\Panel;.\Kernel\Device\Header;.\Kernel\Common;.\Kernel\System
                    -\Header;.\Kernel\Scaler\ScalerFunction\Header;.\Kernel\Scaler\ScalerCommonFunction\Header;.\Kernel\Scaler\ScalerFunction
                    -\Lib\Header;.\Kernel\Scaler\ScalerCommonFunction\Lib\Header;.\Kernel\Scaler\RL6432_Series_Scaler\Header;.\Kernel\Scaler\
                    -RL6432_Series_Common\Header;.\Kernel\Scaler\RL6432_Series_Scaler\Lib\Header;.\Kernel\Scaler\RL6432_Series_Common\Lib\Hea
                    -der;.\Kernel\User Common Function\Header;.\User\RTD Series\RTD2014Function\Header;.\User\RTD Series\RTD2014Osd\Header;.\
                    -User\RTD Factory\Header;.\User\None Series\NoneFunction\Header;.\User\None Series\NoneOsd\Header;.\User\None Factory\Hea
                    -der) DEFINE(_PROJECT=_RL6432_PROJECT,_SCALER_TYPE=_RL6432_SERIES) DEBUG OBJECTEXTEND PRINT(.\Output\RL6432_Project\RL643
                    -2_Series_Mcu.lst) TABS(2) OBJECT(.\Output\RL6432_Project\RL6432_Series_Mcu.obj)

line level    source

   1          /********************************************************************************/
   2          /*   Copyright (c) 2021 Realtek Semiconductor Corp. All rights reserved.        */
   3          /*                                                                              */
   4          /*   SPDX-License-Identifier: LicenseRef-Realtek-Proprietary                    */
   5          /*                                                                              */
   6          /*   This software component is confidential and proprietary to Realtek         */
   7          /*   Semiconductor Corp. Disclosure, reproduction, redistribution, in whole     */
   8          /*   or in part, of this work and its derivatives without express permission    */
   9          /*   is prohibited.                                                             */
  10          /********************************************************************************/
  11          
  12          //----------------------------------------------------------------------------------------------------
  13          // ID Code      : RL6432_Series_Mcu.c No.0000
  14          // Update Note  :
  15          //----------------------------------------------------------------------------------------------------
  16          
  17          #define __RL6432_SERIES_MCU__
  18          
  19          #include "ScalerFunctionInclude.h"
  20          
  21          //****************************************************************************
  22          // DEFINITIONS / MACROS
  23          //****************************************************************************
  24          //--------------------------------------------------
  25          // Definitions DDCRAM Address
  26          //--------------------------------------------------
  27          #define _EMBEDDED_DDCRAM_VGA_DDC_ADDRESS                    0xE000
  28          #define _EMBEDDED_DDCRAM_DDC0_ADDRESS                       0xE080
  29          #define _EMBEDDED_DDCRAM_DDC1_ADDRESS                       0xE280
  30          #define _EMBEDDED_DDCRAM_DDC2_ADDRESS                       0xE480
  31          #define _EMBEDDED_DDCRAM_DDC3_ADDRESS                       0xE680
  32          #define _EMBEDDED_DDCRAM_DDC4_ADDRESS                       0xE880
  33          #define _EMBEDDED_DDCRAM_DDC5_ADDRESS                       0xEA80
  34          
  35          #if(_D6_EMBEDDED_DDCRAM_MAX_SIZE != _EDID_SIZE_NONE)
              
              #if(_D6_INPUT_PORT_SWITCH_FROM == _SWITCH_FROM_D0)
              #define _EMBEDDED_DDCRAM_DDC6_ADDRESS                       0xE180
              #endif
              
              #endif
  42          
  43          #define _EMBEDDED_DDCRAM_DDC0_MHL_ADDRESS                   0xE180
  44          #define _EMBEDDED_DDCRAM_DDC1_MHL_ADDRESS                   0xE380
  45          #define _EMBEDDED_DDCRAM_DDC2_MHL_ADDRESS                   0xE580
  46          #define _EMBEDDED_DDCRAM_DDC3_MHL_ADDRESS                   0xE780
  47          #define _EMBEDDED_DDCRAM_DDC4_MHL_ADDRESS                   0xE980
C51 COMPILER V9.60.0.0   RL6432_SERIES_MCU                                                 09/20/2026 19:44:16 PAGE 2   

  48          #define _EMBEDDED_DDCRAM_DDC5_MHL_ADDRESS                   0xEB80
  49          
  50          
  51          //****************************************************************************
  52          // STRUCT / TYPE / ENUM DEFINITTIONS
  53          //****************************************************************************
  54          
  55          //****************************************************************************
  56          // CODE TABLES
  57          //****************************************************************************
  58          
  59          //****************************************************************************
  60          // VARIABLE DECLARATIONS
  61          //****************************************************************************
  62          #if(_A0_EMBEDDED_DDCRAM_MAX_SIZE != _EDID_SIZE_NONE)
  63          BYTE xdata MCU_DDCRAM_A0[_A0_EMBEDDED_DDCRAM_MAX_SIZE]          _at_ _EMBEDDED_DDCRAM_VGA_DDC_ADDRESS;
  64          #endif
  65          
  66          #if(_D0_EMBEDDED_DDCRAM_MAX_SIZE != _EDID_SIZE_NONE)
  67          
  68          #if(_D0_DDC_CHANNEL_SEL == _DDC0)
  69          BYTE xdata MCU_DDCRAM_D0[_D0_EMBEDDED_DDCRAM_MAX_SIZE]          _at_ _EMBEDDED_DDCRAM_DDC0_ADDRESS;
  70          #endif // End of _DDC_CHANNEL_FOR_D0
  71          
  72          #endif // End of #if(_D0_EMBEDDED_DDCRAM_MAX_SIZE != _EDID_SIZE_NONE)
  73          
  74          #if(_D1_EMBEDDED_DDCRAM_MAX_SIZE != _EDID_SIZE_NONE)
              
              #if(_D1_DDC_CHANNEL_SEL == _DDC1)
              BYTE xdata MCU_DDCRAM_D1[_D1_EMBEDDED_DDCRAM_MAX_SIZE]          _at_ _EMBEDDED_DDCRAM_DDC1_ADDRESS;
              #endif // End of _DDC_CHANNEL_FOR_D1
              
              #endif // End of #if(_D1_EMBEDDED_DDCRAM_MAX_SIZE != _EDID_SIZE_NONE)
  81          
  82          #if(_D2_EMBEDDED_DDCRAM_MAX_SIZE != _EDID_SIZE_NONE)
              
              #if(_D2_DDC_CHANNEL_SEL == _DDC2)
              BYTE xdata MCU_DDCRAM_D2[_D2_EMBEDDED_DDCRAM_MAX_SIZE]          _at_ _EMBEDDED_DDCRAM_DDC2_ADDRESS;
              #endif // End of _DDC_CHANNEL_FOR_D2
              
              #endif // End of #if(_D2_EMBEDDED_DDCRAM_MAX_SIZE != _EDID_SIZE_NONE)
  89          
  90          #if(_D3_EMBEDDED_DDCRAM_MAX_SIZE != _EDID_SIZE_NONE)
  91          
  92          #if(_D3_DDC_CHANNEL_SEL == _DDC3)
  93          BYTE xdata MCU_DDCRAM_D3[_D3_EMBEDDED_DDCRAM_MAX_SIZE]          _at_ _EMBEDDED_DDCRAM_DDC3_ADDRESS;
  94          #endif // End of _DDC_CHANNEL_FOR_D3
  95          
  96          #endif // End of #if(_D3_EMBEDDED_DDCRAM_MAX_SIZE != _EDID_SIZE_NONE)
  97          
  98          #if(_D6_EMBEDDED_DDCRAM_MAX_SIZE != _EDID_SIZE_NONE)
              BYTE xdata MCU_DDCRAM_D6[_D6_EMBEDDED_DDCRAM_MAX_SIZE]          _at_ _EMBEDDED_DDCRAM_DDC6_ADDRESS;
              #endif
 101          
 102          #if(_D0_MHL_EMBEDDED_DDCRAM_SIZE != _EDID_SIZE_NONE)
              BYTE xdata MCU_DDCRAM_MHL_D0[_D0_MHL_EMBEDDED_DDCRAM_SIZE]  _at_ _EMBEDDED_DDCRAM_DDC0_MHL_ADDRESS;
              #endif
 105          
 106          #if(_D1_MHL_EMBEDDED_DDCRAM_SIZE != _EDID_SIZE_NONE)
              BYTE xdata MCU_DDCRAM_MHL_D1[_D1_MHL_EMBEDDED_DDCRAM_SIZE]  _at_ _EMBEDDED_DDCRAM_DDC1_MHL_ADDRESS;
              #endif
 109          
C51 COMPILER V9.60.0.0   RL6432_SERIES_MCU                                                 09/20/2026 19:44:16 PAGE 3   

 110          #if(_D2_MHL_EMBEDDED_DDCRAM_SIZE != _EDID_SIZE_NONE)
              BYTE xdata MCU_DDCRAM_MHL_D2[_D2_MHL_EMBEDDED_DDCRAM_SIZE]  _at_ _EMBEDDED_DDCRAM_DDC2_MHL_ADDRESS;
              #endif
 113          
 114          #if(_D3_MHL_EMBEDDED_DDCRAM_SIZE != _EDID_SIZE_NONE)
              BYTE xdata MCU_DDCRAM_MHL_D3[_D3_MHL_EMBEDDED_DDCRAM_SIZE]  _at_ _EMBEDDED_DDCRAM_DDC3_MHL_ADDRESS;
              #endif
 117          
 118          
 119          //--------------------------------------------------
 120          // Cache Controller (Page FD)
 121          //--------------------------------------------------
 122          volatile BYTE xdata MCU_FDA0_CACHE_FUNCTION                         _at_ 0xFDA0;
 123          volatile BYTE xdata MCU_FDA1_CACHE_OPTION                           _at_ 0xFDA1;
 124          volatile BYTE xdata MCU_FDA2_CACHE_START_ADDRESS_H                  _at_ 0xFDA2;
 125          volatile BYTE xdata MCU_FDA3_CACHE_START_ADDRESS_M                  _at_ 0xFDA3;
 126          volatile BYTE xdata MCU_FDA4_CACHE_START_ADDRESS_L                  _at_ 0xFDA4;
 127          volatile BYTE xdata MCU_FDA5_CACHE_END_ADDRESS_H                    _at_ 0xFDA5;
 128          volatile BYTE xdata MCU_FDA6_CACHE_END_ADDRESS_M                    _at_ 0xFDA6;
 129          volatile BYTE xdata MCU_FDA7_CACHE_END_ADDRESS_L                    _at_ 0xFDA7;
 130          volatile BYTE xdata MCU_FDA8_CACHE_START_ADDRESS_H2                 _at_ 0xFDA8;
 131          volatile BYTE xdata MCU_FDA9_CACHE_START_ADDRESS_M2                 _at_ 0xFDA9;
 132          volatile BYTE xdata MCU_FDAA_CACHE_START_ADDRESS_L2                 _at_ 0xFDAA;
 133          volatile BYTE xdata MCU_FDAB_CACHE_END_ADDRESS_H2                   _at_ 0xFDAB;
 134          volatile BYTE xdata MCU_FDAC_CACHE_END_ADDRESS_M2                   _at_ 0xFDAC;
 135          volatile BYTE xdata MCU_FDAD_CACHE_END_ADDRESS_L2                   _at_ 0xFDAD;
 136          volatile BYTE xdata MCU_FDAE_COMMON_START_ADDRESS_H                 _at_ 0xFDAE;
 137          volatile BYTE xdata MCU_FDAF_COMMON_START_ADDRESS_L                 _at_ 0xFDAF;
 138          volatile BYTE xdata MCU_FDB0_COMMON_END_ADDRESS_H                   _at_ 0xFDB0;
 139          volatile BYTE xdata MCU_FDB1_COMMON_END_ADDRESS_L                   _at_ 0xFDB1;
 140          volatile BYTE xdata MCU_FDB2_CACHE_ADDRESS_WILD_CARD                _at_ 0xFDB2;
 141          volatile BYTE xdata MCU_FDB3_PERFORMANCE_METER_CONTROL              _at_ 0xFDB3;
 142          volatile BYTE xdata MCU_FDB4_PERFORMANCE_METER_INTERRUPT            _at_ 0xFDB4;
 143          volatile BYTE xdata MCU_FDB5_PERFORMANCE_METER_STATUS               _at_ 0xFDB5;
 144          volatile BYTE xdata MCU_FDB6_PERFORMANCE_METER_LAST_ADDRESS_H       _at_ 0xFDB6;
 145          volatile BYTE xdata MCU_FDB7_PERFORMANCE_METER_LAST_ADDRESS_M       _at_ 0xFDB7;
 146          volatile BYTE xdata MCU_FDB8_PERFORMANCE_METER_LAST_ADDRESS_L       _at_ 0xFDB8;
 147          volatile BYTE xdata MCU_FDB9_PERFORMANCE_METER_REF_COUNT_H          _at_ 0xFDB9;
 148          volatile BYTE xdata MCU_FDBA_PERFORMANCE_METER_REF_COUNT_M1         _at_ 0xFDBA;
 149          volatile BYTE xdata MCU_FDBB_PERFORMANCE_METER_REF_COUNT_M0         _at_ 0xFDBB;
 150          volatile BYTE xdata MCU_FDBC_PERFORMANCE_METER_REF_COUNT_L          _at_ 0xFDBC;
 151          volatile BYTE xdata MCU_FDBD_PERFORMANCE_METER_MISS_COUNT_H         _at_ 0xFDBD;
 152          volatile BYTE xdata MCU_FDBE_PERFORMANCE_METER_MISS_COUNT_M1        _at_ 0xFDBE;
 153          volatile BYTE xdata MCU_FDBF_PERFORMANCE_METER_MISS_COUNT_M0        _at_ 0xFDBF;
 154          volatile BYTE xdata MCU_FDC0_PERFORMANCE_METER_MISS_COUNT_L         _at_ 0xFDC0;
 155          volatile BYTE xdata MCU_FDC1_PERFORMANCE_METER_MEM_RESTART_H        _at_ 0xFDC1;
 156          volatile BYTE xdata MCU_FDC2_PERFORMANCE_METER_MEM_RESTART_M1       _at_ 0xFDC2;
 157          volatile BYTE xdata MCU_FDC3_PERFORMANCE_METER_MEM_RESTART_M0       _at_ 0xFDC3;
 158          volatile BYTE xdata MCU_FDC4_PERFORMANCE_METER_MEM_RESTART_L        _at_ 0xFDC4;
 159          volatile BYTE xdata MCU_FDC5_PERFORMANCE_METER_CRC_H                _at_ 0xFDC5;
 160          volatile BYTE xdata MCU_FDC6_PERFORMANCE_METER_CRC_L                _at_ 0xFDC6;
 161          volatile BYTE xdata MCU_FDC7_CACHE_CONTENT_ADDRESS_H                _at_ 0xFDC7;
 162          volatile BYTE xdata MCU_FDC8_CACHE_CONTENT_ADDRESS_L                _at_ 0xFDC8;
 163          volatile BYTE xdata MCU_FDC9_CACHE_CONTENT_DATA                     _at_ 0xFDC9;
 164          volatile BYTE xdata MCU_FDCA_CACHE_SRAM_BIST_CTRL                   _at_ 0xFDCA;
 165          volatile BYTE xdata MCU_FDCB_CACHE_SRAM_DRF_BIST_CTRL               _at_ 0xFDCB;
 166          volatile BYTE xdata MCU_FDCC_CACHE_LOAD_CTRL                        _at_ 0xFDCC;
 167          
 168          
 169          //--------------------------------------------------
 170          // EMCU GPIO Control (Page FE)
 171          //--------------------------------------------------
C51 COMPILER V9.60.0.0   RL6432_SERIES_MCU                                                 09/20/2026 19:44:16 PAGE 4   

 172          volatile BYTE xdata MCU_FE00_PORT40_PIN_REG                         _at_ 0xFE00;
 173          volatile BYTE xdata MCU_FE01_PORT41_PIN_REG                         _at_ 0xFE01;
 174          volatile BYTE xdata MCU_FE02_PORT42_PIN_REG                         _at_ 0xFE02;
 175          volatile BYTE xdata MCU_FE03_PORT43_PIN_REG                         _at_ 0xFE03;
 176          volatile BYTE xdata MCU_FE04_PORT44_PIN_REG                         _at_ 0xFE04;
 177          volatile BYTE xdata MCU_FE05_PORT45_PIN_REG                         _at_ 0xFE05;
 178          volatile BYTE xdata MCU_FE06_PORT46_PIN_REG                         _at_ 0xFE06;
 179          volatile BYTE xdata MCU_FE07_PORT47_PIN_REG                         _at_ 0xFE07;
 180          volatile BYTE xdata MCU_FE08_PORT50_PIN_REG                         _at_ 0xFE08;
 181          volatile BYTE xdata MCU_FE09_PORT51_PIN_REG                         _at_ 0xFE09;
 182          volatile BYTE xdata MCU_FE0A_PORT52_PIN_REG                         _at_ 0xFE0A;
 183          volatile BYTE xdata MCU_FE0B_PORT53_PIN_REG                         _at_ 0xFE0B;
 184          volatile BYTE xdata MCU_FE0C_PORT54_PIN_REG                         _at_ 0xFE0C;
 185          volatile BYTE xdata MCU_FE0D_PORT55_PIN_REG                         _at_ 0xFE0D;
 186          volatile BYTE xdata MCU_FE0E_PORT56_PIN_REG                         _at_ 0xFE0E;
 187          volatile BYTE xdata MCU_FE0F_PORT57_PIN_REG                         _at_ 0xFE0F;
 188          volatile BYTE xdata MCU_FE10_PORT60_PIN_REG                         _at_ 0xFE10;
 189          volatile BYTE xdata MCU_FE11_PORT61_PIN_REG                         _at_ 0xFE11;
 190          volatile BYTE xdata MCU_FE12_PORT62_PIN_REG                         _at_ 0xFE12;
 191          volatile BYTE xdata MCU_FE13_PORT63_PIN_REG                         _at_ 0xFE13;
 192          volatile BYTE xdata MCU_FE14_PORT64_PIN_REG                         _at_ 0xFE14;
 193          volatile BYTE xdata MCU_FE15_PORT65_PIN_REG                         _at_ 0xFE15;
 194          volatile BYTE xdata MCU_FE16_PORT66_PIN_REG                         _at_ 0xFE16;
 195          volatile BYTE xdata MCU_FE17_PORT67_PIN_REG                         _at_ 0xFE17;
 196          volatile BYTE xdata MCU_FE18_PORT70_PIN_REG                         _at_ 0xFE18;
 197          volatile BYTE xdata MCU_FE19_PORT71_PIN_REG                         _at_ 0xFE19;
 198          volatile BYTE xdata MCU_FE1A_PORT72_PIN_REG                         _at_ 0xFE1A;
 199          volatile BYTE xdata MCU_FE1B_PORT73_PIN_REG                         _at_ 0xFE1B;
 200          volatile BYTE xdata MCU_FE1C_PORT74_PIN_REG                         _at_ 0xFE1C;
 201          volatile BYTE xdata MCU_FE1D_PORT75_PIN_REG                         _at_ 0xFE1D;
 202          volatile BYTE xdata MCU_FE1E_PORT76_PIN_REG                         _at_ 0xFE1E;
 203          volatile BYTE xdata MCU_FE1F_PORT77_PIN_REG                         _at_ 0xFE1F;
 204          volatile BYTE xdata MCU_FE20_PORT80_PIN_REG                         _at_ 0xFE20;
 205          volatile BYTE xdata MCU_FE21_PORT81_PIN_REG                         _at_ 0xFE21;
 206          volatile BYTE xdata MCU_FE22_PORT82_PIN_REG                         _at_ 0xFE22;
 207          volatile BYTE xdata MCU_FE23_PORT83_PIN_REG                         _at_ 0xFE23;
 208          volatile BYTE xdata MCU_FE24_PORT84_PIN_REG                         _at_ 0xFE24;
 209          volatile BYTE xdata MCU_FE25_PORT85_PIN_REG                         _at_ 0xFE25;
 210          volatile BYTE xdata MCU_FE26_PORT86_PIN_REG                         _at_ 0xFE26;
 211          volatile BYTE xdata MCU_FE27_PORT87_PIN_REG                         _at_ 0xFE27;
 212          volatile BYTE xdata MCU_FE28_PORT90_PIN_REG                         _at_ 0xFE28;
 213          volatile BYTE xdata MCU_FE29_PORT91_PIN_REG                         _at_ 0xFE29;
 214          volatile BYTE xdata MCU_FE2A_PORT92_PIN_REG                         _at_ 0xFE2A;
 215          volatile BYTE xdata MCU_FE2B_PORT93_PIN_REG                         _at_ 0xFE2B;
 216          volatile BYTE xdata MCU_FE2C_PORT94_PIN_REG                         _at_ 0xFE2C;
 217          volatile BYTE xdata MCU_FE2D_PORT95_PIN_REG                         _at_ 0xFE2D;
 218          volatile BYTE xdata MCU_FE2E_PORT96_PIN_REG                         _at_ 0xFE2E;
 219          volatile BYTE xdata MCU_FE2F_PORT97_PIN_REG                         _at_ 0xFE2F;
 220          volatile BYTE xdata MCU_FE30_PORTA0_PIN_REG                         _at_ 0xFE30;
 221          volatile BYTE xdata MCU_FE31_PORTA1_PIN_REG                         _at_ 0xFE31;
 222          volatile BYTE xdata MCU_FE32_PORTA2_PIN_REG                         _at_ 0xFE32;
 223          volatile BYTE xdata MCU_FE33_PORTA3_PIN_REG                         _at_ 0xFE33;
 224          volatile BYTE xdata MCU_FE34_PORTA4_PIN_REG                         _at_ 0xFE34;
 225          volatile BYTE xdata MCU_FE35_PORTA5_PIN_REG                         _at_ 0xFE35;
 226          volatile BYTE xdata MCU_FE36_PORTA6_PIN_REG                         _at_ 0xFE36;
 227          volatile BYTE xdata MCU_FE37_PORTA7_PIN_REG                         _at_ 0xFE37;
 228          volatile BYTE xdata MCU_FE38_PORTB0_PIN_REG                         _at_ 0xFE38;
 229          volatile BYTE xdata MCU_FE39_PORTB1_PIN_REG                         _at_ 0xFE39;
 230          volatile BYTE xdata MCU_FE3A_PORTB2_PIN_REG                         _at_ 0xFE3A;
 231          volatile BYTE xdata MCU_FE3B_PORTB3_PIN_REG                         _at_ 0xFE3B;
 232          volatile BYTE xdata MCU_FE3C_PORTB4_PIN_REG                         _at_ 0xFE3C;
 233          volatile BYTE xdata MCU_FE3D_PORTB5_PIN_REG                         _at_ 0xFE3D;
C51 COMPILER V9.60.0.0   RL6432_SERIES_MCU                                                 09/20/2026 19:44:16 PAGE 5   

 234          volatile BYTE xdata MCU_FE3E_PORTB6_PIN_REG                         _at_ 0xFE3E;
 235          volatile BYTE xdata MCU_FE3F_PORTB7_PIN_REG                         _at_ 0xFE3F;
 236          volatile BYTE xdata MCU_FE40_PORTC0_PIN_REG                         _at_ 0xFE40;
 237          volatile BYTE xdata MCU_FE41_PORTC1_PIN_REG                         _at_ 0xFE41;
 238          volatile BYTE xdata MCU_FE42_PORTC2_PIN_REG                         _at_ 0xFE42;
 239          volatile BYTE xdata MCU_FE43_PORTC3_PIN_REG                         _at_ 0xFE43;
 240          volatile BYTE xdata MCU_FE44_PORTC4_PIN_REG                         _at_ 0xFE44;
 241          volatile BYTE xdata MCU_FE45_PORTC5_PIN_REG                         _at_ 0xFE45;
 242          volatile BYTE xdata MCU_FE46_PORTC6_PIN_REG                         _at_ 0xFE46;
 243          volatile BYTE xdata MCU_FE47_PORTC7_PIN_REG                         _at_ 0xFE47;
 244          volatile BYTE xdata MCU_FE48_PORTD0_PIN_REG                         _at_ 0xFE48;
 245          volatile BYTE xdata MCU_FE49_DUMMY1                                 _at_ 0xFE49;
 246          volatile BYTE xdata MCU_FE4A_DUMMY2                                 _at_ 0xFE4A;
 247          volatile BYTE xdata MCU_FE4B_DUMMY3                                 _at_ 0xFE4B;
 248          volatile BYTE xdata MCU_FE60_PORT_READ_CONTROL                      _at_ 0xFE60;
 249          volatile BYTE xdata MCU_FE61_PORT_READ_CONTROL_2                    _at_ 0xFE61;
 250          
 251          
 252          //--------------------------------------------------
 253          // EMCU DDC Part 0 (Page FE)
 254          //--------------------------------------------------
 255          volatile BYTE xdata MCU_FE62_DDC2_SEGMENT_ADDRESS                   _at_ 0xFE62;
 256          volatile BYTE xdata MCU_FE63_DDC2_SEGMENT_DATA                      _at_ 0xFE63;
 257          volatile BYTE xdata MCU_FE64_DDC2_DDC_ENABLE                        _at_ 0xFE64;
 258          volatile BYTE xdata MCU_FE65_DDC2_DDC_CONTROL_1                     _at_ 0xFE65;
 259          volatile BYTE xdata MCU_FE66_DDC2_DDC_CONTROL_2                     _at_ 0xFE66;
 260          volatile BYTE xdata MCU_FE67_DDC2_DDC_INDEX                         _at_ 0xFE67;
 261          volatile BYTE xdata MCU_FE68_DDC2_DDC_ACCESS_PORT                   _at_ 0xFE68;
 262          volatile BYTE xdata MCU_FE69_DDC2_EDID_IRQ                          _at_ 0xFE69;
 263          volatile BYTE xdata MCU_FE6A_DDC2_RESERVED                          _at_ 0xFE6A;
 264          volatile BYTE xdata MCU_FE6B_DDC3_SEGMENT_ADDRESS                   _at_ 0xFE6B;
 265          volatile BYTE xdata MCU_FE6C_DDC3_SEGMENT_DATA                      _at_ 0xFE6C;
 266          volatile BYTE xdata MCU_FE6D_DDC3_DDC_ENABLE                        _at_ 0xFE6D;
 267          volatile BYTE xdata MCU_FE6E_DDC3_DDC_CONTROL_1                     _at_ 0xFE6E;
 268          volatile BYTE xdata MCU_FE6F_DDC3_DDC_CONTROL_2                     _at_ 0xFE6F;
 269          volatile BYTE xdata MCU_FE70_DDC3_DDC_INDEX                         _at_ 0xFE70;
 270          volatile BYTE xdata MCU_FE71_DDC3_DDC_ACCESS_PORT                   _at_ 0xFE71;
 271          volatile BYTE xdata MCU_FE72_DDC3_EDID_IRQ                          _at_ 0xFE72;
 272          volatile BYTE xdata MCU_FE73_DDC3_RESERVED                          _at_ 0xFE73;
 273          
 274          
 275          //--------------------------------------------------
 276          // EMCU DDC-CI Part 0 (Page FE)
 277          //--------------------------------------------------
 278          volatile BYTE xdata MCU_FE86_IIC_1_CH_SEL                           _at_ 0xFE86;
 279          volatile BYTE xdata MCU_FE87_IIC_1_SET_SLAVE                        _at_ 0xFE87;
 280          volatile BYTE xdata MCU_FE88_IIC_1_SUB_IN                           _at_ 0xFE88;
 281          volatile BYTE xdata MCU_FE89_IIC_1_DATA_IN                          _at_ 0xFE89;
 282          volatile BYTE xdata MCU_FE8A_IIC_1_DATA_OUT                         _at_ 0xFE8A;
 283          volatile BYTE xdata MCU_FE8B_IIC_1_STATUS                           _at_ 0xFE8B;
 284          volatile BYTE xdata MCU_FE8C_IIC_1_IRQ_CONTROL                      _at_ 0xFE8C;
 285          volatile BYTE xdata MCU_FE8D_IIC_1_STATUS2                          _at_ 0xFE8D;
 286          volatile BYTE xdata MCU_FE8E_IIC_1_IRQ_CONTROL2                     _at_ 0xFE8E;
 287          volatile BYTE xdata MCU_FE8F_IIC_1_CHANNEL_CONTROL                  _at_ 0xFE8F;
 288          volatile BYTE xdata MCU_FE90_DDCCI_1_NULL_BYTE1                     _at_ 0xFE90;
 289          volatile BYTE xdata MCU_FE91_DDCCI_1_NULL_BYTE2                     _at_ 0xFE91;
 290          volatile BYTE xdata MCU_FE92_DDCCI_1_NULL_BYTE3                     _at_ 0xFE92;
 291          volatile BYTE xdata MCU_FE93_DDCCI_1_REMAIN_DATA                    _at_ 0xFE93;
 292          
 293          
 294          //--------------------------------------------------
 295          // EMCU DDCRAM Settings (Page FE)
C51 COMPILER V9.60.0.0   RL6432_SERIES_MCU                                                 09/20/2026 19:44:16 PAGE 6   

 296          //--------------------------------------------------
 297          volatile BYTE xdata MCU_FEB1_DDCRAM_ST_ADDRESS                      _at_ 0xFEB1;
 298          volatile BYTE xdata MCU_FEB2_XRAM_BIST_CTRL                         _at_ 0xFEB2;
 299          volatile BYTE xdata MCU_FEB3_XRAM_DRF_BIST_CTRL                     _at_ 0xFEB3;
 300          volatile BYTE xdata MCU_FEB4_MCU_DUMMY2                             _at_ 0xFEB4;
 301          
 302          
 303          //--------------------------------------------------
 304          // EMCU Interrupt Control Part 1 (Page FF)
 305          //--------------------------------------------------
 306          volatile BYTE xdata MCU_FF00_IRQ_STATUS                             _at_ 0xFF00;
 307          
 308          
 309          //--------------------------------------------------
 310          // EMCU OSD Reorder Part 1 (Page FF)
 311          //--------------------------------------------------
 312          volatile BYTE xdata MCU_FF03_TRIPLE_BYTES_OPERATION                 _at_ 0xFF03;
 313          volatile BYTE xdata MCU_FF04_SHIFT_BITS_NUMBER                      _at_ 0xFF04;
 314          volatile BYTE xdata MCU_FF05_SHIFT_BYTE_ADDRESS                     _at_ 0xFF05;
 315          volatile BYTE xdata MCU_FF06_INPUT_TRIPLE_BYTES                     _at_ 0xFF06;
 316          volatile BYTE xdata MCU_FF07_RESULT_TRIPLE_BYTES                    _at_ 0xFF07;
 317          
 318          
 319          //--------------------------------------------------
 320          // EMCU LSADC (Page FF)
 321          //--------------------------------------------------
 322          volatile BYTE xdata MCU_FF08_ADC_ACONTROL                           _at_ 0xFF08;
 323          volatile BYTE xdata MCU_FF09_ADC_A0_CONVERT_RESULT                  _at_ 0xFF09;
 324          volatile BYTE xdata MCU_FF0A_ADC_A1_CONVERT_RESULT                  _at_ 0xFF0A;
 325          volatile BYTE xdata MCU_FF0B_ADC_A2_CONVERT_RESULT                  _at_ 0xFF0B;
 326          volatile BYTE xdata MCU_FF0C_ADC_A3_CONVERT_RESULT                  _at_ 0xFF0C;
 327          volatile BYTE xdata MCU_FF0D_ADC_CLK_DIV                            _at_ 0xFF0D;
 328          volatile BYTE xdata MCU_FF0E_AUTO_MODE_CTRL01                       _at_ 0xFF0E;
 329          volatile BYTE xdata MCU_FF0F_ADC0_THRESHOLD_H                       _at_ 0xFF0F;
 330          volatile BYTE xdata MCU_FF10_ADC0_THRESHOLD_L                       _at_ 0xFF10;
 331          volatile BYTE xdata MCU_FF11_ADC1_THRESHOLD_H                       _at_ 0xFF11;
 332          volatile BYTE xdata MCU_FF12_ADC1_THRESHOLD_L                       _at_ 0xFF12;
 333          volatile BYTE xdata MCU_FF13_ADC2_THRESHOLD_H                       _at_ 0xFF13;
 334          volatile BYTE xdata MCU_FF14_ADC2_THRESHOLD_L                       _at_ 0xFF14;
 335          volatile BYTE xdata MCU_FF15_ADC3_THRESHOLD_H                       _at_ 0xFF15;
 336          volatile BYTE xdata MCU_FF16_ADC3_THRESHOLD_L                       _at_ 0xFF16;
 337          volatile BYTE xdata MCU_FF17_CTRL0_WAIT_TIME_VALUE                  _at_ 0xFF17;
 338          
 339          
 340          //--------------------------------------------------
 341          // EMCU OSD Reorder Part 2 (Page FF)
 342          //--------------------------------------------------
 343          volatile BYTE xdata MCU_FF18_BYTE_ADDRESS                           _at_ 0xFF18;
 344          
 345          
 346          //--------------------------------------------------
 347          // EMCU DDC Part 1 (Page FF)
 348          //--------------------------------------------------
 349          volatile BYTE xdata MCU_FF19_ADC_SEGMENT_ADDRESS                    _at_ 0xFF19;
 350          volatile BYTE xdata MCU_FF1A_ADC_SEGMENT_DATA                       _at_ 0xFF1A;
 351          volatile BYTE xdata MCU_FF1B_ADC_DDC_ENABLE                         _at_ 0xFF1B;
 352          volatile BYTE xdata MCU_FF1C_ADC_DDC_CONTROL_1                      _at_ 0xFF1C;
 353          volatile BYTE xdata MCU_FF1D_ADC_DDC_CONTROL_2                      _at_ 0xFF1D;
 354          volatile BYTE xdata MCU_FF1E_DDC0_DDC_ENABLE                        _at_ 0xFF1E;
 355          volatile BYTE xdata MCU_FF1F_DDC0_DDC_CONTROL_1                     _at_ 0xFF1F;
 356          volatile BYTE xdata MCU_FF20_DDC0_DDC_CONTROL_2                     _at_ 0xFF20;
 357          
C51 COMPILER V9.60.0.0   RL6432_SERIES_MCU                                                 09/20/2026 19:44:16 PAGE 7   

 358          
 359          //--------------------------------------------------
 360          // EMCU DDC-CI Part 1 (Page FF)
 361          //--------------------------------------------------
 362          volatile BYTE xdata MCU_FF22_IIC_CH_SEL                             _at_ 0xFF22;
 363          volatile BYTE xdata MCU_FF23_IIC_SET_SLAVE                          _at_ 0xFF23;
 364          volatile BYTE xdata MCU_FF24_IIC_SUB_IN                             _at_ 0xFF24;
 365          volatile BYTE xdata MCU_FF25_IIC_DATA_IN                            _at_ 0xFF25;
 366          volatile BYTE xdata MCU_FF26_IIC_DATA_OUT                           _at_ 0xFF26;
 367          volatile BYTE xdata MCU_FF27_IIC_STATUS                             _at_ 0xFF27;
 368          volatile BYTE xdata MCU_FF28_IIC_IRQ_CONTROL                        _at_ 0xFF28;
 369          volatile BYTE xdata MCU_FF29_IIC_STATUS2                            _at_ 0xFF29;
 370          volatile BYTE xdata MCU_FF2A_IIC_IRQ_CONTROL2                       _at_ 0xFF2A;
 371          volatile BYTE xdata MCU_FF2B_IIC_CHANNEL_CONTROL                    _at_ 0xFF2B;
 372          
 373          
 374          //--------------------------------------------------
 375          // EMCU DDC Part 2 (Page FF)
 376          //--------------------------------------------------
 377          volatile BYTE xdata MCU_FF2C_DDC1_DDC_ENABLE                        _at_ 0xFF2C;
 378          volatile BYTE xdata MCU_FF2D_DDC1_DDC_CONTROL_1                     _at_ 0xFF2D;
 379          volatile BYTE xdata MCU_FF2E_DDC1_DDC_CONTROL_2                     _at_ 0xFF2E;
 380          volatile BYTE xdata MCU_FF2F_ADC_DDC_INDEX                          _at_ 0xFF2F;
 381          volatile BYTE xdata MCU_FF30_ADC_DDC_ACCESS_PORT                    _at_ 0xFF30;
 382          volatile BYTE xdata MCU_FF31_DDC0_DDC_INDEX                         _at_ 0xFF31;
 383          volatile BYTE xdata MCU_FF32_DDC0_DDC_ACCESS_PORT                   _at_ 0xFF32;
 384          volatile BYTE xdata MCU_FF33_DDC1_DDC_INDEX                         _at_ 0xFF33;
 385          volatile BYTE xdata MCU_FF34_DDC1_DDC_ACCESS_PORT                   _at_ 0xFF34;
 386          volatile BYTE xdata MCU_FF35_DDCCI_REMAIN_DATA                      _at_ 0xFF35;
 387          volatile BYTE xdata MCU_FF36_DDC0_SEGMENT_ADDRESS                   _at_ 0xFF36;
 388          volatile BYTE xdata MCU_FF37_DDC0_SEGMENT_DATA                      _at_ 0xFF37;
 389          volatile BYTE xdata MCU_FF38_DDC1_SEGMENT_ADDRESS                   _at_ 0xFF38;
 390          volatile BYTE xdata MCU_FF39_DDC1_SEGMENT_DATA                      _at_ 0xFF39;
 391          
 392          
 393          //--------------------------------------------------
 394          // EMCU PWM Part 1 (Page FF)
 395          //--------------------------------------------------
 396          volatile BYTE xdata MCU_FF3A_PWM_CK_SEL                             _at_ 0xFF3A;
 397          volatile BYTE xdata MCU_FF3B_PWM03_M                                _at_ 0xFF3B;
 398          volatile BYTE xdata MCU_FF3C_PWM45_M                                _at_ 0xFF3C;
 399          volatile BYTE xdata MCU_FF3D_PWM01_N_MSB                            _at_ 0xFF3D;
 400          volatile BYTE xdata MCU_FF3E_PWM0_N_LSB                             _at_ 0xFF3E;
 401          volatile BYTE xdata MCU_FF3F_PWM1_N_LSB                             _at_ 0xFF3F;
 402          volatile BYTE xdata MCU_FF40_PWM23_N_MSB                            _at_ 0xFF40;
 403          volatile BYTE xdata MCU_FF41_PWM2_N_LSB                             _at_ 0xFF41;
 404          volatile BYTE xdata MCU_FF42_PWM3_N_LSB                             _at_ 0xFF42;
 405          volatile BYTE xdata MCU_FF43_PWM45_N_MSB                            _at_ 0xFF43;
 406          volatile BYTE xdata MCU_FF44_PWM4_N_LSB                             _at_ 0xFF44;
 407          volatile BYTE xdata MCU_FF45_PWM5_N_LSB                             _at_ 0xFF45;
 408          volatile BYTE xdata MCU_FF46_PWML                                   _at_ 0xFF46;
 409          volatile BYTE xdata MCU_FF47_PWM_VS_CTRL                            _at_ 0xFF47;
 410          volatile BYTE xdata MCU_FF48_PWM_EN                                 _at_ 0xFF48;
 411          volatile BYTE xdata MCU_FF49_PWM_CK                                 _at_ 0xFF49;
 412          volatile BYTE xdata MCU_FF4A_PWM0H_DUT                              _at_ 0xFF4A;
 413          volatile BYTE xdata MCU_FF4B_PWM1H_DUT                              _at_ 0xFF4B;
 414          volatile BYTE xdata MCU_FF4C_PWM01L_DUT                             _at_ 0xFF4C;
 415          volatile BYTE xdata MCU_FF4D_PWM2H_DUT                              _at_ 0xFF4D;
 416          volatile BYTE xdata MCU_FF4E_PWM3H_DUT                              _at_ 0xFF4E;
 417          volatile BYTE xdata MCU_FF4F_PWM23L_DUT                             _at_ 0xFF4F;
 418          volatile BYTE xdata MCU_FF50_PWM4H_DUT                              _at_ 0xFF50;
 419          volatile BYTE xdata MCU_FF51_PWM5H_DUT                              _at_ 0xFF51;
C51 COMPILER V9.60.0.0   RL6432_SERIES_MCU                                                 09/20/2026 19:44:16 PAGE 8   

 420          volatile BYTE xdata MCU_FF52_PWM45L_DUT                             _at_ 0xFF52;
 421          volatile BYTE xdata MCU_FF53_PWM_DUT_TYPE                           _at_ 0xFF53;
 422          volatile BYTE xdata MCU_FF54_PWM_CNT_MODE                           _at_ 0xFF54;
 423          
 424          
 425          //--------------------------------------------------
 426          // EMCU I2C Control Module (Page FF)
 427          //--------------------------------------------------
 428          volatile BYTE xdata MCU_FF55_I2CM_CR0                               _at_ 0xFF55;
 429          volatile BYTE xdata MCU_FF56_I2CM_CR1                               _at_ 0xFF56;
 430          volatile BYTE xdata MCU_FF57_I2CM_CR2                               _at_ 0xFF57;
 431          volatile BYTE xdata MCU_FF58_I2CM_CR3                               _at_ 0xFF58;
 432          volatile BYTE xdata MCU_FF59_I2CM_STR0                              _at_ 0xFF59;
 433          volatile BYTE xdata MCU_FF5A_I2CM_STR1                              _at_ 0xFF5A;
 434          volatile BYTE xdata MCU_FF5B_I2CM_STR2                              _at_ 0xFF5B;
 435          volatile BYTE xdata MCU_FF5C_I2CM_STR3                              _at_ 0xFF5C;
 436          volatile BYTE xdata MCU_FF5D_I2CM_SR                                _at_ 0xFF5D;
 437          volatile BYTE xdata MCU_FF5E_I2CM_TD                                _at_ 0xFF5E;
 438          volatile BYTE xdata MCU_FF5F_I2CM_CCR                               _at_ 0xFF5F;
 439          
 440          
 441          //--------------------------------------------------
 442          // EMCU SPI-FLASH Part 1 (Page FF)
 443          //--------------------------------------------------
 444          volatile BYTE xdata MCU_FF60_COMMON_INST_EN                         _at_ 0xFF60;
 445          volatile BYTE xdata MCU_FF61_COMMON_OP_CODE                         _at_ 0xFF61;
 446          volatile BYTE xdata MCU_FF62_WREN_OP_CODE                           _at_ 0xFF62;
 447          volatile BYTE xdata MCU_FF63_EWSR_OP_CODE                           _at_ 0xFF63;
 448          volatile BYTE xdata MCU_FF64_FLASH_PROG_ISP0                        _at_ 0xFF64;
 449          volatile BYTE xdata MCU_FF65_FLASH_PROG_ISP1                        _at_ 0xFF65;
 450          volatile BYTE xdata MCU_FF66_FLASH_PROG_ISP2                        _at_ 0xFF66;
 451          volatile BYTE xdata MCU_FF67_COMMON_INST_READ_PORT0                 _at_ 0xFF67;
 452          volatile BYTE xdata MCU_FF68_COMMON_INST_READ_PORT1                 _at_ 0xFF68;
 453          volatile BYTE xdata MCU_FF69_COMMON_INST_READ_PORT2                 _at_ 0xFF69;
 454          volatile BYTE xdata MCU_FF6A_READ_OP_CODE                           _at_ 0xFF6A;
 455          volatile BYTE xdata MCU_FF6B_FAST_READ_OP_CODE                      _at_ 0xFF6B;
 456          volatile BYTE xdata MCU_FF6C_READ_INSTRUCTION                       _at_ 0xFF6C;
 457          volatile BYTE xdata MCU_FF6D_PROGRAM_OP_CODE                        _at_ 0xFF6D;
 458          volatile BYTE xdata MCU_FF6E_READ_STATUS_REGISTER_OP_CODE           _at_ 0xFF6E;
 459          volatile BYTE xdata MCU_FF6F_PROGRAM_INSTRUCTION                    _at_ 0xFF6F;
 460          volatile BYTE xdata MCU_FF70_PROGRAM_DATA_PORT                      _at_ 0xFF70;
 461          volatile BYTE xdata MCU_FF71_PROGRAM_LENGTH                         _at_ 0xFF71;
 462          volatile BYTE xdata MCU_FF72_CRC_END_ADDR0                          _at_ 0xFF72;
 463          volatile BYTE xdata MCU_FF73_CRC_END_ADDR1                          _at_ 0xFF73;
 464          volatile BYTE xdata MCU_FF74_CRC_END_ADDR2                          _at_ 0xFF74;
 465          volatile BYTE xdata MCU_FF75_CRC_RESULT                             _at_ 0xFF75;
 466          volatile BYTE xdata MCU_FF76_CEN_CTRL                               _at_ 0xFF76;
 467          volatile BYTE xdata MCU_FF77_REV_DUMMY4                             _at_ 0xFF77;
 468          volatile BYTE xdata MCU_FF78_ACCESS_FLASH_ADDR_0                    _at_ 0xFF78;
 469          volatile BYTE xdata MCU_FF79_ACCESS_FLASH_ADDR_1                    _at_ 0xFF79;
 470          volatile BYTE xdata MCU_FF7A_ACCESS_FLASH_ADDR_2                    _at_ 0xFF7A;
 471          volatile BYTE xdata MCU_FF7B_ACCESS_FLASH_DATA_PORT                 _at_ 0xFF7B;
 472          volatile BYTE xdata MCU_FF7C_ACCESS_FLASH_DATA_CTRL                 _at_ 0xFF7C;
 473          volatile BYTE xdata MCU_FF80_AAI_MODE_BYTE_NUM                      _at_ 0xFF80;
 474          volatile BYTE xdata MCU_FF81_ISP_CMD_INSERT                         _at_ 0xFF81;
 475          volatile BYTE xdata MCU_FF82_ISP_CMD_LENGTH                         _at_ 0xFF82;
 476          
 477          
 478          //--------------------------------------------------
 479          // EMCU I2C Slave Module (Page FF)
 480          //--------------------------------------------------
 481          volatile BYTE xdata MCU_FF83_I2CS_CTRL0                             _at_ 0xFF83;
C51 COMPILER V9.60.0.0   RL6432_SERIES_MCU                                                 09/20/2026 19:44:16 PAGE 9   

 482          volatile BYTE xdata MCU_FF84_I2CS_CTRL1                             _at_ 0xFF84;
 483          volatile BYTE xdata MCU_FF85_I2CS_CTRL2                             _at_ 0xFF85;
 484          volatile BYTE xdata MCU_FF86_I2CS_STATUS0                           _at_ 0xFF86;
 485          volatile BYTE xdata MCU_FF87_I2CS_STATUS1                           _at_ 0xFF87;
 486          volatile BYTE xdata MCU_FF88_I2CS_BUFLEN                            _at_ 0xFF88;
 487          
 488          
 489          //--------------------------------------------------
 490          // EMCU PWM Part 2 (Page FF)
 491          //--------------------------------------------------
 492          volatile BYTE xdata MCU_FF90_PWM01_TOTALCNT_MSB                     _at_ 0xFF90;
 493          volatile BYTE xdata MCU_FF91_PWM0_TOTALCNT_LSB                      _at_ 0xFF91;
 494          volatile BYTE xdata MCU_FF92_PWM1_TOTALCNT_LSB                      _at_ 0xFF92;
 495          volatile BYTE xdata MCU_FF93_PWM23_TOTALCNT_MSB                     _at_ 0xFF93;
 496          volatile BYTE xdata MCU_FF94_PWM2_TOTALCNT_LSB                      _at_ 0xFF94;
 497          volatile BYTE xdata MCU_FF95_PWM3_TOTALCNT_LSB                      _at_ 0xFF95;
 498          volatile BYTE xdata MCU_FF96_PWM45_TOTALCNT_MSB                     _at_ 0xFF96;
 499          volatile BYTE xdata MCU_FF97_PWM4_TOTALCNT_LSB                      _at_ 0xFF97;
 500          volatile BYTE xdata MCU_FF98_PWM5_TOTALCNT_LSB                      _at_ 0xFF98;
 501          volatile BYTE xdata MCU_FF99_PWM_CK_SEL_HS                          _at_ 0xFF99;
 502          volatile BYTE xdata MCU_FF9A_PWM01_CYCLE_MAX                        _at_ 0xFF9A;
 503          volatile BYTE xdata MCU_FF9B_PWM23_CYCLE_MAX                        _at_ 0xFF9B;
 504          volatile BYTE xdata MCU_FF9C_PWM45_CYCLE_MAX                        _at_ 0xFF9C;
 505          
 506          
 507          //--------------------------------------------------
 508          // EMCU Watchdog Counter Part 1 (Page FF)
 509          //--------------------------------------------------
 510          volatile BYTE xdata MCU_FFAA_WATCHDOG_CNT2_VALUE                    _at_ 0xFFAA;
 511          volatile BYTE xdata MCU_FFAB_WATCHDOG_CNT23_VALUE                   _at_ 0xFFAB;
 512          volatile BYTE xdata MCU_FFAC_WATCHDOG_CNT3_VALUE                    _at_ 0xFFAC;
 513          volatile BYTE xdata MCU_FFAD_WATCHDOG_CNT1_VALUE                    _at_ 0xFFAD;
 514          volatile BYTE xdata MCU_FFAE_WATCHDOG_TIMER_THRESHOLD               _at_ 0xFFAE;
 515          volatile BYTE xdata MCU_FFAF_WATCHDOG_TIMER_THRESHOLD_MASK          _at_ 0xFFAF;
 516          volatile BYTE xdata MCU_FFB0_WATCHDOG_TIMER_H_THRESHOLD_MASK        _at_ 0xFFB0;
 517          
 518          
 519          //--------------------------------------------------
 520          // EMCU DDCCI Part 2 (Page FF)
 521          //--------------------------------------------------
 522          volatile BYTE xdata MCU_FFB1_DDCCI_NULL_BYTE1                       _at_ 0xFFB1;
 523          volatile BYTE xdata MCU_FFB2_DDCCI_NULL_BYTE2                       _at_ 0xFFB2;
 524          volatile BYTE xdata MCU_FFB3_DDCCI_NULL_BYTE3                       _at_ 0xFFB3;
 525          
 526          
 527          //--------------------------------------------------
 528          // EMCU Interrupt Control Part 0 (Page FF)
 529          //--------------------------------------------------
 530          volatile BYTE xdata MCU_FFB8_EXT_INT0_CONTROL                       _at_ 0xFFB8;
 531          volatile BYTE xdata MCU_FFB9_EXT_INT1_CONTROL                       _at_ 0xFFB9;
 532          
 533          
 534          //--------------------------------------------------
 535          // EMCU Test Mode (Page FF)
 536          //--------------------------------------------------
 537          volatile BYTE xdata MCU_FFBB_PERI_TEST                              _at_ 0xFFBB;
 538          volatile BYTE xdata MCU_FFBC_CYCLE_GATING                           _at_ 0xFFBC;
 539          volatile BYTE xdata MCU_FFBD_MCU_CLK_DIV_R                          _at_ 0xFFBD;
 540          volatile BYTE xdata MCU_FFBE_MCU_DUMMY                              _at_ 0xFFBE;
 541          
 542          
 543          //--------------------------------------------------
C51 COMPILER V9.60.0.0   RL6432_SERIES_MCU                                                 09/20/2026 19:44:16 PAGE 10  

 544          // EMCU Interrupt Control Part 2 (Page FF)
 545          //--------------------------------------------------
 546          volatile BYTE xdata MCU_FFC2_IRQ_PRIORITY_1                         _at_ 0xFFC2;
 547          volatile BYTE xdata MCU_FFC3_IRQ_PRIORITY_2                         _at_ 0xFFC3;
 548          volatile BYTE xdata MCU_FFC4_IRQ_PRIORITY_3                         _at_ 0xFFC4;
 549          
 550          
 551          //--------------------------------------------------
 552          // EMCU DDCRAM Control (Page FF)
 553          //--------------------------------------------------
 554          volatile BYTE xdata MCU_FFD0_A_DDCRAM_CONTROL                       _at_ 0xFFD0;
 555          volatile BYTE xdata MCU_FFD1_DDCRAM0_CONTROL                        _at_ 0xFFD1;
 556          volatile BYTE xdata MCU_FFD2_DDCRAM1_CONTROL                        _at_ 0xFFD2;
 557          volatile BYTE xdata MCU_FFD3_DDCRAM2_CONTROL                        _at_ 0xFFD3;
 558          volatile BYTE xdata MCU_FFD4_DDCRAM3_CONTROL                        _at_ 0xFFD4;
 559          
 560          
 561          //--------------------------------------------------
 562          // EMCU In System Programming Part 1 (Page FF)
 563          //--------------------------------------------------
 564          volatile BYTE xdata MCU_FFE0_ISP_FLAG                               _at_ 0xFFE0;
 565          volatile BYTE xdata MCU_FFE8_ISP_CONTROL                            _at_ 0xFFE8;
 566          volatile BYTE xdata MCU_FFE9_MCU_CLK_CONTROL_1                      _at_ 0xFFE9;
 567          
 568          
 569          //--------------------------------------------------
 570          // EMCU SFR Access (Page FF)
 571          //--------------------------------------------------
 572          volatile BYTE xdata MCU_FFE2_PORT1_PIN_REG                          _at_ 0xFFE2;
 573          volatile BYTE xdata MCU_FFE3_PORT3_PIN_REG                          _at_ 0xFFE3;
 574          
 575          
 576          //--------------------------------------------------
 577          // EMCU DDC Part 3 (Page FF)
 578          //--------------------------------------------------
 579          volatile BYTE xdata MCU_FFE4_DDC0_EDID_IRQ                          _at_ 0xFFE4;
 580          volatile BYTE xdata MCU_FFE5_DDC1_EDID_IRQ                          _at_ 0xFFE5;
 581          volatile BYTE xdata MCU_FFE7_VGA_EDID_IRQ                           _at_ 0xFFE7;
 582          
 583          
 584          //--------------------------------------------------
 585          // EMCU Watchdog Timer Part 2 (Page FF)
 586          //--------------------------------------------------
 587          volatile BYTE xdata MCU_FFEA_WATCHDOG_TIMER                         _at_ 0xFFEA;
 588          volatile BYTE xdata MCU_FFEB_WDT_TEST                               _at_ 0xFFEB;
 589          
 590          
 591          //--------------------------------------------------
 592          // EMCU In System Programming Part 2 (Page FF)
 593          //--------------------------------------------------
 594          volatile BYTE xdata MCU_FFEC_ISP_SLAVE_ADDRESS                      _at_ 0xFFEC;
 595          volatile BYTE xdata MCU_FFED_MCU_CONTROL                            _at_ 0xFFED;
 596          volatile BYTE xdata MCU_FFEE_MCU_CLOCK_CONTROL                      _at_ 0xFFEE;
 597          volatile BYTE xdata MCU_FFEF_RAM_TEST                               _at_ 0xFFEF;
 598          
 599          
 600          //--------------------------------------------------
 601          // EMCU Xdata-SPI-FLASH Write Protect (Page FF)
 602          //--------------------------------------------------
 603          volatile BYTE xdata MCU_FFF0_XDATA_SPI_FLASH_WRITE_PROTECT          _at_ 0xFFF0;
 604          volatile BYTE xdata MCU_FFF1_SCA_WR_INTRVL                          _at_ 0xFFF1;
 605          volatile BYTE xdata MCU_FFF2_PWM_I2C_CLOCK_STOP                     _at_ 0xFFF2;
C51 COMPILER V9.60.0.0   RL6432_SERIES_MCU                                                 09/20/2026 19:44:16 PAGE 11  

 606          
 607          
 608          //--------------------------------------------------
 609          // EMCU Scalar Interface (Page FF)
 610          //--------------------------------------------------
 611          volatile BYTE xdata MCU_FFF3_SCA_INF_CONTROL                        _at_ 0xFFF3;
 612          volatile BYTE xdata MCU_FFF4_SCA_INF_ADDR                           _at_ 0xFFF4;
 613          volatile BYTE xdata MCU_FFF5_SCA_INF_DATA                           _at_ 0xFFF5;
 614          volatile BYTE xdata MCU_FFF6_SCA_INF_BWR_ADRH                       _at_ 0xFFF6;
 615          volatile BYTE xdata MCU_FFF7_SCA_INF_BWR_ADRM                       _at_ 0xFFF7;
 616          volatile BYTE xdata MCU_FFF8_SCA_INF_BWR_ADRL                       _at_ 0xFFF8;
 617          volatile BYTE xdata MCU_FFF9_SCA_INF_BWR_COUNT_H                    _at_ 0xFFF9;
 618          volatile BYTE xdata MCU_FFFA_SCA_INF_BWR_COUNT_L                    _at_ 0xFFFA;
 619          volatile BYTE xdata MCU_FFFB_SCA_INF_PERIOD                         _at_ 0xFFFB;
 620          
 621          
 622          //--------------------------------------------------
 623          // EMCU Bankswitch (Page FF)
 624          //--------------------------------------------------
 625          volatile BYTE xdata MCU_FFFC_BANK_SWICH_CONTROL                     _at_ 0xFFFC;
 626          volatile BYTE xdata MCU_FFFD_XDATA_BANK_START                       _at_ 0xFFFD;
 627          volatile BYTE xdata MCU_FFFE_XDATA_BANK_SEL                         _at_ 0xFFFE;
 628          volatile BYTE xdata MCU_FFFF_PBANK_SWITCH                           _at_ 0xFFFF;
 629          
 630          //****************************************************************************
 631          // FUNCTION DECLARATIONS
 632          //****************************************************************************
 633          void ScalerMcuDdcDebounceSel(EnumClkSel enumClock);
 634          void ScalerMcuDdcciSwitchPort(EnumDDCCIDebugMode enumMode, BYTE ucInputPort);
 635          #if(_DDCCI_CODE_REDUCTION == _OFF)
 636          #if(_DDCCI_AUTO_SWITCH_SUPPORT == _ON)
 637          void ScalerMcuDdcciAutoSwitchInactiveChannel(bit bEnable);
 638          #if(_DEBUG_MESSAGE_SUPPORT == _OFF)
              void ScalerMcuDdcciAutoSwitchInactiveChannel_EXINT1(bit bEnable);
              #endif
 641          #endif
 642          #endif
 643          void ScalerMcuGpioInitial(void);
 644          void ScalerMcuDdcInitial(void);
 645          #if(_DELL_HDMI_HPD_DDC_STYLE_SUPPORT == _ON)
              void ScalerMcuDdcciEnable(bit bEn, BYTE ucInputPort);
              #endif
 648          void ScalerMcuDdcRamEnable(void);
 649          void ScalerMcuDdcciInitial(void);
 650          
 651          #if((_OGC_SUPPORT == _ON) || (_OCC_SUPPORT == _ON) || (_OGC_DICOM_SUPPORT == _ON))
 652          void ScalerMcuDdcciReleaseScl(void);
 653          
 654          #if(_DEBUG_MESSAGE_SUPPORT == _OFF)
              void ScalerMcuDdcciHoldScl_EXINT1(void);
              #endif
 657          #endif
 658          
 659          void ScalerMcuSetISPChannel(WORD usISPChannel);
 660          
 661          void ScalerMcuDdcISPChannelCtrl(BYTE ucDdcChannel, bit bEnable);
 662          
 663          //****************************************************************************
 664          // FUNCTION DEFINITIONS
 665          //****************************************************************************
 666          //--------------------------------------------------
 667          // Description  : DDC Debounce Settings
C51 COMPILER V9.60.0.0   RL6432_SERIES_MCU                                                 09/20/2026 19:44:16 PAGE 12  

 668          // Input Value  : Clock --> _EXT_XTAL_CLK/_IOSC_CLK
 669          // Output Value : None
 670          //--------------------------------------------------
 671          void ScalerMcuDdcDebounceSel(EnumClkSel enumClock)
 672          {
 673   1          if(enumClock == _EXT_XTAL_CLK)
 674   1          {
 675   2              // VGA_DDC De-bounce Reference Clock(Xtal = 14.318M) div by 2, latch 3 stages
 676   2              MCU_FF1C_ADC_DDC_CONTROL_1 &= ~_BIT7;
 677   2              MCU_FF1C_ADC_DDC_CONTROL_1 |= (_BIT6 | _BIT5 | _BIT4);
 678   2      
 679   2      #if(_D0_INPUT_PORT_TYPE == _D0_DP_PORT)
 680   2              // DDC0 De-bounce Reference Clock(Xtal = 14.318M) div by 1, latch 1 stages
 681   2              MCU_FF1F_DDC0_DDC_CONTROL_1 &= ~(_BIT7 | _BIT6);
 682   2              MCU_FF1F_DDC0_DDC_CONTROL_1 |= _BIT4;
 683   2      #elif((_D0_INPUT_PORT_TYPE == _D0_DVI_PORT) || (_D0_INPUT_PORT_TYPE == _D0_HDMI_PORT) || (_D0_INPUT_PORT_T
             -YPE == _D0_MHL_PORT))
                      // DDC0 De-bounce Reference Clock(Xtal = 14.318M) div by 2, latch 3 stages
                      MCU_FF1F_DDC0_DDC_CONTROL_1 &= ~_BIT7;
                      MCU_FF1F_DDC0_DDC_CONTROL_1 |= (_BIT6 | _BIT5 | _BIT4);
              #endif
 688   2      
 689   2      #if(_D1_INPUT_PORT_TYPE == _D1_DP_PORT)
                      // DDC1 De-bounce Reference Clock(Xtal = 14.318M) div by 1, latch 1 stages
                      MCU_FF2D_DDC1_DDC_CONTROL_1 &= ~(_BIT7 | _BIT6);
                      MCU_FF2D_DDC1_DDC_CONTROL_1 |= _BIT4;
              #elif((_D1_INPUT_PORT_TYPE == _D1_DVI_PORT) || (_D1_INPUT_PORT_TYPE == _D1_HDMI_PORT) || (_D1_INPUT_PORT_T
             -YPE == _D1_MHL_PORT))
                      // DDC1 De-bounce Reference Clock(Xtal = 14.318M) div by 2, latch 3 stages
                      MCU_FF2D_DDC1_DDC_CONTROL_1 &= ~_BIT7;
                      MCU_FF2D_DDC1_DDC_CONTROL_1 |= (_BIT6 | _BIT5 | _BIT4);
              #endif
 698   2      
 699   2      #if((_D2_INPUT_PORT_TYPE == _D2_DVI_PORT) || (_D2_INPUT_PORT_TYPE == _D2_DUAL_DVI_PORT) || (_D2_INPUT_PORT
             -_TYPE == _D2_HDMI_PORT) || (_D2_INPUT_PORT_TYPE == _D2_MHL_PORT))
                      // DDC2 De-bounce Reference Clock(Xtal = 14.318M) div by 2, latch 3 stages
                      MCU_FE65_DDC2_DDC_CONTROL_1 &= ~_BIT7;
                      MCU_FE65_DDC2_DDC_CONTROL_1 |= (_BIT6 | _BIT5 | _BIT4);
              #endif
 704   2      
 705   2      #if((_D3_INPUT_PORT_TYPE == _D3_DVI_PORT) || (_D3_INPUT_PORT_TYPE == _D3_HDMI_PORT) || (_D3_INPUT_PORT_TYP
             -E == _D3_MHL_PORT))
 706   2              // DDC3 De-bounce Reference Clock(Xtal = 14.318M) div by 2, latch 3 stages
 707   2              MCU_FE6E_DDC3_DDC_CONTROL_1 &= ~_BIT7;
 708   2              MCU_FE6E_DDC3_DDC_CONTROL_1 |= (_BIT6 | _BIT5 | _BIT4);
 709   2      #endif
 710   2          }
 711   1          else
 712   1          {
 713   2              // VGA_DDC De-bounce Reference Clock(IOSC = 27M) div by 4, latch 3 stages
 714   2              MCU_FF1C_ADC_DDC_CONTROL_1 |= (_BIT7 | _BIT6 | _BIT5 | _BIT4);
 715   2      
 716   2      #if(_D0_INPUT_PORT_TYPE == _D0_DP_PORT)
 717   2              // DDC0 De-bounce Reference Clock(IOSC = 27M) div by 2, latch 1 stages
 718   2              MCU_FF1F_DDC0_DDC_CONTROL_1 &= ~(_BIT7);
 719   2              MCU_FF1F_DDC0_DDC_CONTROL_1 |= (_BIT6 | _BIT4);
 720   2      #elif((_D0_INPUT_PORT_TYPE == _D0_DVI_PORT) || (_D0_INPUT_PORT_TYPE == _D0_HDMI_PORT) || (_D0_INPUT_PORT_T
             -YPE == _D0_MHL_PORT))
                      // DDC0 De-bounce Reference Clock(IOSC = 27M) div by 4, latch 3 stages
                      MCU_FF1F_DDC0_DDC_CONTROL_1 |= (_BIT7 | _BIT6 | _BIT5 | _BIT4);
              #endif
 724   2      
C51 COMPILER V9.60.0.0   RL6432_SERIES_MCU                                                 09/20/2026 19:44:16 PAGE 13  

 725   2      #if(_D1_INPUT_PORT_TYPE == _D1_DP_PORT)
                      // DDC1 De-bounce Reference Clock(IOSC = 27M) div by 2, latch 1 stages
                      MCU_FF2D_DDC1_DDC_CONTROL_1 &= ~(_BIT7);
                      MCU_FF2D_DDC1_DDC_CONTROL_1 |= (_BIT6 | _BIT4);
              #elif((_D1_INPUT_PORT_TYPE == _D1_DVI_PORT) || (_D1_INPUT_PORT_TYPE == _D1_HDMI_PORT) || (_D1_INPUT_PORT_T
             -YPE == _D1_MHL_PORT))
                      // DDC1 De-bounce Reference Clock(IOSC = 27M) div by 4, latch 3 stages
                      MCU_FF2D_DDC1_DDC_CONTROL_1 |= (_BIT7 | _BIT6 | _BIT5 | _BIT4);
              #endif
 733   2      
 734   2      #if((_D2_INPUT_PORT_TYPE == _D2_DVI_PORT) || (_D2_INPUT_PORT_TYPE == _D2_DUAL_DVI_PORT) || (_D2_INPUT_PORT
             -_TYPE == _D2_HDMI_PORT) || (_D2_INPUT_PORT_TYPE == _D2_MHL_PORT))
                      // DDC2 De-bounce Reference Clock(IOSC = 27M) div by 4, latch 3 stages
                      MCU_FE65_DDC2_DDC_CONTROL_1 |= (_BIT7 | _BIT6 | _BIT5 | _BIT4);
              #endif
 738   2      
 739   2      #if((_D3_INPUT_PORT_TYPE == _D3_DVI_PORT) || (_D3_INPUT_PORT_TYPE == _D3_HDMI_PORT) || (_D3_INPUT_PORT_TYP
             -E == _D3_MHL_PORT))
 740   2              // DDC3 De-bounce Reference Clock(IOSC = 27M) div by 4, latch 3 stages
 741   2              MCU_FE6E_DDC3_DDC_CONTROL_1 |= (_BIT7 | _BIT6 | _BIT5 | _BIT4);
 742   2      #endif
 743   2          }
 744   1      }
 745          
 746          //--------------------------------------------------
 747          // Description  : DDCCI switch DDC Port
 748          // Input Value  : enumMode --> Debug or DDCCI Mode
 749          //                ucInputPort --> Input Port Type
 750          // Output Value : None
 751          //--------------------------------------------------
 752          void ScalerMcuDdcciSwitchPort(EnumDDCCIDebugMode enumMode, BYTE ucInputPort)
 753          {
 754   1      #if(_AUTO_TEST_SUPPORT == _ON)
                  // Set slave address for DDCCI
                  MCU_FF23_IIC_SET_SLAVE = 0x3E;
              
                  // Disable STOP_I, Enable D_IN_I, SUB_I interrupts
                  MCU_FF28_IIC_IRQ_CONTROL &= ~_BIT4;
                  MCU_FF28_IIC_IRQ_CONTROL |= _BIT2 | _BIT1;
              
                  return;
              #endif
 764   1      
 765   1      #if(_DEBUG_MESSAGE_SUPPORT == _ON)
 766   1          // Force to debug mode when debug message is enable
 767   1          enumMode = _DEBUG_MODE;
 768   1      #endif
 769   1      
 770   1          // Disable STOP_I, D_IN_I, SUB_I interrupts
 771   1          MCU_FF28_IIC_IRQ_CONTROL &= ~(_BIT4 | _BIT3 | _BIT2 | _BIT1);
 772   1      
 773   1          if(enumMode == _DDCCI_MODE)
 774   1          {
 775   2              // Set slave address for DDCCI
 776   2              MCU_FF23_IIC_SET_SLAVE = 0x6E;
 777   2      
 778   2              // Debug Mode Change to DDCCI Mode Need Clear IRQ Flag
 779   2              if(ScalerDebugGetDDCCIDebugMode() != enumMode)
 780   2              {
 781   3                  // Clear IRQ FLag
 782   3                  MCU_FF27_IIC_STATUS = 0x00;
 783   3                  // Read IIC Data In(0xFF25) to Clear Data In Flag
C51 COMPILER V9.60.0.0   RL6432_SERIES_MCU                                                 09/20/2026 19:44:16 PAGE 14  

 784   3                  pData[0] = MCU_FF25_IIC_DATA_IN;
 785   3                  // Write IIC Data Out(0xFF26) to Clear Data Out Flag
 786   3                  MCU_FF26_IIC_DATA_OUT = 0x00;
 787   3                  // Clear IIC Buffer Overflow or Underflow Flag
 788   3                  MCU_FF29_IIC_STATUS2 &= ~(_BIT5 | _BIT4);
 789   3                  // Reset IIC Buffer
 790   3                  MCU_FF2A_IIC_IRQ_CONTROL2 |= _BIT6;
 791   3              }
 792   2              // Enable D_IN_I, SUB_I interrupts
 793   2              MCU_FF28_IIC_IRQ_CONTROL |= _BIT2 | _BIT1;
 794   2      
 795   2      #if(_DUAL_BANK_DEBUG_SUPPORT == _ON)
                      CLR_DDCCI_SWITCH_STATE();
              #endif
 798   2      
 799   2              switch(ucInputPort)
 800   2              {
 801   3                  default:
 802   3                      break;
 803   3      
 804   3                  case _A0_INPUT_PORT:
 805   3      
 806   3                      // DDCCI switch to VGA_DDC
 807   3                      MCU_FF22_IIC_CH_SEL &= ~(_BIT2 | _BIT1 | _BIT0);
 808   3      
 809   3                      break;
 810   3      
 811   3                  case _D0_INPUT_PORT:
 812   3      
 813   3                      // DDCCI switch to DDC0 if D0 is assigned to DDC0
 814   3                      MCU_FF22_IIC_CH_SEL &= ~(_BIT2 | _BIT1 | _BIT0);
 815   3                      MCU_FF22_IIC_CH_SEL |= _BIT0;
 816   3      
 817   3                      break;
 818   3      
 819   3                  case _D1_INPUT_PORT:
 820   3      
 821   3                      // DDCCI switch to DDC1 if D1 is assigned to DDC1
 822   3                      MCU_FF22_IIC_CH_SEL &= ~(_BIT2 | _BIT1 | _BIT0);
 823   3                      MCU_FF22_IIC_CH_SEL |= _BIT1;
 824   3      
 825   3                      break;
 826   3      
 827   3                  case _D2_INPUT_PORT:
 828   3      
 829   3                      // DDCCI switch to DDC2 if D2 is assigned to DDC2
 830   3                      MCU_FF22_IIC_CH_SEL &= ~(_BIT2 | _BIT1 | _BIT0);
 831   3                      MCU_FF22_IIC_CH_SEL |= (_BIT1 | _BIT0);
 832   3      
 833   3                      break;
 834   3      
 835   3                  case _D3_INPUT_PORT:
 836   3      
 837   3                      // DDCCI switch to DDC3 if D3 is assigned to DDC3
 838   3                      MCU_FF22_IIC_CH_SEL &= ~(_BIT2 | _BIT1 | _BIT0);
 839   3                      MCU_FF22_IIC_CH_SEL |= _BIT2;
 840   3      
 841   3                      break;
 842   3              }
 843   2          }
 844   1          else
 845   1          {
C51 COMPILER V9.60.0.0   RL6432_SERIES_MCU                                                 09/20/2026 19:44:16 PAGE 15  

 846   2              // Set slave address for debug tool
 847   2              MCU_FF23_IIC_SET_SLAVE = 0x6A;
 848   2      
 849   2              // DDCCI Mode Change to Debug Mode Need Clear IRQ Flag
 850   2              if(ScalerDebugGetDDCCIDebugMode() != enumMode)
 851   2              {
 852   3                  // Clear IRQ FLag
 853   3                  MCU_FF27_IIC_STATUS = 0x00;
 854   3                  // Read IIC Data In(0xFF25) to Clear Data In Flag
 855   3                  pData[0] = MCU_FF25_IIC_DATA_IN;
 856   3                  // Write IIC Data Out(0xFF26) to Clear Data Out Flag
 857   3                  MCU_FF26_IIC_DATA_OUT = 0x00;
 858   3                  // Clear IIC Buffer Overflow or Underflow Flag
 859   3                  MCU_FF29_IIC_STATUS2 &= ~(_BIT5 | _BIT4);
 860   3                  // Reset IIC Buffer
 861   3                  MCU_FF2A_IIC_IRQ_CONTROL2 |= _BIT6;
 862   3              }
 863   2              // Enable STOP_I, D_IN_I, SUB_I interrupts
 864   2              MCU_FF28_IIC_IRQ_CONTROL |= _BIT4 | _BIT2 | _BIT1;
 865   2      
 866   2      #if(_DEBUG_DDC_CHANNEL_SEL == _DDC5)
                      // DDC from DDC5 channel
                      MCU_FF22_IIC_CH_SEL &= ~(_BIT2 | _BIT1 | _BIT0);
                      MCU_FF22_IIC_CH_SEL |= (_BIT2 | _BIT1);
              #elif(_DEBUG_DDC_CHANNEL_SEL == _DDC4)
                      // DDC from DDC4 channel
                      MCU_FF22_IIC_CH_SEL &= ~(_BIT2 | _BIT1 | _BIT0);
                      MCU_FF22_IIC_CH_SEL |= (_BIT2 | _BIT0);
              #elif(_DEBUG_DDC_CHANNEL_SEL == _DDC3)
 875   2              // DDC from DDC3 channel
 876   2              MCU_FF22_IIC_CH_SEL &= ~(_BIT2 | _BIT1 | _BIT0);
 877   2              MCU_FF22_IIC_CH_SEL |= _BIT2;
 878   2      #elif(_DEBUG_DDC_CHANNEL_SEL == _DDC2)
                      // DDC from DDC2 channel
                      MCU_FF22_IIC_CH_SEL &= ~(_BIT2 | _BIT1 | _BIT0);
                      MCU_FF22_IIC_CH_SEL |= (_BIT1 | _BIT0);
              #elif(_DEBUG_DDC_CHANNEL_SEL == _DDC1)
                      // DDC from DDC1 channel
                      MCU_FF22_IIC_CH_SEL &= ~(_BIT2 | _BIT1 | _BIT0);
                      MCU_FF22_IIC_CH_SEL |= _BIT1;
              #elif(_DEBUG_DDC_CHANNEL_SEL == _DDC0)
                      // DDC from DDC0 channel
                      MCU_FF22_IIC_CH_SEL &= ~(_BIT2 | _BIT1 | _BIT0);
                      MCU_FF22_IIC_CH_SEL |= _BIT0;
              #else
                      // DDC from VGA_DDC channel
                      MCU_FF22_IIC_CH_SEL &= ~(_BIT2 | _BIT1 | _BIT0);
              #endif
 894   2          }
 895   1          ScalerDebugSelectDDCCIDebugMode(enumMode);
 896   1      }
 897          
 898          #if(_DDCCI_CODE_REDUCTION == _OFF)
 899          #if(_DDCCI_AUTO_SWITCH_SUPPORT == _ON)
 900          //--------------------------------------------------
 901          // Description  : Set DDCCI Auto Switch Channel Enable
 902          // Input Value  : bEnable --> Status to Set
 903          // Output Value : None
 904          //--------------------------------------------------
 905          void ScalerMcuDdcciAutoSwitchInactiveChannel(bit bEnable)
 906          {
 907   1          if(bEnable == _ENABLE)
C51 COMPILER V9.60.0.0   RL6432_SERIES_MCU                                                 09/20/2026 19:44:16 PAGE 16  

 908   1          {
 909   2              switch(MCU_FF22_IIC_CH_SEL)
 910   2              {
 911   3                  case _DDCCI_ADC_DDC:
 912   3      
 913   3                      MCU_FF20_DDC0_DDC_CONTROL_2 |= _BIT4;
 914   3                      MCU_FF2E_DDC1_DDC_CONTROL_2 |= _BIT4;
 915   3                      MCU_FE66_DDC2_DDC_CONTROL_2 |= _BIT4;
 916   3                      MCU_FE6F_DDC3_DDC_CONTROL_2 |= _BIT4;
 917   3      
 918   3                      break;
 919   3      
 920   3                  case _DDCCI_DDC0:
 921   3      
 922   3                      MCU_FF1D_ADC_DDC_CONTROL_2 |= _BIT4;
 923   3                      MCU_FF2E_DDC1_DDC_CONTROL_2 |= _BIT4;
 924   3                      MCU_FE66_DDC2_DDC_CONTROL_2 |= _BIT4;
 925   3                      MCU_FE6F_DDC3_DDC_CONTROL_2 |= _BIT4;
 926   3      
 927   3                      break;
 928   3      
 929   3                  case _DDCCI_DDC1:
 930   3      
 931   3                      MCU_FF1D_ADC_DDC_CONTROL_2 |= _BIT4;
 932   3                      MCU_FF20_DDC0_DDC_CONTROL_2 |= _BIT4;
 933   3                      MCU_FE66_DDC2_DDC_CONTROL_2 |= _BIT4;
 934   3                      MCU_FE6F_DDC3_DDC_CONTROL_2 |= _BIT4;
 935   3      
 936   3                      break;
 937   3      
 938   3                  case _DDCCI_DDC2:
 939   3      
 940   3                      MCU_FF1D_ADC_DDC_CONTROL_2 |= _BIT4;
 941   3                      MCU_FF20_DDC0_DDC_CONTROL_2 |= _BIT4;
 942   3                      MCU_FF2E_DDC1_DDC_CONTROL_2 |= _BIT4;
 943   3                      MCU_FE6F_DDC3_DDC_CONTROL_2 |= _BIT4;
 944   3      
 945   3                      break;
 946   3      
 947   3                  case _DDCCI_DDC3:
 948   3      
 949   3                      MCU_FF1D_ADC_DDC_CONTROL_2 |= _BIT4;
 950   3                      MCU_FF20_DDC0_DDC_CONTROL_2 |= _BIT4;
 951   3                      MCU_FF2E_DDC1_DDC_CONTROL_2 |= _BIT4;
 952   3                      MCU_FE66_DDC2_DDC_CONTROL_2 |= _BIT4;
 953   3      
 954   3                      break;
 955   3      
 956   3                  default:
 957   3      
 958   3                      break;
 959   3              }
 960   2          }
 961   1          else
 962   1          {
 963   2              switch(MCU_FF22_IIC_CH_SEL)
 964   2              {
 965   3                  case _DDCCI_ADC_DDC:
 966   3      
 967   3                      MCU_FF20_DDC0_DDC_CONTROL_2 &= ~_BIT4;
 968   3                      MCU_FF2E_DDC1_DDC_CONTROL_2 &= ~_BIT4;
 969   3                      MCU_FE66_DDC2_DDC_CONTROL_2 &= ~_BIT4;
C51 COMPILER V9.60.0.0   RL6432_SERIES_MCU                                                 09/20/2026 19:44:16 PAGE 17  

 970   3                      MCU_FE6F_DDC3_DDC_CONTROL_2 &= ~_BIT4;
 971   3      
 972   3                      break;
 973   3      
 974   3                  case _DDCCI_DDC0:
 975   3      
 976   3                      MCU_FF1D_ADC_DDC_CONTROL_2 &= ~_BIT4;
 977   3                      MCU_FF2E_DDC1_DDC_CONTROL_2 &= ~_BIT4;
 978   3                      MCU_FE66_DDC2_DDC_CONTROL_2 &= ~_BIT4;
 979   3                      MCU_FE6F_DDC3_DDC_CONTROL_2 &= ~_BIT4;
 980   3      
 981   3                      break;
 982   3      
 983   3                  case _DDCCI_DDC1:
 984   3      
 985   3                      MCU_FF1D_ADC_DDC_CONTROL_2 &= ~_BIT4;
 986   3                      MCU_FF20_DDC0_DDC_CONTROL_2 &= ~_BIT4;
 987   3                      MCU_FE66_DDC2_DDC_CONTROL_2 &= ~_BIT4;
 988   3                      MCU_FE6F_DDC3_DDC_CONTROL_2 &= ~_BIT4;
 989   3      
 990   3                      break;
 991   3      
 992   3                  case _DDCCI_DDC2:
 993   3      
 994   3                      MCU_FF1D_ADC_DDC_CONTROL_2 &= ~_BIT4;
 995   3                      MCU_FF20_DDC0_DDC_CONTROL_2 &= ~_BIT4;
 996   3                      MCU_FF2E_DDC1_DDC_CONTROL_2 &= ~_BIT4;
 997   3                      MCU_FE6F_DDC3_DDC_CONTROL_2 &= ~_BIT4;
 998   3      
 999   3                      break;
1000   3      
1001   3                  case _DDCCI_DDC3:
1002   3      
1003   3                      MCU_FF1D_ADC_DDC_CONTROL_2 &= ~_BIT4;
1004   3                      MCU_FF20_DDC0_DDC_CONTROL_2 &= ~_BIT4;
1005   3                      MCU_FF2E_DDC1_DDC_CONTROL_2 &= ~_BIT4;
1006   3                      MCU_FE66_DDC2_DDC_CONTROL_2 &= ~_BIT4;
1007   3      
1008   3                      break;
1009   3      
1010   3                  default:
1011   3      
1012   3                      break;
1013   3              }
1014   2          }
1015   1      }
1016          
1017          #if(_DEBUG_MESSAGE_SUPPORT == _OFF)
              //--------------------------------------------------
              // Description  : Set DDCCI Auto Switch Inactive Channel Disable
              // Input Value  : bEnable --> Status to Set
              // Output Value : None
              //--------------------------------------------------
              void ScalerMcuDdcciAutoSwitchInactiveChannel_EXINT1(bit bEnable) using 2
              {
                  if(bEnable == _ENABLE)
                  {
                      switch(MCU_FF22_IIC_CH_SEL)
                      {
                          case _DDCCI_ADC_DDC:
              
                              MCU_FF20_DDC0_DDC_CONTROL_2 |= _BIT4;
C51 COMPILER V9.60.0.0   RL6432_SERIES_MCU                                                 09/20/2026 19:44:16 PAGE 18  

                              MCU_FF2E_DDC1_DDC_CONTROL_2 |= _BIT4;
                              MCU_FE66_DDC2_DDC_CONTROL_2 |= _BIT4;
                              MCU_FE6F_DDC3_DDC_CONTROL_2 |= _BIT4;
              
                              break;
              
                          case _DDCCI_DDC0:
              
                              MCU_FF1D_ADC_DDC_CONTROL_2 |= _BIT4;
                              MCU_FF2E_DDC1_DDC_CONTROL_2 |= _BIT4;
                              MCU_FE66_DDC2_DDC_CONTROL_2 |= _BIT4;
                              MCU_FE6F_DDC3_DDC_CONTROL_2 |= _BIT4;
              
                              break;
              
                          case _DDCCI_DDC1:
              
                              MCU_FF1D_ADC_DDC_CONTROL_2 |= _BIT4;
                              MCU_FF20_DDC0_DDC_CONTROL_2 |= _BIT4;
                              MCU_FE66_DDC2_DDC_CONTROL_2 |= _BIT4;
                              MCU_FE6F_DDC3_DDC_CONTROL_2 |= _BIT4;
              
                              break;
              
                          case _DDCCI_DDC2:
              
                              MCU_FF1D_ADC_DDC_CONTROL_2 |= _BIT4;
                              MCU_FF20_DDC0_DDC_CONTROL_2 |= _BIT4;
                              MCU_FF2E_DDC1_DDC_CONTROL_2 |= _BIT4;
                              MCU_FE6F_DDC3_DDC_CONTROL_2 |= _BIT4;
              
                              break;
              
                          case _DDCCI_DDC3:
              
                              MCU_FF1D_ADC_DDC_CONTROL_2 |= _BIT4;
                              MCU_FF20_DDC0_DDC_CONTROL_2 |= _BIT4;
                              MCU_FF2E_DDC1_DDC_CONTROL_2 |= _BIT4;
                              MCU_FE66_DDC2_DDC_CONTROL_2 |= _BIT4;
              
                              break;
              
                          default:
              
                              break;
                      }
                  }
                  else
                  {
                      switch(MCU_FF22_IIC_CH_SEL)
                      {
                          case _DDCCI_ADC_DDC:
              
                              MCU_FF20_DDC0_DDC_CONTROL_2 &= ~_BIT4;
                              MCU_FF2E_DDC1_DDC_CONTROL_2 &= ~_BIT4;
                              MCU_FE66_DDC2_DDC_CONTROL_2 &= ~_BIT4;
                              MCU_FE6F_DDC3_DDC_CONTROL_2 &= ~_BIT4;
              
                              break;
              
                          case _DDCCI_DDC0:
              
C51 COMPILER V9.60.0.0   RL6432_SERIES_MCU                                                 09/20/2026 19:44:16 PAGE 19  

                              MCU_FF1D_ADC_DDC_CONTROL_2 &= ~_BIT4;
                              MCU_FF2E_DDC1_DDC_CONTROL_2 &= ~_BIT4;
                              MCU_FE66_DDC2_DDC_CONTROL_2 &= ~_BIT4;
                              MCU_FE6F_DDC3_DDC_CONTROL_2 &= ~_BIT4;
              
                              break;
              
                          case _DDCCI_DDC1:
              
                              MCU_FF1D_ADC_DDC_CONTROL_2 &= ~_BIT4;
                              MCU_FF20_DDC0_DDC_CONTROL_2 &= ~_BIT4;
                              MCU_FE66_DDC2_DDC_CONTROL_2 &= ~_BIT4;
                              MCU_FE6F_DDC3_DDC_CONTROL_2 &= ~_BIT4;
              
                              break;
              
                          case _DDCCI_DDC2:
              
                              MCU_FF1D_ADC_DDC_CONTROL_2 &= ~_BIT4;
                              MCU_FF20_DDC0_DDC_CONTROL_2 &= ~_BIT4;
                              MCU_FF2E_DDC1_DDC_CONTROL_2 &= ~_BIT4;
                              MCU_FE6F_DDC3_DDC_CONTROL_2 &= ~_BIT4;
              
                              break;
              
                          case _DDCCI_DDC3:
              
                              MCU_FF1D_ADC_DDC_CONTROL_2 &= ~_BIT4;
                              MCU_FF20_DDC0_DDC_CONTROL_2 &= ~_BIT4;
                              MCU_FF2E_DDC1_DDC_CONTROL_2 &= ~_BIT4;
                              MCU_FE66_DDC2_DDC_CONTROL_2 &= ~_BIT4;
              
                              break;
              
                          default:
              
                              break;
                      }
                  }
              }
              #endif
1135          #endif
1136          #endif
1137          
1138          //--------------------------------------------------
1139          // Description  : GPIO Initial Settings
1140          // Input Value  : None
1141          // Output Value : None
1142          //--------------------------------------------------
1143          void ScalerMcuGpioInitial(void)
1144          {
1145   1          // Port_pin_reg_n signal is enabled (P1, P3 GPI->Bus Value)
1146   1          MCU_FFED_MCU_CONTROL |= _BIT7;
1147   1      
1148   1          // Source selection for P1, P3, P5, P6, P7, P8, P9, PA, PB, PC, PD, PE, PF, read back from bus value
1149   1          MCU_FE60_PORT_READ_CONTROL = 0xFF;
1150   1          MCU_FE61_PORT_READ_CONTROL_2 = 0xFF;
1151   1      
1152   1      #if(_TWO_CHIP_DATA_EXCHANGE_MODE != _DATA_EXCHANGE_MODE_NONE)
                  // Switch Off Repeater Power By PCB Control
                  PCB_TWO_CHIP_REPEATER_POW(_TWO_CHIP_REPEATER_POWER_OFF);
              
C51 COMPILER V9.60.0.0   RL6432_SERIES_MCU                                                 09/20/2026 19:44:16 PAGE 20  

                  // Switch Off Repeater Power By PCB Control
                  PCB_TWO_CHIP_PORT_CTRL_POW(_TWO_CHIP_PORT_CTRL_POWER_OFF);
              #endif
1159   1      
1160   1          PCB_D0_HOTPLUG(_D0_HOT_PLUG_LOW);
1161   1      
1162   1      #if(_D1_INPUT_PORT_TYPE != _D1_NO_PORT)
              
              #if(_D1_INPUT_PORT_TYPE == _D1_DP_PORT)
                  PCB_D1_HOTPLUG(_D1_HOT_PLUG_LOW);
              #else
              #if(_DELL_HDMI_HPD_DDC_STYLE_SUPPORT == _OFF)
                  PCB_D1_HOTPLUG(_D1_HOT_PLUG_HIGH);
              #else
                  PCB_D1_HOTPLUG(_D1_HOT_PLUG_LOW);
              #endif
              
              #if(_DP_HDMI_COMPATIBLE_MODE == _ON)
                  SET_D1_HDMI_5V_STATUS();
              #endif
              
              #endif
              
              #endif
1180   1      
1181   1      #if(_DELL_HDMI_HPD_DDC_STYLE_SUPPORT == _OFF)
1182   1          PCB_D2_HOTPLUG(_D2_HOT_PLUG_HIGH);
1183   1      #else
                  PCB_D2_HOTPLUG(_D2_HOT_PLUG_LOW);
              #endif
1186   1      
1187   1      #if(_DP_HDMI_COMPATIBLE_MODE == _ON)
                  SET_D2_HDMI_5V_STATUS();
              #endif
1190   1      
1191   1      #if(_DELL_HDMI_HPD_DDC_STYLE_SUPPORT == _OFF)
1192   1          PCB_D3_HOTPLUG(_D3_HOT_PLUG_HIGH);
1193   1      #else
                  PCB_D3_HOTPLUG(_D3_HOT_PLUG_LOW);
              #endif
1196   1      
1197   1      
1198   1      #if(_DP_HDMI_COMPATIBLE_MODE == _ON)
                  SET_D3_HDMI_5V_STATUS();
              #endif
1201   1      
1202   1          PCB_D2_HDMI_MHL_SWITCH(_TMDS_SWITCH_HDMI_HPD);
1203   1          PCB_D3_HDMI_MHL_SWITCH(_TMDS_SWITCH_HDMI_HPD);
1204   1          PCB_D2_MHL_VBUS_SWITCH(_MHL_VBUS_OFF);
1205   1          PCB_D3_MHL_VBUS_SWITCH(_MHL_VBUS_OFF);
1206   1      
1207   1          PCB_A0_EDID_EEPROM_WRITE_PROTECT(_EDID_EEPROM_WP_ENABLE);
1208   1          PCB_D1_EDID_EEPROM_WRITE_PROTECT(_EDID_EEPROM_WP_ENABLE);
1209   1          PCB_D2_EDID_EEPROM_WRITE_PROTECT(_EDID_EEPROM_WP_ENABLE);
1210   1          PCB_D3_EDID_EEPROM_WRITE_PROTECT(_EDID_EEPROM_WP_ENABLE);
1211   1      
1212   1          PCB_FLASH_WRITE_PROTECT(_FLASH_WRITE_PROTECT_ENABLE);
1213   1          PCB_EEPROM_WRITE_PROTECT(_EEPROM_WP_ENABLE);
1214   1      
1215   1          PCB_VCCK_OFF_POWER(_VCCK_OFF_POWER_ON);
1216   1      
1217   1          // Wait for VCCK_OFF Power On Stable
C51 COMPILER V9.60.0.0   RL6432_SERIES_MCU                                                 09/20/2026 19:44:16 PAGE 21  

1218   1          POLLING_VCCK_OFF_STATUS(_VCCK_OFF_TIME_POLLING_POWER_ON);
1219   1      
1220   1          PCB_REGULATOR_5V_OUT(_REGULATOR_5V_OFF);
1221   1          PCB_PANEL_POWER(_PANEL_CONTROL_OFF);
1222   1          PCB_BACKLIGHT_POWER_PIN(_LIGHT_CONTROL_OFF);
1223   1          PCB_LED_AC_ON_INITIAL();
1224   1      
1225   1          PCB_ON_REGION_GPIO_SETTING_POWER_AC_ON();
1226   1          PCB_OFF_REGION_GPIO_SETTING_POWER_AC_PD_PS_ON();
1227   1      
1228   1          // Initi External Edid Gpio in AC ON Case
1229   1          PCB_MULTI_EDID_SWITCH_POWER_AC_ON();
1230   1      
1231   1      #if(_PANEL_STYLE == _PANEL_LVDS)
1232   1          ScalerDisplaySetLvdsGpioInitial();
1233   1      #endif
1234   1      }
1235          
1236          //--------------------------------------------------
1237          // Description  : DDC Initial Settings
1238          // Input Value  : None
1239          // Output Value : None
1240          //--------------------------------------------------
1241          void ScalerMcuDdcInitial(void)
1242          {
1243   1          // DDCRAM partition
1244   1          MCU_FFE9_MCU_CLK_CONTROL_1 &= ~(_BIT6 | _BIT5);
1245   1      
1246   1          MCU_FEB1_DDCRAM_ST_ADDRESS &= ~(_BIT5 | _BIT4 | _BIT3 | _BIT2 | _BIT1 | _BIT0);
1247   1      
1248   1          // Disable DDC Segment for VGA_DDC
1249   1          MCU_FF1D_ADC_DDC_CONTROL_2 &= ~_BIT2;
1250   1      
1251   1          // Disable DDC Segment for DDC0
1252   1          MCU_FF20_DDC0_DDC_CONTROL_2 &= ~_BIT2;
1253   1      
1254   1          // Disable DDC Segment for DDC1
1255   1          MCU_FF2E_DDC1_DDC_CONTROL_2 &= ~_BIT2;
1256   1      
1257   1          // Disable DDC Segment for DDC2
1258   1          MCU_FE66_DDC2_DDC_CONTROL_2 &= ~_BIT2;
1259   1      
1260   1          // Disable DDC Segment for DDC3
1261   1          MCU_FE6F_DDC3_DDC_CONTROL_2 &= ~_BIT2;
1262   1      
1263   1          // Slave address 0xA0 for VGA_DDC
1264   1          MCU_FF1B_ADC_DDC_ENABLE &= ~(_BIT7 | _BIT6 | _BIT5);
1265   1      
1266   1          // Slave address 0xA0 for DDC0
1267   1          MCU_FF1E_DDC0_DDC_ENABLE &= ~(_BIT7 | _BIT6 | _BIT5);
1268   1      
1269   1          // Slave address 0xA0 for DDC1
1270   1          MCU_FF2C_DDC1_DDC_ENABLE &= ~(_BIT7 | _BIT6 | _BIT5);
1271   1      
1272   1          // Slave address 0xA0 for DDC2
1273   1          MCU_FE64_DDC2_DDC_ENABLE &= ~(_BIT7 | _BIT6 | _BIT5);
1274   1      
1275   1          // Slave address 0xA0 for DDC3
1276   1          MCU_FE6D_DDC3_DDC_ENABLE &= ~(_BIT7 | _BIT6 | _BIT5);
1277   1      
1278   1          // Force DDC to DDC2 Mode
1279   1          MCU_FF1C_ADC_DDC_CONTROL_1 |= _BIT2;
C51 COMPILER V9.60.0.0   RL6432_SERIES_MCU                                                 09/20/2026 19:44:16 PAGE 22  

1280   1          MCU_FF1F_DDC0_DDC_CONTROL_1 |= _BIT2;
1281   1          MCU_FF2D_DDC1_DDC_CONTROL_1 |= _BIT2;
1282   1          MCU_FE65_DDC2_DDC_CONTROL_1 |= _BIT2;
1283   1          MCU_FE6E_DDC3_DDC_CONTROL_1 |= _BIT2;
1284   1      
1285   1          // VGA_DDC Debounce reference clock from Xtal
1286   1          MCU_FF1C_ADC_DDC_CONTROL_1 &= ~_BIT3;
1287   1      
1288   1          // DDC0 Debounce reference clock from Xtal
1289   1          MCU_FF1F_DDC0_DDC_CONTROL_1 &= ~_BIT3;
1290   1      
1291   1          // DDC1 Debounce reference clock from Xtal
1292   1          MCU_FF2D_DDC1_DDC_CONTROL_1 &= ~_BIT3;
1293   1      
1294   1          // DDC2 Debounce reference clock from Xtal
1295   1          MCU_FE65_DDC2_DDC_CONTROL_1 &= ~_BIT3;
1296   1      
1297   1          // DDC3 Debounce reference clock from Xtal
1298   1          MCU_FE6E_DDC3_DDC_CONTROL_1 &= ~_BIT3;
1299   1      
1300   1          // DDC Debounce Settings
1301   1          ScalerMcuDdcDebounceSel(_EXT_XTAL_CLK);
1302   1      
1303   1          // A0 DDC force Nack when not embedded EDID
1304   1          MCU_FFE7_VGA_EDID_IRQ |= _BIT5;
1305   1      
1306   1          // D0 DDC force Nack when not embedded EDID
1307   1          MCU_FFE4_DDC0_EDID_IRQ |= _BIT5;
1308   1      
1309   1          // D1 DDC force Nack when not embedded EDID
1310   1          MCU_FFE5_DDC1_EDID_IRQ |= _BIT5;
1311   1      
1312   1          // D2 DDC force Nack when not embedded EDID
1313   1          MCU_FE69_DDC2_EDID_IRQ |= _BIT5;
1314   1      
1315   1          // D3 DDC force Nack when not embedded EDID
1316   1          MCU_FE72_DDC3_EDID_IRQ |= _BIT5;
1317   1      
1318   1      #if((_D6_INPUT_PORT_TYPE == _D6_DP_PORT) && (_D6_INPUT_PORT_SWITCH_FROM == _SWITCH_FROM_D0))
              
                  // Disable DDCRAM0 Start Address Auto Switch for D0/D6 EDID Segment FW Control
                  MCU_FFD1_DDCRAM0_CONTROL &= ~_BIT7;
              #endif
1323   1      
1324   1          /////////////////////////////////////////
1325   1          // Release DDC SCL Pin force to Low /////
1326   1          /////////////////////////////////////////
1327   1      
1328   1          // DDC3
1329   1          MCU_FE6F_DDC3_DDC_CONTROL_2 &= ~_BIT0;
1330   1      
1331   1          // DDC2
1332   1          MCU_FE66_DDC2_DDC_CONTROL_2 &= ~_BIT0;
1333   1      
1334   1          // DDC1
1335   1          MCU_FF2E_DDC1_DDC_CONTROL_2 &= ~_BIT0;
1336   1      
1337   1          // DDC0
1338   1          MCU_FF20_DDC0_DDC_CONTROL_2 &= ~_BIT0;
1339   1      
1340   1          // VGA DDC
1341   1          MCU_FF1D_ADC_DDC_CONTROL_2 &= ~_BIT0;
C51 COMPILER V9.60.0.0   RL6432_SERIES_MCU                                                 09/20/2026 19:44:16 PAGE 23  

1342   1      }
1343          
1344          #if(_DELL_HDMI_HPD_DDC_STYLE_SUPPORT == _ON)
              //--------------------------------------------------
              // Description  : Enable/Disable Ddcci Channel
              // Input Value  : ucInputPort --> Input Port
              //                bEn --> Enable/Disable
              // Output Value : InputPort
              //--------------------------------------------------
              void ScalerMcuDdcciEnable(bit bEn, BYTE ucInputPort)
              {
                  BYTE ucDdcChannel = ScalerMcuGetDdcChannelFromInputPort(ucInputPort);
              
                  if(bEn == _DISABLE)
                  {
                      switch(ucDdcChannel)
                      {
                          case _VGA_DDC:
                              MCU_FF1D_ADC_DDC_CONTROL_2 &= ~_BIT4;
                              break;
              
              #if(_D0_DDC_CHANNEL_SEL != _NO_DDC)
                          case _D0_DDC_CHANNEL_SEL:
                              if(_D0_DDC_CHANNEL_SEL == _DDC0)
                              {
                                  MCU_FF20_DDC0_DDC_CONTROL_2 &= ~_BIT4;
                              }
              
                              if(_D0_DDC_CHANNEL_SEL == _DDC1)
                              {
                                  MCU_FF2E_DDC1_DDC_CONTROL_2 &= ~_BIT4;
                              }
              
                              if(_D0_DDC_CHANNEL_SEL == _DDC2)
                              {
                                  MCU_FE66_DDC2_DDC_CONTROL_2 &= ~_BIT4;
                              }
              
                              if(_D0_DDC_CHANNEL_SEL == _DDC3)
                              {
                                  MCU_FE6F_DDC3_DDC_CONTROL_2 &= ~_BIT4;
                              }
              
                              break;
              #endif
              
              #if(_D1_DDC_CHANNEL_SEL != _NO_DDC)
                          case _D1_DDC_CHANNEL_SEL:
                              if(_D1_DDC_CHANNEL_SEL == _DDC0)
                              {
                                  MCU_FF20_DDC0_DDC_CONTROL_2 &= ~_BIT4;
                              }
              
                              if(_D1_DDC_CHANNEL_SEL == _DDC1)
                              {
                                  MCU_FF2E_DDC1_DDC_CONTROL_2 &= ~_BIT4;
                              }
              
                              if(_D1_DDC_CHANNEL_SEL == _DDC2)
                              {
                                  MCU_FE66_DDC2_DDC_CONTROL_2 &= ~_BIT4;
                              }
C51 COMPILER V9.60.0.0   RL6432_SERIES_MCU                                                 09/20/2026 19:44:16 PAGE 24  

              
                              if(_D1_DDC_CHANNEL_SEL == _DDC3)
                              {
                                  MCU_FE6F_DDC3_DDC_CONTROL_2 &= ~_BIT4;
                              }
              
                              break;
              #endif
              
              #if(_D2_DDC_CHANNEL_SEL != _NO_DDC)
                          case _D2_DDC_CHANNEL_SEL:
                              if(_D2_DDC_CHANNEL_SEL == _DDC0)
                              {
                                  MCU_FF20_DDC0_DDC_CONTROL_2 &= ~_BIT4;
                              }
              
                              if(_D2_DDC_CHANNEL_SEL == _DDC1)
                              {
                                  MCU_FF2E_DDC1_DDC_CONTROL_2 &= ~_BIT4;
                              }
              
                              if(_D2_DDC_CHANNEL_SEL == _DDC2)
                              {
                                  MCU_FE66_DDC2_DDC_CONTROL_2 &= ~_BIT4;
                              }
              
                              if(_D2_DDC_CHANNEL_SEL == _DDC3)
                              {
                                  MCU_FE6F_DDC3_DDC_CONTROL_2 &= ~_BIT4;
                              }
              
                              break;
              #endif
              
              #if(_D3_DDC_CHANNEL_SEL != _NO_DDC)
                          case _D3_DDC_CHANNEL_SEL:
                              if(_D3_DDC_CHANNEL_SEL == _DDC0)
                              {
                                  MCU_FF20_DDC0_DDC_CONTROL_2 &= ~_BIT4;
                              }
              
                              if(_D3_DDC_CHANNEL_SEL == _DDC1)
                              {
                                  MCU_FF2E_DDC1_DDC_CONTROL_2 &= ~_BIT4;
                              }
              
                              if(_D3_DDC_CHANNEL_SEL == _DDC2)
                              {
                                  MCU_FE66_DDC2_DDC_CONTROL_2 &= ~_BIT4;
                              }
              
                              if(_D3_DDC_CHANNEL_SEL == _DDC3)
                              {
                                  MCU_FE6F_DDC3_DDC_CONTROL_2 &= ~_BIT4;
                              }
              
                              break;
              #endif
              
                          default:
                              break;
                      }
C51 COMPILER V9.60.0.0   RL6432_SERIES_MCU                                                 09/20/2026 19:44:16 PAGE 25  

                  }
                  else
                  {
                      switch(ucDdcChannel)
                      {
                          case _VGA_DDC:
                              MCU_FF1D_ADC_DDC_CONTROL_2 |= _BIT4;
                              break;
              
              #if(_D0_DDC_CHANNEL_SEL != _NO_DDC)
                          case _D0_DDC_CHANNEL_SEL:
                              if(_D0_DDC_CHANNEL_SEL == _DDC0)
                              {
                                  MCU_FF20_DDC0_DDC_CONTROL_2 |= _BIT4;
                              }
              
                              if(_D0_DDC_CHANNEL_SEL == _DDC1)
                              {
                                  MCU_FF2E_DDC1_DDC_CONTROL_2 |= _BIT4;
                              }
              
                              if(_D0_DDC_CHANNEL_SEL == _DDC2)
                              {
                                  MCU_FE66_DDC2_DDC_CONTROL_2 |= _BIT4;
                              }
              
                              if(_D0_DDC_CHANNEL_SEL == _DDC3)
                              {
                                  MCU_FE6F_DDC3_DDC_CONTROL_2 |= _BIT4;
                              }
              
                              break;
              #endif
              
              #if(_D1_DDC_CHANNEL_SEL != _NO_DDC)
                          case _D1_DDC_CHANNEL_SEL:
                              if(_D1_DDC_CHANNEL_SEL == _DDC0)
                              {
                                  MCU_FF20_DDC0_DDC_CONTROL_2 |= _BIT4;
                              }
              
                              if(_D1_DDC_CHANNEL_SEL == _DDC1)
                              {
                                  MCU_FF2E_DDC1_DDC_CONTROL_2 |= _BIT4;
                              }
              
                              if(_D1_DDC_CHANNEL_SEL == _DDC2)
                              {
                                  MCU_FE66_DDC2_DDC_CONTROL_2 |= _BIT4;
                              }
              
                              if(_D1_DDC_CHANNEL_SEL == _DDC3)
                              {
                                  MCU_FE6F_DDC3_DDC_CONTROL_2 |= _BIT4;
                              }
              
                              break;
              #endif
              
              #if(_D2_DDC_CHANNEL_SEL != _NO_DDC)
                          case _D2_DDC_CHANNEL_SEL:
                              if(_D2_DDC_CHANNEL_SEL == _DDC0)
C51 COMPILER V9.60.0.0   RL6432_SERIES_MCU                                                 09/20/2026 19:44:16 PAGE 26  

                              {
                                  MCU_FF20_DDC0_DDC_CONTROL_2 |= _BIT4;
                              }
              
                              if(_D2_DDC_CHANNEL_SEL == _DDC1)
                              {
                                  MCU_FF2E_DDC1_DDC_CONTROL_2 |= _BIT4;
                              }
              
                              if(_D2_DDC_CHANNEL_SEL == _DDC2)
                              {
                                  MCU_FE66_DDC2_DDC_CONTROL_2 |= _BIT4;
                              }
              
                              if(_D2_DDC_CHANNEL_SEL == _DDC3)
                              {
                                  MCU_FE6F_DDC3_DDC_CONTROL_2 |= _BIT4;
                              }
              
                              break;
              #endif
              
              #if(_D3_DDC_CHANNEL_SEL != _NO_DDC)
                          case _D3_DDC_CHANNEL_SEL:
                              if(_D3_DDC_CHANNEL_SEL == _DDC0)
                              {
                                  MCU_FF20_DDC0_DDC_CONTROL_2 |= _BIT4;
                              }
              
                              if(_D3_DDC_CHANNEL_SEL == _DDC1)
                              {
                                  MCU_FF2E_DDC1_DDC_CONTROL_2 |= _BIT4;
                              }
              
                              if(_D3_DDC_CHANNEL_SEL == _DDC2)
                              {
                                  MCU_FE66_DDC2_DDC_CONTROL_2 |= _BIT4;
                              }
              
                              if(_D3_DDC_CHANNEL_SEL == _DDC3)
                              {
                                  MCU_FE6F_DDC3_DDC_CONTROL_2 |= _BIT4;
                              }
              
                              break;
              #endif
              
                          default:
                              break;
                      }
                  }
              }
              #endif
1581          
1582          //--------------------------------------------------
1583          // Description  : Enable DDC Ram
1584          // Input Value  : None
1585          // Output Value : None
1586          //--------------------------------------------------
1587          void ScalerMcuDdcRamEnable(void)
1588          {
1589   1          // VGA_DDC Debounce Enable, ADC DDC channel enable
C51 COMPILER V9.60.0.0   RL6432_SERIES_MCU                                                 09/20/2026 19:44:16 PAGE 27  

1590   1          MCU_FF1B_ADC_DDC_ENABLE |= (_BIT1 | _BIT0);
1591   1      
1592   1          // DDC0 Debounce Enable, DDC0 channel enable
1593   1          MCU_FF1E_DDC0_DDC_ENABLE |= (_BIT1 | _BIT0);
1594   1      
1595   1          // DDC1 Debounce Enable, DDC1 channel enable
1596   1          MCU_FF2C_DDC1_DDC_ENABLE |= (_BIT1 | _BIT0);
1597   1      
1598   1          // DDC2 Debounce Enable, DDC2 channel enable
1599   1          MCU_FE64_DDC2_DDC_ENABLE |= (_BIT1 | _BIT0);
1600   1      
1601   1          // DDC3 Debounce Enable, DDC3 channel enable
1602   1          MCU_FE6D_DDC3_DDC_ENABLE |= (_BIT1 | _BIT0);
1603   1      }
1604          
1605          //--------------------------------------------------
1606          // Description  : DDC-CI Initial Settings
1607          // Input Value  : None
1608          // Output Value : None
1609          //--------------------------------------------------
1610          void ScalerMcuDdcciInitial(void)
1611          {
1612   1          // Set slave address for debug tool
1613   1          MCU_FF23_IIC_SET_SLAVE = 0x6A;
1614   1          // Set DDCCI Mode for Debug Tool
1615   1          ScalerDebugSelectDDCCIDebugMode(_DEBUG_MODE);
1616   1      
1617   1          // Disable DDCCI 1,2,3
1618   1          MCU_FE87_IIC_1_SET_SLAVE = 0x3D;
1619   1          MCU_FE86_IIC_1_CH_SEL |= (_BIT2 | _BIT1 | _BIT0);
1620   1      
1621   1      #if(_DEBUG_DDC_CHANNEL_SEL == _DDC5)
                  // DDC from DDC5 channel
                  MCU_FF22_IIC_CH_SEL &= ~(_BIT2 | _BIT1 | _BIT0);
                  MCU_FF22_IIC_CH_SEL |= (_BIT2 | _BIT1);
              #elif(_DEBUG_DDC_CHANNEL_SEL == _DDC4)
                  // DDC from DDC4 channel
                  MCU_FF22_IIC_CH_SEL &= ~(_BIT2 | _BIT1 | _BIT0);
                  MCU_FF22_IIC_CH_SEL |= (_BIT2 | _BIT0);
              #elif(_DEBUG_DDC_CHANNEL_SEL == _DDC3)
1630   1          // DDC from DDC3 channel
1631   1          MCU_FF22_IIC_CH_SEL &= ~(_BIT2 | _BIT1 | _BIT0);
1632   1          MCU_FF22_IIC_CH_SEL |= _BIT2;
1633   1      #elif(_DEBUG_DDC_CHANNEL_SEL == _DDC2)
                  // DDC from DDC2 channel
                  MCU_FF22_IIC_CH_SEL &= ~(_BIT2 | _BIT1 | _BIT0);
                  MCU_FF22_IIC_CH_SEL |= (_BIT1 | _BIT0);
              #elif(_DEBUG_DDC_CHANNEL_SEL == _DDC1)
                  // DDC from DDC1 channel
                  MCU_FF22_IIC_CH_SEL &= ~(_BIT2 | _BIT1 | _BIT0);
                  MCU_FF22_IIC_CH_SEL |= _BIT1;
              #elif(_DEBUG_DDC_CHANNEL_SEL == _DDC0)
                  // DDC from DDC0 channel
                  MCU_FF22_IIC_CH_SEL &= ~(_BIT2 | _BIT1 | _BIT0);
                  MCU_FF22_IIC_CH_SEL |= _BIT0;
              #else
                  // DDC from VGA_DDC channel
                  MCU_FF22_IIC_CH_SEL &= ~(_BIT2 | _BIT1 | _BIT0);
              #endif
1649   1          // Assign DDC-CI interrupts to int1 (IRQ2)
1650   1          MCU_FFC4_IRQ_PRIORITY_3 &= ~(_BIT2 | _BIT1 | _BIT0);
1651   1          MCU_FFC4_IRQ_PRIORITY_3 |= _BIT0;
C51 COMPILER V9.60.0.0   RL6432_SERIES_MCU                                                 09/20/2026 19:44:16 PAGE 28  

1652   1      
1653   1          // Enable DDC-CI buffer auto reset
1654   1          MCU_FF2A_IIC_IRQ_CONTROL2 |= _BIT7;
1655   1      
1656   1          // Clear DDCCI status
1657   1          MCU_FF27_IIC_STATUS = 0x00;
1658   1          pData[0] = MCU_FF25_IIC_DATA_IN;
1659   1          MCU_FF26_IIC_DATA_OUT = 0x00;
1660   1          MCU_FF29_IIC_STATUS2 &= ~(_BIT5 | _BIT4);
1661   1      
1662   1          // Reset IIC Buffer
1663   1          MCU_FF2A_IIC_IRQ_CONTROL2 |= _BIT6;
1664   1          // For HP case, return Null Msg if Command isn't finish
1665   1      #if(_HW_DDCCI_BUFFER_EMPTY_REPLY_NULL_MSG_SUPPORT == _ON)
                  MCU_FF2B_IIC_CHANNEL_CONTROL |= _BIT5;
              #endif
1668   1      
1669   1          EX1 = 1;
1670   1      
1671   1          // Enable STOP_I, D_IN_I, SUB_I interrupts
1672   1          MCU_FF28_IIC_IRQ_CONTROL |= _BIT4 | _BIT2 | _BIT1;
1673   1      
1674   1          DebugMessageSystem("######    F/W START    ######", _OFF);
1675   1      }
1676          
1677          #if((_OGC_SUPPORT == _ON) || (_OCC_SUPPORT == _ON) || (_OGC_DICOM_SUPPORT == _ON))
1678          //--------------------------------------------------
1679          // Description  : Release SCL
1680          // Input Value  : NONE
1681          // Output Value : NONE
1682          //--------------------------------------------------
1683          void ScalerMcuDdcciReleaseScl(void)
1684          {
1685   1          switch(MCU_FF22_IIC_CH_SEL & (_BIT2 | _BIT1 | _BIT0))
1686   1          {
1687   2              case _DDCCI_DDC3:
1688   2                  MCU_FE6F_DDC3_DDC_CONTROL_2 &= ~_BIT0;
1689   2                  break;
1690   2      
1691   2              case _DDCCI_DDC2:
1692   2                  MCU_FE66_DDC2_DDC_CONTROL_2 &= ~_BIT0;
1693   2                  break;
1694   2      
1695   2              case _DDCCI_DDC1:
1696   2                  MCU_FF2E_DDC1_DDC_CONTROL_2 &= ~_BIT0;
1697   2                  break;
1698   2      
1699   2              case _DDCCI_DDC0:
1700   2                  MCU_FF20_DDC0_DDC_CONTROL_2 &= ~_BIT0;
1701   2                  break;
1702   2      
1703   2              case _DDCCI_ADC_DDC:
1704   2                  MCU_FF1D_ADC_DDC_CONTROL_2 &= ~_BIT0;
1705   2                  break;
1706   2      
1707   2              default:
1708   2      
1709   2                  break;
1710   2          }
1711   1      }
1712          
1713          #if(_DEBUG_MESSAGE_SUPPORT == _OFF)
C51 COMPILER V9.60.0.0   RL6432_SERIES_MCU                                                 09/20/2026 19:44:16 PAGE 29  

              //--------------------------------------------------
              // Description  : hold SCL
              // Input Value  : NONE
              // Output Value : NONE
              //--------------------------------------------------
              void ScalerMcuDdcciHoldScl_EXINT1(void) using 2
              {
                  switch(MCU_FF22_IIC_CH_SEL & (_BIT2 | _BIT1 | _BIT0))
                  {
                      case _DDCCI_DDC3:
                          MCU_FE6F_DDC3_DDC_CONTROL_2 |= _BIT0;
                          break;
              
                      case _DDCCI_DDC2:
                          MCU_FE66_DDC2_DDC_CONTROL_2 |= _BIT0;
                          break;
              
                      case _DDCCI_DDC1:
                          MCU_FF2E_DDC1_DDC_CONTROL_2 |= _BIT0;
                          break;
              
                      case _DDCCI_DDC0:
                          MCU_FF20_DDC0_DDC_CONTROL_2 |= _BIT0;
                          break;
              
                      case _DDCCI_ADC_DDC:
                          MCU_FF1D_ADC_DDC_CONTROL_2 |= _BIT0;
                          break;
              
                      default:
              
                          break;
                  }
              }
              #endif
1749          #endif  // End of #if((_OGC_SUPPORT == _ON) || (_OCC_SUPPORT == _ON) || (_OGC_DICOM_SUPPORT == _ON))
1750          
1751          
1752          //--------------------------------------------------
1753          // Description  : ISP Channel Setting
1754          // Input Value  : ISPChannel -> VGA_DDC: _BIT0; DDC0: _BIT1; DDC1: _BIT2;... DDC5: _BIT6;
1755          //                _NO_DDC: _BIT7; VGA_DDC2: _BIT8
1756          // Output Value : NONE
1757          //--------------------------------------------------
1758          void ScalerMcuSetISPChannel(WORD usISPChannel)
1759          {
1760   1          // VGA_DDC
1761   1          ScalerMcuDdcISPChannelCtrl(_VGA_DDC, (bit)(usISPChannel & _BIT0));
1762   1          // DDC0
1763   1          ScalerMcuDdcISPChannelCtrl(_DDC0, (bit)(usISPChannel & _BIT1));
1764   1          // DDC1
1765   1          ScalerMcuDdcISPChannelCtrl(_DDC1, (bit)(usISPChannel & _BIT2));
1766   1          // DDC2
1767   1          ScalerMcuDdcISPChannelCtrl(_DDC2, (bit)(usISPChannel & _BIT3));
1768   1          // DDC3
1769   1          ScalerMcuDdcISPChannelCtrl(_DDC3, (bit)(usISPChannel & _BIT4));
1770   1      }
1771          
1772          //--------------------------------------------------
1773          // Description  : ISP Channel Setting
1774          // Input Value  : ucDdcChannel --> VGA_DDC...VGA_DDC2
1775          //                bEnable --> _ENABLE: enable DDC ISP function, no protect
C51 COMPILER V9.60.0.0   RL6432_SERIES_MCU                                                 09/20/2026 19:44:16 PAGE 30  

1776          //                            _DISABLE: disable DDC ISP function, protect
1777          // Output Value : NONE
1778          //--------------------------------------------------
1779          void ScalerMcuDdcISPChannelCtrl(BYTE ucDdcChannel, bit bEnable)
1780          {
1781   1          switch(ucDdcChannel)
1782   1          {
1783   2              case _VGA_DDC:
1784   2                  // VGA_DDC ISP
1785   2                  MCU_FF1D_ADC_DDC_CONTROL_2 = (bEnable) ? (MCU_FF1D_ADC_DDC_CONTROL_2 | _BIT3) : (MCU_FF1D_ADC_
             -DDC_CONTROL_2 & (~_BIT3));
1786   2                  break;
1787   2      
1788   2              case _DDC0:
1789   2                  // DDC0 ISP
1790   2                  MCU_FF20_DDC0_DDC_CONTROL_2 = (bEnable) ? (MCU_FF20_DDC0_DDC_CONTROL_2 | _BIT3) : (MCU_FF20_DD
             -C0_DDC_CONTROL_2 & (~_BIT3));
1791   2                  break;
1792   2      
1793   2              case _DDC1:
1794   2                  // DDC1 ISP
1795   2                  MCU_FF2E_DDC1_DDC_CONTROL_2 = (bEnable) ? (MCU_FF2E_DDC1_DDC_CONTROL_2 | _BIT3) : (MCU_FF2E_DD
             -C1_DDC_CONTROL_2 & (~_BIT3));
1796   2                  break;
1797   2      
1798   2              case _DDC2:
1799   2                  // DDC2 ISP
1800   2                  MCU_FE66_DDC2_DDC_CONTROL_2 = (bEnable) ? (MCU_FE66_DDC2_DDC_CONTROL_2 | _BIT3) : (MCU_FE66_DD
             -C2_DDC_CONTROL_2 & (~_BIT3));
1801   2                  break;
1802   2      
1803   2              case _DDC3:
1804   2                  // DDC3 ISP
1805   2                  MCU_FE6F_DDC3_DDC_CONTROL_2 = (bEnable) ? (MCU_FE6F_DDC3_DDC_CONTROL_2 | _BIT3) : (MCU_FE6F_DD
             -C3_DDC_CONTROL_2 & (~_BIT3));
1806   2                  break;
1807   2      
1808   2              case _NO_DDC:
1809   2              default:
1810   2                  break;
1811   2          }
1812   1      }
1813          


MODULE INFORMATION:   STATIC OVERLAYABLE
   CODE SIZE        =   1150    ----
   CONSTANT SIZE    =     30    ----
   XDATA SIZE       =   ----       5
   PDATA SIZE       =   ----    ----
   DATA SIZE        =   ----    ----
   IDATA SIZE       =   ----    ----
   BIT SIZE         =   ----       2
END OF MODULE INFORMATION.


C51 COMPILATION COMPLETE.  0 WARNING(S),  0 ERROR(S)
