C51 COMPILER V8.12   RTD2014USERADJUST                                                     09/16/2026 20:28:58 PAGE 1   


C51 COMPILER V8.12, COMPILATION OF MODULE RTD2014USERADJUST
OBJECT MODULE PLACED IN .\Output\RL6432_Project\RTD2014UserAdjust.obj
COMPILER INVOKED BY: c:\Keil\C51\BIN\C51.EXE User\RTD Series\RTD2014Function\Code\RTD2014UserAdjust.c LARGE OPTIMIZE(9,S
                    -PEED) INCDIR(.\Output\RL6432;.\Project\Header;.\Pcb;.\Panel;.\Kernel\Device\Header;.\Kernel\Common;.\Kernel\System\Heade
                    -r;.\Kernel\Scaler\ScalerFunction\Header;.\Kernel\Scaler\ScalerCommonFunction\Header;.\Kernel\Scaler\ScalerFunction\Lib\H
                    -eader;.\Kernel\Scaler\ScalerCommonFunction\Lib\Header;.\Kernel\Scaler\RL6432_Series_Scaler\Header;.\Kernel\Scaler\RL6432
                    -_Series_Common\Header;.\Kernel\Scaler\RL6432_Series_Scaler\Lib\Header;.\Kernel\Scaler\RL6432_Series_Common\Lib\Header;.\
                    -Kernel\User Common Function\Header;.\User\RTD Series\RTD2014Function\Header;.\User\RTD Series\RTD2014Osd\Header;.\User\R
                    -TD Factory\Header;.\User\None Series\NoneFunction\Header;.\User\None Series\NoneOsd\Header;.\User\None Factory\Header) D
                    -EFINE(_PROJECT=_RL6432_PROJECT,_SCALER_TYPE=_RL6432_SERIES) DEBUG OBJECTEXTEND PRINT(.\Output\RL6432_Project\RTD2014User
                    -Adjust.lst) OBJECT(.\Output\RL6432_Project\RTD2014UserAdjust.obj)

line level    source

   1          /********************************************************************************/
   2          /*   Copyright (c) 2021 Realtek Semiconductor Corp. All rights reserved.        */
   3          /*                                                                              */
   4          /*   SPDX-License-Identifier: LicenseRef-Realtek-Proprietary                    */
   5          /*                                                                              */
   6          /*   This software component is confidential and proprietary to Realtek         */
   7          /*   Semiconductor Corp. Disclosure, reproduction, redistribution, in whole     */
   8          /*   or in part, of this work and its derivatives without express permission    */
   9          /*   is prohibited.                                                             */
  10          /********************************************************************************/
  11          
  12          //----------------------------------------------------------------------------------------------------
  13          // ID Code      : RTD2014UserAdjust.c No.0000
  14          // Update Note  :
  15          //----------------------------------------------------------------------------------------------------
  16          
  17          #define __USER_ADJUST__
  18          #define __USER_PANEL__
  19          
  20          #include "UserCommonInclude.h"
  21          #if(_AUDIO_SUPPORT == _ON)
  22          #if(_AUDIO_TTS_SUPPORT_TYPE == _AUDIO_TTS_EMBEDDED_TYPE)
              #include "./TTS/RTD2014UserTTSRecordList.h"
              #endif
  25          #endif
  26          
  27          #if(_OSD_TYPE == _REALTEK_2014_OSD)
  28          
  29          //****************************************************************************
  30          // DEFINITIONS / MACROS
  31          //****************************************************************************
  32          
  33          #if(_HIGHLIGHT_WINDOW_SUPPORT == _ON)
  34          #define _HLWIN_TYPE5_MOVE_TIME                      SEC(0.01)
  35          #endif
  36          
  37          
  38          //****************************************************************************
  39          // STRUCT / TYPE / ENUM DEFINITTIONS
  40          //****************************************************************************
  41          
  42          
  43          //****************************************************************************
  44          // CODE TABLES
  45          //****************************************************************************
  46          //----------------------------------------------------------------------------------------------------
  47          // IR TABLE
C51 COMPILER V8.12   RTD2014USERADJUST                                                     09/16/2026 20:28:58 PAGE 2   

  48          //----------------------------------------------------------------------------------------------------
  49          #if(_IR_SUPPORT == _IR_HW_SUPPORT)
  50          BYTE code tIR_INITIAL_TABLE[] =
  51          {
  52          #if(_IR_PROTOCAL == _IR_NEC_DTV328)||(_IR_PROTOCAL == _IR_HHT_NEC)||(_IR_PROTOCAL == _IR_HHT_DZ_X5_147)
  53              #include "IRRemote/NEC_DTV328.h"
  54          
  55          #elif(_IR_PROTOCAL == _IR_SONY_B102P)
                  #include "IRRemote/SONY_B102P.h"
              
              #elif(_IR_PROTOCAL == _IR_PHILIPS_RC6)
                  #include "IRRemote/PHILIPS_RC6.h"
              #else
                  #include "IRRemote/NEC_DTV328.h"
              #endif // End of #if(_IR_PROTOCAL == _IR_NEC_DTV328)
  63          };
  64          #endif
  65          
  66          //****************************************************************************
  67          // VARIABLE DECLARATIONS
  68          //****************************************************************************
  69          #if(_HIGHLIGHT_WINDOW_SUPPORT == _ON)
  70          bit g_bHLWinRLMove = _RIGHT;
  71          WORD g_usHLWinHPos;
  72          WORD g_usHLWinHWidth;
  73          WORD g_usHLWinVPos;
  74          WORD g_usHLWinVHeight;
  75          #endif
  76          
  77          #if((_DP_TYPE_C_PORT_CTRL_SUPPORT == _ON) && ((_PORT_CONTROLLER_RTS5400_SERIES_SUPPORT == _ON) || (_PORT_C
             -ONTROLLER_USERDECITION_SUPPORT == _ON)))
              #if(_TWO_CHIP_DATA_EXCHANGE_MODE == _DATA_EXCHANGE_MODE_NONE)
              bit g_bTypeCPortControllerPowerOffFlag = _FALSE;
              #endif
              #endif
  82          
  83          //****************************************************************************
  84          // FUNCTION DECLARATIONS
  85          //****************************************************************************
  86          //-------------------------------------------------------
  87          // Adjust Backlight
  88          //-------------------------------------------------------
  89          
  90          //-------------------------------------------------------
  91          // Dp Load Edid Related
  92          //-------------------------------------------------------
  93          #if((_EMBEDDED_EDID_SUPPORT == _ON) && (_WRITE_EDID_LOCATION_BY_USER_SUPPORT == _ON))
              EnumEdidSelection UserAdjustGetDpEdidIndex(BYTE ucInputPort);
              #endif
  96          
  97          //-------------------------------------------------------
  98          // Audio Related
  99          //-------------------------------------------------------
 100          #if(_AUDIO_SUPPORT == _ON)
 101          #if(_AUDIO_TTS_SUPPORT_TYPE == _AUDIO_TTS_EMBEDDED_TYPE)
              void UserAdjustAudioTtsPlayEvent(EnumAudioTtsEvent enumTtsEvent);
              #endif // End of #if(_AUDIO_TTS_SUPPORT_TYPE == _AUDIO_TTS_EMBEDDED_TYPE)
 104          
 105          void UserAdjustAudioMuteSwitch(void);
 106          void UserAdjustAudioVolume(BYTE ucVolume);
 107          WORD UserAdjustAudioVolumeMapping(BYTE ucVolume);
 108          #endif // End of #if(_AUDIO_SUPPORT == _ON)
C51 COMPILER V8.12   RTD2014USERADJUST                                                     09/16/2026 20:28:58 PAGE 3   

 109          
 110          //-------------------------------------------------------
 111          // DCC
 112          //-------------------------------------------------------
 113          #if(_DCC_FUNCTION == _ON)
 114          void UserAdjustDCC(BYTE ucColorEffect);
 115          #endif // End of #if(_DCC_FUNCTION == _ON)
 116          
 117          //-------------------------------------------------------
 118          // ICM
 119          //-------------------------------------------------------
 120          #if(_ICM_SUPPORT == _ON)
              void UserAdjustICM(BYTE ucColorEffect);
              #endif
 123          
 124          #if(_SCM_SUPPORT == _ON)
              void UserAdjustSCM(BYTE ucColorEffect);
              #endif
 127          
 128          #if((_DCC_FUNCTION == _ON) || (_ICM_SUPPORT == _ON) || (_SCM_SUPPORT == _ON) || (_SIX_COLOR_SUPPORT == _ON
             -))
 129          void UserAdjustColorEffectMode(void);
 130          #endif
 131          
 132          //-------------------------------------------------------
 133          // CTS / BRI
 134          //-------------------------------------------------------
 135          #if(_CONTRAST_SUPPORT == _ON)
 136          void UserAdjustContrast(WORD usContrast);
 137          #endif
 138          
 139          #if(_BRIGHTNESS_SUPPORT == _ON)
 140          void UserAdjustBrightness(WORD usBrightness);
 141          #endif
 142          
 143          //-------------------------------------------------------
 144          // 3D Gamma
 145          //-------------------------------------------------------
 146          
 147          //-------------------------------------------------------
 148          // sRGB
 149          //-------------------------------------------------------
 150          #if(_GLOBAL_HUE_SATURATION == _ON)
 151          void UserAdjustGlobalHueSat(SWORD shHue, WORD usSat);
 152          #endif
 153          
 154          //-------------------------------------------------------
 155          // Unifomity
 156          //-------------------------------------------------------
 157          
 158          //-------------------------------------------------------
 159          // Output Gamma
 160          //-------------------------------------------------------
 161          
 162          //-------------------------------------------------------
 163          // OD
 164          //-------------------------------------------------------
 165          #if(_OD_SUPPORT == _ON)
 166          void UserAdjustOD(void);
 167          #endif
 168          
 169          //-------------------------------------------------------
C51 COMPILER V8.12   RTD2014USERADJUST                                                     09/16/2026 20:28:58 PAGE 4   

 170          // Highlight window
 171          //-------------------------------------------------------
 172          #if(_HIGHLIGHT_WINDOW_SUPPORT == _ON)
 173          void UserAdjustHLWinType(BYTE ucHLWinType);
 174          void UserAdjustHLWinType5Move(void);
 175          void UserAdjustHighLightWindowEffectSpace(void);
 176          #endif
 177          
 178          #if(_FREESYNC_OD_MEASURE == _ON)
              void UserAdjustFREESYNCODMeasure(void);
              #endif
 181          
 182          
 183          //-------------------------------------------------------
 184          // HW IR Mode
 185          //-------------------------------------------------------
 186          #if(_IR_SUPPORT == _IR_HW_SUPPORT)
 187          void UserAdjusIR(void);
 188          #endif
 189          
 190          //-------------------------------------------------------
 191          // DP
 192          //-------------------------------------------------------
 193          #if(_DP_EMBEDDED_SWITCH_SUPPORT_TYPE == _DP_EMBEDDED_SWITCH_2_DP)
              void UserAdjustEmbeddedDpSwitch(void);
              #endif
 196          
 197          //-------------------------------------------------------
 198          // Pixel Shift
 199          //-------------------------------------------------------
 200          #if(_PIXEL_SHIFT_SUPPORT == _ON)
              void UserAdjustPixelShifting(void);
              #endif
 203          
 204          //-------------------------------------------------------
 205          // SDRToHDR
 206          //-------------------------------------------------------
 207          #if(_SDR_TO_HDR_SUPPORT == _ON)
              void UserAdjustSDRToHDR(bit bOn);
              #endif
 210          
 211          //-------------------------------------------------------
 212          // DCR
 213          //-------------------------------------------------------
 214          #if(_DCR_SUPPORT == _ON)
 215          #if(_LD_TUNNEL_DETECT_SUPPORT == _ON)
              void UserAdjustDCRTHD(void);
              #endif
 218          #endif
 219          
 220          //-------------------------------------------------------
 221          // Type-C Port Controller
 222          //-------------------------------------------------------
 223          #if(_DP_TYPE_C_PORT_CTRL_SUPPORT == _ON)
              #if((_PORT_CONTROLLER_RTS5400_SERIES_SUPPORT == _ON) || (_PORT_CONTROLLER_USERDECITION_SUPPORT == _ON))
              #if(_TWO_CHIP_DATA_EXCHANGE_MODE == _DATA_EXCHANGE_MODE_NONE)
              void UserAjustTypeCPowerControl(EnumPowerAction enumSwitch);
              #endif
              #endif
              #endif
 230          
 231          //-------------------------------------------------------
C51 COMPILER V8.12   RTD2014USERADJUST                                                     09/16/2026 20:28:58 PAGE 5   

 232          // HDR
 233          //-------------------------------------------------------
 234          #if((_EMBEDDED_EDID_SUPPORT == _ON) && (_DP_HDR10_SUPPORT == _ON) && (_DP_SUPPORT == _ON))
 235          void UserAdjustHdrCheckDpVersion(WORD usHdrMode);
 236          #endif
 237          
 238          //-------------------------------------------------------
 239          // DP Version
 240          //-------------------------------------------------------
 241          #if(_DP_SUPPORT == _ON)
 242          void UserAdjustDpVersionForceUpdate(BYTE ucInputPort, bit bEnable, EnumDpVersionType enumDpVersionType);
 243          #endif
 244          
 245          //-------------------------------------------------------
 246          // HDMI External Edid Index
 247          //-------------------------------------------------------
 248          #if(_HDMI_SUPPORT == _ON)
 249          EnumEdidSelection UserAdjustGetHdmiExternalEdidIndex(BYTE ucInputPort);
 250          #endif
 251          
 252          //----------------------------------------------------------------------------
 253          // Not Kernel Related Function
 254          //----------------------------------------------------------------------------
 255          
 256          #if((_EMBEDDED_EDID_SUPPORT == _ON) && (_WRITE_EDID_LOCATION_BY_USER_SUPPORT == _ON))
              //--------------------------------------------------
              // Description  : Get the Mapping of Edid index of Function Application
              // Input Value  : ucInputPort
              // Output Value : Edid Index
              //--------------------------------------------------
              EnumEdidSelection UserAdjustGetDpEdidIndex(BYTE ucInputPort)
              {
                  BYTE ucIndex = 0;
                  BYTE ucDpResolution = 0;
              
              #if(_DP_FREESYNC_SUPPORT == _ON)
                  if((GET_OSD_FREE_SYNC_STATUS() == _ON))
                  {
                      ucIndex += ((_DP_HDR10_SUPPORT == _ON) ? 0x06 : 0x03);
                  }
              #endif
              
              #if(_DP_HDR10_SUPPORT == _ON)
                  if((UserInterfaceHDRGetHDR10ModeStatus(ucInputPort) != _HDR10_MODE_OFF))
                  {
                      ucIndex += 0x03;
                  }
              #endif
              
              #if(_DP_ADAPTIVESYNC_SUPPORT == _ON)
                  if((GET_OSD_DP_ADAPTIVE_SYNC_STATUS() == _ON))
                  {
                      ucIndex += ((GET_OSD_FREE_SYNC_STATUS() == _ON) ? 0x06 : 0x03);
                  }
              #endif
              
                  switch(ucInputPort)
                  {
                      case _D0_INPUT_PORT:
                          ucDpResolution = UserCommonNVRamGetSystemData(_EDID_D0_SELECT);
                          break;
                      case _D1_INPUT_PORT:
C51 COMPILER V8.12   RTD2014USERADJUST                                                     09/16/2026 20:28:58 PAGE 6   

                          ucDpResolution = UserCommonNVRamGetSystemData(_EDID_D1_SELECT);
                          break;
                      case _D2_INPUT_PORT:
                          ucDpResolution = UserCommonNVRamGetSystemData(_EDID_D2_SELECT);
                          break;
                      case _D6_INPUT_PORT:
                          ucDpResolution = UserCommonNVRamGetSystemData(_EDID_D6_SELECT);
                          break;
                      default:
                          break;
                  }
              
                  switch(ucDpResolution)
                  {
                      case _DP_EDID_1080P:
                          break;
              
                      case _DP_EDID_2560_1440:
                          ucIndex += 0x01;
                          break;
              
                      case _DP_EDID_4K2K_60HZ:
                          ucIndex += 0x02;
                          break;
              
                      default:
                          break;
                  }
              
                  return ucIndex;
              }
              #endif
 326          
 327          #if(_AUDIO_SUPPORT == _ON)
 328          #if(_AUDIO_TTS_SUPPORT_TYPE == _AUDIO_TTS_EMBEDDED_TYPE)
              //--------------------------------------------------
              // Description  : Adjust TTS Play Event
              // Input Value  : EnumAudioTtsEvent
              // Output Value : None
              //--------------------------------------------------
              void UserAdjustAudioTtsPlayEvent(EnumAudioTtsEvent enumTtsEvent)
              {
                  StructAudioTtsSegment pstTtsSegment[_AUDIO_TTS_DATA_SEGMENT_SIZE];
                  EnumAudioTtsPlayStatus enumTtsPlayStatus = UserCommonAudioTtsGetPlaybackStatus();
              
                  if(enumTtsPlayStatus == _TTS_PROCESSING)
                  {
                      DebugMessageAudio("[TTS] Playback Still Processing", 0x00);
              
                      return;
                  }
                  else if(enumTtsPlayStatus == _TTS_PLAY_ERROR)
                  {
                      DebugMessageAudio("[TTS] Playback Error", 0x00);
              
                      // Check Error Segment
                      switch(UserCommonAudioTtsGetErrorSegment())
                      {
                          case 0x00:
                              break;
              
                          default:
C51 COMPILER V8.12   RTD2014USERADJUST                                                     09/16/2026 20:28:58 PAGE 7   

                              break;
                      }
              
                      return;
                  }
              
                  // TTS Event Judgment
                  switch(enumTtsEvent)
                  {
                      case _AUDIO_TTS_EVENT_POWER_ON:
              
                          DebugMessageAudio("[TTS] Set POWER_ON event", _AUDIO_TTS_EVENT_POWER_ON);
              
                          // Set TTS Data Info
                          pstTtsSegment[0].ulDataAddress = _TTS_ADDRESS_POWER_ON;
                          pstTtsSegment[0].usDataLength = _TTS_LENGTH_POWER_ON;
              
                          pstTtsSegment[1].ulDataAddress = _TTS_ADDRESS_DISPLAY_INFORMATION;
                          pstTtsSegment[1].usDataLength = _TTS_LENGTH_DISPLAY_INFORMATION;
              
                          // Check Input Port
                          switch(SysSourceGetInputPort())
                          {
                              case _A0_INPUT_PORT:
              
                                  pstTtsSegment[2].ulDataAddress = _TTS_ADDRESS_ANALOG_PORT_0;
                                  pstTtsSegment[2].usDataLength = _TTS_LENGTH_ANALOG_PORT_0;
              
                                  pstTtsSegment[3].ulDataAddress = _TTS_ADDRESS_VGA_PORT;
                                  pstTtsSegment[3].usDataLength = _TTS_LENGTH_VGA_PORT;
              
                                  break;
              
                              case _D0_INPUT_PORT:
              
                                  pstTtsSegment[2].ulDataAddress = _TTS_ADDRESS_DIGITAL_PORT_0;
                                  pstTtsSegment[2].usDataLength = _TTS_LENGTH_DIGITAL_PORT_0;
              
                                  pstTtsSegment[3].ulDataAddress = _TTS_ADDRESS_DP_PORT;
                                  pstTtsSegment[3].usDataLength = _TTS_LENGTH_DP_PORT;
              
                                  break;
              
                              case _D1_INPUT_PORT:
              
                                  pstTtsSegment[2].ulDataAddress = _TTS_ADDRESS_DIGITAL_PORT_1;
                                  pstTtsSegment[2].usDataLength = _TTS_LENGTH_DIGITAL_PORT_1;
              
                                  pstTtsSegment[3].ulDataAddress = _TTS_ADDRESS_HDMI_PORT;
                                  pstTtsSegment[3].usDataLength = _TTS_LENGTH_HDMI_PORT;
              
                                  break;
              
                              default:
              
                                  pstTtsSegment[2].ulDataAddress = _TTS_ADDRESS_OTHER;
                                  pstTtsSegment[2].usDataLength = _TTS_LENGTH_OTHER;
              
                                  pstTtsSegment[3].ulDataAddress = _TTS_ADDRESS_OTHER;
                                  pstTtsSegment[3].usDataLength = _TTS_LENGTH_OTHER;
              
                                  break;
C51 COMPILER V8.12   RTD2014USERADJUST                                                     09/16/2026 20:28:58 PAGE 8   

                          }
              
                          pstTtsSegment[4].ulDataAddress = _TTS_ADDRESS_1920_BY_1080_60_HZ;
                          pstTtsSegment[4].usDataLength = _TTS_LENGTH_1920_BY_1080_60_HZ;
              
                          // End command: Data_Length = 0x0000
                          pstTtsSegment[5].usDataLength = 0x0000;
              
                          // Active TTS Data Play
                          UserCommonAudioTtsSetPlaybackActiveEvent(pstTtsSegment, 5, UserInterfaceAudioGetTtsPlayTextVol
             -ume(), UserInterfaceAudioGetTtsPlayAudioVolume());
              
                          break;
              
                      case _AUDIO_TTS_EVENT_POWER_OFF:
                      case _AUDIO_TTS_EVENT_POWER_SAVING:
              
                          DebugMessageAudio("[TTS] Set POWER_OFF event", _AUDIO_TTS_EVENT_POWER_OFF);
              
                          // Set TTS Data Info
                          pstTtsSegment[0].ulDataAddress = _TTS_ADDRESS_POWER_OFF;
                          pstTtsSegment[0].usDataLength = _TTS_LENGTH_POWER_OFF;
              
                          // End command: Data_Length = 0x0000
                          pstTtsSegment[1].usDataLength = 0x0000;
              
                          // Active TTS Data Play
                          UserCommonAudioTtsSetPlaybackActiveEvent(pstTtsSegment, 1, UserInterfaceAudioGetTtsPlayTextVol
             -ume(), UserInterfaceAudioGetTtsPlayAudioVolume());
              
                          break;
              
                      case _AUDIO_TTS_EVENT_KEY_MENU:
              
                          DebugMessageAudio("[TTS] Set MENU event", _AUDIO_TTS_EVENT_KEY_MENU);
              
                          // Set TTS Data Info
                          pstTtsSegment[0].ulDataAddress = _TTS_ADDRESS_MENU;
                          pstTtsSegment[0].usDataLength = _TTS_LENGTH_MENU;
              
                          pstTtsSegment[1].ulDataAddress = _TTS_ADDRESS_PICTURE;
                          pstTtsSegment[1].usDataLength = _TTS_LENGTH_PICTURE;
              
                          // End command: Data_Length = 0x0000
                          pstTtsSegment[2].usDataLength = 0x0000;
              
                          // Active TTS Data Play
                          UserCommonAudioTtsSetPlaybackActiveEvent(pstTtsSegment, 2, UserInterfaceAudioGetTtsPlayTextVol
             -ume(), UserInterfaceAudioGetTtsPlayAudioVolume());
              
                          break;
              
                      case _AUDIO_TTS_EVENT_KEY_LEFT:
              
                          DebugMessageAudio("[TTS] Set KEY_LEFT event", _AUDIO_TTS_EVENT_KEY_LEFT);
              
                          // Set TTS Data Info
                          pstTtsSegment[0].ulDataAddress = _TTS_ADDRESS_DISPLAY_INFORMATION;
                          pstTtsSegment[0].usDataLength = _TTS_LENGTH_DISPLAY_INFORMATION;
              
                          // Check Input Port
                          switch(SysSourceGetInputPort())
C51 COMPILER V8.12   RTD2014USERADJUST                                                     09/16/2026 20:28:58 PAGE 9   

                          {
                              case _A0_INPUT_PORT:
              
                                  pstTtsSegment[1].ulDataAddress = _TTS_ADDRESS_ANALOG_PORT_0;
                                  pstTtsSegment[1].usDataLength = _TTS_LENGTH_ANALOG_PORT_0;
              
                                  pstTtsSegment[2].ulDataAddress = _TTS_ADDRESS_VGA_PORT;
                                  pstTtsSegment[2].usDataLength = _TTS_LENGTH_VGA_PORT;
              
                                  break;
              
                              case _D0_INPUT_PORT:
              
                                  pstTtsSegment[1].ulDataAddress = _TTS_ADDRESS_DIGITAL_PORT_0;
                                  pstTtsSegment[1].usDataLength = _TTS_LENGTH_DIGITAL_PORT_0;
              
                                  pstTtsSegment[2].ulDataAddress = _TTS_ADDRESS_DP_PORT;
                                  pstTtsSegment[2].usDataLength = _TTS_LENGTH_DP_PORT;
              
                                  break;
              
                              case _D1_INPUT_PORT:
              
                                  pstTtsSegment[1].ulDataAddress = _TTS_ADDRESS_DIGITAL_PORT_1;
                                  pstTtsSegment[1].usDataLength = _TTS_LENGTH_DIGITAL_PORT_1;
              
                                  pstTtsSegment[2].ulDataAddress = _TTS_ADDRESS_HDMI_PORT;
                                  pstTtsSegment[2].usDataLength = _TTS_LENGTH_HDMI_PORT;
              
                                  break;
              
                              default:
              
                                  pstTtsSegment[1].ulDataAddress = _TTS_ADDRESS_OTHER;
                                  pstTtsSegment[2].usDataLength = _TTS_LENGTH_OTHER;
              
                                  pstTtsSegment[2].ulDataAddress = _TTS_ADDRESS_OTHER;
                                  pstTtsSegment[2].usDataLength = _TTS_LENGTH_OTHER;
              
                                  break;
                          }
              
                          pstTtsSegment[3].ulDataAddress = _TTS_ADDRESS_1920_BY_1080_60_HZ;
                          pstTtsSegment[3].usDataLength = _TTS_LENGTH_1920_BY_1080_60_HZ;
              
                          // End command: Data_Length = 0x0000
                          pstTtsSegment[4].usDataLength = 0x0000;
              
                          // Active TTS Data Play
                          UserCommonAudioTtsSetPlaybackActiveEvent(pstTtsSegment, 4, UserInterfaceAudioGetTtsPlayTextVol
             -ume(), UserInterfaceAudioGetTtsPlayAudioVolume());
              
                          break;
              
                      case _AUDIO_TTS_EVENT_KEY_RIGHT:
              
                          DebugMessageAudio("[TTS] Set KEY_RIGHT event", _AUDIO_TTS_EVENT_KEY_RIGHT);
              
                          // Set TTS Data Info
                          pstTtsSegment[0].ulDataAddress = _TTS_ADDRESS_INPUT_SOURCE;
                          pstTtsSegment[0].usDataLength = _TTS_LENGTH_INPUT_SOURCE;
              
C51 COMPILER V8.12   RTD2014USERADJUST                                                     09/16/2026 20:28:58 PAGE 10  

                          // if((SysSourceGetScanType() != _SOURCE_SWITCH_FIXED_PORT) || (SysSourceGetInputPort() != _A0
             -_INPUT_PORT))
                          if(SysSourceGetScanType() != _SOURCE_SWITCH_FIXED_PORT)
                          {
                              // Auto Search
                              pstTtsSegment[1].ulDataAddress = _TTS_ADDRESS_AUTO_SEARCH;
                              pstTtsSegment[1].usDataLength = _TTS_LENGTH_AUTO_SEARCH;
              
                              // End command: Data_Length = 0x0000
                              pstTtsSegment[2].usDataLength = 0x0000;
                          }
                          else
                          {
                              // Check Input Port
                              switch(SysSourceGetInputPort())
                              {
                                  case _A0_INPUT_PORT:
              
                                      pstTtsSegment[1].ulDataAddress = _TTS_ADDRESS_ANALOG_PORT_0;
                                      pstTtsSegment[1].usDataLength = _TTS_LENGTH_ANALOG_PORT_0;
              
                                      pstTtsSegment[2].ulDataAddress = _TTS_ADDRESS_VGA_PORT;
                                      pstTtsSegment[2].usDataLength = _TTS_LENGTH_VGA_PORT;
              
                                      break;
              
                                  case _D0_INPUT_PORT:
              
                                      pstTtsSegment[1].ulDataAddress = _TTS_ADDRESS_DIGITAL_PORT_0;
                                      pstTtsSegment[1].usDataLength = _TTS_LENGTH_DIGITAL_PORT_0;
              
                                      pstTtsSegment[2].ulDataAddress = _TTS_ADDRESS_DP_PORT;
                                      pstTtsSegment[2].usDataLength = _TTS_LENGTH_DP_PORT;
              
                                      break;
              
                                  case _D1_INPUT_PORT:
              
                                      pstTtsSegment[1].ulDataAddress = _TTS_ADDRESS_DIGITAL_PORT_1;
                                      pstTtsSegment[1].usDataLength = _TTS_LENGTH_DIGITAL_PORT_1;
              
                                      pstTtsSegment[2].ulDataAddress = _TTS_ADDRESS_HDMI_PORT;
                                      pstTtsSegment[2].usDataLength = _TTS_LENGTH_HDMI_PORT;
              
                                      break;
              
                                  case _D2_INPUT_PORT:
              
                                      pstTtsSegment[1].ulDataAddress = _TTS_ADDRESS_DIGITAL_PORT_2;
                                      pstTtsSegment[1].usDataLength = _TTS_LENGTH_DIGITAL_PORT_2;
              
                                      pstTtsSegment[2].ulDataAddress = _TTS_ADDRESS_OFF;
                                      pstTtsSegment[2].usDataLength = _TTS_LENGTH_OFF;
              
                                      break;
              
                                  case _D3_INPUT_PORT:
              
                                      pstTtsSegment[1].ulDataAddress = _TTS_ADDRESS_DIGITAL_PORT_3;
                                      pstTtsSegment[1].usDataLength = _TTS_LENGTH_DIGITAL_PORT_3;
              
                                      pstTtsSegment[2].ulDataAddress = _TTS_ADDRESS_OFF;
C51 COMPILER V8.12   RTD2014USERADJUST                                                     09/16/2026 20:28:58 PAGE 11  

                                      pstTtsSegment[2].usDataLength = _TTS_LENGTH_OFF;
              
                                      break;
              
                                  case _D4_INPUT_PORT:
              
                                      pstTtsSegment[1].ulDataAddress = _TTS_ADDRESS_DIGITAL_PORT_4;
                                      pstTtsSegment[1].usDataLength = _TTS_LENGTH_DIGITAL_PORT_4;
              
                                      pstTtsSegment[2].ulDataAddress = _TTS_ADDRESS_OFF;
                                      pstTtsSegment[2].usDataLength = _TTS_LENGTH_OFF;
              
                                      break;
              
                                  case _D5_INPUT_PORT:
              
                                      pstTtsSegment[1].ulDataAddress = _TTS_ADDRESS_DIGITAL_PORT_5;
                                      pstTtsSegment[1].usDataLength = _TTS_LENGTH_DIGITAL_PORT_5;
              
                                      pstTtsSegment[2].ulDataAddress = _TTS_ADDRESS_OFF;
                                      pstTtsSegment[2].usDataLength = _TTS_LENGTH_OFF;
              
                                      break;
              
                                  case _D6_INPUT_PORT:
              
                                      pstTtsSegment[1].ulDataAddress = _TTS_ADDRESS_DIGITAL_PORT_6;
                                      pstTtsSegment[1].usDataLength = _TTS_LENGTH_DIGITAL_PORT_6;
              
                                      pstTtsSegment[2].ulDataAddress = _TTS_ADDRESS_ERROR;
                                      pstTtsSegment[2].usDataLength = _TTS_LENGTH_ERROR;
              
                                      break;
              
                                  default:
              
                                      pstTtsSegment[1].ulDataAddress = _TTS_ADDRESS_ERROR;
                                      pstTtsSegment[1].usDataLength = _TTS_LENGTH_ERROR;
              
                                      // End command: Data_Length = 0x0000
                                      pstTtsSegment[2].usDataLength = 0x0000;
              
                                      break;
                              }
                          }
              
                          // End command: Data_Length = 0x0000
                          pstTtsSegment[3].usDataLength = 0x0000;
              
                          // Active TTS Data Play
                          UserCommonAudioTtsSetPlaybackActiveEvent(pstTtsSegment, 3, UserInterfaceAudioGetTtsPlayTextVol
             -ume(), UserInterfaceAudioGetTtsPlayAudioVolume());
              
                          break;
              
                      case _AUDIO_TTS_EVENT_KEY_ON:
              
                          DebugMessageAudio("[TTS] Set ON event", _AUDIO_TTS_EVENT_KEY_ON);
              
                          // Set TTS Data Info
                          pstTtsSegment[0].ulDataAddress = _TTS_ADDRESS_ON;
                          pstTtsSegment[0].usDataLength = _TTS_LENGTH_ON;
C51 COMPILER V8.12   RTD2014USERADJUST                                                     09/16/2026 20:28:58 PAGE 12  

              
                          // End command: Data_Length = 0x0000
                          pstTtsSegment[1].usDataLength = 0x0000;
              
                          // Active TTS Data Play
                          UserCommonAudioTtsSetPlaybackActiveEvent(pstTtsSegment, 1, UserInterfaceAudioGetTtsPlayTextVol
             -ume(), UserInterfaceAudioGetTtsPlayAudioVolume());
              
                          break;
              
                      case _AUDIO_TTS_EVENT_KEY_OFF:
              
                          DebugMessageAudio("[TTS] Set OFF event", _AUDIO_TTS_EVENT_KEY_OFF);
              
                          // Set TTS Data Info
                          pstTtsSegment[0].ulDataAddress = _TTS_ADDRESS_OFF;
                          pstTtsSegment[0].usDataLength = _TTS_LENGTH_OFF;
              
                          // End command: Data_Length = 0x0000
                          pstTtsSegment[1].usDataLength = 0x0000;
              
                          // Active TTS Data Play
                          UserCommonAudioTtsSetPlaybackActiveEvent(pstTtsSegment, 1, UserInterfaceAudioGetTtsPlayTextVol
             -ume(), UserInterfaceAudioGetTtsPlayAudioVolume());
              
                          break;
              
                      case _AUDIO_TTS_EVENT_KEY_NUMBER:
              
                          DebugMessageAudio("[TTS] Set NUMBER event", _AUDIO_TTS_EVENT_KEY_NUMBER);
              
                          // Set TTS Data Info
                          pstTtsSegment[0].ulDataAddress = _TTS_ADDRESS_20;
                          pstTtsSegment[0].usDataLength = _TTS_LENGTH_20;
              
                          pstTtsSegment[1].ulDataAddress = _TTS_ADDRESS_3;
                          pstTtsSegment[1].usDataLength = _TTS_LENGTH_3;
              
                          // End command: Data_Length = 0x0000
                          pstTtsSegment[2].usDataLength = 0x0000;
              
                          // Active TTS Data Play
                          UserCommonAudioTtsSetPlaybackActiveEvent(pstTtsSegment, 2, UserInterfaceAudioGetTtsPlayTextVol
             -ume(), UserInterfaceAudioGetTtsPlayAudioVolume());
              
                          break;
              
                      case _AUDIO_TTS_EVENT_KEY_DIGITAL:
              
                          DebugMessageAudio("[TTS] Set DIGITAL event", _AUDIO_TTS_EVENT_KEY_DIGITAL);
              
                          // Set TTS Data Info
                          pstTtsSegment[0].ulDataAddress = _TTS_ADDRESS_DIGITAL;
                          pstTtsSegment[0].usDataLength = _TTS_LENGTH_DIGITAL;
              
                          // End command: Data_Length = 0x0000
                          pstTtsSegment[1].usDataLength = 0x0000;
              
                          // Active TTS Data Play
                          UserCommonAudioTtsSetPlaybackActiveEvent(pstTtsSegment, 1, UserInterfaceAudioGetTtsPlayTextVol
             -ume(), UserInterfaceAudioGetTtsPlayAudioVolume());
              
C51 COMPILER V8.12   RTD2014USERADJUST                                                     09/16/2026 20:28:58 PAGE 13  

                          break;
              
                      case _AUDIO_TTS_EVENT_KEY_ANALOG:
              
                          DebugMessageAudio("[TTS] Set ANALOG event", _AUDIO_TTS_EVENT_KEY_ANALOG);
              
                          // Set TTS Data Info
                          pstTtsSegment[0].ulDataAddress = _TTS_ADDRESS_ANALOG;
                          pstTtsSegment[0].usDataLength = _TTS_LENGTH_ANALOG;
              
                          // End command: Data_Length = 0x0000
                          pstTtsSegment[1].usDataLength = 0x0000;
              
                          // Active TTS Data Play
                          UserCommonAudioTtsSetPlaybackActiveEvent(pstTtsSegment, 1, UserInterfaceAudioGetTtsPlayTextVol
             -ume(), UserInterfaceAudioGetTtsPlayAudioVolume());
              
                          break;
              
                      case _AUDIO_TTS_EVENT_OSD_LOGO_SHOW:
              
                          DebugMessageAudio("[TTS] Set OSD_LOGO_SHOW event", _AUDIO_TTS_EVENT_OSD_LOGO_SHOW);
              
                          // Set TTS Data Info
                          pstTtsSegment[0].ulDataAddress = _TTS_ADDRESS_REALTEK;
                          pstTtsSegment[0].usDataLength = _TTS_LENGTH_REALTEK;
              
                          // End command: Data_Length = 0x0000
                          pstTtsSegment[1].usDataLength = 0x0000;
              
                          // Active TTS Data Play
                          UserCommonAudioTtsSetPlaybackActiveEvent(pstTtsSegment, 1, UserInterfaceAudioGetTtsPlayTextVol
             -ume(), UserInterfaceAudioGetTtsPlayAudioVolume());
              
                          break;
              
                      case _AUDIO_TTS_EVENT_OSD_PICTURE:
              
                          DebugMessageAudio("[TTS] Set PICTURE event", _AUDIO_TTS_EVENT_OSD_PICTURE);
              
                          // Set TTS Data Info
                          pstTtsSegment[0].ulDataAddress = _TTS_ADDRESS_PICTURE;
                          pstTtsSegment[0].usDataLength = _TTS_LENGTH_PICTURE;
              
                          // End command: Data_Length = 0x0000
                          pstTtsSegment[1].usDataLength = 0x0000;
              
                          // Active TTS Data Play
                          UserCommonAudioTtsSetPlaybackActiveEvent(pstTtsSegment, 1, UserInterfaceAudioGetTtsPlayTextVol
             -ume(), UserInterfaceAudioGetTtsPlayAudioVolume());
              
                          break;
              
                      case _AUDIO_TTS_EVENT_OSD_DISPLAY_CONFIG:
              
                          DebugMessageAudio("[TTS] Set DISPLAY_CONFIG event", _AUDIO_TTS_EVENT_OSD_DISPLAY_CONFIG);
              
                          // Set TTS Data Info
                          pstTtsSegment[0].ulDataAddress = _TTS_ADDRESS_DISPLAY;
                          pstTtsSegment[0].usDataLength = _TTS_LENGTH_DISPLAY;
              
                          // End command: Data_Length = 0x0000
C51 COMPILER V8.12   RTD2014USERADJUST                                                     09/16/2026 20:28:58 PAGE 14  

                          pstTtsSegment[1].usDataLength = 0x0000;
              
                          // Active TTS Data Play
                          UserCommonAudioTtsSetPlaybackActiveEvent(pstTtsSegment, 1, UserInterfaceAudioGetTtsPlayTextVol
             -ume(), UserInterfaceAudioGetTtsPlayAudioVolume());
              
                          break;
              
                      case _AUDIO_TTS_EVENT_OSD_COLOR:
              
                          DebugMessageAudio("[TTS] Set COLOR event", _AUDIO_TTS_EVENT_OSD_COLOR);
              
                          // Set TTS Data Info
                          pstTtsSegment[0].ulDataAddress = _TTS_ADDRESS_COLOR;
                          pstTtsSegment[0].usDataLength = _TTS_LENGTH_COLOR;
              
                          // End command: Data_Length = 0x0000
                          pstTtsSegment[1].usDataLength = 0x0000;
              
                          // Active TTS Data Play
                          UserCommonAudioTtsSetPlaybackActiveEvent(pstTtsSegment, 1, UserInterfaceAudioGetTtsPlayTextVol
             -ume(), UserInterfaceAudioGetTtsPlayAudioVolume());
              
                          break;
              
                      case _AUDIO_TTS_EVENT_OSD_ADVANCE:
              
                          DebugMessageAudio("[TTS] Set ADVANCE event", _AUDIO_TTS_EVENT_OSD_ADVANCE);
              
                          // Set TTS Data Info
                          pstTtsSegment[0].ulDataAddress = _TTS_ADDRESS_ADVANCE;
                          pstTtsSegment[0].usDataLength = _TTS_LENGTH_ADVANCE;
              
                          // End command: Data_Length = 0x0000
                          pstTtsSegment[1].usDataLength = 0x0000;
              
                          // Active TTS Data Play
                          UserCommonAudioTtsSetPlaybackActiveEvent(pstTtsSegment, 1, UserInterfaceAudioGetTtsPlayTextVol
             -ume(), UserInterfaceAudioGetTtsPlayAudioVolume());
              
                          break;
              
                      case _AUDIO_TTS_EVENT_OSD_INPUT_SOURCE:
              
                          DebugMessageAudio("[TTS] Set INPUT_SOURCE event", _AUDIO_TTS_EVENT_OSD_INPUT_SOURCE);
              
                          // Set TTS Data Info
                          pstTtsSegment[0].ulDataAddress = _TTS_ADDRESS_INPUT_SOURCE;
                          pstTtsSegment[0].usDataLength = _TTS_LENGTH_INPUT_SOURCE;
              
                          // End command: Data_Length = 0x0000
                          pstTtsSegment[1].usDataLength = 0x0000;
              
                          // Active TTS Data Play
                          UserCommonAudioTtsSetPlaybackActiveEvent(pstTtsSegment, 1, UserInterfaceAudioGetTtsPlayTextVol
             -ume(), UserInterfaceAudioGetTtsPlayAudioVolume());
              
                          break;
              
                      case _AUDIO_TTS_EVENT_OSD_AUDIO:
              
                          DebugMessageAudio("[TTS] Set AUDIO event", _AUDIO_TTS_EVENT_OSD_AUDIO);
C51 COMPILER V8.12   RTD2014USERADJUST                                                     09/16/2026 20:28:58 PAGE 15  

              
                          // Set TTS Data Info
                          pstTtsSegment[0].ulDataAddress = _TTS_ADDRESS_AUDIO;
                          pstTtsSegment[0].usDataLength = _TTS_LENGTH_AUDIO;
              
                          // End command: Data_Length = 0x0000
                          pstTtsSegment[1].usDataLength = 0x0000;
              
                          // Active TTS Data Play
                          UserCommonAudioTtsSetPlaybackActiveEvent(pstTtsSegment, 1, UserInterfaceAudioGetTtsPlayTextVol
             -ume(), UserInterfaceAudioGetTtsPlayAudioVolume());
              
                          break;
              
                      case _AUDIO_TTS_EVENT_OSD_OTHER:
              
                          DebugMessageAudio("[TTS] Set OTHER event", _AUDIO_TTS_EVENT_OSD_OTHER);
              
                          // Set TTS Data Info
                          pstTtsSegment[0].ulDataAddress = _TTS_ADDRESS_OTHER;
                          pstTtsSegment[0].usDataLength = _TTS_LENGTH_OTHER;
              
                          // End command: Data_Length = 0x0000
                          pstTtsSegment[1].usDataLength = 0x0000;
              
                          // Active TTS Data Play
                          UserCommonAudioTtsSetPlaybackActiveEvent(pstTtsSegment, 1, UserInterfaceAudioGetTtsPlayTextVol
             -ume(), UserInterfaceAudioGetTtsPlayAudioVolume());
              
                          break;
              
                      case _AUDIO_TTS_EVENT_OSD_DISPLAY_INFORMATION:
              
                          DebugMessageAudio("[TTS] Set DISPLAY_INFORMATION event", _AUDIO_TTS_EVENT_OSD_DISPLAY_INFORMAT
             -ION);
              
                          // Set TTS Data Info
                          pstTtsSegment[0].ulDataAddress = _TTS_ADDRESS_DISPLAY_INFORMATION;
                          pstTtsSegment[0].usDataLength = _TTS_LENGTH_DISPLAY_INFORMATION;
              
                          // Check Input Port
                          switch(SysSourceGetInputPort())
                          {
                              case _A0_INPUT_PORT:
              
                                  pstTtsSegment[1].ulDataAddress = _TTS_ADDRESS_ANALOG_PORT_0;
                                  pstTtsSegment[1].usDataLength = _TTS_LENGTH_ANALOG_PORT_0;
              
                                  pstTtsSegment[2].ulDataAddress = _TTS_ADDRESS_VGA_PORT;
                                  pstTtsSegment[2].usDataLength = _TTS_LENGTH_VGA_PORT;
              
                                  break;
              
                              case _D0_INPUT_PORT:
              
                                  pstTtsSegment[1].ulDataAddress = _TTS_ADDRESS_DIGITAL_PORT_0;
                                  pstTtsSegment[1].usDataLength = _TTS_LENGTH_DIGITAL_PORT_0;
              
                                  pstTtsSegment[2].ulDataAddress = _TTS_ADDRESS_DP_PORT;
                                  pstTtsSegment[2].usDataLength = _TTS_LENGTH_DP_PORT;
              
                                  break;
C51 COMPILER V8.12   RTD2014USERADJUST                                                     09/16/2026 20:28:58 PAGE 16  

              
                              case _D1_INPUT_PORT:
              
                                  pstTtsSegment[1].ulDataAddress = _TTS_ADDRESS_DIGITAL_PORT_1;
                                  pstTtsSegment[1].usDataLength = _TTS_LENGTH_DIGITAL_PORT_1;
              
                                  pstTtsSegment[2].ulDataAddress = _TTS_ADDRESS_HDMI_PORT;
                                  pstTtsSegment[2].usDataLength = _TTS_LENGTH_HDMI_PORT;
              
                                  break;
              
                              default:
              
                                  pstTtsSegment[1].ulDataAddress = _TTS_ADDRESS_OTHER;
                                  pstTtsSegment[1].usDataLength = _TTS_LENGTH_OTHER;
              
                                  pstTtsSegment[2].ulDataAddress = _TTS_ADDRESS_OTHER;
                                  pstTtsSegment[2].usDataLength = _TTS_LENGTH_OTHER;
              
                                  break;
                          }
              
                          pstTtsSegment[3].ulDataAddress = _TTS_ADDRESS_1920_BY_1080_60_HZ;
                          pstTtsSegment[3].usDataLength = _TTS_LENGTH_1920_BY_1080_60_HZ;
              
                          // End command: Data_Length = 0x0000
                          pstTtsSegment[4].usDataLength = 0x0000;
              
                          // Active TTS Data Play
                          UserCommonAudioTtsSetPlaybackActiveEvent(pstTtsSegment, 4, UserInterfaceAudioGetTtsPlayTextVol
             -ume(), UserInterfaceAudioGetTtsPlayAudioVolume());
              
                          break;
              
                      case _AUDIO_TTS_EVENT_OSD_FACTORY:
              
                          DebugMessageAudio("[TTS] Set FACTORY event", _AUDIO_TTS_EVENT_OSD_FACTORY);
              
                          // Set TTS Data Info
                          pstTtsSegment[0].ulDataAddress = _TTS_ADDRESS_FACTORY;
                          pstTtsSegment[0].usDataLength = _TTS_LENGTH_FACTORY;
              
                          // End command: Data_Length = 0x0000
                          pstTtsSegment[1].usDataLength = 0x0000;
              
                          // Active TTS Data Play
                          UserCommonAudioTtsSetPlaybackActiveEvent(pstTtsSegment, 1, UserInterfaceAudioGetTtsPlayTextVol
             -ume(), UserInterfaceAudioGetTtsPlayAudioVolume());
              
                          break;
              
                      case _AUDIO_TTS_EVENT_OSD_AUDIO_VOLUME:
              
                          DebugMessageAudio("[TTS] Set AUDIO_VOLUME event", _AUDIO_TTS_EVENT_OSD_AUDIO_VOLUME);
              
                          // Set TTS Data Info
                          pstTtsSegment[0].ulDataAddress = _TTS_ADDRESS_VOLUME;
                          pstTtsSegment[0].usDataLength = _TTS_LENGTH_VOLUME;
              
                          // End command: Data_Length = 0x0000
                          pstTtsSegment[1].usDataLength = 0x0000;
              
C51 COMPILER V8.12   RTD2014USERADJUST                                                     09/16/2026 20:28:58 PAGE 17  

                          // Active TTS Data Play
                          UserCommonAudioTtsSetPlaybackActiveEvent(pstTtsSegment, 1, UserInterfaceAudioGetTtsPlayTextVol
             -ume(), UserInterfaceAudioGetTtsPlayAudioVolume());
              
                          break;
              
                      case _AUDIO_TTS_EVENT_OSD_AUDIO_MUTE:
              
                          DebugMessageAudio("[TTS] Set AUDIO_MUTE event", _AUDIO_TTS_EVENT_OSD_AUDIO_MUTE);
              
                          // Set TTS Data Info
                          pstTtsSegment[0].ulDataAddress = _TTS_ADDRESS_MUTE;
                          pstTtsSegment[0].usDataLength = _TTS_LENGTH_MUTE;
              
                          // End command: Data_Length = 0x0000
                          pstTtsSegment[1].usDataLength = 0x0000;
              
                          // Active TTS Data Play
                          UserCommonAudioTtsSetPlaybackActiveEvent(pstTtsSegment, 1, UserInterfaceAudioGetTtsPlayTextVol
             -ume(), UserInterfaceAudioGetTtsPlayAudioVolume());
              
                          break;
              
                      case _AUDIO_TTS_EVENT_OSD_AUDIO_STAND_ALONG:
              
                          DebugMessageAudio("[TTS] Set STAND_ALONG event", _AUDIO_TTS_EVENT_OSD_AUDIO_STAND_ALONG);
              
                          // Set TTS Data Info
                          pstTtsSegment[0].ulDataAddress = _TTS_ADDRESS_STAND_ALONG;
                          pstTtsSegment[0].usDataLength = _TTS_LENGTH_STAND_ALONG;
              
                          // End command: Data_Length = 0x0000
                          pstTtsSegment[1].usDataLength = 0x0000;
              
                          // Active TTS Data Play
                          UserCommonAudioTtsSetPlaybackActiveEvent(pstTtsSegment, 1, UserInterfaceAudioGetTtsPlayTextVol
             -ume(), UserInterfaceAudioGetTtsPlayAudioVolume());
              
                          break;
              
                      case _AUDIO_TTS_EVENT_OSD_AUDIO_SOURCE:
              
                          DebugMessageAudio("[TTS] Set AUDIO_SOURCE event", _AUDIO_TTS_EVENT_OSD_AUDIO_SOURCE);
              
                          // Set TTS Data Info
                          pstTtsSegment[0].ulDataAddress = _TTS_ADDRESS_AUDIO_SOURCE;
                          pstTtsSegment[0].usDataLength = _TTS_LENGTH_AUDIO_SOURCE;
              
                          // End command: Data_Length = 0x0000
                          pstTtsSegment[1].usDataLength = 0x0000;
              
                          // Active TTS Data Play
                          UserCommonAudioTtsSetPlaybackActiveEvent(pstTtsSegment, 1, UserInterfaceAudioGetTtsPlayTextVol
             -ume(), UserInterfaceAudioGetTtsPlayAudioVolume());
              
                          break;
              
                      case _AUDIO_TTS_EVENT_OSD_AUDIO_MODE:
              
                          DebugMessageAudio("[TTS] Set AUDIO_MODE event", _AUDIO_TTS_EVENT_OSD_AUDIO_MODE);
              
                          // Set TTS Data Info
C51 COMPILER V8.12   RTD2014USERADJUST                                                     09/16/2026 20:28:58 PAGE 18  

                          pstTtsSegment[0].ulDataAddress = _TTS_ADDRESS_SOUND_MODE;
                          pstTtsSegment[0].usDataLength = _TTS_LENGTH_SOUND_MODE;
              
                          // End command: Data_Length = 0x0000
                          pstTtsSegment[1].usDataLength = 0x0000;
              
                          // Active TTS Data Play
                          UserCommonAudioTtsSetPlaybackActiveEvent(pstTtsSegment, 1, UserInterfaceAudioGetTtsPlayTextVol
             -ume(), UserInterfaceAudioGetTtsPlayAudioVolume());
              
                          break;
              
                      case _AUDIO_TTS_EVENT_OSD_AUDIO_TTS:
              
                          DebugMessageAudio("[TTS] Set AUDIO_TTS event", _AUDIO_TTS_EVENT_OSD_AUDIO_TTS);
              
                          // Set TTS Data Info
                          pstTtsSegment[0].ulDataAddress = _TTS_ADDRESS_TTS;
                          pstTtsSegment[0].usDataLength = _TTS_LENGTH_TTS;
              
                          // End command: Data_Length = 0x0000
                          pstTtsSegment[1].usDataLength = 0x0000;
              
                          // Active TTS Data Play
                          UserCommonAudioTtsSetPlaybackActiveEvent(pstTtsSegment, 1, UserInterfaceAudioGetTtsPlayTextVol
             -ume(), UserInterfaceAudioGetTtsPlayAudioVolume());
              
                          break;
              
                      case _AUDIO_TTS_EVENT_OSD_AUDIO_TTS_SUPPORT:
              
                          DebugMessageAudio("[TTS] Set AUDIO_TTS_SUPPORT event", _AUDIO_TTS_EVENT_OSD_AUDIO_TTS_SUPPORT)
             -;
              
                          // Set TTS Data Info
                          pstTtsSegment[0].ulDataAddress = _TTS_ADDRESS_TTS_SUPPORT;
                          pstTtsSegment[0].usDataLength = _TTS_LENGTH_TTS_SUPPORT;
              
                          // End command: Data_Length = 0x0000
                          pstTtsSegment[1].usDataLength = 0x0000;
              
                          // Active TTS Data Play
                          UserCommonAudioTtsSetPlaybackActiveEvent(pstTtsSegment, 1, UserInterfaceAudioGetTtsPlayTextVol
             -ume(), UserInterfaceAudioGetTtsPlayAudioVolume());
              
                          break;
              
                      case _AUDIO_TTS_EVENT_OSD_AUDIO_TTS_TEXT_VOLUME:
              
                          DebugMessageAudio("[TTS] Set AUDIO_TTS_TEXT_VOLUME event", _AUDIO_TTS_EVENT_OSD_AUDIO_TTS_TEXT
             -_VOLUME);
              
                          // Set TTS Data Info
                          pstTtsSegment[0].ulDataAddress = _TTS_ADDRESS_TTS_TEXT_VOLUME;
                          pstTtsSegment[0].usDataLength = _TTS_LENGTH_TTS_TEXT_VOLUME;
              
                          // End command: Data_Length = 0x0000
                          pstTtsSegment[1].usDataLength = 0x0000;
              
                          // Active TTS Data Play
                          UserCommonAudioTtsSetPlaybackActiveEvent(pstTtsSegment, 1, UserInterfaceAudioGetTtsPlayTextVol
             -ume(), UserInterfaceAudioGetTtsPlayAudioVolume());
C51 COMPILER V8.12   RTD2014USERADJUST                                                     09/16/2026 20:28:58 PAGE 19  

              
                          break;
              
                      case _AUDIO_TTS_EVENT_OSD_AUDIO_TTS_MUSIC_VOLUME:
              
                          DebugMessageAudio("[TTS] Set AUDIO_TTS_MUSIC_VOLUME event", _AUDIO_TTS_EVENT_OSD_AUDIO_TTS_MUS
             -IC_VOLUME);
              
                          // Set TTS Data Info
                          pstTtsSegment[0].ulDataAddress = _TTS_ADDRESS_TTS_MUSIC_VOLUME;
                          pstTtsSegment[0].usDataLength = _TTS_LENGTH_TTS_MUSIC_VOLUME;
              
                          // End command: Data_Length = 0x0000
                          pstTtsSegment[1].usDataLength = 0x0000;
              
                          // Active TTS Data Play
                          UserCommonAudioTtsSetPlaybackActiveEvent(pstTtsSegment, 1, UserInterfaceAudioGetTtsPlayTextVol
             -ume(), UserInterfaceAudioGetTtsPlayAudioVolume());
              
                          break;
              
                      case _AUDIO_TTS_EVENT_OSD_INPUT_AUTO:
              
                          DebugMessageAudio("[TTS] Set INPUT_AUTO event", _AUDIO_TTS_EVENT_OSD_INPUT_AUTO);
              
                          // Set TTS Data Info
                          pstTtsSegment[0].ulDataAddress = _TTS_ADDRESS_AUTO_SEARCH;
                          pstTtsSegment[0].usDataLength = _TTS_LENGTH_AUTO_SEARCH;
              
                          // End command: Data_Length = 0x0000
                          pstTtsSegment[1].usDataLength = 0x0000;
              
                          // Active TTS Data Play
                          UserCommonAudioTtsSetPlaybackActiveEvent(pstTtsSegment, 1, UserInterfaceAudioGetTtsPlayTextVol
             -ume(), UserInterfaceAudioGetTtsPlayAudioVolume());
              
                          break;
              
                      case _AUDIO_TTS_EVENT_OSD_INPUT_A0:
              
                          DebugMessageAudio("[TTS] Set INPUT_A0 event", _AUDIO_TTS_EVENT_OSD_INPUT_A0);
              
                          // Set TTS Data Info
                          pstTtsSegment[0].ulDataAddress = _TTS_ADDRESS_ANALOG_PORT_0;
                          pstTtsSegment[0].usDataLength = _TTS_LENGTH_ANALOG_PORT_0;
              
                          pstTtsSegment[1].ulDataAddress = _TTS_ADDRESS_VGA_PORT;
                          pstTtsSegment[1].usDataLength = _TTS_LENGTH_VGA_PORT;
              
                          // End command: Data_Length = 0x0000
                          pstTtsSegment[2].usDataLength = 0x0000;
              
                          // Active TTS Data Play
                          UserCommonAudioTtsSetPlaybackActiveEvent(pstTtsSegment, 2, UserInterfaceAudioGetTtsPlayTextVol
             -ume(), UserInterfaceAudioGetTtsPlayAudioVolume());
              
                          break;
              
                      case _AUDIO_TTS_EVENT_OSD_INPUT_D0:
              
                          DebugMessageAudio("[TTS] Set INPUT_D0 event", _AUDIO_TTS_EVENT_OSD_INPUT_D0);
              
C51 COMPILER V8.12   RTD2014USERADJUST                                                     09/16/2026 20:28:58 PAGE 20  

                          // Set TTS Data Info
                          pstTtsSegment[0].ulDataAddress = _TTS_ADDRESS_DIGITAL_PORT_0;
                          pstTtsSegment[0].usDataLength = _TTS_LENGTH_DIGITAL_PORT_0;
              
                          pstTtsSegment[1].ulDataAddress = _TTS_ADDRESS_DP_PORT;
                          pstTtsSegment[1].usDataLength = _TTS_LENGTH_DP_PORT;
              
                          // End command: Data_Length = 0x0000
                          pstTtsSegment[2].usDataLength = 0x0000;
              
                          // Active TTS Data Play
                          UserCommonAudioTtsSetPlaybackActiveEvent(pstTtsSegment, 2, UserInterfaceAudioGetTtsPlayTextVol
             -ume(), UserInterfaceAudioGetTtsPlayAudioVolume());
              
                          break;
              
                      case _AUDIO_TTS_EVENT_OSD_INPUT_D1:
              
                          DebugMessageAudio("[TTS] Set INPUT_D1 event", _AUDIO_TTS_EVENT_OSD_INPUT_D1);
              
                          // Set TTS Data Info
                          pstTtsSegment[0].ulDataAddress = _TTS_ADDRESS_DIGITAL_PORT_1;
                          pstTtsSegment[0].usDataLength = _TTS_LENGTH_DIGITAL_PORT_1;
              
                          pstTtsSegment[1].ulDataAddress = _TTS_ADDRESS_HDMI_PORT;
                          pstTtsSegment[1].usDataLength = _TTS_LENGTH_HDMI_PORT;
              
                          // End command: Data_Length = 0x0000
                          pstTtsSegment[2].usDataLength = 0x0000;
              
                          // Active TTS Data Play
                          UserCommonAudioTtsSetPlaybackActiveEvent(pstTtsSegment, 2, UserInterfaceAudioGetTtsPlayTextVol
             -ume(), UserInterfaceAudioGetTtsPlayAudioVolume());
              
                          break;
              
                      case _AUDIO_TTS_EVENT_OSD_INPUT_D2:
              
                          DebugMessageAudio("[TTS] Set INPUT_D2 event", _AUDIO_TTS_EVENT_OSD_INPUT_D2);
              
                          // Set TTS Data Info
                          pstTtsSegment[0].ulDataAddress = _TTS_ADDRESS_DIGITAL_PORT_2;
                          pstTtsSegment[0].usDataLength = _TTS_LENGTH_DIGITAL_PORT_2;
              
                          pstTtsSegment[1].ulDataAddress = _TTS_ADDRESS_OFF;
                          pstTtsSegment[1].usDataLength = _TTS_LENGTH_OFF;
              
                          // End command: Data_Length = 0x0000
                          pstTtsSegment[2].usDataLength = 0x0000;
              
                          // Active TTS Data Play
                          UserCommonAudioTtsSetPlaybackActiveEvent(pstTtsSegment, 2, UserInterfaceAudioGetTtsPlayTextVol
             -ume(), UserInterfaceAudioGetTtsPlayAudioVolume());
              
                          break;
              
                      case _AUDIO_TTS_EVENT_OSD_INPUT_D3:
              
                          DebugMessageAudio("[TTS] Set INPUT_D3 event", _AUDIO_TTS_EVENT_OSD_INPUT_D3);
              
                          // Set TTS Data Info
                          pstTtsSegment[0].ulDataAddress = _TTS_ADDRESS_DIGITAL_PORT_3;
C51 COMPILER V8.12   RTD2014USERADJUST                                                     09/16/2026 20:28:58 PAGE 21  

                          pstTtsSegment[0].usDataLength = _TTS_LENGTH_DIGITAL_PORT_3;
              
                          pstTtsSegment[1].ulDataAddress = _TTS_ADDRESS_OFF;
                          pstTtsSegment[1].usDataLength = _TTS_LENGTH_OFF;
              
                          // End command: Data_Length = 0x0000
                          pstTtsSegment[2].usDataLength = 0x0000;
              
                          // Active TTS Data Play
                          UserCommonAudioTtsSetPlaybackActiveEvent(pstTtsSegment, 2, UserInterfaceAudioGetTtsPlayTextVol
             -ume(), UserInterfaceAudioGetTtsPlayAudioVolume());
              
                          break;
              
                      case _AUDIO_TTS_EVENT_OSD_INPUT_D4:
              
                          DebugMessageAudio("[TTS] Set INPUT_D4 event", _AUDIO_TTS_EVENT_OSD_INPUT_D4);
              
                          // Set TTS Data Info
                          pstTtsSegment[0].ulDataAddress = _TTS_ADDRESS_DIGITAL_PORT_4;
                          pstTtsSegment[0].usDataLength = _TTS_LENGTH_DIGITAL_PORT_4;
              
                          pstTtsSegment[1].ulDataAddress = _TTS_ADDRESS_OFF;
                          pstTtsSegment[1].usDataLength = _TTS_LENGTH_OFF;
              
                          // End command: Data_Length = 0x0000
                          pstTtsSegment[2].usDataLength = 0x0000;
              
                          // Active TTS Data Play
                          UserCommonAudioTtsSetPlaybackActiveEvent(pstTtsSegment, 2, UserInterfaceAudioGetTtsPlayTextVol
             -ume(), UserInterfaceAudioGetTtsPlayAudioVolume());
              
                          break;
              
                      case _AUDIO_TTS_EVENT_OSD_INPUT_D5:
              
                          DebugMessageAudio("[TTS] Set INPUT_D5 event", _AUDIO_TTS_EVENT_OSD_INPUT_D5);
              
                          // Set TTS Data Info
                          pstTtsSegment[0].ulDataAddress = _TTS_ADDRESS_DIGITAL_PORT_5;
                          pstTtsSegment[0].usDataLength = _TTS_LENGTH_DIGITAL_PORT_5;
              
                          pstTtsSegment[1].ulDataAddress = _TTS_ADDRESS_OFF;
                          pstTtsSegment[1].usDataLength = _TTS_LENGTH_OFF;
              
                          // End command: Data_Length = 0x0000
                          pstTtsSegment[2].usDataLength = 0x0000;
              
                          // Active TTS Data Play
                          UserCommonAudioTtsSetPlaybackActiveEvent(pstTtsSegment, 2, UserInterfaceAudioGetTtsPlayTextVol
             -ume(), UserInterfaceAudioGetTtsPlayAudioVolume());
              
                          break;
              
                      case _AUDIO_TTS_EVENT_OSD_INPUT_D6:
              
                          DebugMessageAudio("[TTS] Set INPUT_D6 event", _AUDIO_TTS_EVENT_OSD_INPUT_D6);
              
                          // Set TTS Data Info
                          pstTtsSegment[0].ulDataAddress = _TTS_ADDRESS_DIGITAL_PORT_6;
                          pstTtsSegment[0].usDataLength = _TTS_LENGTH_DIGITAL_PORT_6;
              
C51 COMPILER V8.12   RTD2014USERADJUST                                                     09/16/2026 20:28:58 PAGE 22  

                          pstTtsSegment[1].ulDataAddress = _TTS_ADDRESS_OFF;
                          pstTtsSegment[1].usDataLength = _TTS_LENGTH_OFF;
              
                          // End command: Data_Length = 0x0000
                          pstTtsSegment[2].usDataLength = 0x0000;
              
                          // Active TTS Data Play
                          UserCommonAudioTtsSetPlaybackActiveEvent(pstTtsSegment, 2, UserInterfaceAudioGetTtsPlayTextVol
             -ume(), UserInterfaceAudioGetTtsPlayAudioVolume());
              
                          break;
              
                      case _AUDIO_TTS_EVENT_NONE:
              
                          DebugMessageAudio("[TTS] Set NONE event", _AUDIO_TTS_EVENT_NONE);
              
                          // Set TTS Data Info
                          pstTtsSegment[0].ulDataAddress = _TTS_ADDRESS_ERROR;
                          pstTtsSegment[0].usDataLength = _TTS_LENGTH_ERROR;
              
                          // End command: Data_Length = 0x0000
                          pstTtsSegment[1].usDataLength = 0x0000;
              
                          // Active TTS Data Play
                          UserCommonAudioTtsSetPlaybackActiveEvent(pstTtsSegment, 1, UserInterfaceAudioGetTtsPlayTextVol
             -ume(), UserInterfaceAudioGetTtsPlayAudioVolume());
              
                          break;
              
                      default:
                          break;
                  }
              }
              #endif // End of #if(_AUDIO_TTS_SUPPORT_TYPE == _AUDIO_TTS_EMBEDDED_TYPE)
1276          
1277          //--------------------------------------------------
1278          // Description  : Mute/Unmute Aduio Volume
1279          // Input Value  : bMute
1280          // Output Value : None
1281          //--------------------------------------------------
1282          void UserAdjustAudioMuteSwitch(void)
1283          {
1284   1          SysAudioMuteProc(UserInterfaceGetAudioMuteStatus());
1285   1      }
1286          
1287          //--------------------------------------------------
1288          // Description  : Adjust Aduio Volume
1289          // Input Value  : ucVolume
1290          // Output Value : Node
1291          //--------------------------------------------------
1292          void UserAdjustAudioVolume(BYTE ucVolume)
1293          {
1294   1              PCB_AUDIO_VOLUME_PWM(UserCommonAdjustPercentToRealValue(_DEF_VOLUME_PWM, 255, 0, 128));
1295   1      
1296   1          ScalerAudioDigitalAdjustVolume(UserAdjustAudioVolumeMapping(ucVolume));
1297   1      }
1298          
1299          //--------------------------------------------------
1300          // Description  : OSD Volume Mapping to Real Value
1301          // Input Value  : usVolume
1302          // Output Value : usVolume
1303          //--------------------------------------------------
C51 COMPILER V8.12   RTD2014USERADJUST                                                     09/16/2026 20:28:58 PAGE 23  

1304          WORD UserAdjustAudioVolumeMapping(BYTE ucVolume)
1305          {
1306   1              DebugMessageOsd("ucVolume", ucVolume);
1307   1              DebugMessageOsd("Volum",UserCommonAdjustPercentToRealValue(ucVolume, _DEF_DIGITAL_VOL_MAX, _DEF_DIGITAL_V
             -OL_MIN, _DEF_DIGITAL_VOL_CENTER));
1308   1      
1309   1      #if(_LINE_IN_SUPPORT == _ON)
1310   1          if(UserInterfaceGetAudioSource() == _LINE_IN_AUDIO)
1311   1          {
1312   2              return (UserCommonAdjustPercentToRealValue(ucVolume, _DEF_LINEIN_VOL_MAX, _DEF_LINEIN_VOL_MIN, _DE
             -F_LINEIN_VOL_CENTER));
1313   2          }
1314   1          else
1315   1      #endif // End of #if(_LINE_IN_SUPPORT == _ON)
1316   1          {   
1317   2                      return (UserCommonAdjustPercentToRealValue(ucVolume, _DEF_DIGITAL_VOL_MAX, _DEF_DIGITAL_VOL_MIN, _DEF_DI
             -GITAL_VOL_CENTER));
1318   2          }
1319   1      }
1320          #endif // End of #if(_AUDIO_SUPPORT == _ON)
1321          
1322          #if(_DCC_FUNCTION == _ON)
1323          //--------------------------------------------------
1324          // Description  : Set DCC Table
1325          // Input Value  : Request DCC Table
1326          // Output Value : None
1327          //--------------------------------------------------
1328          void UserAdjustDCC(BYTE ucColorEffect)
1329          {
1330   1              ScalerColorDCCAdjust(tDCC_TABLE[ucColorEffect], GET_CURRENT_BANK_NUMBER());
1331   1      }
1332          #endif // End of #if(_DCC_FUNCTION == _ON)
1333          
1334          
1335          #if(_ICM_SUPPORT == _ON)
              //--------------------------------------------------
              // Description  : Set ICM parameter
              // Input Value  : Adjust Option
              // Output Value : None
              //--------------------------------------------------
              void UserAdjustICM(BYTE ucColorEffect)
              {
                  if((ucColorEffect >= _COLOREFFECT_GAME) && (ucColorEffect < _COLOREFFECT_USER))
                  {
                      ScalerColorICMLoadTable(tICM_TABLE[ucColorEffect], GET_CURRENT_BANK_NUMBER());
                  }
              }
              #endif // End of #if(_ICM_SUPPORT == _ON)
1349          
1350          #if(_SCM_SUPPORT == _ON)
              //--------------------------------------------------
              // Description  : Set SCM parameter
              // Input Value  : Adjust Option
              // Output Value : None
              //--------------------------------------------------
              void UserAdjustSCM(BYTE ucColorEffect)
              {
                  if((ucColorEffect >= _COLOREFFECT_GAME) && (ucColorEffect < _COLOREFFECT_USER))
                  {
                      ScalerColorSCMLoadTable(tSCM_TABLE[ucColorEffect], GET_CURRENT_BANK_NUMBER());
                  }
              }
C51 COMPILER V8.12   RTD2014USERADJUST                                                     09/16/2026 20:28:58 PAGE 24  

              #endif // End of #if(_SCM_SUPPORT == _ON)
1364          
1365          #if((_DCC_FUNCTION == _ON) || (_ICM_SUPPORT == _ON) || (_SCM_SUPPORT == _ON) || (_SIX_COLOR_SUPPORT == _ON
             -))
1366          //--------------------------------------------------
1367          // Description  : Set UltraVivid Settings
1368          // Input Value  : None
1369          // Output Value : None
1370          //--------------------------------------------------
1371          void UserAdjustColorEffectMode(void)
1372          {
1373   1          BYTE ucIndex = 0;
1374   1          BYTE ucBackupSixColor = 0;
1375   1          BYTE ucBackupHue = 0;
1376   1          BYTE ucBackupSaturation = 0;
1377   1      
1378   1          ucBackupSixColor = GET_OSD_SIX_COLOR();
1379   1          ucBackupHue = GET_OSD_SIX_COLOR_HUE();
1380   1          ucBackupSaturation = GET_OSD_SIX_COLOR_SATURATION();
1381   1      
1382   1          switch(GET_OSD_COLOR_EFFECT())
1383   1          {
1384   2              case _COLOREFFECT_STANDARD:
1385   2                  ScalerTimerWaitForEvent(_EVENT_DEN_STOP);
1386   2      #if(_DCC_FUNCTION == _ON)
1387   2             //     ScalerColorDCCEnable(_FUNCTION_OFF);
1388   2      #endif
1389   2      
1390   2      #if(_ICM_SUPPORT == _ON)
                          ScalerColorICMEnable(_FUNCTION_OFF);
              #endif
1393   2                  break;
1394   2      
1395   2              case _COLOREFFECT_USER:
1396   2                  ScalerTimerWaitForEvent(_EVENT_DEN_STOP);
1397   2      #if(_DCC_FUNCTION == _ON)
1398   2             //     ScalerColorDCCEnable(_FUNCTION_OFF);
1399   2      #endif
1400   2      
1401   2      #if(_ICM_SUPPORT == _ON)
                          ScalerColorICMEnable(_FUNCTION_OFF);
              #endif
1404   2      
1405   2                  break;
1406   2      
1407   2              case _COLOREFFECT_MOVIE:
1408   2              case _COLOREFFECT_GAME:
1409   2              case _COLOREFFECT_PHOTO:
1410   2              case _COLOREFFECT_VIVID:
1411   2                  ScalerTimerWaitForEvent(_EVENT_DEN_STOP);
1412   2      #if(_DCC_FUNCTION == _ON)
1413   2            //      ScalerColorDCCEnable(_FUNCTION_OFF);
1414   2      #endif
1415   2      
1416   2      #if(_ICM_SUPPORT == _ON)
                          ScalerColorICMEnable(_FUNCTION_OFF);
              #endif
1419   2      
1420   2      #if(_DCC_FUNCTION == _ON)
1421   2                //  UserAdjustDCC(GET_OSD_COLOR_EFFECT());
1422   2      #endif
1423   2      
C51 COMPILER V8.12   RTD2014USERADJUST                                                     09/16/2026 20:28:58 PAGE 25  

1424   2      // Adjust SCM Table, Should before ICM Adjust
1425   2      #if(_SCM_SUPPORT == _ON)
                          UserAdjustSCM(GET_OSD_COLOR_EFFECT());
              #endif
1428   2      
1429   2      #if(_ICM_SUPPORT == _ON)
                          UserAdjustICM(GET_OSD_COLOR_EFFECT());
              #endif
1432   2      
1433   2      
1434   2      #if(_DCC_FUNCTION == _ON)
1435   2               //   ScalerColorDCCEnable(_FUNCTION_ON);
1436   2      #endif
1437   2      
1438   2      #if(_ICM_SUPPORT == _ON)
                          ScalerColorICMEnable(_FUNCTION_ON);
              #endif
1441   2                  break;
1442   2      
1443   2              default:
1444   2                  break;
1445   2          }
1446   1      
1447   1          SET_OSD_SIX_COLOR(ucBackupSixColor);
1448   1          SET_OSD_SIX_COLOR_HUE(ucBackupHue);
1449   1          SET_OSD_SIX_COLOR_SATURATION(ucBackupSaturation);
1450   1      }
1451          #endif // End of #if(_SIX_COLOR_SUPPORT == _ON)
1452          
1453          #if(_CONTRAST_SUPPORT == _ON)
1454          //--------------------------------------------------
1455          // Description  : User Adjust Contrast
1456          // Input Value  : 12 bit input, old 8 bit contrast input value must left shift 4 bit
1457          //                0 (00h) ~ 1(800h) ~  2(FFFh)
1458          // Output Value : void
1459          //--------------------------------------------------
1460          void UserAdjustContrast(WORD usContrast)
1461          {
1462   1      #if(_HIGHLIGHT_WINDOW_SUPPORT == _ON)
1463   1          WORD pusData[6] = {0};
1464   1      
1465   1      #if(_CTS_TYPE == _CTS_GEN_1_12BIT)
1466   1          pusData[3] = 0x800;
1467   1          pusData[4] = 0x800;
1468   1          pusData[5] = 0x800;
1469   1      #else
                  pusData[3] = 0x80;
                  pusData[4] = 0x80;
                  pusData[5] = 0x80;
              #endif
1474   1      
1475   1      #else
                  WORD pusData[3] = {0};
              #endif
1478   1      usContrast = GetOsdValue(_MENU_FUN_CONTRAST);
1479   1      
1480   1      /*
1481   1              switch(GET_OSD_COLOR_EFFECT())
1482   1              {
1483   1                      case _COLOREFFECT_MOVIE :
1484   1                              usContrast = _ECO_MOVIE_CONTRAST;
1485   1                              break;
C51 COMPILER V8.12   RTD2014USERADJUST                                                     09/16/2026 20:28:58 PAGE 26  

1486   1                      case _COLOREFFECT_GAME:
1487   1                              usContrast = _ECO_GAME_CONTRAST;
1488   1                              break;
1489   1                              
1490   1                      case _COLOREFFECT_PHOTO :
1491   1                              usContrast = _ECO_TEXT_CONTRAST;
1492   1                              break;
1493   1                      case _COLOREFFECT_STANDARD :
1494   1                              usContrast = usContrast;
1495   1                              break;
1496   1      #if(_EOC_RTS_FPS_SUPPORT == _ON)
1497   1                      case _COLOREFFECT_FPS:
1498   1                              usContrast = _ECO_FPS_CONTRAST;
1499   1                              break;
1500   1                              
1501   1                      case _COLOREFFECT_RTS :
1502   1                              usContrast = _ECO_RTS_CONTRAST;
1503   1                              break;
1504   1      #endif                  
1505   1                              
1506   1                      default:
1507   1                              break;
1508   1              }
1509   1      */
1510   1              usContrast = UserCommonAdjustPercentToRealValue(usContrast, _CONTRAST_MAX, _CONTRAST_MIN, _CONTRAST_CENTE
             -R);
1511   1      
1512   1      #if(_CTS_TYPE == _CTS_GEN_1_12BIT)
1513   1          pusData[0] = (WORD)(((DWORD)g_stColorProcData.usColorTempR * usContrast / 2048) > 4095) ? 4095 : (WORD
             -)((DWORD)g_stColorProcData.usColorTempR * usContrast / 2048);
1514   1          pusData[1] = (WORD)(((DWORD)g_stColorProcData.usColorTempG * usContrast / 2048) > 4095) ? 4095 : (WORD
             -)((DWORD)g_stColorProcData.usColorTempG * usContrast / 2048);
1515   1          pusData[2] = (WORD)(((DWORD)g_stColorProcData.usColorTempB * usContrast / 2048) > 4095) ? 4095 : (WORD
             -)((DWORD)g_stColorProcData.usColorTempB * usContrast / 2048);
1516   1      
1517   1          if(_PANEL_DISP_BIT_MODE == _PANEL_DISP_30_BIT)
1518   1          {
1519   2              // 10-bit Panel
1520   2              pusData[0] = UserCommonAdjust10bitPanelCompensate(pusData[0]);
1521   2              pusData[1] = UserCommonAdjust10bitPanelCompensate(pusData[1]);
1522   2              pusData[2] = UserCommonAdjust10bitPanelCompensate(pusData[2]);
1523   2          }
1524   1      #if(_CONTRAST_6BIT_PANEL_COMPENSATE == _ON)
                  else if(_PANEL_DISP_BIT_MODE == _PANEL_DISP_18_BIT)
                  {
              #if(_GAMMA_FUNCTION == _ON)
                      if(GET_OSD_GAMMA() == _GAMMA_OFF)
              #endif
                      {
                          pusData[0] = UserCommonAdjust6bitPanelCompensate(pusData[0]);
                          pusData[1] = UserCommonAdjust6bitPanelCompensate(pusData[1]);
                          pusData[2] = UserCommonAdjust6bitPanelCompensate(pusData[2]);
                      }
                  }
              #endif
1537   1      
1538   1              pusData[2] = pusData[2] - (pusData[2]/2 /100*GET_OSD_LOW_BLUE());
1539   1      
1540   1      #else
                  pusData[0] = (WORD)(((DWORD)g_stColorProcData.usColorTempR * usContrast / 128) > 255) ? 255 : (WORD)((
             -DWORD)g_stColorProcData.usColorTempR * usContrast / 128);
                  pusData[1] = (WORD)(((DWORD)g_stColorProcData.usColorTempG * usContrast / 128) > 255) ? 255 : (WORD)((
C51 COMPILER V8.12   RTD2014USERADJUST                                                     09/16/2026 20:28:58 PAGE 27  

             -DWORD)g_stColorProcData.usColorTempG * usContrast / 128);
                  pusData[2] = (WORD)(((DWORD)g_stColorProcData.usColorTempB * usContrast / 128) > 255) ? 255 : (WORD)((
             -DWORD)g_stColorProcData.usColorTempB * usContrast / 128);
              
              #if(_CONTRAST_6BIT_PANEL_COMPENSATE == _ON)
                  if(_PANEL_DISP_BIT_MODE == _PANEL_DISP_18_BIT)
                  {
              #if(_GAMMA_FUNCTION == _ON)
                      if(GET_OSD_GAMMA() == _GAMMA_OFF)
              #endif
                      {
                          pusData[0] = UserCommonAdjust6bitPanelCompensate(pusData[0]);
                          pusData[1] = UserCommonAdjust6bitPanelCompensate(pusData[1]);
                          pusData[2] = UserCommonAdjust6bitPanelCompensate(pusData[2]);
                      }
                  }
              #endif
                      //      pusData[2] = pusData[2] - (pusData[2]/2 /100*GET_OSD_LOW_BLUE());
                      #if(Project_ID == ID_XKBH_HK2513E02_1V1H__HV320FHB_N02__20201218)||(Project_ID == ID_XKBH_HK2513E02_1V1H_
             -HV320FHB_N02_20220927)||(Project_ID == _ID_XIANYOU_2525BREQ4_SG2701B05_6_FHD100HZ_20251015)
                              pusData[2] = pusData[2] - (pusData[2]*GET_OSD_LOW_BLUE()/4/100);
                      #else
                              pusData[2] = pusData[2] - (pusData[2]*GET_OSD_LOW_BLUE()/2/100);
                      #endif
              
              #endif
1566   1      
1567   1      /*
1568   1      #if(Project_ID == ID_XKBH_HK2513E02_1V1H__HV320FHB_N02__20201218)||(Project_ID == ID_XKBH_HK2513E02_1V1H_H
             -V320FHB_N02_20220927)||(Project_ID == _ID_XIANYOU_2525BREQ4_SG2701B05_6_FHD100HZ_20251015)
1569   1                      pusData[2] = pusData[2] - (pusData[2]*GET_OSD_LOW_BLUE()/4/100);
1570   1      #else
1571   1                      pusData[2] = pusData[2] - (pusData[2]/2 /100*GET_OSD_LOW_BLUE());
1572   1      #endif
1573   1      */
1574   1      
1575   1          ScalerTimerWaitForEvent(_EVENT_DEN_STOP);
1576   1      
1577   1      #if(_CONTRAST_BY_SRGB_SUPPORT == _ON)
              
                  pusData[0] = pusData[0] * 4;
                  pusData[1] = pusData[1] * 4;
                  pusData[2] = pusData[2] * 4;
                  UserCommonAdjustContrastBysRGB(pusData);
              
              #else
1585   1      
1586   1      #if(_HIGHLIGHT_WINDOW_SUPPORT == _ON)
1587   1          if(GET_OSD_HLWIN_TYPE() == _HL_WIN_OFF)
1588   1          {
1589   2              ScalerColorContrastAdjust(_CONTRAST_COEF_A, pusData);
1590   2              ScalerColorContrastAdjust(_CONTRAST_COEF_B, &pusData[3]);
1591   2          }
1592   1          else
1593   1          {
1594   2              ScalerColorContrastAdjust(_CONTRAST_COEF_B, pusData);
1595   2              ScalerColorContrastAdjust(_CONTRAST_COEF_A, &pusData[3]);
1596   2          }
1597   1      #else
                  ScalerColorContrastAdjust(_CONTRAST_COEF_A, pusData);
              #endif
1600   1      
C51 COMPILER V8.12   RTD2014USERADJUST                                                     09/16/2026 20:28:58 PAGE 28  

1601   1          ScalerColorContrastEnable(_FUNCTION_ON);
1602   1      #endif
1603   1      
1604   1      }
1605          #endif
1606          
1607          #if(_BRIGHTNESS_SUPPORT == _ON)
1608          //--------------------------------------------------
1609          // Description  : User Adjust Brightness
1610          // Input Value  : 10 bit input, old 8 bit brightness input value must left shift 2 bit
1611          //                -2048(00h) ~ 0(200h) ~  +2044(3FFh)
1612          // Output Value : void
1613          //--------------------------------------------------
1614          void UserAdjustBrightness(WORD usBrightness)
1615          {
1616   1      #if(_HIGHLIGHT_WINDOW_SUPPORT == _ON)
1617   1          WORD pusData[6] = {0};
1618   1      
1619   1      #if(_BRI_TYPE == _BRI_GEN_1_10BIT)
1620   1          pusData[3] = 0x200;
1621   1          pusData[4] = 0x200;
1622   1          pusData[5] = 0x200;
1623   1      #else
                  pusData[3] = 0x80;
                  pusData[4] = 0x80;
                  pusData[5] = 0x80;
              #endif
1628   1      
1629   1      #else
                  WORD pusData[3] = {0};
              #endif
1632   1              usBrightness=GetOsdValue(_MENU_FUN_BRIGHTNESS);
1633   1      
1634   1      /*
1635   1                      switch(GET_OSD_COLOR_EFFECT())
1636   1                      {
1637   1                              case _COLOREFFECT_MOVIE :
1638   1                                      usBrightness = _ECO_MOVIE_BLACKLEVEL;
1639   1                                      break;
1640   1                              case _COLOREFFECT_GAME:
1641   1                                      usBrightness = _ECO_GAME_BLACKLEVEL;
1642   1                                      break;
1643   1                                      
1644   1                              case _COLOREFFECT_PHOTO :
1645   1                                      usBrightness = _ECO_TEXT_BLACKLEVEL;
1646   1                                      break;
1647   1                              case _COLOREFFECT_STANDARD :
1648   1                                      usBrightness = usBrightness;
1649   1                                      break;
1650   1      #if(_EOC_RTS_FPS_SUPPORT == _ON)
1651   1                              case _COLOREFFECT_FPS:
1652   1                                      usBrightness = _ECO_FPS_BLACKLEVEL;
1653   1                                      break;
1654   1                                      
1655   1                              case _COLOREFFECT_RTS :
1656   1                                      usBrightness = _ECO_RTS_BLACKLEVEL;
1657   1                                      break;
1658   1      #endif                  
1659   1                                      
1660   1                              default:
1661   1                                      break;
1662   1                      }
C51 COMPILER V8.12   RTD2014USERADJUST                                                     09/16/2026 20:28:58 PAGE 29  

1663   1      */
1664   1                      usBrightness = UserCommonAdjustPercentToRealValue(usBrightness, _BRIGHTNESS_MAX, _BRIGHTNESS_MIN, _BRIGH
             -TNESS_CENTER);
1665   1      
1666   1          pusData[0] = usBrightness;
1667   1          pusData[1] = usBrightness;
1668   1          pusData[2] = usBrightness;
1669   1      
1670   1      #if(_HIGHLIGHT_WINDOW_SUPPORT == _ON)
1671   1          if(GET_OSD_HLWIN_TYPE() == _HL_WIN_OFF)
1672   1          {
1673   2              ScalerColorBrightnessAdjust(_BRIGHTNESS_COEF_A, pusData);
1674   2              ScalerColorBrightnessAdjust(_BRIGHTNESS_COEF_B, &pusData[3]);
1675   2          }
1676   1          else
1677   1          {
1678   2              ScalerColorBrightnessAdjust(_BRIGHTNESS_COEF_B, pusData);
1679   2              ScalerColorBrightnessAdjust(_BRIGHTNESS_COEF_A, &pusData[3]);
1680   2          }
1681   1      #else
                  ScalerColorBrightnessAdjust(_BRIGHTNESS_COEF_A, pusData);
              #endif
1684   1      
1685   1          ScalerColorBrightnessEnable(_FUNCTION_ON);
1686   1      }
1687          #endif
1688          
1689          
1690          #if(_GLOBAL_HUE_SATURATION == _ON)
1691          //--------------------------------------------------
1692          // Description  : Adjust Global Hue Saturation
1693          // Input Value  : Hue and Saturation
1694          // Output Value : None
1695          //--------------------------------------------------
1696          void UserAdjustGlobalHueSat(SWORD shHue, WORD usSat)  // for OSD Adjust & Dianliang:  Display Off & ON
1697          {
1698   1      #if(_GLOBAL_COLOR_CONVERT_HUE_SATURATION_FUNCTION == _ON)
                  if(GET_OSD_PCM_STATUS() != _PCM_OSD_NATIVE)
                  {
                      UserCommonAdjustColorConvertHueSat(_DEFAULT_HUE - shHue, usSat);
                  }
              #if(_OCC_PCM_GAMMA_SUPPORT == _ON)
                  else if(GET_OSD_PCM_STATUS() == _PCM_OSD_NATIVE)
                  {
                      UserCommonAdjustColorConvertHueSat(_DEFAULT_HUE - shHue, usSat);
                  }
              #endif
                  else
              #endif
1711   1          {
1712   2              UserCommonAdjustGlobalHueSat(_DEFAULT_HUE - shHue, usSat);
1713   2          }
1714   1      }
1715          #endif  // Enf of #if(_GLOBAL_HUE_SATURATION == _ON)
1716          
1717          #if(_OD_SUPPORT == _ON)
1718          //--------------------------------------------------
1719          // Description  : Load OD LUT
1720          // Input Value  : None
1721          // Output Value : None
1722          //--------------------------------------------------
1723          void UserAdjustOD(void)
C51 COMPILER V8.12   RTD2014USERADJUST                                                     09/16/2026 20:28:58 PAGE 30  

1724          {
1725   1      #if(_FREESYNC_SUPPORT == _ON)
1726   1          if(ScalerSyncGetFREESYNCEnable() == _TRUE)
1727   1          {
1728   2              ScalerODLoadLUT(tOD_FREESYNC_TABLE[0], GET_CURRENT_BANK_NUMBER(), _OD_LUT_MODE);
1729   2          }
1730   1          else
1731   1      #endif
1732   1          {
1733   2              ScalerODLoadLUT(tOD_TABLE[0], GET_CURRENT_BANK_NUMBER(), _OD_LUT_MODE);
1734   2          }
1735   1      }
1736          #endif // End of #if(_OD_SUPPORT == _ON)
1737          
1738          #if(_HIGHLIGHT_WINDOW_SUPPORT == _ON)
1739          //--------------------------------------------------
1740          // Description  : Adjust High Light Window
1741          // Input Value  : HLWinType
1742          // Output Value : None
1743          //--------------------------------------------------
1744          void UserAdjustHLWinType(BYTE ucHLWinType)
1745          {
1746   1          ScalerTimerCancelTimerEvent(_USER_TIMER_EVENT_HLWIN_TYPE5_MOVE);
1747   1      
1748   1          if(ucHLWinType == _HL_WIN_OFF)
1749   1          {
1750   2              return;
1751   2          }
1752   1      
1753   1          if(GET_MDOMAIN_OUTPUT_HWIDTH() == _PANEL_DH_WIDTH)
1754   1          {
1755   2              g_usHLWinHPos = 0;
1756   2          }
1757   1          else
1758   1          {
1759   2              g_usHLWinHPos = (_PANEL_DH_WIDTH - GET_MDOMAIN_OUTPUT_HWIDTH()) / 2;
1760   2          }
1761   1      
1762   1          if(GET_MDOMAIN_OUTPUT_VHEIGHT() == _PANEL_DV_HEIGHT)
1763   1          {
1764   2              g_usHLWinVPos = 0;
1765   2          }
1766   1          else
1767   1          {
1768   2              g_usHLWinVPos = (_PANEL_DV_HEIGHT - GET_MDOMAIN_OUTPUT_VHEIGHT()) / 2;
1769   2          }
1770   1      
1771   1          switch(ucHLWinType)
1772   1          {
1773   2              case _HL_WIN_1:
1774   2      
1775   2                  g_usHLWinHWidth = GET_MDOMAIN_OUTPUT_HWIDTH() - _HL_WIN_BORDER_SIZE;
1776   2                  g_usHLWinVHeight = GET_MDOMAIN_OUTPUT_VHEIGHT() - _HL_WIN_BORDER_SIZE;
1777   2      
1778   2                  break;
1779   2      
1780   2              case _HL_WIN_2:
1781   2      
1782   2                  g_usHLWinHWidth = GET_MDOMAIN_OUTPUT_HWIDTH() / 2;
1783   2                  g_usHLWinVHeight = GET_MDOMAIN_OUTPUT_VHEIGHT() - _HL_WIN_BORDER_SIZE;
1784   2      
1785   2                  break;
C51 COMPILER V8.12   RTD2014USERADJUST                                                     09/16/2026 20:28:58 PAGE 31  

1786   2      
1787   2              case _HL_WIN_3:
1788   2      
1789   2                  g_usHLWinHWidth = GET_MDOMAIN_OUTPUT_HWIDTH() - _HL_WIN_BORDER_SIZE;
1790   2                  g_usHLWinVHeight = GET_MDOMAIN_OUTPUT_VHEIGHT() / 2;
1791   2      
1792   2                  break;
1793   2      
1794   2              case _HL_WIN_4:
1795   2      
1796   2                  g_usHLWinHWidth = GET_MDOMAIN_OUTPUT_HWIDTH() / 2;
1797   2                  g_usHLWinVHeight = GET_MDOMAIN_OUTPUT_VHEIGHT() / 2;
1798   2                  g_usHLWinHPos = ((GET_MDOMAIN_OUTPUT_HWIDTH() - g_usHLWinHWidth) / 2) + ((_PANEL_DH_WIDTH - GE
             -T_MDOMAIN_OUTPUT_HWIDTH()) / 2) - 1;
1799   2                  g_usHLWinVPos = (GET_MDOMAIN_OUTPUT_VHEIGHT() - g_usHLWinVHeight) / 2 - 1;
1800   2      
1801   2                  break;
1802   2      
1803   2              case _HL_WIN_5:
1804   2      
1805   2                  g_usHLWinHWidth = GET_MDOMAIN_OUTPUT_HWIDTH() / 6;
1806   2                  g_usHLWinVHeight = GET_MDOMAIN_OUTPUT_VHEIGHT() - _HL_WIN_BORDER_SIZE;
1807   2                  g_usHLWinHPos = (GET_MDOMAIN_OUTPUT_HWIDTH() - g_usHLWinHWidth) / 2;
1808   2      
1809   2                  ScalerTimerActiveTimerEvent(_HLWIN_TYPE5_MOVE_TIME, _USER_TIMER_EVENT_HLWIN_TYPE5_MOVE);
1810   2      
1811   2                  break;
1812   2      
1813   2              default:
1814   2      
1815   2                  break;
1816   2          }
1817   1      
1818   1          ScalerColorHLWAdjust(g_usHLWinHPos, g_usHLWinHWidth, g_usHLWinVPos, g_usHLWinVHeight, _DB_APPLY_NONE);
1819   1      }
1820          
1821          //--------------------------------------------------
1822          // Description  : High Light Window Type5 Move
1823          // Input Value  : None
1824          // Output Value : None
1825          //--------------------------------------------------
1826          void UserAdjustHLWinType5Move(void)
1827          {
1828   1          WORD usNonFullScreenOffset = 0;
1829   1      
1830   1          if(GET_MDOMAIN_OUTPUT_HWIDTH() == _PANEL_DH_WIDTH)
1831   1          {
1832   2              // Full screen
1833   2              usNonFullScreenOffset = 0;
1834   2          }
1835   1          else
1836   1          {
1837   2              // Non full screen
1838   2              usNonFullScreenOffset = (_PANEL_DH_WIDTH - GET_MDOMAIN_OUTPUT_HWIDTH()) / 2;
1839   2          }
1840   1      
1841   1          if(g_bHLWinRLMove == _RIGHT)
1842   1          {
1843   2              g_usHLWinHPos++;
1844   2      
1845   2              if((GET_MDOMAIN_OUTPUT_HWIDTH() + usNonFullScreenOffset) <= (g_usHLWinHPos + g_usHLWinHWidth + _HL
             -_WIN_BORDER_SIZE))
C51 COMPILER V8.12   RTD2014USERADJUST                                                     09/16/2026 20:28:58 PAGE 32  

1846   2              {
1847   3                  g_bHLWinRLMove = _LEFT;
1848   3                  g_usHLWinHPos = (GET_MDOMAIN_OUTPUT_HWIDTH() + usNonFullScreenOffset) - (g_usHLWinHWidth + _HL
             -_WIN_BORDER_SIZE);
1849   3              }
1850   2          }
1851   1          else // _LEFT
1852   1          {
1853   2              g_usHLWinHPos--;
1854   2      
1855   2              if(g_usHLWinHPos <= usNonFullScreenOffset)
1856   2              {
1857   3                  g_bHLWinRLMove = _RIGHT;
1858   3                  g_usHLWinHPos = usNonFullScreenOffset;
1859   3              }
1860   2          }
1861   1      
1862   1          ScalerColorHLWAdjust(g_usHLWinHPos, g_usHLWinHWidth, g_usHLWinVPos, g_usHLWinVHeight, _DB_APPLY_NO_POL
             -LING);
1863   1      
1864   1          ScalerTimerActiveTimerEvent(_HLWIN_TYPE5_MOVE_TIME, _USER_TIMER_EVENT_HLWIN_TYPE5_MOVE);
1865   1      }
1866          
1867          //--------------------------------------------------
1868          // Description  : Adjust All High Light Window Effect Space
1869          // Input Value  : None
1870          // Output Value : None
1871          //--------------------------------------------------
1872          void UserAdjustHighLightWindowEffectSpace(void)
1873          {
1874   1      #if((_CONTRAST_SUPPORT == _ON) || (_BRIGHTNESS_SUPPORT == _ON))
1875   1          ScalerColorHLWBRICTSAdjust(_BRI_CON_B_ON_INSIDE_WINDOW, _DB_APPLY_NO_POLLING);
1876   1      #endif
1877   1      
1878   1      #if(_DCC_FUNCTION == _ON)
1879   1          ScalerColorHLWDCCAdjust(_HLW_INSIDE_WINDOW, _DB_APPLY_NO_POLLING);
1880   1      #endif
1881   1      
1882   1      #if(_GAMMA_FUNCTION == _ON)
1883   1          ScalerColorHLWOutputGammaAdjust(_HLW_INSIDE_WINDOW, _DB_APPLY_NO_POLLING);
1884   1      #endif
1885   1      
1886   1      #if(_GLOBAL_HUE_SATURATION == _ON)
1887   1          ScalerColorHLWSRGBAdjust(_HLW_INSIDE_WINDOW, _DB_APPLY_NO_POLLING);
1888   1      #endif
1889   1      
1890   1      #if(_IAPS_SUPPORT == _ON)
                  ScalerColorHLWIAPSGainAdjust(_HLW_INSIDE_WINDOW, _DB_APPLY_NO_POLLING);
              #endif
1893   1      
1894   1      #if(_ICM_SUPPORT == _ON)
                  ScalerColorHLWICMAdjust(_HLW_INSIDE_WINDOW, _DB_APPLY_NO_POLLING);
              #endif
1897   1      
1898   1      #if((_DCR_SUPPORT == _ON) || (_IAPS_SUPPORT == _ON))
1899   1          ScalerColorHLWDCRAdjust(_HLW_INSIDE_WINDOW, _DB_APPLY_NO_POLLING);
1900   1      #endif
1901   1      
1902   1      #if(_ULTRA_VIVID_SUPPORT == _ON)
                  ScalerColorHLWUltraVividAdjust(_HLW_INSIDE_WINDOW, _DB_APPLY_NO_POLLING);
              #endif
1905   1      
C51 COMPILER V8.12   RTD2014USERADJUST                                                     09/16/2026 20:28:58 PAGE 33  

1906   1      #if(_YPEAKING_SUPPORT == _ON)
                  ScalerColorHLWYpeakingAdjust(_HLW_INSIDE_WINDOW, _DB_APPLY_NO_POLLING);
              #endif
1909   1      
1910   1      #if(_UNIFORMITY_SUPPORT == _ON)
                  ScalerColorHLWPanelUniformityAdjust(_HLW_INSIDE_WINDOW, _DB_APPLY_NO_POLLING);
              #endif
1913   1      
1914   1      #if(_PCM_FUNCTION == _ON)
1915   1          ScalerColorHLWPCMAdjust(_HLW_INSIDE_WINDOW, _DB_APPLY_NO_POLLING);
1916   1      #endif
1917   1      
1918   1      #if(_RGB_3D_GAMMA == _ON)
                  ScalerColorHLWRGB3DGammaAdjust(_HLW_INSIDE_WINDOW, _DB_APPLY_NO_POLLING);
              #endif
1921   1      }
1922          #endif // End of #if(_HIGHLIGHT_WINDOW_SUPPORT == _ON)
1923          
1924          #if(_FREESYNC_OD_MEASURE == _ON)
              //--------------------------------------------------
              // Description  : Set FREESYNC OD Measure
              // Input Value  : Current DHtotal(pixel)/ Current Dclk(kHz)/ Target Measure VFreq(0.1Hz)
              // Output Value : None
              //--------------------------------------------------
              void UserAdjustFREESYNCODMeasure(void)
              {
                  // Set Backlight
                  UserAdjustBacklight(100);
              
                  // Enable Backlight
                  UserCommonInterfacePanelPowerAction(_BACKLIGHT_ON);
              
                  // Disable OSD
                  ScalerOsdDisableOsd();
              
                  // Disable D-domain Pattern Gen.
                  ScalerDDomainPatternGenEnable(_DISABLE);
              
                  // According FREESYNC setting to set accurate Htotal/ Dclk
                  ScalerMDomainFREESYNCODSetDisplayFormat(((WORD)_PANEL_DH_TOTAL), ((DWORD)_PANEL_PIXEL_CLOCK_MAX_KHZ), 
             -((WORD)_PANEL_FREESYNC_MIN_FRAME_RATE));
              
                  while(_TRUE)
                  {
                      ScalerDebug();
                      ScalerDDomainFREESYNCODSetBackgroundGrayLevel();
                  }
              }
              #endif
1954          
1955          
1956          #if(_IR_SUPPORT == _IR_HW_SUPPORT)
1957          //--------------------------------------------------
1958          // Description  : Set IR Table
1959          // Input Value  : None
1960          // Output Value : None
1961          //--------------------------------------------------
1962          void UserAdjusIR(void)
1963          {
1964   1          ScalerIRHWModeDecoder(tIR_INITIAL_TABLE, GET_CURRENT_BANK_NUMBER());
1965   1      }
1966          #endif // End of #if(_IR_SUPPORT == _IR_HW_SUPPORT)
C51 COMPILER V8.12   RTD2014USERADJUST                                                     09/16/2026 20:28:58 PAGE 34  

1967          
1968          #if(_DP_EMBEDDED_SWITCH_SUPPORT_TYPE == _DP_EMBEDDED_SWITCH_2_DP)
              //--------------------------------------------------
              // Description  : Set embedded DP switch status
              // Input Value  : None
              // Output Value : None
              //--------------------------------------------------
              void UserAdjustEmbeddedDpSwitch(void)
              {
              #if(_D0_INPUT_PORT_TYPE == _D0_DP_PORT)
                  if(ScalerSyncDpCableStatus(_D0_INPUT_PORT) == _TRUE)
                  {
                      if(GET_DP_EMBEDDED_SWITCH_SELECT() != _D0_INPUT_PORT)
                      {
                          SysSourceEmbeddedDpSwitch(_D0_INPUT_PORT);
                      }
                      return;
                  }
              #endif
              
              #if(_D1_INPUT_PORT_TYPE == _D1_DP_PORT)
                  if(ScalerSyncDpCableStatus(_D1_INPUT_PORT) == _TRUE)
                  {
                      if(GET_DP_EMBEDDED_SWITCH_SELECT() != _D1_INPUT_PORT)
                      {
                          SysSourceEmbeddedDpSwitch(_D1_INPUT_PORT);
                      }
                      return;
                  }
              #endif
              
              #if(_D2_INPUT_PORT_TYPE == _D2_DP_PORT)
                  if(ScalerSyncDpCableStatus(_D2_INPUT_PORT) == _TRUE)
                  {
                      if(GET_DP_EMBEDDED_SWITCH_SELECT() != _D2_INPUT_PORT)
                      {
                          SysSourceEmbeddedDpSwitch(_D2_INPUT_PORT);
                      }
                      return;
                  }
              #endif
              }
              #endif
2010          
2011          #if(_PIXEL_SHIFT_SUPPORT == _ON)
              //--------------------------------------------------
              // Description  : Pixel orbiting step as following
              //  -2->
              // ^    |
              // |    3
              // 1    |
              // |    v
              // < -0- <-7-
              //      |     |
              //      4     6
              //      |     |
              //      v -5->
              // Input Value  :
              // Output Value :
              //--------------------------------------------------
              void UserAdjustPixelShifting(void)
              {
C51 COMPILER V8.12   RTD2014USERADJUST                                                     09/16/2026 20:28:58 PAGE 35  

              #if(_PIXEL_SHIFT_MODE == _PIXEL_SHIFT_IN_IDOMAIN)
                  BYTE ucPixelShift = 0;
              
                  WORD usVdelay = 0;
                  WORD usHdelay = 0;
                  BYTE ucVstep = 2;
                  BYTE ucHstep = 2;
              
              #if(_FORMAT_CONVERSION_SUPPORT == _ON)
                  if(ScalerFmtCnvFtoPGetStatus() == _TRUE)
                  {
                      ucVstep = (ucVstep + 1) & 0xFE;
                  }
              #endif
              
                  ScalerGlobalWatchDog(_DISABLE);
              
              #if(_VGA_SUPPORT == _ON)
                  if(SysSourceGetSourceType() == _SOURCE_VGA)
                  {
                      usHdelay = ScalerVgaTopGetCaptureHDelay();
                      usVdelay = ScalerVgaTopGetCaptureVDelay();
                  }
                  else
              #endif
                  {
                      usHdelay = ScalerVgipGetCaptureHDelay();
                      usVdelay = ScalerVgipGetCaptureVDelay();
                  }
              
                  for(ucPixelShift = 0; ucPixelShift < 8; ucPixelShift++)
                  {
                      ScalerTimerDelayXms(200);
              
                      switch(ucPixelShift)
                      {
                          case 0: // _PIXEL0_TURN_LEFT:
                          case 7: // _PIXEL1_TURN_LEFT:
                              usHdelay += ucHstep;
                              break;
              
                          case 2: // _PIXEL0_TURN_RIGHT:
                          case 5: // _PIXEL1_TURN_RIGHT:
                              if(usHdelay >= ucHstep)
                              {
                                  usHdelay -= ucHstep;
                              }
                              else
                              {
                                  usHdelay = 0;
                              }
                              break;
              
                          case 1: // _PIXEL0_TURN_UP:
                          case 6: // _PIXEL1_TURN_UP:
                              usVdelay += ucVstep;
                              break;
              
                          case 3: // _PIXEL0_TURN_DOWN:
                          case 4: // _PIXEL1_TURN_DOWN:
                              if(usVdelay >= ucVstep)
                              {
C51 COMPILER V8.12   RTD2014USERADJUST                                                     09/16/2026 20:28:58 PAGE 36  

                                  usVdelay -= ucVstep;
                              }
                              else
                              {
                                  usVdelay = 0;
                              }
                              break;
              
                          default:
                              break;
                      }
              
              #if(_VGA_SUPPORT == _ON)
                      if(SysSourceGetSourceType() == _SOURCE_VGA)
                      {
                          ScalerVgaTopSetCaptureHDelay(usHdelay);
                          ScalerVgaTopSetCaptureVDelay(usVdelay);
                          ScalerVgaTopDoubleBufferApply();
                      }
                      else
              #endif
                      {
                          ScalerVgipSetCaptureHDelay(usHdelay);
                          ScalerVgipSetCaptureVDelay(usVdelay);
                          ScalerGlobalIDomainDBApply(_DB_APPLY_POLLING);
                      }
                  }
              
                  ScalerTimerWaitForEvent(_EVENT_IVS);
                  ScalerGlobalWatchDog(_ENABLE);
              
              #endif
              
              #if(_PIXEL_SHIFT_MODE == _PIXEL_SHIFT_IN_MDOMAIN)
                  BYTE ucPixelShift = 0;
                  WORD usDHstart = ScalerMDomainGetDisplayTimingGenActiveRegionHStart();
                  WORD usDHend = ScalerMDomainGetDisplayTimingGenActiveRegionHEnd();
                  WORD usDVstart = ScalerMDomainGetDisplayTimingGenActiveRegionVStart();
                  WORD usDVend = ScalerMDomainGetDisplayTimingGenActiveRegionVEnd();
                  WORD usDVBGstart = GET_MDOMAIN_OUTPUT_VBSTART();
                  WORD usDVBGend = GET_MDOMAIN_OUTPUT_VBSTART() + GET_MDOMAIN_OUTPUT_VBHEIGHT();
                  WORD usDisplayHstart = usDHstart;
                  WORD usDisplayVstart = usDVstart;
              
                  // usDVBGstart/usDVBGend
                  ScalerMDomainSetDisplayTimingGenBackgroundVStart(HIBYTE(usDVBGstart), LOBYTE(usDVBGstart), _DB_APPLY_N
             -ONE);
                  ScalerMDomainSetDisplayTimingGenBackgroundVEnd(HIBYTE(usDVBGend), LOBYTE(usDVBGend), _DB_APPLY_NO_POLL
             -ING);
              
                  // capture H start/end
                  ScalerMDomainSetCaptureWindowHStart(HIBYTE(usDHstart), LOBYTE(usDHstart));
                  ScalerMDomainSetCaptureWindowHEnd(HIBYTE(usDHend), LOBYTE(usDHend));
                  // capture V start/end
                  ScalerMDomainSetCaptureWindowVStart(HIBYTE(usDVstart), LOBYTE(usDVstart));
                  ScalerMDomainSetCaptureWindowVEnd(HIBYTE(usDVend), LOBYTE(usDVend));
              
                  ScalerMDomainSetCaptureWindowEnable(_ENABLE);
              
                  for(ucPixelShift = 0; ucPixelShift < 8; ucPixelShift++)
                  {
                      ScalerTimerDelayXms(200);
C51 COMPILER V8.12   RTD2014USERADJUST                                                     09/16/2026 20:28:58 PAGE 37  

                      switch(ucPixelShift)
                      {
                          // H <-
                          case 0: // _PIXEL0_TURN_LEFT:
                              usDHend -= 1;
                              usDisplayHstart -= 1;
                              break;
              
                          // V ^
                          case 1: // _PIXEL0_TURN_UP:
                              usDVstart += 1;
                              usDVBGstart += 1;
                              usDVBGend += 1;
                              break;
              
                          // H ->
                          case 2: // _PIXEL0_TURN_RIGHT:
                              usDHend += 1;
                              usDisplayHstart += 1;
                              break;
              
                          // V v
                          case 3: // _PIXEL0_TURN_DOWN:
                              usDVstart -= 1;
                              usDVBGstart -= 1;
                              usDVBGend -= 1;
                              break;
              
                          // V v
                          case 4: // _PIXEL1_TURN_DOWN:
                              usDisplayVstart += 1;
                              usDVstart += 1;
                              break;
              
                          // H ->
                          case 5: // _PIXEL1_TURN_RIGHT:
                              usDisplayHstart += 1;
                              usDHstart += 1;
                              break;
              
                          // V ^
                          case 6: // _PIXEL1_TURN_UP:
                              usDisplayVstart -= 1;
                              usDVstart -= 1;
                              break;
              
                          // H <-
                          case 7: // _PIXEL1_TURN_LEFT:
                              usDisplayHstart -= 1;
                              usDHstart -= 1;
                              break;
              
                          default:
                              break;
                      }
              
                      switch(ucPixelShift)
                      {
                          case 0: // _PIXEL0_TURN_LEFT:
                          case 2: // _PIXEL0_TURN_RIGHT:
                          case 5: // _PIXEL1_TURN_RIGHT:
                          case 7: // _PIXEL1_TURN_LEFT:
C51 COMPILER V8.12   RTD2014USERADJUST                                                     09/16/2026 20:28:58 PAGE 38  

                              // Display H active start setting
                              ScalerMDomainSetDisplayTimingGenActiveRegionHStart(HIBYTE(usDisplayHstart), LOBYTE(usDispl
             -ayHstart), _DB_APPLY_POLLING);
                              // Capture window H start setting
                              ScalerMDomainSetCaptureWindowHStart(HIBYTE(usDHstart), LOBYTE(usDHstart));
                              // Capture window H end setting
                              ScalerMDomainSetCaptureWindowHEnd(HIBYTE(usDHend), LOBYTE(usDHend));
              
                              break;
              
                          case 1: // _PIXEL0_TURN_UP:
                          case 3: // _PIXEL0_TURN_DOWN:
                          case 4: // _PIXEL1_TURN_DOWN:
                          case 6: // _PIXEL1_TURN_UP:
                              // Display V active start setting
                              ScalerMDomainSetDisplayTimingGenActiveRegionVStart(HIBYTE(usDisplayVstart), LOBYTE(usDispl
             -ayVstart), _DB_APPLY_POLLING);
                              // Capture window V start setting
                              ScalerMDomainSetCaptureWindowVStart(HIBYTE(usDVstart), LOBYTE(usDVstart));
                              // Display V background start setting
                              ScalerMDomainSetDisplayTimingGenBackgroundVStart(HIBYTE(usDVBGstart), LOBYTE(usDVBGstart),
             - _DB_APPLY_POLLING);
                              // Display V background end setting
                              ScalerMDomainSetDisplayTimingGenBackgroundVEnd(HIBYTE(usDVBGend), LOBYTE(usDVBGend), _DB_A
             -PPLY_POLLING);
                              break;
              
                          default:
                              break;
                      }
                  }
              
                  ScalerTimerWaitForEvent(_EVENT_DEN_STOP);
                  ScalerTimerWaitForEvent(_EVENT_DEN_STOP);
                  ScalerMDomainSetCaptureWindowEnable(_DISABLE);
              #endif
              }
              #endif
2247          
2248          #if(_SDR_TO_HDR_SUPPORT == _ON)
              //--------------------------------------------------
              // Description  : Set SDRToHDR parameter
              // Input Value  : Adjust Option
              // Output Value : None
              //--------------------------------------------------
              void UserAdjustSDRToHDR(bit bOn)
              {
                  if(bOn == _ON)
                  {
              #if(_CONTRAST_SUPPORT == _ON)
                      ScalerColorContrastEnable(_FUNCTION_OFF);
              #endif
                      UserCommonAdjustSDRToHDR(tSDRTOHDR_INPUTGAMMA, tSDRTOHDR_ICM, tSDRTOHDR_DCC, GET_CURRENT_BANK_NUMB
             -ER());
                  }
                  else
                  {
                      UserAdjustColorEffectMode();
                      OsdFuncColorPcmAdjust();
                  }
              }
              #endif // End of #if(_SDR_TO_HDR_SUPPORT == _ON)
C51 COMPILER V8.12   RTD2014USERADJUST                                                     09/16/2026 20:28:58 PAGE 39  

2270          
2271          #if(_DCR_SUPPORT == _ON)
2272          #if(_LD_TUNNEL_DETECT_SUPPORT == _ON)
              //--------------------------------------------------
              // Description  : User Adjust DCR initial
              // Input Value  : None
              // Output Value : None
              //--------------------------------------------------
              void UserAdjustDCRTHD(void)
              {
                  // Adjust DCR Threshold & Source
              #if(_DCR_BIT_MODE == _DCR_GEN_1_0_10BIT)
                  ScalerColorDCRAdjust(_DCR_THESHOLD1, _DCR_THESHOLD2, _MEASURE_AVERAGE);
              #elif((_DCR_BIT_MODE == _DCR_GEN_0_0_8BIT) || (_DCR_BIT_MODE == _DCR_GEN_0_1_8BIT))
                  ScalerColorDCRAdjust((_DCR_THESHOLD1 >> 2), (_DCR_THESHOLD2 >> 2), _MEASURE_AVERAGE);
              #endif
              }
              #endif // End of #if(_LD_TUNNEL_DETECT_SUPPORT == _ON)
2288          #endif // End of #if(_DCR_SUPPORT == _ON)
2289          
2290          #if(_DP_TYPE_C_PORT_CTRL_SUPPORT == _ON)
              #if((_PORT_CONTROLLER_RTS5400_SERIES_SUPPORT == _ON) || (_PORT_CONTROLLER_USERDECITION_SUPPORT == _ON))
              #if(_TWO_CHIP_DATA_EXCHANGE_MODE == _DATA_EXCHANGE_MODE_NONE)
              //--------------------------------------------------
              // Description  : User Control Type-C Port Controller Power
              // Input Value  : ucSwitch --> Power Action
              // Output Value : None
              //--------------------------------------------------
              void UserAjustTypeCPowerControl(EnumPowerAction enumSwitch)
              {
                  switch(enumSwitch)
                  {
                      case _POWER_ACTION_AC_ON_TO_NORMAL:
              
                          //Switch On Port Controller Power By PCB Control
                          PCB_PORT_CTRL_POW_RTD_USER(_PORT_CTRL_POWER_ON);
                          CLR_TYPE_C_PORT_CTRL_POWER_OFF_FLG();
              
                          break;
              
                      case _POWER_ACTION_PS_TO_NORMAL:
                      case _POWER_ACTION_OFF_TO_NORMAL:
              
                          if(GET_PCB_PORT_CTRL_POW_STATUS_RTD_USER() == _PORT_CTRL_POWER_OFF)
                          {
                              // Switch On Port Conroller Power By PCB Control
                              PCB_PORT_CTRL_POW_RTD_USER(_PORT_CTRL_POWER_ON);
                          }
              
                          break;
              
                      case _POWER_ACTION_AC_ON_TO_OFF:
                      case _POWER_ACTION_NORMAL_TO_OFF:
                      case _POWER_ACTION_PS_TO_OFF:
                      case _POWER_ACTION_NORMAL_TO_PS:
              
              #if((_D0_INPUT_PORT_TYPE != _D0_NO_PORT) && ((_D0_DP_TYPE_C_PORT_CTRL_TYPE == _PORT_CONTROLLER_RTS5400_SER
             -IES) || (_D0_DP_TYPE_C_PORT_CTRL_TYPE == _PORT_CONTROLLER_USER )))
                          if(SysSourceGetCableDetect(_D0_INPUT_PORT) == _FALSE)
              #elif((_D1_INPUT_PORT_TYPE != _D1_NO_PORT) && ((_D1_DP_TYPE_C_PORT_CTRL_TYPE == _PORT_CONTROLLER_RTS5400_S
             -ERIES) || (_D1_DP_TYPE_C_PORT_CTRL_TYPE == _PORT_CONTROLLER_USER )))
                          if(SysSourceGetCableDetect(_D1_INPUT_PORT) == _FALSE)
C51 COMPILER V8.12   RTD2014USERADJUST                                                     09/16/2026 20:28:58 PAGE 40  

              #elif((_D6_INPUT_PORT_TYPE != _D6_NO_PORT) && ((_D6_DP_TYPE_C_PORT_CTRL_TYPE == _PORT_CONTROLLER_RTS5400_S
             -ERIES) || (_D6_DP_TYPE_C_PORT_CTRL_TYPE == _PORT_CONTROLLER_USER )))
                          if(SysSourceGetCableDetect(_D6_INPUT_PORT) == _FALSE)
              #endif
                          {
                              // Switch Off Repeater Power By PCB Control
                              PCB_PORT_CTRL_POW_RTD_USER(_PORT_CTRL_POWER_OFF);
                              SET_TYPE_C_PORT_CTRL_POWER_OFF_FLG();
                          }
                          else
                          {
                              CLR_TYPE_C_PORT_CTRL_POWER_OFF_FLG();
                          }
              
                          break;
              
                      default:
              
                          break;
                  }
              }
              #endif // End of #if(_TWO_CHIP_DATA_EXCHANGE_MODE == _DATA_EXCHANGE_MODE_NONE)
              #endif // End of #if((_PORT_CONTROLLER_RTS5400_SERIES_SUPPORT == _ON) || (_PORT_CONTROLLER_USERDECITION_SU
             -PPORT == _ON))
              #endif // End of #if(_DP_TYPE_C_PORT_CTRL_SUPPORT == _ON)
2353          
2354          #if((_EMBEDDED_EDID_SUPPORT == _ON) && (_DP_HDR10_SUPPORT == _ON) && (_DP_SUPPORT == _ON))
2355          //--------------------------------------------------
2356          // Description  : Switch Dp Version to 1.4, if HDR On
2357          // Input Value  : None
2358          // Output Value : None
2359          //--------------------------------------------------
2360          void UserAdjustHdrCheckDpVersion(WORD usHdrMode)
2361          {
2362   1          // Switch Dp Version to 1.3, if HDR Function Support
2363   1          if(usHdrMode != _HDR10_MODE_OFF)
2364   1          {
2365   2      #if(_D0_INPUT_PORT_TYPE == _D0_DP_PORT)
2366   2              if(GET_OSD_DP_D0_VERSION() <= _DP_VER_1_DOT_2)
2367   2              {
2368   3                  SET_OSD_DP_D0_VERSION(_DP_VER_1_DOT_3);
2369   3      
2370   3                  SET_OSD_EVENT_MESSAGE(_OSDEVENT_SAVE_NVRAM_OSDUSERDATA_MSG);
2371   3      
2372   3                  UserCommonInterfaceDpVersionSwitch(_D0_INPUT_PORT, UserInterfaceGetDPVersion(_D0_INPUT_PORT), 
             -UserInterfaceGetDpMSTCapablePort());
2373   3              }
2374   2      #endif
2375   2      
2376   2      #if(_D1_INPUT_PORT_TYPE == _D1_DP_PORT)
                      if(GET_OSD_DP_D1_VERSION() <= _DP_VER_1_DOT_2)
                      {
                          SET_OSD_DP_D1_VERSION(_DP_VER_1_DOT_3);
              
                          SET_OSD_EVENT_MESSAGE(_OSDEVENT_SAVE_NVRAM_OSDUSERDATA_MSG);
              
                          UserCommonInterfaceDpVersionSwitch(_D1_INPUT_PORT, UserInterfaceGetDPVersion(_D1_INPUT_PORT), 
             -UserInterfaceGetDpMSTCapablePort());
                      }
              #endif
2386   2      
2387   2      #if(_D2_INPUT_PORT_TYPE == _D2_DP_PORT)
C51 COMPILER V8.12   RTD2014USERADJUST                                                     09/16/2026 20:28:58 PAGE 41  

                      if(GET_OSD_DP_D2_VERSION() <= _DP_VER_1_DOT_2)
                      {
                          SET_OSD_DP_D2_VERSION(_DP_VER_1_DOT_3);
              
                          SET_OSD_EVENT_MESSAGE(_OSDEVENT_SAVE_NVRAM_OSDUSERDATA_MSG);
              
                          UserCommonInterfaceDpVersionSwitch(_D2_INPUT_PORT, UserInterfaceGetDPVersion(_D2_INPUT_PORT), 
             -UserInterfaceGetDpMSTCapablePort());
                      }
              #endif
2397   2          }
2398   1      }
2399          #endif // End of #if((_EMBEDDED_EDID_SUPPORT == _ON) && (_DP_HDR10_SUPPORT == _ON) && (_DP_SUPPORT == _ON)
             -)
2400          
2401          #if(_DP_SUPPORT == _ON)
2402          //--------------------------------------------------
2403          // Description  : DP Version Force Update
2404          // Input Value  : enumInputPort, bEnable, enumDpVersionType
2405          // Output Value : None
2406          //--------------------------------------------------
2407          void UserAdjustDpVersionForceUpdate(BYTE ucInputPort, bit bEnable, EnumDpVersionType enumDpVersionType)
2408          {
2409   1          EnumOSDDpPortVersionDef enumOSDDpPortVersionDef = enumDpVersionType - 0x11;
2410   1      
2411   1          switch(ucInputPort)
2412   1          {
2413   2      #if(_D0_INPUT_PORT_TYPE == _D0_DP_PORT)
2414   2              case _D0_INPUT_PORT:
2415   2      
2416   2                  if((GET_OSD_DP_D0_VERSION() < enumOSDDpPortVersionDef) && (bEnable == _ENABLE))
2417   2                  {
2418   3                      SET_OSD_DP_D0_VERSION(enumOSDDpPortVersionDef);
2419   3      
2420   3                      UserCommonInterfaceDpVersionSwitch(_D0_INPUT_PORT, UserInterfaceGetDPVersion(_D0_INPUT_POR
             -T), UserCommonInterfaceGetDpMstCapablePort());
2421   3                  }
2422   2      
2423   2                  break;
2424   2      #endif
2425   2      
2426   2      #if(_D1_INPUT_PORT_TYPE == _D1_DP_PORT)
                      case _D1_INPUT_PORT:
              
                          if((GET_OSD_DP_D1_VERSION() < enumOSDDpPortVersionDef) && (bEnable == _ENABLE))
                          {
                              SET_OSD_DP_D1_VERSION(enumOSDDpPortVersionDef);
              
                              UserCommonInterfaceDpVersionSwitch(_D1_INPUT_PORT, UserInterfaceGetDPVersion(_D1_INPUT_POR
             -T), UserCommonInterfaceGetDpMstCapablePort());
                          }
              
                          break;
              #endif
2438   2      
2439   2      #if(_D2_INPUT_PORT_TYPE == _D2_DP_PORT)
                      case _D2_INPUT_PORT:
              
                          if((GET_OSD_DP_D2_VERSION() < enumOSDDpPortVersionDef) && (bEnable == _ENABLE))
                          {
                              SET_OSD_DP_D2_VERSION(enumOSDDpPortVersionDef);
              
C51 COMPILER V8.12   RTD2014USERADJUST                                                     09/16/2026 20:28:58 PAGE 42  

                              UserCommonInterfaceDpVersionSwitch(_D2_INPUT_PORT, UserInterfaceGetDPVersion(_D2_INPUT_POR
             -T), UserCommonInterfaceGetDpMstCapablePort());
                          }
              
                          break;
              #endif
2451   2      
2452   2              default:
2453   2                  break;
2454   2          }
2455   1      }
2456          #endif // End of #if(_DP_SUPPORT == _ON)
2457          
2458          #if(_HDMI_SUPPORT == _ON)
2459          //--------------------------------------------------
2460          // Description  : Get Ext HDMI EDID Index
2461          // Input Value  : enumInputPort
2462          // Output Value : Edid Index Enum
2463          //--------------------------------------------------
2464          EnumEdidSelection UserAdjustGetHdmiExternalEdidIndex(BYTE ucInputPort)
2465          {
2466   1          EnumEdidSelection enumEdidIndex = _EDID_INDEX_0;
2467   1      
2468   1          ucInputPort = ucInputPort;
2469   1      
2470   1      #if((_EDID_EXTERNAL_EEPROM_MAX_SIZE != _EDID_SIZE_NONE) && ((_HDMI_FREESYNC_SUPPORT == _ON) || (_HDMI21_VR
             -R_SUPPORT == _ON) || (_HDMI21_FVA_SUPPORT == _ON)))
              
              #if(_HDMI_MULTI_EDID_SUPPORT == _ON)
              
              #if(_HDMI_FREESYNC_SUPPORT == _ON)
                  if((GET_OSD_FREE_SYNC_STATUS() == _ON))
                  {
                      enumEdidIndex += ((_HDMI_HDR10_SUPPORT == _ON) ? 0x02 : 0x01);
                  }
              #endif
              
              #if(_HDMI_HDR10_SUPPORT == _ON)
                  if((UserInterfaceHDRGetHDR10ModeStatus(ucInputPort) != _HDR10_MODE_OFF))
                  {
                      enumEdidIndex ++;
                  }
              #endif
              
              #endif
              
              #endif
2491   1      
2492   1          return enumEdidIndex;
2493   1      }
2494          #endif
2495          #if(_DYNAMIC_COLOR_AUTO_MEASURE == _ON)
              #if 0
              #define _DIGITAL_H_DIALPOINT_OFFSET       3// for Font Map H shift 3 pixel
              #define _DIGITAL_V_DIALPOINT_OFFSET       0
              //11*7
              #define _ANALOG_H_DIALPOINT_OFFSET        4
              #define _ANALOG_V_DIALPOINT_OFFSET        0
              
              #define _OSD_SPOT_WIDTH                            132//(11 font*12 = 132)
              #define _OSD_SPOT_HEIGHT                           126
              
C51 COMPILER V8.12   RTD2014USERADJUST                                                     09/16/2026 20:28:58 PAGE 43  

              void OsdMenuDiaPointNFrameCounter(void)
              {
                  BYTE ucLoop = 0;
                  WORD usHCenter = 0x0000;
                  WORD usVCenter = 0x0000;
              
              #if 1//(_DIALPOINT_SUPPORT == _ON)
                  if((GET_OSD_DIAL_POINT_STYLE() != _DIAPOINT_STYLE_OFF)/*||(GET_OSD_FRAME_COUNTER() != _FRAME_COUNTER_O
             -FF)*/)
              #else
                  if(GET_OSD_FRAME_COUNTER() != _FRAME_COUNTER_OFF)
              #endif
                  {
                      ScalerOsdDisableOsd();
                      ScalerOsd2FontFunction(_ENABLE);
              
                     // ScalerTimerCancelTimerEvent(_USER_TIMER_EVENT_FRAME_COUNTER);
                      SET_OSD_STATE(_MENU_NONE);
              #if 1//(_OSD_DOUBLE_SIZE == _ON)
                      SET_OSD_DOUBLE_SIZE(_OFF);
                      ScalerOsdDoubleFunction(_OSD_DOUBLE_WIDTH_DISABLE,_OSD_DOUBLE_HEIGHT_DISABLE);
              #endif
              
                      ScalerOsdWindowDisable(_OSD_WINDOW_ALL);
                      // Adjust Color Palette
                      ScalerOsdSetTransparencyType(_OSD_TRANSPARENCY_ALL);
                              OsdPaletteSelectPalette(_PALETTE_HOT_DIALPOINT);
                              ScalerOsdSetTransparency(GET_OSD_TRANSPARENCY_STATUS());
                      // Load Font & Icon
                      ScalerOsd2BitFontOffset(0);
                      ScalerOsd4BitFontOffset(0);
                      //load font
                      g_ucFontPointer0 = _OSD_PAGE_0_START;
                      g_ucFontPointer1 = _OSD_PAGE_1_START;
              
                      //draw OSD Frame
                    //  OsdFuncApplyMapSetting(_OSD_MAP4);
              #if(_DIALPOINT_SUPPORT == _ON)
                      if(GET_OSD_DIAL_POINT_STYLE() != _DIAPOINT_STYLE_OFF)
                      {
                         // OsdLoadVLCTable(_FONT_AGON_SPOT);// put here, character command no need rotate, but P3A_0B_F
             -RAME_CTRL_0B[0] will _DISABLE when put below
              #if(_DYNAMIC_COLOR_AUTO_MEASURE == _ON)
                          g_stOsdInfo.b1DynamicDiapointStatus = _TRUE;
                          ScalerOsdSetColorPalette(2,0xd1,0x05,0x00);//default diapoint color
              #endif
                      }
              #endif
                     // OsdLoadVLCTable(_FONT_AGON_DIAPOINT_FRAME_COUNTER);
              
              
                      ScalerOsdPosition(_OSD_POSITION_GLOBAL_A,  0,  0);
                      ScalerOsdPosition(_OSD_POSITION_GLOBAL_B,  0,  0);
                      if(SysSourceGetSourceType() == _SOURCE_VGA)
                      {
                          usHCenter = GET_MDOMAIN_OUTPUT_HSTART()-GET_MDOMAIN_OUTPUT_HBSTART()+(GET_MDOMAIN_OUTPUT_HWIDT
             -H()/2)-(_OSD_SPOT_WIDTH/2)+_ANALOG_H_DIALPOINT_OFFSET;
                          usVCenter = GET_MDOMAIN_OUTPUT_VSTART()-GET_MDOMAIN_OUTPUT_VBSTART()+(GET_MDOMAIN_OUTPUT_VHEIG
             -HT()/2)-(_OSD_SPOT_HEIGHT/2)+_ANALOG_V_DIALPOINT_OFFSET;//_PANEL_DV_HEIGHT/2)-(_OSD_DIALPOINT_VHEIGHT/2);
                      }
                      else
                      {
C51 COMPILER V8.12   RTD2014USERADJUST                                                     09/16/2026 20:28:58 PAGE 44  

                          usHCenter = GET_MDOMAIN_OUTPUT_HSTART()-GET_MDOMAIN_OUTPUT_HBSTART()+(GET_MDOMAIN_OUTPUT_HWIDT
             -H()/2)-(_OSD_SPOT_WIDTH/2)+_DIGITAL_H_DIALPOINT_OFFSET;
                          usVCenter = GET_MDOMAIN_OUTPUT_VSTART()-GET_MDOMAIN_OUTPUT_VBSTART()+(GET_MDOMAIN_OUTPUT_VHEIG
             -HT()/2)-(_OSD_SPOT_HEIGHT/2)+_DIGITAL_V_DIALPOINT_OFFSET;//_PANEL_DV_HEIGHT/2)-(_OSD_DIALPOINT_VHEIGHT/2);
                      }
              
                      ScalerOsdPosition(_OSD_POSITION_FONT_A, usHCenter, usVCenter);// for Font Map H shift 3 pixel
              
                   //   ScalerOsdPosition(_OSD_POSITION_FONT_A, ((_PANEL_DH_WIDTH/2)-(_OSD_SPOT_WIDTH/2))+3, ((_PANEL_DV
             -_HEIGHT/2)-(_OSD_SPOT_HEIGHT/2)));// for Font Map H shift 3 pixel
                      ScalerOsdPosition(_OSD_POSITION_FONT_B, 0, 0);//((_PANEL_DV_HEIGHT/2)-(_OSD_FRAME_COUNTER_HEIGHT*_
             -FONT_HEIGHT/2)));
              
                     /* if(GET_OSD_FRAME_COUNTER() != _FRAME_COUNTER_OFF)
                      {
                          OsdMenuFrameCounterUpdate();
              #if(_FREESYNC_SUPPORT == _ON)
                          if(ScalerSyncGetFREESYNCEnable() == _TRUE)
                          {
                              ScalerTimerActiveTimerEvent(SEC(0.2), _USER_TIMER_EVENT_FRAME_COUNTER);
                          }
              #endif
                      }*/
              
                      OsdFuncEnableOsd();
                  }
              }
              #endif
              //--------------------------------------------------
              // Description  : Measure Input data initial
              // Input Value  : None
              // Output Value : None
              //--------------------------------------------------
              #if 0//(_PANEL_RESOLUTION == _TYPE_FHD)
              #define _CROSSHAIR_WIDTH        12
              #else
              #define _CROSSHAIR_WIDTH        18
              #endif
              #define _CROSSHAIR_DHSTART      ((_PANEL_DH_WIDTH / 2) - (_CROSSHAIR_WIDTH / 2))
              #define _CROSSHAIR_DHEND        (_CROSSHAIR_DHSTART + (_CROSSHAIR_WIDTH - 1))
              #define _CROSSHAIR_DVSTART      ((_PANEL_DV_HEIGHT / 2) - (_CROSSHAIR_WIDTH / 2))
              #define _CROSSHAIR_DVEND        (_CROSSHAIR_DVSTART + (_CROSSHAIR_WIDTH - 1))
              void UserAdjustSmartCrosshairInit(void)
              {
                  if(GET_OSD_DIAL_POINT_STYLE() == _ON)
                  {
                      UserCommonAdjustColorSetDynamicColorInitialBoundary(_CROSSHAIR_DHSTART, _CROSSHAIR_DHEND, _CROSSHA
             -IR_DVSTART, _CROSSHAIR_DVEND);
                      UserCommonAdjustColorSetAutoMeasure(_AUTO_RED_CHANNEL);
                      g_stOsdInfo.ucDcrMeasureType = (_AUTO_RED_CHANNEL);
              
                      g_stOsdInfo.ucDcrMeasureR = g_stOsdInfo.ucDcrMeasureG = g_stOsdInfo.ucDcrMeasureB = 0;
                  }
              }
              //--------------------------------------------------
              // Description  :
              // Input Value  : None
              // Output Value : None
              //--------------------------------------------------
              BYTE UserAdjustCheckValue(SDWORD shValue)
              {
                  if(shValue < 0)
C51 COMPILER V8.12   RTD2014USERADJUST                                                     09/16/2026 20:28:58 PAGE 45  

                  {
                      return 0;
                  }
                  if(shValue > 255)
                  {
                      return 255;
                  }
                  return (BYTE)shValue;
              }
              //--------------------------------------------------
              // Description  : Measure Input data to change Pattle
              // Input Value  : None
              // Output Value : None
              //--------------------------------------------------
              BYTE UserAdjustRGBtoCT(BYTE ucRGB)
              {
              #if 1//reverse
                      return ~(ucRGB);
              #endif
              #if 0//convert to 8  RGB to Pattle R/G/B/C/Y/M + W/Black
                  if(ucRGB >= 128)
                  {
                      return 0x00;
                  }
                  return 0xFF;
              #endif
              #if 0//convert to 14  RGB to Pattle R/G/B/C/Y/M + W/Black +Orange/Chartreuse/Aquamarine/Azure/Voilet/Rose 
             -& Gray
                  if(ucRGB >= 192)
                  {
                      return 0x00;
                  }
                  else if(ucRGB <= 64)
                  {
                      return 0xFF;
                  }
                  return 0x80;
              #endif
              }
              
              //--------------------------------------------------
              // Description  : Measure Input data to change Pattle
              // Input Value  : None
              // Output Value : None
              //--------------------------------------------------
              #define MAXOF3(a, b, c)                         (MAXOF((MAXOF((a), (b))), (c)))
              void UserAdjustSmartCrosshairHandler(void)
              {
                  SDWORD shTemp = 0;
                  BYTE ucCtR=0xFF;
                  BYTE ucCtG=0xFF;
                  BYTE ucCtB=0xFF;
                  BYTE ucMRValue=128;
                  BYTE ucMGValue=128;
                  BYTE ucMBValue=128;
                  BYTE ucResult = 0;
                      static bit bInitial = _FALSE;
                  static BYTE setRGB = 0;
              
                  if(SysModeGetModeState() != _MODE_STATUS_ACTIVE)
                  {
                      bInitial = _FALSE;
C51 COMPILER V8.12   RTD2014USERADJUST                                                     09/16/2026 20:28:58 PAGE 46  

                              setRGB=0;
                      return;
                  }
                      //DebugMessageOsd("3.1UserAdjustSmartCrosshairHandler",GET_OSD_DIAL_POINT_STYLE());
                      //DebugMessageOsd("3.2UserAdjustSmartCrosshairHandler",g_stOsdInfo.b1DynamicDiapointStatus);
              
                  if((GET_OSD_DIAL_POINT_STYLE() == _ON) && (GET_OSD_STATE() == _HOT_KEY_LOS_TYPE1 || GET_OSD_STATE() ==
             - _HOT_KEY_LOS_TYPE2/* || GET_OSD_STATE() == _HOT_KEY_LOS_TYPE3 */) && (g_stOsdInfo.b1DynamicDiapointStatus == _TRUE))
                  {
              
                      if(bInitial == _FALSE)
                      {
                          bInitial = _TRUE;
                                      setRGB=0;
                          UserAdjustSmartCrosshairInit();
                      }
                              DebugMessageOsd("3.2UserAdjustSmartCrosshairHandler",UserCommonAdjustColorGetDynamicColorMeasureResult(&
             -ucResult, _NOT_WAIT));
              
                      if(UserCommonAdjustColorGetDynamicColorMeasureResult(&ucResult, _NOT_WAIT) == _TRUE)
                      {
                          if(g_stOsdInfo.ucDcrMeasureType == _AUTO_RED_CHANNEL)
                          {
                              g_stOsdInfo.ucDcrMeasureR = ucResult;
                              g_stOsdInfo.ucDcrMeasureType = (_AUTO_GREEN_CHANNEL);
                          }
                          else if(g_stOsdInfo.ucDcrMeasureType == _AUTO_GREEN_CHANNEL)
                          {
                              g_stOsdInfo.ucDcrMeasureG = ucResult;
                              g_stOsdInfo.ucDcrMeasureType = (_AUTO_BLUE_CHANNEL);
                          }
                          else if(g_stOsdInfo.ucDcrMeasureType== _AUTO_BLUE_CHANNEL)
                          {
                              g_stOsdInfo.ucDcrMeasureB = ucResult;
                              g_stOsdInfo.ucDcrMeasureType =(_AUTO_RED_CHANNEL);
                          }
                                      if(ScalerOsdGetOsdEnable()      != _TRUE && setRGB<=10)
                                      {
                                              setRGB++;
                                      }
              
                          DebugMessageOsd("9. g_stOsdInfo.ucDcrMeasureR", g_stOsdInfo.ucDcrMeasureR);
                          DebugMessageOsd("9. g_stOsdInfo.ucDcrMeasureG", g_stOsdInfo.ucDcrMeasureG);
                          DebugMessageOsd("9. g_stOsdInfo.ucDcrMeasureB", g_stOsdInfo.ucDcrMeasureB);
              
                          if(_COLOR_SPACE_RGB != ScalerColorGetColorSpace())
                          {
                              DebugMessageOsd("9. _COLOR_SPACE_YCBCR444", ScalerColorGetColorSpace());
                              shTemp = (((SDWORD)1164 * ((SDWORD)g_stOsdInfo.ucDcrMeasureG - 16) + (SDWORD)1793 * ((SDWO
             -RD)g_stOsdInfo.ucDcrMeasureR - 128)) / 1000);
                              ucMRValue = UserAdjustCheckValue(shTemp);
              
                              shTemp = (((SDWORD)1164 * ((SDWORD)g_stOsdInfo.ucDcrMeasureG - 16) - (SDWORD)213 * ((SDWOR
             -D)g_stOsdInfo.ucDcrMeasureB - 128) - (SDWORD)533 * ((SDWORD)g_stOsdInfo.ucDcrMeasureR - 128)) / 1000);
                              ucMGValue = UserAdjustCheckValue(shTemp);
              
                              shTemp = (((SDWORD)1164 * ((SDWORD)g_stOsdInfo.ucDcrMeasureG - 16) + (SDWORD)2112 * ((SDWO
             -RD)g_stOsdInfo.ucDcrMeasureB - 128)) / 1000);
                              ucMBValue = UserAdjustCheckValue(shTemp);
                          }
                          else
                          {
C51 COMPILER V8.12   RTD2014USERADJUST                                                     09/16/2026 20:28:58 PAGE 47  

                              DebugMessageOsd("9. _COLOR_SPACE_RGB", ScalerColorGetColorSpace());
                              ucMRValue = g_stOsdInfo.ucDcrMeasureR;
                              ucMGValue = g_stOsdInfo.ucDcrMeasureG;
                              ucMBValue = g_stOsdInfo.ucDcrMeasureB;
                          }
                          DebugMessageOsd("9.  cal R", ucMRValue);
                          DebugMessageOsd("9.  cal G", ucMGValue);
                          DebugMessageOsd("9.  cal B", ucMBValue);
              
                          //convert  RGB to Pattle
                          ucCtR = UserAdjustRGBtoCT(ucMRValue);
                          ucCtG = UserAdjustRGBtoCT(ucMGValue);
                          ucCtB = UserAdjustRGBtoCT(ucMBValue);
              
              
                          DebugMessageOsd("9.  ucCtR", ucCtR);
                          DebugMessageOsd("9.  ucCtG", ucCtG);
                          DebugMessageOsd("9.  ucCtB", ucCtB);
              
              #if 1//Robert Wang 20221227 from TPV , 5 color R/G/B/W/Black
                          if(ucCtR == (MAXOF3(ucCtR, ucCtG, ucCtB)) && ((ucCtR - MINOF(ucCtG, ucCtB)) > 40))
                          {
                              ucCtR = 255;
                              ucCtG = 0;
                              ucCtB = 0;
                          }
                          else if(ucCtG == (MAXOF3(ucCtR, ucCtG, ucCtB)) && ((ucCtG - MINOF(ucCtR, ucCtB)) > 40))
                          {
                              ucCtR = 0;
                              ucCtG = 255;
                              ucCtB = 0;
                          }
                          else if(ucCtB == (MAXOF3(ucCtR, ucCtG, ucCtB)) && ((ucCtB - MINOF(ucCtG, ucCtR)) > 40))
                          {
                              ucCtR = 0;
                              ucCtG = 0;
                              ucCtB = 255;
                          }
                                      /*
                          else if((((ucCtR + ucCtG +ucCtB)/3) >= 127) && (ucCtG > 200))
                          {
                              ucCtR = 255;
                              ucCtG = 255;
                              ucCtB = 255;
                          }
                          else
                          {
                              ucCtR = 0;
                              ucCtG = 0;
                              ucCtB = 0;
                          }
                          */
                          else if(((ucCtR + ucCtG +ucCtB)/3) < 127)
                          {
                              ucCtR = 0;
                              ucCtG = 0;
                              ucCtB = 0;
                          }
                          else
                          {
                              ucCtR = 255;
                              ucCtG = 255;
C51 COMPILER V8.12   RTD2014USERADJUST                                                     09/16/2026 20:28:58 PAGE 48  

                              ucCtB = 255;
                          }
              #endif
              
                          ScalerOsdSetColorPalette(_CP_RED, ucCtR, ucCtG, ucCtB);
                          DebugMessageOsd("9.  CT R", ucCtR);
                          DebugMessageOsd("9.  CT G", ucCtG);
                          DebugMessageOsd("9.  CT B", ucCtB);
              
                          UserCommonAdjustColorSetAutoMeasure(g_stOsdInfo.ucDcrMeasureType);
              
                      }
                              if(setRGB>4)
                                      OsdFuncEnableOsd();
                  }
              }
              
              #endif
2819          
2820          #endif//#if(_OSD_TYPE == _REALTEK_2014_OSD)


MODULE INFORMATION:   STATIC OVERLAYABLE
   CODE SIZE        =   1533    ----
   CONSTANT SIZE    =   3072    ----
   XDATA SIZE       =      8      36
   PDATA SIZE       =   ----    ----
   DATA SIZE        =   ----    ----
   IDATA SIZE       =   ----    ----
   BIT SIZE         =      1       1
END OF MODULE INFORMATION.


C51 COMPILATION COMPLETE.  0 WARNING(S),  0 ERROR(S)
