C51 COMPILER V9.60.0.0   RTD2014USERTYPECINTERFACE                                         09/18/2026 20:40:01 PAGE 1   


C51 COMPILER V9.60.0.0, COMPILATION OF MODULE RTD2014USERTYPECINTERFACE
OBJECT MODULE PLACED IN .\Output\RL6432_Project\RTD2014UserTypeCInterface.obj
COMPILER INVOKED BY: C:\Keil_v5\C51\BIN\C51.EXE User\RTD Series\RTD2014Function\Code\RTD2014UserTypeCInterface.c LARGE O
                    -PTIMIZE(9,SPEED) INCDIR(.\Output\RL6432;.\Project\Header;.\Pcb;.\Panel;.\Kernel\Device\Header;.\Kernel\Common;.\Kernel\S
                    -ystem\Header;.\Kernel\Scaler\ScalerFunction\Header;.\Kernel\Scaler\ScalerCommonFunction\Header;.\Kernel\Scaler\ScalerFun
                    -ction\Lib\Header;.\Kernel\Scaler\ScalerCommonFunction\Lib\Header;.\Kernel\Scaler\RL6432_Series_Scaler\Header;.\Kernel\Sc
                    -aler\RL6432_Series_Common\Header;.\Kernel\Scaler\RL6432_Series_Scaler\Lib\Header;.\Kernel\Scaler\RL6432_Series_Common\Li
                    -b\Header;.\Kernel\User Common Function\Header;.\User\RTD Series\RTD2014Function\Header;.\User\RTD Series\RTD2014Osd\Head
                    -er;.\User\RTD Factory\Header;.\User\None Series\NoneFunction\Header;.\User\None Series\NoneOsd\Header;.\User\None Factor
                    -y\Header) DEFINE(_PROJECT=_RL6432_PROJECT,_SCALER_TYPE=_RL6432_SERIES) DEBUG OBJECTEXTEND PRINT(.\Output\RL6432_Project\
                    -RTD2014UserTypeCInterface.lst) TABS(2) OBJECT(.\Output\RL6432_Project\RTD2014UserTypeCInterface.obj)

line level    source

   1          /********************************************************************************/
   2          /*   Copyright (c) 2021 Realtek Semiconductor Corp. All rights reserved.        */
   3          /*                                                                              */
   4          /*   SPDX-License-Identifier: LicenseRef-Realtek-Proprietary                    */
   5          /*                                                                              */
   6          /*   This software component is confidential and proprietary to Realtek         */
   7          /*   Semiconductor Corp. Disclosure, reproduction, redistribution, in whole     */
   8          /*   or in part, of this work and its derivatives without express permission    */
   9          /*   is prohibited.                                                             */
  10          /********************************************************************************/
  11          
  12          //----------------------------------------------------------------------------------------------------
  13          // ID Code      : RTD2014UserTypeCInterface.c No.0000
  14          // Update Note  :
  15          //----------------------------------------------------------------------------------------------------
  16          
  17          #define __USER_TYPECINTERFACE__
  18          
  19          #include "UserCommonInclude.h"
  20          
  21          #if(_OSD_TYPE == _REALTEK_2014_OSD)
  22          #if(_DP_TYPE_C_CONNECTOR_SUPPORT == _ON)
              
              //****************************************************************************
              // DEFINITIONS / MACROS
              //****************************************************************************
              //--------------------------------------------------
              // Definitions of Usb Hub Polling Par
              //--------------------------------------------------
              #define _USB_D0_HUB_POLLING_DEVICE_STEP         500 // Unit: ms
              #define _USB_D1_HUB_POLLING_DEVICE_STEP         500 // Unit: ms
              #define _USB_D2_HUB_POLLING_DEVICE_STEP         500 // Unit: ms
              #define _USB_D6_HUB_POLLING_DEVICE_STEP         500 // Unit: ms
              #define _USB_DX_HUB_POLLING_DEVICE_STEP         500 // Unit: ms
              
              //****************************************************************************
              // STRUCT / TYPE / ENUM DEFINITTIONS
              //****************************************************************************
              
              
              //****************************************************************************
              // CODE TABLES
              //****************************************************************************
              
              
              //****************************************************************************
              // VARIABLE DECLARATIONS
C51 COMPILER V9.60.0.0   RTD2014USERTYPECINTERFACE                                         09/18/2026 20:40:01 PAGE 2   

              //****************************************************************************
              #if(_DP_TYPE_C_PORT_CTRL_SUPPORT == _ON)
              #if(_TYPE_C_PORT_CTRL_MODAL_OPERATION_SUPPORT == _ON)
              #if(_TYPE_C_VENDOR_ALT_MODE == _TYPE_C_LENOVO_ALT_MODE)
              StructTypeCLenovoDockEventQueue g_stDockEventQueue;
              #endif
              #if(_TYPE_C_VENDOR_ALT_MODE == _TYPE_C_ACER_ALT_MODE)
              StructTypeCAcerUserEvent g_stUsbTypeCAcerUserEvent;
              #endif
              #if(_TYPE_C_VENDOR_ALT_MODE == _TYPE_C_HP_ALT_MODE)
              StructTypeCHpUserEvent g_stUsbTypeCHpUserEvent;
              #endif
              #if(_TYPE_C_VENDOR_ALT_MODE == _TYPE_C_DELL_ALT_MODE)
              StructTypeCDellUserEvent g_stUsbTypeCDellUserEvent;
              #endif
              #endif // End of #if(_TYPE_C_PORT_CTRL_MODAL_OPERATION_SUPPORT == _ON)
              #endif
              
              //****************************************************************************
              // FUNCTION DECLARATIONS
              //****************************************************************************
              EnumTypeCU3ModeType UserInterfaceTypeCGetOsdU3ModeSelection(BYTE ucInputPort);
              #if(_TYPE_C_PIN_ASSIGNMENT_E_SUPPORT_SWITCH_SUPPORT == _ON)
              EnumTypeCPinAssignmentESupportStatus UserInterfaceTypeCGetOsdPinAssignmentESupportSelection(BYTE ucInputPo
             -rt);
              #endif
              
              #if(_DP_TYPE_C_HUB_COMMUNICATION_SUPPORT == _ON)
              bit UserInterfaceTypeCHubProcSupport(BYTE ucInputPort);
              void UserInterfaceTypeCOsdHubProc(BYTE ucInputPort);
              WORD UserInterfaceTypeCUsbHubSetPollingStep(BYTE ucInputPort);
              bit UserInterfaceTypeCUsbHubDetectDFPStatusUserFlow(BYTE ucInputPort);
              bit UserInterfaceTypeCUsbHubSetSSMode(BYTE ucInputPort, bit bEn);
              EnumHubDspDetectStatus UserInterfaceTypeCUsbHubDetectDFPStatus(BYTE ucInputPort);
              #if(_BILLBOARD_HUB_SUPPORT == _ON)
              void UserInterfaceTypeCUsbHubBillboardControl(BYTE ucInputPort, EnumBillboardCtrl enumAtion);
              #endif
              #endif // End of #if(_DP_TYPE_C_HUB_COMMUNICATION_SUPPORT == _ON)
              
              #if((_PORT_CTRL_RTS_DET_CONNECTION_BY_USER == _ON) || (_PORT_CTRL_USER_DET_CONNECTION_BY_USER == _ON))
              EnumTypeCAttachStatus UserInterfaceTypeCGetPortControllerCcAttach(BYTE ucInputPort);
              EnumTypeCAltModeStatus UserInterfaceTypeCGetPortControllerAltModeReady(BYTE ucInputPort);
              #endif  // End of #if((_PORT_CTRL_RTS_DET_CONNECTION_BY_USER == _ON) || (_PORT_CTRL_USER_DET_CONNECTION_BY
             -_USER == _ON))
              
              #if(_PORT_CONTROLLER_USERDECITION_SUPPORT == _ON)
              #if(_EXT_PORT_CTRL_LANE_SWAP_BY_SCALER_SUPPORT == _ON)
              EnumTypeCOrientation UserInterfaceTypeCGetPortControllerOrientation(BYTE ucInputPort);
              #endif
              EnumTypeCPowerRole UserInterfaceTypeCPortControllerGetUserPowerRole(BYTE ucInputPort);
              EnumTypeCDataRole UserInterfaceTypeCPortControllerGetUserDataRole(BYTE ucInputPort);
              void UserInterfaceTypeCPortControllerSetUserPdoCnt(BYTE ucInputPort, EnumTypeCPowerRole enumPowerRole, BYT
             -E ucPdoCnt);
              void UserInterfaceTypeCPortControllerSetUserPdo(BYTE ucInputPort, EnumTypeCPowerRole enumPowerRole, BYTE u
             -cPdoIndex, StructTypeCUserPDO stTypeCUserPdo);
              void UserInterfaceTypeCPortControllerSetUserRdo(BYTE ucInputPort, StructTypeCUserRDO stTypeCUserRdo);
              EnumTypeCPdoNumber UserInterfaceTypeCPortControllerGetUserPdoCnt(BYTE ucInputPort, EnumTypeCPowerRole enum
             -PowerRole);
              void UserInterfaceTypeCPortControllerGetUserPdo(BYTE ucInputPort, EnumTypeCPowerRole enumPowerRole, BYTE u
             -cPdoIndex, StructTypeCUserPDO *pstPDO);
              EnumTypeCPdoNumber UserInterfaceTypeCPortControllerGetUserPartnerPdoCnt(BYTE ucInputPort, EnumTypeCPowerRo
             -le enumPowerRole);
C51 COMPILER V9.60.0.0   RTD2014USERTYPECINTERFACE                                         09/18/2026 20:40:01 PAGE 3   

              void UserInterfaceTypeCPortControllerGetUserPartnerPdo(BYTE ucInputPort, EnumTypeCPowerRole enumPowerRole,
             - BYTE ucPdoIndex, StructTypeCUserPDO *pstPartnerPDO);
              void UserInterfaceTypeCPortControllerGetUserPdoStatus(BYTE ucInputPort, WORD *pusVoltage, WORD *pusCurrent
             -);
              void UserInterfaceTypeCPortControllerGetUserRequestedSrcPdo(BYTE ucInputPort, StructTypeCUserPDO *pstSrcPD
             -O);
              EnumTypeCUserPortCtrlFailureType UserInterfaceTypeCPortControllerReconnect(BYTE ucInputPort);
              EnumTypeCUserPortCtrlFailureType UserInterfaceTypeCPortControllerGetUserFwVersion(BYTE ucInputPort, Struct
             -TypeCPortCtrlFwVersion *pstTypeCFwVersion);
              void UserInterfaceTypeCPortControllerGetUserCableInfoForDpcd(BYTE ucInputPort, StructTypeCCableInfoForDpcd
             - *pstTypeCCableInfoForDpcd);
              EnumTypeCUserPortCtrlFailureType UserInterfaceTypeCPortControllerConfigUserPinAssignment(BYTE ucInputPort,
             - EnumTypeCPinCfgCapType enumPinAssignment);
              EnumTypeCUserPortCtrlFailureType UserInterfaceTypeCPortControllerConfigUserMultiFunction(BYTE ucInputPort,
             - EnumTypeCMultiFuncStatus enumMultiFunction);
              EnumTypeCUserPortCtrlFailureType UserInterfaceTypeCGetPinCfgType(BYTE ucInputPort, EnumTypeCPinCfgType *pe
             -numPinCfgtype);
              void UserInterfaceTypeCPortControllerUserCcFunctionControl(BYTE ucInputPort, EnumTypeCCcFunction enumCcFun
             -ction);
              #if((_TYPE_C_PORT_CTRL_MODAL_OPERATION_SUPPORT == _ON) && (_TYPE_C_VENDOR_ALT_MODE == _TYPE_C_LENOVO_ALT_M
             -ODE))
              EnumTypeCLenovoAltModeStatus UserInterfaceTypeCPortControllerGetUserLenovoAltModeReady(BYTE ucInputPort);
              EnumTypeCLenovoDeviceType UserInterfaceTypeCPortControllerGetUserLenovoDeviceType(BYTE ucInputPort);
              void UserInterfaceTypeCPortControllerSetUserLenovoDockingEvent(BYTE ucInputPort, StructTypeCLenovoDockEven
             -t stLenovoDockEvent);
              StructTypeCLenovoSysEvent UserInterfaceTypeCPortControllerGetUserLenovoSystemEvent(BYTE ucInputPort);
              bit UserInterfaceTypeCPortControllerCheckUserLenovoDockingEventBusy(BYTE ucInputPort);
              #endif
              #endif // End of #if(_PORT_CONTROLLER_USERDECITION_SUPPORT == _ON)
              
              #if(_DP_TYPE_C_PORT_CTRL_SUPPORT == _ON)
              EnumTypeCPinCfgCapType UserInterfaceTypeCGetPinConfigType(BYTE ucInputPort, EnumTypeCU3ModeType enumU3Mode
             -Sel, EnumTypeCPinAssignmentESupportStatus enumPinAssignmentESupportSel);
              EnumTypeCMultiFuncStatus UserInterfaceTypeCGetMultiFuncConfig(BYTE ucInputPort, EnumTypeCU3ModeType enumU3
             -ModeSel);
              EnumTypeCPinMismatchAction UserInterfaceTypeCGetPinAssignmentMismatchAction(BYTE ucInputPort);
              EnumTypeCAltModeWaitStatus UserInterfaceTypeCGetDpAltModeWaitStatus(BYTE ucInputPort);
              EnumTypeCFunctionSupport UserInterfaceTypeCGetFunctionSupport(BYTE ucInputPort);
              EnumTypeCOperationMode UserInterfaceTypeCGetOperationMode(BYTE ucInputPort);
              void UserInterfaceTypeCGetStatusEvent(BYTE ucInputPort, StructTypeCStatusEvent *pstStatusEvent);
              void UserInterfaceTypeCGetAlertEvent(BYTE ucInputPort, StructTypeCAlertEvent *pstAlertEvent);
              void UserInterfaceTypeCPinAssignSuccessProc(BYTE ucInputPort, EnumTypeCPinCfgType enumPinAssignment);
              #if(_TYPE_C_EIZO_CUSTOMIZED_DP_LANE_CNT_SUPPORT == _ON)
              EnumDpLaneCount UserInterfaceTypeCGetAltModeLaneCnt(BYTE ucInputPort, EnumTypeCPinCfgType enumPinAssignmen
             -t);
              #endif
              #if(_TYPE_C_PORT_CTRL_MODAL_OPERATION_SUPPORT == _ON)
              #if(_TYPE_C_VENDOR_ALT_MODE == _TYPE_C_LENOVO_ALT_MODE)
              EnumTypeCLenovoCheckDeviceTypeResult UserInterfaceTypeCCheckLenovoDeviceTypeValid(BYTE ucInputPort, EnumTy
             -peCLenovoDeviceType enumLenovoDeviceType);
              void UserInterfaceTypeCGetLenovoDockingEvent(BYTE ucInputPort, StructTypeCLenovoDockEvent *pstLenovoDockEv
             -ent);
              void UserInterfaceTypeCLenovoAltModeHandler(BYTE ucInputPort, StructTypeCLenovoSysEvent stLenovoSysEvent);
              #endif
              #if(_TYPE_C_VENDOR_ALT_MODE == _TYPE_C_ACER_ALT_MODE)
              void UserInterfaceTypeCGetAcerUserEvent(BYTE ucInputPort, StructTypeCAcerUserEvent *pstAcerUserEvent);
              void UserInterfaceTypeCAcerAltModeHandler(BYTE ucInputPort, StructTypeCAcerSysEvent stAcerSysEvent);
              #endif
              #if(_TYPE_C_VENDOR_ALT_MODE == _TYPE_C_HP_ALT_MODE)
              void UserInterfaceTypeCGetHpUserEvent(BYTE ucInputPort, StructTypeCHpUserEvent *pstHpUserEvent);
              void UserInterfaceTypeCHpAltModeHandler(BYTE ucInputPort, StructTypeCHpSysEvent stHpSysEvent);
              #endif
C51 COMPILER V9.60.0.0   RTD2014USERTYPECINTERFACE                                         09/18/2026 20:40:01 PAGE 4   

              #if(_TYPE_C_VENDOR_ALT_MODE == _TYPE_C_DELL_ALT_MODE)
              EnumTypeCDellInitCompleteStatus UserInterfaceTypeCGetDellAltModeInitComplete(BYTE ucInputPort);
              void UserInterfaceTypeCDellAltModeHandler(BYTE ucInputPort, StructTypeCDellSysEvent stDellSysEvent);
              void UserInterfaceTypeCGetDellUserEvent(BYTE ucInputPort, StructTypeCDellUserEvent *pstDellUserEvent);
              #endif
              #endif // End of #if(_TYPE_C_PORT_CTRL_MODAL_OPERATION_SUPPORT == _ON)
              EnumTypeCPdoReference UserInterfaceTypeCPdoReference(BYTE ucInputPort, EnumTypeCPowerRole enumPowerRole);
              EnumTypeCRdoReference UserInterfaceTypeCRdoReference(BYTE ucInputPort);
              WORD UserInterfaceTypeCGetMaxPower(BYTE ucInputPort);
              void UserInterfaceTypeCGetSnkInfo(BYTE ucInputPort, StructTypeCSnkInfo *pstTypeCSnkInfo);
              EnumTypeCPdoNumber UserInterfaceTypeCGetPdoCount(BYTE ucInputPort, EnumTypeCPowerRole enumPowerRole);
              #if(_PORT_CONTROLLER_PD3_1_EPR_SUPPORT == _ON)
              EnumTypeCPdoNumber UserInterfaceTypeCGetEPRPdoCount(BYTE ucInputPort, EnumTypeCPowerRole enumPowerRole);
              #endif
              void UserInterfaceTypeCGetSrcPdoInfo(BYTE ucInputPort, BYTE ucPdoIndex, StructTypeCUserPDO *pstTypeCUserSr
             -cPdo);
              void UserInterfaceTypeCGetSnkPdoInfo(BYTE ucInputPort, BYTE ucPdoIndex, StructTypeCUserPDO *pstTypeCUserSn
             -kPdo);
              void UserInterfaceTypeCGetInitRdoInfo(BYTE ucInputPort, StructTypeCUserInitRDO *pstTypeCUserInitRdo);
              void UserInterfaceTypeCGetRdoInfo(BYTE ucInputPort, StructTypeCUserRDO *pstTypeCUserRdo);
              EnumTypeCUnconstrainPowerExist UserInterfaceTypeCGetUnconstrainedPow(BYTE ucInputPort);
              #if(_PORT_CONTROLLER_EMBEDDED_SUPPORT == _ON)
              #if(_TYPE_C_EMB_VBUS_PROTECT_MODE == _VBUS_PROTECT_BY_USER)
              void UserInterfaceTypeCGetProtectInfo(BYTE ucInputPort, BYTE ucPdoIndex, StructTypeCUserProtectInfo *pstTy
             -peCUserProtectInfo);
              #endif
              #if(_DP_USB_HUB_SUPPORT == _ON)
              EnumHubInputPort UserInterfaceTypeCHubInputPort(BYTE ucInputPort);
              #endif
              #endif // End of #if(_PORT_CONTROLLER_EMBEDDED_SUPPORT == _ON)
              
              #if(_PORT_CONTROLLER_RTS5400_SERIES_SUPPORT == _ON)
              #if(_TYPE_C_RTS5400_SERIES_SMBUS_MODE == _RTS5400_SERIES_INT_MODE)
              void UserInterfaceTypeCPortControllerGetNotifyEn(BYTE ucInputPort, Struct5400NotifyEn *pst5400NotifyEn);
              #endif
              BYTE UserInterfaceTypeCPortControllerTurnOnRtsStatusUpdate(BYTE ucInputPort);
              #endif // End of #if(_PORT_CONTROLLER_RTS5400_SERIES_SUPPORT == _ON)
              
              #if((_PORT_CONTROLLER_RTS5400_SERIES_SUPPORT == _ON) || (_PORT_CONTROLLER_USERDECITION_SUPPORT == _ON))
              #if(_TWO_CHIP_DATA_EXCHANGE_MODE == _DATA_EXCHANGE_MODE_NONE)
              EnumTypeCPortCtrlReconnectStatus UserInterfaceTypeCPortControllerGetPowerOnReconnectStatus(EnumPowerAction
             - enumSwitch);
              #endif
              #endif // End of #if((_PORT_CONTROLLER_RTS5400_SERIES_SUPPORT == _ON) || (_PORT_CONTROLLER_USERDECITION_SU
             -PPORT == _ON))
              #endif // End of #if(_DP_TYPE_C_PORT_CTRL_SUPPORT == _ON)
              
              //****************************************************************************
              // FUNCTION DEFINITIONS
              //****************************************************************************
              //--------------------------------------------------
              // Description  : Get OSD Type-C U3 Mode Selection
              // Input Value  : ucInputPort --> Input Port
              // Output Value : Return Type-C U3 Mode Selection
              //--------------------------------------------------
              EnumTypeCU3ModeType UserInterfaceTypeCGetOsdU3ModeSelection(BYTE ucInputPort)
              {
                  EnumTypeCU3ModeType enumTypeCMode = _TYPE_C_U3_OFF;
              
                  switch(ucInputPort)
                  {
              #if(_D0_DP_TYPE_C_CONNECTOR_SUPPORT == _ON)
C51 COMPILER V9.60.0.0   RTD2014USERTYPECINTERFACE                                         09/18/2026 20:40:01 PAGE 5   

                      case _D0_INPUT_PORT:
                          enumTypeCMode = GET_OSD_D0_TYPE_C_U3_MODE();
                          break;
              #endif
              
              #if(_D1_DP_TYPE_C_CONNECTOR_SUPPORT == _ON)
                      case _D1_INPUT_PORT:
                          enumTypeCMode = GET_OSD_D1_TYPE_C_U3_MODE();
                          break;
              #endif
              
              #if(_D6_DP_TYPE_C_CONNECTOR_SUPPORT == _ON)
                      case _D6_INPUT_PORT:
                          enumTypeCMode = GET_OSD_D6_TYPE_C_U3_MODE();
                          break;
              #endif
                      default:
                          break;
                  }
              
                  return enumTypeCMode;
              }
              
              #if(_TYPE_C_PIN_ASSIGNMENT_E_SUPPORT_SWITCH_SUPPORT == _ON)
              //--------------------------------------------------
              // Description  : User Decide Type-C Pin Assignment E Support or Not
              // Input Value  : enumInputPort
              // Output Value : _TYPE_C_PIN_ASSIGNMENT_E_SUPPORT_ON / _TYPE_C_PIN_ASSIGNMENT_E_SUPPORT_OFF
              //--------------------------------------------------
              EnumTypeCPinAssignmentESupportStatus UserInterfaceTypeCGetOsdPinAssignmentESupportSelection(BYTE ucInputPo
             -rt)
              {
                  EnumTypeCPinAssignmentESupportStatus enumPinAssignmentESupportStatus = _TYPE_C_PIN_ASSIGNMENT_E_SUPPOR
             -T_ON;
              
                  switch(ucInputPort)
                  {
              #if(_D0_DP_TYPE_C_CONNECTOR_SUPPORT == _ON)
                      case _D0_INPUT_PORT:
                          enumPinAssignmentESupportStatus = GET_OSD_D0_TYPE_C_PIN_ASSIGNMENT_E_SELECT();
                          break;
              #endif
              
              #if(_D1_DP_TYPE_C_CONNECTOR_SUPPORT == _ON)
                      case _D1_INPUT_PORT:
                          enumPinAssignmentESupportStatus = GET_OSD_D1_TYPE_C_PIN_ASSIGNMENT_E_SELECT();
                          break;
              #endif
              
              #if(_D6_DP_TYPE_C_CONNECTOR_SUPPORT == _ON)
                      case _D6_INPUT_PORT:
                          enumPinAssignmentESupportStatus = GET_OSD_D6_TYPE_C_PIN_ASSIGNMENT_E_SELECT();
                          break;
              #endif
                      default:
                          break;
                  }
              
                  return enumPinAssignmentESupportStatus;
              }
              #endif
              
C51 COMPILER V9.60.0.0   RTD2014USERTYPECINTERFACE                                         09/18/2026 20:40:01 PAGE 6   

              #if(_DP_TYPE_C_HUB_COMMUNICATION_SUPPORT == _ON)
              //--------------------------------------------------
              // Description  : User Decide Wether Support USB Hub
              // Input Value  : ucInputPort --> Input Port
              // Output Value : _TRUE / _FALSE
              //--------------------------------------------------
              bit UserInterfaceTypeCHubProcSupport(BYTE ucInputPort)
              {
                  switch(ucInputPort)
                  {
              #if(_D0_DP_TYPE_C_CONNECTOR_SUPPORT == _ON)
                      case _D0_INPUT_PORT:
              
                          if(GET_OSD_D0_TYPE_C_U3_MODE() == _TYPE_C_U3_ON)
                          {
                              return _TRUE;
                          }
                          break;
              #endif
              
              #if(_D1_DP_TYPE_C_CONNECTOR_SUPPORT == _ON)
              
                      case _D1_INPUT_PORT:
              
                          if(GET_OSD_D1_TYPE_C_U3_MODE() == _TYPE_C_U3_ON)
                          {
                              return _TRUE;
                          }
                          break;
              #endif
              
              #if(_D6_DP_TYPE_C_CONNECTOR_SUPPORT == _ON)
                      case _D6_INPUT_PORT:
              
                          if(GET_OSD_D6_TYPE_C_U3_MODE() == _TYPE_C_U3_ON)
                          {
                              return _TRUE;
                          }
                          break;
              #endif
              
                      default:
                          break;
                  }
              
                  return _FALSE;
              }
              
              //--------------------------------------------------
              // Description  : User decided how many lanes to switch
              // Input Value  : ucInputPort --> Input Port
              //                _BIT0 : 1 --> Hub Port0 U3 Device Plug In,  0 --> Hub Port0 U3 Device Plug off
              //                _BIT1 : 1 --> Hub Port1 U3 Device Plug In,  0 --> Hub Port1 U3 Device Plug off
              //                _BIT2 : 1 --> Hub Port2 U3 Device Plug In,  0 --> Hub Port2 U3 Device Plug off
              //                _BIT3 : 1 --> Hub Port3 U3 Device Plug In,  0 --> Hub Port3 U3 Device Plug off
              //                _BIT4 ~ _BIT7 : Useless
              // Output Value : None
              //--------------------------------------------------
              void UserInterfaceTypeCOsdHubProc(BYTE ucInputPort)
              {
                  switch(ucInputPort)
                  {
C51 COMPILER V9.60.0.0   RTD2014USERTYPECINTERFACE                                         09/18/2026 20:40:01 PAGE 7   

                      case _D0_INPUT_PORT:
                          // Here: User Can Use "UserCommonUsbHubGetDspInfo(_HUB_DSP0)" to Create Draw Notice U3 Device 
             -Menu Event
                          break;
              
                      case _D1_INPUT_PORT:
                          // Here: User Can Use "UserCommonUsbHubGetDspInfo(_HUB_DSP0)" to Create Draw Notice U3 Device 
             -Menu Event
                          break;
              
                      case _D6_INPUT_PORT:
                          // Here: User Can Use "UserCommonUsbHubGetDspInfo(_HUB_DSP0)" to Create Draw Notice U3 Device 
             -Menu Event
                          break;
              
                      default:
                          break;
                  }
              }
              
              //--------------------------------------------------
              // Description  : User Set Usb Hub Polling SS Device Step
              // Input Value  : ucInputPort --> Input Port
              // Output Value : Usb Hub Polling Step Par.
              //--------------------------------------------------
              WORD UserInterfaceTypeCUsbHubSetPollingStep(BYTE ucInputPort)
              {
                  if(ucInputPort == _D0_INPUT_PORT)
                  {
                      return _USB_D0_HUB_POLLING_DEVICE_STEP;
                  }
                  else if(ucInputPort == _D1_INPUT_PORT)
                  {
                      return _USB_D1_HUB_POLLING_DEVICE_STEP;
                  }
                  else if(ucInputPort == _D2_INPUT_PORT)
                  {
                      return _USB_D2_HUB_POLLING_DEVICE_STEP;
                  }
                  else if(ucInputPort == _D6_INPUT_PORT)
                  {
                      return _USB_D6_HUB_POLLING_DEVICE_STEP;
                  }
                  else
                  {
                      return _USB_DX_HUB_POLLING_DEVICE_STEP;
                  }
              }
              
              //--------------------------------------------------
              // Description  : Usb Hub RTS5400 Series User Flow Support
              // Input Value  : ucInputPort --> Input Port
              // Output Value : _TRUE: User Flow, _FALSE: Kernal Flow
              //--------------------------------------------------
              bit UserInterfaceTypeCUsbHubDetectDFPStatusUserFlow(BYTE ucInputPort)
              {
                  switch(ucInputPort)
                  {
              #if(_D0_DP_TYPE_C_CONNECTOR_SUPPORT == _ON)
                      case _D0_INPUT_PORT:
              
                          return _FALSE;
C51 COMPILER V9.60.0.0   RTD2014USERTYPECINTERFACE                                         09/18/2026 20:40:01 PAGE 8   

              
                          break;
              #endif
              
              #if(_D1_DP_TYPE_C_CONNECTOR_SUPPORT == _ON)
              
                      case _D1_INPUT_PORT:
              
                          return _FALSE;
              
                          break;
              #endif
              
              #if(_D6_DP_TYPE_C_CONNECTOR_SUPPORT == _ON)
                      case _D6_INPUT_PORT:
              
                          return _FALSE;
              
                          break;
              #endif
              
                      default:
                          break;
                  }
              
                  return _FALSE;
              }
              
              //--------------------------------------------------
              // Description  : Set Usb Hub into SS Mode
              // Input Value  : None
              // Output Value : Operation result (Fail/Success)
              //--------------------------------------------------
              bit UserInterfaceTypeCUsbHubSetSSMode(BYTE ucInputPort, bit bEn)
              {
                  ucInputPort = ucInputPort;
                  bEn = bEn;
              
                  return _TRUE;
              }
              
              //--------------------------------------------------
              // Description  : Detect Usb Hub SS Device Plug In
              // Input Value  : ucInputPort --> Input Port
              // Output Value : Return SS Device Info.
              //                _BIT0 : 1 --> Hub Port0 U3 Device Plug In,  0 --> Hub Port0 U3 Device Plug off
              //                _BIT1 : 1 --> Hub Port1 U3 Device Plug In,  0 --> Hub Port1 U3 Device Plug off
              //                _BIT2 : 1 --> Hub Port2 U3 Device Plug In,  0 --> Hub Port2 U3 Device Plug off
              //                _BIT3 : 1 --> Hub Port3 U3 Device Plug In,  0 --> Hub Port3 U3 Device Plug off
              //                _BIT4 ~ _BIT7 : Useless
              //--------------------------------------------------
              EnumHubDspDetectStatus UserInterfaceTypeCUsbHubDetectDFPStatus(BYTE ucInputPort)
              {
                  ucInputPort = ucInputPort;
              
                  return _HUB_DSP_DEVICE_NO_CHANGE;
              }
              
              #if(_BILLBOARD_HUB_SUPPORT == _ON)
              //--------------------------------------------------
              // Description  : Hub Billboard Control
              // Input Value  : _TYPE_C_BB_DISABLE / _TYPE_C_BB_ENABLE
C51 COMPILER V9.60.0.0   RTD2014USERTYPECINTERFACE                                         09/18/2026 20:40:01 PAGE 9   

              // Output Value : None
              //--------------------------------------------------
              void UserInterfaceTypeCUsbHubBillboardControl(BYTE ucInputPort, EnumBillboardCtrl enumAtion)
              {
                  enumAtion = enumAtion;
              
                  switch(ucInputPort)
                  {
                      case _D0_INPUT_PORT:
                          // Here: User Enable / Disable Hub Billboard
                          break;
              
                      case _D1_INPUT_PORT:
                          // Here: User Enable / Disable Hub Billboard
                          break;
              
                      case _D6_INPUT_PORT:
                          // Here: User Enable / Disable Hub Billboard
                          break;
              
                      default:
                          break;
                  }
              }
              #endif // End of #if(_BILLBOARD_HUB_SUPPORT == _ON)
              #endif // End of #if(_DP_TYPE_C_HUB_COMMUNICATION_SUPPORT == _ON)
              
              #if((_PORT_CTRL_RTS_DET_CONNECTION_BY_USER == _ON) || (_PORT_CTRL_USER_DET_CONNECTION_BY_USER == _ON))
              //--------------------------------------------------
              // Description  : Type-C Port Controller CC Attach Detectd By User Define
              // Input Value  : enumSourcePort --> _D0_INPUT_PORT / _D1_INPUT_PORT...
              // Output Value : _TYPE_C_ATTACH / _TYPE_C_UNATTACH
              //--------------------------------------------------
              EnumTypeCAttachStatus UserInterfaceTypeCGetPortControllerCcAttach(BYTE ucInputPort)
              {
                  EnumTypeCAttachStatus enumCcAttachResult = _TYPE_C_UNATTACH;
              
                  // User Can Use Their Own Way to Decide Port Controller CC Attach or Not, For Example
                  // enumCcAttachResult = (GPIO == HIGH) ? _TYPE_C_UNATTACH : _TYPE_C_ATTACH;
              
                  switch(ucInputPort)
                  {
              #if(((_D0_DP_TYPE_C_PORT_CTRL_TYPE == _PORT_CONTROLLER_RTS5400_SERIES) || (_D0_DP_TYPE_C_PORT_CTRL_TYPE ==
             - _PORT_CONTROLLER_USER)) && (_D0_DP_TYPE_C_DISCRETE_PORT_CTRL_LINK == _DISCRETE_PORT_CTRL_USE_USER_FUNCIOIN))
                      case _D0_INPUT_PORT:
              #endif
              #if(((_D1_DP_TYPE_C_PORT_CTRL_TYPE == _PORT_CONTROLLER_RTS5400_SERIES) || (_D1_DP_TYPE_C_PORT_CTRL_TYPE ==
             - _PORT_CONTROLLER_USER)) && (_D1_DP_TYPE_C_DISCRETE_PORT_CTRL_LINK == _DISCRETE_PORT_CTRL_USE_USER_FUNCIOIN))
                      case _D1_INPUT_PORT:
              #endif
              #if(((_D6_DP_TYPE_C_PORT_CTRL_TYPE == _PORT_CONTROLLER_RTS5400_SERIES) || (_D6_DP_TYPE_C_PORT_CTRL_TYPE ==
             - _PORT_CONTROLLER_USER)) && (_D6_DP_TYPE_C_DISCRETE_PORT_CTRL_LINK == _DISCRETE_PORT_CTRL_USE_USER_FUNCIOIN))
                      case _D6_INPUT_PORT:
              #endif
                      default:
              
                          enumCcAttachResult = _TYPE_C_UNATTACH;
              
                          break;
                  }
              
                  return enumCcAttachResult;
C51 COMPILER V9.60.0.0   RTD2014USERTYPECINTERFACE                                         09/18/2026 20:40:01 PAGE 10  

              }
              
              //--------------------------------------------------
              // Description  : Type-C Port Controller Alt Mode Ready Detectd By User Define
              // Input Value  : enumSourcePort --> _D0_INPUT_PORT / _D1_INPUT_PORT...
              // Output Value : _TYPE_C_ALT_MODE_READY / _TYPE_C_ALT_MODE_NOT_READY
              //--------------------------------------------------
              EnumTypeCAltModeStatus UserInterfaceTypeCGetPortControllerAltModeReady(BYTE ucInputPort)
              {
                  EnumTypeCAltModeStatus enumAltModeReadyResult = _TYPE_C_ALT_MODE_NOT_READY;
              
                  // User Can Use Their Own Way to Decide Port Controller Alt Mode Ready or Not, For Example
                  // enumCcAttachResult = (GPIO == HIGH) ? _TYPE_C_ALT_MODE_NOT_READY : _TYPE_C_ALT_MODE_READY;
              
                  switch(ucInputPort)
                  {
              #if(((_D0_DP_TYPE_C_PORT_CTRL_TYPE == _PORT_CONTROLLER_RTS5400_SERIES) || (_D0_DP_TYPE_C_PORT_CTRL_TYPE ==
             - _PORT_CONTROLLER_USER)) && (_D0_DP_TYPE_C_DISCRETE_PORT_CTRL_LINK == _DISCRETE_PORT_CTRL_USE_USER_FUNCIOIN))
                      case _D0_INPUT_PORT:
              #endif
              #if(((_D1_DP_TYPE_C_PORT_CTRL_TYPE == _PORT_CONTROLLER_RTS5400_SERIES) || (_D1_DP_TYPE_C_PORT_CTRL_TYPE ==
             - _PORT_CONTROLLER_USER)) && (_D1_DP_TYPE_C_DISCRETE_PORT_CTRL_LINK == _DISCRETE_PORT_CTRL_USE_USER_FUNCIOIN))
                      case _D1_INPUT_PORT:
              #endif
              #if(((_D6_DP_TYPE_C_PORT_CTRL_TYPE == _PORT_CONTROLLER_RTS5400_SERIES) || (_D6_DP_TYPE_C_PORT_CTRL_TYPE ==
             - _PORT_CONTROLLER_USER)) && (_D6_DP_TYPE_C_DISCRETE_PORT_CTRL_LINK == _DISCRETE_PORT_CTRL_USE_USER_FUNCIOIN))
                      case _D6_INPUT_PORT:
              #endif
                      default:
              
                          enumAltModeReadyResult = _TYPE_C_ALT_MODE_NOT_READY;
              
                          break;
                  }
              
                  return enumAltModeReadyResult;
              }
              #endif  // End of #if((_PORT_CTRL_RTS_DET_CONNECTION_BY_USER == _ON) || (_PORT_CTRL_USER_DET_CONNECTION_BY
             -_USER == _ON))
              
              #if(_PORT_CONTROLLER_USERDECITION_SUPPORT == _ON)
              #if(_EXT_PORT_CTRL_LANE_SWAP_BY_SCALER_SUPPORT == _ON)
              //--------------------------------------------------
              // Description  : Ext Port Controller Orientation Info
              // Input Value  : ucInputPort --> Input Port
              // Output Value : Orientation (_TYPE_C_ORIENTATION_UNFLIP / _TYPE_C_ORIENTATION_FLIP)
              //--------------------------------------------------
              EnumTypeCOrientation UserInterfaceTypeCGetPortControllerOrientation(BYTE ucInputPort)
              {
                  ucInputPort = ucInputPort;
              
                  // User Can Use Their Own Way to Decide Port Controller Orientation, For Example
                  // EnumTypeCOrientation = (GPIO == HIGH) ? _TYPE_C_ORIENTATION_UNFLIP : _TYPE_C_ORIENTATION_FLIP;
                  return _TYPE_C_ORIENTATION_UNFLIP;
              }
              #endif  // End of #if(_EXT_PORT_CTRL_LANE_SWAP_BY_SCALER_SUPPORT == _ON)
              
              //--------------------------------------------------
              // Description  : Get User Port Controller Power Role
              // Input Value  : ucInputPort --> Input Port
              // Output Value : EnumTypeCPowerRole (_TYPE_C_POWER_ROLE_NONE / _TYPE_C_POWER_SNK / _TYPE_C_POWER_SRC)
              //--------------------------------------------------
C51 COMPILER V9.60.0.0   RTD2014USERTYPECINTERFACE                                         09/18/2026 20:40:01 PAGE 11  

              EnumTypeCPowerRole UserInterfaceTypeCPortControllerGetUserPowerRole(BYTE ucInputPort)
              {
                  ucInputPort = ucInputPort;
              
                  // User Can Use Their Own Way to Decide Port Controller Power Role
                  return _TYPE_C_POWER_ROLE_NONE;
              }
              
              //--------------------------------------------------
              // Description  : Get User Port Controller Data Role
              // Input Value  : ucInputPort --> Input Port
              // Output Value : EnumTypeCDataRole (_TYPE_C_DATA_ROLE_NONE / _TYPE_C_UFP_U / _TYPE_C_DFP_U)
              //--------------------------------------------------
              EnumTypeCDataRole UserInterfaceTypeCPortControllerGetUserDataRole(BYTE ucInputPort)
              {
                  ucInputPort = ucInputPort;
              
                  // User Can Use Their Own Way to Decide Port Controller Data Role
              
                  return _TYPE_C_DATA_ROLE_NONE;
              }
              
              //--------------------------------------------------
              // Description  : Set User-Defined Number of PDOs to User Port Ctrl
              // Input Value  : ucInputPort, enumPowerRole(Src/Snk PDO), Number of PDO Counts (1~7)
              // Output Value : None
              //--------------------------------------------------
              void UserInterfaceTypeCPortControllerSetUserPdoCnt(BYTE ucInputPort, EnumTypeCPowerRole enumPowerRole, BYT
             -E ucPdoCnt)
              {
                  ucInputPort = ucInputPort;
                  enumPowerRole = enumPowerRole;
                  ucPdoCnt = ucPdoCnt;
              }
              
              //--------------------------------------------------
              // Description  : Set User-Defined Fix Supply/ PPS PDOs to User Port Ctrl
              // Input Value  : ucInputPort, enumPowerRole(Src/Snk PDO), ucPdoIndex, stTypeCUserPdo
              // Output Value : None
              //--------------------------------------------------
              void UserInterfaceTypeCPortControllerSetUserPdo(BYTE ucInputPort, EnumTypeCPowerRole enumPowerRole, BYTE u
             -cPdoIndex, StructTypeCUserPDO stTypeCUserPdo)
              {
                  // Fix Supply PDO Voltage (Unit 50mV) and Current (Unit 10mA)
                  // PPS PDO Voltage (Unit 100mV) and Current (Unit 50mA)
                  ucInputPort = ucInputPort;
                  enumPowerRole = enumPowerRole;
                  ucPdoIndex = ucPdoIndex;
                  stTypeCUserPdo = stTypeCUserPdo;
              }
              
              //--------------------------------------------------
              // Description  : Set User-Defined RDO to User Port Ctrl
              // Input Value  : ucInputPort, stTypeCUserRdo
              // Output Value : None
              //--------------------------------------------------
              void UserInterfaceTypeCPortControllerSetUserRdo(BYTE ucInputPort, StructTypeCUserRDO stTypeCUserRdo)
              {
                  ucInputPort = ucInputPort;
                  stTypeCUserRdo = stTypeCUserRdo;
              }
              
C51 COMPILER V9.60.0.0   RTD2014USERTYPECINTERFACE                                         09/18/2026 20:40:01 PAGE 12  

              //--------------------------------------------------
              // Description  : Get User Port Ctrl Number of Src/Snk PDOs
              // Input Value  : ucInputPort, enumPowerRole (Src/Snk PDO)
              // Output Value : Number of PDO Counts (1~7)
              //--------------------------------------------------
              EnumTypeCPdoNumber UserInterfaceTypeCPortControllerGetUserPdoCnt(BYTE ucInputPort, EnumTypeCPowerRole enum
             -PowerRole)
              {
                  ucInputPort = ucInputPort;
                  enumPowerRole = enumPowerRole;
              
                  // For Kernel to Get User Port Controller's Number of Src/Snk PDOs
              
                  return _TYPE_C_PDO_NUM_1;
              }
              
              //--------------------------------------------------
              // Description  : Get User Port Ctrl Source/Sink PDO Info
              // Input Value  : ucInputPort, enumPowerRole (Src/Snk PDO), ucPdoIndex : 1~7
              //                pstPDO --> Voltage Unit = 100mV / Current = 10mA
              // Output Value : None
              //--------------------------------------------------
              void UserInterfaceTypeCPortControllerGetUserPdo(BYTE ucInputPort, EnumTypeCPowerRole enumPowerRole, BYTE u
             -cPdoIndex, StructTypeCUserPDO *pstPDO)
              {
                  ucInputPort = ucInputPort;
                  enumPowerRole = enumPowerRole;
                  ucPdoIndex = ucPdoIndex;
              
                  // For Kernel to Get User Port Controller's Source/Sink PDO Info
              
                  // Reset Default Value to Fix PDO w/ 0V @ 0A
                  pstPDO->enumPdoType = _PD_FIX_SUPPLY_PDO;
                  pstPDO->enumPeakCurrent = _PD_PEAK_CUR_NONE;
                  pstPDO->usMaxVoltage = 0x00;
                  pstPDO->usMinVoltage = 0x00;
                  pstPDO->usMaxCurrent = 0x00;
              }
              
              //--------------------------------------------------
              // Description  : Get User Port Ctrl Number of Partner Src/Snk PDOs
              // Input Value  : ucInputPort, enumPowerRole (Src/Snk PDO)
              // Output Value : Number of PDO Counts (1~7)
              //--------------------------------------------------
              EnumTypeCPdoNumber UserInterfaceTypeCPortControllerGetUserPartnerPdoCnt(BYTE ucInputPort, EnumTypeCPowerRo
             -le enumPowerRole)
              {
                  ucInputPort = ucInputPort;
                  enumPowerRole = enumPowerRole;
              
                  // For Kernel to Get User Port Controller's Number of Partner Src/Snk PDOs
              
                  return _TYPE_C_PDO_NUM_1;
              }
              
              //--------------------------------------------------
              // Description  : Get User Port Ctrl Partner Source/Sink PDO Info
              // Input Value  : ucInputPort, enumPowerRole (Src/Snk PDO), ucPdoIndex : 1~7
              //                pstPartnerPDO --> Voltage Unit = 100mV / Current = 10mA
              // Output Value : None
              //--------------------------------------------------
              void UserInterfaceTypeCPortControllerGetUserPartnerPdo(BYTE ucInputPort, EnumTypeCPowerRole enumPowerRole,
C51 COMPILER V9.60.0.0   RTD2014USERTYPECINTERFACE                                         09/18/2026 20:40:01 PAGE 13  

             - BYTE ucPdoIndex, StructTypeCUserPDO *pstPartnerPDO)
              {
                  ucInputPort = ucInputPort;
                  enumPowerRole = enumPowerRole;
                  ucPdoIndex = ucPdoIndex;
              
                  // For Kernel to Get User Port Controller's Partner Source/Sink PDO Info
              
                  // Reset Default Value to Fix PDO w/ 0V @ 0A
                  pstPartnerPDO->enumPdoType = _PD_FIX_SUPPLY_PDO;
                  pstPartnerPDO->enumPeakCurrent = _PD_PEAK_CUR_NONE;
                  pstPartnerPDO->usMaxVoltage = 0x00;
                  pstPartnerPDO->usMinVoltage = 0x00;
                  pstPartnerPDO->usMaxCurrent = 0x00;
              }
              
              //--------------------------------------------------
              // Description  : Get User Port Ctrl PDO Status
              // Input Value  : ucInputPort, *pusVoltage (Unit: 10mV), *pusCurrent (Unit: 10mA)
              // Output Value : None
              //--------------------------------------------------
              void UserInterfaceTypeCPortControllerGetUserPdoStatus(BYTE ucInputPort, WORD *pusVoltage, WORD *pusCurrent
             -)
              {
                  ucInputPort = ucInputPort;
              
                  // For Kernel to Get User Port Controller's PDO Status
                  *pusVoltage = 0;
                  *pusCurrent = 0;
              }
              
              //--------------------------------------------------
              // Description  : Get User Port Ctrl Current Source PDO that Sink Request
              // Input Value  : ucInputPort
              //                pstSrcPDO --> Voltage Unit = 100mV / Current = 10mA
              // Output Value : None
              //--------------------------------------------------
              void UserInterfaceTypeCPortControllerGetUserRequestedSrcPdo(BYTE ucInputPort, StructTypeCUserPDO *pstSrcPD
             -O)
              {
                  ucInputPort = ucInputPort;
              
                  // For Kernel to Get User Port Controller's Source PDO that Sink Request
              
                  // Reset Default Value to Fix PDO w/ 0V @ 0A
                  pstSrcPDO->enumPdoType = _PD_FIX_SUPPLY_PDO;
                  pstSrcPDO->enumPeakCurrent = _PD_PEAK_CUR_NONE;
                  pstSrcPDO->usMaxVoltage = 0x00;
                  pstSrcPDO->usMinVoltage = 0x00;
                  pstSrcPDO->usMaxCurrent = 0x00;
              }
              
              //--------------------------------------------------
              // Description  : Port Controller Reconnect
              // Input Value  : ucInputPort --> Input Port
              // Output Value : return _TYPE_C_USER_PORT_CTRL_COMMUNICATION_SUCCESS / _TYPE_C_USER_PORT_CTRL_COMMUNICATI
             -ON_FAIL
              //--------------------------------------------------
              EnumTypeCUserPortCtrlFailureType UserInterfaceTypeCPortControllerReconnect(BYTE ucInputPort)
              {
                  ucInputPort = ucInputPort;
              
C51 COMPILER V9.60.0.0   RTD2014USERTYPECINTERFACE                                         09/18/2026 20:40:01 PAGE 14  

                  // Kernel ask User Port Controller to Reconnect
              
                  return _TYPE_C_USER_PORT_CTRL_COMMUNICATION_SUCCESS;
              }
              
              //--------------------------------------------------
              // Description  : Get User Port Ctrl's FW Version
              // Input Value  : enumInputPort --> _D0_INPUT_PORT / _D1_INPUT_PORT...
              //                *pstTypeCFwVersion --> TypeC FW Version
              // Output Value : return _TYPE_C_USER_PORT_CTRL_RESP_SUCCESS / _TYPE_C_USER_PORT_CTRL_RESP_FAIL
              //--------------------------------------------------
              EnumTypeCUserPortCtrlFailureType UserInterfaceTypeCPortControllerGetUserFwVersion(BYTE ucInputPort, Struct
             -TypeCPortCtrlFwVersion *pstTypeCFwVersion)
              {
                  ucInputPort = ucInputPort;
                  pstTypeCFwVersion = pstTypeCFwVersion;
              
                  // For Kernel to Get User Port Controller's FW Version
                  return _TYPE_C_USER_PORT_CTRL_COMMUNICATION_SUCCESS;
              }
              
              //--------------------------------------------------
              // Description  : Get User Port Ctrl's Cable Info for DPCD
              // Input Value  : enumInputPort --> _D0_INPUT_PORT / _D1_INPUT_PORT...
              //              : *pstTypeCCableInfoForDpcd --> Actvie/Passive Cable, DP Max Rate, UHBR13.5 Support
              // Output Value : None
              //--------------------------------------------------
              void UserInterfaceTypeCPortControllerGetUserCableInfoForDpcd(BYTE ucInputPort, StructTypeCCableInfoForDpcd
             - *pstTypeCCableInfoForDpcd)
              {
                  ucInputPort = ucInputPort;
              
                  // User Can Use Their Own Way to Decide Port Controller DPCP Cable Info
                  pstTypeCCableInfoForDpcd->enumTypeCCableActiveComponent = _PD_CBL_COMPONENT_PASSIVE;
                  pstTypeCCableInfoForDpcd->enumTypeCCableMaxDpRate = _PD_CBL_MAX_DP_RATE_UNCONFIRMED;
                  pstTypeCCableInfoForDpcd->b1CableUhbr13p5Support = _FALSE;
              }
              
              //--------------------------------------------------
              // Description  : For User to Config Port Controller Pin Assignment
              // Input Value  : ucInputPort --> Input Port, enumPinAssignment
              // Output Value : return _TYPE_C_USER_PORT_CTRL_COMMUNICATION_SUCCESS / _TYPE_C_USER_PORT_CTRL_COMMUNICATI
             -ON_FAIL
              //--------------------------------------------------
              EnumTypeCUserPortCtrlFailureType UserInterfaceTypeCPortControllerConfigUserPinAssignment(BYTE ucInputPort,
             - EnumTypeCPinCfgCapType enumPinAssignment)
              {
                  ucInputPort = ucInputPort;
                  enumPinAssignment = enumPinAssignment;
              
                  // Kernel Ask User to Config User Port Controller's Pin Assignment when U3 Mode and Current Pin Assign
             -ment are inconsistency.
              
                  return _TYPE_C_USER_PORT_CTRL_COMMUNICATION_SUCCESS;
              }
              
              //--------------------------------------------------
              // Description  : Port Controller Reconnect
              // Input Value  : ucInputPort --> Input Port, enumMultiFunction
              // Output Value : return _TYPE_C_USER_PORT_CTRL_COMMUNICATION_SUCCESS / _TYPE_C_USER_PORT_CTRL_COMMUNICATI
             -ON_FAIL
              //--------------------------------------------------
C51 COMPILER V9.60.0.0   RTD2014USERTYPECINTERFACE                                         09/18/2026 20:40:01 PAGE 15  

              EnumTypeCUserPortCtrlFailureType UserInterfaceTypeCPortControllerConfigUserMultiFunction(BYTE ucInputPort,
             - EnumTypeCMultiFuncStatus enumMultiFunction)
              {
                  ucInputPort = ucInputPort;
                  enumMultiFunction = enumMultiFunction;
              
                  // Kernel Ask User to Config User Port Controller's Multi-Function Bit when U3 Mode and Current Pin As
             -signment are inconsistency.
              
                  return _TYPE_C_USER_PORT_CTRL_COMMUNICATION_SUCCESS;
              }
              
              //--------------------------------------------------
              // Description  : Port Controller Config Type
              // Input Value  : ucInputPort --> Input Port
              //                penumPinCfgtype --> Pin Assignment Type
              // Output Value : return failure type
              //--------------------------------------------------
              EnumTypeCUserPortCtrlFailureType UserInterfaceTypeCGetPinCfgType(BYTE ucInputPort, EnumTypeCPinCfgType *pe
             -numPinCfgtype)
              {
                  ucInputPort = ucInputPort; // Avoiding Warning
                  *penumPinCfgtype = _TYPE_C_PIN_ASSIGNMENT_C;
              
                  // Example:
                  /*
                      if(UserGetPortcontrollerConfigPinAssignmentTypeFunc(penumPinCfgtype) == _TRUE)
                      {
                          return _TYPE_C_USER_PORT_CTRL_COMMUNICATION_SUCCESS;
                      }
                      else
                      {
                          return _TYPE_C_USER_PORT_CTRL_COMMUNICATION_FAIL;
                      }
                  */
              
                  return _TYPE_C_USER_PORT_CTRL_COMMUNICATION_FAIL;
              }
              
              //--------------------------------------------------
              // Description  : Update CC Function Control to User Port Ctrl (Connect / Disconnect)
              // Input Value  : ucInputPort, enumCcFunction
              // Output Value : None
              //--------------------------------------------------
              void UserInterfaceTypeCPortControllerUserCcFunctionControl(BYTE ucInputPort, EnumTypeCCcFunction enumCcFun
             -ction)
              {
                  ucInputPort = ucInputPort;
                  enumCcFunction = enumCcFunction;
              }
              
              #if((_TYPE_C_PORT_CTRL_MODAL_OPERATION_SUPPORT == _ON) && (_TYPE_C_VENDOR_ALT_MODE == _TYPE_C_LENOVO_ALT_M
             -ODE))
              //--------------------------------------------------
              // Description  : Get User Port Controller Lenovo Alt Mode Ready Info
              // Input Value  : ucInputPort --> Inputput
              // Output Value : Lenovo Alt Mode Ready Status (_TYPE_C_LENOVO_ALT_MODE_READY / _TYPE_C_LENOVO_ALT_MODE_NO
             -T_READY)
              //--------------------------------------------------
              EnumTypeCLenovoAltModeStatus UserInterfaceTypeCPortControllerGetUserLenovoAltModeReady(BYTE ucInputPort)
              {
                  ucInputPort = ucInputPort;
C51 COMPILER V9.60.0.0   RTD2014USERTYPECINTERFACE                                         09/18/2026 20:40:01 PAGE 16  

              
                  // User Can Use Their Own Way to Decide Port Controller Lenovo Alt Mode Ready or Not, For Example
                  // Lenovo Alt Mode Entered ? _TYPE_C_LENOVO_ALT_MODE_READY : _TYPE_C_LENOVO_ALT_MODE_NOT_READY;
              
                  return _TYPE_C_LENOVO_ALT_MODE_NOT_READY;
              }
              
              //--------------------------------------------------
              // Description  : Get Port Partner Lenovo Device Type from User Port Controller
              // Input Value  : ucInputPort --> Inputput
              // Output Value : Lenovo Device Type
              //--------------------------------------------------
              EnumTypeCLenovoDeviceType UserInterfaceTypeCPortControllerGetUserLenovoDeviceType(BYTE ucInputPort)
              {
                  ucInputPort = ucInputPort;
              
                  return _TYPE_C_LENOVO_DEVICE_TYPE_NONE;
              }
              
              //--------------------------------------------------
              // Description  : Type C Lenovo Alt Mode Set Docking Event
              // Input Value  : ucInputPort, stLenovoDockEvent
              // Output Value : None
              //--------------------------------------------------
              void UserInterfaceTypeCPortControllerSetUserLenovoDockingEvent(BYTE ucInputPort, StructTypeCLenovoDockEven
             -t stLenovoDockEvent)
              {
                  ucInputPort = ucInputPort;
                  stLenovoDockEvent = stLenovoDockEvent;
              }
              
              //--------------------------------------------------
              // Description  : Type C Lenovo Alt Mode Get System Event (Including System Acknowledge)
              // Input Value  : ucInputPort
              // Output Value : StructTypeCLenovoSysEvent
              //--------------------------------------------------
              StructTypeCLenovoSysEvent UserInterfaceTypeCPortControllerGetUserLenovoSystemEvent(BYTE ucInputPort)
              {
                  StructTypeCLenovoSysEvent stLenovoSysEvent;
                  ucInputPort = ucInputPort;
              
                  // Reset Default Value to Lenovo System Event
                  stLenovoSysEvent.enumSystemPowerMode = _TYPE_C_LENOVO_SYS_DC_MODE;
                  stLenovoSysEvent.enumSystemState = _TYPE_C_LENOVO_SYS_STATE_NONE;
                  stLenovoSysEvent.b1SystemEvent = _FALSE;
                  stLenovoSysEvent.b3SystemReserved = 0x00;
                  stLenovoSysEvent.ucSystemAcknowlegde = 0x00;
              
                  return stLenovoSysEvent;
              }
              
              //--------------------------------------------------
              // Description  : Type C Lenovo Alt Mode Check if Last Docking Event has been Sent
              // Input Value  : ucInputPort
              // Output Value : _TRUE / _FALSE
              //--------------------------------------------------
              bit UserInterfaceTypeCPortControllerCheckUserLenovoDockingEventBusy(BYTE ucInputPort)
              {
                  ucInputPort = ucInputPort;
              
                  return _FALSE;
              }
C51 COMPILER V9.60.0.0   RTD2014USERTYPECINTERFACE                                         09/18/2026 20:40:01 PAGE 17  

              #endif // End of #if((_TYPE_C_PORT_CTRL_MODAL_OPERATION_SUPPORT == _ON) && (_TYPE_C_VENDOR_ALT_MODE == _TY
             -PE_C_LENOVO_ALT_MODE))
              #endif // End of #if(_PORT_CONTROLLER_USERDECITION_SUPPORT == _ON)
              
              #if(_DP_TYPE_C_PORT_CTRL_SUPPORT == _ON)
              //--------------------------------------------------
              // Description  : User Decide Sink Pin Config Type
              // Input Value  : ucInputPort --> Input Port
              //                enumU3ModeSel --> _TYPE_C_U3_ON / _TYPE_C_U3_OFF
              //                enumPinAssignmentESupportSel --> _TYPE_C_PIN_ASSIGNMENT_E_SUPPORT_ON / _TYPE_C_PIN_ASSIG
             -NMENT_E_SUPPORT_OFF
              // Output Value : Pin Config Capability Type
              //--------------------------------------------------
              EnumTypeCPinCfgCapType UserInterfaceTypeCGetPinConfigType(BYTE ucInputPort, EnumTypeCU3ModeType enumU3Mode
             -Sel, EnumTypeCPinAssignmentESupportStatus enumPinAssignmentESupportSel)
              {
                  EnumTypeCPinCfgCapType enumPinAssignmentConfig = _TYPE_C_PIN_ASSIGNMENT_CAP_DEFAULT;
              
                  switch(ucInputPort)
                  {
              #if(_D0_DP_TYPE_C_CONNECTOR_SUPPORT == _ON)
                      case _D0_INPUT_PORT:
              
                          if(enumU3ModeSel == _TYPE_C_U3_ON)
                          {
                              if(enumPinAssignmentESupportSel == _TYPE_C_PIN_ASSIGNMENT_E_SUPPORT_ON)
                              {
                                  // Use Pin Assignment C+D+E if U3_ON and PIN_ASSIGNMENT_E_SUPPORT_ON
                                  enumPinAssignmentConfig = _TYPE_C_PIN_ASSIGNMENT_CAP_CDE;
                              }
                              else
                              {
                                  // Use Pin Assignment C+D if U3_ON and PIN_ASSIGNMENT_E_SUPPORT_OFF
                                  enumPinAssignmentConfig =  _TYPE_C_PIN_ASSIGNMENT_CAP_CD;
                              }
                          }
                          else
                          {
                              if(enumPinAssignmentESupportSel == _TYPE_C_PIN_ASSIGNMENT_E_SUPPORT_ON)
                              {
                                  // Use Pin Assignment C+E if U3_OFF and PIN_ASSIGNMENT_E_SUPPORT_ON
                                  enumPinAssignmentConfig = _TYPE_C_PIN_ASSIGNMENT_CAP_CE;
                              }
                              else
                              {
                                  // Use Pin Assignment C if U3_OFF and PIN_ASSIGNMENT_E_SUPPORT_OFF
                                  enumPinAssignmentConfig = _TYPE_C_PIN_ASSIGNMENT_CAP_C;
                              }
                          }
              
                          break;
              #endif
              
              #if(_D1_DP_TYPE_C_CONNECTOR_SUPPORT == _ON)
                      case _D1_INPUT_PORT:
              
                          if(enumU3ModeSel == _TYPE_C_U3_ON)
                          {
                              if(enumPinAssignmentESupportSel == _TYPE_C_PIN_ASSIGNMENT_E_SUPPORT_ON)
                              {
                                  // Use Pin Assignment C+D+E if U3_ON and PIN_ASSIGNMENT_E_SUPPORT_ON
                                  enumPinAssignmentConfig = _TYPE_C_PIN_ASSIGNMENT_CAP_CDE;
C51 COMPILER V9.60.0.0   RTD2014USERTYPECINTERFACE                                         09/18/2026 20:40:01 PAGE 18  

                              }
                              else
                              {
                                  // Use Pin Assignment C+D if U3_ON and PIN_ASSIGNMENT_E_SUPPORT_OFF
                                  enumPinAssignmentConfig = _TYPE_C_PIN_ASSIGNMENT_CAP_CD;
                              }
                          }
                          else
                          {
                              if(enumPinAssignmentESupportSel == _TYPE_C_PIN_ASSIGNMENT_E_SUPPORT_ON)
                              {
                                  // Use Pin Assignment C+E if U3_OFF and PIN_ASSIGNMENT_E_SUPPORT_ON
                                  enumPinAssignmentConfig = _TYPE_C_PIN_ASSIGNMENT_CAP_CE;
                              }
                              else
                              {
                                  // Use Pin Assignment C if U3_OFF and PIN_ASSIGNMENT_E_SUPPORT_OFF
                                  enumPinAssignmentConfig = _TYPE_C_PIN_ASSIGNMENT_CAP_C;
                              }
                          }
              
                          break;
              #endif
              
              #if(_D6_DP_TYPE_C_CONNECTOR_SUPPORT == _ON)
                      case _D6_INPUT_PORT:
              
                          if(enumU3ModeSel == _TYPE_C_U3_ON)
                          {
                              if(enumPinAssignmentESupportSel == _TYPE_C_PIN_ASSIGNMENT_E_SUPPORT_ON)
                              {
                                  // Use Pin Assignment C+D+E if U3_ON and PIN_ASSIGNMENT_E_SUPPORT_ON
                                  enumPinAssignmentConfig = _TYPE_C_PIN_ASSIGNMENT_CAP_CDE;
                              }
                              else
                              {
                                  // Use Pin Assignment C+D if U3_ON and PIN_ASSIGNMENT_E_SUPPORT_OFF
                                  enumPinAssignmentConfig = _TYPE_C_PIN_ASSIGNMENT_CAP_CD;
                              }
                          }
                          else
                          {
                              if(enumPinAssignmentESupportSel == _TYPE_C_PIN_ASSIGNMENT_E_SUPPORT_ON)
                              {
                                  // Use Pin Assignment C+E if U3_OFF and PIN_ASSIGNMENT_E_SUPPORT_ON
                                  enumPinAssignmentConfig = _TYPE_C_PIN_ASSIGNMENT_CAP_CE;
                              }
                              else
                              {
                                  // Use Pin Assignment C if U3_OFF and PIN_ASSIGNMENT_E_SUPPORT_OFF
                                  enumPinAssignmentConfig = _TYPE_C_PIN_ASSIGNMENT_CAP_C;
                              }
                          }
              
                          break;
              #endif
              
                      default:
                          break;
                  }
              
                  return enumPinAssignmentConfig;
C51 COMPILER V9.60.0.0   RTD2014USERTYPECINTERFACE                                         09/18/2026 20:40:01 PAGE 19  

              }
              
              //--------------------------------------------------
              // Description  : User Decide Multi Function Status
              // Input Value  : ucInputPort --> Input Port
              //                enumU3ModeSel --> _TYPE_C_U3_ON / _TYPE_C_U3_OFF
              // Output Value : Multi Function Status
              //--------------------------------------------------
              EnumTypeCMultiFuncStatus UserInterfaceTypeCGetMultiFuncConfig(BYTE ucInputPort, EnumTypeCU3ModeType enumU3
             -ModeSel)
              {
                  EnumTypeCMultiFuncStatus enumMultiFunc = _TYPE_C_MULTI_FUNC_DEFAULT;
                  enumU3ModeSel = enumU3ModeSel;
              
                  // ================================ NOTE =================================
                  // For _TYPE_C_MULTI_FUNC_DEFAULT :
                  // Kernel decides whether to Set Multi-Function Prefer according to Pin Assignment-D Exist or not
                  // =======================================================================
              
                  switch(ucInputPort)
                  {
              #if(_D0_DP_TYPE_C_CONNECTOR_SUPPORT == _ON)
                      case _D0_INPUT_PORT:
              
                          enumMultiFunc = _TYPE_C_MULTI_FUNC_DEFAULT;
              
                          break;
              #endif
              
              #if(_D1_DP_TYPE_C_CONNECTOR_SUPPORT == _ON)
                      case _D1_INPUT_PORT:
              
                          enumMultiFunc = _TYPE_C_MULTI_FUNC_DEFAULT;
              
                          break;
              #endif
              
              #if(_D6_DP_TYPE_C_CONNECTOR_SUPPORT == _ON)
                      case _D6_INPUT_PORT:
              
                          enumMultiFunc = _TYPE_C_MULTI_FUNC_DEFAULT;
              
                          break;
              #endif
              
                      default:
                          break;
                  }
              
                  return enumMultiFunc;
              }
              
              //--------------------------------------------------
              // Description  : Check User Action for Pin Assignment Mismatch
              // Input Value  : ucInputPort
              // Output Value : return _TYPE_C_PIN_ASSIGNMENT_MISMATCH_NO_ACTION / _TYPE_C_PIN_ASSIGNMENT_MISMATCH_RECON
             -NECT
              //--------------------------------------------------
              EnumTypeCPinMismatchAction UserInterfaceTypeCGetPinAssignmentMismatchAction(BYTE ucInputPort)
              {
                  EnumTypeCPinMismatchAction enumMismatchAction = _TYPE_C_PIN_ASSIGNMENT_MISMATCH_RECONNECT;
                  ucInputPort = ucInputPort;
C51 COMPILER V9.60.0.0   RTD2014USERTYPECINTERFACE                                         09/18/2026 20:40:01 PAGE 20  

              
                  // =============================== WARNING ===============================
                  // For _TYPE_C_PIN_ASSIGNMENT_MISMATCH_WAIT_CONFIG :
                  // 1. Only Emebedded Port Controller Supports this Function
                  // 2. When Select This Function, PD Controller Will Set Alt Mode Not Ready until Receiving New DP Conf
             -ig,
                  // User Should Use Timer to Reconnect when No DP Config Message Received.
                  // (Ex. ActiveTimerEvent(500ms, PD_Reconnect))
                  // =======================================================================
              
                  switch(ucInputPort)
                  {
              #if(_D0_DP_TYPE_C_CONNECTOR_SUPPORT == _ON)
                      case _D0_INPUT_PORT:
              
                          enumMismatchAction = _TYPE_C_PIN_ASSIGNMENT_MISMATCH_RECONNECT;
              
                          break;
              #endif
              
              #if(_D1_DP_TYPE_C_CONNECTOR_SUPPORT == _ON)
                      case _D1_INPUT_PORT:
              
                          enumMismatchAction = _TYPE_C_PIN_ASSIGNMENT_MISMATCH_RECONNECT;
              
                          break;
              #endif
              
              #if(_D6_DP_TYPE_C_CONNECTOR_SUPPORT == _ON)
                      case _D6_INPUT_PORT:
              
                          enumMismatchAction = _TYPE_C_PIN_ASSIGNMENT_MISMATCH_RECONNECT;
              
                          break;
              #endif
              
                      default:
                          break;
                  }
              
                  return enumMismatchAction;
              }
              
              //--------------------------------------------------
              // Description  : TypeC Get Dp Alt Mode Wait Status
              // Input Value  : ucInputPort --> Input Port
              // Output Value : Dp Alt Mode Wait Status (_TYPE_C_ALT_MODE_WAIT / _TYPE_C_ALT_MODE_NOT_WAIT)
              //--------------------------------------------------
              EnumTypeCAltModeWaitStatus UserInterfaceTypeCGetDpAltModeWaitStatus(BYTE ucInputPort)
              {
                  EnumTypeCAltModeWaitStatus enumAltModeWait = _TYPE_C_ALT_MODE_NOT_WAIT;
                  ucInputPort = ucInputPort;
              
                  switch(ucInputPort)
                  {
              #if(_D0_DP_TYPE_C_CONNECTOR_SUPPORT == _ON)
                      case _D0_INPUT_PORT:
              
              #if(_TYPE_C_VENDOR_ALT_MODE == _TYPE_C_DELL_ALT_MODE)
                          // Requirements of HPD Handling during Dell Alt Mode
                          if(((SysTypeCGetDellAltModeReady(ucInputPort) == _TYPE_C_DELL_ALT_MODE_READY) && (UserInterfac
             -eTypeCGetDellAltModeInitComplete(ucInputPort) == _TYPE_C_DELL_INIT_COMPLETE)) ||
C51 COMPILER V9.60.0.0   RTD2014USERTYPECINTERFACE                                         09/18/2026 20:40:01 PAGE 21  

                             (SysTypeCGetEnterDellAltModeTimeOut(ucInputPort) == _TYPE_C_ENTER_DELL_ALT_MODE_TIMEOUT))
                          {
                              enumAltModeWait = _TYPE_C_ALT_MODE_NOT_WAIT;
                          }
                          else
                          {
                              enumAltModeWait = _TYPE_C_ALT_MODE_WAIT;
                          }
              #else
                          enumAltModeWait = _TYPE_C_ALT_MODE_NOT_WAIT;
              #endif
              
                          break;
              #endif
              
              #if(_D1_DP_TYPE_C_CONNECTOR_SUPPORT == _ON)
                      case _D1_INPUT_PORT:
              
              #if(_TYPE_C_VENDOR_ALT_MODE == _TYPE_C_DELL_ALT_MODE)
                          // Requirements of HPD Handling during Dell Alt Mode
                          if(((SysTypeCGetDellAltModeReady(ucInputPort) == _TYPE_C_DELL_ALT_MODE_READY) && (UserInterfac
             -eTypeCGetDellAltModeInitComplete(ucInputPort) == _TYPE_C_DELL_INIT_COMPLETE)) ||
                             (SysTypeCGetEnterDellAltModeTimeOut(ucInputPort) == _TYPE_C_ENTER_DELL_ALT_MODE_TIMEOUT))
                          {
                              enumAltModeWait = _TYPE_C_ALT_MODE_NOT_WAIT;
                          }
                          else
                          {
                              enumAltModeWait = _TYPE_C_ALT_MODE_WAIT;
                          }
              #else
                          enumAltModeWait = _TYPE_C_ALT_MODE_NOT_WAIT;
              #endif
              
                          break;
              #endif
              
              #if(_D6_DP_TYPE_C_CONNECTOR_SUPPORT == _ON)
                      case _D6_INPUT_PORT:
              
              #if(_TYPE_C_VENDOR_ALT_MODE == _TYPE_C_DELL_ALT_MODE)
                          // Requirements of HPD Handling during Dell Alt Mode
                          if(((SysTypeCGetDellAltModeReady(ucInputPort) == _TYPE_C_DELL_ALT_MODE_READY) && (UserInterfac
             -eTypeCGetDellAltModeInitComplete(ucInputPort) == _TYPE_C_DELL_INIT_COMPLETE)) ||
                             (SysTypeCGetEnterDellAltModeTimeOut(ucInputPort) == _TYPE_C_ENTER_DELL_ALT_MODE_TIMEOUT))
                          {
                              enumAltModeWait = _TYPE_C_ALT_MODE_NOT_WAIT;
                          }
                          else
                          {
                              enumAltModeWait = _TYPE_C_ALT_MODE_WAIT;
                          }
              #else
                          enumAltModeWait = _TYPE_C_ALT_MODE_NOT_WAIT;
              #endif
              
                          break;
              #endif
              
                      default:
                          break;
                  }
C51 COMPILER V9.60.0.0   RTD2014USERTYPECINTERFACE                                         09/18/2026 20:40:01 PAGE 22  

              
                  return enumAltModeWait;
              }
              
              //--------------------------------------------------
              // Description  : User Decide Type-C Function Support Option
              // Input Value  : ucInputPort --> Input Port
              // Output Value : Type-C Function Support Option (_TYPE_C_SUPPORT_NO_FUNCTION / _TYPE_C_SUPPORT_CC_FUNCTIO
             -N / _TYPE_C_SUPPORT_CC_AND_PD_FUNCTION...)
              //--------------------------------------------------
              EnumTypeCFunctionSupport UserInterfaceTypeCGetFunctionSupport(BYTE ucInputPort)
              {
                  EnumTypeCFunctionSupport enumFunctionSupport = _TYPE_C_SUPPORT_DEFAULT_FUNCTION;
                  ucInputPort = ucInputPort;
              
                  switch(ucInputPort)
                  {
              #if(_D0_DP_TYPE_C_CONNECTOR_SUPPORT == _ON)
                      case _D0_INPUT_PORT:
              
                          enumFunctionSupport = _TYPE_C_SUPPORT_FULL_FUNCTION;
              
                          break;
              #endif
              
              #if(_D1_DP_TYPE_C_CONNECTOR_SUPPORT == _ON)
                      case _D1_INPUT_PORT:
              
                          enumFunctionSupport = _TYPE_C_SUPPORT_FULL_FUNCTION;
              
                          break;
              #endif
              
              #if(_D6_DP_TYPE_C_CONNECTOR_SUPPORT == _ON)
                      case _D6_INPUT_PORT:
              
                          enumFunctionSupport = _TYPE_C_SUPPORT_FULL_FUNCTION;
              
                          break;
              #endif
              
                      default:
                          break;
                  }
              
                  return enumFunctionSupport;
              }
              
              //--------------------------------------------------
              // Description  : User Decide Type-C Operation Mode
              // Input Value  : ucInputPort --> Input Port
              // Output Value : Type-C Operation Mode (_TYPE_C_SRC_ONLY_MODE / _TYPE_C_SNK_ONLY_MODE / _TYPE_C_DRP_NO_PR
             -EFERENCE_MODE...)
              //--------------------------------------------------
              EnumTypeCOperationMode UserInterfaceTypeCGetOperationMode(BYTE ucInputPort)
              {
                  EnumTypeCOperationMode enumOperationMode = _TYPE_C_DEFAULT_OPERATION_MODE;
                  ucInputPort = ucInputPort;
              
                  // =============================== WARNING ===============================
                  // For Embbeded Type-C:
                  // Type-C Operation Mode Should Not be '_TYPE_C_SRC_ONLY_MODE' if '_Dx_DP_TYPE_C_EMB_DEAD_BATTERY_SUPP
C51 COMPILER V9.60.0.0   RTD2014USERTYPECINTERFACE                                         09/18/2026 20:40:01 PAGE 23  

             -ORT' = '_ON'
                  // Type-C Operation Mode Should Not be '_TYPE_C_SNK_ONLY_MODE' if '_TYPE_C_EMB_PD3_FRSWAP_SUPPORT' = '
             -_ON'
                  // Type-C Operation Mode Should Not be '_TYPE_C_SRC_ONLY_MODE' or '_TYPE_C_SNK_ONLY_MODE' if '_TYPE_C_
             -EMB_PD3_FRSWAP_SUPPORT' = '_ON'
                  // Type-C Operation Mode Should be '_TYPE_C_SNK_ONLY_MODE' if '_TYPE_C_POWER_SOURCE' = '_TYPE_C_VBUS_P
             -OWER_ONLY'
                  // Type-C Operation Mode Should Not be '_TYPE_C_DRP_TRY_SRC_MODE' for DP Rx Port
                  // =======================================================================
              
                  switch(ucInputPort)
                  {
              #if(_D0_DP_TYPE_C_CONNECTOR_SUPPORT == _ON)
                      case _D0_INPUT_PORT:
              
                          enumOperationMode = _TYPE_C_DEFAULT_OPERATION_MODE;
              
                          break;
              #endif
              
              #if(_D1_DP_TYPE_C_CONNECTOR_SUPPORT == _ON)
                      case _D1_INPUT_PORT:
              
                          enumOperationMode = _TYPE_C_DEFAULT_OPERATION_MODE;
              
                          break;
              #endif
              
              #if(_D6_DP_TYPE_C_CONNECTOR_SUPPORT == _ON)
                      case _D6_INPUT_PORT:
              
                          enumOperationMode = _TYPE_C_DEFAULT_OPERATION_MODE;
              
                          break;
              #endif
              
                      default:
                          break;
                  }
              
                  return enumOperationMode;
              }
              
              //--------------------------------------------------
              // Description  : Get Type-C Status Event
              // Input Value  : ucInputPort
              //                pstStatusEvent --> Status Event
              // Output Value : None
              //--------------------------------------------------
              void UserInterfaceTypeCGetStatusEvent(BYTE ucInputPort, StructTypeCStatusEvent *pstStatusEvent)
              {
                  // 1. User Can Update Status Event Whenever Monitor Status Changes
                  // 2. Kernel will Get Status Event in this Function and Send to Port Ctrl
                  // Fill in the Corresponding Value according to the Status Message in the PD Standard
              
                  ucInputPort = ucInputPort;
                  pstStatusEvent = pstStatusEvent;
              
                  switch(ucInputPort)
                  {
              #if(_D0_DP_TYPE_C_CONNECTOR_SUPPORT == _ON)
                      case _D0_INPUT_PORT:
C51 COMPILER V9.60.0.0   RTD2014USERTYPECINTERFACE                                         09/18/2026 20:40:01 PAGE 24  

              
                          /* Example :
                          if(Power State == S0)
                          {
                              pstStatusEvent->b3NewPowerState = 0x01;   // S0
                              pstStatusEvent->b3NewPSIndicator = 0x01;  // On LED
                          }
                          else if(Power State == S3)
                          {
                              pstStatusEvent->b3NewPowerState = 0x03;   // S3
                              pstStatusEvent->b3NewPSIndicator = 0x03;  // Breathing LED
                          }
                          */
              
                          pstStatusEvent->b3NewPowerState = 0x00;   // Status not supported
                          pstStatusEvent->b3NewPSIndicator = 0x00;  // Off LED
              
                          break;
              #endif
              
                      default:
                          break;
                  }
              }
              
              //--------------------------------------------------
              // Description  : Get Type-C Alert Event
              // Input Value  : ucInputPort
              //                pstAlertEvent --> Alert Event
              // Output Value : None
              //--------------------------------------------------
              void UserInterfaceTypeCGetAlertEvent(BYTE ucInputPort, StructTypeCAlertEvent *pstAlertEvent)
              {
                  // 1. User Can Update Alert Event When Monitor Need to Notify Alert Event to Por Partner
                  // 2. Kernel will Get Alert Event in this Function and Send to Port Ctrl
                  // Fill in the Corresponding Value according to the Alert Message in the PD Standard
              
                  ucInputPort = ucInputPort;
                  pstAlertEvent = pstAlertEvent;
              
                  switch(ucInputPort)
                  {
              #if(_D0_DP_TYPE_C_CONNECTOR_SUPPORT == _ON)
                      case _D0_INPUT_PORT:
              
                          /* Example :
                          if(OCP and OVP happen at the same time)
                          {
                              pstAlertEvent->enumTypeOfAlert = (_TYPE_C_TYPE_OF_ALERT_OCP | _TYPE_C_TYPE_OF_ALERT_OVP);
                              pstAlertEvent->enumBatStatus = _TYPE_C_BAT_NONE;
                              pstAlertEvent->enumExtAlertEvent = _TYPE_C_EXT_ALERT_EVENT_NONE;
                          }
              
                          if(Power Button Press)
                          {
                              pstAlertEvent->enumTypeOfAlert = _TYPE_C_TYPE_OF_ALERT_EXTALERTEVENT;             // Exten
             -ded Alert Event
                              pstAlertEvent->enumBatStatus = _TYPE_C_BAT_NONE;                                  // No Ba
             -ttery Status Change
                              pstAlertEvent->enumExtAlertEvent = _TYPE_C_EXT_ALERT_EVENT_POWERBUTTON_PRESS;     // Power
             - button press (UFP only)
                          }
C51 COMPILER V9.60.0.0   RTD2014USERTYPECINTERFACE                                         09/18/2026 20:40:01 PAGE 25  

                          else if(Power Button Release)
                          {
                              pstAlertEvent->enumTypeOfAlert = _TYPE_C_TYPE_OF_ALERT_EXTALERTEVENT;             // Exten
             -ded Alert Event
                              pstAlertEvent->enumBatStatus = _TYPE_C_BAT_NONE;                                  // No Ba
             -ttery Status Change
                              pstAlertEvent->enumExtAlertEvent = _TYPE_C_EXT_ALERT_EVENT_POWERBUTTON_RELEASE;   // Power
             - button release (UFP only)
                          }
                          */
              
                          pstAlertEvent->enumTypeOfAlert = _TYPE_C_TYPE_OF_ALERT_NONE;
                          pstAlertEvent->enumBatStatus = _TYPE_C_BAT_NONE;
                          pstAlertEvent->enumExtAlertEvent = _TYPE_C_EXT_ALERT_EVENT_NONE;
              
                          break;
              #endif
              
                      default:
                          break;
                  }
              }
              
              //--------------------------------------------------
              // Description  : Switch DP EDID Process by User
              // Input Value  : ucInputPort --> Inputput, enumPinAssignment Pin Assignment
              // Output Value : None
              //--------------------------------------------------
              void UserInterfaceTypeCPinAssignSuccessProc(BYTE ucInputPort, EnumTypeCPinCfgType enumPinAssignment)
              {
                  ucInputPort = ucInputPort;
                  enumPinAssignment = enumPinAssignment;
              }
              
              #if(_TYPE_C_EIZO_CUSTOMIZED_DP_LANE_CNT_SUPPORT == _ON)
              //--------------------------------------------------
              // Description  : For User to Translate Alt. Mode Pin Assignment to DP Lane Count
              // Input Value  : ucInputPort --> Input Port, enumPinAssignment : _TYPE_C_PIN_ASSIGNMENT_C / _TYPE_C_PIN_A
             -SSIGNMENT_D / _TYPE_C_PIN_ASSIGNMENT_E
              // Output Value : EnumDpLaneCount -> _DP_LINK_1_LANE / _DP_LINK_2_LANE / _DP_LINK_4_LANE
              //--------------------------------------------------
              EnumDpLaneCount UserInterfaceTypeCGetAltModeLaneCnt(BYTE ucInputPort, EnumTypeCPinCfgType enumPinAssignmen
             -t)
              {
                  EnumDpLaneCount enumAltModeLaneCnt = _DP_LINK_4_LANE;
                  ucInputPort = ucInputPort;
                  enumPinAssignment = enumPinAssignment;
              
                  switch(ucInputPort)
                  {
              #if(_D0_DP_TYPE_C_PORT_CTRL_SUPPORT == _ON)
                      case _D0_INPUT_PORT:
              
                          // User Can Update DP Lane Cnt According to Pin Assignments
                          switch(enumPinAssignment)
                          {
                              case _TYPE_C_PIN_ASSIGNMENT_C:
                              case _TYPE_C_PIN_ASSIGNMENT_E:
              
                                  enumAltModeLaneCnt = _DP_LINK_4_LANE;
              
                                  break;
C51 COMPILER V9.60.0.0   RTD2014USERTYPECINTERFACE                                         09/18/2026 20:40:01 PAGE 26  

              
                              case _TYPE_C_PIN_ASSIGNMENT_D:
              
                                  enumAltModeLaneCnt = _DP_LINK_2_LANE;
              
                                  break;
              
              
                              default:
              
                                  break;
                          }
              
                          break;
              #endif
              
                      default:
                          break;
                  }
              
                  return enumAltModeLaneCnt;
              }
              #endif
              
              #if(_TYPE_C_PORT_CTRL_MODAL_OPERATION_SUPPORT == _ON)
              #if(_TYPE_C_VENDOR_ALT_MODE == _TYPE_C_LENOVO_ALT_MODE)
              //--------------------------------------------------
              // Description  : TypeC Lenovo Alt Mode Check Lenovo Device Type Valid
              // Input Value  : ucInputPort --> Input Port
              //                enumLenovoDeviceType --> Lenovo Device Type
              // Output Value : Lenovo Device Type Check Result (_TYPE_C_LENOVO_DEVICE_TYPE_INVALID / _TYPE_C_LENOVO_DEV
             -ICE_TYPE_VALID)
              //--------------------------------------------------
              EnumTypeCLenovoCheckDeviceTypeResult UserInterfaceTypeCCheckLenovoDeviceTypeValid(BYTE ucInputPort, EnumTy
             -peCLenovoDeviceType enumLenovoDeviceType)
              {
                  EnumTypeCLenovoCheckDeviceTypeResult enumLenovoCheckDeviceTypeResult = _TYPE_C_LENOVO_DEVICE_TYPE_INVA
             -LID;
                  enumLenovoDeviceType = enumLenovoDeviceType;
              
                  switch(ucInputPort)
                  {
              #if(_D0_DP_TYPE_C_PORT_CTRL_SUPPORT == _ON)
                      case _D0_INPUT_PORT:
              
                          // Check if Lenovo VDM Function is Supported According to Device Type from Port Partner
                          // If No Need to Check Device Type, Always Return _TYPE_C_LENOVO_DEVICE_TYPE_VALID
                          if(enumLenovoDeviceType == _TYPE_C_LENOVO_DESKTOP_PC)
                          {
                              enumLenovoCheckDeviceTypeResult = _TYPE_C_LENOVO_DEVICE_TYPE_VALID;
                          }
              
                          break;
              #endif
              
                      default:
                          break;
                  }
              
                  return enumLenovoCheckDeviceTypeResult;
              }
              
C51 COMPILER V9.60.0.0   RTD2014USERTYPECINTERFACE                                         09/18/2026 20:40:01 PAGE 27  

              //--------------------------------------------------
              // Description  : TypeC Lenovo Alt Mode Get Docking Event
              // Input Value  : ucInputPort --> Input Port
              //                stLenovoDockEvent --> Lenovo Docking Event
              // Output Value : None
              //--------------------------------------------------
              void UserInterfaceTypeCGetLenovoDockingEvent(BYTE ucInputPort, StructTypeCLenovoDockEvent *pstLenovoDockEv
             -ent)
              {
                  pstLenovoDockEvent = pstLenovoDockEvent;
              
                  switch(ucInputPort)
                  {
              #if(_D0_DP_TYPE_C_PORT_CTRL_SUPPORT == _ON)
                      case _D0_INPUT_PORT:
              
                          // Check if Docking Event Queue is Empty
                          if(GET_D0_TYPE_C_DOCK_EVENT_CNT() > 0)
                          {
                              // Update Docking Event Struct For Kernal Usage
                              memcpy(pstLenovoDockEvent, &GET_D0_TYPE_C_DOCK_EVENT_QUEUE(GET_D0_TYPE_C_DOCK_EVENT_HEAD()
             -), sizeof(StructTypeCLenovoDockEvent));
              
                              CLR_D0_TYPE_C_DOCK_EVENT_QUEUE();
                              ADD_D0_TYPE_C_DOCK_EVENT_HEAD();
                              SUB_D0_TYPE_C_DOCK_EVENT_CNT();
                          }
                          else
                          {
                              // Reset Default Value to Lenovo Docking Event
                              pstLenovoDockEvent->b4DockingReserved = 0x00;
                              pstLenovoDockEvent->enumDockingPowerSwitch = _TYPE_C_LENOVO_DOCK_POWER_SWITCH_NONE;
                              pstLenovoDockEvent->b1DockingWolRequest = _FALSE;
                              pstLenovoDockEvent->b1DockingEvent = _FALSE;
                          }
              
                          break;
              #endif
              
                      default:
                          break;
                  }
              }
              
              //--------------------------------------------------
              // Description  : TypeC Lenovo Alt Mode System Event or System Acknowledge Handler Process
              // Input Value  : ucInputPort --> Input Port
              //                stLenovoSysEvent --> Lenovo System Event
              // Output Value : None
              //--------------------------------------------------
              void UserInterfaceTypeCLenovoAltModeHandler(BYTE ucInputPort, StructTypeCLenovoSysEvent stLenovoSysEvent)
              {
                  stLenovoSysEvent = stLenovoSysEvent;
              
                  switch(ucInputPort)
                  {
              #if(_D0_DP_TYPE_C_PORT_CTRL_SUPPORT == _ON)
                      case _D0_INPUT_PORT:
                          // User can Change its behavior corresponding to System Event
                          // User can Retry Last Dock Event or Send Next Dock Event corresponding to System Acknowledge
                          break;
              #endif
C51 COMPILER V9.60.0.0   RTD2014USERTYPECINTERFACE                                         09/18/2026 20:40:01 PAGE 28  

              
                      default:
                          break;
                  }
              }
              #endif // End of #if(_TYPE_C_VENDOR_ALT_MODE == _TYPE_C_LENOVO_ALT_MODE)
              
              #if(_TYPE_C_VENDOR_ALT_MODE == _TYPE_C_ACER_ALT_MODE)
              //--------------------------------------------------
              // Description  : TypeC Acer Alt Mode Get User Event
              // Input Value  : ucInputPort --> Input Port
              //                pstAcerUserEvent --> Acer User Event
              // Output Value : None
              //--------------------------------------------------
              void UserInterfaceTypeCGetAcerUserEvent(BYTE ucInputPort, StructTypeCAcerUserEvent *pstAcerUserEvent)
              {
                  // 1. User Can Update User Event Macro Whenever Monitor Status Changes
                  // 2. Kernel will Get Acer User Event in this Function and send to Port Ctrl
              
                  BYTE ucVdoDataIndex = 0x00;
              
                  pstAcerUserEvent = pstAcerUserEvent;
                  ucVdoDataIndex = ucVdoDataIndex;
              
                  switch(ucInputPort)
                  {
              #if(_D0_DP_TYPE_C_PORT_CTRL_SUPPORT == _ON)
                      case _D0_INPUT_PORT:
              
                          /* Example :
                          if(Monitor Status Change)
                          {
                              SET_D0_TYPE_C_ACER_USER_EVENT(_TYPE_C_ACER_USER_EVENT_ATTENTION);   // Ask Kenel Send Atte
             -ntion
                              SET_D0_TYPE_C_ACER_USER_VDM_CNT( N );   // Set Number of VDO (Not include VDM Header)
                              SET_D0_TYPE_C_ACER_USER_VDM_DATA(0, VDO_0[31:24]);
                              SET_D0_TYPE_C_ACER_USER_VDM_DATA(1, VDO_0[23:16]);
                              SET_D0_TYPE_C_ACER_USER_VDM_DATA(2, VDO_0[15:8]);
                              SET_D0_TYPE_C_ACER_USER_VDM_DATA(3, VDO_0[7:0]);
                          }
                          */
              
                          // Check Acer User Event
                          if(GET_D0_TYPE_C_ACER_USER_EVENT() != _TYPE_C_ACER_USER_EVENT_NONE)
                          {
                              // Update Acer User Event to Kernel
                              pstAcerUserEvent->enumEvent = GET_D0_TYPE_C_ACER_USER_EVENT();
                              pstAcerUserEvent->b3VdmCnt = GET_D0_TYPE_C_ACER_USER_VDM_CNT();
              
                              for(ucVdoDataIndex = 0; ucVdoDataIndex < (GET_D0_TYPE_C_ACER_USER_VDM_CNT() * 4); ucVdoDat
             -aIndex++)
                              {
                                  pstAcerUserEvent->pucVdmData[ucVdoDataIndex] = GET_D0_TYPE_C_ACER_USER_VDM_DATA(ucVdoD
             -ataIndex);
                              }
              
                              // Clear Acer User Evnet in User
                              CLR_D0_TYPE_C_ACER_USER_EVENT(_TYPE_C_ACER_USER_EVENT_ALL);
                          }
              
                          break;
              #endif
C51 COMPILER V9.60.0.0   RTD2014USERTYPECINTERFACE                                         09/18/2026 20:40:01 PAGE 29  

              
                      default:
                          break;
                  }
              }
              
              //--------------------------------------------------
              // Description  : TypeC Acer Alt Mode System Event Process
              // Input Value  : ucInputPort --> Input Port
              //                stAcerSysEvent --> Acer System Event
              // Output Value : None
              //--------------------------------------------------
              void UserInterfaceTypeCAcerAltModeHandler(BYTE ucInputPort, StructTypeCAcerSysEvent stAcerSysEvent)
              {
                  stAcerSysEvent = stAcerSysEvent;
              
                  switch(ucInputPort)
                  {
              #if(_D0_DP_TYPE_C_PORT_CTRL_SUPPORT == _ON)
                      case _D0_INPUT_PORT:
                          // User can Change its behavior corresponding to System Event
                          // stAcerSysEvent.b3VdmCnt : Number of VDO from System
                          // stAcerSysEvent.pucVdmData[0] : VDO_0[31:24], pucVdmData[1] : VDO_0[23:16]...
                          break;
              #endif
              
                      default:
                          break;
                  }
              }
              #endif // End of #if(_TYPE_C_VENDOR_ALT_MODE == _TYPE_C_ACER_ALT_MODE)
              
              #if(_TYPE_C_VENDOR_ALT_MODE == _TYPE_C_HP_ALT_MODE)
              //--------------------------------------------------
              // Description  : TypeC Hp Alt Mode Get User Event
              // Input Value  : ucInputPort --> Input Port
              //                pstHpUserEvent --> Hp User Event
              // Output Value : None
              //--------------------------------------------------
              void UserInterfaceTypeCGetHpUserEvent(BYTE ucInputPort, StructTypeCHpUserEvent *pstHpUserEvent)
              {
                  // 1. User Can Update User Event Macro Whenever Monitor Status Changes
                  // 2. Kernel will Get Hp User Event in this Function and send to Port Ctrl
              
                  BYTE ucVdoDataIndex = 0x00;
              
                  pstHpUserEvent = pstHpUserEvent;
                  ucVdoDataIndex = ucVdoDataIndex;
              
                  switch(ucInputPort)
                  {
              #if(_D0_DP_TYPE_C_PORT_CTRL_SUPPORT == _ON)
                      case _D0_INPUT_PORT:
              
                          /* Example :
                          if(Monitor Status Change)
                          {
                              SET_D0_TYPE_C_HP_USER_EVENT(_TYPE_C_HP_USER_EVENT_ATTENTION);   // Ask Kenel Send Attentio
             -n
                              SET_D0_TYPE_C_HP_USER_VDM_CNT( N );   // Set Number of VDO (Not include VDM Header)
                              SET_D0_TYPE_C_HP_USER_VDM_DATA(0, VDO_0[31:24]);
                              SET_D0_TYPE_C_HP_USER_VDM_DATA(1, VDO_0[23:16]);
C51 COMPILER V9.60.0.0   RTD2014USERTYPECINTERFACE                                         09/18/2026 20:40:01 PAGE 30  

                              SET_D0_TYPE_C_HP_USER_VDM_DATA(2, VDO_0[15:8]);
                              SET_D0_TYPE_C_HP_USER_VDM_DATA(3, VDO_0[7:0]);
                          }
                          */
              
                          // Check Hp User Event
                          if(GET_D0_TYPE_C_HP_USER_EVENT() != _TYPE_C_HP_USER_EVENT_NONE)
                          {
                              if(GET_D0_TYPE_C_HP_USER_VDM_CNT() > 5)
                              {
                                  SET_D0_TYPE_C_HP_USER_VDM_CNT(5);
                              }
              
                              // Update Hp User Event to Kernel
                              pstHpUserEvent->enumEvent = GET_D0_TYPE_C_HP_USER_EVENT();
                              pstHpUserEvent->b3VdmCnt = GET_D0_TYPE_C_HP_USER_VDM_CNT();
              
                              for(ucVdoDataIndex = 0; ucVdoDataIndex < (GET_D0_TYPE_C_HP_USER_VDM_CNT() * 4); ucVdoDataI
             -ndex++)
                              {
                                  pstHpUserEvent->pucVdmData[ucVdoDataIndex] = GET_D0_TYPE_C_HP_USER_VDM_DATA(ucVdoDataI
             -ndex);
                              }
              
                              // Clear Hp User Evnet in User
                              CLR_D0_TYPE_C_HP_USER_EVENT(_TYPE_C_HP_USER_EVENT_ALL);
                          }
              
                          break;
              #endif
              
                      default:
                          break;
                  }
              }
              
              //--------------------------------------------------
              // Description  : TypeC Hp Alt Mode System Event Process
              // Input Value  : ucInputPort --> Input Port
              //                stHpSysEvent --> Hp System Event
              // Output Value : None
              //--------------------------------------------------
              void UserInterfaceTypeCHpAltModeHandler(BYTE ucInputPort, StructTypeCHpSysEvent stHpSysEvent)
              {
                  stHpSysEvent = stHpSysEvent;
              
                  switch(ucInputPort)
                  {
              #if(_D0_DP_TYPE_C_PORT_CTRL_SUPPORT == _ON)
                      case _D0_INPUT_PORT:
                          // User can Change its behavior corresponding to System Event
                          // stHpSysEvent.b3VdmCnt : Number of VDO from System
                          // stHpSysEvent.pucVdmData[0] : VDO_0[31:24], pucVdmData[1] : VDO_0[23:16]...
                          break;
              #endif
              
                      default:
                          break;
                  }
              }
              #endif // End of #if(_TYPE_C_VENDOR_ALT_MODE == _TYPE_C_HP_ALT_MODE)
              
C51 COMPILER V9.60.0.0   RTD2014USERTYPECINTERFACE                                         09/18/2026 20:40:01 PAGE 31  

              #if(_TYPE_C_VENDOR_ALT_MODE == _TYPE_C_DELL_ALT_MODE)
              //--------------------------------------------------
              // Description  : TypeC Get Dell Alt Mode Initial Complete Status
              // Input Value  : ucInputPort
              // Output Value : Dell Alt Mode Initial Complete (_TYPE_C_DELL_INIT_COMPLETE / _TYPE_C_DELL_INIT_NOT_COMPL
             -ETE)
              //--------------------------------------------------
              EnumTypeCDellInitCompleteStatus UserInterfaceTypeCGetDellAltModeInitComplete(BYTE ucInputPort)
              {
                  switch(ucInputPort)
                  {
                      // =======================================================================
                      // The following are two conditions for DDM1_INIT_COMPLETE in Dell Alt Mode Spec:
                      // (a) Scaler responded RESPONSE_OK on HOST_CMD_PWRBTN_LED from Host.
                      // (b) Scaler responded DEVICE_STATUS on HOST_CMD_GET_DEVICE_STATUS from Host.
                      //
                      // When User Detects that the Dell Alt Mode is Ready, Active a 700ms Timer.
                      // If DDM1_INIT_COMPLETE Status has not been Reached within 700ms, Also Return _TYPE_C_DELL_INIT_C
             -OMPLETE, so that Kernel can Know when to Start Link Training.
                      //
                      //
                      // To Summarize the above Description:
                      // If User Detects these two conditions (Both a and b Conditions) are Met or 700ms Timer Time Out,
             - then Return _TYPE_C_DELL_INIT_COMPLETE.
                      // Otherwise, Return _TYPE_C_DELL_INIT_NOT_COMPLETE.
                      //
                      // Note:
                      // When leaving Dell Alt Mode (In Other Words, Dell Alt Mode isn't Ready), Please Clear DDM1_INIT_
             -COMPLETE Status.
                      // =======================================================================
              
              #if(_D0_DP_TYPE_C_PORT_CTRL_SUPPORT == _ON)
                      case _D0_INPUT_PORT:
              
                          /* Example :
                          if(Both Condition are Met || 700ms Timer Time Out)
                          {
                              return _TYPE_C_DELL_INIT_COMPLETE;
                          }
                          else
                          {
                              return _TYPE_C_DELL_INIT_NOT_COMPLETE;
                          }
                          */
              
                          break;
              #endif
              
                      default:
                          break;
                  }
              
                  return _TYPE_C_DELL_INIT_NOT_COMPLETE;
              }
              
              //--------------------------------------------------
              // Description  : TypeC Dell Alt Mode System Event Process
              // Input Value  : ucInputPort
              //                stDellSysEvent --> Dell System Event
              // Output Value : None
              //--------------------------------------------------
              void UserInterfaceTypeCDellAltModeHandler(BYTE ucInputPort, StructTypeCDellSysEvent stDellSysEvent)
C51 COMPILER V9.60.0.0   RTD2014USERTYPECINTERFACE                                         09/18/2026 20:40:01 PAGE 32  

              {
                  stDellSysEvent = stDellSysEvent;
              
                  switch(ucInputPort)
                  {
              #if(_D0_DP_TYPE_C_PORT_CTRL_SUPPORT == _ON)
                      case _D0_INPUT_PORT:
                          // User can Change its behavior corresponding to System Event
                          // stDellSysEvent.b3VdmCnt : Number of VDO from System
                          // stDellSysEvent.pucVdmData[0] : VDO_0[31:24], pucVdmData[1] : VDO_0[23:16]...
                          break;
              #endif
              
                      default:
                          break;
                  }
              }
              
              //--------------------------------------------------
              // Description  : TypeC Dell Alt Mode Get User Event
              // Input Value  : ucInputPort
              //                pstDellUserEvent --> Dell User Event
              // Output Value : None
              //--------------------------------------------------
              void UserInterfaceTypeCGetDellUserEvent(BYTE ucInputPort, StructTypeCDellUserEvent *pstDellUserEvent)
              {
                  // 1. User Can Update User Event Macro Whenever Monitor Status Changes
                  // 2. Kernel will Get Dell User Event in this Function and send to Port Ctrl
              
                  BYTE ucVdoDataIndex = 0x00;
              
                  pstDellUserEvent = pstDellUserEvent;
                  ucVdoDataIndex = ucVdoDataIndex;
              
                  switch(ucInputPort)
                  {
              #if(_D0_DP_TYPE_C_PORT_CTRL_SUPPORT == _ON)
                      case _D0_INPUT_PORT:
              
                          /* Example :
                          if(Monitor Status Change)
                          {
                              SET_D0_TYPE_C_DELL_USER_EVENT(_TYPE_C_DELL_USER_EVENT_ATTEN);   // Ask Kenel Send Attentio
             -n
                              SET_D0_TYPE_C_DELL_USER_VDM_CNT( N );   // Set Number of VDO (Not include VDM Header)
                              SET_D0_TYPE_C_DELL_USER_VDM_DATA(0, VDO_0[31:24]);
                              SET_D0_TYPE_C_DELL_USER_VDM_DATA(1, VDO_0[23:16]);
                              SET_D0_TYPE_C_DELL_USER_VDM_DATA(2, VDO_0[15:8]);
                              SET_D0_TYPE_C_DELL_USER_VDM_DATA(3, VDO_0[7:0]);
                          }
                          */
              
                          // Check Dell User Event
                          if(GET_D0_TYPE_C_DELL_USER_EVENT() != _TYPE_C_DELL_USER_EVENT_NONE)
                          {
                              if(GET_D0_TYPE_C_DELL_USER_VDM_CNT() > 6)
                              {
                                  SET_D0_TYPE_C_DELL_USER_VDM_CNT(6);
                              }
              
                              // Update Dell User Event to Kernel
                              pstDellUserEvent->enumEvent = GET_D0_TYPE_C_DELL_USER_EVENT();
C51 COMPILER V9.60.0.0   RTD2014USERTYPECINTERFACE                                         09/18/2026 20:40:01 PAGE 33  

                              pstDellUserEvent->b3VdmCnt = GET_D0_TYPE_C_DELL_USER_VDM_CNT();
              
                              for(ucVdoDataIndex = 0; ucVdoDataIndex < (GET_D0_TYPE_C_DELL_USER_VDM_CNT() * 4); ucVdoDat
             -aIndex++)
                              {
                                  pstDellUserEvent->pucVdmData[ucVdoDataIndex] = GET_D0_TYPE_C_DELL_USER_VDM_DATA(ucVdoD
             -ataIndex);
                              }
              
                              // Clear Dell User Evnet in User
                              CLR_D0_TYPE_C_DELL_USER_EVENT(_TYPE_C_DELL_USER_EVENT_ALL);
                          }
              
                          break;
              #endif
              
                      default:
                          break;
                  }
              }
              #endif // End if #if(_TYPE_C_VENDOR_ALT_MODE == _TYPE_C_DELL_ALT_MODE)
              #endif // End of #if(_TYPE_C_PORT_CTRL_MODAL_OPERATION_SUPPORT == _ON)
              
              //--------------------------------------------------
              // Description  : Get TypeC PDO From User / Kernel
              // Input Value  : ucInputPort --> Input Port
              //              : enumPowerRole --> _TYPE_C_POWER_SRC / _TYPE_C_POWER_SNK
              // Output Value : return PDO from USER / KERNEL
              //--------------------------------------------------
              EnumTypeCPdoReference UserInterfaceTypeCPdoReference(BYTE ucInputPort, EnumTypeCPowerRole enumPowerRole)
              {
                  enumPowerRole = enumPowerRole;
              
                  switch(ucInputPort)
                  {
                      case _D0_INPUT_PORT:
              
                          if(enumPowerRole == _TYPE_C_POWER_SRC)
                          {
                              // Source Capability Default Defined By User
                              return _TYPE_C_PDO_FROM_USER;
                          }
                          else if(enumPowerRole == _TYPE_C_POWER_SNK)
                          {
                              // Sink Capability Default Difined By Kernel
                              return _TYPE_C_PDO_FROM_KERNEL;
                          }
              
                          break;
              
                      default:
                          break;
                  }
                  return _TYPE_C_PDO_FROM_KERNEL;
              }
              
              //--------------------------------------------------
              // Description  : Get TypeC RDO From User / Kernel
              // Input Value  : ucInputPort --> Input Port
              // Output Value : return PDO from USER / KERNEL
              //--------------------------------------------------
              EnumTypeCRdoReference UserInterfaceTypeCRdoReference(BYTE ucInputPort)
C51 COMPILER V9.60.0.0   RTD2014USERTYPECINTERFACE                                         09/18/2026 20:40:01 PAGE 34  

              {
                  switch(ucInputPort)
                  {
                      case _D0_INPUT_PORT:
              
                          // Kernel Default Request 5V @ 500mA
                          return _TYPE_C_RDO_FROM_KERNEL;
              
                          break;
              
                      default:
                          break;
                  }
                  return _TYPE_C_RDO_FROM_KERNEL;
              }
              
              //--------------------------------------------------
              // Description  : Embedded Port Controller Max Power
              // Input Value  : ucInputPort --> Input Port
              // Output Value : return Max Power (Unit = 0.1W)
              //--------------------------------------------------
              WORD UserInterfaceTypeCGetMaxPower(BYTE ucInputPort)
              {
                  // Max Power Range From 0 ~ 100W
                  WORD usEmbTypeCMaxPower = 0;
              
                  // User can use "UserCommonUsbHubGetDspInfo(_HUB_DSP0)" to Create ucHubDeviceCnt logic
              
                  switch(ucInputPort)
                  {
                      case _D0_INPUT_PORT:
              
                          // User Can Define Different Max Power According to Device Count
                          // Default Max Power = 270 * 0.1 = 27W
                          usEmbTypeCMaxPower = 270;
              
                          break;
              
                      default:
              
                          // Default Max Power = 270 * 0.1 = 27W
                          usEmbTypeCMaxPower = 270;
              
                          break;
                  }
              
                  return usEmbTypeCMaxPower;
              }
              
              //--------------------------------------------------
              // Description  : Embedded Port Controller Sink Information
              // Input Value  : ucInputPort --> Input Port
              //                *pstTypeCSnkInfo --> Sink Information
              // Output Value : None
              //--------------------------------------------------
              void UserInterfaceTypeCGetSnkInfo(BYTE ucInputPort, StructTypeCSnkInfo *pstTypeCSnkInfo)
              {
                  switch(ucInputPort)
                  {
                      case _D0_INPUT_PORT:
              
                          // Sink Minimum PDP (100 * 0.1 = 10W) : Minimum Power Required by the Sink.
C51 COMPILER V9.60.0.0   RTD2014USERTYPECINTERFACE                                         09/18/2026 20:40:01 PAGE 35  

                          // Note : Sink Minimum PDP Shall be less than or equal to the Sink Operational PDP.
                          pstTypeCSnkInfo->usSnkMinPDP = 100;
              
                          // Sink Operational PDP (100 * 0.1 = 10W) : Manufacturer Recommended PDP of the Sink.
                          pstTypeCSnkInfo->usSnkOpePDP = 100;
              
                          // Sink Maximum PDP (180 * 0.1 = 18W) : Highest Amount of Power the Sink Consumes Under Any Op
             -erating Condition.
                          // Note : Sink Maximum PDP Shall Not be less than the Sink Operational PDP.
                          pstTypeCSnkInfo->usSnkMaxPDP = 180;
              
                          break;
              
                      default:
              
                          // Default Sink Power Requirement
                          pstTypeCSnkInfo->usSnkMinPDP = 100;
                          pstTypeCSnkInfo->usSnkOpePDP = 100;
                          pstTypeCSnkInfo->usSnkMaxPDP = 180;
              
                          break;
                  }
              }
              
              //--------------------------------------------------
              // Description  : Embedded Port Controller SPR PDO Count
              // Input Value  : ucInputPort --> Input Port
              //              : enumPowerRole --> _TYPE_C_POWER_SRC / _TYPE_C_POWER_SNK
              // Output Value : return Number of SPR PDOs (from 0 ~ 7)
              //--------------------------------------------------
              EnumTypeCPdoNumber UserInterfaceTypeCGetPdoCount(BYTE ucInputPort, EnumTypeCPowerRole enumPowerRole)
              {
                  enumPowerRole = enumPowerRole;
              
                  // User can use "UserCommonUsbHubGetDspInfo(_HUB_DSP0)" to Create ucHubDeviceCnt logic
              
                  switch(ucInputPort)
                  {
                      case _D0_INPUT_PORT:
              
                          if(enumPowerRole == _TYPE_C_POWER_SRC)
                          {
                              // Set Number of Source PDOs
              #if(_TYPE_C_EMB_PD3_PPS_SUPPORT == _ON)
                              // PPS Support : Default 2 Fix + 1 PPS PDO = 3 PDOs
                              return _TYPE_C_PDO_NUM_3;
              #else
                              // No PPS Support : Default 2 Fix PDO
                              return _TYPE_C_PDO_NUM_2;
              #endif
                          }
                          else if(enumPowerRole == _TYPE_C_POWER_SNK)
                          {
                              // Set Number of Sink PDOs, Example : 2 Sink PDOs
                              // [MM1AE-3035] For Lecroy TEST.PD.PS.SNK.01 Issue, Vbus Powered Sink Must Set At Least 2 
             -Sink PDOs
                              return _TYPE_C_PDO_NUM_2;
                          }
              
                          break;
              
                      default:
C51 COMPILER V9.60.0.0   RTD2014USERTYPECINTERFACE                                         09/18/2026 20:40:01 PAGE 36  

                          break;
                  }
              
                  return _TYPE_C_PDO_NUM_2;
              }
              
              #if(_PORT_CONTROLLER_PD3_1_EPR_SUPPORT == _ON)
              //--------------------------------------------------
              // Description  : Embedded Port Controller EPR PDO Count
              // Input Value  : ucInputPort --> Input Port
              //              : enumPowerRole --> _TYPE_C_POWER_SRC / _TYPE_C_POWER_SNK
              // Output Value : return Number of EPR PDOs (from 0 ~ 4)
              //--------------------------------------------------
              EnumTypeCPdoNumber UserInterfaceTypeCGetEPRPdoCount(BYTE ucInputPort, EnumTypeCPowerRole enumPowerRole)
              {
                  enumPowerRole = enumPowerRole;
              
                  switch(ucInputPort)
                  {
                      case _D0_INPUT_PORT:
              
                          if(enumPowerRole == _TYPE_C_POWER_SRC)
                          {
                              // Default 2 EPR PDO : 28V@(PDP/28)A and 1 AVS PDO 15V~28V@(PDP/AVS Voltage)A
                              return _TYPE_C_PDO_NUM_2;
                          }
                          else if(enumPowerRole == _TYPE_C_POWER_SNK)
                          {
                              // Warning !!! TypeC do not support EPR Sink, EPR Sink PDO count should be 0 !!!
                              return _TYPE_C_PDO_NUM_0;
                          }
              
                          break;
              
                      default:
                          break;
                  }
              
                  return _TYPE_C_PDO_NUM_0;
              }
              #endif
              
              //--------------------------------------------------
              // Description  : Kernel Get Embedded Port Controller Source PDO Info
              // Input Value  : ucInputPort --> Input Port
              //                ucPdoIndex --> PDO Index
              //                *pstTypeCUserSrcPdo --> Source PDO Info
              // Output Value : None
              //--------------------------------------------------
              void UserInterfaceTypeCGetSrcPdoInfo(BYTE ucInputPort, BYTE ucPdoIndex, StructTypeCUserPDO *pstTypeCUserSr
             -cPdo)
              {
                  ucPdoIndex = ucPdoIndex;
                  pstTypeCUserSrcPdo = pstTypeCUserSrcPdo;
              
                  // User can use "UserCommonUsbHubGetDspInfo()" to Create ucHubDeviceCnt logic
              
                  switch(ucInputPort)
                  {
                      case _D0_INPUT_PORT:
              
                          switch(ucPdoIndex)
C51 COMPILER V9.60.0.0   RTD2014USERTYPECINTERFACE                                         09/18/2026 20:40:01 PAGE 37  

                          {
                              // =============================== WARNING ===============================
                              // 1st PDO Must Be Fix Supply PDO @ 5V
                              // ALL PDO Type Must Be In Order : Fix -> SPR AVS -> PPS
                              // SPR AVS PDO Must Be Supported when (PD Power > 27W) and (PD Version >= PD3.2) (Refer TO
             - PD Power Rule in Table 10.2)
                              // SPR AVS 15V Max Current Field Shall Be Equal To The Max Current Field Of The 15V Fixed 
             -Source PDO
                              // SPR AVS 20V Max Current Field Shall Be Equal To The Max Current Field Of The 20V Fixed 
             -Source PDO if PD Power > 45W, otherwise Shall Be 0
                              // ALL PDO Voltage in Same Type Must Be In Order : Lowest To Highest
                              // User Can Define Different PDO According to Device Count
                              // =======================================================================
              
                              case _TYPE_C_PDO_NUM_1:
              
                                  // -------------------- 1st Source PDO --------------------
                                  // PDO Type = Fix Supply PDO, Must Be 5V (Max = 5A)
                                  // Peak Current Only for Source Fix Supply PDO & AVS PDO, And enumPeakCurrent Could No
             -t Be _PD_PEAK_CUR_NONE Only When FW_OCP Enabled
                                  // Max Voltage (Unit = 100mV) : 50 * 100mV = 5V
                                  // Max Current (Unit = 10mA)  : 300 *  10mA = 3A
                                  // --------------------------------------------------------
                                  pstTypeCUserSrcPdo->enumPdoType = _PD_FIX_SUPPLY_PDO;
                                  pstTypeCUserSrcPdo->enumPeakCurrent = _PD_PEAK_CUR_NONE;
                                  pstTypeCUserSrcPdo->usMaxVoltage = 50;
                                  pstTypeCUserSrcPdo->usMaxCurrent = 300;
              
                                  break;
              
                              case _TYPE_C_PDO_NUM_2:
              
                                  // -------------------- 2nd Source PDO --------------------
                                  // PDO Type = Fix Supply PDO (Max = 20V / 5A)
                                  // Peak Current Only for Source Fix Supply PDO & AVS PDO, And enumPeakCurrent Could No
             -t Be _PD_PEAK_CUR_NONE Only When FW_OCP Enabled
                                  // Max Voltage (Unit = 100mV) : 90 * 100mV = 9V
                                  // Max Current (Unit = 10mA)  : 300 *  10mA = 3A
                                  // --------------------------------------------------------
                                  pstTypeCUserSrcPdo->enumPdoType = _PD_FIX_SUPPLY_PDO;
                                  pstTypeCUserSrcPdo->enumPeakCurrent = _PD_PEAK_CUR_NONE;
                                  pstTypeCUserSrcPdo->usMaxVoltage = 90;
                                  pstTypeCUserSrcPdo->usMaxCurrent = 300;
              
                                  break;
              
                              case _TYPE_C_PDO_NUM_3:
              
              #if(_TYPE_C_EMB_PD3_PPS_SUPPORT == _ON)
                                  // ----------- 3rd Source PDO (PPS PDO Example) -----------
                                  // PDO Type = Programmable PDO (9V PPS PDO = 5V ~ 11V)
                                  // Min Voltage (Unit = 100mV) : 50 * 100mV = 5V
                                  // Max Voltage (Unit = 100mV) : 110 * 100mV = 11V
                                  // Max Current (Unit = 10mA)  : 300 *  10mA = 3A
                                  // User Shall Set Max Current Value in Units of 50 mA, otherwise Value Will be Truncat
             -ed
                                  // --------------------------------------------------------
                                  pstTypeCUserSrcPdo->enumPdoType = _PD_3_PROGRAMMABLE_PDO;
                                  pstTypeCUserSrcPdo->usMinVoltage = 50;
                                  pstTypeCUserSrcPdo->usMaxVoltage = 110;
                                  pstTypeCUserSrcPdo->usMaxCurrent = 300;
              #endif
C51 COMPILER V9.60.0.0   RTD2014USERTYPECINTERFACE                                         09/18/2026 20:40:01 PAGE 38  

                                  break;
              
                              case _TYPE_C_PDO_NUM_4:
                              case _TYPE_C_PDO_NUM_5:
                              case _TYPE_C_PDO_NUM_6:
                              case _TYPE_C_PDO_NUM_7:
              
                                  break;
              
              #if((_TYPE_C_EMB_PD3_1_EPR_SUPPORT == _ON) || (_D0_DP_TYPE_C_EXT_PD3_1_EPR_SUPPORT == _ON))
                              case _TYPE_C_PDO_NUM_8:
              
                                  // -------------------- 8st Source PDO --------------------
                                  // Index = 8
                                  // PDO Type = Fix Supply EPR PDO
                                  // Peak Current Only for Source Fix Supply PDO & AVS PDO, And enumPeakCurrent Could No
             -t Be _PD_PEAK_CUR_NONE Only When FW_OCP Enabled
                                  // Max Voltage (Unit = 100mV) : 280 * 100mV = 28V
                                  // Max Current (Unit = 10mA)  : 500 *  10mA = 5A
                                  // --------------------------------------------------------
                                  pstTypeCUserSrcPdo->enumPdoType = _PD_FIX_SUPPLY_PDO;
                                  pstTypeCUserSrcPdo->enumPeakCurrent = _PD_PEAK_CUR_NONE;
                                  pstTypeCUserSrcPdo->usMaxVoltage = 280;
                                  pstTypeCUserSrcPdo->usMaxCurrent = 500;
              
                                  break;
              
                              case _TYPE_C_PDO_NUM_9:
              
                                  // -------------------- 9st Source PDO --------------------
                                  // Index = 9
                                  // PDO Type = AVS EPR PDO (28V AVS PDO = 15V ~ 28V)
                                  // Peak Current Only for Source Fix Supply PDO & AVS PDO, And enumPeakCurrent Could No
             -t Be _PD_PEAK_CUR_NONE Only When FW_OCP Enabled
                                  // Min Voltage (Unit = 100mV) : 150 * 100mV = 15V
                                  // Max Voltage (Unit = 100mV) : 280 * 100mV = 28V
                                  // --------------------------------------------------------
                                  pstTypeCUserSrcPdo->enumPdoType = _PD_3_1_ADJUSTABLE_PDO;
                                  pstTypeCUserSrcPdo->enumPeakCurrent = _PD_PEAK_CUR_NONE;
                                  pstTypeCUserSrcPdo->usMinVoltage = 150;
                                  pstTypeCUserSrcPdo->usMaxVoltage = 280;
              
                                  break;
              
                              case _TYPE_C_PDO_NUM_10:
                              case _TYPE_C_PDO_NUM_11:
              
                                  break;
              #endif
              
                              default:
              
                                  break;
                          }
              
              
                          break;
              
                      default:
              
                          break;
                  }
C51 COMPILER V9.60.0.0   RTD2014USERTYPECINTERFACE                                         09/18/2026 20:40:01 PAGE 39  

              }
              
              //--------------------------------------------------
              // Description  : Kernel Get Embedded Port Controller Sink PDO Info
              // Input Value  : ucInputPort --> Input Port
              //                ucPdoIndex --> PDO Index
              //                *pstTypeCUserSnkPdo --> Sink PDO Info (Sink Capability)
              // Output Value : None
              //--------------------------------------------------
              void UserInterfaceTypeCGetSnkPdoInfo(BYTE ucInputPort, BYTE ucPdoIndex, StructTypeCUserPDO *pstTypeCUserSn
             -kPdo)
              {
                  ucPdoIndex = ucPdoIndex;
                  pstTypeCUserSnkPdo = pstTypeCUserSnkPdo;
              
                  // Example : 2 Sink PDOs (5V@2A / 9V@2A)
              
                  switch(ucInputPort)
                  {
                      case _D0_INPUT_PORT:
              
                          switch(ucPdoIndex)
                          {
                              // =============================== WARNING ===============================
                              // 1st PDO Must Be Fix Supply PDO @ 5V
                              // ALL PDO Type Must Be In Order : Fix -> PPS
                              // ALL PDO Voltage in Same Type Must Be In Order : Lowest To Highest
                              // User Can Define Different PDO According to Device Count
                              // [MM1AE-3035] For Lecroy TEST.PD.PS.SNK.01 Issue, Vbus Powered Sink Must Set At Least 2 
             -Sink PDOs
                              // =======================================================================
              
                              case _TYPE_C_PDO_NUM_1:
              
                                  // -------------------- 1st Sink PDO ----------------------
                                  // PDO Type = Fix Supply PDO, Must Be 5V (Max = 5A)
                                  // Max Voltage (Unit = 100mV) : 50 * 100mV = 5V
                                  // Max Current (Unit = 10mA)  : 200 *  10mA = 2A
                                  // --------------------------------------------------------
                                  pstTypeCUserSnkPdo->enumPdoType = _PD_FIX_SUPPLY_PDO;
                                  pstTypeCUserSnkPdo->usMaxVoltage = 50;
                                  pstTypeCUserSnkPdo->usMaxCurrent = 200;
              
                                  break;
              
                              case _TYPE_C_PDO_NUM_2:
              
                                  // -------------------- 2nd Sink PDO ----------------------
                                  // PDO Type = Fix Supply PDO (Max = 20V / 5A)
                                  // Max Voltage (Unit = 100mV) : 90 * 100mV = 9V
                                  // Max Current (Unit = 10mA)  : 200 *  10mA = 2A
                                  // --------------------------------------------------------
                                  pstTypeCUserSnkPdo->enumPdoType = _PD_FIX_SUPPLY_PDO;
                                  pstTypeCUserSnkPdo->usMaxVoltage = 90;
                                  pstTypeCUserSnkPdo->usMaxCurrent = 200;
              
                                  break;
              
                              case _TYPE_C_PDO_NUM_3:
                              case _TYPE_C_PDO_NUM_4:
                              case _TYPE_C_PDO_NUM_5:
                              case _TYPE_C_PDO_NUM_6:
C51 COMPILER V9.60.0.0   RTD2014USERTYPECINTERFACE                                         09/18/2026 20:40:01 PAGE 40  

                              case _TYPE_C_PDO_NUM_7:
                              default:
              
                                  break;
                          }
              
              
                          break;
              
                      default:
              
                          break;
                  }
              }
              
              //--------------------------------------------------
              // Description  : Kernel Get Embedded Port Controller Initial Request Info
              // Input Value  : ucInputPort --> Input Port
              //                *pstTypeCUserInitRdo --> Initial Request Info
              // Output Value : None
              //--------------------------------------------------
              void UserInterfaceTypeCGetInitRdoInfo(BYTE ucInputPort, StructTypeCUserInitRDO *pstTypeCUserInitRdo)
              {
                  // --------------------------------- NOTE ---------------------------------
                  // This is the Initial Request Info that User can Set when There is No Contract.
                  // If User Set pstTypeCUserRdo->enumReqType to _TYPE_C_REQ_LOWEST_VOL or
                  // _TYPE_C_REQ_HIGHEST_VOL, then No Need to Set pstTypeCUserRdo->enumTargetVolRDO.
                  // If User Set pstTypeCUserRdo->enumReqType to _TYPE_C_REQ_TARGET_VOL,
                  // then MUST be Set pstTypeCUserRdo->enumTargetVolRDO.
                  // [MM1AE-3035] For Lecroy TEST.PD.PS.SNK.01 Issue, Vbus Powered Sink Must Request PDO Other Than 5V.
                  // ------------------------------------------------------------------------
              
                  // Set Default Initial Request Info
                  pstTypeCUserInitRdo->enumReqType = _TYPE_C_REQ_CUSTOMIZED_RDO;
                  pstTypeCUserInitRdo->enumTargetVolRDO = _TYPE_C_RDO_NO_TARGET;
              
                  switch(ucInputPort)
                  {
                      case _D0_INPUT_PORT:
                      default:
                          break;
                  }
              }
              
              //--------------------------------------------------
              // Description  : Kernel Get Embedded Port Controller Request Info
              // Input Value  : ucInputPort --> Input Port
              //                *pstTypeCUserRdo --> Request Info
              // Output Value : None
              //--------------------------------------------------
              void UserInterfaceTypeCGetRdoInfo(BYTE ucInputPort, StructTypeCUserRDO *pstTypeCUserRdo)
              {
                  // ============================== EXAMPLE ================================
                  // User can Use "SysTypeCGetPartnerPdoCnt" to Get Num of PDO Source Provided
                  // User can Use "SysTypeCGetPartnerPdo" to Read Each PDO Info
                  // User can Use "SysTypeCGetPdoStatus" to Get Current PDO Status
                  // 1. If 9V @ 2A Exist, Request 9V @ 2A
                  // 2. If 9V Exist, But Current < 2A, Request 9V @ Max Cur Source can Provide
                  // 3. If 9V Not Exist (or Not Receive Src cAP), Request 5V @ 500mA
                  // =======================================================================
              
                  BYTE ucPartnerPdoCnt = 0x00;
C51 COMPILER V9.60.0.0   RTD2014USERTYPECINTERFACE                                         09/18/2026 20:40:01 PAGE 41  

                  BYTE ucPdoIndex = 0x00;
                  StructTypeCUserPDO stTypeCPartnerPdo;
              
                  pstTypeCUserRdo = pstTypeCUserRdo;
              
                  switch(ucInputPort)
                  {
                      case _D0_INPUT_PORT:
              
                          ucPartnerPdoCnt = SysTypeCGetPartnerPdoCnt(_D0_INPUT_PORT, _TYPE_C_POWER_SRC);
              
                          // Set Default Request 5V @ 500mA
                          pstTypeCUserRdo->enumObjPos = _TYPE_C_PDO_NUM_1; // 1st PDO Must Be 5V Fix
                          pstTypeCUserRdo->usReqInfo1 = 50;                // Fix PDO : Op. Cur in 10mA / PPS PDO : Vol 
             -in 20mV / AVS RDO (Vol in 25mV)
                          pstTypeCUserRdo->usReqInfo2 = 50;                // Fix PDO : Max. Cur in 10mA / PPS PDO : Op.
             -Cur in 50mA / AVS RDO (Op. Cur in 50mA)
              
                          if(ucPartnerPdoCnt != 0x00)
                          {
                              // If PDO Count NOT 0 (Already Receive PDO from Source), Check PDO Info
                              for(ucPdoIndex = 1; ucPdoIndex <= ucPartnerPdoCnt; ucPdoIndex++)
                              {
                                  // Get Partner Source PDO Info (enumPdoType = PDO Type, usMaxVoltage = Vol in 100mV, u
             -sMaxCurrent = Cur in 10mA)
                                  stTypeCPartnerPdo = SysTypeCGetPartnerPdo(_D0_INPUT_PORT, _TYPE_C_POWER_SRC, ucPdoInde
             -x);
              
                                  // Search if Any PDO Match Fix Supply 9V (90 * 100mV)
                                  if((stTypeCPartnerPdo.enumPdoType == _PD_FIX_SUPPLY_PDO) && (stTypeCPartnerPdo.usMaxVo
             -ltage == 90))
                                  {
                                      // Set Obj Pos to 9V PDO
                                      pstTypeCUserRdo->enumObjPos = ucPdoIndex;
              
                                      // Check if Current Meet 2A (200 * 10mA)
                                      if(stTypeCPartnerPdo.usMaxCurrent >= 200)
                                      {
                                          // Set Request Op. Cur and Max. Cur = 200 * 10mA = 2A
                                          pstTypeCUserRdo->usReqInfo1 = 200;
                                          pstTypeCUserRdo->usReqInfo2 = 200;
                                      }
                                      else
                                      {
                                          // Set Request Op. Cur and Max. Cur to Source Max Current in 9V PDO
                                          pstTypeCUserRdo->usReqInfo1 = stTypeCPartnerPdo.usMaxCurrent;
                                          pstTypeCUserRdo->usReqInfo2 = stTypeCPartnerPdo.usMaxCurrent;
                                      }
                                  }
                              }
                          }
              
                          // Set Capability Mismatch if Not Able to Meet Target Request (9V @ 2A)
                          if((pstTypeCUserRdo->enumObjPos == _TYPE_C_PDO_NUM_1) || (pstTypeCUserRdo->usReqInfo1 != 200))
                          {
                              pstTypeCUserRdo->b1CapMismatch = _TRUE;
                          }
                          else
                          {
                              pstTypeCUserRdo->b1CapMismatch = _FALSE;
                          }
              
C51 COMPILER V9.60.0.0   RTD2014USERTYPECINTERFACE                                         09/18/2026 20:40:01 PAGE 42  

                          break;
              
                      default:
                          break;
                  }
              }
              
              //--------------------------------------------------
              // Description  : Kernel Get TypeC Unconstrained Power Status
              // Input Value  : ucInputPort --> Input Port
              // Output Value : _TYPE_C_UNCONSTRAIN_POWER_NOT_EXIST / _TYPE_C_UNCONSTRAIN_POWER_EXIST
              //--------------------------------------------------
              EnumTypeCUnconstrainPowerExist UserInterfaceTypeCGetUnconstrainedPow(BYTE ucInputPort)
              {
                  // --------------------------------- NOTE ---------------------------------
                  // 1. The Definition of the Unconstrained Power means that System has enough Power
                  // to Provide to the Port Partner.
                  // 2. According to the Unconstrained Power Status, Kernel will Determine whether
                  // to Send PR_SWAP or not.
                  // For Example, if D0 Port is set to _TYPE_C_UNCONSTRAIN_POWER_EXIST and the Current
                  // Power Role is Sink, then Kernel will Try to Send PR_SWAP to Become Power Source.
                  // 3. In General, if System is Powered by Adapator, then User just Needs to
                  // Determine the Unconstrained Power Status based on Local Power Status.
                  // 4. If there are other Special Applications, such as Cin-Cout Portable Monitor,
                  // then User can Customize the Unconstrained Power Status according to the Different Situation.
                  // ------------------------------------------------------------------------
              
                  // =======================================================================
                  // User can Use "SysTypeCGetLocPowExist" to Get Local Power (Adaptor or Power Board) Status
                  // User can Use "SysTypeCGetPowerRole" to Get Port's Power Role
                  // User can Use "SysTypeCGetPdoStatus" to Get Port's PDO Status
                  // User can Use "SysTypeCGetPartnerPdo" to Get Port Partner Source/Sink PDO Info
                  // =======================================================================
              
                  EnumTypeCUnconstrainPowerExist enumTypeCUPExist = _TYPE_C_UNCONSTRAIN_POWER_NOT_EXIST;
              
                  switch(ucInputPort)
                  {
                      case _D0_INPUT_PORT:
              
              #if(_TYPE_C_POWER_SOURCE == _TYPE_C_SELF_POWER_ONLY)
                          // System is Powered by Adapator
                          // Use "SysTypeCGetLocPowExist" to Determine the Unconstrained Power Status.
                          if(SysTypeCGetLocPowExist() == _TYPE_C_LOCAL_POWER_EXIST)
                          {
                              enumTypeCUPExist = _TYPE_C_UNCONSTRAIN_POWER_EXIST;
                          }
                          else if(SysTypeCGetLocPowExist() == _TYPE_C_LOCAL_POWER_NOT_EXIST)
                          {
                              enumTypeCUPExist = _TYPE_C_UNCONSTRAIN_POWER_NOT_EXIST;
                          }
              #elif(_TYPE_C_POWER_SOURCE == _TYPE_C_VBUS_POWER_ONLY)
                          // System is Powered by Vbus
                          if((_TYPE_C_PORT_VALID - 1) <= 0x01)
                          {
                              // If there is only One TypeC Port, this Port is Sink Only and cannot Become Source throug
             -h PR_Swap.
                              enumTypeCUPExist = _TYPE_C_UNCONSTRAIN_POWER_NOT_EXIST;
                          }
                          else
                          {
                              // If there are more than One TypeC Ports,
C51 COMPILER V9.60.0.0   RTD2014USERTYPECINTERFACE                                         09/18/2026 20:40:01 PAGE 43  

                              // then User can Customize the Unconstrained Power Status according to the Different Situa
             -tion.
                              enumTypeCUPExist = _TYPE_C_UNCONSTRAIN_POWER_NOT_EXIST;
              
                              /* Example :
                              if((Power obtained by other ports from Vbus) >= (Power required by the system) + (the Powe
             -r of Sink_Cap of D0 Port Partner))
                              {
                                  enumTypeCUPExist = _TYPE_C_UNCONSTRAIN_POWER_EXIST;
                              }
                              else
                              {
                                  enumTypeCUPExist = _TYPE_C_UNCONSTRAIN_POWER_NOT_EXIST;
                              }
                              */
                          }
              #elif(_TYPE_C_POWER_SOURCE == _TYPE_C_SELF_AND_VBUS_POWER)
                          // System Works From Both Adaptor and Vbus Power
                          if(SysTypeCGetLocPowExist() == _TYPE_C_LOCAL_POWER_EXIST)
                          {
                              // If Local Power Exists, then Set _TYPE_C_UNCONSTRAIN_POWER_EXIST.
                              enumTypeCUPExist = _TYPE_C_UNCONSTRAIN_POWER_EXIST;
                          }
                          else
                          {
                              // If Local Power does't Exists, then Need to Confirm whether Other Ports have Power from 
             -Vbus.
                              if((_TYPE_C_PORT_VALID - 1) <= 0x01)
                              {
                                  // If there is only One TypeC Port and No Local Power, System has No Extra Power to Pr
             -ovide to Port Partner.
                                  enumTypeCUPExist = _TYPE_C_UNCONSTRAIN_POWER_NOT_EXIST;
                              }
                              else
                              {
                                  // If there are more than One TypeC Ports,
                                  // then User can Customize the Unconstrained Power Status according to the Different S
             -ituation.
                                  enumTypeCUPExist = _TYPE_C_UNCONSTRAIN_POWER_NOT_EXIST;
              
                                  /* Example :
                                  if((Power obtained by other ports from Vbus) >= (Power required by the system) + (the 
             -Power of Sink_Cap of D0 Port Partner))
                                  {
                                      enumTypeCUPExist = _TYPE_C_UNCONSTRAIN_POWER_EXIST;
                                  }
                                  else
                                  {
                                      enumTypeCUPExist = _TYPE_C_UNCONSTRAIN_POWER_NOT_EXIST;
                                  }
                                  */
                              }
                          }
              #endif
                          break;
              
                      default:
                          break;
                  }
              
                  return enumTypeCUPExist;
              }
C51 COMPILER V9.60.0.0   RTD2014USERTYPECINTERFACE                                         09/18/2026 20:40:01 PAGE 44  

              
              #if(_PORT_CONTROLLER_EMBEDDED_SUPPORT == _ON)
              #if(_TYPE_C_EMB_VBUS_PROTECT_MODE == _VBUS_PROTECT_BY_USER)
              //--------------------------------------------------
              // Description  : Embedded Port Controller Protect Info
              // Input Value  : ucInputPort --> Input Port
              //                ucPdoIndex --> PDO Index
              //                *pstTypeCUserProtectInfo --> Protect Info
              // Output Value : None
              //--------------------------------------------------
              void UserInterfaceTypeCGetProtectInfo(BYTE ucInputPort, BYTE ucPdoIndex, StructTypeCUserProtectInfo *pstTy
             -peCUserProtectInfo)
              {
                  pstTypeCUserProtectInfo = pstTypeCUserProtectInfo;
              
                  switch(ucInputPort)
                  {
              #if(_D0_DP_TYPE_C_PORT_CTRL_TYPE == _PORT_CONTROLLER_EMBEDDED)
                      case _D0_INPUT_PORT:
              
                          switch(ucPdoIndex)
                          {
                              case _TYPE_C_PDO_NUM_1:
              
                                  // User-Defined Vbus Protect Settings
              
                                  // Vbus OCP ratio, Unit: %
                                  pstTypeCUserProtectInfo->ucOcpCurRatio = 105;
              
                                  // Vbus Debounce Time for Protection Judgment before protection trigger
                                  // Each debounce time is between 160us ~ 220us
                                  // Note: This debounce time only effects on ADC_Related protection!
                                  pstTypeCUserProtectInfo->ucOvpDebounce = 0;
                                  pstTypeCUserProtectInfo->ucUvpDebounce = 0;
                                  pstTypeCUserProtectInfo->ucOcpDebounce = 0;
              
                                  // Vbus OCP Calculation Include Peak Current or not
                                  pstTypeCUserProtectInfo->enumPeakCurrentProtect = _TYPE_C_PEAK_CURRENT_PROTECT_ENABLE;
              
                                  break;
              
                              case _TYPE_C_PDO_NUM_2:
              
                                  // User-Defined Vbus Protect Settings
              
                                  // Vbus OCP ratio, Unit: %
                                  pstTypeCUserProtectInfo->ucOcpCurRatio = 105;
              
                                  // Vbus Debounce Time for Protection Judgment before protection trigger
                                  // Each debounce time is between 160us ~ 220us
                                  // Note: This debounce time only effects on ADC_Related protection!
                                  pstTypeCUserProtectInfo->ucOvpDebounce = 0;
                                  pstTypeCUserProtectInfo->ucUvpDebounce = 0;
                                  pstTypeCUserProtectInfo->ucOcpDebounce = 0;
              
                                  // Vbus OCP Calculation Include Peak Current or not
                                  pstTypeCUserProtectInfo->enumPeakCurrentProtect = _TYPE_C_PEAK_CURRENT_PROTECT_ENABLE;
              
                                  break;
              
                              case _TYPE_C_PDO_NUM_3:
              
C51 COMPILER V9.60.0.0   RTD2014USERTYPECINTERFACE                                         09/18/2026 20:40:01 PAGE 45  

              #if(_TYPE_C_EMB_PD3_PPS_SUPPORT == _ON)
                                  // User-Defined Vbus Protect Settings
              
                                  // Vbus OCP ratio, Unit: %
                                  pstTypeCUserProtectInfo->ucOcpCurRatio = 105;
              
                                  // Vbus Debounce Time for Protection Judgment before protection trigger
                                  // Each debounce time is between 160us ~ 220us
                                  // Note: This debounce time only effects on ADC_Related protection!
                                  pstTypeCUserProtectInfo->ucOvpDebounce = 0;
                                  pstTypeCUserProtectInfo->ucUvpDebounce = 0;
                                  pstTypeCUserProtectInfo->ucOcpDebounce = 0;
              
                                  // Vbus OCP Calculation Include Peak Current or not
                                  pstTypeCUserProtectInfo->enumPeakCurrentProtect = _TYPE_C_PEAK_CURRENT_PROTECT_ENABLE;
              #endif
                                  break;
              
                              case _TYPE_C_PDO_NUM_4:
                              case _TYPE_C_PDO_NUM_5:
                              case _TYPE_C_PDO_NUM_6:
                              case _TYPE_C_PDO_NUM_7:
                              case _TYPE_C_PDO_NUM_8:
                              case _TYPE_C_PDO_NUM_9:
                              case _TYPE_C_PDO_NUM_10:
                              case _TYPE_C_PDO_NUM_11:
                              default:
              
                                  break;
                          }
              
                          break;
              #endif
              
                      default:
                          break;
                  }
              }
              #endif
              
              #if(_DP_USB_HUB_SUPPORT == _ON)
              //--------------------------------------------------
              // Description  : Return Hub Input Port to Kernel
              // Input Value  : ucInputPort
              // Output Value : EnumHubInputPort
              //--------------------------------------------------
              EnumHubInputPort UserInterfaceTypeCHubInputPort(BYTE ucInputPort)
              {
                  EnumHubInputPort enumHubInputPort = _HUB_UFP_TYPE_C_INPUT_PORT;
              
                  switch(ucInputPort)
                  {
              #if(_D0_DP_TYPE_C_USB_HUB_TYPE != _USB_HUB_NONE)
                      case _D0_INPUT_PORT:
              
                          if(GET_USER_USB_HUB_UFP_SWITCH() == _HUB_UFP_TYPE_C_INPUT_PORT)
                          {
                              enumHubInputPort = _HUB_UFP_TYPE_C_INPUT_PORT;
                          }
                          else
                          {
                              enumHubInputPort = _HUB_UFP_NOT_TYPE_C_INPUT_PORT;
C51 COMPILER V9.60.0.0   RTD2014USERTYPECINTERFACE                                         09/18/2026 20:40:01 PAGE 46  

                          }
              
                          break;
              #endif
              
                      default:
              
                          break;
                  }
              
                  return enumHubInputPort;
              }
              #endif
              #endif // End of #if(_PORT_CONTROLLER_EMBEDDED_SUPPORT == _ON)
              
              #if(_PORT_CONTROLLER_RTS5400_SERIES_SUPPORT == _ON)
              #if(_TYPE_C_RTS5400_SERIES_SMBUS_MODE == _RTS5400_SERIES_INT_MODE)
              //--------------------------------------------------
              // Description  : TypeC Get Notification Enable
              // Input Value  : ucInputPort
              //                pst5400NotifyEn --> Notification Enable
              // Output Value : None
              //--------------------------------------------------
              void UserInterfaceTypeCPortControllerGetNotifyEn(BYTE ucInputPort, Struct5400NotifyEn *pst5400NotifyEn)
              {
                  pst5400NotifyEn = pst5400NotifyEn;
              
                  switch(ucInputPort)
                  {
              #if(_D0_DP_TYPE_C_PORT_CTRL_SUPPORT == _ON)
                      case _D0_INPUT_PORT:
              
                          // Set Notification Enable to Notify the Event Changes on Interrupt Pin
                          // Kernel Require the following Event, so User Must be Set: _5400_NOTIFY_EN_B1_CONNECT_CHG, _5
             -400_NOTIFY_EN_B2_ALT_FLOW_CHG, and _5400_NOTIFY_EN_B2_PORT_OP_MODE_CHG
                          // Reserved bit only Needs to be Set if it Becomes Non-Reserved in the Future, otherwise do no
             -t Set Notification Enable to Reserved Bit
                          pst5400NotifyEn->enumNotifyEnByte0 = _5400_NOTIFY_EN_B0_NONE;
                          pst5400NotifyEn->enumNotifyEnByte1 = _5400_NOTIFY_EN_B1_CONNECT_CHG;
                          pst5400NotifyEn->enumNotifyEnByte2 = (Enum5400NotifyEnByte2) (_5400_NOTIFY_EN_B2_ALT_FLOW_CHG 
             -| _5400_NOTIFY_EN_B2_PORT_OP_MODE_CHG);
                          pst5400NotifyEn->enumNotifyEnByte3 = _5400_NOTIFY_EN_B3_NONE;
              
                          break;
              #endif
              
                      default:
                          break;
                  }
              }
              #endif
              
              //--------------------------------------------------
              // Description  : TypeC Turn On 5450 Status Update
              // Input Value  : ucInputPort --> Input Port
              // Output Value : Turn On 5450 Status Update (_TRUE / _FALSE)
              //--------------------------------------------------
              BYTE UserInterfaceTypeCPortControllerTurnOnRtsStatusUpdate(BYTE ucInputPort)
              {
                  ucInputPort = ucInputPort;
              
                  switch(ucInputPort)
C51 COMPILER V9.60.0.0   RTD2014USERTYPECINTERFACE                                         09/18/2026 20:40:01 PAGE 47  

                  {
              #if(_D0_DP_TYPE_C_PORT_CTRL_SUPPORT == _ON)
                      case _D0_INPUT_PORT:
              
                          return _TRUE;
              
                          break;
              #endif
              
              #if(_D1_DP_TYPE_C_PORT_CTRL_SUPPORT == _ON)
                      case _D1_INPUT_PORT:
              
                          return _TRUE;
              
                          break;
              #endif
              
              #if(_D6_DP_TYPE_C_PORT_CTRL_SUPPORT == _ON)
                      case _D6_INPUT_PORT:
              
                          return _TRUE;
              
                          break;
              #endif
              
                      default:
                          break;
                  }
              
                  return _TRUE;
              }
              #endif // End of #if(_PORT_CONTROLLER_RTS5400_SERIES_SUPPORT == _ON)
              
              #if((_PORT_CONTROLLER_RTS5400_SERIES_SUPPORT == _ON) || (_PORT_CONTROLLER_USERDECITION_SUPPORT == _ON))
              #if(_TWO_CHIP_DATA_EXCHANGE_MODE == _DATA_EXCHANGE_MODE_NONE)
              //--------------------------------------------------
              // Description  : Get Power Off Flag to set Capability Change Flag
              // Input Value  : enumSwitch
              // Output Value : return _TYPE_C_PORT_CTRL_NO_RECONNECT / _TYPE_C_PORT_CTRL_RECONNECT
              //--------------------------------------------------
              EnumTypeCPortCtrlReconnectStatus UserInterfaceTypeCPortControllerGetPowerOnReconnectStatus(EnumPowerAction
             - enumSwitch)
              {
                  switch(enumSwitch)
                  {
                      case _POWER_ACTION_OFF_TO_NORMAL:
                      case _POWER_ACTION_PS_TO_NORMAL:
              
                          if(GET_TYPE_C_PORT_CTRL_POWER_OFF_FLG() == _TRUE)
                          {
                              return _TYPE_C_PORT_CTRL_RECONNECT;
                          }
                          else
                          {
                              return _TYPE_C_PORT_CTRL_NO_RECONNECT;
                          }
              
                          break;
              
                      default:
              
                          return _TYPE_C_PORT_CTRL_NO_RECONNECT;
C51 COMPILER V9.60.0.0   RTD2014USERTYPECINTERFACE                                         09/18/2026 20:40:01 PAGE 48  

              
                          break;
                  }
              
                  return _TYPE_C_PORT_CTRL_NO_RECONNECT;
              }
              #endif
              #endif // End of #if((_PORT_CONTROLLER_RTS5400_SERIES_SUPPORT == _ON) || (_PORT_CONTROLLER_USERDECITION_SU
             -PPORT == _ON))
              #endif // End of #if(_DP_TYPE_C_PORT_CTRL_SUPPORT == _ON)
              #endif // End of #if(_DP_TYPE_C_CONNECTOR_SUPPORT == _ON)
2777          #endif // End of #if(_OSD_TYPE == _REALTEK_2014_OSD)


MODULE INFORMATION:   STATIC OVERLAYABLE
   CODE SIZE        =   ----    ----
   CONSTANT SIZE    =   ----    ----
   XDATA SIZE       =   ----    ----
   PDATA SIZE       =   ----    ----
   DATA SIZE        =   ----    ----
   IDATA SIZE       =   ----    ----
   BIT SIZE         =   ----    ----
END OF MODULE INFORMATION.


C51 COMPILATION COMPLETE.  0 WARNING(S),  0 ERROR(S)
