C51 COMPILER V9.60.0.0   RTDFACTORYMODE                                                    09/21/2026 15:33:53 PAGE 1   


C51 COMPILER V9.60.0.0, COMPILATION OF MODULE RTDFACTORYMODE
OBJECT MODULE PLACED IN .\Output\RL6432_Project\RTDFactoryMode.obj
COMPILER INVOKED BY: C:\Keil_v5\C51\BIN\C51.EXE User\RTD Factory\Code\RTDFactoryMode.c LARGE OPTIMIZE(9,SPEED) INCDIR(.\
                    -Output\RL6432;.\Project\Header;.\Pcb;.\Panel;.\Kernel\Device\Header;.\Kernel\Common;.\Kernel\System\Header;.\Kernel\Scal
                    -er\ScalerFunction\Header;.\Kernel\Scaler\ScalerCommonFunction\Header;.\Kernel\Scaler\ScalerFunction\Lib\Header;.\Kernel\
                    -Scaler\ScalerCommonFunction\Lib\Header;.\Kernel\Scaler\RL6432_Series_Scaler\Header;.\Kernel\Scaler\RL6432_Series_Common\
                    -Header;.\Kernel\Scaler\RL6432_Series_Scaler\Lib\Header;.\Kernel\Scaler\RL6432_Series_Common\Lib\Header;.\Kernel\User Com
                    -mon Function\Header;.\User\RTD Series\RTD2014Function\Header;.\User\RTD Series\RTD2014Osd\Header;.\User\RTD Factory\Head
                    -er;.\User\None Series\NoneFunction\Header;.\User\None Series\NoneOsd\Header;.\User\None Factory\Header) DEFINE(_PROJECT=
                    -_RL6432_PROJECT,_SCALER_TYPE=_RL6432_SERIES) DEBUG OBJECTEXTEND PRINT(.\Output\RL6432_Project\RTDFactoryMode.lst) TABS(2
                    -) OBJECT(.\Output\RL6432_Project\RTDFactoryMode.obj)

line level    source

   1          /********************************************************************************/
   2          /*   Copyright (c) 2021 Realtek Semiconductor Corp. All rights reserved.        */
   3          /*                                                                              */
   4          /*   SPDX-License-Identifier: LicenseRef-Realtek-Proprietary                    */
   5          /*                                                                              */
   6          /*   This software component is confidential and proprietary to Realtek         */
   7          /*   Semiconductor Corp. Disclosure, reproduction, redistribution, in whole     */
   8          /*   or in part, of this work and its derivatives without express permission    */
   9          /*   is prohibited.                                                             */
  10          /********************************************************************************/
  11          
  12          //----------------------------------------------------------------------------------------------------
  13          // ID Code      : RTDFactoryMode.c No.0000
  14          // Update Note  :
  15          //
  16          //----------------------------------------------------------------------------------------------------
  17          #define __FACTORY_MODE__
  18          
  19          #include "UserCommonInclude.h"
  20          
  21          //****************************************************************************
  22          // DEFINITIONS / MACROS
  23          //****************************************************************************
  24          #define _OSD_FACTORY_PAGE_1_TABLE_END 13
  25          
  26          
  27          //****************************************************************************
  28          // STRUCT / TYPE / ENUM DEFINITTIONS
  29          //****************************************************************************
  30          
  31          
  32          //****************************************************************************
  33          // CODE TABLES
  34          //****************************************************************************
  35          
  36          //****************************************************************************
  37          // VARIABLE DECLARATIONS
  38          //****************************************************************************
  39          BYTE g_ucFactoryPage;
  40          BYTE g_ucBgColorR;
  41          BYTE g_ucBgColorG;
  42          BYTE g_ucBgColorB;
  43          BYTE g_ucAutoColotTypeFontPointer;
  44          
  45          //****************************************************************************
  46          // FUNCTION DECLARATIONS
  47          //****************************************************************************
C51 COMPILER V9.60.0.0   RTDFACTORYMODE                                                    09/21/2026 15:33:53 PAGE 2   

  48          void RTDFactoryMenuOperation(void);
  49          void RTDFactoryMainMenu(void);
  50          //============= Auto Color =======================
  51          void RTDFactoryAutoColorEnter(void);
  52          void RTDFactoryAutoColorLeft(void);
  53          void RTDFactoryAutoColorRight(void);
  54          void RTDFactoryAutoColorExit(void);
  55          //============= Auto Color Type =======================
  56          void RTDFactoryAutoColorTypeEnter(void);
  57          void RTDFactoryAutoColorTypeLeft(void);
  58          void RTDFactoryAutoColorTypeRight(void);
  59          void RTDFactoryAutoColorTypeExit(void);
  60          //============= Burnin =======================
  61          void RTDFactoryBurninEnter(void);
  62          void RTDFactoryBurninLeft(void);
  63          void RTDFactoryBurninRight(void);
  64          void RTDFactoryBurninExit(void);
  65          //============= Reset Burnin Time =======================
  66          void RTDFactoryResetBurninTimeEnter(void);
  67          void RTDFactoryResetBurninTimeLeft(void);
  68          void RTDFactoryResetBurninTimeRight(void);
  69          void RTDFactoryResetBurninTimeExit(void);
  70          //============= Reset Panel Time =======================
  71          void RTDFactoryResetPanelTimeEnter(void);
  72          void RTDFactoryResetPanelTimeLeft(void);
  73          void RTDFactoryResetPanelTimeRight(void);
  74          void RTDFactoryResetPanelTimeExit(void);
  75          //============= Colortemp 1 R=======================
  76          void RTDFactoryColortemp1REnter(void);
  77          void RTDFactoryColortemp1RLeft(void);
  78          void RTDFactoryColortemp1RRight(void);
  79          void RTDFactoryColortemp1RExit(void);
  80          //============= Colortemp 1 G=======================
  81          void RTDFactoryColortemp1GEnter(void);
  82          void RTDFactoryColortemp1GLeft(void);
  83          void RTDFactoryColortemp1GRight(void);
  84          void RTDFactoryColortemp1GExit(void);
  85          //============= Colortemp 1 B=======================
  86          void RTDFactoryColortemp1BEnter(void);
  87          void RTDFactoryColortemp1BLeft(void);
  88          void RTDFactoryColortemp1BRight(void);
  89          void RTDFactoryColortemp1BExit(void);
  90          //============= Colortemp 2 R=======================
  91          void RTDFactoryColortemp2REnter(void);
  92          void RTDFactoryColortemp2RLeft(void);
  93          void RTDFactoryColortemp2RRight(void);
  94          void RTDFactoryColortemp2RExit(void);
  95          //============= Colortemp 2 G=======================
  96          void RTDFactoryColortemp2GEnter(void);
  97          void RTDFactoryColortemp2GLeft(void);
  98          void RTDFactoryColortemp2GRight(void);
  99          void RTDFactoryColortemp2GExit(void);
 100          //============= Colortemp 2 B=======================
 101          void RTDFactoryColortemp2BEnter(void);
 102          void RTDFactoryColortemp2BLeft(void);
 103          void RTDFactoryColortemp2BRight(void);
 104          void RTDFactoryColortemp2BExit(void);
 105          //============= Colortemp 3 R=======================
 106          void RTDFactoryColortemp3REnter(void);
 107          void RTDFactoryColortemp3RLeft(void);
 108          void RTDFactoryColortemp3RRight(void);
 109          void RTDFactoryColortemp3RExit(void);
C51 COMPILER V9.60.0.0   RTDFACTORYMODE                                                    09/21/2026 15:33:53 PAGE 3   

 110          //============= Colortemp 3 G=======================
 111          void RTDFactoryColortemp3GEnter(void);
 112          void RTDFactoryColortemp3GLeft(void);
 113          void RTDFactoryColortemp3GRight(void);
 114          void RTDFactoryColortemp3GExit(void);
 115          //============= Colortemp 3 B=======================
 116          void RTDFactoryColortemp3BEnter(void);
 117          void RTDFactoryColortemp3BLeft(void);
 118          void RTDFactoryColortemp3BRight(void);
 119          void RTDFactoryColortemp3BExit(void);
 120          //============= Colortemp 4 R=======================
 121          void RTDFactoryColortemp4REnter(void);
 122          void RTDFactoryColortemp4RLeft(void);
 123          void RTDFactoryColortemp4RRight(void);
 124          void RTDFactoryColortemp4RExit(void);
 125          //============= Colortemp 4 G=======================
 126          void RTDFactoryColortemp4GEnter(void);
 127          void RTDFactoryColortemp4GLeft(void);
 128          void RTDFactoryColortemp4GRight(void);
 129          void RTDFactoryColortemp4GExit(void);
 130          //============= Colortemp 4 B=======================
 131          void RTDFactoryColortemp4BEnter(void);
 132          void RTDFactoryColortemp4BLeft(void);
 133          void RTDFactoryColortemp4BRight(void);
 134          void RTDFactoryColortemp4BExit(void);
 135          //============= Colortemp 5 R=======================
 136          void RTDFactoryColortemp5REnter(void);
 137          void RTDFactoryColortemp5RLeft(void);
 138          void RTDFactoryColortemp5RRight(void);
 139          void RTDFactoryColortemp5RExit(void);
 140          //============= Colortemp 5 G=======================
 141          void RTDFactoryColortemp5GEnter(void);
 142          void RTDFactoryColortemp5GLeft(void);
 143          void RTDFactoryColortemp5GRight(void);
 144          void RTDFactoryColortemp5GExit(void);
 145          //============= Colortemp 5 B=======================
 146          void RTDFactoryColortemp5BEnter(void);
 147          void RTDFactoryColortemp5BLeft(void);
 148          void RTDFactoryColortemp5BRight(void);
 149          void RTDFactoryColortemp5BExit(void);
 150          //============= Colortemp 6 R=======================
 151          void RTDFactoryColortemp6REnter(void);
 152          void RTDFactoryColortemp6RLeft(void);
 153          void RTDFactoryColortemp6RRight(void);
 154          void RTDFactoryColortemp6RExit(void);
 155          //============= Colortemp 6 G=======================
 156          void RTDFactoryColortemp6GEnter(void);
 157          void RTDFactoryColortemp6GLeft(void);
 158          void RTDFactoryColortemp6GRight(void);
 159          void RTDFactoryColortemp6GExit(void);
 160          //============= Colortemp 6 B=======================
 161          void RTDFactoryColortemp6BEnter(void);
 162          void RTDFactoryColortemp6BLeft(void);
 163          void RTDFactoryColortemp6BRight(void);
 164          void RTDFactoryColortemp6BExit(void);
 165          //============= Adc Gain R=======================
 166          void RTDFactoryAdcGainREnter(void);
 167          void RTDFactoryAdcGainRLeft(void);
 168          void RTDFactoryAdcGainRRight(void);
 169          void RTDFactoryAdcGainRExit(void);
 170          //============= Adc Gain G=======================
 171          void RTDFactoryAdcGainGEnter(void);
C51 COMPILER V9.60.0.0   RTDFACTORYMODE                                                    09/21/2026 15:33:53 PAGE 4   

 172          void RTDFactoryAdcGainGLeft(void);
 173          void RTDFactoryAdcGainGRight(void);
 174          void RTDFactoryAdcGainGExit(void);
 175          //============= Adc Gain B=======================
 176          void RTDFactoryAdcGainBEnter(void);
 177          void RTDFactoryAdcGainBLeft(void);
 178          void RTDFactoryAdcGainBRight(void);
 179          void RTDFactoryAdcGainBExit(void);
 180          //============= Adc Offset R=======================
 181          void RTDFactoryAdcOffsetREnter(void);
 182          void RTDFactoryAdcOffsetRLeft(void);
 183          void RTDFactoryAdcOffsetRRight(void);
 184          void RTDFactoryAdcOffsetRExit(void);
 185          //============= Adc Offset G=======================
 186          void RTDFactoryAdcOffsetGEnter(void);
 187          void RTDFactoryAdcOffsetGLeft(void);
 188          void RTDFactoryAdcOffsetGRight(void);
 189          void RTDFactoryAdcOffsetGExit(void);
 190          //============= Adc Offset B=======================
 191          void RTDFactoryAdcOffsetBEnter(void);
 192          void RTDFactoryAdcOffsetBLeft(void);
 193          void RTDFactoryAdcOffsetBRight(void);
 194          void RTDFactoryAdcOffsetBExit(void);
 195          //============= Osd Page=======================
 196          void RTDFactoryOsdPageEnter(void);
 197          void RTDFactoryOsdPageLeft(void);
 198          void RTDFactoryOsdPageRight(void);
 199          void RTDFactoryOsdPageExit(void);
 200          //============= Exit=======================
 201          void RTDFactoryExitEnter(void);
 202          void RTDFactoryExitLeft(void);
 203          void RTDFactoryExitRight(void);
 204          void RTDFactoryExitExit(void);
 205          //============= Auto Color Type Select=======================
 206          void RTDFactoryAutoColorTypeSelectEnter(void);
 207          void RTDFactoryAutoColorTypeSelectLeft(void);
 208          void RTDFactoryAutoColorTypeSelectRight(void);
 209          void RTDFactoryAutoColorTypeSelectExit(void);
 210          //============= Burnin On Off=======================
 211          void RTDFactoryBurninOnOffEnter(void);
 212          void RTDFactoryBurninOnOffLeft(void);
 213          void RTDFactoryBurninOnOffRight(void);
 214          void RTDFactoryBurninOnOffExit(void);
 215          //============= Colortemp 1 R Adjust=======================
 216          void RTDFactoryColortemp1RAdjustEnter(void);
 217          void RTDFactoryColortemp1RAdjustLeft(void);
 218          void RTDFactoryColortemp1RAdjustRight(void);
 219          void RTDFactoryColortemp1RAdjustExit(void);
 220          //============= Colortemp 1 G Adjust=======================
 221          void RTDFactoryColortemp1GAdjustEnter(void);
 222          void RTDFactoryColortemp1GAdjustLeft(void);
 223          void RTDFactoryColortemp1GAdjustRight(void);
 224          void RTDFactoryColortemp1GAdjustExit(void);
 225          //============= Colortemp 1 B Adjust=======================
 226          void RTDFactoryColortemp1BAdjustEnter(void);
 227          void RTDFactoryColortemp1BAdjustLeft(void);
 228          void RTDFactoryColortemp1BAdjustRight(void);
 229          void RTDFactoryColortemp1BAdjustExit(void);
 230          //============= Colortemp 2 R Adjust=======================
 231          void RTDFactoryColortemp2RAdjustEnter(void);
 232          void RTDFactoryColortemp2RAdjustLeft(void);
 233          void RTDFactoryColortemp2RAdjustRight(void);
C51 COMPILER V9.60.0.0   RTDFACTORYMODE                                                    09/21/2026 15:33:53 PAGE 5   

 234          void RTDFactoryColortemp2RAdjustExit(void);
 235          //============= Colortemp 2 G Adjust=======================
 236          void RTDFactoryColortemp2GAdjustEnter(void);
 237          void RTDFactoryColortemp2GAdjustLeft(void);
 238          void RTDFactoryColortemp2GAdjustRight(void);
 239          void RTDFactoryColortemp2GAdjustExit(void);
 240          //============= Colortemp 2 B Adjust=======================
 241          void RTDFactoryColortemp2BAdjustEnter(void);
 242          void RTDFactoryColortemp2BAdjustLeft(void);
 243          void RTDFactoryColortemp2BAdjustRight(void);
 244          void RTDFactoryColortemp2BAdjustExit(void);
 245          //============= Colortemp 3 R Adjust=======================
 246          void RTDFactoryColortemp3RAdjustEnter(void);
 247          void RTDFactoryColortemp3RAdjustLeft(void);
 248          void RTDFactoryColortemp3RAdjustRight(void);
 249          void RTDFactoryColortemp3RAdjustExit(void);
 250          //============= Colortemp 3 G Adjust=======================
 251          void RTDFactoryColortemp3GAdjustEnter(void);
 252          void RTDFactoryColortemp3GAdjustLeft(void);
 253          void RTDFactoryColortemp3GAdjustRight(void);
 254          void RTDFactoryColortemp3GAdjustExit(void);
 255          //============= Colortemp 3 B Adjust=======================
 256          void RTDFactoryColortemp3BAdjustEnter(void);
 257          void RTDFactoryColortemp3BAdjustLeft(void);
 258          void RTDFactoryColortemp3BAdjustRight(void);
 259          void RTDFactoryColortemp3BAdjustExit(void);
 260          //============= Colortemp 4 R Adjust=======================
 261          void RTDFactoryColortemp4RAdjustEnter(void);
 262          void RTDFactoryColortemp4RAdjustLeft(void);
 263          void RTDFactoryColortemp4RAdjustRight(void);
 264          void RTDFactoryColortemp4RAdjustExit(void);
 265          //============= Colortemp 4 G Adjust=======================
 266          void RTDFactoryColortemp4GAdjustEnter(void);
 267          void RTDFactoryColortemp4GAdjustLeft(void);
 268          void RTDFactoryColortemp4GAdjustRight(void);
 269          void RTDFactoryColortemp4GAdjustExit(void);
 270          //============= Colortemp 4 B Adjust=======================
 271          void RTDFactoryColortemp4BAdjustEnter(void);
 272          void RTDFactoryColortemp4BAdjustLeft(void);
 273          void RTDFactoryColortemp4BAdjustRight(void);
 274          void RTDFactoryColortemp4BAdjustExit(void);
 275          //============= Colortemp 5 R Adjust=======================
 276          void RTDFactoryColortemp5RAdjustEnter(void);
 277          void RTDFactoryColortemp5RAdjustLeft(void);
 278          void RTDFactoryColortemp5RAdjustRight(void);
 279          void RTDFactoryColortemp5RAdjustExit(void);
 280          //============= Colortemp 5 G Adjust=======================
 281          void RTDFactoryColortemp5GAdjustEnter(void);
 282          void RTDFactoryColortemp5GAdjustLeft(void);
 283          void RTDFactoryColortemp5GAdjustRight(void);
 284          void RTDFactoryColortemp5GAdjustExit(void);
 285          //============= Colortemp 5 B Adjust=======================
 286          void RTDFactoryColortemp5BAdjustEnter(void);
 287          void RTDFactoryColortemp5BAdjustLeft(void);
 288          void RTDFactoryColortemp5BAdjustRight(void);
 289          void RTDFactoryColortemp5BAdjustExit(void);
 290          //============= Colortemp 6 R Adjust=======================
 291          void RTDFactoryColortemp6RAdjustEnter(void);
 292          void RTDFactoryColortemp6RAdjustLeft(void);
 293          void RTDFactoryColortemp6RAdjustRight(void);
 294          void RTDFactoryColortemp6RAdjustExit(void);
 295          //============= Colortemp 6 G Adjust=======================
C51 COMPILER V9.60.0.0   RTDFACTORYMODE                                                    09/21/2026 15:33:53 PAGE 6   

 296          void RTDFactoryColortemp6GAdjustEnter(void);
 297          void RTDFactoryColortemp6GAdjustLeft(void);
 298          void RTDFactoryColortemp6GAdjustRight(void);
 299          void RTDFactoryColortemp6GAdjustExit(void);
 300          //============= Colortemp 6 B Adjust=======================
 301          void RTDFactoryColortemp6BAdjustEnter(void);
 302          void RTDFactoryColortemp6BAdjustLeft(void);
 303          void RTDFactoryColortemp6BAdjustRight(void);
 304          void RTDFactoryColortemp6BAdjustExit(void);
 305          //============= Adc Gain R Adjust=======================
 306          void RTDFactoryAdcGainRAdjustEnter(void);
 307          void RTDFactoryAdcGainRAdjustLeft(void);
 308          void RTDFactoryAdcGainRAdjustRight(void);
 309          void RTDFactoryAdcGainRAdjustExit(void);
 310          //============= Adc Gain G Adjust=======================
 311          void RTDFactoryAdcGainGAdjustEnter(void);
 312          void RTDFactoryAdcGainGAdjustLeft(void);
 313          void RTDFactoryAdcGainGAdjustRight(void);
 314          void RTDFactoryAdcGainGAdjustExit(void);
 315          //============= Adc Gain B Adjust=======================
 316          void RTDFactoryAdcGainBAdjustEnter(void);
 317          void RTDFactoryAdcGainBAdjustLeft(void);
 318          void RTDFactoryAdcGainBAdjustRight(void);
 319          void RTDFactoryAdcGainBAdjustExit(void);
 320          //============= Adc Offset R Adjust=======================
 321          void RTDFactoryAdcOffsetRAdjustEnter(void);
 322          void RTDFactoryAdcOffsetRAdjustLeft(void);
 323          void RTDFactoryAdcOffsetRAdjustRight(void);
 324          void RTDFactoryAdcOffsetRAdjustExit(void);
 325          //============= Adc Offset G Adjust=======================
 326          void RTDFactoryAdcOffsetGAdjustEnter(void);
 327          void RTDFactoryAdcOffsetGAdjustLeft(void);
 328          void RTDFactoryAdcOffsetGAdjustRight(void);
 329          void RTDFactoryAdcOffsetGAdjustExit(void);
 330          //============= Adc Offset B Adjust=======================
 331          void RTDFactoryAdcOffsetBAdjustEnter(void);
 332          void RTDFactoryAdcOffsetBAdjustLeft(void);
 333          void RTDFactoryAdcOffsetBAdjustRight(void);
 334          void RTDFactoryAdcOffsetBAdjustExit(void);
 335          
 336          
 337          
 338          
 339          //****************************************************************************
 340          // FUNCTION DEFINITIONS
 341          //****************************************************************************
 342          //----------------------------------------------------------------------------------------------------
 343          // OSD Factory Operation Table
 344          //----------------------------------------------------------------------------------------------------
 345          code void (*OperationFactoryTable[][4])(void) =
 346          {
 347              {RTDFactoryAutoColorEnter,                      RTDFactoryAutoColorLeft,                        RTDFac
             -toryAutoColorRight,                       RTDFactoryAutoColorExit,},
 348              {RTDFactoryAutoColorTypeEnter,                  RTDFactoryAutoColorTypeLeft,                    RTDFac
             -toryAutoColorTypeRight,                   RTDFactoryAutoColorTypeExit,},
 349              {RTDFactoryBurninEnter,                         RTDFactoryBurninLeft,                           RTDFac
             -toryBurninRight,                          RTDFactoryBurninExit,},
 350              {RTDFactoryResetBurninTimeEnter,                RTDFactoryResetBurninTimeLeft,                  RTDFac
             -toryResetBurninTimeRight,                 RTDFactoryResetBurninTimeExit,},
 351              {RTDFactoryResetPanelTimeEnter,                 RTDFactoryResetPanelTimeLeft,                   RTDFac
             -toryResetPanelTimeRight,                  RTDFactoryResetPanelTimeExit,},
 352              {RTDFactoryColortemp1REnter,                    RTDFactoryColortemp1RLeft,                      RTDFac
C51 COMPILER V9.60.0.0   RTDFACTORYMODE                                                    09/21/2026 15:33:53 PAGE 7   

             -toryColortemp1RRight,                     RTDFactoryColortemp1RExit,},
 353              {RTDFactoryColortemp1GEnter,                    RTDFactoryColortemp1GLeft,                      RTDFac
             -toryColortemp1GRight,                     RTDFactoryColortemp1GExit,},
 354              {RTDFactoryColortemp1BEnter,                    RTDFactoryColortemp1BLeft,                      RTDFac
             -toryColortemp1BRight,                     RTDFactoryColortemp1BExit,},
 355              {RTDFactoryColortemp2REnter,                    RTDFactoryColortemp2RLeft,                      RTDFac
             -toryColortemp2RRight,                     RTDFactoryColortemp2RExit,},
 356              {RTDFactoryColortemp2GEnter,                    RTDFactoryColortemp2GLeft,                      RTDFac
             -toryColortemp2GRight,                     RTDFactoryColortemp2GExit,},
 357              {RTDFactoryColortemp2BEnter,                    RTDFactoryColortemp2BLeft,                      RTDFac
             -toryColortemp2BRight,                     RTDFactoryColortemp2BExit,},
 358              {RTDFactoryColortemp3REnter,                    RTDFactoryColortemp3RLeft,                      RTDFac
             -toryColortemp3RRight,                     RTDFactoryColortemp3RExit,},
 359              {RTDFactoryColortemp3GEnter,                    RTDFactoryColortemp3GLeft,                      RTDFac
             -toryColortemp3GRight,                     RTDFactoryColortemp3GExit,},
 360              {RTDFactoryColortemp3BEnter,                    RTDFactoryColortemp3BLeft,                      RTDFac
             -toryColortemp3BRight,                     RTDFactoryColortemp3BExit,},
 361              {RTDFactoryColortemp4REnter,                    RTDFactoryColortemp4RLeft,                      RTDFac
             -toryColortemp4RRight,                     RTDFactoryColortemp4RExit,},
 362              {RTDFactoryColortemp4GEnter,                    RTDFactoryColortemp4GLeft,                      RTDFac
             -toryColortemp4GRight,                     RTDFactoryColortemp4GExit,},
 363              {RTDFactoryColortemp4BEnter,                    RTDFactoryColortemp4BLeft,                      RTDFac
             -toryColortemp4BRight,                     RTDFactoryColortemp4BExit,},
 364              {RTDFactoryColortemp5REnter,                    RTDFactoryColortemp5RLeft,                      RTDFac
             -toryColortemp5RRight,                     RTDFactoryColortemp5RExit,},
 365              {RTDFactoryColortemp5GEnter,                    RTDFactoryColortemp5GLeft,                      RTDFac
             -toryColortemp5GRight,                     RTDFactoryColortemp5GExit,},
 366              {RTDFactoryColortemp5BEnter,                    RTDFactoryColortemp5BLeft,                      RTDFac
             -toryColortemp5BRight,                     RTDFactoryColortemp5BExit,},
 367              {RTDFactoryColortemp6REnter,                    RTDFactoryColortemp6RLeft,                      RTDFac
             -toryColortemp6RRight,                     RTDFactoryColortemp6RExit,},
 368              {RTDFactoryColortemp6GEnter,                    RTDFactoryColortemp6GLeft,                      RTDFac
             -toryColortemp6GRight,                     RTDFactoryColortemp6GExit,},
 369              {RTDFactoryColortemp6BEnter,                    RTDFactoryColortemp6BLeft,                      RTDFac
             -toryColortemp6BRight,                     RTDFactoryColortemp6BExit,},
 370              {RTDFactoryAdcGainREnter,                       RTDFactoryAdcGainRLeft,                         RTDFac
             -toryAdcGainRRight,                        RTDFactoryAdcGainRExit,},
 371              {RTDFactoryAdcGainGEnter,                       RTDFactoryAdcGainGLeft,                         RTDFac
             -toryAdcGainGRight,                        RTDFactoryAdcGainGExit,},
 372              {RTDFactoryAdcGainBEnter,                       RTDFactoryAdcGainBLeft,                         RTDFac
             -toryAdcGainBRight,                        RTDFactoryAdcGainBExit,},
 373              {RTDFactoryAdcOffsetREnter,                     RTDFactoryAdcOffsetRLeft,                       RTDFac
             -toryAdcOffsetRRight,                      RTDFactoryAdcOffsetRExit,},
 374              {RTDFactoryAdcOffsetGEnter,                     RTDFactoryAdcOffsetGLeft,                       RTDFac
             -toryAdcOffsetGRight,                      RTDFactoryAdcOffsetGExit,},
 375              {RTDFactoryAdcOffsetBEnter,                     RTDFactoryAdcOffsetBLeft,                       RTDFac
             -toryAdcOffsetBRight,                      RTDFactoryAdcOffsetBExit,},
 376              {RTDFactoryExitEnter,                           RTDFactoryExitLeft,                             RTDFac
             -toryExitRight,                            RTDFactoryExitExit,},
 377          
 378              {RTDFactoryAutoColorTypeSelectEnter,            RTDFactoryAutoColorTypeSelectLeft,              RTDFac
             -toryAutoColorTypeSelectRight,             RTDFactoryAutoColorTypeSelectExit,},
 379              {RTDFactoryBurninOnOffEnter,                    RTDFactoryBurninOnOffLeft,                      RTDFac
             -toryBurninOnOffRight,                     RTDFactoryBurninOnOffExit,},
 380              {RTDFactoryColortemp1RAdjustEnter,              RTDFactoryColortemp1RAdjustLeft,                RTDFac
             -toryColortemp1RAdjustRight,               RTDFactoryColortemp1RAdjustExit,},
 381              {RTDFactoryColortemp1GAdjustEnter,              RTDFactoryColortemp1GAdjustLeft,                RTDFac
             -toryColortemp1GAdjustRight,               RTDFactoryColortemp1GAdjustExit,},
 382              {RTDFactoryColortemp1BAdjustEnter,              RTDFactoryColortemp1BAdjustLeft,                RTDFac
             -toryColortemp1BAdjustRight,               RTDFactoryColortemp1BAdjustExit,},
 383              {RTDFactoryColortemp2RAdjustEnter,              RTDFactoryColortemp2RAdjustLeft,                RTDFac
             -toryColortemp2RAdjustRight,               RTDFactoryColortemp2RAdjustExit,},
C51 COMPILER V9.60.0.0   RTDFACTORYMODE                                                    09/21/2026 15:33:53 PAGE 8   

 384              {RTDFactoryColortemp2GAdjustEnter,              RTDFactoryColortemp2GAdjustLeft,                RTDFac
             -toryColortemp2GAdjustRight,               RTDFactoryColortemp2GAdjustExit,},
 385              {RTDFactoryColortemp2BAdjustEnter,              RTDFactoryColortemp2BAdjustLeft,                RTDFac
             -toryColortemp2BAdjustRight,               RTDFactoryColortemp2BAdjustExit,},
 386              {RTDFactoryColortemp3RAdjustEnter,              RTDFactoryColortemp3RAdjustLeft,                RTDFac
             -toryColortemp3RAdjustRight,               RTDFactoryColortemp3RAdjustExit,},
 387              {RTDFactoryColortemp3GAdjustEnter,              RTDFactoryColortemp3GAdjustLeft,                RTDFac
             -toryColortemp3GAdjustRight,               RTDFactoryColortemp3GAdjustExit,},
 388              {RTDFactoryColortemp3BAdjustEnter,              RTDFactoryColortemp3BAdjustLeft,                RTDFac
             -toryColortemp3BAdjustRight,               RTDFactoryColortemp3BAdjustExit,},
 389              {RTDFactoryColortemp4RAdjustEnter,              RTDFactoryColortemp4RAdjustLeft,                RTDFac
             -toryColortemp4RAdjustRight,               RTDFactoryColortemp4RAdjustExit,},
 390              {RTDFactoryColortemp4GAdjustEnter,              RTDFactoryColortemp4GAdjustLeft,                RTDFac
             -toryColortemp4GAdjustRight,               RTDFactoryColortemp4GAdjustExit,},
 391              {RTDFactoryColortemp4BAdjustEnter,              RTDFactoryColortemp4BAdjustLeft,                RTDFac
             -toryColortemp4BAdjustRight,               RTDFactoryColortemp4BAdjustExit,},
 392              {RTDFactoryColortemp5RAdjustEnter,              RTDFactoryColortemp5RAdjustLeft,                RTDFac
             -toryColortemp5RAdjustRight,               RTDFactoryColortemp5RAdjustExit,},
 393              {RTDFactoryColortemp5GAdjustEnter,              RTDFactoryColortemp5GAdjustLeft,                RTDFac
             -toryColortemp5GAdjustRight,               RTDFactoryColortemp5GAdjustExit,},
 394              {RTDFactoryColortemp5BAdjustEnter,              RTDFactoryColortemp5BAdjustLeft,                RTDFac
             -toryColortemp5BAdjustRight,               RTDFactoryColortemp5BAdjustExit,},
 395              {RTDFactoryColortemp6RAdjustEnter,              RTDFactoryColortemp6RAdjustLeft,                RTDFac
             -toryColortemp6RAdjustRight,               RTDFactoryColortemp6RAdjustExit,},
 396              {RTDFactoryColortemp6GAdjustEnter,              RTDFactoryColortemp6GAdjustLeft,                RTDFac
             -toryColortemp6GAdjustRight,               RTDFactoryColortemp6GAdjustExit,},
 397              {RTDFactoryColortemp6BAdjustEnter,              RTDFactoryColortemp6BAdjustLeft,                RTDFac
             -toryColortemp6BAdjustRight,               RTDFactoryColortemp6BAdjustExit,},
 398              {RTDFactoryAdcGainRAdjustEnter,                 RTDFactoryAdcGainRAdjustLeft,                   RTDFac
             -toryAdcGainRAdjustRight,                  RTDFactoryAdcGainRAdjustExit,},
 399              {RTDFactoryAdcGainGAdjustEnter,                 RTDFactoryAdcGainGAdjustLeft,                   RTDFac
             -toryAdcGainGAdjustRight,                  RTDFactoryAdcGainGAdjustExit,},
 400              {RTDFactoryAdcGainBAdjustEnter,                 RTDFactoryAdcGainBAdjustLeft,                   RTDFac
             -toryAdcGainBAdjustRight,                  RTDFactoryAdcGainBAdjustExit,},
 401              {RTDFactoryAdcOffsetRAdjustEnter,               RTDFactoryAdcOffsetRAdjustLeft,                 RTDFac
             -toryAdcOffsetRAdjustRight,                RTDFactoryAdcOffsetRAdjustExit,},
 402              {RTDFactoryAdcOffsetGAdjustEnter,               RTDFactoryAdcOffsetGAdjustLeft,                 RTDFac
             -toryAdcOffsetGAdjustRight,                RTDFactoryAdcOffsetGAdjustExit,},
 403              {RTDFactoryAdcOffsetBAdjustEnter,               RTDFactoryAdcOffsetBAdjustLeft,                 RTDFac
             -toryAdcOffsetBAdjustRight,                RTDFactoryAdcOffsetBAdjustExit,},
 404          
 405          };
 406          
 407          //--------------------------------------------------
 408          // Description  :
 409          // Input Value  :
 410          // Output Value :
 411          //--------------------------------------------------
 412          void RTDFactoryMenuOperation(void)
 413          {
 414   1          if((GET_OSD_STATE() >= _MENU_FACTORY_AUTOCOLOR) &&
 415   1             (GET_OSD_STATE() < _MENU_FACTORY_OSD_END) &&
 416   1             (GET_KEYMESSAGE() < _FACTORY_KEY_AMOUNT))
 417   1          {
 418   2          if(GET_KEYMESSAGE() == 1)
 419   2                (*OperationFactoryTable[GET_OSD_STATE() - _MENU_FACTORY_AUTOCOLOR][2])();
 420   2          else if(GET_KEYMESSAGE() == 2)
 421   2                (*OperationFactoryTable[GET_OSD_STATE() - _MENU_FACTORY_AUTOCOLOR][1])();
 422   2          else
 423   2                (*OperationFactoryTable[GET_OSD_STATE() - _MENU_FACTORY_AUTOCOLOR][GET_KEYMESSAGE()])();
 424   2          }
 425   1      }
C51 COMPILER V9.60.0.0   RTDFACTORYMODE                                                    09/21/2026 15:33:53 PAGE 9   

 426          
 427          //----------------------------------------------------------------------------------------------------
 428          // OSD Factory
 429          //----------------------------------------------------------------------------------------------------
 430          //--------------------------------------------------
 431          // Description  :
 432          // Input Value  :
 433          // Output Value :
 434          //--------------------------------------------------
 435          void RTDFactoryMainMenu(void)
 436          {
 437   1          BYTE ucRowCount = 0;
 438   1      
 439   1          g_ucFontPointer0 = _FACTORY_PAGE_0_START;
 440   1          g_ucFontPointer1 = _FACTORY_PAGE_1_START;
 441   1          g_ucFactoryPage = 0;
 442   1      
 443   1          RTDFactoryOsdFuncDisableOsd();
 444   1          SET_OSD_STATE(_MENU_FACTORY_EXIT);
 445   1          SET_OSD_IN_FACTORY_MENU_STATUS(_TRUE);
 446   1        
 447   1          RTDFactoryOsdFuncApplyMap(WIDTH(_FACTORY_OSD_COL), HEIGHT(_FACTORY_OSD_ROW), COLOR(_CP_WHITE, _CP_BG))
             -;
 448   1        
 449   1      #if(_OSD_ROTATE_FUNCTION == _OSD_ROTATE_HARDWARE)
 450   1        ScalerOsdMapRotation(GET_OSD_ROTATE_STATUS(), _ENABLE, HEIGHT(_FACTORY_OSD_ROW), _DISABLE, 0, _ENABLE);
 451   1      #endif
 452   1          ScalerOsdHardwareVLC(tFONT_FACTORY_GLOBAL, VLC_TABLE_SIZE(tFONT_FACTORY_GLOBAL), GET_CURRENT_BANK_NUMB
             -ER(), 0x00, g_usFontTableStart, _OSD_ROTATE_DEGREE_0);
 453   1          OsdPaletteSelectPalette(_PALETTE_MAIN_MENU);
 454   1      
 455   1          RTDFactoryOsdFuncClearOsdFont(0, 0, _FACTORY_OSD_COL, _FACTORY_OSD_ROW, 0x00);
 456   1      
 457   1      
 458   1      #if(_DEF_FACTORY_EDIDINFO)
                  
                  #if(_A0_EMBEDDED_DDCRAM_MAX_SIZE != _EDID_SIZE_NONE)
                      //if(SysSourceGetSourceType() == _SOURCE_VGA)
                      {
                          FactoryEDIDInfo(_DDCRAM_VGA,_ManValue_VGA,((_A0_INPUT_PORT_TYPE)&0x0F));
                    DebugMessageOsd("3.------------",_DDCRAM_VGA[0x08]);
                    DebugMessageOsd("3._DDCRAM_VGA",_DDCRAM_VGA[0x08]);
                    DebugMessageOsd("3._DDCRAM_VGA",_DDCRAM_VGA[0x09]);
                      }
                  #endif
                  //D0 PORT      
                  #if(_D0_EMBEDDED_DDCRAM_MAX_SIZE != _EDID_SIZE_NONE)
                      //if(GET_OSD_INPUT_PORT_OSD_ITEM==_OSD_INPUT_D0)
                      {
                         FactoryEDIDInfo(_DDCRAM_D0,_ManValue_D0,((_D0_INPUT_PORT_TYPE)&0x0F));
                      }
                  #endif
                  //D1 PORT
                  #if(_D1_EMBEDDED_DDCRAM_MAX_SIZE != _EDID_SIZE_NONE) 
                     // if(GET_OSD_INPUT_PORT_OSD_ITEM==_OSD_INPUT_D1)
                      {
                          FactoryEDIDInfo(_DDCRAM_D1,_ManValue_D1,((_D1_INPUT_PORT_TYPE)&0x0F));
                      }
                  #endif
                  //D2 PORT
                  #if(_D2_EMBEDDED_DDCRAM_MAX_SIZE != _EDID_SIZE_NONE) 
                      //if(GET_OSD_INPUT_PORT_OSD_ITEM==_OSD_INPUT_D2)
C51 COMPILER V9.60.0.0   RTDFACTORYMODE                                                    09/21/2026 15:33:53 PAGE 10  

                      {
                          FactoryEDIDInfo(_DDCRAM_D2,_ManValue_D2,((_D2_INPUT_PORT_TYPE)&0x0F));
                      }
                  #endif
                  //D3 PORT
                  #if(_D3_EMBEDDED_DDCRAM_MAX_SIZE != _EDID_SIZE_NONE) 
                      //if(GET_OSD_INPUT_PORT_OSD_ITEM==_OSD_INPUT_D3)
                      {
                          FactoryEDIDInfo(_DDCRAM_D3,_ManValue_D3,((_D3_INPUT_PORT_TYPE)&0x0F));
                      }
                  #endif
              #endif
 498   1      
 499   1      
 500   1          RTDFactoryOsdFuncPutStringProp(ROW(_FACTORY_MODEL_NAME_ROW), COL(_FACTORY_FUNCTION_COL), _PFONT_FACTOR
             -Y_PAGE_0, tFONT_FACTORY_EUROPE, tOSD_FACTORY_PAGE_TABLE[0], _ENGLISH);
 501   1        #if(Project_ID==ID_TEST_HK2556MINI_TYPEC_WIFI_EDP60HZ_20200908)// &&(_PROJEC_ID_TYPE ==1)
                  RTDFactoryOsdFuncPutStringProp(ROW(_FACTORY_PANEL_NAME_ROW), COL(_FACTORY_FUNCTION_COL + 13), _PFONT_FAC
             -TORY_PAGE_0, tFONT_FACTORY_EUROPE, tOSD_FACTORY_PAGE_TABLE[1], _ENGLISH);
                #else
 504   1          RTDFactoryOsdFuncPutStringProp(ROW(_FACTORY_PANEL_NAME_ROW), COL(_FACTORY_FUNCTION_COL + 11), _PFONT_FAC
             -TORY_PAGE_0, tFONT_FACTORY_EUROPE, tOSD_FACTORY_PAGE_TABLE[1], _ENGLISH);
 505   1        #endif
 506   1        RTDFactoryOsdFuncPutStringProp(ROW(_FACTORY_MODEL_NAME_ROW+1), COL(_FACTORY_FUNCTION_COL), _PFONT_FACTORY
             -_PAGE_0, tFONT_FACTORY_EUROPE, tOSD_FACTORY_PAGE_TABLE[2], _ENGLISH);
 507   1          RTDFactoryOsdFuncPutStringProp(ROW(_FACTORY_AUTOCOLOR_ROW), COL(_FACTORY_FUNCTION_COL), _PFONT_FACTORY
             -_PAGE_0, tFONT_FACTORY_EUROPE, tOSD_FACTORY_PAGE_TABLE[3], _ENGLISH);
 508   1          RTDFactoryOsdFuncPutStringProp(ROW(_FACTORY_AUTOCOLOR_TYPE_ROW), COL(_FACTORY_FUNCTION_COL), _PFONT_FA
             -CTORY_PAGE_0, tFONT_FACTORY_EUROPE, tOSD_FACTORY_PAGE_TABLE[20], _ENGLISH);
 509   1          RTDFactoryOsdFuncPutStringProp(ROW(_FACTORY_BURNIN_ROW), COL(_FACTORY_FUNCTION_COL), _PFONT_FACTORY_PA
             -GE_0, tFONT_FACTORY_EUROPE, tOSD_FACTORY_PAGE_TABLE[4], _ENGLISH);
 510   1          RTDFactoryOsdFuncPutStringProp(ROW(_FACTORY_RESET_BURNIN_TIME_ROW), COL(_FACTORY_FUNCTION_COL), _PFONT
             -_FACTORY_PAGE_0, tFONT_FACTORY_EUROPE, tOSD_FACTORY_PAGE_TABLE[5], _ENGLISH);
 511   1          RTDFactoryOsdFuncPutStringProp(ROW(_FACTORY_BURNIN_TIME_ROW), COL(_FACTORY_FUNCTION_COL), _PFONT_FACTO
             -RY_PAGE_0, tFONT_FACTORY_EUROPE, tOSD_FACTORY_PAGE_TABLE[6], _ENGLISH);
 512   1          RTDFactoryOsdFuncPutStringProp(ROW(_FACTORY_RESET_PANEL_TIME_ROW), COL(_FACTORY_FUNCTION_COL), _PFONT_
             -FACTORY_PAGE_0, tFONT_FACTORY_EUROPE, tOSD_FACTORY_PAGE_TABLE[7], _ENGLISH);
 513   1          RTDFactoryOsdFuncPutStringProp(ROW(_FACTORY_PANEL_TIME_ROW), COL(_FACTORY_FUNCTION_COL), _PFONT_FACTOR
             -Y_PAGE_0, tFONT_FACTORY_EUROPE, tOSD_FACTORY_PAGE_TABLE[8], _ENGLISH);
 514   1      
 515   1          RTDFactoryOsdFuncPutStringProp(ROW(_FACTORY_COLORTEMP_ROW), COL(_FACTORY_FUNCTION_COL), _PFONT_FACTORY
             -_PAGE_0, tFONT_FACTORY_EUROPE, tOSD_FACTORY_PAGE_TABLE[9], _ENGLISH);
 516   1          RTDFactoryOsdFuncPutStringProp(ROW(_FACTORY_COLORTEMP1_ROW), COL(_FACTORY_FUNCTION_COL), _PFONT_FACTOR
             -Y_PAGE_0, tFONT_FACTORY_EUROPE, tOSD_FACTORY_PAGE_TABLE[10], _ENGLISH);
 517   1          RTDFactoryOsdFuncPutStringProp(ROW(_FACTORY_COLORTEMP2_ROW), COL(_FACTORY_FUNCTION_COL), _PFONT_FACTOR
             -Y_PAGE_0, tFONT_FACTORY_EUROPE, tOSD_FACTORY_PAGE_TABLE[11], _ENGLISH);
 518   1          RTDFactoryOsdFuncPutStringProp(ROW(_FACTORY_COLORTEMP3_ROW), COL(_FACTORY_FUNCTION_COL), _PFONT_FACTOR
             -Y_PAGE_0, tFONT_FACTORY_EUROPE, tOSD_FACTORY_PAGE_TABLE[12], _ENGLISH);
 519   1          RTDFactoryOsdFuncPutStringProp(ROW(_FACTORY_COLORTEMP4_ROW), COL(_FACTORY_FUNCTION_COL), _PFONT_FACTOR
             -Y_PAGE_0, tFONT_FACTORY_EUROPE, tOSD_FACTORY_PAGE_TABLE[13], _ENGLISH);
 520   1          RTDFactoryOsdFuncPutStringProp(ROW(_FACTORY_COLORTEMP5_ROW), COL(_FACTORY_FUNCTION_COL), _PFONT_FACTOR
             -Y_PAGE_0, tFONT_FACTORY_EUROPE, tOSD_FACTORY_PAGE_TABLE[14], _ENGLISH);
 521   1          RTDFactoryOsdFuncPutStringProp(ROW(_FACTORY_COLORTEMP6_ROW), COL(_FACTORY_FUNCTION_COL), _PFONT_FACTOR
             -Y_PAGE_0, tFONT_FACTORY_EUROPE, tOSD_FACTORY_PAGE_TABLE[15], _ENGLISH);
 522   1          RTDFactoryOsdFuncPutStringProp(ROW(_FACTORY_ADC_GAIN_ROW), COL(_FACTORY_FUNCTION_COL), _PFONT_FACTORY_
             -PAGE_0, tFONT_FACTORY_EUROPE, tOSD_FACTORY_PAGE_TABLE[16], _ENGLISH);
 523   1          RTDFactoryOsdFuncPutStringProp(ROW(_FACTORY_ADC_OFFSET_ROW), COL(_FACTORY_FUNCTION_COL), _PFONT_FACTOR
             -Y_PAGE_0, tFONT_FACTORY_EUROPE, tOSD_FACTORY_PAGE_TABLE[17], _ENGLISH);
 524   1        //  RTDFactoryOsdFuncPutStringProp(ROW(_FACTORY_OSD_PAGE_ROW), COL(_FACTORY_FUNCTION_COL), _PFONT_FACTOR
             -Y_PAGE_0, tFONT_FACTORY_EUROPE, tOSD_FACTORY_PAGE_TABLE[18], _ENGLISH);
 525   1          RTDFactoryOsdFuncPutStringProp(ROW(_FACTORY_EXIT_ROW), COL(_FACTORY_FUNCTION_COL), _PFONT_FACTORY_PAGE
             -_0, tFONT_FACTORY_EUROPE, tOSD_FACTORY_PAGE_TABLE[19], _ENGLISH);
C51 COMPILER V9.60.0.0   RTDFACTORYMODE                                                    09/21/2026 15:33:53 PAGE 11  

 526   1      
 527   1          for(ucRowCount = 0; ucRowCount < 8; ucRowCount++)
 528   1          {
 529   2              RTDFactoryOsdFuncPutStringProp(ROW(_FACTORY_COLORTEMP1_ROW + ucRowCount), COL(_FACTORY_R_COL), _PF
             -ONT_FACTORY_PAGE_0, tFONT_FACTORY_EUROPE, tOSD_FACTORY_RGB_TABLE[0], _ENGLISH);
 530   2              RTDFactoryOsdFuncPutStringProp(ROW(_FACTORY_COLORTEMP1_ROW + ucRowCount), COL(_FACTORY_G_COL), _PF
             -ONT_FACTORY_PAGE_0, tFONT_FACTORY_EUROPE, tOSD_FACTORY_RGB_TABLE[1], _ENGLISH);
 531   2              RTDFactoryOsdFuncPutStringProp(ROW(_FACTORY_COLORTEMP1_ROW + ucRowCount), COL(_FACTORY_B_COL), _PF
             -ONT_FACTORY_PAGE_0, tFONT_FACTORY_EUROPE, tOSD_FACTORY_RGB_TABLE[2], _ENGLISH);
 532   2          }
 533   1      
 534   1          for(ucRowCount = 0; ucRowCount <= _CT_COLORTEMP_AMOUNT; ucRowCount++)
 535   1          {
 536   2              RTDNVRamLoadColorSetting(ucRowCount);
 537   2              RTDFactoryOsdFuncShowNumber(ROW(_FACTORY_COLORTEMP1_ROW + ucRowCount), COL(_FACTORY_R_NUMBER_COL),
             -GET_COLOR_TEMP_TYPE_USER_R(), (_ALIGN_RIGHT | _FORCE_SHOW_NUMBER_OFF | _SHOW_3), _PFONT_FACTORY_COLORTEMP1_R + ucRowCoun
             -t * 3);
 538   2              RTDFactoryOsdFuncShowNumber(ROW(_FACTORY_COLORTEMP1_ROW + ucRowCount), COL(_FACTORY_G_NUMBER_COL),
             - GET_COLOR_TEMP_TYPE_USER_G(), (_ALIGN_RIGHT | _FORCE_SHOW_NUMBER_OFF | _SHOW_3), _PFONT_FACTORY_COLORTEMP1_G + ucRowCou
             -nt * 3);
 539   2              RTDFactoryOsdFuncShowNumber(ROW(_FACTORY_COLORTEMP1_ROW + ucRowCount), COL(_FACTORY_B_NUMBER_COL),
             - GET_COLOR_TEMP_TYPE_USER_B(), (_ALIGN_RIGHT | _FORCE_SHOW_NUMBER_OFF | _SHOW_3), _PFONT_FACTORY_COLORTEMP1_B + ucRowCou
             -nt * 3);
 540   2          }
 541   1          RTDNVRamLoadColorSetting(GET_COLOR_TEMP_TYPE());
 542   1      
 543   1      #if(_VGA_SUPPORT == _ON)
 544   1          RTDFactoryOsdFuncShowNumber(ROW(_FACTORY_ADC_GAIN_ROW), COL(_FACTORY_R_NUMBER_COL), g_stAdcData.pucAdc
             -GainMSB[_AUTO_RED_CHANNEL], (_ALIGN_RIGHT | _FORCE_SHOW_NUMBER_OFF | _SHOW_3), _PFONT_FACTORY_ADC_GAIN_R);
 545   1          RTDFactoryOsdFuncShowNumber(ROW(_FACTORY_ADC_GAIN_ROW), COL(_FACTORY_G_NUMBER_COL), g_stAdcData.pucAdc
             -GainMSB[_AUTO_GREEN_CHANNEL], (_ALIGN_RIGHT | _FORCE_SHOW_NUMBER_OFF | _SHOW_3), _PFONT_FACTORY_ADC_GAIN_G);
 546   1          RTDFactoryOsdFuncShowNumber(ROW(_FACTORY_ADC_GAIN_ROW), COL(_FACTORY_B_NUMBER_COL), g_stAdcData.pucAdc
             -GainMSB[_AUTO_BLUE_CHANNEL], (_ALIGN_RIGHT | _FORCE_SHOW_NUMBER_OFF | _SHOW_3), _PFONT_FACTORY_ADC_GAIN_B);
 547   1      
 548   1          RTDFactoryOsdFuncShowNumber(ROW(_FACTORY_ADC_OFFSET_ROW), COL(_FACTORY_R_NUMBER_COL), g_stAdcData.pucA
             -dcOffsetMSB[_AUTO_RED_CHANNEL], (_ALIGN_RIGHT | _FORCE_SHOW_NUMBER_OFF | _SHOW_3), _PFONT_FACTORY_ADC_OFFSET_R);
 549   1          RTDFactoryOsdFuncShowNumber(ROW(_FACTORY_ADC_OFFSET_ROW), COL(_FACTORY_G_NUMBER_COL), g_stAdcData.pucA
             -dcOffsetMSB[_AUTO_GREEN_CHANNEL], (_ALIGN_RIGHT | _FORCE_SHOW_NUMBER_OFF | _SHOW_3), _PFONT_FACTORY_ADC_OFFSET_G);
 550   1          RTDFactoryOsdFuncShowNumber(ROW(_FACTORY_ADC_OFFSET_ROW), COL(_FACTORY_B_NUMBER_COL), g_stAdcData.pucA
             -dcOffsetMSB[_AUTO_BLUE_CHANNEL], (_ALIGN_RIGHT | _FORCE_SHOW_NUMBER_OFF | _SHOW_3), _PFONT_FACTORY_ADC_OFFSET_B);
 551   1      #else
                  RTDFactoryOsdFuncShowNumber(ROW(_FACTORY_ADC_GAIN_ROW), COL(_FACTORY_R_NUMBER_COL), 128, (_ALIGN_RIGHT
             - | _FORCE_SHOW_NUMBER_OFF | _SHOW_3), _PFONT_FACTORY_ADC_GAIN_R);
                  RTDFactoryOsdFuncShowNumber(ROW(_FACTORY_ADC_GAIN_ROW), COL(_FACTORY_G_NUMBER_COL), 128, (_ALIGN_RIGHT
             - | _FORCE_SHOW_NUMBER_OFF | _SHOW_3), _PFONT_FACTORY_ADC_GAIN_G);
                  RTDFactoryOsdFuncShowNumber(ROW(_FACTORY_ADC_GAIN_ROW), COL(_FACTORY_B_NUMBER_COL), 128, (_ALIGN_RIGHT
             - | _FORCE_SHOW_NUMBER_OFF | _SHOW_3), _PFONT_FACTORY_ADC_GAIN_B);
              
                  RTDFactoryOsdFuncShowNumber(ROW(_FACTORY_ADC_OFFSET_ROW), COL(_FACTORY_R_NUMBER_COL), 128, (_ALIGN_RIG
             -HT | _FORCE_SHOW_NUMBER_OFF | _SHOW_3), _PFONT_FACTORY_ADC_OFFSET_R);
                  RTDFactoryOsdFuncShowNumber(ROW(_FACTORY_ADC_OFFSET_ROW), COL(_FACTORY_G_NUMBER_COL), 128, (_ALIGN_RIG
             -HT | _FORCE_SHOW_NUMBER_OFF | _SHOW_3), _PFONT_FACTORY_ADC_OFFSET_G);
                  RTDFactoryOsdFuncShowNumber(ROW(_FACTORY_ADC_OFFSET_ROW), COL(_FACTORY_B_NUMBER_COL), 128, (_ALIGN_RIG
             -HT | _FORCE_SHOW_NUMBER_OFF | _SHOW_3), _PFONT_FACTORY_ADC_OFFSET_B);
              #endif
 560   1      
 561   1          // Auto color pass or fail
 562   1          // RTDFactoryOsdFuncPutStringProp(ROW(_FACTORY_AUTOCOLOR_ROW), COL(_FACTORY_ON_OFF_COL), _PFONT_FACTOR
             -Y_AUTO_COLOR, tFONT_FACTORY_EUROPE, tOSD_FACTORY_PASS_FAIL_TABLE[0], _ENGLISH);
 563   1      
 564   1          // Burnin on or off
 565   1          RTDFactoryOsdFuncPutStringProp(ROW(_FACTORY_BURNIN_ROW), COL(_FACTORY_ON_OFF_COL), _PFONT_FACTORY_BURN
C51 COMPILER V9.60.0.0   RTDFACTORYMODE                                                    09/21/2026 15:33:53 PAGE 12  

             -IN, tFONT_FACTORY_EUROPE, tOSD_FACTORY_ON_OFF_TABLE[GET_OSD_BURNING_MODE()], _ENGLISH);
 566   1      
 567   1          // Panel/Burnin Time hour and min.
 568   1          for(ucRowCount = 0; ucRowCount < 2; ucRowCount++)
 569   1          {
 570   2              RTDFactoryOsdFuncPutStringProp(ROW(_FACTORY_BURNIN_TIME_ROW + ucRowCount * 2), COL(_FACTORY_TIME_H
             -OUR_COL), _PFONT_FACTORY_PAGE_0, tFONT_FACTORY_EUROPE, tOSD_FACTORY_HOUR_MIN_TABLE[0], _ENGLISH);
 571   2              RTDFactoryOsdFuncPutStringProp(ROW(_FACTORY_BURNIN_TIME_ROW + ucRowCount * 2), COL(_FACTORY_TIME_M
             -IN_COL), _PFONT_FACTORY_PAGE_0, tFONT_FACTORY_EUROPE, tOSD_FACTORY_HOUR_MIN_TABLE[1], _ENGLISH);
 572   2          }
 573   1      
 574   1      #if(_ADC_SELF_CALIBRATION == _OFF)
 575   1          SET_OSD_FACTORY_AUTO_COLOR_TYPE(_AUTO_COLOR_TYPE_EXTERNAL);
 576   1      #endif
 577   1      
 578   1          // Auto color type
 579   1          g_ucAutoColotTypeFontPointer = g_ucFontPointer0;
 580   1          RTDFactoryOsdFuncPutStringProp(ROW(_FACTORY_AUTOCOLOR_TYPE_ROW), COL(_FACTORY_ON_OFF_COL), _PFONT_FACT
             -ORY_AUTO_COLOR_TYPE, tFONT_FACTORY_EUROPE, tOSD_FACTORY_AUTO_COLOR_TYPE_TABLE[GET_OSD_FACTORY_AUTO_COLOR_TYPE()], _ENGLI
             -SH);
 581   1      
 582   1          RTDFactoryOsdFuncShowNumber(ROW(_FACTORY_BURNIN_TIME_ROW), COL(_FACTORY_BURNIN_TIME_HOUR_NUMBER_COL), 
             -GET_PANEL_BURN_TIME_HOUR(), (_ALIGN_LEFT | _FORCE_SHOW_NUMBER_OFF | _SHOW_5), _PFONT_FACTORY_BURNIN_TIME_HOUR);
 583   1          RTDFactoryOsdFuncShowNumber(ROW(_FACTORY_BURNIN_TIME_ROW), COL(_FACTORY_BURNIN_TIME_MIN_NUMBER_COL), G
             -ET_PANEL_BURN_TIME_MIN(), (_ALIGN_LEFT | _FORCE_SHOW_NUMBER_OFF | _SHOW_3), _PFONT_FACTORY_BURNIN_TIME_MIN);
 584   1          RTDFactoryOsdFuncShowNumber(ROW(_FACTORY_PANEL_TIME_ROW), COL(_FACTORY_PANEL_TIME_HOUR_NUMBER_COL), GE
             -T_PANEL_TIME_HOUR(), (_ALIGN_LEFT | _FORCE_SHOW_NUMBER_OFF | _SHOW_5), _PFONT_FACTORY_PANEL_TIME_HOUR);
 585   1          RTDFactoryOsdFuncShowNumber(ROW(_FACTORY_PANEL_TIME_ROW), COL(_FACTORY_PANEL_TIME_MIN_NUMBER_COL), GET
             -_PANEL_TIME_MIN(), (_ALIGN_LEFT | _FORCE_SHOW_NUMBER_OFF | _SHOW_3), _PFONT_FACTORY_PANEL_TIME_MIN);
 586   1          // OSD Page value
 587   1          //RTDFactoryOsdFuncShowNumber(ROW(_FACTORY_OSD_PAGE_ROW), COL(_FACTORY_OSD_PAGE_NUMBER_COL), g_ucFacto
             -ryPage, (_ALIGN_LEFT | _FORCE_SHOW_NUMBER_OFF | _SHOW_2), _PFONT_FACTORY_OSD_PAGE);
 588   1      
 589   1          RTDFactoryOsdFuncDrawWindow(tOSD_FACTORY_WIN0, 0, 0, _FACTORY_OSD_WINDOW_SIZE_X, _FACTORY_OSD_WINDOW_S
             -IZE_Y, _CP_DARKBLUE);
 590   1          RTDFactoryOsdFuncSelectItem(_MENU_FACTORY_EXIT);
 591   1      
 592   1      #if(_FACTORY_ONE_PIECE_MARK_SUPPORT == _ON)
                  RTDFactoryOnePieceMark();
              #endif
 595   1        //RTDFactoryOsdFuncPutStringProp(ROW(_FACTORY_EXIT_ROW+1),COL(5),_PFONT_FACTORY_PAGE_1,tFONT_FACTORY_EURO
             -PE, tOSD_BURNIN_PAGE_TABLE[_FACTORY_CHKSUM], _ENGLISH);
 596   1        RTDFactoryOsdFuncShowChecksum(ROW(_FACTORY_EXIT_ROW+1), COL(20), (_ALIGN_LEFT | _FORCE_SHOW_NUMBER_OFF | 
             -_SHOW_5), _PFONT_FACTORY_PAGE_0);
 597   1      #if(_DEF_IR_SHOW)
                RTDFactoryOsdFuncShowHexNumber(ROW(_FACTORY_EXIT_ROW+2), COL(1),  _PFONT_FACTORY_PAGE_0);
              #endif
 600   1          RTDFactoryOsdFuncSetPosition(_FACTORY_OSD, _FACTORY_OSD_H_POS_MIN, _FACTORY_OSD_V_POS_MIN);
 601   1        
 602   1          RTDFactoryOsdFuncEnableOsd();
 603   1      
 604   1      
 605   1      #if(Project_ID == ID_TIEMU_HK2513E02_1V1H__SGM2701B01_2_FHD75HZ__20200718)||(ID_TIEMU_HK2513E02_1V1H__M270
             -HVR01_1_FHD75HZ__20200908 == Project_ID)
                  SET_OSD_FACTORY_MODE(_OFF);       
                  SET_OSD_BURNING_MODE(_OFF);
                  RTDNVRamSaveOSDData();
                #endif
 610   1      }
 611          
 612          
 613          //----------------------------------------------------------------------------------------------------
C51 COMPILER V9.60.0.0   RTDFACTORYMODE                                                    09/21/2026 15:33:53 PAGE 13  

 614          // OSD Factory Operation
 615          //----------------------------------------------------------------------------------------------------
 616          //============= Auto Color =======================
 617          void RTDFactoryAutoColorEnter(void)
 618          {
 619   1      #if(_VGA_SUPPORT == _ON)
 620   1          BYTE ucTemp = 0;
 621   1      
 622   1          if(SysSourceGetSourceType() == _SOURCE_VGA)
 623   1          {
 624   2              if(GET_OSD_FACTORY_AUTO_COLOR_TYPE() == _AUTO_COLOR_TYPE_INTERNAL)
 625   2              {
 626   3                  RTDFactoryOsdFuncDisableOsd();
 627   3                  ucTemp = _AUTO_CALIBRATE_RGB;
 628   3              }
 629   2              else
 630   2              {
 631   3                  ucTemp = _AUTO_TUNE_RGB;
 632   3              }
 633   2      
 634   2              if(ScalerAutoDoWhiteBalance(ucTemp) == _AUTO_SUCCESS)
 635   2              {
 636   3                  ScalerAutoGetAutoColorResult(&g_stAdcData);
 637   3                  RTDFactoryOsdFuncChangeColor1Bit(_FACTORY_AUTOCOLOR_ROW, _FACTORY_ON_OFF_COL, WIDTH(6), 1, COL
             -OR(_CP_BG, _CP_BG));
 638   3                  RTDFactoryOsdFuncPutStringProp(_FACTORY_AUTOCOLOR_ROW, _FACTORY_ON_OFF_COL, _PFONT_FACTORY_AUT
             -O_COLOR, tFONT_FACTORY_EUROPE, tOSD_FACTORY_PASS_FAIL_TABLE[1], _ENGLISH);
 639   3                  RTDFactoryOsdFuncChangeColor1Bit(_FACTORY_AUTOCOLOR_ROW, _FACTORY_ON_OFF_COL, WIDTH(6), 1, COL
             -OR(_CP_WHITE, _CP_BG));
 640   3                  UserCommonNVRamSaveADCSetting(_COLOR_SPACE_RGB);
 641   3              }
 642   2              else
 643   2              {
 644   3                  RTDFactoryOsdFuncChangeColor1Bit(_FACTORY_AUTOCOLOR_ROW, _FACTORY_ON_OFF_COL, WIDTH(6), 1, COL
             -OR(_CP_BG, _CP_BG));
 645   3                  RTDFactoryOsdFuncPutStringProp(_FACTORY_AUTOCOLOR_ROW, _FACTORY_ON_OFF_COL, _PFONT_FACTORY_AUT
             -O_COLOR, tFONT_FACTORY_EUROPE, tOSD_FACTORY_PASS_FAIL_TABLE[0], _ENGLISH);
 646   3                  RTDFactoryOsdFuncChangeColor1Bit(_FACTORY_AUTOCOLOR_ROW, _FACTORY_ON_OFF_COL, WIDTH(6), 1, COL
             -OR(_CP_WHITE, _CP_BG));
 647   3                  UserCommonNVRamRestoreADCSetting();
 648   3              }
 649   2              RTDFactoryOsdFuncShowNumber(ROW(_FACTORY_ADC_GAIN_ROW), COL(_FACTORY_R_NUMBER_COL), g_stAdcData.pu
             -cAdcGainMSB[_AUTO_RED_CHANNEL], (_ALIGN_RIGHT | _FORCE_SHOW_NUMBER_OFF | _SHOW_3), _PFONT_FACTORY_ADC_GAIN_R);
 650   2              RTDFactoryOsdFuncShowNumber(ROW(_FACTORY_ADC_GAIN_ROW), COL(_FACTORY_G_NUMBER_COL), g_stAdcData.pu
             -cAdcGainMSB[_AUTO_GREEN_CHANNEL], (_ALIGN_RIGHT | _FORCE_SHOW_NUMBER_OFF | _SHOW_3), _PFONT_FACTORY_ADC_GAIN_G);
 651   2              RTDFactoryOsdFuncShowNumber(ROW(_FACTORY_ADC_GAIN_ROW), COL(_FACTORY_B_NUMBER_COL), g_stAdcData.pu
             -cAdcGainMSB[_AUTO_BLUE_CHANNEL], (_ALIGN_RIGHT | _FORCE_SHOW_NUMBER_OFF | _SHOW_3), _PFONT_FACTORY_ADC_GAIN_B);
 652   2      
 653   2              RTDFactoryOsdFuncShowNumber(ROW(_FACTORY_ADC_OFFSET_ROW), COL(_FACTORY_R_NUMBER_COL), g_stAdcData.
             -pucAdcOffsetMSB[_AUTO_RED_CHANNEL], (_ALIGN_RIGHT | _FORCE_SHOW_NUMBER_OFF | _SHOW_3), _PFONT_FACTORY_ADC_OFFSET_R);
 654   2              RTDFactoryOsdFuncShowNumber(ROW(_FACTORY_ADC_OFFSET_ROW), COL(_FACTORY_G_NUMBER_COL), g_stAdcData.
             -pucAdcOffsetMSB[_AUTO_GREEN_CHANNEL], (_ALIGN_RIGHT | _FORCE_SHOW_NUMBER_OFF | _SHOW_3), _PFONT_FACTORY_ADC_OFFSET_G);
 655   2              RTDFactoryOsdFuncShowNumber(ROW(_FACTORY_ADC_OFFSET_ROW), COL(_FACTORY_B_NUMBER_COL), g_stAdcData.
             -pucAdcOffsetMSB[_AUTO_BLUE_CHANNEL], (_ALIGN_RIGHT | _FORCE_SHOW_NUMBER_OFF | _SHOW_3), _PFONT_FACTORY_ADC_OFFSET_B);
 656   2          }
 657   1      #endif // End of #if(_VGA_SUPPORT == _ON)
 658   1      }
 659          
 660          void RTDFactoryAutoColorLeft(void)
 661          {
 662   1      #if(_ADC_SELF_CALIBRATION == _ON)
                  RTDFactoryOsdFuncSelectItem(_MENU_FACTORY_AUTOCOLOR_TYPE);
C51 COMPILER V9.60.0.0   RTDFACTORYMODE                                                    09/21/2026 15:33:53 PAGE 14  

              #else
 665   1          RTDFactoryOsdFuncSelectItem(_MENU_FACTORY_BURNIN);
 666   1      #endif // End of #if(_ADC_SELF_CALIBRATION == _ON)
 667   1      }
 668          
 669          void RTDFactoryAutoColorRight(void)
 670          {
 671   1          RTDFactoryOsdFuncSelectItem(_MENU_FACTORY_EXIT);
 672   1      }
 673          
 674          void RTDFactoryAutoColorExit(void)
 675          {
 676   1          RTDFactoryOsdFuncDisableOsd();
 677   1      }
 678          
 679          //============= Auto Color Type =======================
 680          void RTDFactoryAutoColorTypeEnter(void)
 681          {
 682   1          g_usAdjustValue = GET_OSD_FACTORY_AUTO_COLOR_TYPE();
 683   1          RTDFactoryOsdFuncSelectItem(_MENU_FACTORY_AUTO_COLOR_TYPE);
 684   1      }
 685          
 686          void RTDFactoryAutoColorTypeLeft(void)
 687          {
 688   1          RTDFactoryOsdFuncSelectItem(_MENU_FACTORY_BURNIN);
 689   1      }
 690          
 691          void RTDFactoryAutoColorTypeRight(void)
 692          {
 693   1          RTDFactoryOsdFuncSelectItem(_MENU_FACTORY_AUTOCOLOR);
 694   1      }
 695          
 696          void RTDFactoryAutoColorTypeExit(void)
 697          {
 698   1          RTDFactoryOsdFuncDisableOsd();
 699   1      }
 700          
 701          //============= Burnin =======================
 702          void RTDFactoryBurninEnter(void)
 703          {
 704   1          g_usAdjustValue = GET_OSD_BURNING_MODE();
 705   1          RTDFactoryOsdFuncSelectItem(_MENU_FACTORY_BURNIN_ON_OFF);
 706   1      }
 707          
 708          void RTDFactoryBurninLeft(void)
 709          {
 710   1          RTDFactoryOsdFuncSelectItem(_MENU_FACTORY_RESET_BURNIN_TIME);
 711   1      }
 712          
 713          void RTDFactoryBurninRight(void)
 714          {
 715   1      #if(_VGA_SUPPORT == _ON)
 716   1      #if(_ADC_SELF_CALIBRATION == _ON)
                  RTDFactoryOsdFuncSelectItem(_MENU_FACTORY_AUTOCOLOR_TYPE);
              
              #else
 720   1          RTDFactoryOsdFuncSelectItem(_MENU_FACTORY_AUTOCOLOR);
 721   1      
 722   1      #endif // End of #if(_ADC_SELF_CALIBRATION == _ON)
 723   1      
 724   1      #else
                RTDFactoryOsdFuncSelectItem(_MENU_FACTORY_EXIT);
C51 COMPILER V9.60.0.0   RTDFACTORYMODE                                                    09/21/2026 15:33:53 PAGE 15  

              
              #endif
 728   1      }
 729          
 730          void RTDFactoryBurninExit(void)
 731          {
 732   1          RTDFactoryOsdFuncDisableOsd();
 733   1      }
 734          
 735          //============= Reset Burnin Time =======================
 736          void RTDFactoryResetBurninTimeEnter(void)
 737          {
 738   1        RTDFlashRestorePanelUsedTimeData();
 739   1        
 740   1          RTDFactoryOsdFuncShowNumber(ROW(_FACTORY_BURNIN_TIME_ROW), COL(_FACTORY_BURNIN_TIME_HOUR_NUMBER_COL), 
             -GET_PANEL_BURN_TIME_HOUR(), (_ALIGN_LEFT | _FORCE_SHOW_NUMBER_OFF | _SHOW_5), _PFONT_FACTORY_BURNIN_TIME_HOUR);
 741   1          RTDFactoryOsdFuncShowNumber(ROW(_FACTORY_BURNIN_TIME_ROW), COL(_FACTORY_BURNIN_TIME_MIN_NUMBER_COL), G
             -ET_PANEL_BURN_TIME_MIN(), (_ALIGN_LEFT | _FORCE_SHOW_NUMBER_OFF | _SHOW_3), _PFONT_FACTORY_BURNIN_TIME_MIN);
 742   1      
 743   1      }
 744          
 745          void RTDFactoryResetBurninTimeLeft(void)
 746          {
 747   1          RTDFactoryOsdFuncSelectItem(_MENU_FACTORY_RESET_PANEL_TIME);
 748   1      }
 749          
 750          void RTDFactoryResetBurninTimeRight(void)
 751          {
 752   1          RTDFactoryOsdFuncSelectItem(_MENU_FACTORY_BURNIN);
 753   1      }
 754          
 755          void RTDFactoryResetBurninTimeExit(void)
 756          {
 757   1          RTDFactoryOsdFuncDisableOsd();
 758   1      }
 759          
 760          //============= Reset Panel Time =======================
 761          void RTDFactoryResetPanelTimeEnter(void)
 762          {
 763   1        RTDFlashRestorePanelUsedTimeData();
 764   1          RTDFactoryOsdFuncShowNumber(ROW(_FACTORY_PANEL_TIME_ROW), COL(_FACTORY_PANEL_TIME_HOUR_NUMBER_COL), GE
             -T_PANEL_TIME_HOUR(), (_ALIGN_LEFT | _FORCE_SHOW_NUMBER_OFF | _SHOW_5), _PFONT_FACTORY_PANEL_TIME_HOUR);
 765   1          RTDFactoryOsdFuncShowNumber(ROW(_FACTORY_PANEL_TIME_ROW), COL(_FACTORY_PANEL_TIME_MIN_NUMBER_COL), GET
             -_PANEL_TIME_MIN(), (_ALIGN_LEFT | _FORCE_SHOW_NUMBER_OFF | _SHOW_3), _PFONT_FACTORY_PANEL_TIME_MIN);
 766   1      
 767   1      }
 768          
 769          void RTDFactoryResetPanelTimeLeft(void)
 770          {
 771   1          RTDFactoryOsdFuncSelectItem(_MENU_FACTORY_CT1_RED);
 772   1          RTDFactoryOsdChangColorTemp(_CT_9300);
 773   1      }
 774          
 775          void RTDFactoryResetPanelTimeRight(void)
 776          {
 777   1          RTDFactoryOsdFuncSelectItem(_MENU_FACTORY_RESET_BURNIN_TIME);
 778   1      }
 779          
 780          void RTDFactoryResetPanelTimeExit(void)
 781          {
 782   1          RTDFactoryOsdFuncDisableOsd();
 783   1      }
C51 COMPILER V9.60.0.0   RTDFACTORYMODE                                                    09/21/2026 15:33:53 PAGE 16  

 784          
 785          //============= Colortemp 1 R=======================
 786          void RTDFactoryColortemp1REnter(void)
 787          {
 788   1          g_usBackupValue = g_stColorProcData.usColorTempR;
 789   1          RTDFactoryOsdFuncSelectItem(_MENU_FACTORY_CT1_RED_ADJ);
 790   1      }
 791          
 792          void RTDFactoryColortemp1RLeft(void)
 793          {
 794   1          RTDFactoryOsdFuncSelectItem(_MENU_FACTORY_CT1_GREEN);
 795   1      }
 796          
 797          void RTDFactoryColortemp1RRight(void)
 798          {
 799   1          RTDFactoryOsdFuncSelectItem(_MENU_FACTORY_RESET_PANEL_TIME);
 800   1      }
 801          
 802          void RTDFactoryColortemp1RExit(void)
 803          {
 804   1          RTDFactoryOsdFuncDisableOsd();
 805   1      }
 806          
 807          //============= Colortemp 1 G=======================
 808          void RTDFactoryColortemp1GEnter(void)
 809          {
 810   1          g_usBackupValue = g_stColorProcData.usColorTempG;
 811   1          RTDFactoryOsdFuncSelectItem(_MENU_FACTORY_CT1_GREEN_ADJ);
 812   1      }
 813          
 814          void RTDFactoryColortemp1GLeft(void)
 815          {
 816   1          RTDFactoryOsdFuncSelectItem(_MENU_FACTORY_CT1_BLUE);
 817   1      }
 818          
 819          void RTDFactoryColortemp1GRight(void)
 820          {
 821   1          RTDFactoryOsdFuncSelectItem(_MENU_FACTORY_CT1_RED);
 822   1      }
 823          
 824          void RTDFactoryColortemp1GExit(void)
 825          {
 826   1          RTDFactoryOsdFuncDisableOsd();
 827   1      }
 828          
 829          //============= Colortemp 1 B=======================
 830          void RTDFactoryColortemp1BEnter(void)
 831          {
 832   1          g_usBackupValue = g_stColorProcData.usColorTempB;
 833   1          RTDFactoryOsdFuncSelectItem(_MENU_FACTORY_CT1_BLUE_ADJ);
 834   1      }
 835          
 836          void RTDFactoryColortemp1BLeft(void)
 837          {
 838   1          RTDFactoryOsdFuncSelectItem(_MENU_FACTORY_CT2_RED);
 839   1          RTDFactoryOsdChangColorTemp(_CT_7500);
 840   1      }
 841          
 842          void RTDFactoryColortemp1BRight(void)
 843          {
 844   1          RTDFactoryOsdFuncSelectItem(_MENU_FACTORY_CT1_GREEN);
 845   1      }
C51 COMPILER V9.60.0.0   RTDFACTORYMODE                                                    09/21/2026 15:33:53 PAGE 17  

 846          
 847          void RTDFactoryColortemp1BExit(void)
 848          {
 849   1          RTDFactoryOsdFuncDisableOsd();
 850   1      }
 851          
 852          //============= Colortemp 2 R=======================
 853          void RTDFactoryColortemp2REnter(void)
 854          {
 855   1          g_usBackupValue = g_stColorProcData.usColorTempR;
 856   1          RTDFactoryOsdFuncSelectItem(_MENU_FACTORY_CT2_RED_ADJ);
 857   1      }
 858          
 859          void RTDFactoryColortemp2RLeft(void)
 860          {
 861   1          RTDFactoryOsdFuncSelectItem(_MENU_FACTORY_CT2_GREEN);
 862   1      }
 863          
 864          void RTDFactoryColortemp2RRight(void)
 865          {
 866   1          RTDFactoryOsdFuncSelectItem(_MENU_FACTORY_CT1_BLUE);
 867   1          RTDFactoryOsdChangColorTemp(_CT_9300);
 868   1      }
 869          
 870          void RTDFactoryColortemp2RExit(void)
 871          {
 872   1          RTDFactoryOsdFuncDisableOsd();
 873   1      }
 874          
 875          //============= Colortemp 2 G=======================
 876          void RTDFactoryColortemp2GEnter(void)
 877          {
 878   1          g_usBackupValue = g_stColorProcData.usColorTempG;
 879   1          RTDFactoryOsdFuncSelectItem(_MENU_FACTORY_CT2_GREEN_ADJ);
 880   1      }
 881          
 882          void RTDFactoryColortemp2GLeft(void)
 883          {
 884   1          RTDFactoryOsdFuncSelectItem(_MENU_FACTORY_CT2_BLUE);
 885   1      }
 886          
 887          void RTDFactoryColortemp2GRight(void)
 888          {
 889   1          RTDFactoryOsdFuncSelectItem(_MENU_FACTORY_CT2_RED);
 890   1      }
 891          
 892          void RTDFactoryColortemp2GExit(void)
 893          {
 894   1          RTDFactoryOsdFuncDisableOsd();
 895   1      }
 896          
 897          //============= Colortemp 2 B=======================
 898          void RTDFactoryColortemp2BEnter(void)
 899          {
 900   1          g_usBackupValue = g_stColorProcData.usColorTempB;
 901   1          RTDFactoryOsdFuncSelectItem(_MENU_FACTORY_CT2_BLUE_ADJ);
 902   1      }
 903          
 904          void RTDFactoryColortemp2BLeft(void)
 905          {
 906   1          RTDFactoryOsdFuncSelectItem(_MENU_FACTORY_CT3_RED);
 907   1          RTDFactoryOsdChangColorTemp(_CT_6500);
C51 COMPILER V9.60.0.0   RTDFACTORYMODE                                                    09/21/2026 15:33:53 PAGE 18  

 908   1      }
 909          
 910          void RTDFactoryColortemp2BRight(void)
 911          {
 912   1          RTDFactoryOsdFuncSelectItem(_MENU_FACTORY_CT2_GREEN);
 913   1      }
 914          
 915          void RTDFactoryColortemp2BExit(void)
 916          {
 917   1          RTDFactoryOsdFuncDisableOsd();
 918   1      }
 919          
 920          //============= Colortemp 3 R=======================
 921          void RTDFactoryColortemp3REnter(void)
 922          {
 923   1          g_usBackupValue = g_stColorProcData.usColorTempR;
 924   1          RTDFactoryOsdFuncSelectItem(_MENU_FACTORY_CT3_RED_ADJ);
 925   1      }
 926          
 927          void RTDFactoryColortemp3RLeft(void)
 928          {
 929   1          RTDFactoryOsdFuncSelectItem(_MENU_FACTORY_CT3_GREEN);
 930   1      }
 931          
 932          void RTDFactoryColortemp3RRight(void)
 933          {
 934   1          RTDFactoryOsdFuncSelectItem(_MENU_FACTORY_CT2_BLUE);
 935   1          RTDFactoryOsdChangColorTemp(_CT_7500);
 936   1      }
 937          
 938          void RTDFactoryColortemp3RExit(void)
 939          {
 940   1          RTDFactoryOsdFuncDisableOsd();
 941   1      }
 942          
 943          //============= Colortemp 3 G=======================
 944          void RTDFactoryColortemp3GEnter(void)
 945          {
 946   1          g_usBackupValue = g_stColorProcData.usColorTempG;
 947   1          RTDFactoryOsdFuncSelectItem(_MENU_FACTORY_CT3_GREEN_ADJ);
 948   1      }
 949          
 950          void RTDFactoryColortemp3GLeft(void)
 951          {
 952   1          RTDFactoryOsdFuncSelectItem(_MENU_FACTORY_CT3_BLUE);
 953   1      }
 954          
 955          void RTDFactoryColortemp3GRight(void)
 956          {
 957   1          RTDFactoryOsdFuncSelectItem(_MENU_FACTORY_CT3_RED);
 958   1      }
 959          
 960          void RTDFactoryColortemp3GExit(void)
 961          {
 962   1          RTDFactoryOsdFuncDisableOsd();
 963   1      }
 964          
 965          //============= Colortemp 3 B=======================
 966          void RTDFactoryColortemp3BEnter(void)
 967          {
 968   1          g_usBackupValue = g_stColorProcData.usColorTempB;
 969   1          RTDFactoryOsdFuncSelectItem(_MENU_FACTORY_CT3_BLUE_ADJ);
C51 COMPILER V9.60.0.0   RTDFACTORYMODE                                                    09/21/2026 15:33:53 PAGE 19  

 970   1      }
 971          
 972          void RTDFactoryColortemp3BLeft(void)
 973          {
 974   1          RTDFactoryOsdFuncSelectItem(_MENU_FACTORY_CT4_RED);
 975   1          RTDFactoryOsdChangColorTemp(_CT_5800);
 976   1      }
 977          
 978          void RTDFactoryColortemp3BRight(void)
 979          {
 980   1          RTDFactoryOsdFuncSelectItem(_MENU_FACTORY_CT3_GREEN);
 981   1      }
 982          
 983          void RTDFactoryColortemp3BExit(void)
 984          {
 985   1          RTDFactoryOsdFuncDisableOsd();
 986   1      }
 987          
 988          //============= Colortemp 4 R=======================
 989          void RTDFactoryColortemp4REnter(void)
 990          {
 991   1          g_usBackupValue = g_stColorProcData.usColorTempR;
 992   1          RTDFactoryOsdFuncSelectItem(_MENU_FACTORY_CT4_RED_ADJ);
 993   1      }
 994          
 995          void RTDFactoryColortemp4RLeft(void)
 996          {
 997   1          RTDFactoryOsdFuncSelectItem(_MENU_FACTORY_CT4_GREEN);
 998   1      }
 999          
1000          void RTDFactoryColortemp4RRight(void)
1001          {
1002   1          RTDFactoryOsdFuncSelectItem(_MENU_FACTORY_CT3_BLUE);
1003   1          RTDFactoryOsdChangColorTemp(_CT_6500);
1004   1      }
1005          
1006          void RTDFactoryColortemp4RExit(void)
1007          {
1008   1          RTDFactoryOsdFuncDisableOsd();
1009   1      }
1010          
1011          //============= Colortemp 4 G=======================
1012          void RTDFactoryColortemp4GEnter(void)
1013          {
1014   1          g_usBackupValue = g_stColorProcData.usColorTempG;
1015   1          RTDFactoryOsdFuncSelectItem(_MENU_FACTORY_CT4_GREEN_ADJ);
1016   1      }
1017          
1018          void RTDFactoryColortemp4GLeft(void)
1019          {
1020   1          RTDFactoryOsdFuncSelectItem(_MENU_FACTORY_CT4_BLUE);
1021   1      }
1022          
1023          void RTDFactoryColortemp4GRight(void)
1024          {
1025   1          RTDFactoryOsdFuncSelectItem(_MENU_FACTORY_CT4_RED);
1026   1      }
1027          
1028          void RTDFactoryColortemp4GExit(void)
1029          {
1030   1          RTDFactoryOsdFuncDisableOsd();
1031   1      }
C51 COMPILER V9.60.0.0   RTDFACTORYMODE                                                    09/21/2026 15:33:53 PAGE 20  

1032          
1033          //============= Colortemp 4 B=======================
1034          void RTDFactoryColortemp4BEnter(void)
1035          {
1036   1          g_usBackupValue = g_stColorProcData.usColorTempB;
1037   1          RTDFactoryOsdFuncSelectItem(_MENU_FACTORY_CT4_BLUE_ADJ);
1038   1      }
1039          
1040          void RTDFactoryColortemp4BLeft(void)
1041          {
1042   1          RTDFactoryOsdFuncSelectItem(_MENU_FACTORY_CT5_RED);
1043   1          RTDFactoryOsdChangColorTemp(_CT_SRGB);
1044   1      }
1045          
1046          void RTDFactoryColortemp4BRight(void)
1047          {
1048   1          RTDFactoryOsdFuncSelectItem(_MENU_FACTORY_CT4_GREEN);
1049   1      }
1050          
1051          void RTDFactoryColortemp4BExit(void)
1052          {
1053   1          RTDFactoryOsdFuncDisableOsd();
1054   1      }
1055          
1056          //============= Colortemp 5 R=======================
1057          void RTDFactoryColortemp5REnter(void)
1058          {
1059   1          g_usBackupValue = g_stColorProcData.usColorTempR;
1060   1          RTDFactoryOsdFuncSelectItem(_MENU_FACTORY_CT5_RED_ADJ);
1061   1      }
1062          
1063          void RTDFactoryColortemp5RLeft(void)
1064          {
1065   1          RTDFactoryOsdFuncSelectItem(_MENU_FACTORY_CT5_GREEN);
1066   1      }
1067          
1068          void RTDFactoryColortemp5RRight(void)
1069          {
1070   1          RTDFactoryOsdFuncSelectItem(_MENU_FACTORY_CT4_BLUE);
1071   1          RTDFactoryOsdChangColorTemp(_CT_5800);
1072   1      }
1073          
1074          void RTDFactoryColortemp5RExit(void)
1075          {
1076   1          RTDFactoryOsdFuncDisableOsd();
1077   1      }
1078          
1079          //============= Colortemp 5 G=======================
1080          void RTDFactoryColortemp5GEnter(void)
1081          {
1082   1          g_usBackupValue = g_stColorProcData.usColorTempG;
1083   1          RTDFactoryOsdFuncSelectItem(_MENU_FACTORY_CT5_GREEN_ADJ);
1084   1      }
1085          
1086          void RTDFactoryColortemp5GLeft(void)
1087          {
1088   1          RTDFactoryOsdFuncSelectItem(_MENU_FACTORY_CT5_BLUE);
1089   1      }
1090          
1091          void RTDFactoryColortemp5GRight(void)
1092          {
1093   1          RTDFactoryOsdFuncSelectItem(_MENU_FACTORY_CT5_RED);
C51 COMPILER V9.60.0.0   RTDFACTORYMODE                                                    09/21/2026 15:33:53 PAGE 21  

1094   1      }
1095          
1096          void RTDFactoryColortemp5GExit(void)
1097          {
1098   1          RTDFactoryOsdFuncDisableOsd();
1099   1      }
1100          
1101          //============= Colortemp 5 B=======================
1102          void RTDFactoryColortemp5BEnter(void)
1103          {
1104   1          g_usBackupValue = g_stColorProcData.usColorTempB;
1105   1          RTDFactoryOsdFuncSelectItem(_MENU_FACTORY_CT5_BLUE_ADJ);
1106   1      }
1107          
1108          void RTDFactoryColortemp5BLeft(void)
1109          {
1110   1          RTDFactoryOsdFuncSelectItem(_MENU_FACTORY_CT6_RED);
1111   1          RTDFactoryOsdChangColorTemp(_CT_USER);
1112   1      }
1113          
1114          void RTDFactoryColortemp5BRight(void)
1115          {
1116   1          RTDFactoryOsdFuncSelectItem(_MENU_FACTORY_CT5_GREEN);
1117   1      }
1118          
1119          void RTDFactoryColortemp5BExit(void)
1120          {
1121   1          RTDFactoryOsdFuncDisableOsd();
1122   1      }
1123          
1124          //============= Colortemp 6 R=======================
1125          void RTDFactoryColortemp6REnter(void)
1126          {
1127   1          g_usBackupValue = g_stColorProcData.usColorTempR;
1128   1          RTDFactoryOsdFuncSelectItem(_MENU_FACTORY_CT6_RED_ADJ);
1129   1      }
1130          
1131          void RTDFactoryColortemp6RLeft(void)
1132          {
1133   1          RTDFactoryOsdFuncSelectItem(_MENU_FACTORY_CT6_GREEN);
1134   1      }
1135          
1136          void RTDFactoryColortemp6RRight(void)
1137          {
1138   1          RTDFactoryOsdFuncSelectItem(_MENU_FACTORY_CT5_BLUE);
1139   1          RTDFactoryOsdChangColorTemp(_CT_SRGB);
1140   1      }
1141          
1142          void RTDFactoryColortemp6RExit(void)
1143          {
1144   1          RTDFactoryOsdFuncDisableOsd();
1145   1      }
1146          
1147          //============= Colortemp 6 G=======================
1148          void RTDFactoryColortemp6GEnter(void)
1149          {
1150   1          g_usBackupValue = g_stColorProcData.usColorTempG;
1151   1          RTDFactoryOsdFuncSelectItem(_MENU_FACTORY_CT6_GREEN_ADJ);
1152   1      }
1153          
1154          void RTDFactoryColortemp6GLeft(void)
1155          {
C51 COMPILER V9.60.0.0   RTDFACTORYMODE                                                    09/21/2026 15:33:53 PAGE 22  

1156   1          RTDFactoryOsdFuncSelectItem(_MENU_FACTORY_CT6_BLUE);
1157   1      }
1158          
1159          void RTDFactoryColortemp6GRight(void)
1160          {
1161   1          RTDFactoryOsdFuncSelectItem(_MENU_FACTORY_CT6_RED);
1162   1      }
1163          
1164          void RTDFactoryColortemp6GExit(void)
1165          {
1166   1          RTDFactoryOsdFuncDisableOsd();
1167   1      }
1168          
1169          //============= Colortemp 6 B=======================
1170          void RTDFactoryColortemp6BEnter(void)
1171          {
1172   1          g_usBackupValue = g_stColorProcData.usColorTempB;
1173   1          RTDFactoryOsdFuncSelectItem(_MENU_FACTORY_CT6_BLUE_ADJ);
1174   1      }
1175          
1176          void RTDFactoryColortemp6BLeft(void)
1177          {
1178   1      #if(_VGA_SUPPORT == _ON)
1179   1          RTDFactoryOsdFuncSelectItem(_MENU_FACTORY_GAIN_RED);
1180   1          RTDFactoryOsdChangColorTemp(_CT_9300);
1181   1      #else
                  RTDFactoryOsdFuncSelectItem(_MENU_FACTORY_EXIT);
              #endif
1184   1      }
1185          
1186          void RTDFactoryColortemp6BRight(void)
1187          {
1188   1          RTDFactoryOsdFuncSelectItem(_MENU_FACTORY_CT6_GREEN);
1189   1      }
1190          
1191          void RTDFactoryColortemp6BExit(void)
1192          {
1193   1          RTDFactoryOsdFuncDisableOsd();
1194   1      }
1195          
1196          //============= Adc Gain R=======================
1197          void RTDFactoryAdcGainREnter(void)
1198          {
1199   1      #if(_VGA_SUPPORT == _ON)
1200   1          g_usBackupValue = g_stAdcData.pucAdcGainMSB[_AUTO_RED_CHANNEL];
1201   1          RTDFactoryOsdFuncSelectItem(_MENU_FACTORY_GAIN_RED_ADJ);
1202   1      #endif
1203   1      }
1204          
1205          void RTDFactoryAdcGainRLeft(void)
1206          {
1207   1          RTDFactoryOsdFuncSelectItem(_MENU_FACTORY_GAIN_GREEN);
1208   1      }
1209          
1210          void RTDFactoryAdcGainRRight(void)
1211          {
1212   1          RTDFactoryOsdFuncSelectItem(_MENU_FACTORY_CT6_BLUE);
1213   1          RTDFactoryOsdChangColorTemp(_CT_USER);
1214   1      }
1215          
1216          void RTDFactoryAdcGainRExit(void)
1217          {
C51 COMPILER V9.60.0.0   RTDFACTORYMODE                                                    09/21/2026 15:33:53 PAGE 23  

1218   1          RTDFactoryOsdFuncDisableOsd();
1219   1      }
1220          
1221          //============= Adc Gain G=======================
1222          void RTDFactoryAdcGainGEnter(void)
1223          {
1224   1      #if(_VGA_SUPPORT == _ON)
1225   1          g_usBackupValue = g_stAdcData.pucAdcGainMSB[_AUTO_GREEN_CHANNEL];
1226   1          RTDFactoryOsdFuncSelectItem(_MENU_FACTORY_GAIN_GREEN_ADJ);
1227   1      #endif
1228   1      }
1229          
1230          void RTDFactoryAdcGainGLeft(void)
1231          {
1232   1          RTDFactoryOsdFuncSelectItem(_MENU_FACTORY_GAIN_BLUE);
1233   1      }
1234          
1235          void RTDFactoryAdcGainGRight(void)
1236          {
1237   1          RTDFactoryOsdFuncSelectItem(_MENU_FACTORY_GAIN_RED);
1238   1      }
1239          
1240          void RTDFactoryAdcGainGExit(void)
1241          {
1242   1          RTDFactoryOsdFuncDisableOsd();
1243   1      }
1244          
1245          //============= Adc Gain B=======================
1246          void RTDFactoryAdcGainBEnter(void)
1247          {
1248   1      #if(_VGA_SUPPORT == _ON)
1249   1          g_usBackupValue = g_stAdcData.pucAdcGainMSB[_AUTO_BLUE_CHANNEL];
1250   1          RTDFactoryOsdFuncSelectItem(_MENU_FACTORY_GAIN_BLUE_ADJ);
1251   1      #endif
1252   1      }
1253          
1254          void RTDFactoryAdcGainBLeft(void)
1255          {
1256   1          RTDFactoryOsdFuncSelectItem(_MENU_FACTORY_OFFSET_RED);
1257   1      }
1258          
1259          void RTDFactoryAdcGainBRight(void)
1260          {
1261   1          RTDFactoryOsdFuncSelectItem(_MENU_FACTORY_GAIN_GREEN);
1262   1      }
1263          
1264          void RTDFactoryAdcGainBExit(void)
1265          {
1266   1          RTDFactoryOsdFuncDisableOsd();
1267   1      }
1268          
1269          //============= Adc Offset R=======================
1270          void RTDFactoryAdcOffsetREnter(void)
1271          {
1272   1      #if(_VGA_SUPPORT == _ON)
1273   1          g_usBackupValue = g_stAdcData.pucAdcOffsetMSB[_AUTO_RED_CHANNEL];
1274   1          RTDFactoryOsdFuncSelectItem(_MENU_FACTORY_OFFSET_RED_ADJ);
1275   1      #endif
1276   1      }
1277          
1278          void RTDFactoryAdcOffsetRLeft(void)
1279          {
C51 COMPILER V9.60.0.0   RTDFACTORYMODE                                                    09/21/2026 15:33:53 PAGE 24  

1280   1          RTDFactoryOsdFuncSelectItem(_MENU_FACTORY_OFFSET_GREEN);
1281   1      }
1282          
1283          void RTDFactoryAdcOffsetRRight(void)
1284          {
1285   1          RTDFactoryOsdFuncSelectItem(_MENU_FACTORY_GAIN_BLUE);
1286   1      }
1287          
1288          void RTDFactoryAdcOffsetRExit(void)
1289          {
1290   1          RTDFactoryOsdFuncDisableOsd();
1291   1      }
1292          
1293          //============= Adc Offset G=======================
1294          void RTDFactoryAdcOffsetGEnter(void)
1295          {
1296   1      #if(_VGA_SUPPORT == _ON)
1297   1          g_usBackupValue = g_stAdcData.pucAdcOffsetMSB[_AUTO_GREEN_CHANNEL];
1298   1          RTDFactoryOsdFuncSelectItem(_MENU_FACTORY_OFFSET_GREEN_ADJ);
1299   1      #endif
1300   1      }
1301          
1302          void RTDFactoryAdcOffsetGLeft(void)
1303          {
1304   1          RTDFactoryOsdFuncSelectItem(_MENU_FACTORY_OFFSET_BLUE);
1305   1      }
1306          
1307          void RTDFactoryAdcOffsetGRight(void)
1308          {
1309   1          RTDFactoryOsdFuncSelectItem(_MENU_FACTORY_OFFSET_RED);
1310   1      }
1311          
1312          void RTDFactoryAdcOffsetGExit(void)
1313          {
1314   1          RTDFactoryOsdFuncDisableOsd();
1315   1      }
1316          
1317          //============= Adc Offset B=======================
1318          void RTDFactoryAdcOffsetBEnter(void)
1319          {
1320   1      #if(_VGA_SUPPORT == _ON)
1321   1          g_usBackupValue = g_stAdcData.pucAdcOffsetMSB[_AUTO_BLUE_CHANNEL];
1322   1          RTDFactoryOsdFuncSelectItem(_MENU_FACTORY_OFFSET_BLUE_ADJ);
1323   1      #endif
1324   1      }
1325          
1326          void RTDFactoryAdcOffsetBLeft(void)
1327          {
1328   1          RTDFactoryOsdFuncSelectItem(_MENU_FACTORY_EXIT);
1329   1      }
1330          
1331          void RTDFactoryAdcOffsetBRight(void)
1332          {
1333   1          RTDFactoryOsdFuncSelectItem(_MENU_FACTORY_OFFSET_GREEN);
1334   1      }
1335          
1336          void RTDFactoryAdcOffsetBExit(void)
1337          {
1338   1          RTDFactoryOsdFuncDisableOsd();
1339   1      }
1340          
1341          //============= Osd Page=======================
C51 COMPILER V9.60.0.0   RTDFACTORYMODE                                                    09/21/2026 15:33:53 PAGE 25  

1342          //============= Exit=======================
1343          void RTDFactoryExitEnter(void)
1344          {
1345   1          RTDFactoryOsdFuncDisableOsd();
1346   1      }
1347          
1348          void RTDFactoryExitLeft(void)
1349          {
1350   1      #if(_VGA_SUPPORT == _ON)
1351   1          RTDFactoryOsdFuncSelectItem(_MENU_FACTORY_AUTOCOLOR);
1352   1      #else
                  RTDFactoryOsdFuncSelectItem(_MENU_FACTORY_BURNIN);
              #endif
1355   1      }
1356          
1357          void RTDFactoryExitRight(void)
1358          {
1359   1      #if(_VGA_SUPPORT == _ON)
1360   1          RTDFactoryOsdFuncSelectItem(_MENU_FACTORY_OFFSET_BLUE);
1361   1      #else
                  RTDFactoryOsdFuncSelectItem(_MENU_FACTORY_CT6_BLUE);
                  RTDFactoryOsdChangColorTemp(_CT_USER);
              
              #endif
1366   1      }
1367          
1368          void RTDFactoryExitExit(void)
1369          {
1370   1          RTDFactoryOsdFuncDisableOsd();
1371   1      }
1372          
1373          
1374          //============= Auto Color Type Select =======================
1375          void RTDFactoryAutoColorTypeSelectEnter(void)
1376          {
1377   1          if(g_usAdjustValue != GET_OSD_FACTORY_AUTO_COLOR_TYPE())
1378   1          {
1379   2              SET_OSD_FACTORY_AUTO_COLOR_TYPE(g_usAdjustValue);
1380   2              RTDNVRamSaveOSDData();
1381   2          }
1382   1      
1383   1          RTDFactoryAutoColorTypeSelectExit();
1384   1      }
1385          
1386          void RTDFactoryAutoColorTypeSelectLeft(void)
1387          {
1388   1          RTDFactoryOsdDispNumber(_MENU_FACTORY_AUTO_COLOR_TYPE, g_usAdjustValue);
1389   1      }
1390          
1391          void RTDFactoryAutoColorTypeSelectRight(void)
1392          {
1393   1          RTDFactoryAutoColorTypeSelectLeft();
1394   1      }
1395          
1396          void RTDFactoryAutoColorTypeSelectExit(void)
1397          {
1398   1          RTDFactoryOsdFuncSelectItem(_MENU_FACTORY_AUTOCOLOR_TYPE);
1399   1      }
1400          
1401          //============= Burnin On Off=======================
1402          void RTDFactoryBurninOnOffEnter(void)
1403          {
C51 COMPILER V9.60.0.0   RTDFACTORYMODE                                                    09/21/2026 15:33:53 PAGE 26  

1404   1          RTDFactoryOsdFuncSelectItem(_MENU_FACTORY_BURNIN);
1405   1      }
1406          
1407          void RTDFactoryBurninOnOffLeft(void)
1408          {
1409   1          RTDFactoryOsdDispNumber(_MENU_FACTORY_BURNIN_ON_OFF, g_usAdjustValue);
1410   1      }
1411          
1412          void RTDFactoryBurninOnOffRight(void)
1413          {
1414   1          RTDFactoryOsdDispNumber(_MENU_FACTORY_BURNIN_ON_OFF, g_usAdjustValue);
1415   1      }
1416          
1417          void RTDFactoryBurninOnOffExit(void)
1418          {
1419   1          RTDFactoryOsdFuncSelectItem(_MENU_FACTORY_BURNIN);
1420   1      }
1421          
1422          //============= Colortemp 1 R Adjust=======================
1423          void RTDFactoryColortemp1RAdjustEnter(void)
1424          {
1425   1          if(g_usBackupValue != g_stColorProcData.usColorTempR)
1426   1          {
1427   2              RTDNVRamSaveColorSetting(GET_COLOR_TEMP_TYPE());
1428   2          }
1429   1          RTDFactoryOsdFuncSelectItem(_MENU_FACTORY_CT1_RED);
1430   1      }
1431          
1432          void RTDFactoryColortemp1RAdjustLeft(void)
1433          {
1434   1          RTDFactoryOsdDispNumber(_MENU_FACTORY_CT1_RED_ADJ, g_stColorProcData.usColorTempR);
1435   1      }
1436          
1437          void RTDFactoryColortemp1RAdjustRight(void)
1438          {
1439   1          RTDFactoryOsdDispNumber(_MENU_FACTORY_CT1_RED_ADJ, g_stColorProcData.usColorTempR);
1440   1      }
1441          
1442          void RTDFactoryColortemp1RAdjustExit(void)
1443          {
1444   1          if(g_usBackupValue != g_stColorProcData.usColorTempR)
1445   1          {
1446   2              g_stColorProcData.usColorTempR = g_usBackupValue;
1447   2              RTDFactoryOsdDispNumber(_MENU_FACTORY_CT1_RED_ADJ, g_stColorProcData.usColorTempR);
1448   2          }
1449   1          RTDFactoryOsdFuncSelectItem(_MENU_FACTORY_CT1_RED);
1450   1      }
1451          
1452          //============= Colortemp 1 G Adjust=======================
1453          void RTDFactoryColortemp1GAdjustEnter(void)
1454          {
1455   1          if(g_usBackupValue != g_stColorProcData.usColorTempG)
1456   1          {
1457   2              RTDNVRamSaveColorSetting(GET_COLOR_TEMP_TYPE());
1458   2          }
1459   1          RTDFactoryOsdFuncSelectItem(_MENU_FACTORY_CT1_GREEN);
1460   1      }
1461          
1462          void RTDFactoryColortemp1GAdjustLeft(void)
1463          {
1464   1          RTDFactoryOsdDispNumber(_MENU_FACTORY_CT1_GREEN_ADJ, g_stColorProcData.usColorTempG);
1465   1      }
C51 COMPILER V9.60.0.0   RTDFACTORYMODE                                                    09/21/2026 15:33:53 PAGE 27  

1466          
1467          void RTDFactoryColortemp1GAdjustRight(void)
1468          {
1469   1          RTDFactoryOsdDispNumber(_MENU_FACTORY_CT1_GREEN_ADJ, g_stColorProcData.usColorTempG);
1470   1      }
1471          
1472          void RTDFactoryColortemp1GAdjustExit(void)
1473          {
1474   1          if(g_usBackupValue != g_stColorProcData.usColorTempG)
1475   1          {
1476   2              g_stColorProcData.usColorTempG = g_usBackupValue;
1477   2              RTDFactoryOsdDispNumber(_MENU_FACTORY_CT1_GREEN_ADJ, g_stColorProcData.usColorTempG);
1478   2          }
1479   1          RTDFactoryOsdFuncSelectItem(_MENU_FACTORY_CT1_GREEN);
1480   1      }
1481          
1482          //============= Colortemp 1 B Adjust=======================
1483          void RTDFactoryColortemp1BAdjustEnter(void)
1484          {
1485   1          if(g_usBackupValue != g_stColorProcData.usColorTempB)
1486   1          {
1487   2              RTDNVRamSaveColorSetting(GET_COLOR_TEMP_TYPE());
1488   2          }
1489   1          RTDFactoryOsdFuncSelectItem(_MENU_FACTORY_CT1_BLUE);
1490   1      }
1491          
1492          void RTDFactoryColortemp1BAdjustLeft(void)
1493          {
1494   1          RTDFactoryOsdDispNumber(_MENU_FACTORY_CT1_BLUE_ADJ, g_stColorProcData.usColorTempB);
1495   1      }
1496          
1497          void RTDFactoryColortemp1BAdjustRight(void)
1498          {
1499   1          RTDFactoryOsdDispNumber(_MENU_FACTORY_CT1_BLUE_ADJ, g_stColorProcData.usColorTempB);
1500   1      }
1501          
1502          void RTDFactoryColortemp1BAdjustExit(void)
1503          {
1504   1          if(g_usBackupValue != g_stColorProcData.usColorTempB)
1505   1          {
1506   2              g_stColorProcData.usColorTempB = g_usBackupValue;
1507   2              RTDFactoryOsdDispNumber(_MENU_FACTORY_CT1_BLUE_ADJ, g_stColorProcData.usColorTempB);
1508   2          }
1509   1          RTDFactoryOsdFuncSelectItem(_MENU_FACTORY_CT1_BLUE);
1510   1      }
1511          
1512          //============= Colortemp 2 R Adjust=======================
1513          void RTDFactoryColortemp2RAdjustEnter(void)
1514          {
1515   1          if(g_usBackupValue != g_stColorProcData.usColorTempR)
1516   1          {
1517   2              RTDNVRamSaveColorSetting(GET_COLOR_TEMP_TYPE());
1518   2          }
1519   1          RTDFactoryOsdFuncSelectItem(_MENU_FACTORY_CT2_RED);
1520   1      }
1521          
1522          void RTDFactoryColortemp2RAdjustLeft(void)
1523          {
1524   1          RTDFactoryOsdDispNumber(_MENU_FACTORY_CT2_RED_ADJ, g_stColorProcData.usColorTempR);
1525   1      }
1526          
1527          void RTDFactoryColortemp2RAdjustRight(void)
C51 COMPILER V9.60.0.0   RTDFACTORYMODE                                                    09/21/2026 15:33:53 PAGE 28  

1528          {
1529   1          RTDFactoryOsdDispNumber(_MENU_FACTORY_CT2_RED_ADJ, g_stColorProcData.usColorTempR);
1530   1      }
1531          
1532          void RTDFactoryColortemp2RAdjustExit(void)
1533          {
1534   1          if(g_usBackupValue != g_stColorProcData.usColorTempR)
1535   1          {
1536   2              g_stColorProcData.usColorTempR = g_usBackupValue;
1537   2              RTDFactoryOsdDispNumber(_MENU_FACTORY_CT2_RED_ADJ, g_stColorProcData.usColorTempR);
1538   2          }
1539   1          RTDFactoryOsdFuncSelectItem(_MENU_FACTORY_CT2_RED);
1540   1      }
1541          
1542          //============= Colortemp 2 G Adjust=======================
1543          void RTDFactoryColortemp2GAdjustEnter(void)
1544          {
1545   1          if(g_usBackupValue != g_stColorProcData.usColorTempG)
1546   1          {
1547   2              RTDNVRamSaveColorSetting(GET_COLOR_TEMP_TYPE());
1548   2          }
1549   1          RTDFactoryOsdFuncSelectItem(_MENU_FACTORY_CT2_GREEN);
1550   1      }
1551          
1552          void RTDFactoryColortemp2GAdjustLeft(void)
1553          {
1554   1          RTDFactoryOsdDispNumber(_MENU_FACTORY_CT2_GREEN_ADJ, g_stColorProcData.usColorTempG);
1555   1      }
1556          
1557          void RTDFactoryColortemp2GAdjustRight(void)
1558          {
1559   1          RTDFactoryOsdDispNumber(_MENU_FACTORY_CT2_GREEN_ADJ, g_stColorProcData.usColorTempG);
1560   1      }
1561          
1562          void RTDFactoryColortemp2GAdjustExit(void)
1563          {
1564   1          if(g_usBackupValue != g_stColorProcData.usColorTempG)
1565   1          {
1566   2              g_stColorProcData.usColorTempG = g_usBackupValue;
1567   2              RTDFactoryOsdDispNumber(_MENU_FACTORY_CT2_GREEN_ADJ, g_stColorProcData.usColorTempG);
1568   2          }
1569   1          RTDFactoryOsdFuncSelectItem(_MENU_FACTORY_CT2_GREEN);
1570   1      }
1571          
1572          //============= Colortemp 2 B Adjust=======================
1573          void RTDFactoryColortemp2BAdjustEnter(void)
1574          {
1575   1          if(g_usBackupValue != g_stColorProcData.usColorTempB)
1576   1          {
1577   2              RTDNVRamSaveColorSetting(GET_COLOR_TEMP_TYPE());
1578   2          }
1579   1          RTDFactoryOsdFuncSelectItem(_MENU_FACTORY_CT2_BLUE);
1580   1      }
1581          
1582          void RTDFactoryColortemp2BAdjustLeft(void)
1583          {
1584   1          RTDFactoryOsdDispNumber(_MENU_FACTORY_CT2_BLUE_ADJ, g_stColorProcData.usColorTempB);
1585   1      }
1586          
1587          void RTDFactoryColortemp2BAdjustRight(void)
1588          {
1589   1          RTDFactoryOsdDispNumber(_MENU_FACTORY_CT2_BLUE_ADJ, g_stColorProcData.usColorTempB);
C51 COMPILER V9.60.0.0   RTDFACTORYMODE                                                    09/21/2026 15:33:53 PAGE 29  

1590   1      }
1591          
1592          void RTDFactoryColortemp2BAdjustExit(void)
1593          {
1594   1          if(g_usBackupValue != g_stColorProcData.usColorTempB)
1595   1          {
1596   2              g_stColorProcData.usColorTempB = g_usBackupValue;
1597   2              RTDFactoryOsdDispNumber(_MENU_FACTORY_CT2_BLUE_ADJ, g_stColorProcData.usColorTempB);
1598   2          }
1599   1          RTDFactoryOsdFuncSelectItem(_MENU_FACTORY_CT2_BLUE);
1600   1      }
1601          
1602          //============= Colortemp 3 R Adjust=======================
1603          void RTDFactoryColortemp3RAdjustEnter(void)
1604          {
1605   1          if(g_usBackupValue != g_stColorProcData.usColorTempR)
1606   1          {
1607   2              RTDNVRamSaveColorSetting(GET_COLOR_TEMP_TYPE());
1608   2          }
1609   1          RTDFactoryOsdFuncSelectItem(_MENU_FACTORY_CT3_RED);
1610   1      }
1611          
1612          void RTDFactoryColortemp3RAdjustLeft(void)
1613          {
1614   1          RTDFactoryOsdDispNumber(_MENU_FACTORY_CT3_RED_ADJ, g_stColorProcData.usColorTempR);
1615   1      }
1616          
1617          void RTDFactoryColortemp3RAdjustRight(void)
1618          {
1619   1          RTDFactoryOsdDispNumber(_MENU_FACTORY_CT3_RED_ADJ, g_stColorProcData.usColorTempR);
1620   1      }
1621          
1622          void RTDFactoryColortemp3RAdjustExit(void)
1623          {
1624   1          if(g_usBackupValue != g_stColorProcData.usColorTempR)
1625   1          {
1626   2              g_stColorProcData.usColorTempR = g_usBackupValue;
1627   2              RTDFactoryOsdDispNumber(_MENU_FACTORY_CT3_RED_ADJ, g_stColorProcData.usColorTempR);
1628   2          }
1629   1          RTDFactoryOsdFuncSelectItem(_MENU_FACTORY_CT3_RED);
1630   1      }
1631          
1632          //============= Colortemp 3 G Adjust=======================
1633          void RTDFactoryColortemp3GAdjustEnter(void)
1634          {
1635   1          if(g_usBackupValue != g_stColorProcData.usColorTempG)
1636   1          {
1637   2              RTDNVRamSaveColorSetting(GET_COLOR_TEMP_TYPE());
1638   2          }
1639   1          RTDFactoryOsdFuncSelectItem(_MENU_FACTORY_CT3_GREEN);
1640   1      }
1641          
1642          void RTDFactoryColortemp3GAdjustLeft(void)
1643          {
1644   1          RTDFactoryOsdDispNumber(_MENU_FACTORY_CT3_GREEN_ADJ, g_stColorProcData.usColorTempG);
1645   1      }
1646          
1647          void RTDFactoryColortemp3GAdjustRight(void)
1648          {
1649   1          RTDFactoryOsdDispNumber(_MENU_FACTORY_CT3_GREEN_ADJ, g_stColorProcData.usColorTempG);
1650   1      }
1651          
C51 COMPILER V9.60.0.0   RTDFACTORYMODE                                                    09/21/2026 15:33:53 PAGE 30  

1652          void RTDFactoryColortemp3GAdjustExit(void)
1653          {
1654   1          if(g_usBackupValue != g_stColorProcData.usColorTempG)
1655   1          {
1656   2              g_stColorProcData.usColorTempG = g_usBackupValue;
1657   2              RTDFactoryOsdDispNumber(_MENU_FACTORY_CT3_GREEN_ADJ, g_stColorProcData.usColorTempG);
1658   2          }
1659   1          RTDFactoryOsdFuncSelectItem(_MENU_FACTORY_CT3_GREEN);
1660   1      }
1661          
1662          //============= Colortemp 3 B Adjust=======================
1663          void RTDFactoryColortemp3BAdjustEnter(void)
1664          {
1665   1          if(g_usBackupValue != g_stColorProcData.usColorTempB)
1666   1          {
1667   2              RTDNVRamSaveColorSetting(GET_COLOR_TEMP_TYPE());
1668   2          }
1669   1          RTDFactoryOsdFuncSelectItem(_MENU_FACTORY_CT3_BLUE);
1670   1      }
1671          
1672          void RTDFactoryColortemp3BAdjustLeft(void)
1673          {
1674   1          RTDFactoryOsdDispNumber(_MENU_FACTORY_CT3_BLUE_ADJ, g_stColorProcData.usColorTempB);
1675   1      }
1676          
1677          void RTDFactoryColortemp3BAdjustRight(void)
1678          {
1679   1          RTDFactoryOsdDispNumber(_MENU_FACTORY_CT3_BLUE_ADJ, g_stColorProcData.usColorTempB);
1680   1      }
1681          
1682          void RTDFactoryColortemp3BAdjustExit(void)
1683          {
1684   1          if(g_usBackupValue != g_stColorProcData.usColorTempB)
1685   1          {
1686   2              g_stColorProcData.usColorTempB = g_usBackupValue;
1687   2              RTDFactoryOsdDispNumber(_MENU_FACTORY_CT3_BLUE_ADJ, g_stColorProcData.usColorTempB);
1688   2          }
1689   1          RTDFactoryOsdFuncSelectItem(_MENU_FACTORY_CT3_BLUE);
1690   1      }
1691          
1692          //============= Colortemp 4 R Adjust=======================
1693          void RTDFactoryColortemp4RAdjustEnter(void)
1694          {
1695   1          if(g_usBackupValue != g_stColorProcData.usColorTempR)
1696   1          {
1697   2              RTDNVRamSaveColorSetting(GET_COLOR_TEMP_TYPE());
1698   2          }
1699   1          RTDFactoryOsdFuncSelectItem(_MENU_FACTORY_CT4_RED);
1700   1      }
1701          
1702          void RTDFactoryColortemp4RAdjustLeft(void)
1703          {
1704   1          RTDFactoryOsdDispNumber(_MENU_FACTORY_CT4_RED_ADJ, g_stColorProcData.usColorTempR);
1705   1      }
1706          
1707          void RTDFactoryColortemp4RAdjustRight(void)
1708          {
1709   1          RTDFactoryOsdDispNumber(_MENU_FACTORY_CT4_RED_ADJ, g_stColorProcData.usColorTempR);
1710   1      }
1711          
1712          void RTDFactoryColortemp4RAdjustExit(void)
1713          {
C51 COMPILER V9.60.0.0   RTDFACTORYMODE                                                    09/21/2026 15:33:53 PAGE 31  

1714   1          if(g_usBackupValue != g_stColorProcData.usColorTempR)
1715   1          {
1716   2              g_stColorProcData.usColorTempR = g_usBackupValue;
1717   2              RTDFactoryOsdDispNumber(_MENU_FACTORY_CT4_RED_ADJ, g_stColorProcData.usColorTempR);
1718   2          }
1719   1          RTDFactoryOsdFuncSelectItem(_MENU_FACTORY_CT4_RED);
1720   1      }
1721          
1722          //============= Colortemp 4 G Adjust=======================
1723          void RTDFactoryColortemp4GAdjustEnter(void)
1724          {
1725   1          if(g_usBackupValue != g_stColorProcData.usColorTempG)
1726   1          {
1727   2              RTDNVRamSaveColorSetting(GET_COLOR_TEMP_TYPE());
1728   2          }
1729   1          RTDFactoryOsdFuncSelectItem(_MENU_FACTORY_CT4_GREEN);
1730   1      }
1731          
1732          void RTDFactoryColortemp4GAdjustLeft(void)
1733          {
1734   1          RTDFactoryOsdDispNumber(_MENU_FACTORY_CT4_GREEN_ADJ, g_stColorProcData.usColorTempG);
1735   1      }
1736          
1737          void RTDFactoryColortemp4GAdjustRight(void)
1738          {
1739   1          RTDFactoryOsdDispNumber(_MENU_FACTORY_CT4_GREEN_ADJ, g_stColorProcData.usColorTempG);
1740   1      }
1741          
1742          void RTDFactoryColortemp4GAdjustExit(void)
1743          {
1744   1          if(g_usBackupValue != g_stColorProcData.usColorTempG)
1745   1          {
1746   2              g_stColorProcData.usColorTempG = g_usBackupValue;
1747   2              RTDFactoryOsdDispNumber(_MENU_FACTORY_CT4_GREEN_ADJ, g_stColorProcData.usColorTempG);
1748   2          }
1749   1          RTDFactoryOsdFuncSelectItem(_MENU_FACTORY_CT4_GREEN);
1750   1      }
1751          
1752          //============= Colortemp 4 B Adjust=======================
1753          void RTDFactoryColortemp4BAdjustEnter(void)
1754          {
1755   1          if(g_usBackupValue != g_stColorProcData.usColorTempB)
1756   1          {
1757   2              RTDNVRamSaveColorSetting(GET_COLOR_TEMP_TYPE());
1758   2          }
1759   1          RTDFactoryOsdFuncSelectItem(_MENU_FACTORY_CT4_BLUE);
1760   1      }
1761          
1762          void RTDFactoryColortemp4BAdjustLeft(void)
1763          {
1764   1          RTDFactoryOsdDispNumber(_MENU_FACTORY_CT4_BLUE_ADJ, g_stColorProcData.usColorTempB);
1765   1      }
1766          
1767          void RTDFactoryColortemp4BAdjustRight(void)
1768          {
1769   1          RTDFactoryOsdDispNumber(_MENU_FACTORY_CT4_BLUE_ADJ, g_stColorProcData.usColorTempB);
1770   1      }
1771          
1772          void RTDFactoryColortemp4BAdjustExit(void)
1773          {
1774   1          if(g_usBackupValue != g_stColorProcData.usColorTempB)
1775   1          {
C51 COMPILER V9.60.0.0   RTDFACTORYMODE                                                    09/21/2026 15:33:53 PAGE 32  

1776   2              g_stColorProcData.usColorTempB = g_usBackupValue;
1777   2              RTDFactoryOsdDispNumber(_MENU_FACTORY_CT4_BLUE_ADJ, g_stColorProcData.usColorTempB);
1778   2          }
1779   1          RTDFactoryOsdFuncSelectItem(_MENU_FACTORY_CT4_BLUE);
1780   1      }
1781          
1782          //============= Colortemp 5 R Adjust=======================
1783          void RTDFactoryColortemp5RAdjustEnter(void)
1784          {
1785   1          if(g_usBackupValue != g_stColorProcData.usColorTempR)
1786   1          {
1787   2              RTDNVRamSaveColorSetting(GET_COLOR_TEMP_TYPE());
1788   2          }
1789   1          RTDFactoryOsdFuncSelectItem(_MENU_FACTORY_CT5_RED);
1790   1      }
1791          
1792          void RTDFactoryColortemp5RAdjustLeft(void)
1793          {
1794   1          RTDFactoryOsdDispNumber(_MENU_FACTORY_CT5_RED_ADJ, g_stColorProcData.usColorTempR);
1795   1      }
1796          
1797          void RTDFactoryColortemp5RAdjustRight(void)
1798          {
1799   1          RTDFactoryOsdDispNumber(_MENU_FACTORY_CT5_RED_ADJ, g_stColorProcData.usColorTempR);
1800   1      }
1801          
1802          void RTDFactoryColortemp5RAdjustExit(void)
1803          {
1804   1          if(g_usBackupValue != g_stColorProcData.usColorTempR)
1805   1          {
1806   2              g_stColorProcData.usColorTempR = g_usBackupValue;
1807   2              RTDFactoryOsdDispNumber(_MENU_FACTORY_CT5_RED_ADJ, g_stColorProcData.usColorTempR);
1808   2          }
1809   1          RTDFactoryOsdFuncSelectItem(_MENU_FACTORY_CT5_RED);
1810   1      }
1811          
1812          //============= Colortemp 5 G Adjust=======================
1813          void RTDFactoryColortemp5GAdjustEnter(void)
1814          {
1815   1          if(g_usBackupValue != g_stColorProcData.usColorTempG)
1816   1          {
1817   2              RTDNVRamSaveColorSetting(GET_COLOR_TEMP_TYPE());
1818   2          }
1819   1          RTDFactoryOsdFuncSelectItem(_MENU_FACTORY_CT5_GREEN);
1820   1      }
1821          
1822          void RTDFactoryColortemp5GAdjustLeft(void)
1823          {
1824   1          RTDFactoryOsdDispNumber(_MENU_FACTORY_CT5_GREEN_ADJ, g_stColorProcData.usColorTempG);
1825   1      }
1826          
1827          void RTDFactoryColortemp5GAdjustRight(void)
1828          {
1829   1          RTDFactoryOsdDispNumber(_MENU_FACTORY_CT5_GREEN_ADJ, g_stColorProcData.usColorTempG);
1830   1      }
1831          
1832          void RTDFactoryColortemp5GAdjustExit(void)
1833          {
1834   1          if(g_usBackupValue != g_stColorProcData.usColorTempG)
1835   1          {
1836   2              g_stColorProcData.usColorTempG = g_usBackupValue;
1837   2              RTDFactoryOsdDispNumber(_MENU_FACTORY_CT5_GREEN_ADJ, g_stColorProcData.usColorTempG);
C51 COMPILER V9.60.0.0   RTDFACTORYMODE                                                    09/21/2026 15:33:53 PAGE 33  

1838   2          }
1839   1          RTDFactoryOsdFuncSelectItem(_MENU_FACTORY_CT5_GREEN);
1840   1      }
1841          
1842          //============= Colortemp 5 B Adjust=======================
1843          void RTDFactoryColortemp5BAdjustEnter(void)
1844          {
1845   1          if(g_usBackupValue != g_stColorProcData.usColorTempB)
1846   1          {
1847   2              RTDNVRamSaveColorSetting(GET_COLOR_TEMP_TYPE());
1848   2          }
1849   1          RTDFactoryOsdFuncSelectItem(_MENU_FACTORY_CT5_BLUE);
1850   1      }
1851          
1852          void RTDFactoryColortemp5BAdjustLeft(void)
1853          {
1854   1          RTDFactoryOsdDispNumber(_MENU_FACTORY_CT5_BLUE_ADJ, g_stColorProcData.usColorTempB);
1855   1      }
1856          
1857          void RTDFactoryColortemp5BAdjustRight(void)
1858          {
1859   1          RTDFactoryOsdDispNumber(_MENU_FACTORY_CT5_BLUE_ADJ, g_stColorProcData.usColorTempB);
1860   1      }
1861          
1862          void RTDFactoryColortemp5BAdjustExit(void)
1863          {
1864   1          if(g_usBackupValue != g_stColorProcData.usColorTempB)
1865   1          {
1866   2              g_stColorProcData.usColorTempB = g_usBackupValue;
1867   2              RTDFactoryOsdDispNumber(_MENU_FACTORY_CT5_BLUE_ADJ, g_stColorProcData.usColorTempB);
1868   2          }
1869   1          RTDFactoryOsdFuncSelectItem(_MENU_FACTORY_CT5_BLUE);
1870   1      }
1871          
1872          //============= Colortemp 6 R Adjust=======================
1873          void RTDFactoryColortemp6RAdjustEnter(void)
1874          {
1875   1          if(g_usBackupValue != g_stColorProcData.usColorTempR)
1876   1          {
1877   2              RTDNVRamSaveColorSetting(GET_COLOR_TEMP_TYPE());
1878   2          }
1879   1          RTDFactoryOsdFuncSelectItem(_MENU_FACTORY_CT6_RED);
1880   1      }
1881          
1882          void RTDFactoryColortemp6RAdjustLeft(void)
1883          {
1884   1          RTDFactoryOsdDispNumber(_MENU_FACTORY_CT6_RED_ADJ, g_stColorProcData.usColorTempR);
1885   1      }
1886          
1887          void RTDFactoryColortemp6RAdjustRight(void)
1888          {
1889   1          RTDFactoryOsdDispNumber(_MENU_FACTORY_CT6_RED_ADJ, g_stColorProcData.usColorTempR);
1890   1      }
1891          
1892          void RTDFactoryColortemp6RAdjustExit(void)
1893          {
1894   1          if(g_usBackupValue != g_stColorProcData.usColorTempR)
1895   1          {
1896   2              g_stColorProcData.usColorTempR = g_usBackupValue;
1897   2              RTDFactoryOsdDispNumber(_MENU_FACTORY_CT6_RED_ADJ, g_stColorProcData.usColorTempR);
1898   2          }
1899   1          RTDFactoryOsdFuncSelectItem(_MENU_FACTORY_CT6_RED);
C51 COMPILER V9.60.0.0   RTDFACTORYMODE                                                    09/21/2026 15:33:53 PAGE 34  

1900   1      }
1901          
1902          //============= Colortemp 6 G Adjust=======================
1903          void RTDFactoryColortemp6GAdjustEnter(void)
1904          {
1905   1          if(g_usBackupValue != g_stColorProcData.usColorTempG)
1906   1          {
1907   2              RTDNVRamSaveColorSetting(GET_COLOR_TEMP_TYPE());
1908   2          }
1909   1          RTDFactoryOsdFuncSelectItem(_MENU_FACTORY_CT6_GREEN);
1910   1      }
1911          
1912          void RTDFactoryColortemp6GAdjustLeft(void)
1913          {
1914   1          RTDFactoryOsdDispNumber(_MENU_FACTORY_CT6_GREEN_ADJ, g_stColorProcData.usColorTempG);
1915   1      }
1916          
1917          void RTDFactoryColortemp6GAdjustRight(void)
1918          {
1919   1          RTDFactoryOsdDispNumber(_MENU_FACTORY_CT6_GREEN_ADJ, g_stColorProcData.usColorTempG);
1920   1      }
1921          
1922          void RTDFactoryColortemp6GAdjustExit(void)
1923          {
1924   1          if(g_usBackupValue != g_stColorProcData.usColorTempG)
1925   1          {
1926   2              g_stColorProcData.usColorTempG = g_usBackupValue;
1927   2              RTDFactoryOsdDispNumber(_MENU_FACTORY_CT6_GREEN_ADJ, g_stColorProcData.usColorTempG);
1928   2          }
1929   1          RTDFactoryOsdFuncSelectItem(_MENU_FACTORY_CT6_GREEN);
1930   1      }
1931          
1932          //============= Colortemp 6 B Adjust=======================
1933          void RTDFactoryColortemp6BAdjustEnter(void)
1934          {
1935   1          if(g_usBackupValue != g_stColorProcData.usColorTempB)
1936   1          {
1937   2              RTDNVRamSaveColorSetting(GET_COLOR_TEMP_TYPE());
1938   2          }
1939   1          RTDFactoryOsdFuncSelectItem(_MENU_FACTORY_CT6_BLUE);
1940   1      }
1941          
1942          void RTDFactoryColortemp6BAdjustLeft(void)
1943          {
1944   1          RTDFactoryOsdDispNumber(_MENU_FACTORY_CT6_BLUE_ADJ, g_stColorProcData.usColorTempB);
1945   1      }
1946          
1947          void RTDFactoryColortemp6BAdjustRight(void)
1948          {
1949   1          RTDFactoryOsdDispNumber(_MENU_FACTORY_CT6_BLUE_ADJ, g_stColorProcData.usColorTempB);
1950   1      }
1951          
1952          void RTDFactoryColortemp6BAdjustExit(void)
1953          {
1954   1          if(g_usBackupValue != g_stColorProcData.usColorTempB)
1955   1          {
1956   2              g_stColorProcData.usColorTempB = g_usBackupValue;
1957   2              RTDFactoryOsdDispNumber(_MENU_FACTORY_CT6_BLUE_ADJ, g_stColorProcData.usColorTempB);
1958   2          }
1959   1          RTDFactoryOsdFuncSelectItem(_MENU_FACTORY_CT6_BLUE);
1960   1      }
1961          
C51 COMPILER V9.60.0.0   RTDFACTORYMODE                                                    09/21/2026 15:33:53 PAGE 35  

1962          //============= Adc Gain R Adjust=======================
1963          void RTDFactoryAdcGainRAdjustEnter(void)
1964          {
1965   1      #if(_VGA_SUPPORT == _ON)
1966   1          if(g_usBackupValue != g_stAdcData.pucAdcGainMSB[_AUTO_RED_CHANNEL])
1967   1          {
1968   2              UserCommonNVRamSaveADCSetting(_COLOR_SPACE_RGB);
1969   2          }
1970   1      
1971   1          RTDFactoryOsdFuncSelectItem(_MENU_FACTORY_GAIN_RED);
1972   1      #endif
1973   1      }
1974          
1975          void RTDFactoryAdcGainRAdjustLeft(void)
1976          {
1977   1      #if(_VGA_SUPPORT == _ON)
1978   1          RTDFactoryOsdDispNumber(_MENU_FACTORY_GAIN_RED_ADJ, g_stAdcData.pucAdcGainMSB[_AUTO_RED_CHANNEL]);
1979   1      #endif
1980   1      }
1981          
1982          void RTDFactoryAdcGainRAdjustRight(void)
1983          {
1984   1      #if(_VGA_SUPPORT == _ON)
1985   1          RTDFactoryOsdDispNumber(_MENU_FACTORY_GAIN_RED_ADJ, g_stAdcData.pucAdcGainMSB[_AUTO_RED_CHANNEL]);
1986   1      #endif
1987   1      }
1988          
1989          void RTDFactoryAdcGainRAdjustExit(void)
1990          {
1991   1      #if(_VGA_SUPPORT == _ON)
1992   1          if(g_usBackupValue != g_stAdcData.pucAdcGainMSB[_AUTO_RED_CHANNEL])
1993   1          {
1994   2              g_stAdcData.pucAdcGainMSB[_AUTO_RED_CHANNEL] = g_usBackupValue;
1995   2              RTDFactoryOsdDispNumber(_MENU_FACTORY_GAIN_RED_ADJ, g_stAdcData.pucAdcGainMSB[_AUTO_RED_CHANNEL]);
1996   2          }
1997   1          RTDFactoryOsdFuncSelectItem(_MENU_FACTORY_GAIN_RED);
1998   1      #endif
1999   1      }
2000          
2001          //============= Adc Gain G Adjust=======================
2002          void RTDFactoryAdcGainGAdjustEnter(void)
2003          {
2004   1      #if(_VGA_SUPPORT == _ON)
2005   1          if(g_usBackupValue != g_stAdcData.pucAdcGainMSB[_AUTO_GREEN_CHANNEL])
2006   1          {
2007   2              UserCommonNVRamSaveADCSetting(_COLOR_SPACE_RGB);
2008   2          }
2009   1      
2010   1          RTDFactoryOsdFuncSelectItem(_MENU_FACTORY_GAIN_GREEN);
2011   1      #endif
2012   1      }
2013          
2014          void RTDFactoryAdcGainGAdjustLeft(void)
2015          {
2016   1      #if(_VGA_SUPPORT == _ON)
2017   1          RTDFactoryOsdDispNumber(_MENU_FACTORY_GAIN_GREEN_ADJ, g_stAdcData.pucAdcGainMSB[_AUTO_GREEN_CHANNEL]);
2018   1      #endif
2019   1      }
2020          
2021          void RTDFactoryAdcGainGAdjustRight(void)
2022          {
2023   1      #if(_VGA_SUPPORT == _ON)
C51 COMPILER V9.60.0.0   RTDFACTORYMODE                                                    09/21/2026 15:33:53 PAGE 36  

2024   1          RTDFactoryOsdDispNumber(_MENU_FACTORY_GAIN_GREEN_ADJ, g_stAdcData.pucAdcGainMSB[_AUTO_GREEN_CHANNEL]);
2025   1      #endif
2026   1      }
2027          
2028          void RTDFactoryAdcGainGAdjustExit(void)
2029          {
2030   1      #if(_VGA_SUPPORT == _ON)
2031   1          if(g_usBackupValue != g_stAdcData.pucAdcGainMSB[_AUTO_GREEN_CHANNEL])
2032   1          {
2033   2              g_stAdcData.pucAdcGainMSB[_AUTO_GREEN_CHANNEL] = g_usBackupValue;
2034   2              RTDFactoryOsdDispNumber(_MENU_FACTORY_GAIN_GREEN_ADJ, g_stAdcData.pucAdcGainMSB[_AUTO_GREEN_CHANNE
             -L]);
2035   2          }
2036   1          RTDFactoryOsdFuncSelectItem(_MENU_FACTORY_GAIN_GREEN);
2037   1      #endif
2038   1      }
2039          
2040          //============= Adc Gain B Adjust=======================
2041          void RTDFactoryAdcGainBAdjustEnter(void)
2042          {
2043   1      #if(_VGA_SUPPORT == _ON)
2044   1          if(g_usBackupValue != g_stAdcData.pucAdcGainMSB[_AUTO_BLUE_CHANNEL])
2045   1          {
2046   2              UserCommonNVRamSaveADCSetting(_COLOR_SPACE_RGB);
2047   2          }
2048   1      
2049   1          RTDFactoryOsdFuncSelectItem(_MENU_FACTORY_GAIN_BLUE);
2050   1      #endif
2051   1      }
2052          
2053          void RTDFactoryAdcGainBAdjustLeft(void)
2054          {
2055   1      #if(_VGA_SUPPORT == _ON)
2056   1          RTDFactoryOsdDispNumber(_MENU_FACTORY_GAIN_BLUE_ADJ, g_stAdcData.pucAdcGainMSB[_AUTO_BLUE_CHANNEL]);
2057   1      #endif
2058   1      }
2059          
2060          void RTDFactoryAdcGainBAdjustRight(void)
2061          {
2062   1      #if(_VGA_SUPPORT == _ON)
2063   1          RTDFactoryOsdDispNumber(_MENU_FACTORY_GAIN_BLUE_ADJ, g_stAdcData.pucAdcGainMSB[_AUTO_BLUE_CHANNEL]);
2064   1      #endif
2065   1      }
2066          
2067          void RTDFactoryAdcGainBAdjustExit(void)
2068          {
2069   1      #if(_VGA_SUPPORT == _ON)
2070   1          if(g_usBackupValue != g_stAdcData.pucAdcGainMSB[_AUTO_BLUE_CHANNEL])
2071   1          {
2072   2              g_stAdcData.pucAdcGainMSB[_AUTO_BLUE_CHANNEL] = g_usBackupValue;
2073   2              RTDFactoryOsdDispNumber(_MENU_FACTORY_GAIN_BLUE_ADJ, g_stAdcData.pucAdcGainMSB[_AUTO_BLUE_CHANNEL]
             -);
2074   2          }
2075   1          RTDFactoryOsdFuncSelectItem(_MENU_FACTORY_GAIN_BLUE);
2076   1      #endif
2077   1      }
2078          
2079          //============= Adc Offset R Adjust=======================
2080          void RTDFactoryAdcOffsetRAdjustEnter(void)
2081          {
2082   1      #if(_VGA_SUPPORT == _ON)
2083   1          if(g_usBackupValue != g_stAdcData.pucAdcOffsetMSB[_AUTO_RED_CHANNEL])
C51 COMPILER V9.60.0.0   RTDFACTORYMODE                                                    09/21/2026 15:33:53 PAGE 37  

2084   1          {
2085   2              UserCommonNVRamSaveADCSetting(_COLOR_SPACE_RGB);
2086   2          }
2087   1      
2088   1          RTDFactoryOsdFuncSelectItem(_MENU_FACTORY_OFFSET_RED);
2089   1      #endif
2090   1      }
2091          
2092          void RTDFactoryAdcOffsetRAdjustLeft(void)
2093          {
2094   1      #if(_VGA_SUPPORT == _ON)
2095   1          RTDFactoryOsdDispNumber(_MENU_FACTORY_OFFSET_RED_ADJ, g_stAdcData.pucAdcOffsetMSB[_AUTO_RED_CHANNEL]);
2096   1      #endif
2097   1      }
2098          
2099          void RTDFactoryAdcOffsetRAdjustRight(void)
2100          {
2101   1      #if(_VGA_SUPPORT == _ON)
2102   1          RTDFactoryOsdDispNumber(_MENU_FACTORY_OFFSET_RED_ADJ, g_stAdcData.pucAdcOffsetMSB[_AUTO_RED_CHANNEL]);
2103   1      #endif
2104   1      }
2105          
2106          void RTDFactoryAdcOffsetRAdjustExit(void)
2107          {
2108   1      #if(_VGA_SUPPORT == _ON)
2109   1          if(g_usBackupValue != g_stAdcData.pucAdcOffsetMSB[_AUTO_RED_CHANNEL])
2110   1          {
2111   2              g_stAdcData.pucAdcOffsetMSB[_AUTO_RED_CHANNEL] = g_usBackupValue;
2112   2              RTDFactoryOsdDispNumber(_MENU_FACTORY_OFFSET_RED_ADJ, g_stAdcData.pucAdcOffsetMSB[_AUTO_RED_CHANNE
             -L]);
2113   2          }
2114   1          RTDFactoryOsdFuncSelectItem(_MENU_FACTORY_OFFSET_RED);
2115   1      #endif
2116   1      }
2117          
2118          //============= Adc Offset G Adjust=======================
2119          void RTDFactoryAdcOffsetGAdjustEnter(void)
2120          {
2121   1      #if(_VGA_SUPPORT == _ON)
2122   1          if(g_usBackupValue != g_stAdcData.pucAdcOffsetMSB[_AUTO_GREEN_CHANNEL])
2123   1          {
2124   2              UserCommonNVRamSaveADCSetting(_COLOR_SPACE_RGB);
2125   2          }
2126   1      
2127   1          RTDFactoryOsdFuncSelectItem(_MENU_FACTORY_OFFSET_GREEN);
2128   1      #endif
2129   1      }
2130          
2131          void RTDFactoryAdcOffsetGAdjustLeft(void)
2132          {
2133   1      #if(_VGA_SUPPORT == _ON)
2134   1          RTDFactoryOsdDispNumber(_MENU_FACTORY_OFFSET_GREEN_ADJ, g_stAdcData.pucAdcOffsetMSB[_AUTO_GREEN_CHANNE
             -L]);
2135   1      #endif
2136   1      }
2137          
2138          void RTDFactoryAdcOffsetGAdjustRight(void)
2139          {
2140   1      #if(_VGA_SUPPORT == _ON)
2141   1          RTDFactoryOsdDispNumber(_MENU_FACTORY_OFFSET_GREEN_ADJ, g_stAdcData.pucAdcOffsetMSB[_AUTO_GREEN_CHANNE
             -L]);
2142   1      #endif
C51 COMPILER V9.60.0.0   RTDFACTORYMODE                                                    09/21/2026 15:33:53 PAGE 38  

2143   1      }
2144          
2145          void RTDFactoryAdcOffsetGAdjustExit(void)
2146          {
2147   1      #if(_VGA_SUPPORT == _ON)
2148   1          if(g_usBackupValue != g_stAdcData.pucAdcOffsetMSB[_AUTO_GREEN_CHANNEL])
2149   1          {
2150   2              g_stAdcData.pucAdcOffsetMSB[_AUTO_GREEN_CHANNEL] = g_usBackupValue;
2151   2              RTDFactoryOsdDispNumber(_MENU_FACTORY_OFFSET_GREEN_ADJ, g_stAdcData.pucAdcOffsetMSB[_AUTO_GREEN_CH
             -ANNEL]);
2152   2          }
2153   1          RTDFactoryOsdFuncSelectItem(_MENU_FACTORY_OFFSET_GREEN);
2154   1      #endif
2155   1      }
2156          
2157          //============= Adc Offset B Adjust=======================
2158          void RTDFactoryAdcOffsetBAdjustEnter(void)
2159          {
2160   1      #if(_VGA_SUPPORT == _ON)
2161   1          if(g_usBackupValue != g_stAdcData.pucAdcOffsetMSB[_AUTO_BLUE_CHANNEL])
2162   1          {
2163   2              UserCommonNVRamSaveADCSetting(_COLOR_SPACE_RGB);
2164   2          }
2165   1      
2166   1          RTDFactoryOsdFuncSelectItem(_MENU_FACTORY_OFFSET_BLUE);
2167   1      #endif
2168   1      }
2169          
2170          void RTDFactoryAdcOffsetBAdjustLeft(void)
2171          {
2172   1      #if(_VGA_SUPPORT == _ON)
2173   1          RTDFactoryOsdDispNumber(_MENU_FACTORY_OFFSET_BLUE_ADJ, g_stAdcData.pucAdcOffsetMSB[_AUTO_BLUE_CHANNEL]
             -);
2174   1      #endif
2175   1      }
2176          
2177          void RTDFactoryAdcOffsetBAdjustRight(void)
2178          {
2179   1      #if(_VGA_SUPPORT == _ON)
2180   1          RTDFactoryOsdDispNumber(_MENU_FACTORY_OFFSET_BLUE_ADJ, g_stAdcData.pucAdcOffsetMSB[_AUTO_BLUE_CHANNEL]
             -);
2181   1      #endif
2182   1      }
2183          
2184          void RTDFactoryAdcOffsetBAdjustExit(void)
2185          {
2186   1      #if(_VGA_SUPPORT == _ON)
2187   1          if(g_usBackupValue != g_stAdcData.pucAdcOffsetMSB[_AUTO_BLUE_CHANNEL])
2188   1          {
2189   2              g_stAdcData.pucAdcOffsetMSB[_AUTO_BLUE_CHANNEL] = g_usBackupValue;
2190   2              RTDFactoryOsdDispNumber(_MENU_FACTORY_OFFSET_BLUE_ADJ, g_stAdcData.pucAdcOffsetMSB[_AUTO_BLUE_CHAN
             -NEL]);
2191   2          }
2192   1          RTDFactoryOsdFuncSelectItem(_MENU_FACTORY_OFFSET_BLUE);
2193   1      #endif
2194   1      }
2195          
2196          
2197          


MODULE INFORMATION:   STATIC OVERLAYABLE
C51 COMPILER V9.60.0.0   RTDFACTORYMODE                                                    09/21/2026 15:33:53 PAGE 39  

   CODE SIZE        =   4841    ----
   CONSTANT SIZE    =    672    ----
   XDATA SIZE       =      5       2
   PDATA SIZE       =   ----    ----
   DATA SIZE        =   ----    ----
   IDATA SIZE       =   ----    ----
   BIT SIZE         =   ----    ----
END OF MODULE INFORMATION.


C51 COMPILATION COMPLETE.  0 WARNING(S),  0 ERROR(S)
