C51 COMPILER V9.60.0.0   SCALERCOMMONHDCP2                                                 09/21/2026 15:32:36 PAGE 1   


C51 COMPILER V9.60.0.0, COMPILATION OF MODULE SCALERCOMMONHDCP2
OBJECT MODULE PLACED IN .\Output\RL6432_Project\ScalerCommonHDCP2.obj
COMPILER INVOKED BY: C:\Keil_v5\C51\BIN\C51.EXE Kernel\Scaler\ScalerCommonFunction\Code\ScalerCommonHDCP2.c LARGE OPTIMI
                    -ZE(9,SPEED) INCDIR(.\Output\RL6432;.\Project\Header;.\Pcb;.\Panel;.\Kernel\Device\Header;.\Kernel\Common;.\Kernel\System
                    -\Header;.\Kernel\Scaler\ScalerFunction\Header;.\Kernel\Scaler\ScalerCommonFunction\Header;.\Kernel\Scaler\ScalerFunction
                    -\Lib\Header;.\Kernel\Scaler\ScalerCommonFunction\Lib\Header;.\Kernel\Scaler\RL6432_Series_Scaler\Header;.\Kernel\Scaler\
                    -RL6432_Series_Common\Header;.\Kernel\Scaler\RL6432_Series_Scaler\Lib\Header;.\Kernel\Scaler\RL6432_Series_Common\Lib\Hea
                    -der;.\Kernel\User Common Function\Header;.\User\RTD Series\RTD2014Function\Header;.\User\RTD Series\RTD2014Osd\Header;.\
                    -User\RTD Factory\Header;.\User\None Series\NoneFunction\Header;.\User\None Series\NoneOsd\Header;.\User\None Factory\Hea
                    -der) DEFINE(_PROJECT=_RL6432_PROJECT,_SCALER_TYPE=_RL6432_SERIES) DEBUG OBJECTEXTEND PRINT(.\Output\RL6432_Project\Scale
                    -rCommonHDCP2.lst) TABS(2) OBJECT(.\Output\RL6432_Project\ScalerCommonHDCP2.obj)

line level    source

   1          /********************************************************************************/
   2          /*   Copyright (c) 2021 Realtek Semiconductor Corp. All rights reserved.        */
   3          /*                                                                              */
   4          /*   SPDX-License-Identifier: LicenseRef-Realtek-Proprietary                    */
   5          /*                                                                              */
   6          /*   This software component is confidential and proprietary to Realtek         */
   7          /*   Semiconductor Corp. Disclosure, reproduction, redistribution, in whole     */
   8          /*   or in part, of this work and its derivatives without express permission    */
   9          /*   is prohibited.                                                             */
  10          /********************************************************************************/
  11          
  12          //----------------------------------------------------------------------------------------------------
  13          // ID Code      : ScalerCommonHDCP2.c No.0000
  14          // Update Note  :
  15          //----------------------------------------------------------------------------------------------------
  16          
  17          #define __SCALER_COMMON_HDCP2__
  18          
  19          #include "ScalerCommonFunctionInclude.h"
  20          
  21          //****************************************************************************
  22          // DEFINITIONS / MACROS
  23          //****************************************************************************
  24          
  25          //****************************************************************************
  26          // STRUCT / TYPE / ENUM DEFINITTIONS
  27          //****************************************************************************
  28          
  29          //****************************************************************************
  30          // CODE TABLES
  31          //****************************************************************************
  32          
  33          //****************************************************************************
  34          // VARIABLE DECLARATIONS
  35          //****************************************************************************
  36          
  37          #if(_HDCP_2_2_FUNCTION_GEN == _HDCP_2_2_GEN_2)
  38          #if(_HDCP_2_2_SUPPORT == _ON)
  39          StructHdcp2DownLoadKeyType g_stRxHdcp2DownLoadKeyType;
  40          
  41          BYTE g_ucHdcp2AuthActive;
  42          
  43          BYTE g_pucHdcp2SHA256Input[64];
  44          BYTE g_pucHdcp2HmacSha256Input[64];
  45          BYTE g_pucHdcp2HmacSha256CipherInput[64];
  46          BYTE g_pucHdcp2Sha256[32];
  47          
C51 COMPILER V9.60.0.0   SCALERCOMMONHDCP2                                                 09/21/2026 15:32:36 PAGE 2   

  48          BYTE g_pucHdcp2BackUp[4];
  49          
  50          BYTE g_pucHdcp2M[16];
  51          BYTE g_pucHdcp2Kh[16];
  52          BYTE g_pucHdcp2EkhKm[16];
  53          BYTE g_pucHdcp2Ks[16];
  54          BYTE g_pucHdcp2EDkeyKs[16];
  55          BYTE g_pucHdcp2Riv[8];
  56          
  57          BYTE g_pucHdcp2InputCipher[16];
  58          BYTE g_pucHdcp2AesInput[16];
  59          BYTE g_pucHdcp2AesCipherInput[16];
  60          
  61          BYTE g_pucDpHdcp2RrxErrta0[8] = {0x3B, 0xA0,0xBE,0xDE, 0x0C, 0x46, 0xA9, 0x91};
  62          BYTE g_pucDpHdcp2RrxErrta1[8] = {0xE1, 0x7A,0xB0,0xFD, 0x0F, 0x54, 0x40, 0x52};
  63          #endif
  64          #endif
  65          
  66          //****************************************************************************
  67          // FUNCTION DECLARATIONS
  68          //****************************************************************************
  69          #if(_HDCP_2_2_FUNCTION_GEN == _HDCP_2_2_GEN_2)
  70          #if(_HDCP_2_2_SUPPORT == _ON)
  71          void ScalerHdcp2DkeyCalculate_EXINT0(BYTE ucDkeyCount, BYTE *pucHdcp2Rtx, BYTE *pucHdcp2Rrx, BYTE *pucHdcp
             -2Km, BYTE *pucHdcp2Rn);
  72          void ScalerHdcp2DownLoadCalculateKey(WORD usSubAddr, WORD usLength, BYTE *pucReadArray, BYTE ucRSAType);
  73          #if(_TMDS_HDCP_2_2_SUPPORT == _ON)
  74          BYTE ScalerHdcp2HPrimeCalculate_EXINT0(BYTE *pucHdcp2dKey0, BYTE *pucHdcp2dKey1, BYTE *pucHdcp2Rtx, BYTE *
             -pucHdcp2TxCaps, BYTE *pucHdcp2RxCaps);
  75          #endif
  76          void ScalerHdcp2Handler(void);
  77          void ScalerHdcp2Initial(void);
  78          void ScalerHdcp2IntHandler_EXINT0(void);
  79          BYTE ScalerHdcp2LPrimeCalculate_EXINT0(BYTE *pucHdcp2dKey0, BYTE *pucHdcp2dKey1, BYTE *pucHdcp2Rrx, BYTE *
             -pucHdcp2Rn);
  80          void ScalerHdcp2RxAesOfflineCtrl_EXINT0(BYTE *pucInputArray, BYTE *pucCipherArray);
  81          void ScalerHdcp2RxDownLoadCalculateKey(WORD usSubAddr, WORD usLength, BYTE *pucReadArray, BYTE ucRSAType);
  82          void ScalerHdcp2RxGetRrx_EXINT0(BYTE *pucHdcp2Rrx);
  83          BYTE ScalerHdcp2RxHmacSha256Calculate_EXINT0(BYTE *pucInputArray1, BYTE *pucInputArray2);
  84          bit ScalerHdcp2RxPairingCalculate(BYTE *pucHdcp2KPriv, BYTE ucIndex);
  85          bit ScalerHdcp2RxSha256Calculate(BYTE *pucInputArray, BYTE ucCalCount);
  86          BYTE ScalerHdcp2RxSha256Calculate_EXINT0(BYTE *pucInputArray, BYTE ucCalCount);
  87          void ScalerHdcp2RxGenRrx_EXINT0(BYTE *pucInputArray);
  88          
  89          #if(_WD_TIMER_INT_SUPPORT == _ON)
  90          void ScalerHdcp2DkeyCalculate_WDINT(BYTE ucDkeyCount, BYTE *pucHdcp2Rtx, BYTE *pucHdcp2Rrx, BYTE *pucHdcp2
             -Km, BYTE *pucHdcp2Rn);
  91          #if((_TMDS_HDCP_2_2_SUPPORT == _ON) && (_HDMI_PORT_EXIST == _ON))
  92          BYTE ScalerHdcp2RsaAvailable_WDINT(void);
  93          #endif
  94          void ScalerHdcp2RxAesOfflineCtrl_WDINT(BYTE *pucInputArray, BYTE *pucCipherArray);
  95          #endif
  96          
  97          #if((_DP_HDCP_2_2_SUPPORT == _ON) || (_HDCP_2_2_ERRATA_TEST_SUPPORT == _ON))
  98          void ScalerHdcp2DkeyCalculate(BYTE ucDkeyCount, BYTE *pucHdcp2Rtx, BYTE *pucHdcp2Rrx, BYTE *pucHdcp2Km, BY
             -TE *pucHdcp2Rn);
  99          bit ScalerHdcp2HPrimeCalculate(BYTE *pucHdcp2dKey0, BYTE *pucHdcp2dKey1, BYTE *pucHdcp2Rtx, BYTE *pucHdcp2
             -TxCaps, BYTE *pucHdcp2RxCaps);
 100          void ScalerHdcp2RxAesOfflineCtrl(BYTE *pucInputArray, BYTE *pucCipherArray);
 101          bit ScalerHdcp2RxHmacSha256Calculate(BYTE *pucInputArray1, BYTE *pucInputArray2);
 102          #if(_DP_MST_SUPPORT == _ON)
              bit ScalerHdcp2RepeaterLPrimeHmacSha256Calculate(BYTE *pucInputArray1, BYTE *pucInputArray2, BYTE *pucInpu
C51 COMPILER V9.60.0.0   SCALERCOMMONHDCP2                                                 09/21/2026 15:32:36 PAGE 3   

             -tArray3);
              bit ScalerHdcp2RepeaterLPrimeCalculate(BYTE *pucHdcp2dKey0, BYTE *pucHdcp2dKey1, BYTE *pucInputArray);
              #endif
 106          bit ScalerHdcp2RxRsaCalculate(BYTE *pucEkpubKmArray);
 107          bit ScalerHdcp2RxRsaOaepCalculate(BYTE *pucKmArray);
 108          #endif
 109          
 110          #if((_HDCP_2_2_ERRATA_TEST_SUPPORT == _ON) || ((_DP_HDCP_2_2_SUPPORT == _ON) && (_DP_TX_SUPPORT == _ON)))
              bit ScalerHdcp2LPrimeCalculate(BYTE *pucHdcp2dKey0, BYTE *pucHdcp2dKey1, BYTE *pucHdcp2Rrx, BYTE *pucHdcp2
             -Rn);
              #endif
 113          
 114          #if((_TMDS_HDCP_2_2_SUPPORT == _ON) && (_HDMI_PORT_EXIST == _ON))
 115          void ScalerHdcp2ResetTMDSProc(BYTE ucInputPort);
 116          void ScalerHdcp2ReAuthEvent(EnumScalerTimerEventID enumEventID);
 117          BYTE ScalerHdcp2RsaAvailable_EXINT0(void);
 118          void ScalerHdcp2RxRsaCal_EXINT0(BYTE *pucEkpubKmArray);
 119          
 120          #if(_WD_TIMER_INT_SUPPORT == _ON)
 121          BYTE ScalerHdcp2RxRsaOaepCalculate_WDINT(BYTE *pucKmArray);
 122          void ScalerHdcp2RxRsaCal_WDINT(BYTE *pucEkpubKmArray);
 123          #endif
 124          #endif
 125          
 126          #if(_WD_TIMER_INT_SUPPORT == _ON)
 127          BYTE ScalerHdcp2RxSha256Calculate_WDINT(BYTE *pucInputArray, BYTE ucCalCount);
 128          BYTE ScalerHdcp2HPrimeCalculate_WDINT(BYTE *pucHdcp2dKey0, BYTE *pucHdcp2dKey1, BYTE *pucHdcp2Rtx, BYTE *p
             -ucHdcp2TxCaps, BYTE *pucHdcp2RxCaps);
 129          BYTE ScalerHdcp2RxHmacSha256Calculate_WDINT(BYTE *pucInputArray1, BYTE *pucInputArray2);
 130          #endif
 131          
 132          #if((_DP_HDCP_2_2_SUPPORT == _ON) && (_DP_TX_SUPPORT == _ON))
              bit ScalerHdcp2VprimeCalculate(BYTE *pucHdcp2dKey0, BYTE *pucHdcp2dKey1, BYTE *pucReceiverIdList, BYTE *pu
             -cRxinfo, BYTE *pucSeqNumV);
              bit ScalerHdcp2RepeaterHmacSha256Calculate(BYTE *pucInputArray1, BYTE *pucInputArray2, BYTE ucInputArray1B
             -lockNumber);
              bit ScalerHdcp2MprimeCalculate(BYTE *pucHdcp2dKey0, BYTE *pucHdcp2dKey1, BYTE *pucStreamIdType, DWORD ulSe
             -qNumM, WORD usK);
              #endif
 137          #endif
 138          #endif
 139          
 140          //****************************************************************************
 141          // FUNCTION DEFINITIONS
 142          //****************************************************************************
 143          #if(_HDCP_2_2_FUNCTION_GEN == _HDCP_2_2_GEN_2)
 144          #if(_HDCP_2_2_SUPPORT == _ON)
 145          //--------------------------------------------------
 146          // Description  : HDCP 2.2 Dkey Calculate in INT
 147          // Input Value  : None
 148          // Output Value : None
 149          //--------------------------------------------------
 150          void ScalerHdcp2DkeyCalculate_EXINT0(BYTE ucDkeyCount, BYTE *pucHdcp2Rtx, BYTE *pucHdcp2Rrx, BYTE *pucHdcp
             -2Km, BYTE *pucHdcp2Rn) using 1
 151          {
 152   1          switch(ucDkeyCount)
 153   1          {
 154   2              case _HDCP_2_2_DKEY_0:
 155   2      
 156   2                  // Initial AES Input Value
 157   2                  for(pData_EXINT[0] = 0; pData_EXINT[0] < 8; pData_EXINT[0]++)
 158   2                  {
C51 COMPILER V9.60.0.0   SCALERCOMMONHDCP2                                                 09/21/2026 15:32:36 PAGE 4   

 159   3                      g_pucHdcp2AesInput[pData_EXINT[0]] = *(pucHdcp2Rtx + pData_EXINT[0]);
 160   3                  }
 161   2      
 162   2                  for(pData_EXINT[0] = 0; pData_EXINT[0] < 8; pData_EXINT[0]++)
 163   2                  {
 164   3                      g_pucHdcp2AesInput[8 + pData_EXINT[0]] = *(pucHdcp2Rrx + pData_EXINT[0]);
 165   3                  }
 166   2      
 167   2                  for(pData_EXINT[0] = 0; pData_EXINT[0] < 16; pData_EXINT[0]++)
 168   2                  {
 169   3                      g_pucHdcp2AesCipherInput[pData_EXINT[0]] = *(pucHdcp2Km + pData_EXINT[0]);
 170   3                  }
 171   2      
 172   2                  // AES Calculate
 173   2                  ScalerHdcp2RxAesOfflineCtrl_EXINT0(g_pucHdcp2AesInput, g_pucHdcp2AesCipherInput);
 174   2      
 175   2                  break;
 176   2      
 177   2              case _HDCP_2_2_DKEY_1:
 178   2      
 179   2                  // Initial AES Input Value
 180   2                  for(pData_EXINT[0] = 0; pData_EXINT[0] < 8; pData_EXINT[0]++)
 181   2                  {
 182   3                      g_pucHdcp2AesInput[pData_EXINT[0]] = *(pucHdcp2Rtx + pData_EXINT[0]);
 183   3                  }
 184   2      
 185   2                  for(pData_EXINT[0] = 0; pData_EXINT[0] < 7; pData_EXINT[0]++)
 186   2                  {
 187   3                      g_pucHdcp2AesInput[8 + pData_EXINT[0]] = *(pucHdcp2Rrx + pData_EXINT[0]);
 188   3                  }
 189   2      
 190   2                  g_pucHdcp2AesInput[15] = *(pucHdcp2Rrx + 7) ^ 0x01;
 191   2      
 192   2                  for(pData_EXINT[0] = 0; pData_EXINT[0] < 16; pData_EXINT[0]++)
 193   2                  {
 194   3                      g_pucHdcp2AesCipherInput[pData_EXINT[0]] = *(pucHdcp2Km + pData_EXINT[0]);
 195   3                  }
 196   2      
 197   2                  // AES Calculate
 198   2                  ScalerHdcp2RxAesOfflineCtrl_EXINT0(g_pucHdcp2AesInput, g_pucHdcp2AesCipherInput);
 199   2      
 200   2                  break;
 201   2      
 202   2              case _HDCP_2_2_DKEY_2:
 203   2      
 204   2                  // Initial AES Input Value
 205   2                  for(pData_EXINT[0] = 0; pData_EXINT[0] < 8; pData_EXINT[0]++)
 206   2                  {
 207   3                      g_pucHdcp2AesInput[pData_EXINT[0]] = *(pucHdcp2Rtx + pData_EXINT[0]);
 208   3                  }
 209   2      
 210   2                  for(pData_EXINT[0] = 0; pData_EXINT[0] < 7; pData_EXINT[0]++)
 211   2                  {
 212   3                      g_pucHdcp2AesInput[8 + pData_EXINT[0]] = *(pucHdcp2Rrx + pData_EXINT[0]);
 213   3                  }
 214   2      
 215   2                  g_pucHdcp2AesInput[15] = *(pucHdcp2Rrx + 7) ^ 0x02;
 216   2      
 217   2                  for(pData_EXINT[0] = 0; pData_EXINT[0] < 8; pData_EXINT[0]++)
 218   2                  {
 219   3                      g_pucHdcp2AesCipherInput[pData_EXINT[0]] = *(pucHdcp2Km + pData_EXINT[0]);
 220   3                  }
C51 COMPILER V9.60.0.0   SCALERCOMMONHDCP2                                                 09/21/2026 15:32:36 PAGE 5   

 221   2      
 222   2                  for(pData_EXINT[0] = 8; pData_EXINT[0] < 16; pData_EXINT[0]++)
 223   2                  {
 224   3                      g_pucHdcp2AesCipherInput[pData_EXINT[0]] = *(pucHdcp2Km + pData_EXINT[0]) ^ *(pucHdcp2Rn +
             - pData_EXINT[0] - 8);
 225   3                  }
 226   2      
 227   2                  // AES Calculate
 228   2                  ScalerHdcp2RxAesOfflineCtrl_EXINT0(g_pucHdcp2AesInput, g_pucHdcp2AesCipherInput);
 229   2      
 230   2                  break;
 231   2      
 232   2              default:
 233   2      
 234   2                  break;
 235   2          }
 236   1      }
 237          //--------------------------------------------------------------------------------------------------------
             -------------------
 238          // Description  : HDCP 2.2 Down Load RSA Key
 239          // Input Value  : usSubAddr == > start address, usLength == > key Length,
 240          //                pReadArray == > Key Array, ucRSAType == > Key Type
 241          // Output Value : None
 242          //--------------------------------------------------------------------------------------------------------
             -------------------
 243          void ScalerHdcp2DownLoadCalculateKey(WORD usSubAddr, WORD usLength, BYTE *pucReadArray, BYTE ucRSAType)
 244          {
 245   1          ScalerHdcp2RxDownLoadCalculateKey(usSubAddr, usLength, pucReadArray, ucRSAType);
 246   1      }
 247          
 248          #if(_TMDS_HDCP_2_2_SUPPORT == _ON)
 249          //--------------------------------------------------
 250          // Description  : HDCP 2.2 Hprime Calculate in INT
 251          // Input Value  : None
 252          // Output Value : None
 253          //--------------------------------------------------
 254          BYTE ScalerHdcp2HPrimeCalculate_EXINT0(BYTE *pucHdcp2dKey0, BYTE *pucHdcp2dKey1, BYTE *pucHdcp2Rtx, BYTE *
             -pucHdcp2TxCaps, BYTE *pucHdcp2RxCaps) using 1
 255          {
 256   1          // H = HMAC-SHA256(rtx || RxCaps || TxCaps, kd)
 257   1          // HMAC(text) = HMAC(K, text) = SHA256((K0 XOR opad) || SHA256((KO XOR ipad) || text))
 258   1          // Calculate SHA256((KO XOR ipad) || text)
 259   1      
 260   1          for(pData_EXINT[0] = 0; pData_EXINT[0] < 16; pData_EXINT[0]++)
 261   1          {
 262   2              g_pucHdcp2HmacSha256CipherInput[pData_EXINT[0]] = *(pucHdcp2dKey0 + pData_EXINT[0]);
 263   2          }
 264   1      
 265   1          for(pData_EXINT[0] = 0; pData_EXINT[0] < 16; pData_EXINT[0]++)
 266   1          {
 267   2              g_pucHdcp2HmacSha256CipherInput[16 + pData_EXINT[0]] = *(pucHdcp2dKey1 + pData_EXINT[0]);
 268   2          }
 269   1      
 270   1          for(pData_EXINT[0] = 0; pData_EXINT[0] < 8; pData_EXINT[0]++)
 271   1          {
 272   2              g_pucHdcp2HmacSha256Input[pData_EXINT[0]] = *(pucHdcp2Rtx + pData_EXINT[0]);
 273   2          }
 274   1      
 275   1          for(pData_EXINT[0] = 0; pData_EXINT[0] < 3; pData_EXINT[0]++)
 276   1          {
 277   2              g_pucHdcp2HmacSha256Input[8 + pData_EXINT[0]] = pucHdcp2RxCaps[pData_EXINT[0]];
 278   2          }
C51 COMPILER V9.60.0.0   SCALERCOMMONHDCP2                                                 09/21/2026 15:32:36 PAGE 6   

 279   1      
 280   1          for(pData_EXINT[0] = 0; pData_EXINT[0] < 3; pData_EXINT[0]++)
 281   1          {
 282   2              g_pucHdcp2HmacSha256Input[11 + pData_EXINT[0]] = *(pucHdcp2TxCaps + pData_EXINT[0]);
 283   2          }
 284   1      
 285   1          g_pucHdcp2HmacSha256Input[14] = 0x80;
 286   1      
 287   1          for(pData_EXINT[0] = 0; pData_EXINT[0] < 47; pData_EXINT[0]++)
 288   1          {
 289   2              g_pucHdcp2HmacSha256Input[15 + pData_EXINT[0]] = 0;
 290   2          }
 291   1      
 292   1          g_pucHdcp2HmacSha256Input[62] = 0x02;
 293   1          g_pucHdcp2HmacSha256Input[63] = 0x70;
 294   1      
 295   1          for(pData_EXINT[0] = 0; pData_EXINT[0] < 32; pData_EXINT[0]++)
 296   1          {
 297   2              g_pucHdcp2HmacSha256CipherInput[32 + pData_EXINT[0]] = 0;
 298   2          }
 299   1      
 300   1          if(ScalerHdcp2RxHmacSha256Calculate_EXINT0(g_pucHdcp2HmacSha256Input, g_pucHdcp2HmacSha256CipherInput)
             - == _TRUE)
 301   1          {
 302   2              return _TRUE;
 303   2          }
 304   1      
 305   1          return _FALSE;
 306   1      }
 307          #endif
 308          
 309          //--------------------------------------------------
 310          // Description  : HDCP 2.2 Handler Process
 311          // Input Value  : None
 312          // Output Value : None
 313          //--------------------------------------------------
 314          void ScalerHdcp2Handler(void)
 315          {
 316   1      #if((_D0_DP_EXIST == _ON) && (_DP_HDCP_2_2_SUPPORT == _ON))
 317   1          ScalerDpRx0Hdcp2Handler();
 318   1      #endif
 319   1      
 320   1      #if((_D1_DP_EXIST == _ON) && (_DP_HDCP_2_2_SUPPORT == _ON))
                  ScalerDpRx1Hdcp2Handler();
              #endif
 323   1      
 324   1      #if(_TMDS_HDCP_2_2_SUPPORT == _ON)
 325   1      #if((_D1_INPUT_PORT_TYPE == _D1_HDMI_PORT) || (_D1_INPUT_PORT_TYPE == _D1_MHL_PORT))
                  ScalerTMDSRx1Hdcp2Handler();
              #endif
 328   1      
 329   1      #if((_D2_INPUT_PORT_TYPE == _D2_HDMI_PORT) || (_D2_INPUT_PORT_TYPE == _D2_MHL_PORT))
                  ScalerTMDSRx2Hdcp2Handler();
              #endif
 332   1      
 333   1      #if((_D3_INPUT_PORT_TYPE == _D3_HDMI_PORT) || (_D3_INPUT_PORT_TYPE == _D3_MHL_PORT))
 334   1          ScalerTMDSRx3Hdcp2Handler();
 335   1      #endif
 336   1      
 337   1      #if((_D4_INPUT_PORT_TYPE == _D4_HDMI_PORT) || (_D4_INPUT_PORT_TYPE == _D4_MHL_PORT))
                  ScalerTMDSRx4Hdcp2Handler();
              #endif
C51 COMPILER V9.60.0.0   SCALERCOMMONHDCP2                                                 09/21/2026 15:32:36 PAGE 7   

 340   1      
 341   1      #if((_D5_INPUT_PORT_TYPE == _D5_HDMI_PORT) || (_D5_INPUT_PORT_TYPE == _D5_MHL_PORT))
                  ScalerTMDSRx5Hdcp2Handler();
              #endif
 344   1      #endif
 345   1      }
 346          //--------------------------------------------------
 347          // Description  : HDCP 2.2 Initial Process
 348          // Input Value  : None
 349          // Output Value : None
 350          //--------------------------------------------------
 351          void ScalerHdcp2Initial(void)
 352          {
 353   1          ScalerSetBit(P63_10_HDCP_RSA_CTRL0, ~_BIT3, _BIT3);
 354   1      
 355   1      #if((_D0_DP_EXIST == _ON) && (_DP_HDCP_2_2_SUPPORT == _ON))
 356   1          ///ScalerDPRx0Hdcp2Initial();
 357   1      #endif
 358   1      
 359   1      #if((_D1_DP_EXIST == _ON) && (_DP_HDCP_2_2_SUPPORT == _ON))
                  ///ScalerDPRx1Hdcp2Initial();
              #endif
 362   1      
 363   1      #if(_TMDS_HDCP_2_2_SUPPORT == _ON)
 364   1      #if(((_D1_INPUT_PORT_TYPE == _D1_HDMI_PORT) || (_D1_INPUT_PORT_TYPE == _D1_MHL_PORT)))
                  ScalerTMDSRx1Hdcp2Initial();
              #endif
 367   1      
 368   1      #if((_D2_INPUT_PORT_TYPE == _D2_HDMI_PORT) || (_D2_INPUT_PORT_TYPE == _D2_MHL_PORT))
                  ScalerTMDSRx2Hdcp2Initial();
              #endif
 371   1      
 372   1      #if((_D3_INPUT_PORT_TYPE == _D3_HDMI_PORT) || (_D3_INPUT_PORT_TYPE == _D3_MHL_PORT))
 373   1          ScalerTMDSRx3Hdcp2Initial();
 374   1      #endif
 375   1      
 376   1      #if((_D4_INPUT_PORT_TYPE == _D4_HDMI_PORT) || (_D4_INPUT_PORT_TYPE == _D4_MHL_PORT))
                  ScalerTMDSRx4Hdcp2Initial();
              #endif
 379   1      
 380   1      #if((_D5_INPUT_PORT_TYPE == _D5_HDMI_PORT) || (_D5_INPUT_PORT_TYPE == _D5_MHL_PORT))
                  ScalerTMDSRx5Hdcp2Initial();
              #endif
 383   1      #endif
 384   1      
 385   1      #if((_DP_HDCP_2_2_SUPPORT == _ON) && (_DP_TX_SUPPORT == _ON))
                  ScalerDpTxHdcp2Initial();
              #endif
 388   1      }
 389          //--------------------------------------------------
 390          // Description  : HDCP 2.2 Interrupt Process
 391          // Input Value  : None
 392          // Output Value : None
 393          //--------------------------------------------------
 394          void ScalerHdcp2IntHandler_EXINT0(void) using 1
 395          {
 396   1      #if((_D0_DP_EXIST == _ON) && (_DP_HDCP_2_2_SUPPORT == _ON))
 397   1          ScalerDpRx0Hdcp2Handler_EXINT0();
 398   1      #endif
 399   1      
 400   1      #if((_D1_DP_EXIST == _ON) && (_DP_HDCP_2_2_SUPPORT == _ON))
                  ScalerDpRx1Hdcp2Handler_EXINT0();
C51 COMPILER V9.60.0.0   SCALERCOMMONHDCP2                                                 09/21/2026 15:32:36 PAGE 8   

              #endif
 403   1      
 404   1      #if(_TMDS_HDCP_2_2_SUPPORT == _ON)
 405   1      #if(((_D1_INPUT_PORT_TYPE == _D1_HDMI_PORT) || (_D1_INPUT_PORT_TYPE == _D1_MHL_PORT)))
                  ScalerTMDSRx1Hdcp2IntHandler_EXINT0();
              #endif
 408   1      
 409   1      #if((_D2_INPUT_PORT_TYPE == _D2_HDMI_PORT) || (_D2_INPUT_PORT_TYPE == _D2_MHL_PORT))
                  ScalerTMDSRx2Hdcp2IntHandler_EXINT0();
              #endif
 412   1      
 413   1      #if((_D3_INPUT_PORT_TYPE == _D3_HDMI_PORT) || (_D3_INPUT_PORT_TYPE == _D3_MHL_PORT))
 414   1          ScalerTMDSRx3Hdcp2IntHandler_EXINT0();
 415   1      #endif
 416   1      
 417   1      #if((_D4_INPUT_PORT_TYPE == _D4_HDMI_PORT) || (_D4_INPUT_PORT_TYPE == _D4_MHL_PORT))
                  ScalerTMDSRx4Hdcp2IntHandler_EXINT0();
              #endif
 420   1      
 421   1      #if((_D5_INPUT_PORT_TYPE == _D5_HDMI_PORT) || (_D5_INPUT_PORT_TYPE == _D5_MHL_PORT))
                  ScalerTMDSRx5Hdcp2IntHandler_EXINT0();
              #endif
 424   1      #endif
 425   1      }
 426          //--------------------------------------------------
 427          // Description  : HDCP 2.2 Lprime Calculate in INT
 428          // Input Value  : None
 429          // Output Value : None
 430          //--------------------------------------------------
 431          BYTE ScalerHdcp2LPrimeCalculate_EXINT0(BYTE *pucHdcp2dKey0, BYTE *pucHdcp2dKey1, BYTE *pucHdcp2Rrx, BYTE *
             -pucHdcp2Rn) using 1
 432          {
 433   1          for(pData_EXINT[0] = 0; pData_EXINT[0] < 64; pData_EXINT[0]++)
 434   1          {
 435   2              if(pData_EXINT[0] < 8)
 436   2              {
 437   3                  g_pucHdcp2HmacSha256Input[pData_EXINT[0]] = *(pucHdcp2Rn + pData_EXINT[0]);
 438   3              }
 439   2              else
 440   2              {
 441   3                  g_pucHdcp2HmacSha256Input[pData_EXINT[0]] = 0;
 442   3              }
 443   2          }
 444   1      
 445   1          for(pData_EXINT[0] = 0; pData_EXINT[0] < 64; pData_EXINT[0]++)
 446   1          {
 447   2              if(pData_EXINT[0] < 16)
 448   2              {
 449   3                  g_pucHdcp2HmacSha256CipherInput[pData_EXINT[0]] = *(pucHdcp2dKey0 + pData_EXINT[0]);
 450   3              }
 451   2              else if(pData_EXINT[0] < 32)
 452   2              {
 453   3                  g_pucHdcp2HmacSha256CipherInput[pData_EXINT[0]] = *(pucHdcp2dKey1 + pData_EXINT[0] - 16);
 454   3      
 455   3                  if(pData_EXINT[0] > 23)
 456   3                  {
 457   4                      g_pucHdcp2HmacSha256CipherInput[pData_EXINT[0]] = g_pucHdcp2HmacSha256CipherInput[pData_EX
             -INT[0]] ^ *(pucHdcp2Rrx + pData_EXINT[0] - 24);
 458   4                  }
 459   3              }
 460   2              else
 461   2              {
C51 COMPILER V9.60.0.0   SCALERCOMMONHDCP2                                                 09/21/2026 15:32:36 PAGE 9   

 462   3                  g_pucHdcp2HmacSha256CipherInput[pData_EXINT[0]] = 0;
 463   3              }
 464   2          }
 465   1      
 466   1      
 467   1          g_pucHdcp2HmacSha256Input[8] = 0x80;
 468   1          g_pucHdcp2HmacSha256Input[62] = 0x02;
 469   1          g_pucHdcp2HmacSha256Input[63] = 0x40;
 470   1      
 471   1          if((bit)ScalerHdcp2RxHmacSha256Calculate_EXINT0(g_pucHdcp2HmacSha256Input, g_pucHdcp2HmacSha256CipherI
             -nput) == _TRUE)
 472   1          {
 473   2              return _TRUE;
 474   2          }
 475   1      
 476   1          return _FALSE;
 477   1      }
 478          
 479          //--------------------------------------------------
 480          // Description  : HDCP 2.2 Off-Line AES Ctrl in INT
 481          // Input Value  : None
 482          // Output Value : None
 483          //--------------------------------------------------
 484          void ScalerHdcp2RxAesOfflineCtrl_EXINT0(BYTE *pucInputArray, BYTE *pucCipherArray) using 1
 485          {
 486   1          // HDCP 2.2 Reset
 487   1          ScalerSetBit_EXINT(P63_10_HDCP_RSA_CTRL0, ~_BIT3, 0x00);
 488   1          ScalerSetBit_EXINT(P63_10_HDCP_RSA_CTRL0, ~_BIT3, _BIT3);
 489   1      
 490   1          // AES Random Disable
 491   1          ScalerSetBit_EXINT(P63_60_HDCP_AES_CTRL, ~(_BIT6 | _BIT5), 0x00);
 492   1      
 493   1          // Load Input Value
 494   1          for(pData_EXINT[0] = 0; pData_EXINT[0] < 16; pData_EXINT[0]++)
 495   1          {
 496   2              ScalerSetByte_EXINT((P63_61_HDCP_AES_DATA_IN_15 + pData_EXINT[0]), pucInputArray[pData_EXINT[0]]);
 497   2      
 498   2              ScalerSetByte_EXINT((P63_71_HDCP_AES_CIPHER_KEY_15 + pData_EXINT[0]), pucCipherArray[pData_EXINT[0
             -]]);
 499   2          }
 500   1      
 501   1          // Start AES Calculation
 502   1          ScalerSetBit_EXINT(P63_60_HDCP_AES_CTRL, ~_BIT6, _BIT6);
 503   1      
 504   1          // Wait Finish for AES
 505   1          pData_EXINT[0] = 0xFF;
 506   1          while((ScalerGetBit_EXINT(P63_60_HDCP_AES_CTRL, _BIT6) == _BIT6) && (--pData_EXINT[0] != 0))
 507   1          {
 508   2              DELAY_5US_EXINT();
 509   2          }
 510   1      }
 511          //--------------------------------------------------------------------------------------------------------
             -------------------
 512          // Description  : HDCP 2.2 Down Load RSA Key for Rx Key
 513          // Input Value  : usSubAddr == > start address, usLength == > key Length,
 514          //                pReadArray == > Key Array, ucRSAType == > Key Type
 515          // Output Value : None
 516          //--------------------------------------------------------------------------------------------------------
             -------------------
 517          void ScalerHdcp2RxDownLoadCalculateKey(WORD usSubAddr, WORD usLength, BYTE *pucReadArray, BYTE ucRSAType)
 518          {
 519   1          switch(ucRSAType)
C51 COMPILER V9.60.0.0   SCALERCOMMONHDCP2                                                 09/21/2026 15:32:36 PAGE 10  

 520   1          {
 521   2              case _HDCP_2_2_RSA_D_KEY:
 522   2      
 523   2                  memcpy(&g_stRxHdcp2DownLoadKeyType.pucHdcp2DKey[usSubAddr], pucReadArray, usLength);
 524   2      
 525   2                  break;
 526   2      
 527   2      
 528   2              case _HDCP_2_2_RSA_RRMODN_KEY:
 529   2      
 530   2                  memcpy(&g_stRxHdcp2DownLoadKeyType.pucHdcp2Rrmodn[usSubAddr], pucReadArray, usLength);
 531   2      
 532   2                  break;
 533   2      
 534   2              case _HDCP_2_2_RSA_N_PINV:
 535   2      
 536   2                  memcpy(&g_stRxHdcp2DownLoadKeyType.pucHdcp2Npinv[usSubAddr], pucReadArray, usLength);
 537   2      
 538   2                  break;
 539   2      
 540   2              case _HDCP_2_2_CERT_RX:
 541   2      
 542   2                  memcpy(&g_stRxHdcp2DownLoadKeyType.pucHdcp2Certrx[usSubAddr], pucReadArray, usLength);
 543   2      
 544   2                  break;
 545   2      
 546   2              case _HDCP_2_2_LC:
 547   2      
 548   2                  memcpy(&g_stRxHdcp2DownLoadKeyType.pucHdcp2Lc[usSubAddr], pucReadArray, usLength);
 549   2      
 550   2                  break;
 551   2      
 552   2      #if(_HDCP_2_2_ERRATA_TEST_SUPPORT == _ON)
                      case _HDCP_2_2_KPUB_KM:
              
                          memcpy(&g_stRxHdcp2DownLoadKeyType.pucHdcp2KpubKm[usSubAddr], pucReadArray, usLength);
              
                          break;
              #endif
 559   2      
 560   2              default:
 561   2      
 562   2                  break;
 563   2          }
 564   1      }
 565          //--------------------------------------------------
 566          // Description  : HDCP 2.2 Down Load Rrx Key
 567          // Input Value  : None
 568          // Output Value : None
 569          //--------------------------------------------------
 570          void ScalerHdcp2RxGetRrx_EXINT0(BYTE *pucHdcp2Rrx) using 1
 571          {
 572   1          // Load Rrx to Read SRAM
 573   1          pucHdcp2Rrx[0] = ScalerGetByte_EXINT(P63_89_HDCP_AES_OUT_7);
 574   1          pucHdcp2Rrx[1] = ScalerGetByte_EXINT(P63_8A_HDCP_AES_OUT_6);
 575   1          pucHdcp2Rrx[2] = ScalerGetByte_EXINT(P63_8B_HDCP_AES_OUT_5);
 576   1          pucHdcp2Rrx[3] = ScalerGetByte_EXINT(P63_8C_HDCP_AES_OUT_4);
 577   1          pucHdcp2Rrx[4] = ScalerGetByte_EXINT(P63_8D_HDCP_AES_OUT_3);
 578   1          pucHdcp2Rrx[5] = ScalerGetByte_EXINT(P63_8E_HDCP_AES_OUT_2);
 579   1          pucHdcp2Rrx[6] = ScalerGetByte_EXINT(P63_8F_HDCP_AES_OUT_1);
 580   1          pucHdcp2Rrx[7] = ScalerGetByte_EXINT(P63_90_HDCP_AES_OUT_0);
 581   1      }
C51 COMPILER V9.60.0.0   SCALERCOMMONHDCP2                                                 09/21/2026 15:32:36 PAGE 11  

 582          //--------------------------------------------------
 583          // Description  : HDCP 2.2 HMACSHA 256 Calculate IN INT
 584          // Input Value  : None
 585          // Output Value : None
 586          //--------------------------------------------------
 587          BYTE ScalerHdcp2RxHmacSha256Calculate_EXINT0(BYTE *pucInputArray1, BYTE *pucInputArray2) using 1
 588          {
 589   1          for(pData_EXINT[1] = 0; pData_EXINT[1] < 64; pData_EXINT[1]++)
 590   1          {
 591   2              // K0 XOR ipad = 512 bit
 592   2              *(pucInputArray2 + pData_EXINT[1]) = *(pucInputArray2 + pData_EXINT[1]) ^ 0x36;
 593   2          }
 594   1      
 595   1          // Calculate SHA256((K0 XOR ipad) || text)
 596   1          if(ScalerHdcp2RxSha256Calculate_EXINT0(pucInputArray2, 0) == _TRUE)
 597   1          {
 598   2              if(ScalerHdcp2RxSha256Calculate_EXINT0(pucInputArray1, 1) == _TRUE)
 599   2              {
 600   3                  // KO XOR opad
 601   3                  for(pData_EXINT[1] = 0; pData_EXINT[1] < 64; pData_EXINT[1]++)
 602   3                  {
 603   4                      *(pucInputArray2 + pData_EXINT[1]) = (*(pucInputArray2 + pData_EXINT[1]) ^ 0x36) ^ 0x5C;
 604   4                  }
 605   3      
 606   3                  for(pData_EXINT[1] = 0; pData_EXINT[1] < 64; pData_EXINT[1]++)
 607   3                  {
 608   4                      if(pData_EXINT[1] < 32)
 609   4                      {
 610   5                          *(pucInputArray1 + pData_EXINT[1]) = ScalerGetByte_EXINT(P63_35_HDCP_SHA_0 + pData_EXI
             -NT[1]);
 611   5                      }
 612   4                      else
 613   4                      {
 614   5                          *(pucInputArray1 + pData_EXINT[1]) = 0;
 615   5                      }
 616   4                  }
 617   3      
 618   3                  *(pucInputArray1 + 32) = 0x80;
 619   3                  *(pucInputArray1 + 62) = 0x03;
 620   3      
 621   3                  // SHA256((KO XOR opad) || SHA256(KO XOR ipad) || text)
 622   3                  if(ScalerHdcp2RxSha256Calculate_EXINT0(pucInputArray2, 0) == _TRUE)
 623   3                  {
 624   4                      if(ScalerHdcp2RxSha256Calculate_EXINT0(pucInputArray1, 1) == _TRUE)
 625   4                      {
 626   5                          return _TRUE;
 627   5                      }
 628   4                  }
 629   3              }
 630   2          }
 631   1      
 632   1          return _FALSE;
 633   1      }
 634          //--------------------------------------------------
 635          // Description  : HDCP 2.2 Pairing Calculate
 636          // Input Value  : None
 637          // Output Value : None
 638          //--------------------------------------------------
 639          bit ScalerHdcp2RxPairingCalculate(BYTE *pucHdcp2KPriv, BYTE ucIndex)
 640          {
 641   1          // Disable HDCP 2.2 Software Reset
 642   1          ScalerSetBit(P63_10_HDCP_RSA_CTRL0, ~_BIT3, _BIT3);
C51 COMPILER V9.60.0.0   SCALERCOMMONHDCP2                                                 09/21/2026 15:32:36 PAGE 12  

 643   1      
 644   1          // Calculate Kh = SHA256(Kprivrx), Need 3 SHA256 Block
 645   1          if(ucIndex < 5)
 646   1          {
 647   2              ScalerHdcp2RxSha256Calculate(pucHdcp2KPriv, ucIndex);
 648   2              return _TRUE;
 649   2          }
 650   1          else
 651   1          {
 652   2              pucHdcp2KPriv[0] = 0x80;
 653   2              memset(&pucHdcp2KPriv[1], 0, 63);
 654   2              pucHdcp2KPriv[62] = 0x0A;
 655   2      
 656   2              if(ScalerHdcp2RxSha256Calculate(pucHdcp2KPriv, ucIndex) == _TRUE)
 657   2              {
 658   3                  memcpy(g_pucHdcp2Kh, (volatile BYTE xdata *)(P63_35_HDCP_SHA_0 + 16), 16);
 659   3                  return _TRUE;
 660   3              }
 661   2              else
 662   2              {
 663   3                  DebugMessageHDCP2("HDCP2 Pairing Fail", 0x00);
 664   3                  return _FALSE;
 665   3              }
 666   2          }
 667   1      }
 668          //--------------------------------------------------
 669          // Description  : HDCP 2.2 SHA 256 Calculate
 670          // Input Value  : None
 671          // Output Value : None
 672          //--------------------------------------------------
 673          bit ScalerHdcp2RxSha256Calculate(BYTE *pucInputArray, BYTE ucCalCount)
 674          {
 675   1          BYTE ucLoopIndex = 0;
 676   1      
 677   1          // Set 1, Then Set 0 for Reset SHA256 Module
 678   1          ScalerSetBit(P63_30_HDCP_SHA_CONTRL, ~_BIT3, _BIT3);
 679   1      
 680   1          ScalerSetBit(P63_30_HDCP_SHA_CONTRL, ~_BIT3, 0x00);
 681   1      
 682   1          // Write SHA256 Input Data, Total 512 bits
 683   1          for(pData[1] = 0; pData[1] < 16; pData[1]++)
 684   1          {
 685   2              ScalerSetByte(P63_31_HDCP_SHA_DATA1, pucInputArray[pData[1] * 4]);
 686   2              ScalerSetByte(P63_32_HDCP_SHA_DATA2, pucInputArray[1 + pData[1] * 4]);
 687   2              ScalerSetByte(P63_33_HDCP_SHA_DATA3, pucInputArray[2 + pData[1] * 4]);
 688   2              ScalerSetByte(P63_34_HDCP_SHA_DATA4, pucInputArray[3 + pData[1] * 4]);
 689   2      
 690   2              // Inform HW SHA data Has been set first 32 bit
 691   2              ScalerSetBit(P63_30_HDCP_SHA_CONTRL, ~_BIT0, _BIT0);
 692   2      
 693   2              // Delay(810ns) for HW SHA data write_in
 694   2              for(ucLoopIndex = 0; ucLoopIndex < 1; ucLoopIndex ++)
 695   2              {
 696   3                  _nop_();
 697   3              }
 698   2          }
 699   1      
 700   1          if(ucCalCount == 0)
 701   1          {
 702   2              // Set First Calculate
 703   2              ScalerSetBit(P63_30_HDCP_SHA_CONTRL, ~(_BIT2 | _BIT1), _BIT1);
 704   2      
C51 COMPILER V9.60.0.0   SCALERCOMMONHDCP2                                                 09/21/2026 15:32:36 PAGE 13  

 705   2              // Enable SHA256 Calculate
 706   2              ScalerSetBit(P63_30_HDCP_SHA_CONTRL, ~_BIT2, _BIT2);
 707   2          }
 708   1          else
 709   1          {
 710   2              // Disable First Calculate
 711   2              ScalerSetBit(P63_30_HDCP_SHA_CONTRL, ~(_BIT2 | _BIT1), 0x00);
 712   2      
 713   2              // Enable SHA256 Calculate
 714   2              ScalerSetBit(P63_30_HDCP_SHA_CONTRL, ~_BIT2, _BIT2);
 715   2          }
 716   1      
 717   1          // Polling 10ms for HDCP Sha Done
 718   1          if(ScalerTimerPollingFlagProc(10, P63_30_HDCP_SHA_CONTRL, _BIT4, _TRUE) == _TRUE)
 719   1          {
 720   2              return _TRUE;
 721   2          }
 722   1      
 723   1          return _FALSE;
 724   1      }
 725          //--------------------------------------------------
 726          // Description  : HDCP 2.2 SHA 256 Calculate in INT
 727          // Input Value  : None
 728          // Output Value : None
 729          //--------------------------------------------------
 730          BYTE ScalerHdcp2RxSha256Calculate_EXINT0(BYTE *pucInputArray, BYTE ucCalCount) using 1
 731          {
 732   1          BYTE ucLoopIndex = 0;
 733   1      
 734   1          // Set 1, Then Set 0 for Reset SHA256 Module
 735   1          ScalerSetBit_EXINT(P63_30_HDCP_SHA_CONTRL, ~_BIT3, _BIT3);
 736   1      
 737   1          ScalerSetBit_EXINT(P63_30_HDCP_SHA_CONTRL, ~_BIT3, 0x00);
 738   1      
 739   1          // Write SHA256 Input Data, Total 512 bits
 740   1          for(pData_EXINT[1] = 0; pData_EXINT[1] < 16; pData_EXINT[1]++)
 741   1          {
 742   2              ScalerSetByte_EXINT(P63_31_HDCP_SHA_DATA1, pucInputArray[pData_EXINT[1] * 4]);
 743   2              ScalerSetByte_EXINT(P63_32_HDCP_SHA_DATA2, pucInputArray[1 + pData_EXINT[1] * 4]);
 744   2              ScalerSetByte_EXINT(P63_33_HDCP_SHA_DATA3, pucInputArray[2 + pData_EXINT[1] * 4]);
 745   2              ScalerSetByte_EXINT(P63_34_HDCP_SHA_DATA4, pucInputArray[3 + pData_EXINT[1] * 4]);
 746   2      
 747   2              // Inform HW SHA data Has been set first 32 bit
 748   2              ScalerSetBit_EXINT(P63_30_HDCP_SHA_CONTRL, ~_BIT0, _BIT0);
 749   2      
 750   2              // Delay(810ns) for HW SHA data write_in
 751   2              for(ucLoopIndex = 0; ucLoopIndex < 1; ucLoopIndex ++)
 752   2              {
 753   3                  _nop_();
 754   3              }
 755   2          }
 756   1      
 757   1          if(ucCalCount == 0)
 758   1          {
 759   2              // Set First Calculate
 760   2              ScalerSetBit_EXINT(P63_30_HDCP_SHA_CONTRL, ~(_BIT2 | _BIT1), _BIT1);
 761   2      
 762   2              // Enable SHA256 Calculate
 763   2              ScalerSetBit_EXINT(P63_30_HDCP_SHA_CONTRL, ~_BIT2, _BIT2);
 764   2          }
 765   1          else
 766   1          {
C51 COMPILER V9.60.0.0   SCALERCOMMONHDCP2                                                 09/21/2026 15:32:36 PAGE 14  

 767   2              // Disable First Calculate
 768   2              ScalerSetBit_EXINT(P63_30_HDCP_SHA_CONTRL, ~(_BIT2 | _BIT1), 0x00);
 769   2      
 770   2              // Enable SHA256 Calculate
 771   2              ScalerSetBit_EXINT(P63_30_HDCP_SHA_CONTRL, ~_BIT2, _BIT2);
 772   2          }
 773   1      
 774   1          // Polling 10ms for HDCP Sha Done
 775   1          if(ScalerTimerPollingFlagProc_EXINT0(10, P63_30_HDCP_SHA_CONTRL, _BIT4, _TRUE) == _TRUE)
 776   1          {
 777   2              return _TRUE;
 778   2          }
 779   1      
 780   1          return _FALSE;
 781   1      }
 782          
 783          //--------------------------------------------------
 784          // Description  : Get psudo-random Rrx Key for HDCP 2.2
 785          // Input Value  : None
 786          // Output Value : None
 787          //--------------------------------------------------
 788          void ScalerHdcp2RxGenRrx_EXINT0(BYTE *pucInputArray) using 1
 789          {
 790   1          BYTE ucDelayXus_Cnt = 0x00;
 791   1          BYTE ucLoop = 0x00;
 792   1          BYTE ucDelay = 0x00;
 793   1      
 794   1          do
 795   1          {
 796   2              // Rrx Gen
 797   2              // Enable AES Random Gen
 798   2              ScalerSetBit_EXINT(P63_60_HDCP_AES_CTRL, ~(_BIT6 | _BIT5), (_BIT5));
 799   2      
 800   2              // AES Trigger
 801   2              ScalerSetBit_EXINT(P63_60_HDCP_AES_CTRL, ~_BIT6, _BIT6);
 802   2      
 803   2              // Delay [1, x]ms Randon Time
 804   2              ucDelayXus_Cnt = ((5 * (TL2 >> 2)) % 1000) >> 2;
 805   2              do
 806   2              {
 807   3                  DELAY_5US_EXINT();
 808   3              }
 809   2              while(ucDelayXus_Cnt--);
 810   2      
 811   2              // Wait Finish for AES Random Gen
 812   2              ucDelay = 0x0A;
 813   2      
 814   2              while((ScalerGetBit_EXINT(P63_60_HDCP_AES_CTRL, _BIT6) == _BIT6) && ((--ucDelay) != 0))
 815   2              {
 816   3                  DELAY_5US_EXINT();
 817   3              }
 818   2      
 819   2              // Disable AES Random Gen
 820   2              SET_HDCP2_2_RANDOM_GENERATOR_DISABLE_EXINT();
 821   2      
 822   2              // Get Rrx from HW (MSB located at index 0)
 823   2              ScalerHdcp2RxGetRrx_EXINT0(pucInputArray);
 824   2      
 825   2              if((memcmp(pucInputArray, g_pucDpHdcp2RrxErrta0, 8) != 0x00) && (memcmp(pucInputArray, g_pucDpHdcp
             -2RrxErrta1, 8) != 0x00))
 826   2              {
 827   3                  break;
C51 COMPILER V9.60.0.0   SCALERCOMMONHDCP2                                                 09/21/2026 15:32:36 PAGE 15  

 828   3              }
 829   2              else
 830   2              {
 831   3                  ucLoop++;
 832   3              }
 833   2          }
 834   1          while(ucLoop < 3);
 835   1      
 836   1          if(ucLoop == 0x03)
 837   1          {
 838   2              // Force Assign a default Rrx Key
 839   2              pucInputArray[0] = 0x11;
 840   2              pucInputArray[1] = 0x22;
 841   2              pucInputArray[2] = 0x33;
 842   2              pucInputArray[3] = 0x44;
 843   2              pucInputArray[4] = 0x55;
 844   2              pucInputArray[5] = 0x66;
 845   2              pucInputArray[6] = 0x77;
 846   2              pucInputArray[7] = 0x88;
 847   2          }
 848   1      }
 849          
 850          #if(_WD_TIMER_INT_SUPPORT == _ON)
 851          //--------------------------------------------------
 852          // Description  : HDCP 2.2 Dkey Calculate in WDINT
 853          // Input Value  : None
 854          // Output Value : None
 855          //--------------------------------------------------
 856          void ScalerHdcp2DkeyCalculate_WDINT(BYTE ucDkeyCount, BYTE *pucHdcp2Rtx, BYTE *pucHdcp2Rrx, BYTE *pucHdcp2
             -Km, BYTE *pucHdcp2Rn) using 3
 857          {
 858   1          switch(ucDkeyCount)
 859   1          {
 860   2              case _HDCP_2_2_DKEY_0:
 861   2      
 862   2                  // Initial AES Input Value
 863   2                  for(pData_EXINT[0] = 0; pData_EXINT[0] < 8; pData_EXINT[0]++)
 864   2                  {
 865   3                      g_pucHdcp2AesInput[pData_EXINT[0]] = *(pucHdcp2Rtx + pData_EXINT[0]);
 866   3                  }
 867   2      
 868   2                  for(pData_EXINT[0] = 0; pData_EXINT[0] < 8; pData_EXINT[0]++)
 869   2                  {
 870   3                      g_pucHdcp2AesInput[8 + pData_EXINT[0]] = *(pucHdcp2Rrx + pData_EXINT[0]);
 871   3                  }
 872   2      
 873   2                  for(pData_EXINT[0] = 0; pData_EXINT[0] < 16; pData_EXINT[0]++)
 874   2                  {
 875   3                      g_pucHdcp2AesCipherInput[pData_EXINT[0]] = *(pucHdcp2Km + pData_EXINT[0]);
 876   3                  }
 877   2      
 878   2                  // AES Calculate
 879   2                  ScalerHdcp2RxAesOfflineCtrl_WDINT(g_pucHdcp2AesInput, g_pucHdcp2AesCipherInput);
 880   2      
 881   2                  break;
 882   2      
 883   2              case _HDCP_2_2_DKEY_1:
 884   2      
 885   2                  // Initial AES Input Value
 886   2                  for(pData_EXINT[0] = 0; pData_EXINT[0] < 8; pData_EXINT[0]++)
 887   2                  {
 888   3                      g_pucHdcp2AesInput[pData_EXINT[0]] = *(pucHdcp2Rtx + pData_EXINT[0]);
C51 COMPILER V9.60.0.0   SCALERCOMMONHDCP2                                                 09/21/2026 15:32:36 PAGE 16  

 889   3                  }
 890   2      
 891   2                  for(pData_EXINT[0] = 0; pData_EXINT[0] < 7; pData_EXINT[0]++)
 892   2                  {
 893   3                      g_pucHdcp2AesInput[8 + pData_EXINT[0]] = *(pucHdcp2Rrx + pData_EXINT[0]);
 894   3                  }
 895   2      
 896   2                  g_pucHdcp2AesInput[15] = *(pucHdcp2Rrx + 7) ^ 0x01;
 897   2      
 898   2                  for(pData_EXINT[0] = 0; pData_EXINT[0] < 16; pData_EXINT[0]++)
 899   2                  {
 900   3                      g_pucHdcp2AesCipherInput[pData_EXINT[0]] = *(pucHdcp2Km + pData_EXINT[0]);
 901   3                  }
 902   2      
 903   2                  // AES Calculate
 904   2                  ScalerHdcp2RxAesOfflineCtrl_WDINT(g_pucHdcp2AesInput, g_pucHdcp2AesCipherInput);
 905   2      
 906   2                  break;
 907   2      
 908   2              case _HDCP_2_2_DKEY_2:
 909   2      
 910   2                  // Initial AES Input Value
 911   2                  for(pData_EXINT[0] = 0; pData_EXINT[0] < 8; pData_EXINT[0]++)
 912   2                  {
 913   3                      g_pucHdcp2AesInput[pData_EXINT[0]] = *(pucHdcp2Rtx + pData_EXINT[0]);
 914   3                  }
 915   2      
 916   2                  for(pData_EXINT[0] = 0; pData_EXINT[0] < 7; pData_EXINT[0]++)
 917   2                  {
 918   3                      g_pucHdcp2AesInput[8 + pData_EXINT[0]] = *(pucHdcp2Rrx + pData_EXINT[0]);
 919   3                  }
 920   2      
 921   2                  g_pucHdcp2AesInput[15] = *(pucHdcp2Rrx + 7) ^ 0x02;
 922   2      
 923   2                  for(pData_EXINT[0] = 0; pData_EXINT[0] < 8; pData_EXINT[0]++)
 924   2                  {
 925   3                      g_pucHdcp2AesCipherInput[pData_EXINT[0]] = *(pucHdcp2Km + pData_EXINT[0]);
 926   3                  }
 927   2      
 928   2                  for(pData_EXINT[0] = 8; pData_EXINT[0] < 16; pData_EXINT[0]++)
 929   2                  {
 930   3                      g_pucHdcp2AesCipherInput[pData_EXINT[0]] = *(pucHdcp2Km + pData_EXINT[0]) ^ *(pucHdcp2Rn +
             - pData_EXINT[0] - 8);
 931   3                  }
 932   2      
 933   2                  // AES Calculate
 934   2                  ScalerHdcp2RxAesOfflineCtrl_WDINT(g_pucHdcp2AesInput, g_pucHdcp2AesCipherInput);
 935   2      
 936   2                  break;
 937   2      
 938   2              default:
 939   2      
 940   2                  break;
 941   2          }
 942   1      }
 943          
 944          #if((_TMDS_HDCP_2_2_SUPPORT == _ON) && (_HDMI_PORT_EXIST == _ON))
 945          //--------------------------------------------------
 946          // Description  : Check RSA Available or Not
 947          // Input Value  : None
 948          // Output Value : _TRUE or _FALSE
 949          //--------------------------------------------------
C51 COMPILER V9.60.0.0   SCALERCOMMONHDCP2                                                 09/21/2026 15:32:36 PAGE 17  

 950          BYTE ScalerHdcp2RsaAvailable_WDINT(void) using 3
 951          {
 952   1          // (M2PLL Power ON) && (GDI Clock is M2PLL)
 953   1          if((ScalerGetBit_EXINT(P1_E5_M2PLL_WD, _BIT0) == 0x00) && (ScalerGetBit_EXINT(P80_06_GDI_CLK_DIVIDER, 
             -_BIT4) == _BIT4))
 954   1          {
 955   2              return _TRUE;
 956   2          }
 957   1      
 958   1          return _FALSE;
 959   1      }
 960          #endif
 961          
 962          //--------------------------------------------------
 963          // Description  : HDCP 2.2 Off-Line AES Ctrl in WDINT
 964          // Input Value  : None
 965          // Output Value : None
 966          //--------------------------------------------------
 967          void ScalerHdcp2RxAesOfflineCtrl_WDINT(BYTE *pucInputArray, BYTE *pucCipherArray) using 3
 968          {
 969   1          // HDCP 2.2 Reset
 970   1          ScalerSetBit_EXINT(P63_10_HDCP_RSA_CTRL0, ~_BIT3, 0x00);
 971   1          ScalerSetBit_EXINT(P63_10_HDCP_RSA_CTRL0, ~_BIT3, _BIT3);
 972   1      
 973   1          // AES Random Disable
 974   1          ScalerSetBit_EXINT(P63_60_HDCP_AES_CTRL, ~(_BIT6 | _BIT5), 0x00);
 975   1      
 976   1          // Load Input Value
 977   1          for(pData_EXINT[0] = 0; pData_EXINT[0] < 16; pData_EXINT[0]++)
 978   1          {
 979   2              ScalerSetByte_EXINT((P63_61_HDCP_AES_DATA_IN_15 + pData_EXINT[0]), pucInputArray[pData_EXINT[0]]);
 980   2      
 981   2              ScalerSetByte_EXINT((P63_71_HDCP_AES_CIPHER_KEY_15 + pData_EXINT[0]), pucCipherArray[pData_EXINT[0
             -]]);
 982   2          }
 983   1      
 984   1          // Start AES Calculation
 985   1          ScalerSetBit_EXINT(P63_60_HDCP_AES_CTRL, ~_BIT6, _BIT6);
 986   1      
 987   1          // Wait Finish for AES
 988   1          pData_EXINT[0] = 0xFF;
 989   1          while((ScalerGetBit_EXINT(P63_60_HDCP_AES_CTRL, _BIT6) == _BIT6) && (--pData_EXINT[0] != 0))
 990   1          {
 991   2              DELAY_5US_EXINT();
 992   2          }
 993   1      }
 994          
 995          #endif
 996          
 997          #if((_DP_HDCP_2_2_SUPPORT == _ON) || (_HDCP_2_2_ERRATA_TEST_SUPPORT == _ON))
 998          //--------------------------------------------------
 999          // Description  : HDCP 2.2 Dkey Calculate
1000          // Input Value  : None
1001          // Output Value : None
1002          //--------------------------------------------------
1003          void ScalerHdcp2DkeyCalculate(BYTE ucDkeyCount, BYTE *pucHdcp2Rtx, BYTE *pucHdcp2Rrx, BYTE *pucHdcp2Km, BY
             -TE *pucHdcp2Rn)
1004          {
1005   1          BYTE pucAESInput[16];
1006   1          BYTE pucAESCipherInput[16];
1007   1      
1008   1          memset(pucAESInput, 0, sizeof(pucAESInput));
C51 COMPILER V9.60.0.0   SCALERCOMMONHDCP2                                                 09/21/2026 15:32:36 PAGE 18  

1009   1          memset(pucAESCipherInput, 0, sizeof(pucAESCipherInput));
1010   1      
1011   1          switch(ucDkeyCount)
1012   1          {
1013   2              case _HDCP_2_2_DKEY_0:
1014   2      
1015   2                  // Initial AES Input Value
1016   2                  memcpy(pucAESInput, pucHdcp2Rtx, 8);
1017   2                  memcpy(&pucAESInput[8], pucHdcp2Rrx, 8);
1018   2                  memcpy(pucAESCipherInput, pucHdcp2Km, 16);
1019   2      
1020   2                  // AES Calculate
1021   2                  ScalerHdcp2RxAesOfflineCtrl(pucAESInput, pucAESCipherInput);
1022   2      
1023   2                  break;
1024   2      
1025   2              case _HDCP_2_2_DKEY_1:
1026   2      
1027   2                  // Initial AES Input Value
1028   2                  memcpy(pucAESInput, pucHdcp2Rtx, 8);
1029   2                  memcpy(&pucAESInput[8], pucHdcp2Rrx, 7);
1030   2                  pucAESInput[15] = *(pucHdcp2Rrx + 7) ^ 0x01;
1031   2                  memcpy(pucAESCipherInput, pucHdcp2Km, 16);
1032   2      
1033   2                  // AES Calculate
1034   2                  ScalerHdcp2RxAesOfflineCtrl(pucAESInput, pucAESCipherInput);
1035   2      
1036   2                  break;
1037   2      
1038   2              case _HDCP_2_2_DKEY_2:
1039   2      
1040   2                  // Initial AES Input Value
1041   2                  memcpy(pucAESInput, pucHdcp2Rtx, 8);
1042   2                  memcpy(&pucAESInput[8], pucHdcp2Rrx, 7);
1043   2                  pucAESInput[15] = *(pucHdcp2Rrx + 7) ^ 0x02;
1044   2      
1045   2                  memcpy(pucAESCipherInput, pucHdcp2Km, 8);
1046   2      
1047   2                  for(pData[0] = 8; pData[0] < 16; pData[0]++)
1048   2                  {
1049   3                      pucAESCipherInput[pData[0]] = *(pucHdcp2Km + pData[0]) ^ *(pucHdcp2Rn + pData[0] - 8);
1050   3                  }
1051   2      
1052   2                  // AES Calculate
1053   2                  ScalerHdcp2RxAesOfflineCtrl(pucAESInput, pucAESCipherInput);
1054   2      
1055   2                  break;
1056   2      
1057   2              default:
1058   2      
1059   2                  break;
1060   2          }
1061   1      }
1062          //--------------------------------------------------
1063          // Description  : HDCP 2.2 Hprime Calculate
1064          // Input Value  : None
1065          // Output Value : None
1066          //--------------------------------------------------
1067          bit ScalerHdcp2HPrimeCalculate(BYTE *pucHdcp2dKey0, BYTE *pucHdcp2dKey1, BYTE *pucHdcp2Rtx, BYTE *pucHdcp2
             -TxCaps, BYTE *pucHdcp2RxCaps)
1068          {
1069   1          BYTE pucHMACSHA256Input[64];
C51 COMPILER V9.60.0.0   SCALERCOMMONHDCP2                                                 09/21/2026 15:32:36 PAGE 19  

1070   1          BYTE pucHMACSHA256CipherInput[64];
1071   1      
1072   1          memset(pucHMACSHA256Input, 0, sizeof(pucHMACSHA256Input));
1073   1          memset(pucHMACSHA256CipherInput, 0, sizeof(pucHMACSHA256CipherInput));
1074   1      
1075   1          // H = HMAC-SHA256(rtx || RxCaps || TxCaps, kd)
1076   1          // HMAC(text) = HMAC(K, text) = SHA256((K0 XOR opad) || SHA256((KO XOR ipad) || text))
1077   1          // Calculate SHA256((KO XOR ipad) || text)
1078   1      
1079   1          memcpy(pucHMACSHA256CipherInput, pucHdcp2dKey0, 16);
1080   1          memcpy(&pucHMACSHA256CipherInput[16], pucHdcp2dKey1, 16);
1081   1          memcpy(pucHMACSHA256Input, pucHdcp2Rtx, 8);
1082   1          memcpy(&pucHMACSHA256Input[8], pucHdcp2RxCaps, 3);
1083   1          memcpy(&pucHMACSHA256Input[11], pucHdcp2TxCaps, 3);
1084   1          pucHMACSHA256Input[14] = 0x80;
1085   1          memset(&pucHMACSHA256Input[15], 0, 47);
1086   1          pucHMACSHA256Input[62] = 0x02;
1087   1          pucHMACSHA256Input[63] = 0x70;
1088   1      
1089   1          memset(&pucHMACSHA256CipherInput[32], 0, 32);
1090   1      
1091   1          if(ScalerHdcp2RxHmacSha256Calculate(pucHMACSHA256Input, pucHMACSHA256CipherInput) == _TRUE)
1092   1          {
1093   2              return _TRUE;
1094   2          }
1095   1      
1096   1          return _FALSE;
1097   1      }
1098          //--------------------------------------------------
1099          // Description  : HDCP 2.2 Off-Line AES Ctrl
1100          // Input Value  : None
1101          // Output Value : None
1102          //--------------------------------------------------
1103          void ScalerHdcp2RxAesOfflineCtrl(BYTE *pucInputArray, BYTE *pucCipherArray)
1104          {
1105   1          BYTE ucDelayTemp = 0xFF;
1106   1      
1107   1          // HDCP 2.2 Reset
1108   1          ScalerSetBit(P63_10_HDCP_RSA_CTRL0, ~_BIT3, 0x00);
1109   1          ScalerSetBit(P63_10_HDCP_RSA_CTRL0, ~_BIT3, _BIT3);
1110   1      
1111   1          // AES Random Disable
1112   1          ScalerSetBit(P63_60_HDCP_AES_CTRL, ~(_BIT6 | _BIT5), 0x00);
1113   1      
1114   1          // Load Input Value
1115   1          for(pData[0] = 0; pData[0] < 16; pData[0]++)
1116   1          {
1117   2              ScalerSetByte((P63_61_HDCP_AES_DATA_IN_15 + pData[0]), pucInputArray[pData[0]]);
1118   2      
1119   2              ScalerSetByte((P63_71_HDCP_AES_CIPHER_KEY_15 + pData[0]), pucCipherArray[pData[0]]);
1120   2          }
1121   1      
1122   1          // Start AES Calculation
1123   1          ScalerSetBit(P63_60_HDCP_AES_CTRL, ~_BIT6, _BIT6);
1124   1      
1125   1          // Wait Finish for AES
1126   1          while((ScalerGetBit(P63_60_HDCP_AES_CTRL, _BIT6) == _BIT6) && (--ucDelayTemp != 0))
1127   1          {
1128   2              DELAY_5US();
1129   2          }
1130   1      }
1131          //--------------------------------------------------
C51 COMPILER V9.60.0.0   SCALERCOMMONHDCP2                                                 09/21/2026 15:32:36 PAGE 20  

1132          // Description  : HDCP 2.2 HMACSHA 256 Calculate
1133          // Input Value  : None
1134          // Output Value : None
1135          //--------------------------------------------------
1136          bit ScalerHdcp2RxHmacSha256Calculate(BYTE *pucInputArray1, BYTE *pucInputArray2)
1137          {
1138   1          for(pData[0] = 0; pData[0] < 64; pData[0]++)
1139   1          {
1140   2              // K0 XOR ipad = 512 bit
1141   2              // pInputArray2[pData[0]] = pInputArray2[pData[0]] ^ 0x36;
1142   2              *(pucInputArray2 + pData[0]) = *(pucInputArray2 + pData[0]) ^ 0x36;
1143   2          }
1144   1      
1145   1          // Calculate SHA256((K0 XOR ipad) || text)
1146   1          if(ScalerHdcp2RxSha256Calculate(pucInputArray2, 0) == _TRUE)
1147   1          {
1148   2              if(ScalerHdcp2RxSha256Calculate(pucInputArray1, 1) == _TRUE)
1149   2              {
1150   3                  // KO XOR opad
1151   3                  for(pData[0] = 0; pData[0] < 64; pData[0]++)
1152   3                  {
1153   4                      // pInputArray2[pData[0]] = (pInputArray2[pData[0]] ^ 0x36) ^ 0x5C;
1154   4                      *(pucInputArray2 + pData[0]) = (*(pucInputArray2 + pData[0]) ^ 0x36) ^ 0x5C;
1155   4                  }
1156   3      
1157   3                  memcpy(pucInputArray1, (volatile BYTE xdata *)P63_35_HDCP_SHA_0, 32);
1158   3                  memset(pucInputArray1 + 32, 0, 32);
1159   3                  *(pucInputArray1 + 32) = 0x80;
1160   3                  *(pucInputArray1 + 62) = 0x03;
1161   3      
1162   3                  // SHA256((KO XOR opad) || SHA256(KO XOR ipad) || text)
1163   3                  if(ScalerHdcp2RxSha256Calculate(pucInputArray2, 0) == _TRUE)
1164   3                  {
1165   4                      if(ScalerHdcp2RxSha256Calculate(pucInputArray1, 1) == _TRUE)
1166   4                      {
1167   5                          return _TRUE;
1168   5                      }
1169   4                  }
1170   3              }
1171   2          }
1172   1      
1173   1          return _FALSE;
1174   1      }
1175          
1176          #if(_DP_MST_SUPPORT == _ON)
              //--------------------------------------------------
              // Description  : HDCP 2.2 HMACSHA 256 Calculate
              // Input Value  : None
              // Output Value : None
              //--------------------------------------------------
              bit ScalerHdcp2RepeaterLPrimeHmacSha256Calculate(BYTE *pucInputArray1, BYTE *pucInputArray2, BYTE *pucInpu
             -tArray3)
              {
                  for(pData[0] = 0; pData[0] < 64; pData[0]++)
                  {
                      // K0 XOR ipad = 512 bit
                      // pInputArray2[pData[0]] = pInputArray2[pData[0]] ^ 0x36;
                      *(pucInputArray3 + pData[0]) = *(pucInputArray3 + pData[0]) ^ 0x36;
                  }
              
                  // Calculate SHA256((K0 XOR ipad) || text)
                  if(ScalerHdcp2RxSha256Calculate(pucInputArray3, 0) == _TRUE)
C51 COMPILER V9.60.0.0   SCALERCOMMONHDCP2                                                 09/21/2026 15:32:36 PAGE 21  

                  {
                      if(ScalerHdcp2RxSha256Calculate(pucInputArray1, 1) == _TRUE)
                      {
                          if(ScalerHdcp2RxSha256Calculate(pucInputArray2, 1) == _TRUE)
                          {
                              // KO XOR opad
                              for(pData[0] = 0; pData[0] < 64; pData[0]++)
                              {
                                  // pInputArray2[pData[0]] = (pInputArray2[pData[0]] ^ 0x36) ^ 0x5C;
                                  *(pucInputArray3 + pData[0]) = (*(pucInputArray3 + pData[0]) ^ 0x36) ^ 0x5C;
                              }
              
                              memcpy(pucInputArray1, (volatile BYTE xdata *)P63_35_HDCP_SHA_0, 32);
                              memset(pucInputArray1 + 32, 0, 32);
                              *(pucInputArray1 + 32) = 0x80;
                              *(pucInputArray1 + 62) = 0x03;
              
                              // SHA256((KO XOR opad) || SHA256(KO XOR ipad) || text)
                              if(ScalerHdcp2RxSha256Calculate(pucInputArray3, 0) == _TRUE)
                              {
                                  if(ScalerHdcp2RxSha256Calculate(pucInputArray1, 1) == _TRUE)
                                  {
                                      return _TRUE;
                                  }
                              }
                          }
                      }
                  }
              
                  return _FALSE;
              }
              
              //--------------------------------------------------
              // Description  : HDCP 2.2 Repeater Lprime Calculate
              // Input Value  : None
              // Output Value : None
              //--------------------------------------------------
              bit ScalerHdcp2RepeaterLPrimeCalculate(BYTE *pucHdcp2dKey0, BYTE *pucHdcp2dKey1, BYTE *pucInputArray)
              {
                  BYTE pucLPrimeInput1[64];
                  BYTE pucLPrimeInput2[64];
                  BYTE pucHMACSHA256CipherInput[64];
              
                  memset(pucLPrimeInput1, 0, sizeof(pucLPrimeInput1));
                  memset(pucLPrimeInput2, 0, sizeof(pucLPrimeInput2));
                  memset(pucHMACSHA256CipherInput, 0, sizeof(pucHMACSHA256CipherInput));
              
                  // L = HMAC-SHA256(Stream-Status || Q_id || S_id || Link_id || Link_Pk || Link_S || SALT, kd)
                  // HMAC(text) = HMAC(K, text) = SHA256((K0 XOR opad) || SHA256((KO XOR ipad) || text))
                  // Calculate SHA256((KO XOR ipad) || text)
                  memcpy(pucLPrimeInput1, pucInputArray, 64);
              
                  // Total Length of (KO XOR ipad) || text) = 496 + 512 (bits) = 1008 (bits)
                  pucLPrimeInput2[0] = 0x80;
                  memset(&pucLPrimeInput2[1], 0, 61);
                  pucLPrimeInput2[62] = 0x04;
                  pucLPrimeInput2[63] = 0x00;
              
                  memcpy(pucHMACSHA256CipherInput, pucHdcp2dKey0, 16);
                  memcpy(&pucHMACSHA256CipherInput[16], pucHdcp2dKey1, 16);
                  memset(&pucHMACSHA256CipherInput[32], 0, 32);
              
C51 COMPILER V9.60.0.0   SCALERCOMMONHDCP2                                                 09/21/2026 15:32:36 PAGE 22  

                  if(ScalerHdcp2RepeaterLPrimeHmacSha256Calculate(pucLPrimeInput1, pucLPrimeInput2, pucHMACSHA256CipherI
             -nput) == _TRUE)
                  {
                      DebugMessageHDCP2("[QSE] LPrime Pass", 0);
                      return _TRUE;
                  }
              
                  DebugMessageHDCP2("[QSE] LPrime Fail", 0);
                  return _FALSE;
              }
              #endif
1265          
1266          //--------------------------------------------------
1267          // Description  : HDCP 2.2 RSA Calculate
1268          // Input Value  : None
1269          // Output Value : None
1270          //--------------------------------------------------
1271          bit ScalerHdcp2RxRsaCalculate(BYTE *pucEkpubKmArray)
1272          {
1273   1          // Enable HDCP 2.2 RSA Module
1274   1          ScalerSetBit(P63_10_HDCP_RSA_CTRL0, ~(_BIT7 | _BIT6 | _BIT5), (_BIT7 | _BIT5));
1275   1      
1276   1          // RSA Clock Select
1277   1          ScalerSetBit(P63_92_HDCP_DUMMY1, ~_BIT7, _BIT7);
1278   1      
1279   1          // Select RSA Key Download Data Length
1280   1          ScalerSetBit(P63_11_HDCP_RSA_CTRL1, ~(_BIT7 | _BIT6), _BIT7);
1281   1      
1282   1          // Load Ekpub[km] to RSA Module as cipher text
1283   1          for(pData[0] = 0; pData[0] < 16; pData[0]++)
1284   1          {
1285   2              ScalerSetBit(P63_10_HDCP_RSA_CTRL0, ~_BIT0, _BIT0);
1286   2      
1287   2              // Enable write cipher text to RSA Module
1288   2              ScalerSetByte(P63_16_HDCP_RSA_DATA_ADDR, (15 - pData[0]));
1289   2      
1290   2              memcpy((volatile BYTE xdata *)P63_17_HDCP_RSA_DATA_IN_DATA7, &pucEkpubKmArray[pData[0] << 3], 8);
1291   2          }
1292   1      
1293   1          for(pData[0] = 0; pData[0] < 16; pData[0]++)
1294   1          {
1295   2              ScalerSetBit(P63_10_HDCP_RSA_CTRL0, ~_BIT0, _BIT0);
1296   2      
1297   2              // Load RRmodN
1298   2              ScalerSetByte(P63_16_HDCP_RSA_DATA_ADDR, (BYTE)(0x30 + (15 - pData[0])));
1299   2      
1300   2              memcpy((volatile BYTE xdata *)P63_17_HDCP_RSA_DATA_IN_DATA7, &g_stRxHdcp2DownLoadKeyType.pucHdcp2R
             -rmodn[pData[0] << 3], 8);
1301   2          }
1302   1      
1303   1          for(pData[0] = 0; pData[0] < 16; pData[0]++)
1304   1          {
1305   2              ScalerSetBit(P63_10_HDCP_RSA_CTRL0, ~_BIT0, _BIT0);
1306   2      
1307   2              // Load N Key
1308   2              ScalerSetByte(P63_16_HDCP_RSA_DATA_ADDR, (BYTE)(0x90 + (15 - pData[0])));
1309   2      
1310   2              memcpy((volatile BYTE xdata *)P63_17_HDCP_RSA_DATA_IN_DATA7, &g_stRxHdcp2DownLoadKeyType.pucHdcp2C
             -ertrx[(pData[0] << 3) + 5], 8);
1311   2          }
1312   1      
1313   1          for(pData[0] = 0; pData[0] < 16; pData[0]++)
C51 COMPILER V9.60.0.0   SCALERCOMMONHDCP2                                                 09/21/2026 15:32:36 PAGE 23  

1314   1          {
1315   2              ScalerSetBit(P63_10_HDCP_RSA_CTRL0, ~_BIT0, _BIT0);
1316   2      
1317   2              // Load D Key
1318   2              ScalerSetByte(P63_16_HDCP_RSA_DATA_ADDR, (BYTE)(0xC0 + (15 - pData[0])));
1319   2      
1320   2              memcpy((volatile BYTE xdata *)P63_17_HDCP_RSA_DATA_IN_DATA7, &g_stRxHdcp2DownLoadKeyType.pucHdcp2D
             -Key[pData[0] << 3], 8);
1321   2          }
1322   1      
1323   1          // Load Npinv to RSA Module
1324   1          memcpy((volatile BYTE xdata *)P63_12_HDCP_RSA_NP_INV_3, &g_stRxHdcp2DownLoadKeyType.pucHdcp2Npinv, 4);
1325   1      
1326   1          // Set RSA Write key done
1327   1          ScalerSetBit(P63_10_HDCP_RSA_CTRL0, ~_BIT0, _BIT0);
1328   1      
1329   1          // Enable RSA Calculate
1330   1          ScalerSetBit(P63_10_HDCP_RSA_CTRL0, ~(_BIT6 | _BIT5 | _BIT4), (_BIT6 | _BIT5 | _BIT4));
1331   1      
1332   1          // Reset RSA Calcualte Enable to Start Calculate
1333   1          ScalerSetBit(P63_10_HDCP_RSA_CTRL0, ~_BIT4, 0x00);
1334   1      
1335   1          // Polling 100ms for RSA Module Done
1336   1          if(ScalerTimerPollingFlagProc(100, P63_10_HDCP_RSA_CTRL0, _BIT2, _SUCCESS) == _TRUE)
1337   1          {
1338   2              // Disable RSA Module
1339   2              ScalerSetBit(P63_10_HDCP_RSA_CTRL0, ~_BIT7, 0x00);
1340   2      
1341   2              return _TRUE;
1342   2          }
1343   1      
1344   1          return _FALSE;
1345   1      }
1346          //--------------------------------------------------
1347          // Description  : HDCP 2.2 RSA Oaep Calculate
1348          // Input Value  : None
1349          // Output Value : None
1350          //--------------------------------------------------
1351          bit ScalerHdcp2RxRsaOaepCalculate(BYTE *pucKmArray)
1352          {
1353   1          BYTE pucSHA256Input[64];
1354   1          BYTE pucRsaOaepInput[128];
1355   1      
1356   1          // Read Out RSA Message
1357   1          ScalerSetBit(P63_10_HDCP_RSA_CTRL0, ~(_BIT6 | _BIT5), _BIT6);
1358   1      
1359   1          // Read Message From One of 2 Address
1360   1          if(ScalerGetBit(P63_10_HDCP_RSA_CTRL0, _BIT1) == 0x00)
1361   1          {
1362   2              for(pData[0] = 0; pData[0] < 16; pData[0]++)
1363   2              {
1364   3                  ScalerSetByte(P63_16_HDCP_RSA_DATA_ADDR, pData[0]);
1365   3                  memcpy(&pucRsaOaepInput[(15 - pData[0]) * 8], (volatile BYTE xdata *)P63_20_HDCP_RSA_DATA_OUT_
             -DATA7, 8);
1366   3              }
1367   2          }
1368   1          else
1369   1          {
1370   2              for(pData[0] = 0; pData[0] < 16; pData[0]++)
1371   2              {
1372   3                  ScalerSetByte(P63_16_HDCP_RSA_DATA_ADDR, (0x30 | pData[0]));
1373   3                  memcpy(&pucRsaOaepInput[(15 - pData[0]) * 8], (volatile BYTE xdata *)P63_20_HDCP_RSA_DATA_OUT_
C51 COMPILER V9.60.0.0   SCALERCOMMONHDCP2                                                 09/21/2026 15:32:36 PAGE 24  

             -DATA7, 8);
1374   3              }
1375   2          }
1376   1      
1377   1          // Calculate First Block 512 Bit SHA256 Calculate, Calculate MGF(maskDB, 32)
1378   1          if(ScalerHdcp2RxSha256Calculate(&pucRsaOaepInput[33], 0) == _TRUE)
1379   1          {
1380   2              // Load Second Block 512 Bit Data
1381   2              memcpy(pucSHA256Input, &pucRsaOaepInput[97], 31);
1382   2              memset(&pucSHA256Input[31], 0, 33);
1383   2              pucSHA256Input[35] = 0x80;
1384   2              pucSHA256Input[62] = 0x03;
1385   2              pucSHA256Input[63] = 0x18;
1386   2      
1387   2              // Calculate Second Block 512 Bit Data
1388   2              if(ScalerHdcp2RxSha256Calculate(pucSHA256Input, 1) == _TRUE)
1389   2              {
1390   3                  for(pData[0] = 0; pData[0] < 32; pData[0]++)
1391   3                  {
1392   4                      pucSHA256Input[pData[0]] = pucRsaOaepInput[1 + pData[0]] ^ ScalerGetByte((P63_35_HDCP_SHA_
             -0 + pData[0]));
1393   4                  }
1394   3      
1395   3                  memset(&pucSHA256Input[32], 0, 32);
1396   3                  pucSHA256Input[36] = 0x80;
1397   3                  pucSHA256Input[62] = 0x01;
1398   3                  pucSHA256Input[63] = 0x20;
1399   3      
1400   3                  // Calculte MGF(Seed, 95), Seed = 32 byte SHA256 output + C 0x0000000x + 0x80 + Stream Length
1401   3                  pucSHA256Input[35] = 0;
1402   3                  ScalerHdcp2RxSha256Calculate(pucSHA256Input, 0);
1403   3                  pucSHA256Input[35] = 1;
1404   3                  ScalerHdcp2RxSha256Calculate(pucSHA256Input, 0);
1405   3                  pucSHA256Input[35] = 2;
1406   3                  ScalerHdcp2RxSha256Calculate(pucSHA256Input, 0);
1407   3      
1408   3                  // DB maskDB XOR DBmask
1409   3                  for(pData[0] = 0; pData[0] < 31; pData[0]++)
1410   3                  {
1411   4                      pucSHA256Input[pData[0]] = pucRsaOaepInput[33 + pData[0] + 64] ^ ScalerGetByte((P63_35_HDC
             -P_SHA_0 + pData[0]));
1412   4                  }
1413   3      
1414   3                  pucSHA256Input[31] = ScalerGetByte((P63_35_HDCP_SHA_0 + 31));
1415   3      
1416   3      #if(_HDCP_2_2_ERRATA_TEST_SUPPORT == _ON)
                          for(pData[0] = 0; pData[0] < 16; pData[0]++)
                          {
                              DebugMessageHDCP2("Km", pucSHA256Input[pData[0] + 15]);
                          }
              #endif
1422   3      
1423   3                  if(pucSHA256Input[14] == 0x01)
1424   3                  {
1425   4                      memcpy(pucKmArray, &pucSHA256Input[15], 16);
1426   4      
1427   4                      return _TRUE;
1428   4                  }
1429   3              }
1430   2          }
1431   1      
1432   1          return _FALSE;
C51 COMPILER V9.60.0.0   SCALERCOMMONHDCP2                                                 09/21/2026 15:32:36 PAGE 25  

1433   1      }
1434          #endif
1435          
1436          #if((_HDCP_2_2_ERRATA_TEST_SUPPORT == _ON) || ((_DP_HDCP_2_2_SUPPORT == _ON) && (_DP_TX_SUPPORT == _ON)))
              //--------------------------------------------------
              // Description  : HDCP 2.2 Lprime Calculate
              // Input Value  : None
              // Output Value : None
              //--------------------------------------------------
              bit ScalerHdcp2LPrimeCalculate(BYTE *pucHdcp2dKey0, BYTE *pucHdcp2dKey1, BYTE *pucHdcp2Rrx, BYTE *pucHdcp2
             -Rn)
              {
                  BYTE pucHMACSHA256Input[64];
                  BYTE pucHMACSHA256CipherInput[64];
              
                  memset(pucHMACSHA256Input, 0, sizeof(pucHMACSHA256Input));
                  memset(pucHMACSHA256CipherInput, 0, sizeof(pucHMACSHA256CipherInput));
              
                  memcpy(pucHMACSHA256CipherInput, pucHdcp2dKey0, 16);
              
                  for(pData[0] = 16; pData[0] < 32; pData[0]++)
                  {
                      pucHMACSHA256CipherInput[pData[0]] = *(pucHdcp2dKey1 + pData[0] - 16);
              
                      if(pData[0] > 23)
                      {
                          pucHMACSHA256CipherInput[pData[0]] = pucHMACSHA256CipherInput[pData[0]] ^ *(pucHdcp2Rrx + pDat
             -a[0] - 24);
                      }
                  }
              
                  memset(&pucHMACSHA256CipherInput[32], 0, 32);
                  memcpy(pucHMACSHA256Input, pucHdcp2Rn, 8);
                  pucHMACSHA256Input[8] = 0x80;
                  memset(&pucHMACSHA256Input[9], 0, 53);
                  pucHMACSHA256Input[62] = 0x02;
                  pucHMACSHA256Input[63] = 0x40;
              
                  if(ScalerHdcp2RxHmacSha256Calculate(pucHMACSHA256Input, pucHMACSHA256CipherInput) == _TRUE)
                  {
                      return _TRUE;
                  }
              
                  return _FALSE;
              }
              #endif
1477          
1478          #if((_TMDS_HDCP_2_2_SUPPORT == _ON) && (_HDMI_PORT_EXIST == _ON))
1479          //--------------------------------------------------
1480          // Description  : HDCP 2.2 Reset Process for HDMI
1481          // Input Value  : None
1482          // Output Value : None
1483          //--------------------------------------------------
1484          void ScalerHdcp2ResetTMDSProc(BYTE ucInputPort)
1485          {
1486   1          switch(ucInputPort)
1487   1          {
1488   2      #if(((_D1_INPUT_PORT_TYPE == _D1_HDMI_PORT) || (_D1_INPUT_PORT_TYPE == _D1_MHL_PORT)) && (_TMDS_HDCP_2_2_S
             -UPPORT == _ON))
              
                      case _D1_INPUT_PORT:
              
C51 COMPILER V9.60.0.0   SCALERCOMMONHDCP2                                                 09/21/2026 15:32:36 PAGE 26  

                          ScalerTMDSRx1Hdcp2ResetProc();
              
                          break;
              #endif
1496   2      
1497   2      #if(((_D2_INPUT_PORT_TYPE == _D2_HDMI_PORT) || (_D2_INPUT_PORT_TYPE == _D2_MHL_PORT)) && (_TMDS_HDCP_2_2_S
             -UPPORT == _ON))
              
                      case _D2_INPUT_PORT:
              
                          ScalerTMDSRx2Hdcp2ResetProc();
              
                          break;
              #endif
1505   2      
1506   2      #if(((_D3_INPUT_PORT_TYPE == _D3_HDMI_PORT) || (_D3_INPUT_PORT_TYPE == _D3_MHL_PORT)) && (_TMDS_HDCP_2_2_S
             -UPPORT == _ON))
1507   2      
1508   2              case _D3_INPUT_PORT:
1509   2      
1510   2                  ScalerTMDSRx3Hdcp2ResetProc();
1511   2      
1512   2                  break;
1513   2      #endif
1514   2      
1515   2      #if(((_D4_INPUT_PORT_TYPE == _D4_HDMI_PORT) || (_D4_INPUT_PORT_TYPE == _D4_MHL_PORT)) && (_TMDS_HDCP_2_2_S
             -UPPORT == _ON))
              
                      case _D4_INPUT_PORT:
              
                          ScalerTMDSRx4Hdcp2ResetProc();
              
                          break;
              #endif
1523   2      
1524   2      #if(((_D5_INPUT_PORT_TYPE == _D5_HDMI_PORT) || (_D5_INPUT_PORT_TYPE == _D5_MHL_PORT)) && (_TMDS_HDCP_2_2_S
             -UPPORT == _ON))
              
                      case _D5_INPUT_PORT:
              
                          ScalerTMDSRx5Hdcp2ResetProc();
              
                          break;
              #endif
1532   2      
1533   2              default:
1534   2      
1535   2                  break;
1536   2          }
1537   1      }
1538          
1539          //--------------------------------------------------
1540          // Description  : HDCP2.2 Re-Auth Timer Event
1541          // Input Value  : None
1542          // Output Value : None
1543          //--------------------------------------------------
1544          void ScalerHdcp2ReAuthEvent(EnumScalerTimerEventID enumEventID)
1545          {
1546   1          switch(enumEventID)
1547   1          {
1548   2      #if((_D1_INPUT_PORT_TYPE == _D1_HDMI_PORT) || (_D1_INPUT_PORT_TYPE == _D1_MHL_PORT))
                      case _SCALER_TIMER_EVENT_RX1_HDCP2_REAUTH:
C51 COMPILER V9.60.0.0   SCALERCOMMONHDCP2                                                 09/21/2026 15:32:36 PAGE 27  

              
                          ScalerTMDSRx1Hdcp2ReAuthEvent();
              
                          break;
              #endif
1555   2      
1556   2      #if((_D2_INPUT_PORT_TYPE == _D2_HDMI_PORT) || (_D2_INPUT_PORT_TYPE == _D2_MHL_PORT))
                      case _SCALER_TIMER_EVENT_RX2_HDCP2_REAUTH:
              
                          ScalerTMDSRx2Hdcp2ReAuthEvent();
              
                          break;
              #endif
1563   2      
1564   2      #if((_D3_INPUT_PORT_TYPE == _D3_HDMI_PORT) || (_D3_INPUT_PORT_TYPE == _D3_MHL_PORT))
1565   2              case _SCALER_TIMER_EVENT_RX3_HDCP2_REAUTH:
1566   2      
1567   2                  ScalerTMDSRx3Hdcp2ReAuthEvent();
1568   2      
1569   2                  break;
1570   2      #endif
1571   2      
1572   2      #if((_D4_INPUT_PORT_TYPE == _D4_HDMI_PORT) || (_D4_INPUT_PORT_TYPE == _D4_MHL_PORT))
                      case _SCALER_TIMER_EVENT_RX4_HDCP2_REAUTH:
              
                          ScalerTMDSRx4Hdcp2ReAuthEvent();
              
                          break;
              #endif
1579   2      
1580   2      #if((_D5_INPUT_PORT_TYPE == _D5_HDMI_PORT) || (_D5_INPUT_PORT_TYPE == _D5_MHL_PORT))
                      case _SCALER_TIMER_EVENT_RX5_HDCP2_REAUTH:
              
                          ScalerTMDSRx5Hdcp2ReAuthEvent();
              
                          break;
              #endif
1587   2      
1588   2              default:
1589   2      
1590   2                  break;
1591   2          }
1592   1      }
1593          
1594          //--------------------------------------------------
1595          // Description  : Check RSA Available or Not
1596          // Input Value  : None
1597          // Output Value : _TRUE or _FALSE
1598          //--------------------------------------------------
1599          BYTE ScalerHdcp2RsaAvailable_EXINT0(void) using 1
1600          {
1601   1          // (M2PLL Power ON) && (GDI Clock is M2PLL)
1602   1          if((ScalerGetBit_EXINT(P1_E5_M2PLL_WD, _BIT0) == 0x00) && (ScalerGetBit_EXINT(P80_06_GDI_CLK_DIVIDER, 
             -_BIT4) == _BIT4))
1603   1          {
1604   2              return _TRUE;
1605   2          }
1606   1      
1607   1          return _FALSE;
1608   1      }
1609          
1610          //--------------------------------------------------
C51 COMPILER V9.60.0.0   SCALERCOMMONHDCP2                                                 09/21/2026 15:32:36 PAGE 28  

1611          // Description  : HDCP 2.2 RSA Calculate in INT
1612          // Input Value  : None
1613          // Output Value : None
1614          //--------------------------------------------------
1615          void ScalerHdcp2RxRsaCal_EXINT0(BYTE *pucEkpubKmArray) using 1
1616          {
1617   1          // Enable HDCP 2.2 RSA Module
1618   1          ScalerSetBit_EXINT(P63_10_HDCP_RSA_CTRL0, ~(_BIT7 | _BIT6 | _BIT5), (_BIT7 | _BIT5));
1619   1      
1620   1          // RSA Clock Select
1621   1          ScalerSetBit_EXINT(P63_92_HDCP_DUMMY1, ~_BIT7, _BIT7);
1622   1      
1623   1          // Select RSA Key Download Data Length
1624   1          ScalerSetBit_EXINT(P63_11_HDCP_RSA_CTRL1, ~(_BIT7 | _BIT6), _BIT7);
1625   1      
1626   1          // Load Ekpub[km] to RSA Module as cipher text
1627   1          for(pData_EXINT[0] = 0; pData_EXINT[0] < 16; pData_EXINT[0]++)
1628   1          {
1629   2              ScalerSetBit_EXINT(P63_10_HDCP_RSA_CTRL0, ~_BIT0, _BIT0);
1630   2      
1631   2              // Enable write cipher text to RSA Module
1632   2              ScalerSetByte_EXINT(P63_16_HDCP_RSA_DATA_ADDR, (15 - pData_EXINT[0]));
1633   2      
1634   2              memcpy((volatile BYTE xdata *)P63_17_HDCP_RSA_DATA_IN_DATA7, &pucEkpubKmArray[pData_EXINT[0] << 3]
             -, 8);
1635   2          }
1636   1      
1637   1          for(pData_EXINT[0] = 0; pData_EXINT[0] < 16; pData_EXINT[0]++)
1638   1          {
1639   2              ScalerSetBit_EXINT(P63_10_HDCP_RSA_CTRL0, ~_BIT0, _BIT0);
1640   2      
1641   2              // Load RRmodN
1642   2              ScalerSetByte_EXINT(P63_16_HDCP_RSA_DATA_ADDR, (BYTE)(0x30 + (15 - pData_EXINT[0])));
1643   2      
1644   2              memcpy((volatile BYTE xdata *)P63_17_HDCP_RSA_DATA_IN_DATA7, &g_stRxHdcp2DownLoadKeyType.pucHdcp2R
             -rmodn[pData_EXINT[0] << 3], 8);
1645   2          }
1646   1      
1647   1          for(pData_EXINT[0] = 0; pData_EXINT[0] < 16; pData_EXINT[0]++)
1648   1          {
1649   2              ScalerSetBit_EXINT(P63_10_HDCP_RSA_CTRL0, ~_BIT0, _BIT0);
1650   2      
1651   2              // Load N Key
1652   2              ScalerSetByte_EXINT(P63_16_HDCP_RSA_DATA_ADDR, (BYTE)(0x90 + (15 - pData_EXINT[0])));
1653   2      
1654   2              memcpy((volatile BYTE xdata *)P63_17_HDCP_RSA_DATA_IN_DATA7, &g_stRxHdcp2DownLoadKeyType.pucHdcp2C
             -ertrx[(pData_EXINT[0] << 3) + 5], 8);
1655   2          }
1656   1      
1657   1          for(pData_EXINT[0] = 0; pData_EXINT[0] < 16; pData_EXINT[0]++)
1658   1          {
1659   2              ScalerSetBit_EXINT(P63_10_HDCP_RSA_CTRL0, ~_BIT0, _BIT0);
1660   2      
1661   2              // Load D Key
1662   2              ScalerSetByte_EXINT(P63_16_HDCP_RSA_DATA_ADDR, (BYTE)(0xC0 + (15 - pData_EXINT[0])));
1663   2      
1664   2              memcpy((volatile BYTE xdata *)P63_17_HDCP_RSA_DATA_IN_DATA7, &g_stRxHdcp2DownLoadKeyType.pucHdcp2D
             -Key[pData_EXINT[0] << 3], 8);
1665   2          }
1666   1      
1667   1          // Load Npinv to RSA Module
1668   1          memcpy((volatile BYTE xdata *)P63_12_HDCP_RSA_NP_INV_3, &g_stRxHdcp2DownLoadKeyType.pucHdcp2Npinv, 4);
C51 COMPILER V9.60.0.0   SCALERCOMMONHDCP2                                                 09/21/2026 15:32:36 PAGE 29  

1669   1      
1670   1          // Set RSA Write key done
1671   1          ScalerSetBit_EXINT(P63_10_HDCP_RSA_CTRL0, ~_BIT0, _BIT0);
1672   1      
1673   1          // Enable RSA Calculate
1674   1          ScalerSetBit_EXINT(P63_10_HDCP_RSA_CTRL0, ~(_BIT6 | _BIT5 | _BIT4), (_BIT6 | _BIT5 | _BIT4));
1675   1      
1676   1          // Reset RSA Calcualte Enable to Start Calculate
1677   1          ScalerSetBit_EXINT(P63_10_HDCP_RSA_CTRL0, ~_BIT4, 0x00);
1678   1      }
1679          
1680          #if(_WD_TIMER_INT_SUPPORT == _ON)
1681          //--------------------------------------------------
1682          // Description  : HDCP 2.2 RSA Oaep Calculate in INT
1683          // Input Value  : None
1684          // Output Value : None
1685          //--------------------------------------------------
1686          BYTE ScalerHdcp2RxRsaOaepCalculate_WDINT(BYTE *pucKmArray) using 3
1687          {
1688   1          BYTE pucHdcp2RsaOaepInput[128];
1689   1      
1690   1          // Read Out RSA Message
1691   1          ScalerSetBit_EXINT(P63_10_HDCP_RSA_CTRL0, ~(_BIT6 | _BIT5), _BIT6);
1692   1      
1693   1          // Read Message From One of 2 Address
1694   1          if(ScalerGetBit_EXINT(P63_10_HDCP_RSA_CTRL0, _BIT1) == 0x00)
1695   1          {
1696   2              for(pData_EXINT[0] = 0; pData_EXINT[0] < 16; pData_EXINT[0]++)
1697   2              {
1698   3                  ScalerSetByte_EXINT(P63_16_HDCP_RSA_DATA_ADDR, pData_EXINT[0]);
1699   3                  memcpy(&pucHdcp2RsaOaepInput[(15 - pData_EXINT[0]) * 8], (volatile BYTE xdata *)P63_20_HDCP_RS
             -A_DATA_OUT_DATA7, 8);
1700   3              }
1701   2          }
1702   1          else
1703   1          {
1704   2              for(pData_EXINT[0] = 0; pData_EXINT[0] < 16; pData_EXINT[0]++)
1705   2              {
1706   3                  ScalerSetByte_EXINT(P63_16_HDCP_RSA_DATA_ADDR, (0x30 | pData_EXINT[0]));
1707   3                  memcpy(&pucHdcp2RsaOaepInput[(15 - pData_EXINT[0]) * 8], (volatile BYTE xdata *)P63_20_HDCP_RS
             -A_DATA_OUT_DATA7, 8);
1708   3              }
1709   2          }
1710   1      
1711   1          // Calculate First Block 512 Bit SHA256 Calculate, Calculate MGF(maskDB, 32)
1712   1          if(ScalerHdcp2RxSha256Calculate_WDINT(&pucHdcp2RsaOaepInput[33], 0) == _TRUE)
1713   1          {
1714   2              // Load Second Block 512 Bit Data
1715   2              memcpy(g_pucHdcp2SHA256Input, &pucHdcp2RsaOaepInput[97], 31);
1716   2              memset(&g_pucHdcp2SHA256Input[31], 0, 33);
1717   2              g_pucHdcp2SHA256Input[35] = 0x80;
1718   2              g_pucHdcp2SHA256Input[62] = 0x03;
1719   2              g_pucHdcp2SHA256Input[63] = 0x18;
1720   2      
1721   2              // Calculate Second Block 512 Bit Data
1722   2              if(ScalerHdcp2RxSha256Calculate_WDINT(g_pucHdcp2SHA256Input, 1) == _TRUE)
1723   2              {
1724   3                  for(pData_EXINT[0] = 0; pData_EXINT[0] < 32; pData_EXINT[0]++)
1725   3                  {
1726   4                      g_pucHdcp2SHA256Input[pData_EXINT[0]] = pucHdcp2RsaOaepInput[1 + pData_EXINT[0]] ^ ScalerG
             -etByte_EXINT((P63_35_HDCP_SHA_0 + pData_EXINT[0]));
1727   4                  }
C51 COMPILER V9.60.0.0   SCALERCOMMONHDCP2                                                 09/21/2026 15:32:36 PAGE 30  

1728   3      
1729   3                  memset(&g_pucHdcp2SHA256Input[32], 0, 32);
1730   3                  g_pucHdcp2SHA256Input[36] = 0x80;
1731   3                  g_pucHdcp2SHA256Input[62] = 0x01;
1732   3                  g_pucHdcp2SHA256Input[63] = 0x20;
1733   3      
1734   3                  // Calculte MGF(Seed, 95), Seed = 32 byte SHA256 output + C 0x0000000x + 0x80 + Stream Length
1735   3                  g_pucHdcp2SHA256Input[35] = 0;
1736   3                  ScalerHdcp2RxSha256Calculate_WDINT(g_pucHdcp2SHA256Input, 0);
1737   3                  g_pucHdcp2SHA256Input[35] = 1;
1738   3                  ScalerHdcp2RxSha256Calculate_WDINT(g_pucHdcp2SHA256Input, 0);
1739   3                  g_pucHdcp2SHA256Input[35] = 2;
1740   3                  ScalerHdcp2RxSha256Calculate_WDINT(g_pucHdcp2SHA256Input, 0);
1741   3      
1742   3                  // DB maskDB XOR DBmask
1743   3                  for(pData_EXINT[0] = 0; pData_EXINT[0] < 31; pData_EXINT[0]++)
1744   3                  {
1745   4                      g_pucHdcp2SHA256Input[pData_EXINT[0]] = pucHdcp2RsaOaepInput[33 + pData_EXINT[0] + 64] ^ S
             -calerGetByte_EXINT((P63_35_HDCP_SHA_0 + pData_EXINT[0]));
1746   4                  }
1747   3      
1748   3                  g_pucHdcp2SHA256Input[31] = ScalerGetByte_EXINT((P63_35_HDCP_SHA_0 + 31));
1749   3      
1750   3                  if(g_pucHdcp2SHA256Input[14] == 0x01)
1751   3                  {
1752   4                      memcpy(pucKmArray, &g_pucHdcp2SHA256Input[15], 16);
1753   4      
1754   4                      return _TRUE;
1755   4                  }
1756   3              }
1757   2          }
1758   1      
1759   1          return _FALSE;
1760   1      }
1761          
1762          //--------------------------------------------------
1763          // Description  : HDCP 2.2 RSA Calculate in INT
1764          // Input Value  : None
1765          // Output Value : None
1766          //--------------------------------------------------
1767          void ScalerHdcp2RxRsaCal_WDINT(BYTE *pucEkpubKmArray) using 3
1768          {
1769   1          // Enable HDCP 2.2 RSA Module
1770   1          ScalerSetBit_EXINT(P63_10_HDCP_RSA_CTRL0, ~(_BIT7 | _BIT6 | _BIT5), (_BIT7 | _BIT5));
1771   1      
1772   1          // RSA Clock Select
1773   1          ScalerSetBit_EXINT(P63_92_HDCP_DUMMY1, ~_BIT7, _BIT7);
1774   1      
1775   1          // Select RSA Key Download Data Length
1776   1          ScalerSetBit_EXINT(P63_11_HDCP_RSA_CTRL1, ~(_BIT7 | _BIT6), _BIT7);
1777   1      
1778   1          // Load Ekpub[km] to RSA Module as cipher text
1779   1          for(pData_EXINT[0] = 0; pData_EXINT[0] < 16; pData_EXINT[0]++)
1780   1          {
1781   2              ScalerSetBit_EXINT(P63_10_HDCP_RSA_CTRL0, ~_BIT0, _BIT0);
1782   2      
1783   2              // Enable write cipher text to RSA Module
1784   2              ScalerSetByte_EXINT(P63_16_HDCP_RSA_DATA_ADDR, (15 - pData_EXINT[0]));
1785   2      
1786   2              memcpy((volatile BYTE xdata *)P63_17_HDCP_RSA_DATA_IN_DATA7, &pucEkpubKmArray[pData_EXINT[0] << 3]
             -, 8);
1787   2          }
C51 COMPILER V9.60.0.0   SCALERCOMMONHDCP2                                                 09/21/2026 15:32:36 PAGE 31  

1788   1      
1789   1          for(pData_EXINT[0] = 0; pData_EXINT[0] < 16; pData_EXINT[0]++)
1790   1          {
1791   2              ScalerSetBit_EXINT(P63_10_HDCP_RSA_CTRL0, ~_BIT0, _BIT0);
1792   2      
1793   2              // Load RRmodN
1794   2              ScalerSetByte_EXINT(P63_16_HDCP_RSA_DATA_ADDR, (BYTE)(0x30 + (15 - pData_EXINT[0])));
1795   2      
1796   2              memcpy((volatile BYTE xdata *)P63_17_HDCP_RSA_DATA_IN_DATA7, &g_stRxHdcp2DownLoadKeyType.pucHdcp2R
             -rmodn[pData_EXINT[0] << 3], 8);
1797   2          }
1798   1      
1799   1          for(pData_EXINT[0] = 0; pData_EXINT[0] < 16; pData_EXINT[0]++)
1800   1          {
1801   2              ScalerSetBit_EXINT(P63_10_HDCP_RSA_CTRL0, ~_BIT0, _BIT0);
1802   2      
1803   2              // Load N Key
1804   2              ScalerSetByte_EXINT(P63_16_HDCP_RSA_DATA_ADDR, (BYTE)(0x90 + (15 - pData_EXINT[0])));
1805   2      
1806   2              memcpy((volatile BYTE xdata *)P63_17_HDCP_RSA_DATA_IN_DATA7, &g_stRxHdcp2DownLoadKeyType.pucHdcp2C
             -ertrx[(pData_EXINT[0] << 3) + 5], 8);
1807   2          }
1808   1      
1809   1          for(pData_EXINT[0] = 0; pData_EXINT[0] < 16; pData_EXINT[0]++)
1810   1          {
1811   2              ScalerSetBit_EXINT(P63_10_HDCP_RSA_CTRL0, ~_BIT0, _BIT0);
1812   2      
1813   2              // Load D Key
1814   2              ScalerSetByte_EXINT(P63_16_HDCP_RSA_DATA_ADDR, (BYTE)(0xC0 + (15 - pData_EXINT[0])));
1815   2      
1816   2              memcpy((volatile BYTE xdata *)P63_17_HDCP_RSA_DATA_IN_DATA7, &g_stRxHdcp2DownLoadKeyType.pucHdcp2D
             -Key[pData_EXINT[0] << 3], 8);
1817   2          }
1818   1      
1819   1          // Load Npinv to RSA Module
1820   1          memcpy((volatile BYTE xdata *)P63_12_HDCP_RSA_NP_INV_3, &g_stRxHdcp2DownLoadKeyType.pucHdcp2Npinv, 4);
1821   1      
1822   1          // Set RSA Write key done
1823   1          ScalerSetBit_EXINT(P63_10_HDCP_RSA_CTRL0, ~_BIT0, _BIT0);
1824   1      
1825   1          // Enable RSA Calculate
1826   1          ScalerSetBit_EXINT(P63_10_HDCP_RSA_CTRL0, ~(_BIT6 | _BIT5 | _BIT4), (_BIT6 | _BIT5 | _BIT4));
1827   1      
1828   1          // Reset RSA Calcualte Enable to Start Calculate
1829   1          ScalerSetBit_EXINT(P63_10_HDCP_RSA_CTRL0, ~_BIT4, 0x00);
1830   1      }
1831          
1832          #endif
1833          
1834          #endif
1835          
1836          #if(_WD_TIMER_INT_SUPPORT == _ON)
1837          //--------------------------------------------------
1838          // Description  : HDCP 2.2 SHA 256 Calculate in INT
1839          // Input Value  : None
1840          // Output Value : None
1841          //--------------------------------------------------
1842          BYTE ScalerHdcp2RxSha256Calculate_WDINT(BYTE *pucInputArray, BYTE ucCalCount) using 3
1843          {
1844   1          BYTE ucLoopIndex = 0;
1845   1      
1846   1          // Set 1, Then Set 0 for Reset SHA256 Module
C51 COMPILER V9.60.0.0   SCALERCOMMONHDCP2                                                 09/21/2026 15:32:36 PAGE 32  

1847   1          ScalerSetBit_EXINT(P63_30_HDCP_SHA_CONTRL, ~_BIT3, _BIT3);
1848   1      
1849   1          ScalerSetBit_EXINT(P63_30_HDCP_SHA_CONTRL, ~_BIT3, 0x00);
1850   1      
1851   1          // Write SHA256 Input Data, Total 512 bits
1852   1          for(pData_EXINT[1] = 0; pData_EXINT[1] < 16; pData_EXINT[1]++)
1853   1          {
1854   2              ScalerSetByte_EXINT(P63_31_HDCP_SHA_DATA1, pucInputArray[pData_EXINT[1] * 4]);
1855   2              ScalerSetByte_EXINT(P63_32_HDCP_SHA_DATA2, pucInputArray[1 + pData_EXINT[1] * 4]);
1856   2              ScalerSetByte_EXINT(P63_33_HDCP_SHA_DATA3, pucInputArray[2 + pData_EXINT[1] * 4]);
1857   2              ScalerSetByte_EXINT(P63_34_HDCP_SHA_DATA4, pucInputArray[3 + pData_EXINT[1] * 4]);
1858   2      
1859   2              // Inform HW SHA data Has been set first 32 bit
1860   2              ScalerSetBit_EXINT(P63_30_HDCP_SHA_CONTRL, ~_BIT0, _BIT0);
1861   2      
1862   2              // Delay(810ns) for HW SHA data write_in
1863   2              for(ucLoopIndex = 0; ucLoopIndex < 1; ucLoopIndex ++)
1864   2              {
1865   3                  _nop_();
1866   3              }
1867   2          }
1868   1      
1869   1          if(ucCalCount == 0)
1870   1          {
1871   2              // Set First Calculate
1872   2              ScalerSetBit_EXINT(P63_30_HDCP_SHA_CONTRL, ~(_BIT2 | _BIT1), _BIT1);
1873   2      
1874   2              // Enable SHA256 Calculate
1875   2              ScalerSetBit_EXINT(P63_30_HDCP_SHA_CONTRL, ~_BIT2, _BIT2);
1876   2          }
1877   1          else
1878   1          {
1879   2              // Disable First Calculate
1880   2              ScalerSetBit_EXINT(P63_30_HDCP_SHA_CONTRL, ~(_BIT2 | _BIT1), 0x00);
1881   2      
1882   2              // Enable SHA256 Calculate
1883   2              ScalerSetBit_EXINT(P63_30_HDCP_SHA_CONTRL, ~_BIT2, _BIT2);
1884   2          }
1885   1      
1886   1          // Polling 10ms for HDCP Sha Done
1887   1          if(ScalerTimerPollingFlagProc_WDINT(10, P63_30_HDCP_SHA_CONTRL, _BIT4, _TRUE) == _TRUE)
1888   1          {
1889   2              return _TRUE;
1890   2          }
1891   1      
1892   1          return _FALSE;
1893   1      }
1894          
1895          //--------------------------------------------------
1896          // Description  : HDCP 2.2 Hprime Calculate in INT
1897          // Input Value  : None
1898          // Output Value : None
1899          //--------------------------------------------------
1900          BYTE ScalerHdcp2HPrimeCalculate_WDINT(BYTE *pucHdcp2dKey0, BYTE *pucHdcp2dKey1, BYTE *pucHdcp2Rtx, BYTE *p
             -ucHdcp2TxCaps, BYTE *pucHdcp2RxCaps) using 3
1901          {
1902   1          // H = HMAC-SHA256(rtx || RxCaps || TxCaps, kd)
1903   1          // HMAC(text) = HMAC(K, text) = SHA256((K0 XOR opad) || SHA256((KO XOR ipad) || text))
1904   1          // Calculate SHA256((KO XOR ipad) || text)
1905   1      
1906   1          for(pData_EXINT[0] = 0; pData_EXINT[0] < 16; pData_EXINT[0]++)
1907   1          {
C51 COMPILER V9.60.0.0   SCALERCOMMONHDCP2                                                 09/21/2026 15:32:36 PAGE 33  

1908   2              g_pucHdcp2HmacSha256CipherInput[pData_EXINT[0]] = *(pucHdcp2dKey0 + pData_EXINT[0]);
1909   2          }
1910   1      
1911   1          for(pData_EXINT[0] = 0; pData_EXINT[0] < 16; pData_EXINT[0]++)
1912   1          {
1913   2              g_pucHdcp2HmacSha256CipherInput[16 + pData_EXINT[0]] = *(pucHdcp2dKey1 + pData_EXINT[0]);
1914   2          }
1915   1      
1916   1          for(pData_EXINT[0] = 0; pData_EXINT[0] < 8; pData_EXINT[0]++)
1917   1          {
1918   2              g_pucHdcp2HmacSha256Input[pData_EXINT[0]] = *(pucHdcp2Rtx + pData_EXINT[0]);
1919   2          }
1920   1      
1921   1          for(pData_EXINT[0] = 0; pData_EXINT[0] < 3; pData_EXINT[0]++)
1922   1          {
1923   2              g_pucHdcp2HmacSha256Input[8 + pData_EXINT[0]] = pucHdcp2RxCaps[pData_EXINT[0]];
1924   2          }
1925   1      
1926   1          for(pData_EXINT[0] = 0; pData_EXINT[0] < 3; pData_EXINT[0]++)
1927   1          {
1928   2              g_pucHdcp2HmacSha256Input[11 + pData_EXINT[0]] = *(pucHdcp2TxCaps + pData_EXINT[0]);
1929   2          }
1930   1      
1931   1          g_pucHdcp2HmacSha256Input[14] = 0x80;
1932   1      
1933   1          for(pData_EXINT[0] = 0; pData_EXINT[0] < 47; pData_EXINT[0]++)
1934   1          {
1935   2              g_pucHdcp2HmacSha256Input[15 + pData_EXINT[0]] = 0;
1936   2          }
1937   1      
1938   1          g_pucHdcp2HmacSha256Input[62] = 0x02;
1939   1          g_pucHdcp2HmacSha256Input[63] = 0x70;
1940   1      
1941   1          for(pData_EXINT[0] = 0; pData_EXINT[0] < 32; pData_EXINT[0]++)
1942   1          {
1943   2              g_pucHdcp2HmacSha256CipherInput[32 + pData_EXINT[0]] = 0;
1944   2          }
1945   1      
1946   1          if(ScalerHdcp2RxHmacSha256Calculate_WDINT(g_pucHdcp2HmacSha256Input, g_pucHdcp2HmacSha256CipherInput) 
             -== _TRUE)
1947   1          {
1948   2              return _TRUE;
1949   2          }
1950   1      
1951   1          return _FALSE;
1952   1      }
1953          
1954          //--------------------------------------------------
1955          // Description  : HDCP 2.2 HMACSHA 256 Calculate IN INT
1956          // Input Value  : None
1957          // Output Value : None
1958          //--------------------------------------------------
1959          BYTE ScalerHdcp2RxHmacSha256Calculate_WDINT(BYTE *pucInputArray1, BYTE *pucInputArray2) using 3
1960          {
1961   1          for(pData_EXINT[1] = 0; pData_EXINT[1] < 64; pData_EXINT[1]++)
1962   1          {
1963   2              // K0 XOR ipad = 512 bit
1964   2              *(pucInputArray2 + pData_EXINT[1]) = *(pucInputArray2 + pData_EXINT[1]) ^ 0x36;
1965   2          }
1966   1      
1967   1          // Calculate SHA256((K0 XOR ipad) || text)
1968   1          if(ScalerHdcp2RxSha256Calculate_WDINT(pucInputArray2, 0) == _TRUE)
C51 COMPILER V9.60.0.0   SCALERCOMMONHDCP2                                                 09/21/2026 15:32:36 PAGE 34  

1969   1          {
1970   2              if(ScalerHdcp2RxSha256Calculate_WDINT(pucInputArray1, 1) == _TRUE)
1971   2              {
1972   3                  // KO XOR opad
1973   3                  for(pData_EXINT[1] = 0; pData_EXINT[1] < 64; pData_EXINT[1]++)
1974   3                  {
1975   4                      *(pucInputArray2 + pData_EXINT[1]) = (*(pucInputArray2 + pData_EXINT[1]) ^ 0x36) ^ 0x5C;
1976   4                  }
1977   3      
1978   3                  for(pData_EXINT[1] = 0; pData_EXINT[1] < 64; pData_EXINT[1]++)
1979   3                  {
1980   4                      if(pData_EXINT[1] < 32)
1981   4                      {
1982   5                          *(pucInputArray1 + pData_EXINT[1]) = ScalerGetByte_EXINT(P63_35_HDCP_SHA_0 + pData_EXI
             -NT[1]);
1983   5                      }
1984   4                      else
1985   4                      {
1986   5                          *(pucInputArray1 + pData_EXINT[1]) = 0;
1987   5                      }
1988   4                  }
1989   3      
1990   3                  *(pucInputArray1 + 32) = 0x80;
1991   3                  *(pucInputArray1 + 62) = 0x03;
1992   3      
1993   3                  // SHA256((KO XOR opad) || SHA256(KO XOR ipad) || text)
1994   3                  if(ScalerHdcp2RxSha256Calculate_WDINT(pucInputArray2, 0) == _TRUE)
1995   3                  {
1996   4                      if(ScalerHdcp2RxSha256Calculate_WDINT(pucInputArray1, 1) == _TRUE)
1997   4                      {
1998   5                          return _TRUE;
1999   5                      }
2000   4                  }
2001   3              }
2002   2          }
2003   1      
2004   1          return _FALSE;
2005   1      }
2006          #endif
2007          
2008          #if((_DP_HDCP_2_2_SUPPORT == _ON) && (_DP_TX_SUPPORT == _ON))
              //--------------------------------------------------
              // Description  : HDCP 2.2 Vprime Calculate
              // Input Value  : None
              // Output Value : None
              //--------------------------------------------------
              bit ScalerHdcp2VprimeCalculate(BYTE *pucHdcp2dKey0, BYTE *pucHdcp2dKey1, BYTE *pucReceiverIdList, BYTE *pu
             -cRxinfo, BYTE *pucSeqNumV)
              {
                  BYTE pucHMACSHA256Input[192] = {0};
                  BYTE pucHMACSHA256CipherInput[64] = {0};
              
                  // V = HMAC-SHA256(Receiver ID List || RxInfo || seq_num_V, kd)
                  // HMAC(text) = HMAC(K, text) = SHA256((K0 XOR opad) || SHA256((KO XOR ipad) || text))
                  // Calculate SHA256((KO XOR ipad) || text)
              
                  memcpy(pucHMACSHA256CipherInput, pucHdcp2dKey0, 16);
                  memcpy(&pucHMACSHA256CipherInput[16], pucHdcp2dKey1, 16);
                  memset(&pucHMACSHA256CipherInput[32], 0, 32);
              
                  pData[0] = ((*pucRxinfo & _BIT0) << 4 | (*(pucRxinfo + 1) >> 4)) * 5;
                  pData[1] = pData[0] + 5 + 9;
C51 COMPILER V9.60.0.0   SCALERCOMMONHDCP2                                                 09/21/2026 15:32:36 PAGE 35  

                  pData[1] = ((pData[1] <= 64) ? 1 : ((pData[1] <= 128) ? 2 : 3));
                  PDATA_WORD(1) = (64 + pData[0] + 5) * 8;
              
                  memcpy(pucHMACSHA256Input, pucReceiverIdList, pData[0]);
                  memcpy(&pucHMACSHA256Input[pData[0]], pucRxinfo, 2);
                  memcpy(&pucHMACSHA256Input[pData[0] + 2], pucSeqNumV, 3);
                  pucHMACSHA256Input[pData[0] + 5] = 0x80;
                  pucHMACSHA256Input[(pData[1] * 64) - 2] = pData[2];
                  pucHMACSHA256Input[(pData[1] * 64) - 1] = pData[3];
              
                  if(ScalerHdcp2RepeaterHmacSha256Calculate(pucHMACSHA256Input, pucHMACSHA256CipherInput, pData[1]) == _
             -TRUE)
                  {
                      return _TRUE;
                  }
              
                  return _FALSE;
              }
              
              //--------------------------------------------------
              // Description  : HDCP 2.2 HMACSHA 256 Calculate
              // Input Value  : None
              // Output Value : None
              //--------------------------------------------------
              bit ScalerHdcp2RepeaterHmacSha256Calculate(BYTE *pucInputArray1, BYTE *pucInputArray2, BYTE ucInputArray1B
             -lockNumber)
              {
                  BYTE ucTemp = 0;
                  BYTE pucSHA256Input[64] = {0};
              
                  for(pData[0] = 0; pData[0] < 64; pData[0]++)
                  {
                      // K0 XOR ipad = 512 bit
                      *(pucInputArray2 + pData[0]) = *(pucInputArray2 + pData[0]) ^ 0x36;
                  }
              
                  // Calculate SHA256((K0 XOR ipad) || text)
                  if(ScalerHdcp2RxSha256Calculate(pucInputArray2, 0) == _FALSE)
                  {
                      return _FALSE;
                  }
              
                  ucTemp = 0;
              
                  do
                  {
                      memcpy(pucSHA256Input, (pucInputArray1 + (64 * ucTemp)), 64);
              
                      if(ScalerHdcp2RxSha256Calculate(pucSHA256Input, (ucTemp + 1)) == _FALSE)
                      {
                          return _FALSE;
                      }
              
                      ucTemp++;
                  }
                  while(ucTemp < ucInputArray1BlockNumber);
              
                  // KO XOR opad
                  for(pData[0] = 0; pData[0] < 64; pData[0]++)
                  {
                      *(pucInputArray2 + pData[0]) = (*(pucInputArray2 + pData[0]) ^ 0x36) ^ 0x5C;
                  }
C51 COMPILER V9.60.0.0   SCALERCOMMONHDCP2                                                 09/21/2026 15:32:36 PAGE 36  

              
                  memcpy(pucInputArray1, (volatile BYTE xdata *)P63_35_HDCP_SHA_0, 32);
                  memset(pucInputArray1 + 32, 0, 32);
                  *(pucInputArray1 + 32) = 0x80;
                  *(pucInputArray1 + 62) = 0x03;
              
                  // SHA256((KO XOR opad) || SHA256(KO XOR ipad) || text)
                  if(ScalerHdcp2RxSha256Calculate(pucInputArray2, 0) == _TRUE)
                  {
                      if(ScalerHdcp2RxSha256Calculate(pucInputArray1, 1) == _TRUE)
                      {
                          return _TRUE;
                      }
                  }
              
                  return _FALSE;
              }
              
              //--------------------------------------------------
              // Description  : HDCP 2.2 Mprime Calculate
              // Input Value  : None
              // Output Value : None
              //--------------------------------------------------
              bit ScalerHdcp2MprimeCalculate(BYTE *pucHdcp2dKey0, BYTE *pucHdcp2dKey1, BYTE *pucStreamIdType, DWORD ulSe
             -qNumM, WORD usK)
              {
                  BYTE pucHMACSHA256Input[192] = {0};
                  BYTE pucHMACSHA256CipherInput[64] = {0};
              
                  // M = HMAC-SHA256(StreamID_Type || seq_num_M, SHA256(kd))
                  // HMAC(text) = HMAC(K, text) = SHA256((K0 XOR opad) || SHA256((KO XOR ipad) || text))
                  // Calculate SHA256((KO XOR ipad) || text)
              
                  memcpy(pucHMACSHA256CipherInput, pucHdcp2dKey0, 16);
                  memcpy(&pucHMACSHA256CipherInput[16], pucHdcp2dKey1, 16);
                  memset(&pucHMACSHA256CipherInput[32], 0, 32);
                  pucHMACSHA256CipherInput[32] = 0x80;
                  pucHMACSHA256CipherInput[62] = 0x01;
                  pucHMACSHA256CipherInput[63] = 0x00;
              
                  if(ScalerHdcp2RxSha256Calculate(pucHMACSHA256CipherInput, 0) == _FALSE)
                  {
                      return _FALSE;
                  }
              
                  // Get SHA256(kd)
                  memcpy(pucHMACSHA256CipherInput, (volatile BYTE xdata *)P63_35_HDCP_SHA_0, 32);
                  memset(&pucHMACSHA256CipherInput[32], 0, 32);
              
                  // Number of StreamID_Type
                  pData[0] = usK * 2;
              
                  // Number of (StreamID_Type + seq_num_M + 0x80 + Bit Length of SHA256)
                  pData[1] = pData[0] + 3 + 9;
              
                  // Amount of SHA256 block
                  pData[1] = ((pData[1] <= 64) ? 1 : ((pData[1] <= 128) ? 2 : 3));
              
                  // Bit length of SHA256
                  PDATA_WORD(1) = (64 + pData[0] + 3) * 8;
              
                  memcpy(pucHMACSHA256Input, pucStreamIdType, pData[0]);
C51 COMPILER V9.60.0.0   SCALERCOMMONHDCP2                                                 09/21/2026 15:32:36 PAGE 37  

              
                  PDATA_DWORD(1) = ulSeqNumM;
                  memcpy(&pucHMACSHA256Input[pData[0]], &pData[5], 3);
              
                  pucHMACSHA256Input[pData[0] + 3] = 0x80;
                  pucHMACSHA256Input[(pData[1] * 64) - 2] = pData[2];
                  pucHMACSHA256Input[(pData[1] * 64) - 1] = pData[3];
              
                  if(ScalerHdcp2RepeaterHmacSha256Calculate(pucHMACSHA256Input, pucHMACSHA256CipherInput, pData[1]) == _
             -TRUE)
                  {
                      return _TRUE;
                  }
              
                  return _FALSE;
              }
              #endif
2166          
2167          #endif
2168          
2169          #endif // End of #if(_HDCP_2_2_FUNCTION_GEN == _HDCP_2_2_GEN_2)
2170          


MODULE INFORMATION:   STATIC OVERLAYABLE
   CODE SIZE        =   5546    ----
   CONSTANT SIZE    =   ----    ----
   XDATA SIZE       =   1179     663
   PDATA SIZE       =   ----    ----
   DATA SIZE        =   ----    ----
   IDATA SIZE       =   ----    ----
   BIT SIZE         =   ----    ----
END OF MODULE INFORMATION.


C51 COMPILATION COMPLETE.  0 WARNING(S),  0 ERROR(S)
