C51 COMPILER V9.60.0.0   SCALERCOMMONTMDS                                                  09/21/2026 15:32:44 PAGE 1   


C51 COMPILER V9.60.0.0, COMPILATION OF MODULE SCALERCOMMONTMDS
OBJECT MODULE PLACED IN .\Output\RL6432_Project\ScalerCommonTMDS.obj
COMPILER INVOKED BY: C:\Keil_v5\C51\BIN\C51.EXE Kernel\Scaler\ScalerCommonFunction\Code\ScalerCommonTMDS.c LARGE OPTIMIZ
                    -E(9,SPEED) INCDIR(.\Output\RL6432;.\Project\Header;.\Pcb;.\Panel;.\Kernel\Device\Header;.\Kernel\Common;.\Kernel\System\
                    -Header;.\Kernel\Scaler\ScalerFunction\Header;.\Kernel\Scaler\ScalerCommonFunction\Header;.\Kernel\Scaler\ScalerFunction\
                    -Lib\Header;.\Kernel\Scaler\ScalerCommonFunction\Lib\Header;.\Kernel\Scaler\RL6432_Series_Scaler\Header;.\Kernel\Scaler\R
                    -L6432_Series_Common\Header;.\Kernel\Scaler\RL6432_Series_Scaler\Lib\Header;.\Kernel\Scaler\RL6432_Series_Common\Lib\Head
                    -er;.\Kernel\User Common Function\Header;.\User\RTD Series\RTD2014Function\Header;.\User\RTD Series\RTD2014Osd\Header;.\U
                    -ser\RTD Factory\Header;.\User\None Series\NoneFunction\Header;.\User\None Series\NoneOsd\Header;.\User\None Factory\Head
                    -er) DEFINE(_PROJECT=_RL6432_PROJECT,_SCALER_TYPE=_RL6432_SERIES) DEBUG OBJECTEXTEND PRINT(.\Output\RL6432_Project\Scaler
                    -CommonTMDS.lst) TABS(2) OBJECT(.\Output\RL6432_Project\ScalerCommonTMDS.obj)

line level    source

   1          /********************************************************************************/
   2          /*   Copyright (c) 2021 Realtek Semiconductor Corp. All rights reserved.        */
   3          /*                                                                              */
   4          /*   SPDX-License-Identifier: LicenseRef-Realtek-Proprietary                    */
   5          /*                                                                              */
   6          /*   This software component is confidential and proprietary to Realtek         */
   7          /*   Semiconductor Corp. Disclosure, reproduction, redistribution, in whole     */
   8          /*   or in part, of this work and its derivatives without express permission    */
   9          /*   is prohibited.                                                             */
  10          /********************************************************************************/
  11          
  12          //----------------------------------------------------------------------------------------------------
  13          // ID Code      : ScalerCommonTMDS.c No.0000
  14          // Update Note  :
  15          //----------------------------------------------------------------------------------------------------
  16          
  17          #define __SCALER_COMMON_TMDS__
  18          
  19          #include "ScalerCommonFunctionInclude.h"
  20          
  21          //****************************************************************************
  22          // DEFINITIONS / MACROS
  23          //****************************************************************************
  24          
  25          //****************************************************************************
  26          // STRUCT / TYPE / ENUM DEFINITTIONS
  27          //****************************************************************************
  28          
  29          //****************************************************************************
  30          // CODE TABLES
  31          //****************************************************************************
  32          
  33          //****************************************************************************
  34          // VARIABLE DECLARATIONS
  35          //****************************************************************************
  36          #if(_HDMI_SUPPORT == _ON)
  37          #if(_HDMI_2_0_SUPPORT == _ON)
  38          Struct5vPinDetect g_stTmdsMacRx5vPinDetect;
  39          StructScdcInfoSet g_stTmdsMacRxScdcInfoSet;
  40          
  41          #if(_HDMI_5V_DETECT_BY_USER == _ON)
              StructTMDS5vStatusByUser g_stTmdsMacRx5vStatusByUser;
              #endif
  44          #endif
  45          #endif
  46          
  47          //****************************************************************************
C51 COMPILER V9.60.0.0   SCALERCOMMONTMDS                                                  09/21/2026 15:32:44 PAGE 2   

  48          // FUNCTION DECLARATIONS
  49          //****************************************************************************
  50          #if(_HDMI_SUPPORT == _ON)
  51          BYTE ScalerTMDSHdmiGetAVIInfo(BYTE ucInputPort, EnumAviInfoContent enumContent);
  52          void ScalerTMDSSetPsWakeupHpdToggle(BYTE ucInputPort);
  53          
  54          #if((_HDMI_2_0_SUPPORT == _ON) && (_TMDS_HDMI_2_0_SCDC_RR_CTS_SUPPORT == _ON))
              void ScalerTMDSHDMI2HPDRRIRQEnable(BYTE ucInputPort, bit bEnable);
              #endif
  57          
  58          
  59          #if(_HDMI_MAC_PAGE2_USE == _ON)
              
              #if(_HDMI_FREESYNC_II_SUPPORT == _ON)
              void ScalerTMDSRx0GetFreeSyncIIData(BYTE *pucFreeSyncIIData);
              #endif
              
              #if(_HDMI_HDR10_SUPPORT == _ON)
              void ScalerTMDSRx0GetHDR10Data(BYTE *pucHDRData);
              #endif
              
              #endif
  70          
  71          #if(_HDMI_MAC_PAGE71_USE == _ON)
              
              #if(_HDMI_FREESYNC_II_SUPPORT == _ON)
              void ScalerTMDSRx2GetFreeSyncIIData(BYTE *pucFreeSyncIIData);
              #endif
              
              #if(_HDMI_HDR10_SUPPORT == _ON)
              void ScalerTMDSRx2GetHDR10Data(BYTE *pucHDRData);
              #endif
              
              #endif
  82          
  83          #if(_HDMI_MAC_PAGE72_USE == _ON)
  84          
  85          #if(_HDMI_FREESYNC_II_SUPPORT == _ON)
              void ScalerTMDSRx3GetFreeSyncIIData(BYTE *pucFreeSyncIIData);
              #endif
  88          
  89          #if(_HDMI_HDR10_SUPPORT == _ON)
  90          void ScalerTMDSRx3GetHDR10Data(BYTE *pucHDRData);
  91          #endif
  92          #endif
  93          
  94          #if(_HDMI_MAC_PAGE73_USE == _ON)
              
              #if(_HDMI_FREESYNC_II_SUPPORT == _ON)
              void ScalerTMDSRx4GetFreeSyncIIData(BYTE *pucFreeSyncIIData);
              #endif
              
              #if(_HDMI_HDR10_SUPPORT == _ON)
              void ScalerTMDSRx4GetHDR10Data(BYTE *pucHDRData);
              #endif
              #endif
 104          
 105          #if(_HDMI_MAC_PAGE74_USE == _ON)
              
              #if(_HDMI_FREESYNC_II_SUPPORT == _ON)
              void ScalerTMDSRx5GetFreeSyncIIData(BYTE *pucFreeSyncIIData);
              #endif
C51 COMPILER V9.60.0.0   SCALERCOMMONTMDS                                                  09/21/2026 15:32:44 PAGE 3   

              
              #if(_HDMI_HDR10_SUPPORT == _ON)
              void ScalerTMDSRx5GetHDR10Data(BYTE *pucHDRData);
              #endif
              #endif
 115          
 116          #if(_HDMI_2_0_SUPPORT == _ON)
 117          bit ScalerTMDSRxGetCableStatus(BYTE ucInputPort);
 118          void ScalerTMDSHdmiSetScdcInfo(BYTE ucInputPort);
 119          void ScalerTMDSHdmiSetScdcInfoProc(BYTE ucInputPort);
 120          void ScalerTMDSHdmiResetScdcInfo(BYTE ucInputPort);
 121          void ScalerTMDSHdmiHpd5vPinCheckEvent(BYTE ucInputPort, bit bEnable);
 122          void ScalerTMDSHdmiHpd5vPinCheckProc(BYTE ucInputPort);
 123          void ScalerTMDSHdmiHpd5vPinCheck(BYTE ucInputPort);
 124          EnumUserHdmi5vStatus ScalerTMDSHdmiHpd5vPinDetect(BYTE ucInputPort);
 125          void ScalerTMDSHdmiSetHpd5vPinHighFlag(BYTE ucInputPort, bit bValue);
 126          bit ScalerTMDSHdmiGetHpd5vPinHighFlag(BYTE ucInputPort);
 127          BYTE ScalerTMDSHdmiGetHwVersion(void);
 128          
 129          #if(_HDMI_FREESYNC_SUPPORT == _ON)
 130          EnumFreeSyncSupport ScalerTMDSHdmiGetFreeSyncSupport(BYTE ucInputPort);
 131          void ScalerTMDSHdmiSetAmdAupiScdcInfo(BYTE ucInputPort, bit bEnable);
 132          #endif
 133          #if(_DELL_HDMI_HPD_DDC_STYLE_SUPPORT == _ON)
              void ScalerTMDSRxAllPortScdcEnableSetting(bit bEnable);
              #endif
 136          #endif
 137          #endif // End of #if(_HDMI_SUPPORT == _ON)
 138          
 139          #if(_DVI_SUPPORT == _ON)
 140          void ScalerTMDSRxAcOnInitial(void);
 141          #endif
 142          
 143          //****************************************************************************
 144          // FUNCTION DEFINITIONS
 145          //****************************************************************************
 146          #if(_HDMI_SUPPORT == _ON)
 147          //--------------------------------------------------
 148          // Description  : Get HDMI AVI Info Contents
 149          // Input Value  : Content of Interest
 150          // Output Value : Content Value
 151          //--------------------------------------------------
 152          BYTE ScalerTMDSHdmiGetAVIInfo(BYTE ucInputPort, EnumAviInfoContent enumContent)
 153          {
 154   1          ucInputPort = ucInputPort;
 155   1      
 156   1          switch(ucInputPort)
 157   1          {
 158   2      #if(_D0_HDMI_SUPPORT == _ON)
                      case _D0_INPUT_PORT:
              
              #if(_D0_INPUT_PORT_TMDS_MAC_PAGE == _PAGE2)
                          return ScalerTMDSRx0HdmiGetAVIInfo(enumContent);
              #else
                          return ScalerTMDSRx0HdmiGetAVIInfo(enumContent);
              #endif
              
              #endif
 168   2      
 169   2      #if(_D1_HDMI_SUPPORT == _ON)
                      case _D1_INPUT_PORT:
              
C51 COMPILER V9.60.0.0   SCALERCOMMONTMDS                                                  09/21/2026 15:32:44 PAGE 4   

              #if(_D1_INPUT_PORT_TMDS_MAC_PAGE == _PAGE2)
                          return ScalerTMDSRx0HdmiGetAVIInfo(enumContent);
              #else
                          return ScalerTMDSRx1HdmiGetAVIInfo(enumContent);
              #endif
              
              #endif
 179   2      
 180   2      #if(_D2_HDMI_SUPPORT == _ON)
                      case _D2_INPUT_PORT:
              
              #if(_D2_INPUT_PORT_TMDS_MAC_PAGE == _PAGE2)
                          return ScalerTMDSRx0HdmiGetAVIInfo(enumContent);
              #else
                          return ScalerTMDSRx2HdmiGetAVIInfo(enumContent);
              #endif
              
              #endif
 190   2      
 191   2      #if(_D3_HDMI_SUPPORT == _ON)
 192   2              case _D3_INPUT_PORT:
 193   2      
 194   2      #if(_D3_INPUT_PORT_TMDS_MAC_PAGE == _PAGE2)
                          return ScalerTMDSRx0HdmiGetAVIInfo(enumContent);
              #else
 197   2                  return ScalerTMDSRx3HdmiGetAVIInfo(enumContent);
 198   2      #endif
 199   2      
 200   2      #endif
 201   2      
 202   2      #if(_D4_HDMI_SUPPORT == _ON)
                      case _D4_INPUT_PORT:
              
              #if(_D4_INPUT_PORT_TMDS_MAC_PAGE == _PAGE2)
                          return ScalerTMDSRx0HdmiGetAVIInfo(enumContent);
              #else
                          return ScalerTMDSRx4HdmiGetAVIInfo(enumContent);
              #endif
              
              #endif
 212   2      
 213   2      #if(_D5_HDMI_SUPPORT == _ON)
                      case _D5_INPUT_PORT:
              
              #if(_D5_INPUT_PORT_TMDS_MAC_PAGE == _PAGE2)
                          return ScalerTMDSRx0HdmiGetAVIInfo(enumContent);
              #else
                          return ScalerTMDSRx5HdmiGetAVIInfo(enumContent);
              #endif
              
              #endif
 223   2      
 224   2              default:
 225   2                  return _FALSE;
 226   2          }
 227   1      }
 228          
 229          //--------------------------------------------------
 230          // Description  : Get HDMI AVI Info Contents
 231          // Input Value  : Content of Interest
 232          // Output Value : Content Value
 233          //--------------------------------------------------
C51 COMPILER V9.60.0.0   SCALERCOMMONTMDS                                                  09/21/2026 15:32:44 PAGE 5   

 234          void ScalerTMDSSetPsWakeupHpdToggle(BYTE ucInputPort)
 235          {
 236   1          switch(ucInputPort)
 237   1          {
 238   2      #if(_D0_HDMI_SUPPORT == _ON)
                      case _D0_INPUT_PORT:
                          SET_TMDS_RX0_PS_WAKEUP_HPD_TOGGLE();
                          break;
              #endif
 243   2      
 244   2      #if(_D1_HDMI_SUPPORT == _ON)
                      case _D1_INPUT_PORT:
                          SET_TMDS_RX1_PS_WAKEUP_HPD_TOGGLE();
                          break;
              #endif
 249   2      
 250   2      #if(_D2_HDMI_SUPPORT == _ON)
                      case _D2_INPUT_PORT:
                          SET_TMDS_RX2_PS_WAKEUP_HPD_TOGGLE();
                          break;
              #endif
 255   2      
 256   2      #if(_D3_HDMI_SUPPORT == _ON)
 257   2              case _D3_INPUT_PORT:
 258   2                  SET_TMDS_RX3_PS_WAKEUP_HPD_TOGGLE();
 259   2                  break;
 260   2      #endif
 261   2      
 262   2      #if(_D4_HDMI_SUPPORT == _ON)
                      case _D4_INPUT_PORT:
                          SET_TMDS_RX4_PS_WAKEUP_HPD_TOGGLE();
                          break;
              #endif
 267   2      
 268   2      #if(_D5_HDMI_SUPPORT == _ON)
                      case _D5_INPUT_PORT:
                          SET_TMDS_RX5_PS_WAKEUP_HPD_TOGGLE();
                          break;
              #endif
 273   2      
 274   2              default:
 275   2                  break;
 276   2          }
 277   1      }
 278          
 279          #if((_HDMI_2_0_SUPPORT == _ON) && (_TMDS_HDMI_2_0_SCDC_RR_CTS_SUPPORT == _ON))
              //--------------------------------------------------
              // Description  : TMDS HPD IRQ Enable
              // Input Value  : None
              // Output Value : None
              //--------------------------------------------------
              void ScalerTMDSHDMI2HPDRRIRQEnable(BYTE ucInputPort, bit bEnable)
              {
                  ucInputPort = ucInputPort;
              
                  switch(ucInputPort)
                  {
              #if(_D0_HDMI_2_0_SUPPORT == _ON)
                      case _D0_INPUT_PORT:
              
              #if(_D0_INPUT_PORT_TMDS_MAC_PAGE == _PAGE2)
                          ScalerTMDSRx0HDMI2HPDRRIRQEnable(bEnable);
C51 COMPILER V9.60.0.0   SCALERCOMMONTMDS                                                  09/21/2026 15:32:44 PAGE 6   

              #else
                          ScalerTMDSRx0HDMI2HPDRRIRQEnable(bEnable);
              #endif
                          break;
              #endif
              
              #if(_D1_HDMI_2_0_SUPPORT == _ON)
                      case _D1_INPUT_PORT:
              
              #if(_D1_INPUT_PORT_TMDS_MAC_PAGE == _PAGE2)
                          ScalerTMDSRx0HDMI2HPDRRIRQEnable(bEnable);
              #else
                          ScalerTMDSRx1HDMI2HPDRRIRQEnable(bEnable);
              #endif
                          break;
              #endif
              
              #if(_D2_HDMI_2_0_SUPPORT == _ON)
                      case _D2_INPUT_PORT:
              
              #if(_D2_INPUT_PORT_TMDS_MAC_PAGE == _PAGE2)
                          ScalerTMDSRx0HDMI2HPDRRIRQEnable(bEnable);
              #else
                          ScalerTMDSRx2HDMI2HPDRRIRQEnable(bEnable);
              #endif
              
                          break;
              #endif
              
              #if(_D3_HDMI_2_0_SUPPORT == _ON)
                      case _D3_INPUT_PORT:
              
              #if(_D3_INPUT_PORT_TMDS_MAC_PAGE == _PAGE2)
                          ScalerTMDSRx0HDMI2HPDRRIRQEnable(bEnable);
              #else
                          ScalerTMDSRx3HDMI2HPDRRIRQEnable(bEnable);
              #endif
              
                          break;
              #endif
              
              #if(_D4_HDMI_2_0_SUPPORT == _ON)
                      case _D4_INPUT_PORT:
              
              #if(_D4_INPUT_PORT_TMDS_MAC_PAGE == _PAGE2)
                          ScalerTMDSRx0HDMI2HPDRRIRQEnable(bEnable);
              #else
                          ScalerTMDSRx4HDMI2HPDRRIRQEnable(bEnable);
              #endif
                          break;
              #endif
              
              #if(_D5_HDMI_2_0_SUPPORT == _ON)
                      case _D5_INPUT_PORT:
              
              #if(_D5_INPUT_PORT_TMDS_MAC_PAGE == _PAGE2)
                          ScalerTMDSRx0HDMI2HPDRRIRQEnable(bEnable);
              #else
                          ScalerTMDSRx5HDMI2HPDRRIRQEnable(bEnable);
              #endif
              
                          break;
C51 COMPILER V9.60.0.0   SCALERCOMMONTMDS                                                  09/21/2026 15:32:44 PAGE 7   

              #endif
              
                      default:
                          break;
                  }
              }
              #endif
 365          
 366          #if(_HDMI_MAC_PAGE2_USE == _ON)
              
              #if(_HDMI_FREESYNC_II_SUPPORT == _ON)
              //--------------------------------------------------
              // Description  : Get TMDS FreeSync II Data
              // Input Value  : pucFreeSyncIIData --> FreeSync II data
              // Output Value : None
              //--------------------------------------------------
              void ScalerTMDSRx0GetFreeSyncIIData(BYTE *pucFreeSyncIIData)
              {
                  ScalerGetDataPortByte(P2_CD_HDMI_PSAP, _TMDS_INFO_RSV2_DB0, 11, &pucFreeSyncIIData[0], _AUTOINC);
              }
              #endif // End of #if(_HDMI_FREESYNC_II_SUPPORT == _ON)
              
              #if(_HDMI_HDR10_SUPPORT == _ON)
              //--------------------------------------------------
              // Description  : Get TMDS HDR Data
              // Input Value  : pucHDRData --> HDR data
              // Output Value : None
              //--------------------------------------------------
              void ScalerTMDSRx0GetHDR10Data(BYTE *pucHDRData)
              {
                  ScalerGetDataPortByte(P2_CD_HDMI_PSAP, _HDR10_INFO_HDMI_VERSION, 2, &pucHDRData[0], _AUTOINC);
                  ScalerGetDataPortByte(P2_CD_HDMI_PSAP, _HDR10_INFO_HDMI_EOTF, 2, &pucHDRData[2], _AUTOINC);
                  ScalerGetDataPortByte(P2_CD_HDMI_PSAP, _HDR10_INFO_HDMI_DISPLAY_PRIMARIES_X0_LSB, 24, &pucHDRData[4], 
             -_AUTOINC);
              }
              #endif // End of #if(_HDMI_HDR10_SUPPORT == _ON)
              
              #endif
 395          
 396          #if(_HDMI_MAC_PAGE71_USE == _ON)
              
              #if(_HDMI_FREESYNC_II_SUPPORT == _ON)
              //--------------------------------------------------
              // Description  : Get TMDS FreeSync II Data
              // Input Value  : pucFreeSyncIIData --> FreeSync II data
              // Output Value : None
              //--------------------------------------------------
              void ScalerTMDSRx2GetFreeSyncIIData(BYTE *pucFreeSyncIIData)
              {
                  ScalerGetDataPortByte(P71_CD_HDMI_PSAP, _TMDS_INFO_RSV2_DB0, 11, &pucFreeSyncIIData[0], _AUTOINC);
              }
              #endif // End of #if(_HDMI_FREESYNC_II_SUPPORT == _ON)
              
              #if(_HDMI_HDR10_SUPPORT == _ON)
              //--------------------------------------------------
              // Description  : Get TMDS HDR Data
              // Input Value  : pucHDRData --> HDR data
              // Output Value : None
              //--------------------------------------------------
              void ScalerTMDSRx2GetHDR10Data(BYTE *pucHDRData)
              {
                  ScalerGetDataPortByte(P71_CD_HDMI_PSAP, _HDR10_INFO_HDMI_VERSION, 2, &pucHDRData[0], _AUTOINC);
C51 COMPILER V9.60.0.0   SCALERCOMMONTMDS                                                  09/21/2026 15:32:44 PAGE 8   

                  ScalerGetDataPortByte(P71_CD_HDMI_PSAP, _HDR10_INFO_HDMI_EOTF, 2, &pucHDRData[2], _AUTOINC);
                  ScalerGetDataPortByte(P71_CD_HDMI_PSAP, _HDR10_INFO_HDMI_DISPLAY_PRIMARIES_X0_LSB, 24, &pucHDRData[4],
             - _AUTOINC);
              }
              #endif // End of #if(_HDMI_HDR10_SUPPORT == _ON)
              
              #endif
 425          
 426          #if(_HDMI_MAC_PAGE72_USE == _ON)
 427          
 428          #if(_HDMI_FREESYNC_II_SUPPORT == _ON)
              //--------------------------------------------------
              // Description  : Get TMDS FreeSync II Data
              // Input Value  : pucFreeSyncIIData --> FreeSync II data
              // Output Value : None
              //--------------------------------------------------
              void ScalerTMDSRx3GetFreeSyncIIData(BYTE *pucFreeSyncIIData)
              {
                  ScalerGetDataPortByte(P72_CD_HDMI_PSAP, _TMDS_INFO_RSV2_DB0, 11, &pucFreeSyncIIData[0], _AUTOINC);
              }
              #endif // End of #if(_HDMI_FREESYNC_II_SUPPORT == _ON)
 439          
 440          #if(_HDMI_HDR10_SUPPORT == _ON)
 441          //--------------------------------------------------
 442          // Description  : Get TMDS HDR Data
 443          // Input Value  : pucHDRData --> HDR data
 444          // Output Value : None
 445          //--------------------------------------------------
 446          void ScalerTMDSRx3GetHDR10Data(BYTE *pucHDRData)
 447          {
 448   1          ScalerGetDataPortByte(P72_CD_HDMI_PSAP, _HDR10_INFO_HDMI_VERSION, 2, &pucHDRData[0], _AUTOINC);
 449   1          ScalerGetDataPortByte(P72_CD_HDMI_PSAP, _HDR10_INFO_HDMI_EOTF, 2, &pucHDRData[2], _AUTOINC);
 450   1          ScalerGetDataPortByte(P72_CD_HDMI_PSAP, _HDR10_INFO_HDMI_DISPLAY_PRIMARIES_X0_LSB, 24, &pucHDRData[4],
             - _AUTOINC);
 451   1      }
 452          #endif // End of #if(_HDMI_HDR10_SUPPORT == _ON)
 453          
 454          #endif
 455          
 456          #if(_HDMI_MAC_PAGE73_USE == _ON)
              
              #if(_HDMI_FREESYNC_II_SUPPORT == _ON)
              //--------------------------------------------------
              // Description  : Get TMDS FreeSync II Data
              // Input Value  : pucFreeSyncIIData --> FreeSync II data
              // Output Value : None
              //--------------------------------------------------
              void ScalerTMDSRx4GetFreeSyncIIData(BYTE *pucFreeSyncIIData)
              {
                  ScalerGetDataPortByte(P73_CD_HDMI_PSAP, _TMDS_INFO_RSV2_DB0, 11, &pucFreeSyncIIData[0], _AUTOINC);
              }
              #endif // End of #if(_HDMI_FREESYNC_II_SUPPORT == _ON)
              
              #if(_HDMI_HDR10_SUPPORT == _ON)
              //--------------------------------------------------
              // Description  : Get TMDS HDR Data
              // Input Value  : pucHDRData --> HDR data
              // Output Value : None
              //--------------------------------------------------
              void ScalerTMDSRx4GetHDR10Data(BYTE *pucHDRData)
              {
                  ScalerGetDataPortByte(P73_CD_HDMI_PSAP, _HDR10_INFO_HDMI_VERSION, 2, &pucHDRData[0], _AUTOINC);
C51 COMPILER V9.60.0.0   SCALERCOMMONTMDS                                                  09/21/2026 15:32:44 PAGE 9   

                  ScalerGetDataPortByte(P73_CD_HDMI_PSAP, _HDR10_INFO_HDMI_EOTF, 2, &pucHDRData[2], _AUTOINC);
                  ScalerGetDataPortByte(P73_CD_HDMI_PSAP, _HDR10_INFO_HDMI_DISPLAY_PRIMARIES_X0_LSB, 24, &pucHDRData[4],
             - _AUTOINC);
              }
              #endif // End of #if(_HDMI_HDR10_SUPPORT == _ON)
              
              #endif
 485          
 486          #if(_HDMI_MAC_PAGE74_USE == _ON)
              
              #if(_HDMI_FREESYNC_II_SUPPORT == _ON)
              //--------------------------------------------------
              // Description  : Get TMDS FreeSync II Data
              // Input Value  : pucFreeSyncIIData --> FreeSync II data
              // Output Value : None
              //--------------------------------------------------
              void ScalerTMDSRx5GetFreeSyncIIData(BYTE *pucFreeSyncIIData)
              {
                  ScalerGetDataPortByte(P74_CD_HDMI_PSAP, _TMDS_INFO_RSV2_DB0, 11, &pucFreeSyncIIData[0], _AUTOINC);
              }
              #endif // End of #if(_HDMI_FREESYNC_II_SUPPORT == _ON)
              
              #if(_HDMI_HDR10_SUPPORT == _ON)
              //--------------------------------------------------
              // Description  : Get TMDS HDR Data
              // Input Value  : pucHDRData --> HDR data
              // Output Value : None
              //--------------------------------------------------
              void ScalerTMDSRx5GetHDR10Data(BYTE *pucHDRData)
              {
                  ScalerGetDataPortByte(P74_CD_HDMI_PSAP, _HDR10_INFO_HDMI_VERSION, 2, &pucHDRData[0], _AUTOINC);
                  ScalerGetDataPortByte(P74_CD_HDMI_PSAP, _HDR10_INFO_HDMI_EOTF, 2, &pucHDRData[2], _AUTOINC);
                  ScalerGetDataPortByte(P74_CD_HDMI_PSAP, _HDR10_INFO_HDMI_DISPLAY_PRIMARIES_X0_LSB, 24, &pucHDRData[4],
             - _AUTOINC);
              }
              #endif // End of #if(_HDMI_HDR10_SUPPORT == _ON)
              #endif // End of #if(_HDMI_MAC_PAGE74_USE == _ON)
 514          
 515          #if(_HDMI_2_0_SUPPORT == _ON)
 516          //--------------------------------------------------
 517          // Description  : SET RX port HPD
 518          // Input Value  : RX Port
 519          // Output Value : None
 520          //--------------------------------------------------
 521          bit ScalerTMDSRxGetCableStatus(BYTE ucInputPort)
 522          {
 523   1          switch(ucInputPort)
 524   1          {
 525   2      #if(_D0_HDMI_SUPPORT == _ON)
                      case _D0_INPUT_PORT:
                          return GET_D0_CABLE_STATUS();
              #endif
 529   2      
 530   2      #if(_D1_HDMI_SUPPORT == _ON)
                      case _D1_INPUT_PORT:
                          return GET_D1_CABLE_STATUS();
              #endif
 534   2      
 535   2      #if(_D2_HDMI_SUPPORT == _ON)
                      case _D2_INPUT_PORT:
                          return GET_D2_CABLE_STATUS();
              #endif
C51 COMPILER V9.60.0.0   SCALERCOMMONTMDS                                                  09/21/2026 15:32:44 PAGE 10  

 539   2      
 540   2      #if(_D3_HDMI_SUPPORT == _ON)
 541   2              case _D3_INPUT_PORT:
 542   2                  return GET_D3_CABLE_STATUS();
 543   2      #endif
 544   2      
 545   2      #if(_D4_HDMI_SUPPORT == _ON)
                      case _D4_INPUT_PORT:
                          return GET_D4_CABLE_STATUS();
              #endif
 549   2      
 550   2      #if(_D5_HDMI_SUPPORT == _ON)
                      case _D5_INPUT_PORT:
                          return GET_D5_CABLE_STATUS();
              #endif
 554   2              default:
 555   2                  return _FALSE;
 556   2          }
 557   1      }
 558          
 559          //--------------------------------------------------
 560          // Description  : TMDS Set Scdc Info
 561          // Input Value  : ucInputPort
 562          // Output Value : None
 563          //--------------------------------------------------
 564          void ScalerTMDSHdmiSetScdcInfo(BYTE ucInputPort)
 565          {
 566   1          ScalerTMDSHdmiSetScdcInfoProc(ucInputPort);
 567   1      }
 568          
 569          //--------------------------------------------------
 570          // Description  : TMDS Set Scdc Info Proc
 571          // Input Value  : ucInputPort
 572          // Output Value : None
 573          //--------------------------------------------------
 574          void ScalerTMDSHdmiSetScdcInfoProc(BYTE ucInputPort)
 575          {
 576   1          switch(ucInputPort)
 577   1          {
 578   2      #if(_D1_HDMI_2_0_SUPPORT == _ON)
                      case _D1_INPUT_PORT:
              
              #if(_D1_INPUT_PORT_TMDS_MAC_PAGE == _PAGE2)
                          ScalerSetDataPortByte(P2_39_HDMI_CTRL_39, _P2_3A_PT_D0_PORT_PAGE02_HDMI_SCDC_D0, g_stTmdsMacRx
             -ScdcInfoSet.ucManufactureOuiL);
                          ScalerSetDataPortByte(P2_39_HDMI_CTRL_39, _P2_3A_PT_D1_PORT_PAGE02_HDMI_SCDC_D1, g_stTmdsMacRx
             -ScdcInfoSet.ucManufactureOuiM);
                          ScalerSetDataPortByte(P2_39_HDMI_CTRL_39, _P2_3A_PT_D2_PORT_PAGE02_HDMI_SCDC_D2, g_stTmdsMacRx
             -ScdcInfoSet.ucManufactureOuiH);
                          ScalerSetDataPortByte(P2_39_HDMI_CTRL_39, _P2_3A_PT_D3_PORT_PAGE02_HDMI_SCDC_D3, g_stTmdsMacRx
             -ScdcInfoSet.pucIdstring[0]);
                          ScalerSetDataPortByte(P2_39_HDMI_CTRL_39, _P2_3A_PT_D4_PORT_PAGE02_HDMI_SCDC_D4, g_stTmdsMacRx
             -ScdcInfoSet.pucIdstring[1]);
                          ScalerSetDataPortByte(P2_39_HDMI_CTRL_39, _P2_3A_PT_D5_PORT_PAGE02_HDMI_SCDC_D5, g_stTmdsMacRx
             -ScdcInfoSet.pucIdstring[2]);
                          ScalerSetDataPortByte(P2_39_HDMI_CTRL_39, _P2_3A_PT_D6_PORT_PAGE02_HDMI_SCDC_D6, g_stTmdsMacRx
             -ScdcInfoSet.pucIdstring[3]);
                          ScalerSetDataPortByte(P2_39_HDMI_CTRL_39, _P2_3A_PT_D7_PORT_PAGE02_HDMI_SCDC_D7, g_stTmdsMacRx
             -ScdcInfoSet.pucIdstring[4]);
                          ScalerSetDataPortByte(P2_39_HDMI_CTRL_39, _P2_3A_PT_D8_PORT_PAGE02_HDMI_SCDC_D8, g_stTmdsMacRx
             -ScdcInfoSet.pucIdstring[5]);
                          ScalerSetDataPortByte(P2_39_HDMI_CTRL_39, _P2_3A_PT_D9_PORT_PAGE02_HDMI_SCDC_D9, g_stTmdsMacRx
C51 COMPILER V9.60.0.0   SCALERCOMMONTMDS                                                  09/21/2026 15:32:44 PAGE 11  

             -ScdcInfoSet.pucIdstring[6]);
                          ScalerSetDataPortByte(P2_39_HDMI_CTRL_39, _P2_3A_PT_DA_PORT_PAGE02_HDMI_SCDC_DA, g_stTmdsMacRx
             -ScdcInfoSet.pucIdstring[7]);
                          ScalerSetDataPortByte(P2_39_HDMI_CTRL_39, _P2_3A_PT_DB_PORT_PAGE02_HDMI_SCDC_DB, g_stTmdsMacRx
             -ScdcInfoSet.ucHdmiHwVersion);
                          ScalerSetDataPortByte(P2_39_HDMI_CTRL_39, _P2_3A_PT_DC_PORT_PAGE02_HDMI_SCDC_DC, g_stTmdsMacRx
             -ScdcInfoSet.ucHdmiFwVersionMajor);
                          ScalerSetDataPortByte(P2_39_HDMI_CTRL_39, _P2_3A_PT_DD_PORT_PAGE02_HDMI_SCDC_DD, g_stTmdsMacRx
             -ScdcInfoSet.ucHdmiFwVersionMinor);
              
                          DebugMessageScaler("RL6492 Set Rx0 SCDC Version Info", 0x00);
              #else
                          ScalerSetDataPortByte(P71_39_HDMI_CTRL_39, _P71_3A_PT_D0_PORT_PAGE71_HDMI_SCDC_D0, g_stTmdsMac
             -RxScdcInfoSet.ucManufactureOuiL);
                          ScalerSetDataPortByte(P71_39_HDMI_CTRL_39, _P71_3A_PT_D1_PORT_PAGE71_HDMI_SCDC_D1, g_stTmdsMac
             -RxScdcInfoSet.ucManufactureOuiM);
                          ScalerSetDataPortByte(P71_39_HDMI_CTRL_39, _P71_3A_PT_D2_PORT_PAGE71_HDMI_SCDC_D2, g_stTmdsMac
             -RxScdcInfoSet.ucManufactureOuiH);
                          ScalerSetDataPortByte(P71_39_HDMI_CTRL_39, _P71_3A_PT_D3_PORT_PAGE71_HDMI_SCDC_D3, g_stTmdsMac
             -RxScdcInfoSet.pucIdstring[0]);
                          ScalerSetDataPortByte(P71_39_HDMI_CTRL_39, _P71_3A_PT_D4_PORT_PAGE71_HDMI_SCDC_D4, g_stTmdsMac
             -RxScdcInfoSet.pucIdstring[1]);
                          ScalerSetDataPortByte(P71_39_HDMI_CTRL_39, _P71_3A_PT_D5_PORT_PAGE71_HDMI_SCDC_D5, g_stTmdsMac
             -RxScdcInfoSet.pucIdstring[2]);
                          ScalerSetDataPortByte(P71_39_HDMI_CTRL_39, _P71_3A_PT_D6_PORT_PAGE71_HDMI_SCDC_D6, g_stTmdsMac
             -RxScdcInfoSet.pucIdstring[3]);
                          ScalerSetDataPortByte(P71_39_HDMI_CTRL_39, _P71_3A_PT_D7_PORT_PAGE71_HDMI_SCDC_D7, g_stTmdsMac
             -RxScdcInfoSet.pucIdstring[4]);
                          ScalerSetDataPortByte(P71_39_HDMI_CTRL_39, _P71_3A_PT_D8_PORT_PAGE71_HDMI_SCDC_D8, g_stTmdsMac
             -RxScdcInfoSet.pucIdstring[5]);
                          ScalerSetDataPortByte(P71_39_HDMI_CTRL_39, _P71_3A_PT_D9_PORT_PAGE71_HDMI_SCDC_D9, g_stTmdsMac
             -RxScdcInfoSet.pucIdstring[6]);
                          ScalerSetDataPortByte(P71_39_HDMI_CTRL_39, _P71_3A_PT_DA_PORT_PAGE71_HDMI_SCDC_DA, g_stTmdsMac
             -RxScdcInfoSet.pucIdstring[7]);
                          ScalerSetDataPortByte(P71_39_HDMI_CTRL_39, _P71_3A_PT_DB_PORT_PAGE71_HDMI_SCDC_DB, g_stTmdsMac
             -RxScdcInfoSet.ucHdmiHwVersion);
                          ScalerSetDataPortByte(P71_39_HDMI_CTRL_39, _P71_3A_PT_DC_PORT_PAGE71_HDMI_SCDC_DC, g_stTmdsMac
             -RxScdcInfoSet.ucHdmiFwVersionMajor);
                          ScalerSetDataPortByte(P71_39_HDMI_CTRL_39, _P71_3A_PT_DD_PORT_PAGE71_HDMI_SCDC_DD, g_stTmdsMac
             -RxScdcInfoSet.ucHdmiFwVersionMinor);
              
                          DebugMessageRx1("Set Rx1 SCDC Version Info", 0x00);
              #endif
                          break;
              #endif
 618   2      
 619   2      #if(_D2_HDMI_2_0_SUPPORT == _ON)
                      case _D2_INPUT_PORT:
              
              #if(_D2_INPUT_PORT_TMDS_MAC_PAGE == _PAGE2)
                          ScalerSetDataPortByte(P2_39_HDMI_CTRL_39, _P2_3A_PT_D0_PORT_PAGE02_HDMI_SCDC_D0, g_stTmdsMacRx
             -ScdcInfoSet.ucManufactureOuiL);
                          ScalerSetDataPortByte(P2_39_HDMI_CTRL_39, _P2_3A_PT_D1_PORT_PAGE02_HDMI_SCDC_D1, g_stTmdsMacRx
             -ScdcInfoSet.ucManufactureOuiM);
                          ScalerSetDataPortByte(P2_39_HDMI_CTRL_39, _P2_3A_PT_D2_PORT_PAGE02_HDMI_SCDC_D2, g_stTmdsMacRx
             -ScdcInfoSet.ucManufactureOuiH);
                          ScalerSetDataPortByte(P2_39_HDMI_CTRL_39, _P2_3A_PT_D3_PORT_PAGE02_HDMI_SCDC_D3, g_stTmdsMacRx
             -ScdcInfoSet.pucIdstring[0]);
                          ScalerSetDataPortByte(P2_39_HDMI_CTRL_39, _P2_3A_PT_D4_PORT_PAGE02_HDMI_SCDC_D4, g_stTmdsMacRx
             -ScdcInfoSet.pucIdstring[1]);
                          ScalerSetDataPortByte(P2_39_HDMI_CTRL_39, _P2_3A_PT_D5_PORT_PAGE02_HDMI_SCDC_D5, g_stTmdsMacRx
             -ScdcInfoSet.pucIdstring[2]);
C51 COMPILER V9.60.0.0   SCALERCOMMONTMDS                                                  09/21/2026 15:32:44 PAGE 12  

                          ScalerSetDataPortByte(P2_39_HDMI_CTRL_39, _P2_3A_PT_D6_PORT_PAGE02_HDMI_SCDC_D6, g_stTmdsMacRx
             -ScdcInfoSet.pucIdstring[3]);
                          ScalerSetDataPortByte(P2_39_HDMI_CTRL_39, _P2_3A_PT_D7_PORT_PAGE02_HDMI_SCDC_D7, g_stTmdsMacRx
             -ScdcInfoSet.pucIdstring[4]);
                          ScalerSetDataPortByte(P2_39_HDMI_CTRL_39, _P2_3A_PT_D8_PORT_PAGE02_HDMI_SCDC_D8, g_stTmdsMacRx
             -ScdcInfoSet.pucIdstring[5]);
                          ScalerSetDataPortByte(P2_39_HDMI_CTRL_39, _P2_3A_PT_D9_PORT_PAGE02_HDMI_SCDC_D9, g_stTmdsMacRx
             -ScdcInfoSet.pucIdstring[6]);
                          ScalerSetDataPortByte(P2_39_HDMI_CTRL_39, _P2_3A_PT_DA_PORT_PAGE02_HDMI_SCDC_DA, g_stTmdsMacRx
             -ScdcInfoSet.pucIdstring[7]);
                          ScalerSetDataPortByte(P2_39_HDMI_CTRL_39, _P2_3A_PT_DB_PORT_PAGE02_HDMI_SCDC_DB, g_stTmdsMacRx
             -ScdcInfoSet.ucHdmiHwVersion);
                          ScalerSetDataPortByte(P2_39_HDMI_CTRL_39, _P2_3A_PT_DC_PORT_PAGE02_HDMI_SCDC_DC, g_stTmdsMacRx
             -ScdcInfoSet.ucHdmiFwVersionMajor);
                          ScalerSetDataPortByte(P2_39_HDMI_CTRL_39, _P2_3A_PT_DD_PORT_PAGE02_HDMI_SCDC_DD, g_stTmdsMacRx
             -ScdcInfoSet.ucHdmiFwVersionMinor);
              
                          DebugMessageScaler("RL6492 Set Rx SCDC Version Info", 0x00);
              #else
                          ScalerSetDataPortByte(P71_39_HDMI_CTRL_39, _P71_3A_PT_D0_PORT_PAGE71_HDMI_SCDC_D0, g_stTmdsMac
             -RxScdcInfoSet.ucManufactureOuiL);
                          ScalerSetDataPortByte(P71_39_HDMI_CTRL_39, _P71_3A_PT_D1_PORT_PAGE71_HDMI_SCDC_D1, g_stTmdsMac
             -RxScdcInfoSet.ucManufactureOuiM);
                          ScalerSetDataPortByte(P71_39_HDMI_CTRL_39, _P71_3A_PT_D2_PORT_PAGE71_HDMI_SCDC_D2, g_stTmdsMac
             -RxScdcInfoSet.ucManufactureOuiH);
                          ScalerSetDataPortByte(P71_39_HDMI_CTRL_39, _P71_3A_PT_D3_PORT_PAGE71_HDMI_SCDC_D3, g_stTmdsMac
             -RxScdcInfoSet.pucIdstring[0]);
                          ScalerSetDataPortByte(P71_39_HDMI_CTRL_39, _P71_3A_PT_D4_PORT_PAGE71_HDMI_SCDC_D4, g_stTmdsMac
             -RxScdcInfoSet.pucIdstring[1]);
                          ScalerSetDataPortByte(P71_39_HDMI_CTRL_39, _P71_3A_PT_D5_PORT_PAGE71_HDMI_SCDC_D5, g_stTmdsMac
             -RxScdcInfoSet.pucIdstring[2]);
                          ScalerSetDataPortByte(P71_39_HDMI_CTRL_39, _P71_3A_PT_D6_PORT_PAGE71_HDMI_SCDC_D6, g_stTmdsMac
             -RxScdcInfoSet.pucIdstring[3]);
                          ScalerSetDataPortByte(P71_39_HDMI_CTRL_39, _P71_3A_PT_D7_PORT_PAGE71_HDMI_SCDC_D7, g_stTmdsMac
             -RxScdcInfoSet.pucIdstring[4]);
                          ScalerSetDataPortByte(P71_39_HDMI_CTRL_39, _P71_3A_PT_D8_PORT_PAGE71_HDMI_SCDC_D8, g_stTmdsMac
             -RxScdcInfoSet.pucIdstring[5]);
                          ScalerSetDataPortByte(P71_39_HDMI_CTRL_39, _P71_3A_PT_D9_PORT_PAGE71_HDMI_SCDC_D9, g_stTmdsMac
             -RxScdcInfoSet.pucIdstring[6]);
                          ScalerSetDataPortByte(P71_39_HDMI_CTRL_39, _P71_3A_PT_DA_PORT_PAGE71_HDMI_SCDC_DA, g_stTmdsMac
             -RxScdcInfoSet.pucIdstring[7]);
                          ScalerSetDataPortByte(P71_39_HDMI_CTRL_39, _P71_3A_PT_DB_PORT_PAGE71_HDMI_SCDC_DB, g_stTmdsMac
             -RxScdcInfoSet.ucHdmiHwVersion);
                          ScalerSetDataPortByte(P71_39_HDMI_CTRL_39, _P71_3A_PT_DC_PORT_PAGE71_HDMI_SCDC_DC, g_stTmdsMac
             -RxScdcInfoSet.ucHdmiFwVersionMajor);
                          ScalerSetDataPortByte(P71_39_HDMI_CTRL_39, _P71_3A_PT_DD_PORT_PAGE71_HDMI_SCDC_DD, g_stTmdsMac
             -RxScdcInfoSet.ucHdmiFwVersionMinor);
              
                          DebugMessageRx2("Set Rx2 SCDC Version Info", 0x00);
              #endif
                          break;
              #endif
 659   2      
 660   2      #if(_D3_HDMI_2_0_SUPPORT == _ON)
 661   2              case _D3_INPUT_PORT:
 662   2      
 663   2                  ScalerSetDataPortByte(P72_39_HDMI_CTRL_39, _P72_3A_PT_D0_PORT_PAGE72_HDMI_SCDC_D0, g_stTmdsMac
             -RxScdcInfoSet.ucManufactureOuiL);
 664   2                  ScalerSetDataPortByte(P72_39_HDMI_CTRL_39, _P72_3A_PT_D1_PORT_PAGE72_HDMI_SCDC_D1, g_stTmdsMac
             -RxScdcInfoSet.ucManufactureOuiM);
 665   2                  ScalerSetDataPortByte(P72_39_HDMI_CTRL_39, _P72_3A_PT_D2_PORT_PAGE72_HDMI_SCDC_D2, g_stTmdsMac
             -RxScdcInfoSet.ucManufactureOuiH);
C51 COMPILER V9.60.0.0   SCALERCOMMONTMDS                                                  09/21/2026 15:32:44 PAGE 13  

 666   2                  ScalerSetDataPortByte(P72_39_HDMI_CTRL_39, _P72_3A_PT_D3_PORT_PAGE72_HDMI_SCDC_D3, g_stTmdsMac
             -RxScdcInfoSet.pucIdstring[0]);
 667   2                  ScalerSetDataPortByte(P72_39_HDMI_CTRL_39, _P72_3A_PT_D4_PORT_PAGE72_HDMI_SCDC_D4, g_stTmdsMac
             -RxScdcInfoSet.pucIdstring[1]);
 668   2                  ScalerSetDataPortByte(P72_39_HDMI_CTRL_39, _P72_3A_PT_D5_PORT_PAGE72_HDMI_SCDC_D5, g_stTmdsMac
             -RxScdcInfoSet.pucIdstring[2]);
 669   2                  ScalerSetDataPortByte(P72_39_HDMI_CTRL_39, _P72_3A_PT_D6_PORT_PAGE72_HDMI_SCDC_D6, g_stTmdsMac
             -RxScdcInfoSet.pucIdstring[3]);
 670   2                  ScalerSetDataPortByte(P72_39_HDMI_CTRL_39, _P72_3A_PT_D7_PORT_PAGE72_HDMI_SCDC_D7, g_stTmdsMac
             -RxScdcInfoSet.pucIdstring[4]);
 671   2                  ScalerSetDataPortByte(P72_39_HDMI_CTRL_39, _P72_3A_PT_D8_PORT_PAGE72_HDMI_SCDC_D8, g_stTmdsMac
             -RxScdcInfoSet.pucIdstring[5]);
 672   2                  ScalerSetDataPortByte(P72_39_HDMI_CTRL_39, _P72_3A_PT_D9_PORT_PAGE72_HDMI_SCDC_D9, g_stTmdsMac
             -RxScdcInfoSet.pucIdstring[6]);
 673   2                  ScalerSetDataPortByte(P72_39_HDMI_CTRL_39, _P72_3A_PT_DA_PORT_PAGE72_HDMI_SCDC_DA, g_stTmdsMac
             -RxScdcInfoSet.pucIdstring[7]);
 674   2                  ScalerSetDataPortByte(P72_39_HDMI_CTRL_39, _P72_3A_PT_DB_PORT_PAGE72_HDMI_SCDC_DB, g_stTmdsMac
             -RxScdcInfoSet.ucHdmiHwVersion);
 675   2                  ScalerSetDataPortByte(P72_39_HDMI_CTRL_39, _P72_3A_PT_DC_PORT_PAGE72_HDMI_SCDC_DC, g_stTmdsMac
             -RxScdcInfoSet.ucHdmiFwVersionMajor);
 676   2                  ScalerSetDataPortByte(P72_39_HDMI_CTRL_39, _P72_3A_PT_DD_PORT_PAGE72_HDMI_SCDC_DD, g_stTmdsMac
             -RxScdcInfoSet.ucHdmiFwVersionMinor);
 677   2      
 678   2                  DebugMessageRx3("Set Rx3 SCDC Version Info", 0x00);
 679   2                  break;
 680   2      #endif
 681   2      
 682   2      #if(_D4_HDMI_2_0_SUPPORT == _ON)
                      case _D4_INPUT_PORT:
              
                          ScalerSetDataPortByte(P73_39_HDMI_CTRL_39, _P73_3A_PT_D0_PORT_PAGE73_HDMI_SCDC_D0, g_stTmdsMac
             -RxScdcInfoSet.ucManufactureOuiL);
                          ScalerSetDataPortByte(P73_39_HDMI_CTRL_39, _P73_3A_PT_D1_PORT_PAGE73_HDMI_SCDC_D1, g_stTmdsMac
             -RxScdcInfoSet.ucManufactureOuiM);
                          ScalerSetDataPortByte(P73_39_HDMI_CTRL_39, _P73_3A_PT_D2_PORT_PAGE73_HDMI_SCDC_D2, g_stTmdsMac
             -RxScdcInfoSet.ucManufactureOuiH);
                          ScalerSetDataPortByte(P73_39_HDMI_CTRL_39, _P73_3A_PT_D3_PORT_PAGE73_HDMI_SCDC_D3, g_stTmdsMac
             -RxScdcInfoSet.pucIdstring[0]);
                          ScalerSetDataPortByte(P73_39_HDMI_CTRL_39, _P73_3A_PT_D4_PORT_PAGE73_HDMI_SCDC_D4, g_stTmdsMac
             -RxScdcInfoSet.pucIdstring[1]);
                          ScalerSetDataPortByte(P73_39_HDMI_CTRL_39, _P73_3A_PT_D5_PORT_PAGE73_HDMI_SCDC_D5, g_stTmdsMac
             -RxScdcInfoSet.pucIdstring[2]);
                          ScalerSetDataPortByte(P73_39_HDMI_CTRL_39, _P73_3A_PT_D6_PORT_PAGE73_HDMI_SCDC_D6, g_stTmdsMac
             -RxScdcInfoSet.pucIdstring[3]);
                          ScalerSetDataPortByte(P73_39_HDMI_CTRL_39, _P73_3A_PT_D7_PORT_PAGE73_HDMI_SCDC_D7, g_stTmdsMac
             -RxScdcInfoSet.pucIdstring[4]);
                          ScalerSetDataPortByte(P73_39_HDMI_CTRL_39, _P73_3A_PT_D8_PORT_PAGE73_HDMI_SCDC_D8, g_stTmdsMac
             -RxScdcInfoSet.pucIdstring[5]);
                          ScalerSetDataPortByte(P73_39_HDMI_CTRL_39, _P73_3A_PT_D9_PORT_PAGE73_HDMI_SCDC_D9, g_stTmdsMac
             -RxScdcInfoSet.pucIdstring[6]);
                          ScalerSetDataPortByte(P73_39_HDMI_CTRL_39, _P73_3A_PT_DA_PORT_PAGE73_HDMI_SCDC_DA, g_stTmdsMac
             -RxScdcInfoSet.pucIdstring[7]);
                          ScalerSetDataPortByte(P73_39_HDMI_CTRL_39, _P73_3A_PT_DB_PORT_PAGE73_HDMI_SCDC_DB, g_stTmdsMac
             -RxScdcInfoSet.ucHdmiHwVersion);
                          ScalerSetDataPortByte(P73_39_HDMI_CTRL_39, _P73_3A_PT_DC_PORT_PAGE73_HDMI_SCDC_DC, g_stTmdsMac
             -RxScdcInfoSet.ucHdmiFwVersionMajor);
                          ScalerSetDataPortByte(P73_39_HDMI_CTRL_39, _P73_3A_PT_DD_PORT_PAGE73_HDMI_SCDC_DD, g_stTmdsMac
             -RxScdcInfoSet.ucHdmiFwVersionMinor);
              
                          DebugMessageRx4("Set Rx4 SCDC Version Info", 0x00);
                          break;
              #endif
C51 COMPILER V9.60.0.0   SCALERCOMMONTMDS                                                  09/21/2026 15:32:44 PAGE 14  

 703   2      
 704   2      #if(_D5_HDMI_2_0_SUPPORT == _ON)
                      case _D5_INPUT_PORT:
              
                          ScalerSetDataPortByte(P74_39_HDMI_CTRL_39, _P74_3A_PT_D0_PORT_PAGE74_HDMI_SCDC_D0, g_stTmdsMac
             -RxScdcInfoSet.ucManufactureOuiL);
                          ScalerSetDataPortByte(P74_39_HDMI_CTRL_39, _P74_3A_PT_D1_PORT_PAGE74_HDMI_SCDC_D1, g_stTmdsMac
             -RxScdcInfoSet.ucManufactureOuiM);
                          ScalerSetDataPortByte(P74_39_HDMI_CTRL_39, _P74_3A_PT_D2_PORT_PAGE74_HDMI_SCDC_D2, g_stTmdsMac
             -RxScdcInfoSet.ucManufactureOuiH);
                          ScalerSetDataPortByte(P74_39_HDMI_CTRL_39, _P74_3A_PT_D3_PORT_PAGE74_HDMI_SCDC_D3, g_stTmdsMac
             -RxScdcInfoSet.pucIdstring[0]);
                          ScalerSetDataPortByte(P74_39_HDMI_CTRL_39, _P74_3A_PT_D4_PORT_PAGE74_HDMI_SCDC_D4, g_stTmdsMac
             -RxScdcInfoSet.pucIdstring[1]);
                          ScalerSetDataPortByte(P74_39_HDMI_CTRL_39, _P74_3A_PT_D5_PORT_PAGE74_HDMI_SCDC_D5, g_stTmdsMac
             -RxScdcInfoSet.pucIdstring[2]);
                          ScalerSetDataPortByte(P74_39_HDMI_CTRL_39, _P74_3A_PT_D6_PORT_PAGE74_HDMI_SCDC_D6, g_stTmdsMac
             -RxScdcInfoSet.pucIdstring[3]);
                          ScalerSetDataPortByte(P74_39_HDMI_CTRL_39, _P74_3A_PT_D7_PORT_PAGE74_HDMI_SCDC_D7, g_stTmdsMac
             -RxScdcInfoSet.pucIdstring[4]);
                          ScalerSetDataPortByte(P74_39_HDMI_CTRL_39, _P74_3A_PT_D8_PORT_PAGE74_HDMI_SCDC_D8, g_stTmdsMac
             -RxScdcInfoSet.pucIdstring[5]);
                          ScalerSetDataPortByte(P74_39_HDMI_CTRL_39, _P74_3A_PT_D9_PORT_PAGE74_HDMI_SCDC_D9, g_stTmdsMac
             -RxScdcInfoSet.pucIdstring[6]);
                          ScalerSetDataPortByte(P74_39_HDMI_CTRL_39, _P74_3A_PT_DA_PORT_PAGE74_HDMI_SCDC_DA, g_stTmdsMac
             -RxScdcInfoSet.pucIdstring[7]);
                          ScalerSetDataPortByte(P74_39_HDMI_CTRL_39, _P74_3A_PT_DB_PORT_PAGE74_HDMI_SCDC_DB, g_stTmdsMac
             -RxScdcInfoSet.ucHdmiHwVersion);
                          ScalerSetDataPortByte(P74_39_HDMI_CTRL_39, _P74_3A_PT_DC_PORT_PAGE74_HDMI_SCDC_DC, g_stTmdsMac
             -RxScdcInfoSet.ucHdmiFwVersionMajor);
                          ScalerSetDataPortByte(P74_39_HDMI_CTRL_39, _P74_3A_PT_DD_PORT_PAGE74_HDMI_SCDC_DD, g_stTmdsMac
             -RxScdcInfoSet.ucHdmiFwVersionMinor);
              
                          DebugMessageRx5("Set Rx5 SCDC Version Info", 0x00);
                          break;
              #endif
 725   2              default:
 726   2                  break;
 727   2          }
 728   1      }
 729          //--------------------------------------------------
 730          // Description  : TMDS Reset Scdc Info
 731          // Input Value  : ucInputPort
 732          // Output Value : None
 733          //--------------------------------------------------
 734          void ScalerTMDSHdmiResetScdcInfo(BYTE ucInputPort)
 735          {
 736   1          switch(ucInputPort)
 737   1          {
 738   2      #if(_D1_HDMI_2_0_SUPPORT == _ON)
                      case _D1_INPUT_PORT:
              
              #if(_D1_INPUT_PORT_TMDS_MAC_PAGE == _PAGE2)
                          // Disable CED Function
                          ScalerSetBit(P2_0B_HDMI_CTRL_0B, ~(_BIT7 | _BIT6 | _BIT5 | _BIT4 | _BIT3 | _BIT2), 0x00);
              
                          // Pop Up CED Error For Clear Error Counter
                          ScalerSetBit(P2_0C_HDMI_CTRL_0C, ~_BIT7, _BIT7);
              
                          // Disable CED Lock Transition IRQ & Flag
                          ScalerSetBit(P2_17_HDMI_CTRL_17, ~(_BIT6 | _BIT2 | _BIT1 | _BIT0), (_BIT2 | _BIT1 | _BIT0));
                          ScalerSetBit(P2_18_HDMI_CTRL_18, ~(_BIT2 | _BIT1 | _BIT0), 0x00);
C51 COMPILER V9.60.0.0   SCALERCOMMONTMDS                                                  09/21/2026 15:32:44 PAGE 15  

              
                          // Clear SCDC CED Counter
                          ScalerSetBit(P2_28_HDMI_CTRL_28, ~(_BIT3 | _BIT1), _BIT1);
              
                          // Reset SCDC
                          ScalerSetBit(P2_38_HDMI_CTRL_38, ~(_BIT2 | _BIT1), (_BIT2 | _BIT1));
              #else
                          // Disable CED Function
                          ScalerSetBit(P71_0B_HDMI_CTRL_0B, ~(_BIT7 | _BIT6 | _BIT5 | _BIT4 | _BIT3 | _BIT2), 0x00);
              
                          // Pop Up CED Error For Clear Error Counter
                          ScalerSetBit(P71_0C_HDMI_CTRL_0C, ~_BIT7, _BIT7);
              
                          // Disable CED Lock Transition IRQ & Flag
                          ScalerSetBit(P71_17_HDMI_CTRL_17, ~(_BIT6 | _BIT2 | _BIT1 | _BIT0), (_BIT2 | _BIT1 | _BIT0));
                          ScalerSetBit(P71_18_HDMI_CTRL_18, ~(_BIT2 | _BIT1 | _BIT0), 0x00);
              
                          // Clear SCDC CED Counter
                          ScalerSetBit(P71_28_HDMI_CTRL_28, ~(_BIT3 | _BIT1), _BIT1);
              
                          // Reset SCDC
                          ScalerSetBit(P71_38_HDMI_CTRL_38, ~(_BIT2 | _BIT1), (_BIT2 | _BIT1));
              #endif
                          break;
              #endif
 776   2      
 777   2      #if(_D2_HDMI_2_0_SUPPORT == _ON)
                      case _D2_INPUT_PORT:
              
              #if(_D2_INPUT_PORT_TMDS_MAC_PAGE == _PAGE2)
                          // Disable CED Function
                          ScalerSetBit(P2_0B_HDMI_CTRL_0B, ~(_BIT7 | _BIT6 | _BIT5 | _BIT4 | _BIT3 | _BIT2), 0x00);
              
                          // Pop Up CED Error For Clear Error Counter
                          ScalerSetBit(P2_0C_HDMI_CTRL_0C, ~_BIT7, _BIT7);
              
                          // Disable CED Lock Transition IRQ & Flag
                          ScalerSetBit(P2_17_HDMI_CTRL_17, ~(_BIT6 | _BIT2 | _BIT1 | _BIT0), (_BIT2 | _BIT1 | _BIT0));
                          ScalerSetBit(P2_18_HDMI_CTRL_18, ~(_BIT2 | _BIT1 | _BIT0), 0x00);
              
                          // Clear SCDC CED Counter
                          ScalerSetBit(P2_28_HDMI_CTRL_28, ~(_BIT3 | _BIT1), _BIT1);
              
                          // Reset SCDC
                          ScalerSetBit(P2_38_HDMI_CTRL_38, ~(_BIT2 | _BIT1), (_BIT2 | _BIT1));
              #else
                          // Disable CED Function
                          ScalerSetBit(P71_0B_HDMI_CTRL_0B, ~(_BIT7 | _BIT6 | _BIT5 | _BIT4 | _BIT3 | _BIT2), 0x00);
              
                          // Pop Up CED Error For Clear Error Counter
                          ScalerSetBit(P71_0C_HDMI_CTRL_0C, ~_BIT7, _BIT7);
              
                          // Disable CED Lock Transition IRQ & Flag
                          ScalerSetBit(P71_17_HDMI_CTRL_17, ~(_BIT6 | _BIT2 | _BIT1 | _BIT0), (_BIT2 | _BIT1 | _BIT0));
                          ScalerSetBit(P71_18_HDMI_CTRL_18, ~(_BIT2 | _BIT1 | _BIT0), 0x00);
              
                          // Clear SCDC CED Counter
                          ScalerSetBit(P71_28_HDMI_CTRL_28, ~(_BIT3 | _BIT1), _BIT1);
              
                          // Reset SCDC
                          ScalerSetBit(P71_38_HDMI_CTRL_38, ~(_BIT2 | _BIT1), (_BIT2 | _BIT1));
              #endif
C51 COMPILER V9.60.0.0   SCALERCOMMONTMDS                                                  09/21/2026 15:32:44 PAGE 16  

                          break;
              #endif
 815   2      
 816   2      #if(_D3_HDMI_2_0_SUPPORT == _ON)
 817   2              case _D3_INPUT_PORT:
 818   2                  // Disable CED Function
 819   2                  ScalerSetBit(P72_0B_HDMI_CTRL_0B, ~(_BIT7 | _BIT6 | _BIT5 | _BIT4 | _BIT3 | _BIT2), 0x00);
 820   2      
 821   2                  // Pop Up CED Error For Clear Error Counter
 822   2                  ScalerSetBit(P72_0C_HDMI_CTRL_0C, ~_BIT7, _BIT7);
 823   2      
 824   2                  // Disable CED Lock Transition IRQ & Flag
 825   2                  ScalerSetBit(P72_17_HDMI_CTRL_17, ~(_BIT6 | _BIT2 | _BIT1 | _BIT0), (_BIT2 | _BIT1 | _BIT0));
 826   2                  ScalerSetBit(P72_18_HDMI_CTRL_18, ~(_BIT2 | _BIT1 | _BIT0), 0x00);
 827   2      
 828   2                  // Clear SCDC CED Counter
 829   2                  ScalerSetBit(P72_28_HDMI_CTRL_28, ~(_BIT3 | _BIT1), _BIT1);
 830   2      
 831   2                  // Reset SCDC
 832   2                  ScalerSetBit(P72_38_HDMI_CTRL_38, ~(_BIT2 | _BIT1), (_BIT2 | _BIT1));
 833   2                  break;
 834   2      #endif
 835   2      
 836   2      #if(_D4_HDMI_2_0_SUPPORT == _ON)
                      case _D4_INPUT_PORT:
                          // Disable CED Function
                          ScalerSetBit(P73_0B_HDMI_CTRL_0B, ~(_BIT7 | _BIT6 | _BIT5 | _BIT4 | _BIT3 | _BIT2), 0x00);
              
                          // Pop Up CED Error For Clear Error Counter
                          ScalerSetBit(P73_0C_HDMI_CTRL_0C, ~_BIT7, _BIT7);
              
                          // Disable CED Lock Transition IRQ & Flag
                          ScalerSetBit(P73_17_HDMI_CTRL_17, ~(_BIT6 | _BIT2 | _BIT1 | _BIT0), (_BIT2 | _BIT1 | _BIT0));
                          ScalerSetBit(P73_18_HDMI_CTRL_18, ~(_BIT2 | _BIT1 | _BIT0), 0x00);
              
                          // Clear SCDC CED Counter
                          ScalerSetBit(P73_28_HDMI_CTRL_28, ~(_BIT3 | _BIT1), _BIT1);
              
                          // Reset SCDC
                          ScalerSetBit(P73_38_HDMI_CTRL_38, ~(_BIT2 | _BIT1), (_BIT2 | _BIT1));
                          break;
              #endif
 855   2      
 856   2      #if(_D5_HDMI_2_0_SUPPORT == _ON)
                      case _D5_INPUT_PORT:
                          // Disable CED Function
                          ScalerSetBit(P74_0B_HDMI_CTRL_0B, ~(_BIT7 | _BIT6 | _BIT5 | _BIT4 | _BIT3 | _BIT2), 0x00);
              
                          // Pop Up CED Error For Clear Error Counter
                          ScalerSetBit(P74_0C_HDMI_CTRL_0C, ~_BIT7, _BIT7);
              
                          // Disable CED Lock Transition IRQ & Flag
                          ScalerSetBit(P74_17_HDMI_CTRL_17, ~(_BIT6 | _BIT2 | _BIT1 | _BIT0), (_BIT2 | _BIT1 | _BIT0));
                          ScalerSetBit(P74_18_HDMI_CTRL_18, ~(_BIT2 | _BIT1 | _BIT0), 0x00);
              
                          // Clear SCDC CED Counter
                          ScalerSetBit(P74_28_HDMI_CTRL_28, ~(_BIT3 | _BIT1), _BIT1);
              
                          // Reset SCDC
                          ScalerSetBit(P74_38_HDMI_CTRL_38, ~(_BIT2 | _BIT1), (_BIT2 | _BIT1));
                          break;
              #endif
C51 COMPILER V9.60.0.0   SCALERCOMMONTMDS                                                  09/21/2026 15:32:44 PAGE 17  

 875   2              default:
 876   2                  break;
 877   2          }
 878   1      }
 879          
 880          //--------------------------------------------------
 881          // Description  : TMDS Check Hpd 5V Pin
 882          // Input Value  : ucInputPort, enable/disable
 883          // Output Value : None
 884          //--------------------------------------------------
 885          void ScalerTMDSHdmiHpd5vPinCheckEvent(BYTE ucInputPort, bit bEnable)
 886          {
 887   1          switch(ucInputPort)
 888   1          {
 889   2      #if(_D1_HDMI_2_0_SUPPORT == _ON)
                      case _D1_INPUT_PORT:
                          if(bEnable == _ENABLE)
                          {
                              ScalerTimerActiveTimerEvent(50, _SCALER_TIMER_EVENT_D1_TMDS_HDMI_HPD_5VPIN_CHECK);
                          }
                          else
                          {
                              ScalerTimerCancelTimerEvent(_SCALER_TIMER_EVENT_D1_TMDS_HDMI_HPD_5VPIN_CHECK);
              
                              CLR_D1_HDMI_5V_PIN_HIGH();
                          }
                          break;
              #endif
 903   2      
 904   2      #if(_D2_HDMI_2_0_SUPPORT == _ON)
                      case _D2_INPUT_PORT:
                          if(bEnable == _ENABLE)
                          {
                              ScalerTimerActiveTimerEvent(50, _SCALER_TIMER_EVENT_D2_TMDS_HDMI_HPD_5VPIN_CHECK);
                          }
                          else
                          {
                              ScalerTimerCancelTimerEvent(_SCALER_TIMER_EVENT_D2_TMDS_HDMI_HPD_5VPIN_CHECK);
              
                              CLR_D2_HDMI_5V_PIN_HIGH();
                          }
                          break;
              #endif
 918   2      
 919   2      #if(_D3_HDMI_2_0_SUPPORT == _ON)
 920   2              case _D3_INPUT_PORT:
 921   2                  if(bEnable == _ENABLE)
 922   2                  {
 923   3                      ScalerTimerActiveTimerEvent(50, _SCALER_TIMER_EVENT_D3_TMDS_HDMI_HPD_5VPIN_CHECK);
 924   3                  }
 925   2                  else
 926   2                  {
 927   3                      ScalerTimerCancelTimerEvent(_SCALER_TIMER_EVENT_D3_TMDS_HDMI_HPD_5VPIN_CHECK);
 928   3      
 929   3      #if((_D12_INPUT_PORT_TYPE == _D12_HDMI_PORT) && (_D12_INPUT_PORT_SWITCH_FROM == _SWITCH_FROM_D3))
                              if(PCB_GET_HDMI_SW_SELECT() == _SW_SEL_HDMI3)
                              {
                                  CLR_D3_HDMI_5V_PIN_HIGH();
                              }
                              else if(PCB_GET_HDMI_SW_SELECT() == _SW_SEL_HDMI3_1)
                              {
                                  CLR_D12_HDMI_5V_PIN_HIGH();
C51 COMPILER V9.60.0.0   SCALERCOMMONTMDS                                                  09/21/2026 15:32:44 PAGE 18  

                              }
              #else
 939   3                      CLR_D3_HDMI_5V_PIN_HIGH();
 940   3      #endif
 941   3                  }
 942   2                  break;
 943   2      #endif
 944   2      
 945   2      #if(_D4_HDMI_2_0_SUPPORT == _ON)
                      case _D4_INPUT_PORT:
                          if(bEnable == _ENABLE)
                          {
                              ScalerTimerActiveTimerEvent(50, _SCALER_TIMER_EVENT_D4_TMDS_HDMI_HPD_5VPIN_CHECK);
                          }
                          else
                          {
                              ScalerTimerCancelTimerEvent(_SCALER_TIMER_EVENT_D4_TMDS_HDMI_HPD_5VPIN_CHECK);
              
                              CLR_D4_HDMI_5V_PIN_HIGH();
                          }
                          break;
              #endif
 959   2      
 960   2      #if(_D5_HDMI_2_0_SUPPORT == _ON)
                      case _D5_INPUT_PORT:
                          if(bEnable == _ENABLE)
                          {
                              ScalerTimerActiveTimerEvent(50, _SCALER_TIMER_EVENT_D5_TMDS_HDMI_HPD_5VPIN_CHECK);
                          }
                          else
                          {
                              ScalerTimerCancelTimerEvent(_SCALER_TIMER_EVENT_D5_TMDS_HDMI_HPD_5VPIN_CHECK);
              
                              CLR_D5_HDMI_5V_PIN_HIGH();
                          }
                          break;
              #endif
 974   2              default:
 975   2                  break;
 976   2          }
 977   1      }
 978          
 979          //--------------------------------------------------
 980          // Description  : TMDS Check Hpd 5V Pin Check Proc
 981          // Input Value  : ucInputPort
 982          // Output Value : None
 983          //--------------------------------------------------
 984          void ScalerTMDSHdmiHpd5vPinCheckProc(BYTE ucInputPort)
 985          {
 986   1      #if(_HDMI_5V_DETECT_BY_USER == _OFF)
 987   1          ScalerPinshareRxHpdPullDownSet(ucInputPort, _ENABLE);
 988   1      #endif
 989   1      
 990   1          ScalerTMDSHdmiHpd5vPinCheck(ucInputPort);
 991   1      
 992   1      #if(_HDMI_5V_DETECT_BY_USER == _OFF)
 993   1          ScalerPinshareRxHpdPullDownSet(ucInputPort, _DISABLE);
 994   1      #endif
 995   1      }
 996          
 997          //--------------------------------------------------
 998          // Description  : TMDS Check Hpd 5V Pin Check
C51 COMPILER V9.60.0.0   SCALERCOMMONTMDS                                                  09/21/2026 15:32:44 PAGE 19  

 999          // Input Value  : ucInputPort
1000          // Output Value : None
1001          //--------------------------------------------------
1002          void ScalerTMDSHdmiHpd5vPinCheck(BYTE ucInputPort)
1003          {
1004   1          DELAY_XUS(500);
1005   1      
1006   1          if((ScalerTMDSHdmiHpd5vPinDetect(ucInputPort) == _HDMI_5V_STATUS_HIGH) && (ScalerTMDSHdmiGetHpd5vPinHi
             -ghFlag(ucInputPort) == _FALSE))
1007   1          {
1008   2              if(ScalerTMDSRxGetCableStatus(ucInputPort) == _TRUE)
1009   2              {
1010   3                  ScalerTMDSHdmiSetScdcInfo(ucInputPort);
1011   3      
1012   3      #if(_HDMI_FREESYNC_SUPPORT == _ON)
1013   3                  if(ScalerTMDSHdmiGetFreeSyncSupport(ucInputPort) == _FREESYNC_SUPPORT_ON)
1014   3                  {
1015   4                      ScalerTMDSHdmiSetAmdAupiScdcInfo(ucInputPort, _ENABLE);
1016   4                  }
1017   3                  else
1018   3                  {
1019   4                      ScalerTMDSHdmiSetAmdAupiScdcInfo(ucInputPort, _DISABLE);
1020   4                  }
1021   3      #endif
1022   3              }
1023   2      
1024   2              ScalerTMDSHdmiSetHpd5vPinHighFlag(ucInputPort, _ON);
1025   2          }
1026   1          else if((ScalerTMDSHdmiHpd5vPinDetect(ucInputPort) == _HDMI_5V_STATUS_LOW) && (ScalerTMDSHdmiGetHpd5vP
             -inHighFlag(ucInputPort) == _TRUE))
1027   1          {
1028   2              ScalerTMDSHdmiResetScdcInfo(ucInputPort);
1029   2      
1030   2              // 5V Low then Reset Scramble Status
1031   2              ScalerTMDSHdmiScrambleStatusReset(ucInputPort);
1032   2      
1033   2              ScalerTMDSHdmiSetScdcInfo(ucInputPort);
1034   2      
1035   2      #if(_HDMI_FREESYNC_SUPPORT == _ON)
1036   2              if(ScalerTMDSHdmiGetFreeSyncSupport(ucInputPort) == _FREESYNC_SUPPORT_ON)
1037   2              {
1038   3                  ScalerTMDSHdmiSetAmdAupiScdcInfo(ucInputPort, _ENABLE);
1039   3              }
1040   2              else
1041   2              {
1042   3                  ScalerTMDSHdmiSetAmdAupiScdcInfo(ucInputPort, _DISABLE);
1043   3              }
1044   2      #endif
1045   2      
1046   2              ScalerTMDSHdmiSetHpd5vPinHighFlag(ucInputPort, _OFF);
1047   2          }
1048   1      
1049   1          ScalerTMDSHdmiHpd5vPinCheckEvent(ucInputPort, _ENABLE);
1050   1      }
1051          
1052          //--------------------------------------------------
1053          // Description  : TMDS Detect HPD 5V Pin
1054          // Input Value  : ucInputPort
1055          // Output Value : None
1056          //--------------------------------------------------
1057          EnumUserHdmi5vStatus ScalerTMDSHdmiHpd5vPinDetect(BYTE ucInputPort)
1058          {
C51 COMPILER V9.60.0.0   SCALERCOMMONTMDS                                                  09/21/2026 15:32:44 PAGE 20  

1059   1          switch(ucInputPort)
1060   1          {
1061   2      #if(_D1_HDMI_2_0_SUPPORT == _ON)
                      case _D1_INPUT_PORT:
              #if(_HDMI_5V_DETECT_BY_USER == _ON)
                          return g_stTmdsMacRx5vStatusByUser.b1D15vStatusByUser;
              #else
              #if(_D1_INPUT_PORT_TMDS_MAC_PAGE == _PAGE2)
                          // Check Hot Plug 5V
                          if(ScalerGetBit(P2_23_HDMI_CTRL_23, _BIT0) == _BIT0)
              #else
                          if(ScalerGetBit(P71_23_HDMI_CTRL_23, _BIT0) == _BIT0)
              #endif
                          {
                              return _HDMI_5V_STATUS_HIGH;
                          }
                          else
                          {
                              return _HDMI_5V_STATUS_LOW;
                          }
              #endif
              #endif
1081   2      
1082   2      #if(_D2_HDMI_2_0_SUPPORT == _ON)
                      case _D2_INPUT_PORT:
              #if(_HDMI_5V_DETECT_BY_USER == _ON)
                          return g_stTmdsMacRx5vStatusByUser.b1D25vStatusByUser;
              #else
              #if(_D2_INPUT_PORT_TMDS_MAC_PAGE == _PAGE2)
                          // Check Hot Plug 5V
                          if(ScalerGetBit(P2_23_HDMI_CTRL_23, _BIT0) == _BIT0)
              #else
                          if(ScalerGetBit(P71_23_HDMI_CTRL_23, _BIT0) == _BIT0)
              #endif
                          {
                              return _HDMI_5V_STATUS_HIGH;
                          }
                          else
                          {
                              return _HDMI_5V_STATUS_LOW;
                          }
              #endif
              #endif
1102   2      
1103   2      #if(_D3_HDMI_2_0_SUPPORT == _ON)
1104   2              case _D3_INPUT_PORT:
1105   2      #if(_HDMI_5V_DETECT_BY_USER == _ON)
              #if((_D12_INPUT_PORT_TYPE == _D12_HDMI_PORT) && (_D12_INPUT_PORT_SWITCH_FROM == _SWITCH_FROM_D3))
                          if(PCB_GET_HDMI_SW_SELECT() == _SW_SEL_HDMI3)
                          {
                              return g_stTmdsMacRx5vStatusByUser.b1D35vStatusByUser;
                          }
                          else if(PCB_GET_HDMI_SW_SELECT() == _SW_SEL_HDMI3_1)
                          {
                              return g_stTmdsMacRx5vStatusByUser.b1D125vStatusByUser;
                          }
              #else
                          return g_stTmdsMacRx5vStatusByUser.b1D35vStatusByUser;
              #endif
              #else
1119   2                  // Check Hot Plug 5V
1120   2                  if(ScalerGetBit(P72_23_HDMI_CTRL_23, _BIT0) == _BIT0)
C51 COMPILER V9.60.0.0   SCALERCOMMONTMDS                                                  09/21/2026 15:32:44 PAGE 21  

1121   2                  {
1122   3                      return _HDMI_5V_STATUS_HIGH;
1123   3                  }
1124   2                  else
1125   2                  {
1126   3                      return _HDMI_5V_STATUS_LOW;
1127   3                  }
1128   2      #endif
1129   2      #endif
1130   2      
1131   2      #if(_D4_HDMI_2_0_SUPPORT == _ON)
                      case _D4_INPUT_PORT:
              #if(_HDMI_5V_DETECT_BY_USER == _ON)
                          return g_stTmdsMacRx5vStatusByUser.b1D45vStatusByUser;
              #else
                          // Check Hot Plug 5V
                          if(ScalerGetBit(P73_23_HDMI_CTRL_23, _BIT0) == _BIT0)
                          {
                              return _HDMI_5V_STATUS_HIGH;
                          }
                          else
                          {
                              return _HDMI_5V_STATUS_LOW;
                          }
              #endif
              #endif
1147   2      
1148   2      #if(_D5_HDMI_2_0_SUPPORT == _ON)
                      case _D5_INPUT_PORT:
              #if(_HDMI_5V_DETECT_BY_USER == _ON)
                          return g_stTmdsMacRx5vStatusByUser.b1D55vStatusByUser;
              #else
                          // Check Hot Plug 5V
                          if(ScalerGetBit(P74_23_HDMI_CTRL_23, _BIT0) == _BIT0)
                          {
                              return _HDMI_5V_STATUS_HIGH;
                          }
                          else
                          {
                              return _HDMI_5V_STATUS_LOW;
                          }
              #endif
              #endif
1164   2              default:
1165   2                  return _HDMI_5V_STATUS_LOW;
1166   2          }
1167   1      }
1168          
1169          //--------------------------------------------------
1170          // Description  : SET RX HPD 5V Pin Flag
1171          // Input Value  : ucInputPort/_ON,_OFF
1172          // Output Value : None
1173          //--------------------------------------------------
1174          void ScalerTMDSHdmiSetHpd5vPinHighFlag(BYTE ucInputPort, bit bValue)
1175          {
1176   1          switch(ucInputPort)
1177   1          {
1178   2      #if(_D1_HDMI_2_0_SUPPORT == _ON)
                      case _D1_INPUT_PORT:
                          if(bValue == _ON)
                          {
                              SET_D1_HDMI_5V_PIN_HIGH();
C51 COMPILER V9.60.0.0   SCALERCOMMONTMDS                                                  09/21/2026 15:32:44 PAGE 22  

                          }
                          else
                          {
                              CLR_D1_HDMI_5V_PIN_HIGH();
                          }
                          break;
              #endif
1190   2      
1191   2      #if(_D2_HDMI_2_0_SUPPORT == _ON)
                      case _D2_INPUT_PORT:
                          if(bValue == _ON)
                          {
                              SET_D2_HDMI_5V_PIN_HIGH();
                          }
                          else
                          {
                              CLR_D2_HDMI_5V_PIN_HIGH();
                          }
                          break;
              #endif
1203   2      
1204   2      #if(_D3_HDMI_2_0_SUPPORT == _ON)
1205   2              case _D3_INPUT_PORT:
1206   2                  if(bValue == _ON)
1207   2                  {
1208   3      #if((_D12_INPUT_PORT_TYPE == _D12_HDMI_PORT) && (_D12_INPUT_PORT_SWITCH_FROM == _SWITCH_FROM_D3))
                              if(PCB_GET_HDMI_SW_SELECT() == _SW_SEL_HDMI3)
                              {
                                  SET_D3_HDMI_5V_PIN_HIGH();
                              }
                              else if(PCB_GET_HDMI_SW_SELECT() == _SW_SEL_HDMI3_1)
                              {
                                  SET_D12_HDMI_5V_PIN_HIGH();
                              }
              #else
1218   3                      SET_D3_HDMI_5V_PIN_HIGH();
1219   3      #endif
1220   3                  }
1221   2                  else
1222   2                  {
1223   3      #if((_D12_INPUT_PORT_TYPE == _D12_HDMI_PORT) && (_D12_INPUT_PORT_SWITCH_FROM == _SWITCH_FROM_D3))
                              if(PCB_GET_HDMI_SW_SELECT() == _SW_SEL_HDMI3)
                              {
                                  CLR_D3_HDMI_5V_PIN_HIGH();
                              }
                              else if(PCB_GET_HDMI_SW_SELECT() == _SW_SEL_HDMI3_1)
                              {
                                  CLR_D12_HDMI_5V_PIN_HIGH();
                              }
              #else
1233   3                      CLR_D3_HDMI_5V_PIN_HIGH();
1234   3      #endif
1235   3                  }
1236   2                  break;
1237   2      #endif
1238   2      
1239   2      #if(_D4_HDMI_2_0_SUPPORT == _ON)
                      case _D4_INPUT_PORT:
                          if(bValue == _ON)
                          {
                              SET_D4_HDMI_5V_PIN_HIGH();
                          }
C51 COMPILER V9.60.0.0   SCALERCOMMONTMDS                                                  09/21/2026 15:32:44 PAGE 23  

                          else
                          {
                              CLR_D4_HDMI_5V_PIN_HIGH();
                          }
                          break;
              #endif
1251   2      
1252   2      #if(_D5_HDMI_2_0_SUPPORT == _ON)
                      case _D5_INPUT_PORT:
                          if(bValue == _ON)
                          {
                              SET_D5_HDMI_5V_PIN_HIGH();
                          }
                          else
                          {
                              CLR_D5_HDMI_5V_PIN_HIGH();
                          }
                          break;
              #endif
1264   2              default:
1265   2                  break;
1266   2          }
1267   1      }
1268          
1269          //--------------------------------------------------
1270          // Description  : GET RX HPD 5V Pin Flag
1271          // Input Value  : ucInputPort
1272          // Output Value : None
1273          //--------------------------------------------------
1274          bit ScalerTMDSHdmiGetHpd5vPinHighFlag(BYTE ucInputPort)
1275          {
1276   1          switch(ucInputPort)
1277   1          {
1278   2      #if(_D1_HDMI_2_0_SUPPORT == _ON)
                      case _D1_INPUT_PORT:
                          return GET_D1_HDMI_5V_PIN_HIGH();
                          break;
              #endif
1283   2      
1284   2      #if(_D2_HDMI_2_0_SUPPORT == _ON)
                      case _D2_INPUT_PORT:
                          return GET_D2_HDMI_5V_PIN_HIGH();
                          break;
              #endif
1289   2      
1290   2      #if(_D3_HDMI_2_0_SUPPORT == _ON)
1291   2              case _D3_INPUT_PORT:
1292   2      #if((_D12_INPUT_PORT_TYPE == _D12_HDMI_PORT) && (_D12_INPUT_PORT_SWITCH_FROM == _SWITCH_FROM_D3))
                          if(PCB_GET_HDMI_SW_SELECT() == _SW_SEL_HDMI3)
                          {
                              return GET_D3_HDMI_5V_PIN_HIGH();
                          }
                          else if(PCB_GET_HDMI_SW_SELECT() == _SW_SEL_HDMI3_1)
                          {
                              return GET_D12_HDMI_5V_PIN_HIGH();
                          }
              #else
1302   2                  return GET_D3_HDMI_5V_PIN_HIGH();
1303   2      #endif
1304   2                  break;
1305   2      #endif
1306   2      
C51 COMPILER V9.60.0.0   SCALERCOMMONTMDS                                                  09/21/2026 15:32:44 PAGE 24  

1307   2      #if(_D4_HDMI_2_0_SUPPORT == _ON)
                      case _D4_INPUT_PORT:
                          return GET_D4_HDMI_5V_PIN_HIGH();
                          break;
              #endif
1312   2      
1313   2      #if(_D5_HDMI_2_0_SUPPORT == _ON)
                      case _D5_INPUT_PORT:
                          return GET_D5_HDMI_5V_PIN_HIGH();
                          break;
              #endif
1318   2              default:
1319   2                  break;
1320   2          }
1321   1          return _FALSE;
1322   1      }
1323          
1324          //--------------------------------------------------
1325          // Description  : Get Version Scdc Info Hw Version
1326          // Input Value  : None
1327          // Output Value : HW Version
1328          //--------------------------------------------------
1329          BYTE ScalerTMDSHdmiGetHwVersion(void)
1330          {
1331   1          BYTE ucHwVersionMajor = 0x00;
1332   1          BYTE ucHwVersionMinor = 0x00;
1333   1          BYTE ucHwVersion = 0x00;
1334   1      
1335   1          if(_HW_HDMI_2_0_SUPPORT_PORT != _HDMI_2_0_NONE)
1336   1          {
1337   2              ucHwVersionMajor = 0x01;
1338   2          }
1339   1          else
1340   1          {
1341   2              ucHwVersionMajor = 0x00;
1342   2          }
1343   1      
1344   1          ucHwVersion = (((ucHwVersionMajor & 0x0F) << 4) | (ucHwVersionMinor & 0x0F));
1345   1      
1346   1          return ucHwVersion;
1347   1      }
1348          
1349          #if(_HDMI_FREESYNC_SUPPORT == _ON)
1350          //--------------------------------------------------
1351          // Description  : Get HDMI FreeSync Support
1352          // Input Value  : ucInputPort
1353          // Output Value : _FREESYNC_SUPPORT_ON/ _FREESYNC_SUPPORT_OFF
1354          //--------------------------------------------------
1355          EnumFreeSyncSupport ScalerTMDSHdmiGetFreeSyncSupport(BYTE ucInputPort)
1356          {
1357   1          EnumFreeSyncSupport enumFreeSyncSupport = _FREESYNC_SUPPORT_OFF;
1358   1      
1359   1          switch(ucInputPort)
1360   1          {
1361   2              case _D1_INPUT_PORT:
1362   2                  enumFreeSyncSupport = GET_TMDS_RX1_FREESYNC_SUPPORT();
1363   2                  break;
1364   2      
1365   2              case _D2_INPUT_PORT:
1366   2                  enumFreeSyncSupport = GET_TMDS_RX2_FREESYNC_SUPPORT();
1367   2                  break;
1368   2      
C51 COMPILER V9.60.0.0   SCALERCOMMONTMDS                                                  09/21/2026 15:32:44 PAGE 25  

1369   2              case _D3_INPUT_PORT:
1370   2                  enumFreeSyncSupport = GET_TMDS_RX3_FREESYNC_SUPPORT();
1371   2                  break;
1372   2      
1373   2              case _D4_INPUT_PORT:
1374   2                  enumFreeSyncSupport = GET_TMDS_RX4_FREESYNC_SUPPORT();
1375   2                  break;
1376   2      
1377   2              case _D5_INPUT_PORT:
1378   2                  enumFreeSyncSupport = GET_TMDS_RX5_FREESYNC_SUPPORT();
1379   2                  break;
1380   2      
1381   2              default:
1382   2                  break;
1383   2          }
1384   1      
1385   1          return enumFreeSyncSupport;
1386   1      }
1387          
1388          //--------------------------------------------------
1389          // Description  : TMDS Set Amd Aupi Scdc Info
1390          // Input Value  : enumInputPort
1391          // Output Value : None
1392          //--------------------------------------------------
1393          void ScalerTMDSHdmiSetAmdAupiScdcInfo(BYTE ucInputPort, bit bEnable)
1394          {
1395   1          bEnable = bEnable;
1396   1      
1397   1          if(GET_FREESYNC_HDMI_AUPI_INFO() != _TRUE)
1398   1          {
1399   2              return;
1400   2          }
1401   1      
1402   1          if(bEnable == _ENABLE)
1403   1          {
1404   2              switch(ucInputPort)
1405   2              {
1406   3      #if(_D1_HDMI_2_0_SUPPORT == _ON)
                          case _D1_INPUT_PORT:
              
              #if(_D1_INPUT_PORT_TMDS_MAC_PAGE == _PAGE2)
                              ScalerSetDataPortByte(P2_39_HDMI_CTRL_39, _P2_3A_PT_E0_PORT_PAGE02_HDMI_SCDC_E0, g_stDrrHd
             -miAmdAupiInfo.ucPanelManufactureIdL);
                              ScalerSetDataPortByte(P2_39_HDMI_CTRL_39, _P2_3A_PT_E1_PORT_PAGE02_HDMI_SCDC_E1, g_stDrrHd
             -miAmdAupiInfo.ucPanelManufactureIdM);
                              ScalerSetDataPortByte(P2_39_HDMI_CTRL_39, _P2_3A_PT_E2_PORT_PAGE02_HDMI_SCDC_E2, g_stDrrHd
             -miAmdAupiInfo.ucPanelIdL);
                              ScalerSetDataPortByte(P2_39_HDMI_CTRL_39, _P2_3A_PT_E3_PORT_PAGE02_HDMI_SCDC_E3, g_stDrrHd
             -miAmdAupiInfo.ucPanelIdM);
                              ScalerSetDataPortByte(P2_39_HDMI_CTRL_39, _P2_3A_PT_E4_PORT_PAGE02_HDMI_SCDC_E4, g_stDrrHd
             -miAmdAupiInfo.ucFwCheckSumL);
                              ScalerSetDataPortByte(P2_39_HDMI_CTRL_39, _P2_3A_PT_E5_PORT_PAGE02_HDMI_SCDC_E5, g_stDrrHd
             -miAmdAupiInfo.ucFwCheckSumM);
                              ScalerSetDataPortByte(P2_39_HDMI_CTRL_39, _P2_3A_PT_E6_PORT_PAGE02_HDMI_SCDC_E6, g_stDrrHd
             -miAmdAupiInfo.ucScalerDeviceIdL);
                              ScalerSetDataPortByte(P2_39_HDMI_CTRL_39, _P2_3A_PT_E7_PORT_PAGE02_HDMI_SCDC_E7, g_stDrrHd
             -miAmdAupiInfo.ucScalerDeviceIdM);
              
                              DebugMessageScaler("Set Rx0 AMD AUPI SCDC Info", 0x00);
              #else
                              ScalerSetDataPortByte(P71_39_HDMI_CTRL_39, _P71_3A_PT_E0_PORT_PAGE71_HDMI_SCDC_E0, g_stDrr
             -HdmiAmdAupiInfo.ucPanelManufactureIdL);
C51 COMPILER V9.60.0.0   SCALERCOMMONTMDS                                                  09/21/2026 15:32:44 PAGE 26  

                              ScalerSetDataPortByte(P71_39_HDMI_CTRL_39, _P71_3A_PT_E1_PORT_PAGE71_HDMI_SCDC_E1, g_stDrr
             -HdmiAmdAupiInfo.ucPanelManufactureIdM);
                              ScalerSetDataPortByte(P71_39_HDMI_CTRL_39, _P71_3A_PT_E2_PORT_PAGE71_HDMI_SCDC_E2, g_stDrr
             -HdmiAmdAupiInfo.ucPanelIdL);
                              ScalerSetDataPortByte(P71_39_HDMI_CTRL_39, _P71_3A_PT_E3_PORT_PAGE71_HDMI_SCDC_E3, g_stDrr
             -HdmiAmdAupiInfo.ucPanelIdM);
                              ScalerSetDataPortByte(P71_39_HDMI_CTRL_39, _P71_3A_PT_E4_PORT_PAGE71_HDMI_SCDC_E4, g_stDrr
             -HdmiAmdAupiInfo.ucFwCheckSumL);
                              ScalerSetDataPortByte(P71_39_HDMI_CTRL_39, _P71_3A_PT_E5_PORT_PAGE71_HDMI_SCDC_E5, g_stDrr
             -HdmiAmdAupiInfo.ucFwCheckSumM);
                              ScalerSetDataPortByte(P71_39_HDMI_CTRL_39, _P71_3A_PT_E6_PORT_PAGE71_HDMI_SCDC_E6, g_stDrr
             -HdmiAmdAupiInfo.ucScalerDeviceIdL);
                              ScalerSetDataPortByte(P71_39_HDMI_CTRL_39, _P71_3A_PT_E7_PORT_PAGE71_HDMI_SCDC_E7, g_stDrr
             -HdmiAmdAupiInfo.ucScalerDeviceIdM);
              
                              DebugMessageScaler("Set Rx1 AMD AUPI SCDC Info", 0x00);
              #endif
                              break;
              #endif
1434   3      
1435   3      #if(_D2_HDMI_2_0_SUPPORT == _ON)
                          case _D2_INPUT_PORT:
              
              #if(_D2_INPUT_PORT_TMDS_MAC_PAGE == _PAGE2)
                              ScalerSetDataPortByte(P2_39_HDMI_CTRL_39, _P2_3A_PT_E0_PORT_PAGE02_HDMI_SCDC_E0, g_stDrrHd
             -miAmdAupiInfo.ucPanelManufactureIdL);
                              ScalerSetDataPortByte(P2_39_HDMI_CTRL_39, _P2_3A_PT_E1_PORT_PAGE02_HDMI_SCDC_E1, g_stDrrHd
             -miAmdAupiInfo.ucPanelManufactureIdM);
                              ScalerSetDataPortByte(P2_39_HDMI_CTRL_39, _P2_3A_PT_E2_PORT_PAGE02_HDMI_SCDC_E2, g_stDrrHd
             -miAmdAupiInfo.ucPanelIdL);
                              ScalerSetDataPortByte(P2_39_HDMI_CTRL_39, _P2_3A_PT_E3_PORT_PAGE02_HDMI_SCDC_E3, g_stDrrHd
             -miAmdAupiInfo.ucPanelIdM);
                              ScalerSetDataPortByte(P2_39_HDMI_CTRL_39, _P2_3A_PT_E4_PORT_PAGE02_HDMI_SCDC_E4, g_stDrrHd
             -miAmdAupiInfo.ucFwCheckSumL);
                              ScalerSetDataPortByte(P2_39_HDMI_CTRL_39, _P2_3A_PT_E5_PORT_PAGE02_HDMI_SCDC_E5, g_stDrrHd
             -miAmdAupiInfo.ucFwCheckSumM);
                              ScalerSetDataPortByte(P2_39_HDMI_CTRL_39, _P2_3A_PT_E6_PORT_PAGE02_HDMI_SCDC_E6, g_stDrrHd
             -miAmdAupiInfo.ucScalerDeviceIdL);
                              ScalerSetDataPortByte(P2_39_HDMI_CTRL_39, _P2_3A_PT_E7_PORT_PAGE02_HDMI_SCDC_E7, g_stDrrHd
             -miAmdAupiInfo.ucScalerDeviceIdM);
              
                              DebugMessageScaler("Set Rx0 AMD AUPI SCDC Info", 0x00);
              #else
                              ScalerSetDataPortByte(P71_39_HDMI_CTRL_39, _P71_3A_PT_E0_PORT_PAGE71_HDMI_SCDC_E0, g_stDrr
             -HdmiAmdAupiInfo.ucPanelManufactureIdL);
                              ScalerSetDataPortByte(P71_39_HDMI_CTRL_39, _P71_3A_PT_E1_PORT_PAGE71_HDMI_SCDC_E1, g_stDrr
             -HdmiAmdAupiInfo.ucPanelManufactureIdM);
                              ScalerSetDataPortByte(P71_39_HDMI_CTRL_39, _P71_3A_PT_E2_PORT_PAGE71_HDMI_SCDC_E2, g_stDrr
             -HdmiAmdAupiInfo.ucPanelIdL);
                              ScalerSetDataPortByte(P71_39_HDMI_CTRL_39, _P71_3A_PT_E3_PORT_PAGE71_HDMI_SCDC_E3, g_stDrr
             -HdmiAmdAupiInfo.ucPanelIdM);
                              ScalerSetDataPortByte(P71_39_HDMI_CTRL_39, _P71_3A_PT_E4_PORT_PAGE71_HDMI_SCDC_E4, g_stDrr
             -HdmiAmdAupiInfo.ucFwCheckSumL);
                              ScalerSetDataPortByte(P71_39_HDMI_CTRL_39, _P71_3A_PT_E5_PORT_PAGE71_HDMI_SCDC_E5, g_stDrr
             -HdmiAmdAupiInfo.ucFwCheckSumM);
                              ScalerSetDataPortByte(P71_39_HDMI_CTRL_39, _P71_3A_PT_E6_PORT_PAGE71_HDMI_SCDC_E6, g_stDrr
             -HdmiAmdAupiInfo.ucScalerDeviceIdL);
                              ScalerSetDataPortByte(P71_39_HDMI_CTRL_39, _P71_3A_PT_E7_PORT_PAGE71_HDMI_SCDC_E7, g_stDrr
             -HdmiAmdAupiInfo.ucScalerDeviceIdM);
              
                              DebugMessageScaler("Set Rx2 AMD AUPI SCDC Info", 0x00);
              #endif
C51 COMPILER V9.60.0.0   SCALERCOMMONTMDS                                                  09/21/2026 15:32:44 PAGE 27  

                              break;
              #endif
1463   3      
1464   3      #if(_D3_HDMI_2_0_SUPPORT == _ON)
1465   3                  case _D3_INPUT_PORT:
1466   3                      ScalerSetDataPortByte(P72_39_HDMI_CTRL_39, _P72_3A_PT_E0_PORT_PAGE72_HDMI_SCDC_E0, g_stDrr
             -HdmiAmdAupiInfo.ucPanelManufactureIdL);
1467   3                      ScalerSetDataPortByte(P72_39_HDMI_CTRL_39, _P72_3A_PT_E1_PORT_PAGE72_HDMI_SCDC_E1, g_stDrr
             -HdmiAmdAupiInfo.ucPanelManufactureIdM);
1468   3                      ScalerSetDataPortByte(P72_39_HDMI_CTRL_39, _P72_3A_PT_E2_PORT_PAGE72_HDMI_SCDC_E2, g_stDrr
             -HdmiAmdAupiInfo.ucPanelIdL);
1469   3                      ScalerSetDataPortByte(P72_39_HDMI_CTRL_39, _P72_3A_PT_E3_PORT_PAGE72_HDMI_SCDC_E3, g_stDrr
             -HdmiAmdAupiInfo.ucPanelIdM);
1470   3                      ScalerSetDataPortByte(P72_39_HDMI_CTRL_39, _P72_3A_PT_E4_PORT_PAGE72_HDMI_SCDC_E4, g_stDrr
             -HdmiAmdAupiInfo.ucFwCheckSumL);
1471   3                      ScalerSetDataPortByte(P72_39_HDMI_CTRL_39, _P72_3A_PT_E5_PORT_PAGE72_HDMI_SCDC_E5, g_stDrr
             -HdmiAmdAupiInfo.ucFwCheckSumM);
1472   3                      ScalerSetDataPortByte(P72_39_HDMI_CTRL_39, _P72_3A_PT_E6_PORT_PAGE72_HDMI_SCDC_E6, g_stDrr
             -HdmiAmdAupiInfo.ucScalerDeviceIdL);
1473   3                      ScalerSetDataPortByte(P72_39_HDMI_CTRL_39, _P72_3A_PT_E7_PORT_PAGE72_HDMI_SCDC_E7, g_stDrr
             -HdmiAmdAupiInfo.ucScalerDeviceIdM);
1474   3      
1475   3                      DebugMessageScaler("Set Rx3 AMD AUPI SCDC Info", 0x00);
1476   3                      break;
1477   3      #endif
1478   3      
1479   3      #if(_D4_HDMI_2_0_SUPPORT == _ON)
                          case _D4_INPUT_PORT:
                              ScalerSetDataPortByte(P73_39_HDMI_CTRL_39, _P73_3A_PT_E0_PORT_PAGE73_HDMI_SCDC_E0, g_stDrr
             -HdmiAmdAupiInfo.ucPanelManufactureIdL);
                              ScalerSetDataPortByte(P73_39_HDMI_CTRL_39, _P73_3A_PT_E1_PORT_PAGE73_HDMI_SCDC_E1, g_stDrr
             -HdmiAmdAupiInfo.ucPanelManufactureIdM);
                              ScalerSetDataPortByte(P73_39_HDMI_CTRL_39, _P73_3A_PT_E2_PORT_PAGE73_HDMI_SCDC_E2, g_stDrr
             -HdmiAmdAupiInfo.ucPanelIdL);
                              ScalerSetDataPortByte(P73_39_HDMI_CTRL_39, _P73_3A_PT_E3_PORT_PAGE73_HDMI_SCDC_E3, g_stDrr
             -HdmiAmdAupiInfo.ucPanelIdM);
                              ScalerSetDataPortByte(P73_39_HDMI_CTRL_39, _P73_3A_PT_E4_PORT_PAGE73_HDMI_SCDC_E4, g_stDrr
             -HdmiAmdAupiInfo.ucFwCheckSumL);
                              ScalerSetDataPortByte(P73_39_HDMI_CTRL_39, _P73_3A_PT_E5_PORT_PAGE73_HDMI_SCDC_E5, g_stDrr
             -HdmiAmdAupiInfo.ucFwCheckSumM);
                              ScalerSetDataPortByte(P73_39_HDMI_CTRL_39, _P73_3A_PT_E6_PORT_PAGE73_HDMI_SCDC_E6, g_stDrr
             -HdmiAmdAupiInfo.ucScalerDeviceIdL);
                              ScalerSetDataPortByte(P73_39_HDMI_CTRL_39, _P73_3A_PT_E7_PORT_PAGE73_HDMI_SCDC_E7, g_stDrr
             -HdmiAmdAupiInfo.ucScalerDeviceIdM);
              
                              DebugMessageScaler("Set Rx4 AMD AUPI SCDC Info", 0x00);
                              break;
              #endif
1493   3      
1494   3      #if(_D5_HDMI_2_0_SUPPORT == _ON)
                          case _D5_INPUT_PORT:
                              ScalerSetDataPortByte(P74_39_HDMI_CTRL_39, _P74_3A_PT_E0_PORT_PAGE74_HDMI_SCDC_E0, g_stDrr
             -HdmiAmdAupiInfo.ucPanelManufactureIdL);
                              ScalerSetDataPortByte(P74_39_HDMI_CTRL_39, _P74_3A_PT_E1_PORT_PAGE74_HDMI_SCDC_E1, g_stDrr
             -HdmiAmdAupiInfo.ucPanelManufactureIdM);
                              ScalerSetDataPortByte(P74_39_HDMI_CTRL_39, _P74_3A_PT_E2_PORT_PAGE74_HDMI_SCDC_E2, g_stDrr
             -HdmiAmdAupiInfo.ucPanelIdL);
                              ScalerSetDataPortByte(P74_39_HDMI_CTRL_39, _P74_3A_PT_E3_PORT_PAGE74_HDMI_SCDC_E3, g_stDrr
             -HdmiAmdAupiInfo.ucPanelIdM);
                              ScalerSetDataPortByte(P74_39_HDMI_CTRL_39, _P74_3A_PT_E4_PORT_PAGE74_HDMI_SCDC_E4, g_stDrr
             -HdmiAmdAupiInfo.ucFwCheckSumL);
                              ScalerSetDataPortByte(P74_39_HDMI_CTRL_39, _P74_3A_PT_E5_PORT_PAGE74_HDMI_SCDC_E5, g_stDrr
C51 COMPILER V9.60.0.0   SCALERCOMMONTMDS                                                  09/21/2026 15:32:44 PAGE 28  

             -HdmiAmdAupiInfo.ucFwCheckSumM);
                              ScalerSetDataPortByte(P74_39_HDMI_CTRL_39, _P74_3A_PT_E6_PORT_PAGE74_HDMI_SCDC_E6, g_stDrr
             -HdmiAmdAupiInfo.ucScalerDeviceIdL);
                              ScalerSetDataPortByte(P74_39_HDMI_CTRL_39, _P74_3A_PT_E7_PORT_PAGE74_HDMI_SCDC_E7, g_stDrr
             -HdmiAmdAupiInfo.ucScalerDeviceIdM);
              
                              DebugMessageScaler("Set Rx5 AMD AUPI SCDC Info", 0x00);
                              break;
              #endif
1508   3                  default:
1509   3                      break;
1510   3              }
1511   2          }
1512   1          else
1513   1          {
1514   2              switch(ucInputPort)
1515   2              {
1516   3      #if(_D1_HDMI_2_0_SUPPORT == _ON)
                          case _D1_INPUT_PORT:
              
              #if(_D1_INPUT_PORT_TMDS_MAC_PAGE == _PAGE2)
                              ScalerSetDataPortByte(P2_39_HDMI_CTRL_39, _P2_3A_PT_E0_PORT_PAGE02_HDMI_SCDC_E0, 0x00);
                              ScalerSetDataPortByte(P2_39_HDMI_CTRL_39, _P2_3A_PT_E1_PORT_PAGE02_HDMI_SCDC_E1, 0x00);
                              ScalerSetDataPortByte(P2_39_HDMI_CTRL_39, _P2_3A_PT_E2_PORT_PAGE02_HDMI_SCDC_E2, 0x00);
                              ScalerSetDataPortByte(P2_39_HDMI_CTRL_39, _P2_3A_PT_E3_PORT_PAGE02_HDMI_SCDC_E3, 0x00);
                              ScalerSetDataPortByte(P2_39_HDMI_CTRL_39, _P2_3A_PT_E4_PORT_PAGE02_HDMI_SCDC_E4, 0x00);
                              ScalerSetDataPortByte(P2_39_HDMI_CTRL_39, _P2_3A_PT_E5_PORT_PAGE02_HDMI_SCDC_E5, 0x00);
                              ScalerSetDataPortByte(P2_39_HDMI_CTRL_39, _P2_3A_PT_E6_PORT_PAGE02_HDMI_SCDC_E6, 0x00);
                              ScalerSetDataPortByte(P2_39_HDMI_CTRL_39, _P2_3A_PT_E7_PORT_PAGE02_HDMI_SCDC_E7, 0x00);
              #else
                              ScalerSetDataPortByte(P71_39_HDMI_CTRL_39, _P71_3A_PT_E0_PORT_PAGE71_HDMI_SCDC_E0, 0x00);
                              ScalerSetDataPortByte(P71_39_HDMI_CTRL_39, _P71_3A_PT_E1_PORT_PAGE71_HDMI_SCDC_E1, 0x00);
                              ScalerSetDataPortByte(P71_39_HDMI_CTRL_39, _P71_3A_PT_E2_PORT_PAGE71_HDMI_SCDC_E2, 0x00);
                              ScalerSetDataPortByte(P71_39_HDMI_CTRL_39, _P71_3A_PT_E3_PORT_PAGE71_HDMI_SCDC_E3, 0x00);
                              ScalerSetDataPortByte(P71_39_HDMI_CTRL_39, _P71_3A_PT_E4_PORT_PAGE71_HDMI_SCDC_E4, 0x00);
                              ScalerSetDataPortByte(P71_39_HDMI_CTRL_39, _P71_3A_PT_E5_PORT_PAGE71_HDMI_SCDC_E5, 0x00);
                              ScalerSetDataPortByte(P71_39_HDMI_CTRL_39, _P71_3A_PT_E6_PORT_PAGE71_HDMI_SCDC_E6, 0x00);
                              ScalerSetDataPortByte(P71_39_HDMI_CTRL_39, _P71_3A_PT_E7_PORT_PAGE71_HDMI_SCDC_E7, 0x00);
              #endif
                              break;
              #endif
1540   3      
1541   3      #if(_D2_HDMI_2_0_SUPPORT == _ON)
                          case _D2_INPUT_PORT:
              
              #if(_D2_INPUT_PORT_TMDS_MAC_PAGE == _PAGE2)
                              ScalerSetDataPortByte(P2_39_HDMI_CTRL_39, _P2_3A_PT_E0_PORT_PAGE02_HDMI_SCDC_E0, 0x00);
                              ScalerSetDataPortByte(P2_39_HDMI_CTRL_39, _P2_3A_PT_E1_PORT_PAGE02_HDMI_SCDC_E1, 0x00);
                              ScalerSetDataPortByte(P2_39_HDMI_CTRL_39, _P2_3A_PT_E2_PORT_PAGE02_HDMI_SCDC_E2, 0x00);
                              ScalerSetDataPortByte(P2_39_HDMI_CTRL_39, _P2_3A_PT_E3_PORT_PAGE02_HDMI_SCDC_E3, 0x00);
                              ScalerSetDataPortByte(P2_39_HDMI_CTRL_39, _P2_3A_PT_E4_PORT_PAGE02_HDMI_SCDC_E4, 0x00);
                              ScalerSetDataPortByte(P2_39_HDMI_CTRL_39, _P2_3A_PT_E5_PORT_PAGE02_HDMI_SCDC_E5, 0x00);
                              ScalerSetDataPortByte(P2_39_HDMI_CTRL_39, _P2_3A_PT_E6_PORT_PAGE02_HDMI_SCDC_E6, 0x00);
                              ScalerSetDataPortByte(P2_39_HDMI_CTRL_39, _P2_3A_PT_E7_PORT_PAGE02_HDMI_SCDC_E7, 0x00);
              #else
                              ScalerSetDataPortByte(P71_39_HDMI_CTRL_39, _P71_3A_PT_E0_PORT_PAGE71_HDMI_SCDC_E0, 0x00);
                              ScalerSetDataPortByte(P71_39_HDMI_CTRL_39, _P71_3A_PT_E1_PORT_PAGE71_HDMI_SCDC_E1, 0x00);
                              ScalerSetDataPortByte(P71_39_HDMI_CTRL_39, _P71_3A_PT_E2_PORT_PAGE71_HDMI_SCDC_E2, 0x00);
                              ScalerSetDataPortByte(P71_39_HDMI_CTRL_39, _P71_3A_PT_E3_PORT_PAGE71_HDMI_SCDC_E3, 0x00);
                              ScalerSetDataPortByte(P71_39_HDMI_CTRL_39, _P71_3A_PT_E4_PORT_PAGE71_HDMI_SCDC_E4, 0x00);
                              ScalerSetDataPortByte(P71_39_HDMI_CTRL_39, _P71_3A_PT_E5_PORT_PAGE71_HDMI_SCDC_E5, 0x00);
                              ScalerSetDataPortByte(P71_39_HDMI_CTRL_39, _P71_3A_PT_E6_PORT_PAGE71_HDMI_SCDC_E6, 0x00);
C51 COMPILER V9.60.0.0   SCALERCOMMONTMDS                                                  09/21/2026 15:32:44 PAGE 29  

                              ScalerSetDataPortByte(P71_39_HDMI_CTRL_39, _P71_3A_PT_E7_PORT_PAGE71_HDMI_SCDC_E7, 0x00);
              #endif
                              break;
              #endif
1565   3      
1566   3      #if(_D3_HDMI_2_0_SUPPORT == _ON)
1567   3                  case _D3_INPUT_PORT:
1568   3                      ScalerSetDataPortByte(P72_39_HDMI_CTRL_39, _P72_3A_PT_E0_PORT_PAGE72_HDMI_SCDC_E0, 0x00);
1569   3                      ScalerSetDataPortByte(P72_39_HDMI_CTRL_39, _P72_3A_PT_E1_PORT_PAGE72_HDMI_SCDC_E1, 0x00);
1570   3                      ScalerSetDataPortByte(P72_39_HDMI_CTRL_39, _P72_3A_PT_E2_PORT_PAGE72_HDMI_SCDC_E2, 0x00);
1571   3                      ScalerSetDataPortByte(P72_39_HDMI_CTRL_39, _P72_3A_PT_E3_PORT_PAGE72_HDMI_SCDC_E3, 0x00);
1572   3                      ScalerSetDataPortByte(P72_39_HDMI_CTRL_39, _P72_3A_PT_E4_PORT_PAGE72_HDMI_SCDC_E4, 0x00);
1573   3                      ScalerSetDataPortByte(P72_39_HDMI_CTRL_39, _P72_3A_PT_E5_PORT_PAGE72_HDMI_SCDC_E5, 0x00);
1574   3                      ScalerSetDataPortByte(P72_39_HDMI_CTRL_39, _P72_3A_PT_E6_PORT_PAGE72_HDMI_SCDC_E6, 0x00);
1575   3                      ScalerSetDataPortByte(P72_39_HDMI_CTRL_39, _P72_3A_PT_E7_PORT_PAGE72_HDMI_SCDC_E7, 0x00);
1576   3                      break;
1577   3      #endif
1578   3      
1579   3      #if(_D4_HDMI_2_0_SUPPORT == _ON)
                          case _D4_INPUT_PORT:
                              ScalerSetDataPortByte(P73_39_HDMI_CTRL_39, _P73_3A_PT_E0_PORT_PAGE73_HDMI_SCDC_E0, 0x00);
                              ScalerSetDataPortByte(P73_39_HDMI_CTRL_39, _P73_3A_PT_E1_PORT_PAGE73_HDMI_SCDC_E1, 0x00);
                              ScalerSetDataPortByte(P73_39_HDMI_CTRL_39, _P73_3A_PT_E2_PORT_PAGE73_HDMI_SCDC_E2, 0x00);
                              ScalerSetDataPortByte(P73_39_HDMI_CTRL_39, _P73_3A_PT_E3_PORT_PAGE73_HDMI_SCDC_E3, 0x00);
                              ScalerSetDataPortByte(P73_39_HDMI_CTRL_39, _P73_3A_PT_E4_PORT_PAGE73_HDMI_SCDC_E4, 0x00);
                              ScalerSetDataPortByte(P73_39_HDMI_CTRL_39, _P73_3A_PT_E5_PORT_PAGE73_HDMI_SCDC_E5, 0x00);
                              ScalerSetDataPortByte(P73_39_HDMI_CTRL_39, _P73_3A_PT_E6_PORT_PAGE73_HDMI_SCDC_E6, 0x00);
                              ScalerSetDataPortByte(P73_39_HDMI_CTRL_39, _P73_3A_PT_E7_PORT_PAGE73_HDMI_SCDC_E7, 0x00);
                              break;
              #endif
1591   3      
1592   3      #if(_D5_HDMI_2_0_SUPPORT == _ON)
                          case _D5_INPUT_PORT:
                              ScalerSetDataPortByte(P74_39_HDMI_CTRL_39, _P74_3A_PT_E0_PORT_PAGE74_HDMI_SCDC_E0, 0x00);
                              ScalerSetDataPortByte(P74_39_HDMI_CTRL_39, _P74_3A_PT_E1_PORT_PAGE74_HDMI_SCDC_E1, 0x00);
                              ScalerSetDataPortByte(P74_39_HDMI_CTRL_39, _P74_3A_PT_E2_PORT_PAGE74_HDMI_SCDC_E2, 0x00);
                              ScalerSetDataPortByte(P74_39_HDMI_CTRL_39, _P74_3A_PT_E3_PORT_PAGE74_HDMI_SCDC_E3, 0x00);
                              ScalerSetDataPortByte(P74_39_HDMI_CTRL_39, _P74_3A_PT_E4_PORT_PAGE74_HDMI_SCDC_E4, 0x00);
                              ScalerSetDataPortByte(P74_39_HDMI_CTRL_39, _P74_3A_PT_E5_PORT_PAGE74_HDMI_SCDC_E5, 0x00);
                              ScalerSetDataPortByte(P74_39_HDMI_CTRL_39, _P74_3A_PT_E6_PORT_PAGE74_HDMI_SCDC_E6, 0x00);
                              ScalerSetDataPortByte(P74_39_HDMI_CTRL_39, _P74_3A_PT_E7_PORT_PAGE74_HDMI_SCDC_E7, 0x00);
                              break;
              #endif
1604   3                  default:
1605   3                      break;
1606   3              }
1607   2          }
1608   1      }
1609          #endif
1610          
1611          #if(_DELL_HDMI_HPD_DDC_STYLE_SUPPORT == _ON)
              //--------------------------------------------------
              // Description  : TMDS Mac Scdc Enable Setting
              // Input Value  : _ENABLE/_DISABLE
              // Output Value : None
              //--------------------------------------------------
              void ScalerTMDSRxAllPortScdcEnableSetting(bit bEnable)
              {
                  if(bEnable == _ENABLE)
                  {
                      // Enable HDMI 2.0 SCDC Function
              #if(_D0_HDMI_2_0_SUPPORT == _ON)
C51 COMPILER V9.60.0.0   SCALERCOMMONTMDS                                                  09/21/2026 15:32:44 PAGE 30  

                      ScalerSetBit(P2_19_HDMI_CTRL_19, ~_BIT7, _BIT7);
              #endif
              
              #if(_D1_HDMI_2_0_SUPPORT == _ON)
              #if(_D1_INPUT_PORT_TMDS_MAC_PAGE == _PAGE2)
                      ScalerSetBit(P2_19_HDMI_CTRL_19, ~_BIT7, _BIT7);
              #else
                      ScalerSetBit(P71_19_HDMI_CTRL_19, ~_BIT7, _BIT7);
              #endif
              #endif
              
              #if(_D2_HDMI_2_0_SUPPORT == _ON)
              #if(_D2_INPUT_PORT_TMDS_MAC_PAGE == _PAGE2)
                      ScalerSetBit(P2_19_HDMI_CTRL_19, ~_BIT7, _BIT7);
              #else
                      ScalerSetBit(P71_19_HDMI_CTRL_19, ~_BIT7, _BIT7);
              #endif
              #endif
              
              #if(_D3_HDMI_2_0_SUPPORT == _ON)
                      ScalerSetBit(P72_19_HDMI_CTRL_19, ~_BIT7, _BIT7);
              #endif
              
              #if(_D4_HDMI_2_0_SUPPORT == _ON)
                      ScalerSetBit(P73_19_HDMI_CTRL_19, ~_BIT7, _BIT7);
              #endif
              
              #if(_D5_HDMI_2_0_SUPPORT == _ON)
                      ScalerSetBit(P74_19_HDMI_CTRL_19, ~_BIT7, _BIT7);
              #endif
                  }
                  else
                  {
                      // Disable HDMI 2.0 SCDC Function
              #if(_D0_HDMI_2_0_SUPPORT == _ON)
                      ScalerSetBit(P2_19_HDMI_CTRL_19, ~_BIT7, 0x00);
              #endif
              
              #if(_D1_HDMI_2_0_SUPPORT == _ON)
              #if(_D1_INPUT_PORT_TMDS_MAC_PAGE == _PAGE2)
                      ScalerSetBit(P2_19_HDMI_CTRL_19, ~_BIT7, 0x00);
              #else
                      ScalerSetBit(P71_19_HDMI_CTRL_19, ~_BIT7, 0x00);
              #endif
              #endif
              
              #if(_D2_HDMI_2_0_SUPPORT == _ON)
              #if(_D2_INPUT_PORT_TMDS_MAC_PAGE == _PAGE2)
                      ScalerSetBit(P2_19_HDMI_CTRL_19, ~_BIT7, 0x00);
              #else
                      ScalerSetBit(P71_19_HDMI_CTRL_19, ~_BIT7, 0x00);
              #endif
              #endif
              
              #if(_D3_HDMI_2_0_SUPPORT == _ON)
                      ScalerSetBit(P72_19_HDMI_CTRL_19, ~_BIT7, 0x00);
              #endif
              
              #if(_D4_HDMI_2_0_SUPPORT == _ON)
                      ScalerSetBit(P73_19_HDMI_CTRL_19, ~_BIT7, 0x00);
              #endif
              
C51 COMPILER V9.60.0.0   SCALERCOMMONTMDS                                                  09/21/2026 15:32:44 PAGE 31  

              #if(_D5_HDMI_2_0_SUPPORT == _ON)
                      ScalerSetBit(P74_19_HDMI_CTRL_19, ~_BIT7, 0x00);
              #endif
                  }
              }
              #endif
1691          #endif // End of #if(_HDMI_2_0_SUPPORT == _ON)
1692          #endif // End of #if(_HDMI_SUPPORT == _ON)
1693          
1694          #if(_DVI_SUPPORT == _ON)
1695          //--------------------------------------------------
1696          // Description  : TMDS Mac AC On Initial
1697          // Input Value  : None
1698          // Output Value : None
1699          //--------------------------------------------------
1700          void ScalerTMDSRxAcOnInitial(void)
1701          {
1702   1          // On Measure Initial to prevent stable flag need twice the time
1703   1      #if(_D0_TMDS_SUPPORT == _ON)
                  ScalerSetBit(P2_E6_HDMI_FREQDET_CTRL, ~(_BIT7 | _BIT2), _BIT7);
              
              #if(_HDMI_HPD_TOGGLE_BY_Z0_OFF_DDC_TOGGLE == _ON)
                  SET_TMDS_RX0_AC_ON_HPD_TOGGLE_EVENT();
              #endif
              #endif
1710   1      
1711   1      #if(_D1_TMDS_SUPPORT == _ON)
              #if(_D1_INPUT_PORT_TMDS_MAC_PAGE == _PAGE2)
                  ScalerSetBit(P2_E6_HDMI_FREQDET_CTRL, ~(_BIT7 | _BIT2), _BIT7);
              #else
                  ScalerSetBit(P71_E6_HDMI_FREQDET_CTRL, ~(_BIT7 | _BIT2), _BIT7);
              #endif
              
              #if(_HDMI_HPD_TOGGLE_BY_Z0_OFF_DDC_TOGGLE == _ON)
                  SET_TMDS_RX1_AC_ON_HPD_TOGGLE_EVENT();
              #endif
              #endif
1722   1      
1723   1      #if(_D2_TMDS_SUPPORT == _ON)
              #if(_D2_INPUT_PORT_TMDS_MAC_PAGE == _PAGE2)
                  ScalerSetBit(P2_E6_HDMI_FREQDET_CTRL, ~(_BIT7 | _BIT2), _BIT7);
              #else
                  ScalerSetBit(P71_E6_HDMI_FREQDET_CTRL, ~(_BIT7 | _BIT2), _BIT7);
              #endif
              
              #if(_HDMI_HPD_TOGGLE_BY_Z0_OFF_DDC_TOGGLE == _ON)
                  SET_TMDS_RX2_AC_ON_HPD_TOGGLE_EVENT();
              #endif
              #endif
1734   1      
1735   1      #if(_D3_TMDS_SUPPORT == _ON)
1736   1          ScalerSetBit(P72_E6_HDMI_FREQDET_CTRL, ~(_BIT7 | _BIT2), _BIT7);
1737   1      
1738   1      #if(_HDMI_HPD_TOGGLE_BY_Z0_OFF_DDC_TOGGLE == _ON)
                  SET_TMDS_RX3_AC_ON_HPD_TOGGLE_EVENT();
              #endif
1741   1      #endif
1742   1      
1743   1      #if(_D4_TMDS_SUPPORT == _ON)
                  ScalerSetBit(P73_E6_HDMI_FREQDET_CTRL, ~(_BIT7 | _BIT2), _BIT7);
              
              #if(_HDMI_HPD_TOGGLE_BY_Z0_OFF_DDC_TOGGLE == _ON)
C51 COMPILER V9.60.0.0   SCALERCOMMONTMDS                                                  09/21/2026 15:32:44 PAGE 32  

                  SET_TMDS_RX4_AC_ON_HPD_TOGGLE_EVENT();
              #endif
              #endif
1750   1      
1751   1      #if(_D5_TMDS_SUPPORT == _ON)
                  ScalerSetBit(P74_E6_HDMI_FREQDET_CTRL, ~(_BIT7 | _BIT2), _BIT7);
              
              #if(_HDMI_HPD_TOGGLE_BY_Z0_OFF_DDC_TOGGLE == _ON)
                  SET_TMDS_RX5_AC_ON_HPD_TOGGLE_EVENT();
              #endif
              #endif
1758   1      }
1759          #endif
*** WARNING C294 IN LINE 1341 OF Kernel\Scaler\ScalerCommonFunction\Code\ScalerCommonTMDS.c: unreachable code


MODULE INFORMATION:   STATIC OVERLAYABLE
   CODE SIZE        =    962    ----
   CONSTANT SIZE    =   ----    ----
   XDATA SIZE       =     16       6
   PDATA SIZE       =   ----    ----
   DATA SIZE        =   ----    ----
   IDATA SIZE       =   ----    ----
   BIT SIZE         =   ----       3
END OF MODULE INFORMATION.


C51 COMPILATION COMPLETE.  1 WARNING(S),  0 ERROR(S)
