C51 COMPILER V9.60.0.0   SCALERDPRX0_SEPTPHY                                               09/24/2026 09:30:19 PAGE 1   


C51 COMPILER V9.60.0.0, COMPILATION OF MODULE SCALERDPRX0_SEPTPHY
OBJECT MODULE PLACED IN .\Output\RL6432_Project\ScalerDPRx0_SeptPhy.obj
COMPILER INVOKED BY: C:\Keil_v5\C51\BIN\C51.EXE Kernel\Scaler\ScalerFunction\Code\ScalerDPRx0_SeptPhy.c LARGE OPTIMIZE(9
                    -,SPEED) INCDIR(.\Output\RL6432;.\Project\Header;.\Pcb;.\Panel;.\Kernel\Device\Header;.\Kernel\Common;.\Kernel\System\Hea
                    -der;.\Kernel\Scaler\ScalerFunction\Header;.\Kernel\Scaler\ScalerCommonFunction\Header;.\Kernel\Scaler\ScalerFunction\Lib
                    -\Header;.\Kernel\Scaler\ScalerCommonFunction\Lib\Header;.\Kernel\Scaler\RL6432_Series_Scaler\Header;.\Kernel\Scaler\RL64
                    -32_Series_Common\Header;.\Kernel\Scaler\RL6432_Series_Scaler\Lib\Header;.\Kernel\Scaler\RL6432_Series_Common\Lib\Header;
                    -.\Kernel\User Common Function\Header;.\User\RTD Series\RTD2014Function\Header;.\User\RTD Series\RTD2014Osd\Header;.\User
                    -\RTD Factory\Header;.\User\None Series\NoneFunction\Header;.\User\None Series\NoneOsd\Header;.\User\None Factory\Header)
                    - DEFINE(_PROJECT=_RL6432_PROJECT,_SCALER_TYPE=_RL6432_SERIES) DEBUG OBJECTEXTEND PRINT(.\Output\RL6432_Project\ScalerDPR
                    -x0_SeptPhy.lst) TABS(2) OBJECT(.\Output\RL6432_Project\ScalerDPRx0_SeptPhy.obj)

line level    source

   1          /********************************************************************************/
   2          /*   Copyright (c) 2021 Realtek Semiconductor Corp. All rights reserved.        */
   3          /*                                                                              */
   4          /*   SPDX-License-Identifier: LicenseRef-Realtek-Proprietary                    */
   5          /*                                                                              */
   6          /*   This software component is confidential and proprietary to Realtek         */
   7          /*   Semiconductor Corp. Disclosure, reproduction, redistribution, in whole     */
   8          /*   or in part, of this work and its derivatives without express permission    */
   9          /*   is prohibited.                                                             */
  10          /********************************************************************************/
  11          
  12          //----------------------------------------------------------------------------------------------------
  13          // ID Code      : ScalerDPRx0_SeptPhy.c No.0000
  14          // Update Note  :
  15          //----------------------------------------------------------------------------------------------------
  16          
  17          #include "ScalerFunctionInclude.h"
  18          
  19          //****************************************************************************
  20          // DEFINITIONS / MACROS
  21          //****************************************************************************
  22          
  23          //****************************************************************************
  24          // STRUCT / TYPE / ENUM DEFINITTIONS
  25          //****************************************************************************
  26          
  27          //****************************************************************************
  28          // CODE TABLES
  29          //****************************************************************************
  30          
  31          //****************************************************************************
  32          // VARIABLE DECLARATIONS
  33          //****************************************************************************
  34          #if(_D0_DP_EXIST == _ON)
  35          BYTE g_ucDpRx0PhyCtsCtrl;
  36          EnumHDCPType g_enumDpRx0HdcpMode;
  37          bit g_bDpHdcpRx0HdcpCpirqFlag = _FALSE;
  38          StructDpLanesMapping g_stDpRx0LanesMapping;
  39          
  40          volatile BYTE g_ucDpAuxRx0DpcdAddress;
  41          volatile BYTE g_ucDpAuxRx0DpcdLength;
  42          
  43          #if(_DP_ILLEGAL_IDLE_PATTERN_CHECK_SUPPORT == _ON)
              bit g_bDpRx0SourceTypeJudge = _FALSE;
              #endif
  46          
  47          #if(_HW_DP_DPCD_EXT_CAP_PHYSICAL_ADDRESS_SUPPORT != _ON)
C51 COMPILER V9.60.0.0   SCALERDPRX0_SEPTPHY                                               09/24/2026 09:30:19 PAGE 2   

  48          BYTE g_ucDpRx0DPCD02200hValue = _DP_VERSION_1_4;
  49          BYTE g_ucDpRx0DPCD02201hValue = _D0_DP_LINK_CLK_RATE;
  50          BYTE g_ucDpRx0DPCD02210hValue;
  51          #endif
  52          
  53          #if(_DP_ADAPTIVESYNC_SUPPORT == _ON)
              BYTE g_ucDpRx0DPCD02214hValue;
              #endif
  56          
  57          StructDPRxMiscInfo g_stDpRx0MiscInfo;
  58          #if(_DP_MST_SUPPORT == _ON)
              BYTE g_pucDpRx0MstTimeSlotBackup[13];
              BYTE g_pucDpMacRx0MstStMuxBackup[5];
              #endif
  62          
  63          #if(_DP_IVF_OOR_EXTEND_SUPPORT == _ON)
              volatile bit g_bDpRx0JudgeOOR;
              #endif
  66          
  67          #endif
  68          
  69          //****************************************************************************
  70          // FUNCTION DECLARATIONS
  71          //****************************************************************************
  72          #if(_D0_DP_EXIST == _ON)
  73          void ScalerDpRx0AdjustVsyncDelay(void);
  74          
  75          #if(_FORMAT_CONVERSION_SUPPORT == _ON)
              bit ScalerDpRx0CheckVgipVsBypass(void);
              #endif
  78          
  79          void ScalerDpRx0SetBranchDeviceSpecificField(EnumDpVersionType enumDpVersion);
  80          void ScalerDpRx0ClearBranchDeviceSpecificField(void);
  81          
  82          void ScalerDpRx0SetNoVideoStreamIRQ(bit bEn);
  83          void ScalerDpRx0DpcdLinkStatusReset(EnumDpResetStatus enumDpResetStatus);
  84          DWORD ScalerDpRx0GetBStoVSDelay(void);
  85          #if(_DP_HDCP14_REPEATER_BIT_DISABLE_FOR_TX_CLONE_OFF == _ON)
              extern void ScalerDpRx0Hdcp14RepeaterCapabilityCheck(EnumDPMSTPort enumDPMSTPort, bit bClone);
              #endif
  88          void ScalerDpRx0Initial(EnumDpVersionType enumDpVersion, EnumDpLaneCount enumDpLaneCount, EnumDPMSTPort en
             -umDpRxMstPort, EnumFreeSyncSupport enumFreeSyncSupport, EnumAudioDpDpcdSupport enumAudioSupport, EnumDpHdrSupport enumDp
             -HdrSupport);
  89          bit ScalerDpRx0MarginLinkCheck(void);
  90          void ScalerDpRx0LinkStatusIRQ(void);
  91          void ScalerDpRx0ActiveLinkStatusIRQ(void);
  92          void ScalerDpRx0AuxSet(void);
  93          void ScalerDpRx0HpdIrqAssert(void);
  94          #if(_DP_HDCP_2_2_SUPPORT == _ON)
  95          void ScalerDpRx0HpdIrqAssert_EXINT0(void);
  96          void ScalerDpRx0CpIRQ_EXINT0(EnumDpRxBStatusType enumBStatusType);
  97          #if(_WD_TIMER_INT_SUPPORT == _ON)
  98          void ScalerDpRx0HpdIrqAssert_WDINT(void);
  99          void ScalerDpRx0CpIRQ_WDINT(EnumDpRxBStatusType enumBStatusType);
 100          #endif
 101          #endif
 102          EnumDpHotPlugTime ScalerDpRx0BeforeHpdToggleProc(EnumDpHotPlugAssertType enumHpdType);
 103          void ScalerDpRx0DisconnectReset(void);
 104          void ScalerDpRx0AfterHpdToggleProc(void);
 105          
 106          #if(_DP_HBR2_MARGIN_LINK_SUPPORT == _ON)
              bit ScalerDpRx0DecodeErrorCountCheck(WORD usTimeCriteria, BYTE ucErrorCriteria);
C51 COMPILER V9.60.0.0   SCALERDPRX0_SEPTPHY                                               09/24/2026 09:30:19 PAGE 3   

              bit ScalerDpRx0DecodeErrorCountLaneMeasure(BYTE ucErrorCriteria, BYTE ucDpRx0LaneNumber);
              bit ScalerDpRx0LaneBsCheck(void);
              #endif
 111          
 112          bit ScalerDpRx0ChangeSrambleSeed(void);
 113          #if(_DP_RX0_ASSR_MODE_SUPPORT == _ON)
              bit ScalerDpRx0VbiosAssrCheck(bit bMSACheckResult);
              #endif
 116          bit ScalerDpRx0PSPreDetect(void);
 117          void ScalerDpRx0SetDpLaneMapping(EnumTypeCPinCfgType enumPinAssignment, EnumTypeCOrientation enumOrientati
             -on);
 118          
 119          #if((_D6_INPUT_PORT_TYPE == _D6_DP_PORT) && (_D6_INPUT_PORT_SWITCH_FROM == _SWITCH_FROM_D0))
              void ScalerDpRx6Initial(EnumDpVersionType enumDpVersion, EnumDpLaneCount enumDpLaneCount, EnumDPMSTPort en
             -umDpRxMstPort, EnumFreeSyncSupport enumFreeSyncSupport, EnumAudioDpDpcdSupport enumAudioSupport, EnumDpHdrSupport enumDp
             -HdrSupport);
              bit ScalerDpRx6AuxChSourcePowerCheck(void);
              void ScalerDpRx6AuxChPowerStatusCheck(bit bCableStatus);
              #endif
 124          
 125          #if(_DP_MST_SUPPORT == _ON)
              void ScalerDpRx0MstInfoBackup(EnumDpMstBackup enumDpMstBackup);
              
              #if((_D6_INPUT_PORT_TYPE == _D6_DP_PORT) && (_D6_INPUT_PORT_SWITCH_FROM == _SWITCH_FROM_D0))
              void ScalerDpRx6MstInfoBackup(EnumDpMstBackup enumDpMstBackup);
              #endif
              
              #if(_DP_TX_SUPPORT == _ON)
              void ScalerDpRx0HDCPAuthShaRun(bit bIsFirst);
              void ScalerDpRx0HDCPChangeAuthState(EnumDPRxHDCPAuthState enumHDCPAuthState);
              bit ScalerDpRx0HDCPCheckBinfo(void);
              bit ScalerDpRx0HDCPCheckLvp(void);
              void ScalerDpRx0HDCPFakeAuthenProc(void);
              void ScalerDpRx0HDCPHandler(void);
              void ScalerDpRx0HDCPLoadKsvFifo(void);
              void ScalerDpRx0HDCPLoadShaToDpcd(void);
              void ScalerDpRx0HDCPSetKsvFifoFirst(void);
              void ScalerDpRx0HDCPSetReadIrqTimeout(void);
              void ScalerDpRx0HDCPSetRepeaterProcTimeout(void);
              void ScalerDpRx0HDCPSha1Calculate(BYTE *pucInputArray, BYTE ucCalCount);
              void ScalerDpRx0HDCPWriteShaInput(void);
              #if(_DP_HDCP14_CTS_SUPPORT == _ON)
              bit ScalerDpRx0HDCPDeviceCountChange(void);
              #endif
              void ScalerDpRx0MstToSstAdjustVsyncDelay(void);
              DWORD ScalerDpRx0MstToSstGetBStoVSDelay(void);
              bit ScalerDpRx0MstToSstGetVideoStream(void);
              bit ScalerDpRx0MstToSstMSAActiveChange(void);
              bit ScalerDpRx0MstToSstMSACheck(void);
              void ScalerDpRx0MstToSstProc(void);
              BYTE ScalerDpRx0MstToSstScanInputPort(void);
              bit ScalerDpRx0MstToSstStableDetect(void);
              WORD ScalerDpRx0MstToSstGetBStoHSDelay(WORD usDpHtotal);
              
              void ScalerDpRx0DfpDeviceDetailConfigReset(void);
              void ScalerDpRx0DfpDeviceDetailConfig(void);
              #endif // End of #if(_DP_TX_SUPPORT == _ON)
              
              #endif // End of #if(_DP_MST_SUPPORT == _ON)
 164          
 165          void ScalerDpRx0AdjustLaneFLDBand(BYTE ucDpRx0LaneNumber, WORD usVCOBandDiff);
 166          bit ScalerDpRx0CDRCheck(BYTE ucDpLinkRate, BYTE ucDpcdLane);
C51 COMPILER V9.60.0.0   SCALERDPRX0_SEPTPHY                                               09/24/2026 09:30:19 PAGE 4   

 167          void ScalerDpRx0CpIRQ(EnumDpRxBStatusType enumBStatusType);
 168          bit ScalerDpRx0DFECheck(void);
 169          bit ScalerDpRx0AlignCheck(void);
 170          bit ScalerDpRx0DecodeCheck(void);
 171          WORD ScalerDpRx0GetVtotalbyMeasure(WORD usHBs2BsCount, DWORD ulVBs2BsCount);
 172          bit ScalerDpRx0DeOnlyTimngCheck(DWORD ulVBs2BsCount);
 173          bit ScalerDpRx0DeOnlyJudge(WORD *pusDpVtotal, WORD usHBs2BsCount, DWORD ulVBs2BsCount);
 174          bit ScalerDpRx0DisplayFormatSetting(void);
 175          bit ScalerDpRx0FifoCheck(EnumDpFifoCheckCondition enumFifoCheckCondition);
 176          void ScalerDpRx0HDCPBlockReset(void);
 177          bit ScalerDpRx0HdcpCheckValid(void);
 178          bit ScalerDpRx0HdcpCheckEnabled(void);
 179          bit ScalerDpRx0HdcpMeasureCheck(void);
 180          bit ScalerDpRx0HdcpReAuthStatusCheck(void);
 181          void ScalerDpRx0MacInitial(void);
 182          bit ScalerDpRx0MeasureLaneCDRClk(BYTE ucDpLinkRate, BYTE ucDpRx0LaneNumber);
 183          bit ScalerDpRx0PhyCtsTp1Check(void);
 184          bit ScalerDpRx0PhyCtsTp2Check(void);
 185          void ScalerDpRx0PhyInitial(void);
 186          BYTE ScalerDpRx0ScanInputPort(void);
 187          void ScalerDpRx0SetDFEInitial(EnumDpLinkRate enumDpLinkRate);
 188          void ScalerDpRx0SetFifoIRQ(bit bEn);
 189          void ScalerDpRx0SetFifoWD(bit bEn);
 190          bit ScalerDpRx0StableDetect(void);
 191          
 192          #if(_DP_LINK_INTERVAL_CHECK_SUPPORT == _ON)
              bit ScalerDpRx0LinkStatusLoss(void);
              #endif
 195          
 196          bit ScalerDpRx0TimerDelayXmsLinkCheck(WORD usNum);
 197          bit ScalerDpRx0PollingFlagLinkCheck(WORD usTimeout, WORD usRegister, BYTE ucBit, bit bSuccess);
 198          void ScalerDpRx0SetHotPlugEvent(EnumDpHotPlugAssertType enumHpdType);
 199          
 200          #if(_AIO_MODERN_STANDBY_SUPPORT == _ON)
              void ScalerDpRx0TimingInfoBackup(void);
              #endif
 203          
 204          #if(_DP_MST_SUPPORT == _ON)
              #if(_DP_TX_SUPPORT == _ON)
              void ScalerDpRx0HDCPEnableReadIrq(bit bEnable);
              bit ScalerDpRx0MstToSstDeOnlyTimngCheck(DWORD ulVBs2BsCount);
              bit ScalerDpRx0MstToSstDeOnlyJudge(WORD *pusDpVtotal, WORD usHBs2BsCount, DWORD ulVBs2BsCount);
              bit ScalerDpRx0MstToSstDisplayFormatSetting(void);
              bit ScalerDpRx0MstToSstFifoCheck(EnumDpFifoCheckCondition enumFifoCheckCondition);
              bit ScalerDpRx0MstToSstMeasureInput(void);
              #endif
              
              #endif
 215          StructDpRxErrorCount ScalerDpRx0GetErrorCount(void);
 216          bit ScalerDpRx0AuxChSourcePowerCheck(void);
 217          void ScalerDpRx0AuxChPowerStatusCheck(bit bCableStatus);
 218          
 219          #if(_DP_HDR10_SUPPORT == _ON)
 220          #if(_DP_HDR_VENDOR_SUPPORT != _DP_HDR_VENDOR_SUPPORT_NONE)
              void ScalerDpRx0HdrDpcdSetting(void);
              #endif
 223          #endif
 224          #endif // End of #if(_D0_DP_EXIST == _ON)
 225          
 226          //****************************************************************************
 227          // FUNCTION DEFINITIONS
 228          //****************************************************************************
C51 COMPILER V9.60.0.0   SCALERDPRX0_SEPTPHY                                               09/24/2026 09:30:19 PAGE 5   

 229          #if(_D0_DP_EXIST == _ON)
 230          //--------------------------------------------------
 231          // Description  : DP Adjust Vsync Delay
 232          // Input Value  : None
 233          // Output Value : None
 234          //--------------------------------------------------
 235          void ScalerDpRx0AdjustVsyncDelay(void)
 236          {
 237   1          DWORD ulBStoVSDelayDeltaOverflow = 0;
 238   1          DWORD ulBStoVSDelayDeltaUnderflow = 0;
 239   1      
 240   1          if(ScalerGetBit(PB5_21_PG_CTRL_1, (_BIT1 | _BIT0)) == 0x00)// Fifo Ok
 241   1          {
 242   2              return;
 243   2          }
 244   1          else if(ScalerGetBit(PB5_21_PG_CTRL_1, _BIT0) == _BIT0) // Fifo Overflow
 245   1          {
 246   2              // Get Htotal
 247   2              ScalerRead(PB6_08_MSA_HTT_0, 2, &pData[0], _AUTOINC);
 248   2      
 249   2              // ((Link Clk * 256)/ Stream CLK) * Htotal / 256 --> 1 Line
 250   2              ulBStoVSDelayDeltaOverflow = (((DWORD)ScalerDpRx0GetDpcdInfo(0x00, 0x01, 0x00) * 270UL) * 256) / (
             -(DWORD)GET_INPUT_PIXEL_CLK()) * ((DWORD)PDATA_WORD(0)) / 256;
 251   2      
 252   2              DebugMessageRx0("7. Fifo Overflow --> nVidia Case", ulBStoVSDelayDeltaOverflow);
 253   2          }
 254   1          else if(ScalerGetBit(PB5_21_PG_CTRL_1, _BIT1) == _BIT1) // Fifo Underflow
 255   1          {
 256   2              // Get Hactive
 257   2              ScalerRead(PB6_0C_MSA_HWD_0, 2, &pData[0], _AUTOINC);
 258   2      
 259   2              if(PDATA_WORD(0) != 1366)
 260   2              {
 261   3                  return;
 262   3              }
 263   2      
 264   2              PDATA_WORD(0) = PDATA_WORD(0) - 2;
 265   2      
 266   2              // Set Hactive
 267   2              ScalerSetByte(PB5_45_MN_DPF_HWD_M, pData[0]);
 268   2              ScalerSetByte(PB5_46_MN_DPF_HWD_L, pData[1]);
 269   2      
 270   2              // ((Link Clk * 2)/ Stream CLK) --> 2 pixels
 271   2              ulBStoVSDelayDeltaUnderflow = (((DWORD)ScalerDpRx0GetDpcdInfo(0x00, 0x01, 0x00) * 270) * 2) / ((DW
             -ORD)GET_INPUT_PIXEL_CLK());
 272   2      
 273   2              DebugMessageRx0("7. Fifo Underflow --> QD882 Case", ulBStoVSDelayDeltaUnderflow);
 274   2          }
 275   1      
 276   1          // For Initial Value Before Use PDATA_DWORD(0)
 277   1          pData[0] = 0;
 278   1      
 279   1          // Get BStoVSDelay Even
 280   1          ScalerRead(PB5_32_EVBLK2VS_H, 3, &pData[1], _AUTOINC);
 281   1      
 282   1          // For Initial Value Before Use PDATA_DWORD(1)
 283   1          pData[4] = 0;
 284   1      
 285   1          // Get BStoVSDelay Odd
 286   1          ScalerRead(PB5_35_OVBLK2VS_H, 3, &pData[5], _AUTOINC);
 287   1      
 288   1          // BStoVSDelay = BStoVSDelay + (Nvid * 256 / Mvid) * ((DWORD)Htotal) / 256;
C51 COMPILER V9.60.0.0   SCALERDPRX0_SEPTPHY                                               09/24/2026 09:30:19 PAGE 6   

 289   1          PDATA_DWORD(0) = PDATA_DWORD(0) - ((ulBStoVSDelayDeltaOverflow + ulBStoVSDelayDeltaUnderflow) / 2);
 290   1      
 291   1          // BStoVSDelay = BStoVSDelay + (Nvid * 256 / Mvid) * ((DWORD)Htotal) / 256;
 292   1          PDATA_DWORD(1) = PDATA_DWORD(1) - ((ulBStoVSDelayDeltaOverflow + ulBStoVSDelayDeltaUnderflow) / 2);
 293   1      
 294   1          // Set Even Field BS to VS Delay
 295   1          ScalerSetByte(PB5_32_EVBLK2VS_H, pData[1]);
 296   1          ScalerSetByte(PB5_33_EVBLK2VS_M, pData[2]);
 297   1          ScalerSetByte(PB5_34_EVBLK2VS_L, pData[3]);
 298   1      
 299   1          // Set Odd Field BS to VS Delay
 300   1          ScalerSetByte(PB5_35_OVBLK2VS_H, pData[5]);
 301   1          ScalerSetByte(PB5_36_OVBLK2VS_M, pData[6]);
 302   1          ScalerSetByte(PB5_37_OVBLK2VS_L, pData[7]);
 303   1      
 304   1          // Enable Double Buffer
 305   1          ScalerSetBit(PB5_30_DPF_CTRL_0, ~_BIT6, _BIT6);
 306   1      
 307   1          // Reset Display Format Gen
 308   1          ScalerSetBit(PB5_30_DPF_CTRL_0, ~_BIT7, 0x00);
 309   1          ScalerSetBit(PB5_30_DPF_CTRL_0, ~_BIT7, _BIT7);
 310   1      
 311   1          // Polling Vertical BS
 312   1          if(ScalerDpRx0PollingFlagLinkCheck(50, PB6_01_DP_VBID, _BIT0, _TRUE) == _FALSE)
 313   1          {
 314   2              return;
 315   2          }
 316   1      
 317   1          // Delay for PG Stable
 318   1          if(ScalerDpRx0TimerDelayXmsLinkCheck(_DP_ONE_FRAME_TIME_MAX) == _FALSE)
 319   1          {
 320   2              return;
 321   2          }
 322   1      }
 323          
 324          #if(_FORMAT_CONVERSION_SUPPORT == _ON)
              //--------------------------------------------------
              // Description  : Check VGIP VS bypass for DP
              // Input Value  : None
              // Output Value : _TRUE / _FALSE
              //--------------------------------------------------
              bit ScalerDpRx0CheckVgipVsBypass(void)
              {
                  // Get Hstart
                  ScalerRead(PB5_43_MN_DPF_HST_M, 2, &pData[0], _AUTOINC);
              
                  // Get Vstart
                  ScalerRead(PB5_4B_MN_DPF_VST_M, 2, &pData[2], _AUTOINC);
              
                  // Check for nVedia 2560x1440@144Hz timing (reduced blanking)
                  if((PDATA_WORD(0) < _VGIP_IH_CAPTURE_MIN_VALUE) ||
                     (PDATA_WORD(1) <= _VGIP_IV_CAPTURE_MIN_VALUE))
                  {
                      DebugMessageRx0("DP RX0 VGIP VS Bypass Mode", PDATA_WORD(0));
              
                      return _TRUE;
                  }
              
                  return _FALSE;
              }
              #endif
 350          
C51 COMPILER V9.60.0.0   SCALERDPRX0_SEPTPHY                                               09/24/2026 09:30:19 PAGE 7   

 351          //--------------------------------------------------
 352          // Description  : Dp Set Branch Device Specific Field 00500h - 005FFh
 353          // Input Value  : _DP_VERSION_1_1 or _DP_VERSION_1_2 or _DP_VERSION_1_4
 354          // Output Value : None
 355          //--------------------------------------------------
 356          void ScalerDpRx0SetBranchDeviceSpecificField(EnumDpVersionType enumDpVersion)
 357          {
 358   1          if(enumDpVersion >= _DP_VERSION_1_4)
 359   1          {
 360   2              // Branch IEEE OUI For DP1.4
 361   2              ScalerDpRx0SetDpcdValue(0x00, 0x05, 0x00, _DP_1_4_BRANCH_RTK_IEEE_OUI_L);
 362   2              ScalerDpRx0SetDpcdValue(0x00, 0x05, 0x01, _DP_1_4_BRANCH_RTK_IEEE_OUI_M);
 363   2              ScalerDpRx0SetDpcdValue(0x00, 0x05, 0x02, _DP_1_4_BRANCH_RTK_IEEE_OUI_H);
 364   2      
 365   2              // Branch IEEE OUI LSB For DP1.4
 366   2              ScalerDpRx0SetDpcdValue(0x00, 0x05, 0x03, _DP_1_4_BRANCH_RTK_ID_STRING_0);
 367   2              ScalerDpRx0SetDpcdValue(0x00, 0x05, 0x04, _DP_1_4_BRANCH_RTK_ID_STRING_1);
 368   2              ScalerDpRx0SetDpcdValue(0x00, 0x05, 0x05, _DP_1_4_BRANCH_RTK_ID_STRING_2);
 369   2              ScalerDpRx0SetDpcdValue(0x00, 0x05, 0x06, _DP_1_4_BRANCH_RTK_ID_STRING_3);
 370   2              ScalerDpRx0SetDpcdValue(0x00, 0x05, 0x07, _DP_1_4_BRANCH_RTK_ID_STRING_4);
 371   2              ScalerDpRx0SetDpcdValue(0x00, 0x05, 0x08, _DP_1_4_BRANCH_RTK_ID_STRING_5);
 372   2      
 373   2              // Branch HW/FW Version For DP1.4
 374   2              ScalerDpRx0SetDpcdValue(0x00, 0x05, 0x09, _DP_1_4_BRANCH_RTK_HW_VERSION);
 375   2              ScalerDpRx0SetDpcdValue(0x00, 0x05, 0x0A, _DP_1_4_BRANCH_RTK_FW_VERSION_H);
 376   2              ScalerDpRx0SetDpcdValue(0x00, 0x05, 0x0B, _DP_1_4_BRANCH_RTK_FW_VERSION_L);
 377   2          }
 378   1          else if(enumDpVersion >= _DP_VERSION_1_2)
 379   1          {
 380   2              // Branch IEEE OUI For DP1.2
 381   2              ScalerDpRx0SetDpcdValue(0x00, 0x05, 0x00, _DP_1_2_BRANCH_RTK_IEEE_OUI_L);
 382   2              ScalerDpRx0SetDpcdValue(0x00, 0x05, 0x01, _DP_1_2_BRANCH_RTK_IEEE_OUI_M);
 383   2              ScalerDpRx0SetDpcdValue(0x00, 0x05, 0x02, _DP_1_2_BRANCH_RTK_IEEE_OUI_H);
 384   2      
 385   2              // Branch IEEE OUI LSB For DP1.2
 386   2              ScalerDpRx0SetDpcdValue(0x00, 0x05, 0x03, _DP_1_2_BRANCH_RTK_ID_STRING_0);
 387   2              ScalerDpRx0SetDpcdValue(0x00, 0x05, 0x04, _DP_1_2_BRANCH_RTK_ID_STRING_1);
 388   2              ScalerDpRx0SetDpcdValue(0x00, 0x05, 0x05, _DP_1_2_BRANCH_RTK_ID_STRING_2);
 389   2              ScalerDpRx0SetDpcdValue(0x00, 0x05, 0x06, _DP_1_2_BRANCH_RTK_ID_STRING_3);
 390   2              ScalerDpRx0SetDpcdValue(0x00, 0x05, 0x07, _DP_1_2_BRANCH_RTK_ID_STRING_4);
 391   2              ScalerDpRx0SetDpcdValue(0x00, 0x05, 0x08, _DP_1_2_BRANCH_RTK_ID_STRING_5);
 392   2      
 393   2              // Branch HW/FW Version For DP1.2
 394   2              ScalerDpRx0SetDpcdValue(0x00, 0x05, 0x09, _DP_1_2_BRANCH_RTK_HW_VERSION);
 395   2              ScalerDpRx0SetDpcdValue(0x00, 0x05, 0x0A, _DP_1_2_BRANCH_RTK_FW_VERSION_H);
 396   2              ScalerDpRx0SetDpcdValue(0x00, 0x05, 0x0B, _DP_1_2_BRANCH_RTK_FW_VERSION_L);
 397   2          }
 398   1          else
 399   1          {
 400   2      #if(_DP_SINK_VER11_OUI_SUPPORT == _ON)
 401   2              // Branch IEEE OUI For DP1.1
 402   2              ScalerDpRx0SetDpcdValue(0x00, 0x05, 0x00, _DP_1_1_BRANCH_RTK_IEEE_OUI_L);
 403   2              ScalerDpRx0SetDpcdValue(0x00, 0x05, 0x01, _DP_1_1_BRANCH_RTK_IEEE_OUI_M);
 404   2              ScalerDpRx0SetDpcdValue(0x00, 0x05, 0x02, _DP_1_1_BRANCH_RTK_IEEE_OUI_H);
 405   2      #else
                      // Branch IEEE OUI Not Support
                      ScalerDpRx0SetDpcdValue(0x00, 0x05, 0x00, 0x00);
                      ScalerDpRx0SetDpcdValue(0x00, 0x05, 0x01, 0x00);
                      ScalerDpRx0SetDpcdValue(0x00, 0x05, 0x02, 0x00);
              #endif
 411   2              // Branch IEEE OUI LSB For DP1.1
 412   2              ScalerDpRx0SetDpcdValue(0x00, 0x05, 0x03, _DP_1_1_BRANCH_RTK_ID_STRING_0);
C51 COMPILER V9.60.0.0   SCALERDPRX0_SEPTPHY                                               09/24/2026 09:30:19 PAGE 8   

 413   2              ScalerDpRx0SetDpcdValue(0x00, 0x05, 0x04, _DP_1_1_BRANCH_RTK_ID_STRING_1);
 414   2              ScalerDpRx0SetDpcdValue(0x00, 0x05, 0x05, _DP_1_1_BRANCH_RTK_ID_STRING_2);
 415   2              ScalerDpRx0SetDpcdValue(0x00, 0x05, 0x06, _DP_1_1_BRANCH_RTK_ID_STRING_3);
 416   2              ScalerDpRx0SetDpcdValue(0x00, 0x05, 0x07, _DP_1_1_BRANCH_RTK_ID_STRING_4);
 417   2              ScalerDpRx0SetDpcdValue(0x00, 0x05, 0x08, _DP_1_1_BRANCH_RTK_ID_STRING_5);
 418   2      
 419   2              // Branch HW/FW Version For DP1.1
 420   2              ScalerDpRx0SetDpcdValue(0x00, 0x05, 0x09, _DP_1_1_BRANCH_RTK_HW_VERSION);
 421   2              ScalerDpRx0SetDpcdValue(0x00, 0x05, 0x0A, _DP_1_1_BRANCH_RTK_FW_VERSION_H);
 422   2              ScalerDpRx0SetDpcdValue(0x00, 0x05, 0x0B, _DP_1_1_BRANCH_RTK_FW_VERSION_L);
 423   2          }
 424   1      }
 425          
 426          //--------------------------------------------------
 427          // Description  : Dp Clear Branch Device Specific Field 00500h - 005FFh
 428          // Input Value  : None
 429          // Output Value : None
 430          //--------------------------------------------------
 431          void ScalerDpRx0ClearBranchDeviceSpecificField(void)
 432          {
 433   1          // Branch IEEE OUI
 434   1          ScalerDpRx0SetDpcdValue(0x00, 0x05, 0x00, 0x00);
 435   1          ScalerDpRx0SetDpcdValue(0x00, 0x05, 0x01, 0x00);
 436   1          ScalerDpRx0SetDpcdValue(0x00, 0x05, 0x02, 0x00);
 437   1      
 438   1          // Branch IEEE OUI LSB
 439   1          ScalerDpRx0SetDpcdValue(0x00, 0x05, 0x03, 0x00);
 440   1          ScalerDpRx0SetDpcdValue(0x00, 0x05, 0x04, 0x00);
 441   1          ScalerDpRx0SetDpcdValue(0x00, 0x05, 0x05, 0x00);
 442   1          ScalerDpRx0SetDpcdValue(0x00, 0x05, 0x06, 0x00);
 443   1          ScalerDpRx0SetDpcdValue(0x00, 0x05, 0x07, 0x00);
 444   1          ScalerDpRx0SetDpcdValue(0x00, 0x05, 0x08, 0x00);
 445   1      
 446   1          // Branch HW/FW Version
 447   1          ScalerDpRx0SetDpcdValue(0x00, 0x05, 0x09, 0x00);
 448   1          ScalerDpRx0SetDpcdValue(0x00, 0x05, 0x0A, 0x00);
 449   1          ScalerDpRx0SetDpcdValue(0x00, 0x05, 0x0B, 0x00);
 450   1      }
 451          
 452          //--------------------------------------------------
 453          // Description  : Enable DP Fifo Under/OverFlow IRQ
 454          // Input Value  : _ENABLE/ DISABLE
 455          // Output Value : None
 456          //--------------------------------------------------
 457          void ScalerDpRx0SetNoVideoStreamIRQ(bit bEn)
 458          {
 459   1          // VB-ID[3] Change Flag
 460   1          ScalerSetBit(PB6_36_DP_GLB_STATUS, ~(_BIT7 | _BIT6 | _BIT5 | _BIT4 | _BIT3 | _BIT2 | _BIT1), _BIT6);
 461   1      
 462   1          // VB-ID[3] Change IRQ
 463   1          ScalerSetBit(PB6_3B_DP_IRQ_CTRL1, ~_BIT4, ((bEn == _ENABLE) ? _BIT4 : 0x00));
 464   1      }
 465          
 466          //--------------------------------------------------
 467          // Description  : DPCD Link Status Field Reset
 468          // Input Value  : None
 469          // Output Value : None
 470          //--------------------------------------------------
 471          void ScalerDpRx0DpcdLinkStatusReset(EnumDpResetStatus enumDpResetStatus)
 472          {
 473   1          BYTE ucBackup = ScalerGetByte(PB7_D0_AUX_MODE_SET);
 474   1      
C51 COMPILER V9.60.0.0   SCALERDPRX0_SEPTPHY                                               09/24/2026 09:30:19 PAGE 9   

 475   1          DebugMessageRx0("DP Rx0 Dpcd Link Status Reset", 0);
 476   1      
 477   1          SET_DP_RX0_AUX_MANUAL_MODE();
 478   1      
 479   1          if(enumDpResetStatus == _DP_DPCD_LINK_STATUS_INITIAL)
 480   1          {
 481   2              // Set DPCD 00600h to 0x01
 482   2              ScalerDpRx0SetDpcdBitValue(0x00, 0x06, 0x00, ~(_BIT2 | _BIT1 | _BIT0), _BIT0);
 483   2          }
 484   1      
 485   1          ScalerDpRx0SetDpcdValue(0x00, 0x02, 0x02, 0x00);
 486   1          ScalerDpRx0SetDpcdValue(0x00, 0x02, 0x03, 0x00);
 487   1          ScalerDpRx0SetDpcdValue(0x00, 0x02, 0x04, 0x80);
 488   1          ScalerDpRx0SetDpcdWrite1ClearValue(0x00, 0x20, 0x05, (ScalerDpRx0GetDpcdInfo(0x00, 0x20, 0x05) | _BIT1
             -));
 489   1          ScalerDpRx0SetDpcdValue(0x00, 0x02, 0x05, 0x00);
 490   1          ScalerDpRx0SetDpcdValue(0x00, 0x02, 0x06, 0x00);
 491   1          ScalerDpRx0SetDpcdValue(0x00, 0x02, 0x07, 0x00);
 492   1      
 493   1          SET_DP_RX0_LINK_TRAINING_STATUS(_DP_LINK_TRAINING_NONE);
 494   1      
 495   1          CLR_DP_RX0_BACKUP_PD_LINK_STATUS_FLG();
 496   1      
 497   1          if((ucBackup & _BIT1) == _BIT1)
 498   1          {
 499   2              SET_DP_RX0_AUX_AUTO_MODE();
 500   2          }
 501   1      
 502   1      #if(_DP_MST_SUPPORT == _ON)
              
                  if(g_enumDpMSTCapablePort == _DP_MST_RX0_PORT)
                  {
                      ucBackup = ScalerGetByte(PB7_D0_AUX_MODE_SET);
              
                      SET_DP_RX0_AUX_AUTO_MODE();
              
                      ScalerDpRx0SetDpcdValue(0x00, 0x02, 0xC0, (ScalerDpRx0GetDpcdInfo(0x00, 0x02, 0xC0) & ~_BIT1));
              
                      if((ucBackup & _BIT1) != _BIT1)
                      {
                          SET_DP_RX0_AUX_MANUAL_MODE();
                      }
                  }
              
              #endif
 519   1      }
 520          //--------------------------------------------------
 521          // Description  : DP BS to VS Delay Calculation
 522          // Input Value  : None
 523          // Output Value : BS to VS Delay
 524          //--------------------------------------------------
 525          DWORD ScalerDpRx0GetBStoVSDelay(void)
 526          {
 527   1          DWORD ulVFrontPorch = 0;
 528   1          DWORD ulHFrontPorch = 0;
 529   1          WORD usFifoOffset = 0;
 530   1      
 531   1          // Get Htotal
 532   1          ScalerRead(PB6_08_MSA_HTT_0, 2, &pData[2], _AUTOINC);
 533   1      
 534   1          // VFrontPorch = 3 * Htotal * (Link Clk / Stream CLK)
 535   1          ulVFrontPorch = ((DWORD)GET_DP_RX0_VFRONT_PORCH()) * ((DWORD)PDATA_WORD(1) * 256) / ((DWORD)GET_INPUT_
C51 COMPILER V9.60.0.0   SCALERDPRX0_SEPTPHY                                               09/24/2026 09:30:19 PAGE 10  

             -PIXEL_CLK()) *
 536   1                          ((DWORD)ScalerDpRx0GetDpcdInfo(0x00, 0x01, 0x00) * 270) / 256;
 537   1      
 538   1          // Get Hactive
 539   1          ScalerRead(PB6_0C_MSA_HWD_0, 2, pData, _AUTOINC);
 540   1      
 541   1          // Get HSW
 542   1          pData[4] = ScalerGetBit(PB6_0E_MSA_HSW_0, (_BIT6 | _BIT5 | _BIT4 | _BIT3 | _BIT2 | _BIT1 | _BIT0));
 543   1          pData[5] = ScalerGetByte(PB6_0F_MSA_HSW_1);
 544   1      
 545   1          // Get HSW min by Measure clock
 546   1          PDATA_WORD(3) = ((DWORD) _DP_HSYNC_WIDTH_MEASURE_COUNTER * GET_INPUT_PIXEL_CLK() * 100) / _MEASURE_CLK
             - + 1;
 547   1      
 548   1          // Check HSW <= HSW min
 549   1          if(PDATA_WORD(2) <= PDATA_WORD(3))
 550   1          {
 551   2              // Check if H porch is more than HSW min
 552   2              if((PDATA_WORD(1) - PDATA_WORD(0)) >= PDATA_WORD(3))
 553   2              {
 554   3                  // HSW = HSW min
 555   3                  PDATA_WORD(2) = PDATA_WORD(3);
 556   3              }
 557   2              else
 558   2              {
 559   3                  // HSW = Max H Porch
 560   3                  PDATA_WORD(2) = (PDATA_WORD(1) - PDATA_WORD(0));
 561   3              }
 562   2          }
 563   1      
 564   1          // DPF H Front Porch must not be less than 8 (HW constraint)
 565   1          // Check if H porch is more than 8
 566   1          if((PDATA_WORD(1) - PDATA_WORD(0) - PDATA_WORD(2)) <= _DP_HSYNC_FRONT_PORCH)
 567   1          {
 568   2              // HSW < HSW min
 569   2              if(PDATA_WORD(2) < PDATA_WORD(3))
 570   2              {
 571   3                  // Hstart = HSW
 572   3                  PDATA_WORD(4) = PDATA_WORD(2);
 573   3              }
 574   2              else if((PDATA_WORD(1) - PDATA_WORD(0) - PDATA_WORD(3) >= _DP_HSYNC_FRONT_PORCH))
 575   2              {
 576   3                  // HSW = H porch - _DP_HSYNC_FRONT_PORCH
 577   3                  PDATA_WORD(2) = PDATA_WORD(1) - PDATA_WORD(0) - _DP_HSYNC_FRONT_PORCH;
 578   3      
 579   3                  // Hstart = HSW
 580   3                  PDATA_WORD(4) = PDATA_WORD(2);
 581   3              }
 582   2              else
 583   2              {
 584   3                  // HSW = HSW min
 585   3                  PDATA_WORD(2) = PDATA_WORD(3);
 586   3      
 587   3                  // Hstart = HSW min
 588   3                  PDATA_WORD(4) = PDATA_WORD(3);
 589   3              }
 590   2          }
 591   1          else
 592   1          {
 593   2              // Hstart = Htotal - Hactive - _DP_HSYNC_FRONT_PORCH
 594   2              PDATA_WORD(4) = PDATA_WORD(1) - PDATA_WORD(0) - _DP_HSYNC_FRONT_PORCH;
 595   2          }
C51 COMPILER V9.60.0.0   SCALERDPRX0_SEPTPHY                                               09/24/2026 09:30:19 PAGE 11  

 596   1      
 597   1          // HFrontPorch = (Htotal - Hactive - Hstart) * (Link Clk / Stream CLK)
 598   1          ulHFrontPorch = (((DWORD)(PDATA_WORD(1) - PDATA_WORD(0) - PDATA_WORD(4))) * (((DWORD)ScalerDpRx0GetDpc
             -dInfo(0x00, 0x01, 0x00)) * 270) / ((DWORD)GET_INPUT_PIXEL_CLK()));
 599   1      
 600   1          pData[15] = GET_COLOR_DEPTH();
 601   1      
 602   1          // DP fifo size = 256 x 96bit
 603   1          if(GET_COLOR_SPACE() == _COLOR_SPACE_YCBCR422)
 604   1          {
 605   2              // FifoOffset = (1/2 * (256 * 96) / (2 * depth per color)), color format is YCbCr 4:2:2
 606   2              usFifoOffset = _HW_DP_RX_VIDEO_FIFO_SIZE / (4 * (WORD)pData[15]);
 607   2          }
 608   1          else
 609   1          {
 610   2              // FifoOffset = (1/2 * (256 * 96) / (3 * depth per color)), color format is RGB or YCbCr 4:4:4 or 
             -others
 611   2              usFifoOffset = _HW_DP_RX_VIDEO_FIFO_SIZE / (6 * (WORD)pData[15]);
 612   2          }
 613   1      
 614   1          // FifoOffset = (1/2 * (256 * 96) / (3 * depth per color)) * (Link Clk / Stream CLK))
 615   1          usFifoOffset = (WORD)(((DWORD)usFifoOffset) * (((DWORD)ScalerDpRx0GetDpcdInfo(0x00, 0x01, 0x00)) * 270
             -) / ((DWORD)GET_INPUT_PIXEL_CLK()));
 616   1      
 617   1          return ((ulVFrontPorch + ulHFrontPorch + (DWORD)usFifoOffset) / 2);
 618   1      }
 619          
 620          #if(_DP_HDCP14_REPEATER_BIT_DISABLE_FOR_TX_CLONE_OFF == _ON)
              //--------------------------------------------------
              // Description  : Check DP Hdcp14 Repeater bit
              // Input Value  : MST Port, Clone enable
              // Output Value : None
              //--------------------------------------------------
              void ScalerDpRx0Hdcp14RepeaterCapabilityCheck(EnumDPMSTPort enumDPMSTPort, bit bClone)
              {
                  if(enumDPMSTPort == _DP_MST_RX0_PORT)
                  {
                      SET_DP_RX0_HDCP14_REPEATER_SUPPORT(_ENABLE);
                  }
                  else
                  {
                      if(bClone == _TRUE)
                      {
                          SET_DP_RX0_HDCP14_REPEATER_SUPPORT(_ENABLE);
                      }
                      else
                      {
                          SET_DP_RX0_HDCP14_REPEATER_SUPPORT(_DISABLE);
                      }
                  }
              }
              #endif
 645          
 646          //--------------------------------------------------
 647          // Description  : Initial Setting for DP
 648          // Input Value  : _DP_VERSION_1_1 or _DP_VERSION_1_2
 649          // Output Value : None
 650          //--------------------------------------------------
 651          void ScalerDpRx0Initial(EnumDpVersionType enumDpVersion, EnumDpLaneCount enumDpLaneCount, EnumDPMSTPort en
             -umDpRxMstPort, EnumFreeSyncSupport enumFreeSyncSupport, EnumAudioDpDpcdSupport enumAudioSupport, EnumDpHdrSupport enumDp
             -HdrSupport)
 652          {
C51 COMPILER V9.60.0.0   SCALERDPRX0_SEPTPHY                                               09/24/2026 09:30:19 PAGE 12  

 653   1          ScalerDpRx0AuxPowerOnInitial();
 654   1      
 655   1      #if(_AUDIO_SUPPORT == _ON)
 656   1          SET_AUDIO_DP_D0_SUPPORT(enumAudioSupport);
 657   1      #else
                  enumAudioSupport = enumAudioSupport;
              #endif // End of #if(_AUDIO_SUPPORT == _ON)
 660   1      
 661   1          SET_DP_RX_TARGET_MST_PORT(enumDpRxMstPort);
 662   1          SET_DP_RX_D0_PORT_TARGET_VERSION(enumDpVersion);
 663   1          SET_DP_RX_D0_PORT_TARGET_LANE_COUNT(enumDpLaneCount);
 664   1      
 665   1          ScalerDpRx0DpcdInitial(enumDpVersion, enumDpLaneCount, enumDpRxMstPort, enumFreeSyncSupport, enumDpHdr
             -Support);
 666   1      
 667   1          // Must be initialized "AFTER DPCD setting" to avoid entering interruption unexpectively
 668   1          ScalerDpRx0AuxIntInitial();
 669   1      
 670   1          SET_DP_RX0_LINK_TRAINING_STATUS(_DP_LINK_TRAINING_NONE);
 671   1      
 672   1          SET_DP_RX0_FAKE_LINK_TRAINING();
 673   1      
 674   1          SET_DP_RX0_HDCP_MODE_BACKUP(_HDCP_14);
 675   1      
 676   1          ScalerDpRx0SetDpLaneMapping(_TYPE_C_PIN_ASSIGNMENT_C, _TYPE_C_ORIENTATION_UNFLIP);
 677   1      
 678   1          CLR_DP_RX0_CHECK_AUX_CH_NO_POWER_DEBOUNCE();
 679   1          CLR_DP_RX0_CHECK_AUX_CH_POWER_STATUS();
 680   1          CLR_DP_RX0_AUX_CH_POWER_ON_WAKE_UP();
 681   1          CLR_DP_RX0_SOURCE_FIRST_POWER_ON();
 682   1      
 683   1      #if(_DP_MST_SUPPORT == _ON)
                  CLR_DP_RX0_SOURCE_WRITE_POWER_STATUS_EVENT();
              #endif
 686   1      
 687   1      #if(_DP_TX_SUPPORT == _ON)
                  CLR_DP_RX0_HDCP_AUTH_AKSV_WRITTEN();
              #endif
 690   1      }
 691          
 692          //--------------------------------------------------
 693          // Description  : DP Margin Link Check
 694          // Input Value  : None
 695          // Output Value : _TRUE : Link ok ; _FALSE : Margin Link
 696          //--------------------------------------------------
 697          bit ScalerDpRx0MarginLinkCheck(void)
 698          {
 699   1          switch(ScalerDpRx0GetDpcdInfo(0x00, 0x01, 0x00))
 700   1          {
 701   2              case _DP_LINK_HBR2:
 702   2      
 703   2      #if(_DP_HBR2_MARGIN_LINK_SUPPORT == _ON)
                          if((ScalerDpRx0DFECheck() == _TRUE) &&
                             (ScalerDpRx0SignalCheck(ScalerDpRx0GetDpcdInfo(0x00, 0x01, 0x00), (ScalerDpRx0GetDpcdInfo(0
             -x00, 0x01, 0x01) & 0x1F)) == _TRUE) &&
                             (ScalerDpRx0LaneBsCheck() == _TRUE) &&
                             (ScalerDpRx0DecodeErrorCountCheck(_DP_HBR2_MARGIN_LINK_TIME_CRITERIA, _DP_HBR2_MARGIN_LINK_
             -ERROR_CRITERIA) == _FALSE))
                          {
                              if((ScalerDpRx0DFECheck() == _TRUE) &&
                                 (ScalerDpRx0SignalCheck(ScalerDpRx0GetDpcdInfo(0x00, 0x01, 0x00), (ScalerDpRx0GetDpcdIn
             -fo(0x00, 0x01, 0x01) & 0x1F)) == _TRUE) &&
C51 COMPILER V9.60.0.0   SCALERDPRX0_SEPTPHY                                               09/24/2026 09:30:19 PAGE 13  

                                 (ScalerDpRx0LaneBsCheck() == _TRUE))
                              {
              #if((_D6_INPUT_PORT_TYPE == _D6_DP_PORT) && (_D6_INPUT_PORT_SWITCH_FROM == _SWITCH_FROM_D0))
                                  if((GET_D6_SWITCH_SELECT() == _D0_INPUT_PORT) && (ScalerSyncDpCableStatus(_D0_INPUT_PO
             -RT) == _TRUE))
                                  {
                                      SET_DP_RX_D0_MARGIN_LINK_HBR2();
                                      return _FALSE;
                                  }
                                  else if((GET_D6_SWITCH_SELECT() == _D6_INPUT_PORT) && (ScalerSyncDpCableStatus(_D6_INP
             -UT_PORT) == _TRUE))
                                  {
                                      SET_DP_RX_D6_MARGIN_LINK_HBR2();
                                      return _FALSE;
                                  }
              #else
                                  if(ScalerSyncDpCableStatus(_D0_INPUT_PORT) == _TRUE)
                                  {
                                      SET_DP_RX_D0_MARGIN_LINK_HBR2();
                                      return _FALSE;
                                  }
              #endif
                              }
                          }
              #else
 734   2                  return _TRUE;
 735   2      #endif
 736   2                  break;
 737   2      
 738   2              default:
 739   2                  break;
 740   2          }
 741   1      
 742   1          return _TRUE;
 743   1      }
 744          
 745          //--------------------------------------------------
 746          // Description  : Dp Interrupt Request
 747          // Input Value  : None
 748          // Output Value : None
 749          //--------------------------------------------------
 750          void ScalerDpRx0LinkStatusIRQ(void)
 751          {
 752   1          SET_DP_RX0_AUX_MANUAL_MODE();
 753   1      
 754   1          if((GET_DP_RX0_LINK_TRAINING_STATUS() == _DP_LINK_TRAINING_FAIL) || (GET_DP_RX0_LINK_TRAINING_STATUS()
             - == _DP_LINK_STATUS_FAIL))
 755   1          {
 756   2              ScalerDpRx0DpcdLinkStatusReset(_DP_DPCD_LINK_STATUS_RESET);
 757   2      
 758   2              SET_DP_RX0_AUX_AUTO_MODE();
 759   2      
 760   2              ScalerDpRx0HDCPBlockReset();
 761   2      
 762   2      #if(_DP_HDCP_2_2_SUPPORT == _ON)
 763   2              ScalerDpRx0Hdcp2ResetProc();
 764   2      #endif
 765   2      
 766   2              if((ScalerDpRx0GetDpcdBitInfo(0x00, 0x06, 0x00, (_BIT2 | _BIT1 | _BIT0)) != _BIT1) &&
 767   2                 (ScalerDpRx0GetDpcdBitInfo(0x00, 0x06, 0x00, (_BIT2 | _BIT1 | _BIT0)) != (_BIT2 | _BIT0)))
 768   2              {
 769   3                  ScalerTimerCancelTimerEvent(_SCALER_TIMER_EVENT_DP_RX0_HDCP_LONG_HOTPLUG_EVENT);
C51 COMPILER V9.60.0.0   SCALERDPRX0_SEPTPHY                                               09/24/2026 09:30:19 PAGE 14  

 770   3      
 771   3                  CLR_DP_RX0_HDCP_CPIRQ();
 772   3      
 773   3      #if((_DP_HDCP_2_2_SUPPORT == _ON) && (_WD_TIMER_INT_SUPPORT == _ON))
 774   3                  ScalerTimerWDCancelTimerEvent(_SCALER_WD_TIMER_EVENT_DP_RX0_HDCP2_SKE);
 775   3                  ScalerTimerWDCancelTimerEvent(_SCALER_WD_TIMER_EVENT_DP_RX0_HDCP2_H_PRIME);
 776   3      #endif
 777   3      
 778   3                  ScalerDpRx0HpdIrqAssert();
 779   3              }
 780   2          }
 781   1      
 782   1          SET_DP_RX0_AUX_AUTO_MODE();
 783   1      }
 784          
 785          //--------------------------------------------------
 786          // Description  : Active DP IRQ
 787          // Input Value  : None
 788          // Output Value : None
 789          //--------------------------------------------------
 790          void ScalerDpRx0ActiveLinkStatusIRQ(void)
 791          {
 792   1          WORD usTime = 0;
 793   1      
 794   1          if(GET_DP_RX0_HDCP_CPIRQ() == _TRUE)
 795   1          {
 796   2              CLR_DP_RX0_HDCP_CPIRQ();
 797   2      
 798   2              usTime = 350;
 799   2          }
 800   1          else
 801   1          {
 802   2      #if(_DP_LINK_INTERVAL_CHECK_SUPPORT == _ON)
                      usTime = 50;
              #else
 805   2              usTime = 100;
 806   2      #endif
 807   2          }
 808   1      
 809   1          ScalerTimerActiveTimerEvent(usTime, _SCALER_TIMER_EVENT_DP_RX0_LINK_STATUS_IRQ);
 810   1      }
 811          
 812          //-------------------------------------------------------
 813          // Description  : Set Aux Diff mode or Single-eneded mode
 814          // Input Value  : None
 815          // Output Value : None
 816          //-------------------------------------------------------
 817          void ScalerDpRx0AuxSet(void)
 818          {
 819   1          if(GET_DP_AUX_DIFF_MODE() == _FALSE)
 820   1          {
 821   2              // Set TX VLDO = 1.05V, Open AUX ADJR_P, Rx Common Mode from 3.3V
 822   2              ScalerSetByte(PB7_61_AUX_1, ((_DP_RX_AUX_REPLY_SWING_LEVEL << 5) | _BIT4));
 823   2      
 824   2              // [5]Enable Single-Ended Mode, [4:3]Aux Vth-->50mV, [0]Aux 50ohm auto K(Enable Big_Z0_P)
 825   2              ScalerSetByte(PB7_62_AUX_2, 0x29);
 826   2      
 827   2              // [4]Enable Big_Z0_N, [3:0]Open ADJR_N
 828   2              ScalerSetBit(PB7_66_AUX_6, ~(_BIT4 | _BIT3 | _BIT2 | _BIT1 | _BIT0), _BIT4);
 829   2          }
 830   1          else
 831   1          {
C51 COMPILER V9.60.0.0   SCALERDPRX0_SEPTPHY                                               09/24/2026 09:30:19 PAGE 15  

 832   2              // Set TX VLDO = 1.05V, Rx Common Mode from 3.3V
 833   2              ScalerSetBit(PB7_61_AUX_1, ~(_BIT7 | _BIT6 | _BIT5 | _BIT4), ((_DP_RX_AUX_REPLY_SWING_LEVEL << 5) 
             -| _BIT4));
 834   2      
 835   2              // [5]Disable Single-Ended Mode, [4:3]Aux Vth-->50mV, [0]Aux 50ohm auto K(Enable Big_Z0_P)
 836   2              ScalerSetByte(PB7_62_AUX_2, 0x09);
 837   2      
 838   2              // [4]Enable Big_Z0_N
 839   2              ScalerSetBit(PB7_66_AUX_6, ~_BIT4, _BIT4);
 840   2      
 841   2              // AUX RX0 P Channel Resistance Setting
 842   2              ScalerSetBit(PB7_61_AUX_1, ~(_BIT3 | _BIT2 | _BIT1 | _BIT0), GET_DP_AUX_ADJR_SETTING());
 843   2      
 844   2              // AUX RX0 N Channel Resistance Setting
 845   2              ScalerSetBit(PB7_66_AUX_6, ~(_BIT3 | _BIT2 | _BIT1 | _BIT0), GET_DP_AUX_ADJR_SETTING());
 846   2          }
 847   1      }
 848          
 849          //--------------------------------------------------
 850          // Description  : Dp IRQ Assert Proc
 851          // Input Value  : None
 852          // Output Value : None
 853          //--------------------------------------------------
 854          void ScalerDpRx0HpdIrqAssert(void)
 855          {
 856   1          if(PCB_D0_HOTPLUG_DETECT() == _D0_HOT_PLUG_HIGH)
 857   1          {
 858   2      #if(_DP_IRQ_HPD_MODE == _DP_IRQ_HPD_T2_MODE)
 859   2              SET_DP_D0_HPD_IRQ_ASSERT_T2_EVENT();
 860   2      #else
              
                      BYTE ucBackUp2 = ScalerGetByte(PB7_D0_AUX_MODE_SET);
              
              #if(_DP_TX_SUPPORT == _ON)
                      // Disable IRQs that take too long
                      BYTE ucBackUp1 = ScalerGetBit(PBB_72_HPD_IRQ_EN, _BIT6);
                      ScalerSetBit(PBB_72_HPD_IRQ_EN, ~_BIT6, 0x00);
              #endif
              
                      SET_DP_RX0_AUX_MANUAL_MODE();
              
                      PCB_D0_HOTPLUG(_D0_HOT_PLUG_LOW);
              
                      // Default = 750us
                      switch(GET_DP_IRQ_TIME_10US())
                      {
                          case 55:
                              DELAY_XUS(500);
                              break;
              
                          case 60:
                              DELAY_XUS(546);
                              break;
              
                          case 65:
                              DELAY_XUS(588);
                              break;
              
                          case 70:
                              DELAY_XUS(634);
                              break;
              
C51 COMPILER V9.60.0.0   SCALERDPRX0_SEPTPHY                                               09/24/2026 09:30:19 PAGE 16  

                          case 75:
                              DELAY_XUS(682);
                              break;
              
                          case 80:
                              DELAY_XUS(728);
                              break;
              
                          case 85:
                              DELAY_XUS(768);
                              break;
              
                          case 90:
                              DELAY_XUS(816);
                              break;
              
                          case 95:
                              DELAY_XUS(862);
                              break;
              
                          default:
                              DELAY_XUS(682);
                              break;
                      }
              
                      PCB_D0_HOTPLUG(_D0_HOT_PLUG_HIGH);
              
                      if((ucBackUp2 & _BIT1) == _BIT1)
                      {
                          SET_DP_RX0_AUX_AUTO_MODE();
                      }
              
              #if(_DP_TX_SUPPORT == _ON)
                      ScalerSetBit(PBB_72_HPD_IRQ_EN, ~_BIT6, ucBackUp1);
              #endif
              #endif
 929   2      
 930   2              // For Meeting Spec of HPD_IRQ Minimum Spacing >= 2 ms
 931   2              ScalerTimerDelayXms(3);
 932   2          }
 933   1      }
 934          
 935          #if(_DP_HDCP_2_2_SUPPORT == _ON)
 936          //--------------------------------------------------
 937          // Description  : Dp IRQ Assert Proc
 938          // Input Value  : None
 939          // Output Value : None
 940          //--------------------------------------------------
 941          void ScalerDpRx0HpdIrqAssert_EXINT0(void) using 1
 942          {
 943   1          if(PCB_D0_HOTPLUG_DETECT() == _D0_HOT_PLUG_HIGH)
 944   1          {
 945   2      #if(_DP_IRQ_HPD_MODE == _DP_IRQ_HPD_T2_MODE)
 946   2              SET_DP_D0_HPD_IRQ_ASSERT_T2_EVENT();
 947   2      #else
              
                      BYTE ucBackUp2 = ScalerGetByte_EXINT(PB7_D0_AUX_MODE_SET);
              
              #if(_DP_TX_SUPPORT == _ON)
                      // Disable IRQs that take too long
                      BYTE ucBackUp1 = ScalerGetBit_EXINT(PBB_72_HPD_IRQ_EN, _BIT6);
                      ScalerSetBit_EXINT(PBB_72_HPD_IRQ_EN, ~_BIT6, 0x00);
C51 COMPILER V9.60.0.0   SCALERDPRX0_SEPTPHY                                               09/24/2026 09:30:19 PAGE 17  

              #endif
              
                      SET_DP_RX0_AUX_MANUAL_MODE_EXINT();
              
                      PCB_D0_HOTPLUG(_D0_HOT_PLUG_LOW);
              
                      // Default = 750us
                      switch(GET_DP_IRQ_TIME_10US())
                      {
                          case 55:
                              DELAY_XUS_EXINT(500);
                              break;
              
                          case 60:
                              DELAY_XUS_EXINT(546);
                              break;
              
                          case 65:
                              DELAY_XUS_EXINT(588);
                              break;
              
                          case 70:
                              DELAY_XUS_EXINT(634);
                              break;
              
                          case 75:
                              DELAY_XUS_EXINT(682);
                              break;
              
                          case 80:
                              DELAY_XUS_EXINT(728);
                              break;
              
                          case 85:
                              DELAY_XUS_EXINT(768);
                              break;
              
                          case 90:
                              DELAY_XUS_EXINT(816);
                              break;
              
                          case 95:
                              DELAY_XUS_EXINT(862);
                              break;
              
                          default:
                              DELAY_XUS_EXINT(682);
                              break;
                      }
              
                      PCB_D0_HOTPLUG(_D0_HOT_PLUG_HIGH);
              
                      if((ucBackUp2 & _BIT1) == _BIT1)
                      {
                          SET_DP_RX0_AUX_AUTO_MODE_EXINT();
                      }
              
              #if(_DP_TX_SUPPORT == _ON)
                      ScalerSetBit_EXINT(PBB_72_HPD_IRQ_EN, ~_BIT6, ucBackUp1);
              #endif
              #endif
1016   2          }
C51 COMPILER V9.60.0.0   SCALERDPRX0_SEPTPHY                                               09/24/2026 09:30:19 PAGE 18  

1017   1      }
1018          
1019          //--------------------------------------------------
1020          // Description  : DP Content Protection Interrupt Request
1021          // Input Value  : None
1022          // Output Value : None
1023          //--------------------------------------------------
1024          void ScalerDpRx0CpIRQ_EXINT0(EnumDpRxBStatusType enumBStatusType) using 1
1025          {
1026   1          BYTE ucBackUp = 0;
1027   1      
1028   1          ucBackUp = ScalerGetByte_EXINT(PB7_D0_AUX_MODE_SET);
1029   1      
1030   1          switch(enumBStatusType)
1031   1          {
1032   2              case _DP_HDCP2_H_PRIME_AVAILABLE:
1033   2              case _DP_HDCP2_PARING_AVAILABLE:
1034   2      
1035   2                  ScalerDpRx0SetDpcdValue_EXINT0(0x06, 0x94, 0x93, (ScalerDpRx0GetDpcdInfo_EXINT0(0x06, 0x94, 0x
             -93) | (enumBStatusType >> 3)));
1036   2      
1037   2                  break;
1038   2      
1039   2              default:
1040   2      
1041   2                  break;
1042   2          }
1043   1      
1044   1          // Link Status CPIRQ Flag
1045   1          pData_EXINT[0] = (ScalerDpRx0GetDpcdInfo_EXINT0(0x00, 0x02, 0x01) | _BIT2);
1046   1      
1047   1          // SET AUX AUTO MODE
1048   1          SET_DP_RX0_AUX_AUTO_MODE_EXINT();
1049   1      
1050   1          ScalerDpRx0SetDpcdValue_EXINT0(0x00, 0x02, 0x01, pData_EXINT[0]);
1051   1      
1052   1          if((ucBackUp & _BIT1) == 0x00)
1053   1          {
1054   2              // SET AUX MANUAL MODE
1055   2              SET_DP_RX0_AUX_MANUAL_MODE_EXINT();
1056   2          }
1057   1      
1058   1          ScalerDpRx0HpdIrqAssert_EXINT0();
1059   1      }
1060          
1061          #if(_WD_TIMER_INT_SUPPORT == _ON)
1062          //--------------------------------------------------
1063          // Description  : Dp IRQ Assert Proc
1064          // Input Value  : None
1065          // Output Value : None
1066          //--------------------------------------------------
1067          void ScalerDpRx0HpdIrqAssert_WDINT(void) using 3
1068          {
1069   1          if(PCB_D0_HOTPLUG_DETECT() == _D0_HOT_PLUG_HIGH)
1070   1          {
1071   2      #if(_DP_IRQ_HPD_MODE == _DP_IRQ_HPD_T2_MODE)
1072   2              SET_DP_D0_HPD_IRQ_ASSERT_T2_EVENT();
1073   2      #else
              
                      BYTE ucBackUp2 = ScalerGetByte_EXINT(PB7_D0_AUX_MODE_SET);
              
              #if(_DP_TX_SUPPORT == _ON)
C51 COMPILER V9.60.0.0   SCALERDPRX0_SEPTPHY                                               09/24/2026 09:30:19 PAGE 19  

                      // Disable IRQs that take too long
                      BYTE ucBackUp1 = ScalerGetBit_EXINT(PBB_72_HPD_IRQ_EN, _BIT6);
                      ScalerSetBit_EXINT(PBB_72_HPD_IRQ_EN, ~_BIT6, 0x00);
              #endif
              
                      SET_DP_RX0_AUX_MANUAL_MODE_EXINT();
              
                      PCB_D0_HOTPLUG(_D0_HOT_PLUG_LOW);
              
                      // Default = 750us
                      switch(GET_DP_IRQ_TIME_10US())
                      {
                          case 55:
                              DELAY_XUS_EXINT(500);
                              break;
              
                          case 60:
                              DELAY_XUS_EXINT(546);
                              break;
              
                          case 65:
                              DELAY_XUS_EXINT(588);
                              break;
              
                          case 70:
                              DELAY_XUS_EXINT(634);
                              break;
              
                          case 75:
                              DELAY_XUS_EXINT(682);
                              break;
              
                          case 80:
                              DELAY_XUS_EXINT(728);
                              break;
              
                          case 85:
                              DELAY_XUS_EXINT(768);
                              break;
              
                          case 90:
                              DELAY_XUS_EXINT(816);
                              break;
              
                          case 95:
                              DELAY_XUS_EXINT(862);
                              break;
              
                          default:
                              DELAY_XUS_EXINT(682);
                              break;
                      }
              
                      PCB_D0_HOTPLUG(_D0_HOT_PLUG_HIGH);
              
                      if((ucBackUp2 & _BIT1) == _BIT1)
                      {
                          SET_DP_RX0_AUX_AUTO_MODE_EXINT();
                      }
              
              #if(_DP_TX_SUPPORT == _ON)
                      ScalerSetBit_EXINT(PBB_72_HPD_IRQ_EN, ~_BIT6, ucBackUp1);
C51 COMPILER V9.60.0.0   SCALERDPRX0_SEPTPHY                                               09/24/2026 09:30:19 PAGE 20  

              #endif
              #endif
1142   2          }
1143   1      }
1144          
1145          //--------------------------------------------------
1146          // Description  : DP Content Protection Interrupt Request
1147          // Input Value  : None
1148          // Output Value : None
1149          //--------------------------------------------------
1150          void ScalerDpRx0CpIRQ_WDINT(EnumDpRxBStatusType enumBStatusType) using 3
1151          {
1152   1          BYTE ucBackUp = 0;
1153   1      
1154   1          ucBackUp = ScalerGetByte_EXINT(PB7_D0_AUX_MODE_SET);
1155   1      
1156   1          switch(enumBStatusType)
1157   1          {
1158   2              case _DP_HDCP2_H_PRIME_AVAILABLE:
1159   2              case _DP_HDCP2_PARING_AVAILABLE:
1160   2      
1161   2                  ScalerDpRx0SetDpcdValue_WDINT(0x06, 0x94, 0x93, (ScalerDpRx0GetDpcdInfo_WDINT(0x06, 0x94, 0x93
             -) | (enumBStatusType >> 3)));
1162   2      
1163   2                  break;
1164   2      
1165   2              default:
1166   2      
1167   2                  break;
1168   2          }
1169   1      
1170   1          // Link Status CPIRQ Flag
1171   1          pData_EXINT[0] = (ScalerDpRx0GetDpcdInfo_WDINT(0x00, 0x02, 0x01) | _BIT2);
1172   1      
1173   1          // SET AUX AUTO MODE
1174   1          SET_DP_RX0_AUX_AUTO_MODE_EXINT();
1175   1      
1176   1          ScalerDpRx0SetDpcdValue_WDINT(0x00, 0x02, 0x01, pData_EXINT[0]);
1177   1      
1178   1          if((ucBackUp & _BIT1) == 0x00)
1179   1          {
1180   2              // SET AUX MANUAL MODE
1181   2              SET_DP_RX0_AUX_MANUAL_MODE_EXINT();
1182   2          }
1183   1      
1184   1          ScalerDpRx0HpdIrqAssert_WDINT();
1185   1      }
1186          #endif
1187          #endif
1188          
1189          //--------------------------------------------------
1190          // Description  : Dp Before Hpd Toggle Process
1191          // Input Value  : EnumDpHotPlugAssertType
1192          // Output Value : None
1193          //--------------------------------------------------
1194          EnumDpHotPlugTime ScalerDpRx0BeforeHpdToggleProc(EnumDpHotPlugAssertType enumHpdType)
1195          {
1196   1          if(enumHpdType == _DP_HPD_NONE)
1197   1          {
1198   2              return _DP_HPD_TIME_NONE;
1199   2          }
1200   1      
C51 COMPILER V9.60.0.0   SCALERDPRX0_SEPTPHY                                               09/24/2026 09:30:19 PAGE 21  

1201   1          if(enumHpdType == _DP_HPD_ASSERTED)
1202   1          {
1203   2              if(ScalerSyncDpGetHotPlugStatus(_D0_INPUT_PORT) == _HIGH)
1204   2              {
1205   3                  if(ScalerSyncDpRxGetHotPlugPinDetect(_D0_INPUT_PORT) == _HIGH)
1206   3                  {
1207   4                      return _DP_HPD_TIME_NONE;
1208   4                  }
1209   3              }
1210   2          }
1211   1      
1212   1          ScalerTimerWDCancelTimerEvent(_SCALER_WD_TIMER_EVENT_RX0_DP_LINK_TRAINING_REBUILD_PHY);
1213   1          ScalerTimerCancelTimerEvent(_SCALER_TIMER_EVENT_DP_RX0_HOTPLUG_ASSERTED);
1214   1          ScalerTimerCancelTimerEvent(_SCALER_TIMER_EVENT_DP_RX0_HDCP_LONG_HOTPLUG_EVENT);
1215   1          ScalerTimerCancelTimerEvent(_SCALER_TIMER_EVENT_DP_RX0_LINK_STATUS_IRQ);
1216   1          ScalerTimerCancelTimerEvent(_SCALER_TIMER_EVENT_DP_RX0_VALID_SIGNAL_DETECT_CHECK);
1217   1      
1218   1          CLR_DP_RX0_HDCP_CPIRQ();
1219   1      
1220   1      #if((_DP_HDCP_2_2_SUPPORT == _ON) && (_WD_TIMER_INT_SUPPORT == _ON))
1221   1          ScalerTimerWDCancelTimerEvent(_SCALER_WD_TIMER_EVENT_DP_RX0_HDCP2_SKE);
1222   1          ScalerTimerWDCancelTimerEvent(_SCALER_WD_TIMER_EVENT_DP_RX0_HDCP2_H_PRIME);
1223   1      #endif
1224   1      
1225   1          ScalerTimerCancelTimerEvent(_SCALER_TIMER_EVENT_DP_RX0_AUX_CH_NO_POWER_CHECK_DEBOUNCE);
1226   1      #if(_DP_MST_SUPPORT == _ON)
              #if(_DP_TX_SUPPORT == _ON)
                  ScalerTimerCancelTimerEvent(_SCALER_TIMER_EVENT_DP_RX0_HDCP_CPIRQ_EVENT);
                  ScalerTimerCancelTimerEvent(_SCALER_TIMER_EVENT_DP_RX0_HDCP_REPEATER_PROC_TIMEOUT);
                  ScalerTimerCancelTimerEvent(_SCALER_TIMER_EVENT_DP_RX0_HDCP_READ_IRQ_TIMEOUT);
              #endif
              #endif
1233   1      
1234   1      #if(_DP_DYNAMIC_ADJUST_LINK_RATE_SUPPORT == _ON)
                  if(enumHpdType != _DP_HBR2_MARGIN_LINK_HPD_EVENT)
                  {
                      ScalerDpRx0CalculateLinkRate(GET_DP_RX_D0_PORT_TARGET_LANE_COUNT());
                  }
              #endif
1240   1      
1241   1          if(enumHpdType != _DP_HPD_ASSERTED)
1242   1          {
1243   2      #if(_DP_HBR2_MARGIN_LINK_SUPPORT == _ON)
              #if((_D6_INPUT_PORT_TYPE == _D6_DP_PORT) && (_D6_INPUT_PORT_SWITCH_FROM == _SWITCH_FROM_D0))
                      if((enumHpdType != _DP_HDCP_LONG_HPD_EVENT) && (enumHpdType != _DP_HBR2_MARGIN_LINK_HPD_EVENT) && 
             -((ScalerDpRx0GetDpcdInfo(0x00, 0x00, 0x00) >= _DP_VERSION_1_2) || (ScalerDpRx0GetDpcdBitInfo(0x00, 0x00, 0x0E, _BIT7) ==
             - _BIT7)))
                      {
                          if(GET_D6_SWITCH_SELECT() == _D0_INPUT_PORT)
                          {
              #if(_HW_DP_DPCD_EXT_CAP_PHYSICAL_ADDRESS_SUPPORT == _ON)
                              if(((ScalerDpRx0GetDpcdBitInfo(0x00, 0x00, 0x0E, _BIT7) == 0x00) && (ScalerDpRx0GetDpcdInf
             -o(0x00, 0x00, 0x01) < _D0_DP_LINK_CLK_RATE)) ||
                                 ((ScalerDpRx0GetDpcdBitInfo(0x00, 0x00, 0x0E, _BIT7) == _BIT7) && (ScalerDpRx0GetDpcdIn
             -fo(0x00, 0x22, 0x01) < _D0_DP_LINK_CLK_RATE)))
              #else
                              if(((ScalerDpRx0GetDpcdBitInfo(0x00, 0x00, 0x0E, _BIT7) == 0x00) && (ScalerDpRx0GetDpcdInf
             -o(0x00, 0x00, 0x01) < _D0_DP_LINK_CLK_RATE)) ||
                                 ((ScalerDpRx0GetDpcdBitInfo(0x00, 0x00, 0x0E, _BIT7) == _BIT7) && (g_ucDpRx0DPCD02201hV
             -alue < _D0_DP_LINK_CLK_RATE)))
              #endif
                              {
C51 COMPILER V9.60.0.0   SCALERDPRX0_SEPTPHY                                               09/24/2026 09:30:19 PAGE 22  

                                  if(_D0_DP_LINK_CLK_RATE >= _DP_HIGH_SPEED2_540MHZ)
                                  {
                                      ScalerDpRx0SetDpcdValue(0x00, 0x00, 0x01, _DP_LINK_HBR2);
              
                                      if(GET_DP_RX_D0_PORT_TARGET_VERSION() <= _DP_VERSION_1_2)
                                      {
                                          // When Define Extended Rx Cap Should Set DPCD 0x02201
              #if(_HW_DP_DPCD_EXT_CAP_PHYSICAL_ADDRESS_SUPPORT == _ON)
                                          ScalerDpRx0SetDpcdValue(0x00, 0x22, 0x01, _DP_LINK_HBR2);
              #else
                                          g_ucDpRx0DPCD02201hValue = _DP_LINK_HBR2;
              #endif
                                      }
                                      else
                                      {
                                          // When Define Extended Rx Cap Should Set DPCD 0x02201
              #if(_HW_DP_DPCD_EXT_CAP_PHYSICAL_ADDRESS_SUPPORT == _ON)
                                          ScalerDpRx0SetDpcdValue(0x00, 0x22, 0x01, _D0_DP_LINK_CLK_RATE);
              #else
                                          g_ucDpRx0DPCD02201hValue = _D0_DP_LINK_CLK_RATE;
              #endif
                                      }
                                  }
                                  else
                                  {
                                      ScalerDpRx0SetDpcdValue(0x00, 0x00, 0x01, _D0_DP_LINK_CLK_RATE);
              
                                      // When Define Extended Rx Cap Should Set DPCD 0x02201
              #if(_HW_DP_DPCD_EXT_CAP_PHYSICAL_ADDRESS_SUPPORT == _ON)
                                      ScalerDpRx0SetDpcdValue(0x00, 0x22, 0x01, _D0_DP_LINK_CLK_RATE);
              #else
                                      g_ucDpRx0DPCD02201hValue = _D0_DP_LINK_CLK_RATE;
              #endif
                                  }
              
                                  DebugMessageRx0("Flag Clear_Hotplug Event_D0", _D0_DP_LINK_CLK_RATE);
                              }
                          }
                          else if(GET_D6_SWITCH_SELECT() == _D6_INPUT_PORT)
                          {
              #if(_HW_DP_DPCD_EXT_CAP_PHYSICAL_ADDRESS_SUPPORT == _ON)
                              if(((ScalerDpRx0GetDpcdBitInfo(0x00, 0x00, 0x0E, _BIT7) == 0x00) && (ScalerDpRx0GetDpcdInf
             -o(0x00, 0x00, 0x01) < _D6_DP_LINK_CLK_RATE)) ||
                                 ((ScalerDpRx0GetDpcdBitInfo(0x00, 0x00, 0x0E, _BIT7) == _BIT7) && (ScalerDpRx0GetDpcdIn
             -fo(0x00, 0x22, 0x01) < _D6_DP_LINK_CLK_RATE)))
              #else
                              if(((ScalerDpRx0GetDpcdBitInfo(0x00, 0x00, 0x0E, _BIT7) == 0x00) && (ScalerDpRx0GetDpcdInf
             -o(0x00, 0x00, 0x01) < _D6_DP_LINK_CLK_RATE)) ||
                                 ((ScalerDpRx0GetDpcdBitInfo(0x00, 0x00, 0x0E, _BIT7) == _BIT7) && (g_ucDpRx0DPCD02201hV
             -alue < _D6_DP_LINK_CLK_RATE)))
              #endif
                              {
                                  if(_D6_DP_LINK_CLK_RATE >= _DP_HIGH_SPEED2_540MHZ)
                                  {
                                      ScalerDpRx0SetDpcdValue(0x00, 0x00, 0x01, _DP_LINK_HBR2);
              
                                      if(GET_DP_RX_D6_PORT_TARGET_VERSION() <= _DP_VERSION_1_2)
                                      {
                                          // When Define Extended Rx Cap Should Set DPCD 0x02201
              #if(_HW_DP_DPCD_EXT_CAP_PHYSICAL_ADDRESS_SUPPORT == _ON)
                                          ScalerDpRx0SetDpcdValue(0x00, 0x22, 0x01, _DP_LINK_HBR2);
              #else
C51 COMPILER V9.60.0.0   SCALERDPRX0_SEPTPHY                                               09/24/2026 09:30:19 PAGE 23  

                                          g_ucDpRx0DPCD02201hValue = _DP_LINK_HBR2;
              #endif
                                      }
                                      else
                                      {
                                          // When Define Extended Rx Cap Should Set DPCD 0x02201
              #if(_HW_DP_DPCD_EXT_CAP_PHYSICAL_ADDRESS_SUPPORT == _ON)
                                          ScalerDpRx0SetDpcdValue(0x00, 0x22, 0x01, _D6_DP_LINK_CLK_RATE);
              #else
                                          g_ucDpRx0DPCD02201hValue = _D6_DP_LINK_CLK_RATE;
              #endif
                                      }
                                  }
                                  else
                                  {
                                      ScalerDpRx0SetDpcdValue(0x00, 0x00, 0x01, _D6_DP_LINK_CLK_RATE);
              
                                      // When Define Extended Rx Cap Should Set DPCD 0x02201
              #if(_HW_DP_DPCD_EXT_CAP_PHYSICAL_ADDRESS_SUPPORT == _ON)
                                      ScalerDpRx0SetDpcdValue(0x00, 0x22, 0x01, _D6_DP_LINK_CLK_RATE);
              #else
                                      g_ucDpRx0DPCD02201hValue = _D6_DP_LINK_CLK_RATE;
              #endif
                                  }
              
                                  DebugMessageRx0("Flag Clear_Hotplug Event_D6", _D6_DP_LINK_CLK_RATE);
                              }
                          }
                      }
              #else // else of #if((_D6_INPUT_PORT_TYPE == _D6_DP_PORT) && (_D6_INPUT_PORT_SWITCH_FROM == _SWITCH_FROM_D
             -0))
                      if((enumHpdType != _DP_HDCP_LONG_HPD_EVENT) && (enumHpdType != _DP_HBR2_MARGIN_LINK_HPD_EVENT) && 
             -((ScalerDpRx0GetDpcdInfo(0x00, 0x00, 0x00) >= _DP_VERSION_1_2) || (ScalerDpRx0GetDpcdBitInfo(0x00, 0x00, 0x0E, _BIT7) ==
             - _BIT7)))
                      {
              #if(_HW_DP_DPCD_EXT_CAP_PHYSICAL_ADDRESS_SUPPORT == _ON)
                          if(((ScalerDpRx0GetDpcdBitInfo(0x00, 0x00, 0x0E, _BIT7) == 0x00) && (ScalerDpRx0GetDpcdInfo(0x
             -00, 0x00, 0x01) < _D0_DP_LINK_CLK_RATE)) ||
                             ((ScalerDpRx0GetDpcdBitInfo(0x00, 0x00, 0x0E, _BIT7) == _BIT7) && (ScalerDpRx0GetDpcdInfo(0
             -x00, 0x22, 0x01) < _D0_DP_LINK_CLK_RATE)))
              #else
                          if(((ScalerDpRx0GetDpcdBitInfo(0x00, 0x00, 0x0E, _BIT7) == 0x00) && (ScalerDpRx0GetDpcdInfo(0x
             -00, 0x00, 0x01) < _D0_DP_LINK_CLK_RATE)) ||
                             ((ScalerDpRx0GetDpcdBitInfo(0x00, 0x00, 0x0E, _BIT7) == _BIT7) && (g_ucDpRx0DPCD02201hValue
             - < _D0_DP_LINK_CLK_RATE)))
              #endif
                          {
                              if(_D0_DP_LINK_CLK_RATE >= _DP_HIGH_SPEED2_540MHZ)
                              {
                                  ScalerDpRx0SetDpcdValue(0x00, 0x00, 0x01, _DP_LINK_HBR2);
              
                                  if(GET_DP_RX_D0_PORT_TARGET_VERSION() <= _DP_VERSION_1_2)
                                  {
                                      // When Define Extended Rx Cap Should Set DPCD 0x02201
              #if(_HW_DP_DPCD_EXT_CAP_PHYSICAL_ADDRESS_SUPPORT == _ON)
                                      ScalerDpRx0SetDpcdValue(0x00, 0x22, 0x01, _DP_LINK_HBR2);
              #else
                                      g_ucDpRx0DPCD02201hValue = _DP_LINK_HBR2;
              #endif
                                  }
                                  else
                                  {
C51 COMPILER V9.60.0.0   SCALERDPRX0_SEPTPHY                                               09/24/2026 09:30:19 PAGE 24  

                                      // When Define Extended Rx Cap Should Set DPCD 0x02201
              #if(_HW_DP_DPCD_EXT_CAP_PHYSICAL_ADDRESS_SUPPORT == _ON)
                                      ScalerDpRx0SetDpcdValue(0x00, 0x22, 0x01, _D0_DP_LINK_CLK_RATE);
              #else
                                      g_ucDpRx0DPCD02201hValue = _D0_DP_LINK_CLK_RATE;
              #endif
                                  }
                              }
                              else
                              {
                                  ScalerDpRx0SetDpcdValue(0x00, 0x00, 0x01, _D0_DP_LINK_CLK_RATE);
              
                                  // When Define Extended Rx Cap Should Set DPCD 0x02201
              #if(_HW_DP_DPCD_EXT_CAP_PHYSICAL_ADDRESS_SUPPORT == _ON)
                                  ScalerDpRx0SetDpcdValue(0x00, 0x22, 0x01, _D0_DP_LINK_CLK_RATE);
              #else
                                  g_ucDpRx0DPCD02201hValue = _D0_DP_LINK_CLK_RATE;
              #endif
                              }
              
                              DebugMessageRx0("Flag Clear_Hotplug Event_D0", _D0_DP_LINK_CLK_RATE);
                          }
                      }
              #endif // end of #if((_D6_INPUT_PORT_TYPE == _D6_DP_PORT) && (_D6_INPUT_PORT_SWITCH_FROM == _SWITCH_FROM_D
             -0))
              #endif
1395   2      
1396   2              ScalerDpRx0AVMute();
1397   2      
1398   2      #if(_DP_MST_SUPPORT == _ON)
                      if(g_enumDpMSTCapablePort == _DP_MST_RX0_PORT)
                      {
              #if((_D6_INPUT_PORT_TYPE == _D6_DP_PORT) && (_D6_INPUT_PORT_SWITCH_FROM == _SWITCH_FROM_D0))
                          if(GET_D6_SWITCH_SELECT() == _D0_INPUT_PORT)
              #endif
                          {
                              ScalerDpRx0MstInfoBackup(_DP_MST_BACKUP_INFO);
                          }
              #if((_D6_INPUT_PORT_TYPE == _D6_DP_PORT) && (_D6_INPUT_PORT_SWITCH_FROM == _SWITCH_FROM_D0))
                          else if(GET_D6_SWITCH_SELECT() == _D6_INPUT_PORT)
                          {
                              ScalerDpRx6MstInfoBackup(_DP_MST_BACKUP_INFO);
                          }
              #endif
                      }
              #endif
1415   2      
1416   2              ScalerDpRx0DisconnectReset();
1417   2      
1418   2              ScalerDpRx0DpcdLinkStatusReset(_DP_DPCD_LINK_STATUS_INITIAL);
1419   2      
1420   2      #if(_DP_TX_SUPPORT == _ON)
                      if(GET_DP_RX_HDCP_UPSTREAM_PORT() == _HDCP_D0_PORT)
                      {
                          ScalerDpTxForceIdlePatternSetting();
                      }
              #endif
1426   2      
1427   2      #if(_DP_HPD_LOW_AUX_NOT_REPLY_SUPPORT == _ON)
                      // Reset Aux Phy
                      ScalerSetBit(PB7_65_AUX_5, ~_BIT7, 0x00);
              #endif
C51 COMPILER V9.60.0.0   SCALERDPRX0_SEPTPHY                                               09/24/2026 09:30:19 PAGE 25  

1431   2          }
1432   1      
1433   1          if(enumHpdType == _DP_HPD_LOW)
1434   1          {
1435   2              ScalerSyncDpRxSetHotPlug(_D0_INPUT_PORT, _LOW, 0);
1436   2      
1437   2              return _DP_HPD_TIME_NONE;
1438   2          }
1439   1          else if(enumHpdType == _DP_HPD_LOW_RESET_AUX)
1440   1          {
1441   2              // Reset Aux Phy
1442   2              ScalerSetBit(PB7_65_AUX_5, ~_BIT7, 0x00);
1443   2      
1444   2              ScalerSyncDpRxSetHotPlug(_D0_INPUT_PORT, _LOW, 0);
1445   2      
1446   2              return _DP_HPD_TIME_NONE;
1447   2          }
1448   1      
1449   1          // Reset DDC0
1450   1          MCU_FF1F_DDC0_DDC_CONTROL_1 |= _BIT1;
1451   1      
1452   1          if(enumHpdType == _DP_LONG_HPD_EVENT)
1453   1          {
1454   2              return _DP_LONG_HPD_TIME;
1455   2          }
1456   1          else if(enumHpdType == _DP_HDCP_LONG_HPD_EVENT)
1457   1          {
1458   2              return _DP_HDCP_LONG_HPD_TIME;
1459   2          }
1460   1          else if(enumHpdType == _DP_MST_LONG_HPD_EVENT)
1461   1          {
1462   2              // Reset Aux Phy
1463   2              ScalerSetBit(PB7_65_AUX_5, ~_BIT7, 0x00);
1464   2      
1465   2      #if((_DP_TX_SUPPORT == _ON) && (_D0_DP_MST_PORT_SUPPORT == _ON))
                      // No Receiving Topology Rebuild MSG within 4s
                      if(GET_DP_TX_WAIT_TOPOLOGY_REBUILD_MSG() == _TRUE)
                      {
                          CLR_DP_TX_WAIT_TOPOLOGY_REBUILD_MSG();
              
                          return _DP_MST_FORCE_LONG_HPD_TIME;
                      }
                      else
              #endif
1475   2              {
1476   3                  return _DP_MST_LONG_HPD_TIME;
1477   3              }
1478   2          }
1479   1      #if(_DP_HBR2_MARGIN_LINK_SUPPORT == _ON)
                  else if(enumHpdType == _DP_HBR2_MARGIN_LINK_HPD_EVENT)
                  {
                      return _DP_HBR2_MARGIN_LINK_HPD_TIME;
                  }
              #endif
1485   1          else if(enumHpdType == _DP_HPD_ASSERTED)
1486   1          {
1487   2      #if((_D6_INPUT_PORT_TYPE == _D6_DP_PORT) && (_D6_INPUT_PORT_SWITCH_FROM == _SWITCH_FROM_D0))
              
                      if(GET_D6_SWITCH_SELECT() == _D0_INPUT_PORT)
                      {
                          PCB_DIGITAL_D0_D6_SWITCH_LANE(_DP_D0_D6_SWITCH_D0);
                          PCB_DIGITAL_D0_D6_SWITCH_AUX_HPD(_DP_D0_D6_SWITCH_D0);
C51 COMPILER V9.60.0.0   SCALERDPRX0_SEPTPHY                                               09/24/2026 09:30:19 PAGE 26  

                          ScalerMcuDdcRamEDIDAddrSelect(_D0_DDCRAM, _DDCRAM_TOP_ADDR);
                      }
                      else if(GET_D6_SWITCH_SELECT() == _D6_INPUT_PORT)
                      {
                          PCB_DIGITAL_D0_D6_SWITCH_LANE(_DP_D0_D6_SWITCH_D6);
                          PCB_DIGITAL_D0_D6_SWITCH_AUX_HPD(_DP_D0_D6_SWITCH_D6);
                          ScalerMcuDdcRamEDIDAddrSelect(_D0_DDCRAM, _DDCRAM_BOTTOM_ADDR);
                      }
              
                      PCB_DIGITAL_D6_SWITCH_POWER(_DIGITAL_D6_SWITCH_POWER_ON);
                      SET_D6_SWITCH_POWER_STATUS(_DIGITAL_D6_SWITCH_POWER_ON);
              #endif
1505   2              return _DP_HPD_ASSERTED_TIME;
1506   2          }
1507   1      
1508   1          return _DP_HPD_TIME_NONE;
1509   1      }
1510          
1511          //--------------------------------------------------
1512          // Description  : Disconnect Reset
1513          // Input Value  : None
1514          // Output Value : None
1515          //--------------------------------------------------
1516          void ScalerDpRx0DisconnectReset(void)
1517          {
1518   1          BYTE ucBackUp = 0;
1519   1      
1520   1          ucBackUp = ScalerGetByte(PB7_D0_AUX_MODE_SET);
1521   1      
1522   1          if((ucBackUp & _BIT1) == _BIT1)
1523   1          {
1524   2              SET_DP_RX0_AUX_MANUAL_MODE();
1525   2          }
1526   1      
1527   1          // GUID Reset 00030-0003F
1528   1          ScalerDpRx0DpcdGroupReset(0x00, 0x00, 0x30, 16);
1529   1      
1530   1          // Link Configuration Reset 100~106
1531   1          ScalerDpRx0DpcdLinkConfigReset();
1532   1      
1533   1      #if((_DP_FREESYNC_SUPPORT == _ON) || (_DP_ADAPTIVESYNC_SUPPORT == _ON))
1534   1          ScalerDpRx0SetDpcdValue(0x00, 0x01, 0x07, 0x00);
1535   1      #endif
1536   1      
1537   1      #if(_D0_DP_ASSR_MODE_SUPPORT == _ON)
                  ScalerDpRx0SetDpcdValue(0x00, 0x01, 0x0A, 0x00);
              #endif
1540   1      
1541   1      #if(_DP_MST_SUPPORT == _ON)
                  if(g_enumDpMSTCapablePort == _DP_MST_RX0_PORT)
                  {
                      ScalerDpMstReset(_DP_MST_RX0_PORT);
                  }
              #endif
1547   1      
1548   1          // DP_PWR_NOT_NEEDED_BY_UPSTREAM_DEVICE Reset
1549   1          ScalerDpRx0SetDpcdValue(0x00, 0x01, 0x18, 0x00);
1550   1      
1551   1          // Hot Plug/Hot Unplug Event Notification Type Reset
1552   1          ScalerDpRx0SetDpcdValue(0x00, 0x01, 0xA1, 0x00);
1553   1      
1554   1          // Source OUI Reset
C51 COMPILER V9.60.0.0   SCALERDPRX0_SEPTPHY                                               09/24/2026 09:30:19 PAGE 27  

1555   1          ScalerDpRx0DpcdSourceOUIReset();
1556   1      
1557   1      #if(_DP_HDR10_SUPPORT == _ON)
1558   1      #if(_DP_HDR_VENDOR_SUPPORT != _DP_HDR_VENDOR_SUPPORT_NONE)
                  ScalerDpRx0HdrDpcdSetting();
              #endif
1561   1      #endif
1562   1      
1563   1          ScalerDpRx0HDCPUnplugReset();
1564   1      
1565   1          if((ucBackUp & _BIT1) == _BIT1)
1566   1          {
1567   2              SET_DP_RX0_AUX_AUTO_MODE();
1568   2          }
1569   1      }
1570          
1571          //--------------------------------------------------
1572          // Description  : Dp After Hpd Toggle Process
1573          // Input Value  : None
1574          // Output Value : None
1575          //--------------------------------------------------
1576          void ScalerDpRx0AfterHpdToggleProc(void)
1577          {
1578   1          // Release Aux Phy
1579   1          ScalerSetBit(PB7_65_AUX_5, ~_BIT7, _BIT7);
1580   1      
1581   1          SET_DP_RX0_AUX_MANUAL_MODE();
1582   1      
1583   1          if((GET_DP_RX0_LINK_TRAINING_STATUS() != _DP_NORMAL_LINK_TRAINING_PASS) && (GET_DP_RX0_LINK_TRAINING_S
             -TATUS() != _DP_FAKE_LINK_TRAINING_PASS))
1584   1          {
1585   2              ScalerDpRx0SetDpcdValue(0x00, 0x01, 0x00, 0x00);
1586   2              ScalerDpRx0SetDpcdValue(0x00, 0x01, 0x01, (ScalerDpRx0GetDpcdInfo(0x00, 0x01, 0x01) & 0xE0));
1587   2          }
1588   1      
1589   1          SET_DP_RX0_AUX_AUTO_MODE();
1590   1      
1591   1      #if((_D6_INPUT_PORT_TYPE == _D6_DP_PORT) && (_D6_INPUT_PORT_SWITCH_FROM == _SWITCH_FROM_D0))
                  if((GET_D6_SWITCH_POWER_STATUS() == _DIGITAL_D6_SWITCH_POWER_ON) && (GET_DP_AUTO_SEARCH_SWITCH() == _F
             -ALSE) &&
                     (((GET_D6_SWITCH_SELECT() == _D0_INPUT_PORT) && (ScalerSyncDpCableStatus(_D0_INPUT_PORT) == _TRUE))
             - ||
                      ((GET_D6_SWITCH_SELECT() == _D6_INPUT_PORT) && (ScalerSyncDpCableStatus(_D6_INPUT_PORT) == _TRUE))
             -))
              #else
1596   1          if(ScalerSyncDpCableStatus(_D0_INPUT_PORT) == _TRUE)
1597   1      #endif
1598   1          {
1599   2      #if(_DP_MST_SUPPORT == _ON)
                      ScalerTimerActiveTimerEvent(SEC(3), _SCALER_TIMER_EVENT_DP_RX0_VALID_SIGNAL_DETECT_CHECK);
              #else
1602   2              ScalerTimerActiveTimerEvent(SEC(1.2), _SCALER_TIMER_EVENT_DP_RX0_VALID_SIGNAL_DETECT_CHECK);
1603   2      #endif
1604   2      
1605   2      #if(_DP_TX_SUPPORT == _ON)
              #if(_DP_DPCD_DFP_PRESENT_REF_TO == _DP_MST_CAPABILITY)
                      if(ScalerDpRx0GetDpcdBitInfo(0x00, 0x00, 0x21, _BIT0) == 0x00)
                      {
                          ScalerDpRx0UpdateSinkCount(1);
                      }
                      else
              #endif
C51 COMPILER V9.60.0.0   SCALERDPRX0_SEPTPHY                                               09/24/2026 09:30:19 PAGE 28  

                      {
                          ScalerDpRx0UpdateSinkCount(GET_DP_TX_DOWNSTREAM_SINK_COUNT() + 1);
                      }
              #endif
1617   2          }
1618   1      }
1619          
1620          #if(_DP_HBR2_MARGIN_LINK_SUPPORT == _ON)
              //--------------------------------------------------
              // Description  : Check 8b10b Error Count
              // Input Value  : None
              // Output Value : None
              //--------------------------------------------------
              bit ScalerDpRx0DecodeErrorCountCheck(WORD usTimeCriteria, BYTE ucErrorCriteria)
              {
                  ScalerDpRx0DecodeErrorCountReset();
              
                  ScalerTimerDelayXms(usTimeCriteria);
              
                  switch(ScalerDpRx0GetDpcdInfo(0x00, 0x01, 0x01) & 0x1F)
                  {
                      case _DP_ONE_LANE:
              
                          if(ScalerDpRx0DecodeErrorCountLaneMeasure(ucErrorCriteria, _D0_DP_LANE0) == _TRUE)
                          {
                              return _TRUE;
                          }
              
                          break;
              
                      case _DP_TWO_LANE:
              
                          if((ScalerDpRx0DecodeErrorCountLaneMeasure(ucErrorCriteria, _D0_DP_LANE0) == _TRUE) &&
                             (ScalerDpRx0DecodeErrorCountLaneMeasure(ucErrorCriteria, _D0_DP_LANE1) == _TRUE))
                          {
                              return _TRUE;
                          }
              
                          break;
              
                      case _DP_FOUR_LANE:
                      default:
              
                          if((ScalerDpRx0DecodeErrorCountLaneMeasure(ucErrorCriteria, _D0_DP_LANE0) == _TRUE) &&
                             (ScalerDpRx0DecodeErrorCountLaneMeasure(ucErrorCriteria, _D0_DP_LANE1) == _TRUE) &&
                             (ScalerDpRx0DecodeErrorCountLaneMeasure(ucErrorCriteria, _D0_DP_LANE2) == _TRUE) &&
                             (ScalerDpRx0DecodeErrorCountLaneMeasure(ucErrorCriteria, _D0_DP_LANE3) == _TRUE))
                          {
                              return _TRUE;
                          }
              
                          break;
                  }
              
                  DebugMessageRx0("7. DP Error Count Fail", 0);
              
                  return _FALSE;
              }
              
              //--------------------------------------------------
              // Description : Measure 8b10b Error Count Per Lane
              // Input Value  : DP Lane
C51 COMPILER V9.60.0.0   SCALERDPRX0_SEPTPHY                                               09/24/2026 09:30:19 PAGE 29  

              // Output Value : True --> locked; False --> unlocked
              //--------------------------------------------------
              bit ScalerDpRx0DecodeErrorCountLaneMeasure(BYTE ucErrorCriteria, BYTE ucDpRx0LaneNumber)
              {
                  WORD usErrorCountLaneMeasure = 0;
              
                  // Select Lane
                  ScalerSetBit(PB_08_BIST_PATTERN_SEL, ~(_BIT4 | _BIT3), (ucDpRx0LaneNumber << 3));
              
                  usErrorCountLaneMeasure = ((((WORD)ScalerGetByte(PB_0B_BIST_PATTERN3)) << 8) | ScalerGetByte(PB_0C_BIS
             -T_PATTERN4));
              
                  if(usErrorCountLaneMeasure > ucErrorCriteria)
                  {
                      DebugMessageRx0("DP Lane", ucDpRx0LaneNumber);
                      DebugMessageRx0("DP Lane Burst Error", usErrorCountLaneMeasure);
              
                      return _FALSE;
                  }
              
                  return _TRUE;
              }
              
              //--------------------------------------------------
              // Description : Check Lane BS
              // Input Value  : None
              // Output Value : True --> valid, False --> invalid
              //--------------------------------------------------
              bit ScalerDpRx0LaneBsCheck(void)
              {
                  // Detect Enable
                  ScalerSetBit(PB_00_HD_DP_SEL, ~_BIT3, 0x00);
                  ScalerSetBit(PB_00_HD_DP_SEL, ~_BIT3, _BIT3);
              
                  // Delay for 8192 x 10 x 8 x 2 / 1.62G = 809us
                  DELAY_XUS(850);
              
                  // Check Lane Bs
                  if(ScalerGetBit(PB_00_HD_DP_SEL, (_BIT7 | _BIT6 | _BIT5 | _BIT4)) == 0x00)
                  {
                      return _FALSE;
                  }
              
                  return _TRUE;
              }
              #endif
1720          
1721          //--------------------------------------------------
1722          // Description  : Change Dp Scramble Seed
1723          // Input Value  : None
1724          // Output Value : False --> Change Scrmable Seed Finish
1725          //--------------------------------------------------
1726          bit ScalerDpRx0ChangeSrambleSeed(void)
1727          {
1728   1      #if(_DP_RX0_ASSR_MODE_SUPPORT == _ON)
              
                  if(ScalerGetBit(PB_07_SCRAMBLE_CTRL, _BIT4) == 0x00)
                  {
                      // Try Scramble Seed = 0xFFFE
                      ScalerSetBit(PB_07_SCRAMBLE_CTRL, ~_BIT4, _BIT4);
              
                      return _TRUE;
C51 COMPILER V9.60.0.0   SCALERDPRX0_SEPTPHY                                               09/24/2026 09:30:19 PAGE 30  

                  }
                  else
              #endif
1739   1          {
1740   2              return _FALSE;
1741   2          }
1742   1      }
1743          
1744          #if(_DP_RX0_ASSR_MODE_SUPPORT == _ON)
              //--------------------------------------------------
              // Description  : VBIOS ASSR Detect
              // Input Value  : bMSACheckResult
              // Output Value : _TRUE or _FALSE
              //--------------------------------------------------
              bit ScalerDpRx0VbiosAssrCheck(bit bMSACheckResult)
              {
                  SET_DP_RX0_AUX_MANUAL_MODE();
              
              #if(_DP_MST_SUPPORT == _ON)
                  if((GET_DP_RX0_LINK_TRAINING_STATUS() == _DP_LINK_TRAINING_NONE) &&
                     (ScalerDpRx0GetDpcdInfo(0x00, 0x01, 0x00) == 0x00) &&
                     (ScalerDpRx0GetDpcdBitInfo(0x00, 0x01, 0x11, _BIT1) != _BIT1))
              #else
                  if((GET_DP_RX0_LINK_TRAINING_STATUS() == _DP_LINK_TRAINING_NONE) &&
                     (ScalerDpRx0GetDpcdInfo(0x00, 0x01, 0x00) == 0x00))
              #endif
                  {
                      if(bMSACheckResult == _TRUE)
                      {
                          if(ScalerGetBit(PB_07_SCRAMBLE_CTRL, _BIT4) == _BIT4)
                          {
                              ScalerDpRx0SetDpcdBitValue(0x00, 0x01, 0x0A, ~_BIT0, _BIT0);
                          }
                          else
                          {
                              ScalerDpRx0SetDpcdBitValue(0x00, 0x01, 0x0A, ~_BIT0, 0x00);
                          }
                      }
                      else
                      {
                          // Set Scramble Seed = Default 0xFFFF
                          ScalerSetBit(PB_07_SCRAMBLE_CTRL, ~_BIT4, 0x00);
              
                          ScalerDpRx0SetDpcdBitValue(0x00, 0x01, 0x0A, ~_BIT0, 0x00);
                      }
                  }
                  else
                  {
                      bMSACheckResult = _FALSE;
                  }
              
                  SET_DP_RX0_AUX_AUTO_MODE();
              
                  return bMSACheckResult;
              }
              #endif
1792          
1793          //--------------------------------------------------
1794          // Description  : Signal Detection for DP(Power Saving)
1795          // Input Value  : None
1796          // Output Value : True : DP Signal Detected
1797          //              : False : No Signal
C51 COMPILER V9.60.0.0   SCALERDPRX0_SEPTPHY                                               09/24/2026 09:30:19 PAGE 31  

1798          //--------------------------------------------------
1799          bit ScalerDpRx0PSPreDetect(void)
1800          {
1801   1          // Back to noraml for DP PHY CTS
1802   1          if(GET_DP_RX0_PHY_CTS_FLG() == _TRUE)
1803   1          {
1804   2              return _TRUE;
1805   2          }
1806   1      
1807   1          if(GET_DP_RX0_VALID_VIDEO_CHECK() == _TRUE)
1808   1          {
1809   2              DebugMessageRx0("7. Valid Video Check", 0);
1810   2      
1811   2              return _TRUE;
1812   2          }
1813   1      
1814   1      #if(_DEBUG_MESSAGE_SUPPORT == _ON)
1815   1          if(ScalerDebugCheckDebugPort(_D0_INPUT_PORT) == _FALSE)
1816   1      #endif
1817   1          {
1818   2              if(GET_DP_RX0_PS_AUX_TOGGLE() == _TRUE)
1819   2              {
1820   3                  DebugMessageRx0("7. Power Saving Aux Handshake", 0);
1821   3      
1822   3                  return _TRUE;
1823   3              }
1824   2          }
1825   1      
1826   1          if(GET_DP_RX0_LINK_TRAINING_STATUS() == _DP_NORMAL_LINK_TRAINING_PASS)
1827   1          {
1828   2              DebugMessageRx0("7. Normal Link Training under Fake Power Saving Case", 0);
1829   2      
1830   2              return _TRUE;
1831   2          }
1832   1      
1833   1      #if(_DP_MST_SUPPORT == _ON)
              
                  if(ScalerDpRxMstGetSourceMuxBackup(_DP_ST_SOURCE1) != _DP_ST_NONE)
                  {
                      return _TRUE;
                  }
              
                  if(GET_DP_RX0_AUX_CH_POWER_ON_WAKE_UP() == _TRUE)
                  {
                      CLR_DP_RX0_AUX_CH_POWER_ON_WAKE_UP();
              
                      return _TRUE;
                  }
              #endif
1847   1      
1848   1          if((((GET_DP_RX0_LINK_TRAINING_STATUS() == _DP_FAKE_LINK_TRAINING_PASS) ||
1849   1               (GET_DP_RX0_LINK_TRAINING_STATUS() == _DP_LINK_STATUS_FAIL)) &&
1850   1              ((ScalerDpRx0GetDpcdBitInfo(0x00, 0x06, 0x00, (_BIT2 | _BIT1 | _BIT0)) != _BIT1) &&
1851   1               (ScalerDpRx0GetDpcdBitInfo(0x00, 0x06, 0x00, (_BIT2 | _BIT1 | _BIT0)) != (_BIT2 | _BIT0)))) ||
1852   1             (GET_DP_RX0_LINK_TRAINING_STATUS() == _DP_FAKE_LINK_TRAINING_PASS_VBIOS))
1853   1          {
1854   2      #if((_SLEEP_AUDIO_SUPPORT == _ON) && ((_PS_AUDIO_INPUT == _PS_AUDIO_BOTH) || (_PS_AUDIO_INPUT == _PS_AUDIO
             -_DP)))
              
                      if(ScalerAudioGetDigitalAudioSource(_D0_INPUT_PORT) == _DIGITAL_AUDIO_SOURCE_DP)
                      {
                          DebugMessageAudio("00. DP Power Saving Audio : Idle Pattern Case", ScalerAudioGetDigitalAudioS
C51 COMPILER V9.60.0.0   SCALERDPRX0_SEPTPHY                                               09/24/2026 09:30:19 PAGE 32  

             -ource(_D0_INPUT_PORT));
                          return _TRUE;
                      }
              #endif
1862   2              DebugMessageRx0("7. Idle Pattern Case", 0);
1863   2      
1864   2              return _TRUE;
1865   2          }
1866   1      
1867   1          return _FALSE;
1868   1      }
1869          
1870          //--------------------------------------------------
1871          // Description  : Set DP Lane Mapping Type
1872          // Input Value  : ucLanetype --> Lane Mapping Type
1873          // Output Value : None
1874          //--------------------------------------------------
1875          
1876          void ScalerDpRx0SetDpLaneMapping(EnumTypeCPinCfgType enumPinAssignment, EnumTypeCOrientation enumOrientati
             -on)
1877          {
1878   1          ScalerPinshareRx0TypeCPinAssert(enumPinAssignment, enumOrientation);
1879   1      #if(_PCB_TYPE == _RL6449__216PIN__HK_M_RTD2795E20__1T1DP2H__eDPVB1)
                  if(GET_TYPEC_SWITCH())//GET_TYPEC_SWITCH()
                  {
                
                    SET_DP_RX0_PCB_LANE0_MAPPING(3);
                    SET_DP_RX0_PCB_LANE1_MAPPING(2);
                    SET_DP_RX0_PCB_LANE2_MAPPING(0);
                    SET_DP_RX0_PCB_LANE3_MAPPING(1);
                
                    SET_DP_RX0_PCB_LANE0_PN_SWAP(1);
                    SET_DP_RX0_PCB_LANE1_PN_SWAP(0);
                    SET_DP_RX0_PCB_LANE2_PN_SWAP(1);
                    SET_DP_RX0_PCB_LANE3_PN_SWAP(0);
                
                    // Disable Aux PN Pull High Low Swap PCB Function
                
                    //  PCB_D0_AUX_PN_1M_PULL_H_L_SWAP(_AUX_PN_1M_PULL_HI_LOW_SWAP_OFF);
                    // Disable Aux Digital Phy PN Swap
                    //ScalerSetBit(PB7_72_AUX_DIG_PHY2, ~_BIT0, 0x00);
                    ScalerSetBit(PB7_72_AUX_DIG_PHY2, ~_BIT0, _BIT0);
                  }
                  else
                  {
                    // 5.4 x 4
                    SET_DP_RX0_PCB_LANE0_MAPPING(1);
                    SET_DP_RX0_PCB_LANE1_MAPPING(0);
                    SET_DP_RX0_PCB_LANE2_MAPPING(2);
                    SET_DP_RX0_PCB_LANE3_MAPPING(3);
                    
                    SET_DP_RX0_PCB_LANE0_PN_SWAP(1);
                    SET_DP_RX0_PCB_LANE1_PN_SWAP(0);
                    SET_DP_RX0_PCB_LANE2_PN_SWAP(1);
                    SET_DP_RX0_PCB_LANE3_PN_SWAP(0);
                
                
                    // Disable Aux PN Pull High Low Swap PCB Function
                    // PCB_D0_AUX_PN_1M_PULL_H_L_SWAP(_AUX_PN_1M_PULL_HI_LOW_SWAP_ON);
                
                    // Disable Aux Digital Phy PN Swap
                    ScalerSetBit(PB7_72_AUX_DIG_PHY2, ~_BIT0, 0x00);
C51 COMPILER V9.60.0.0   SCALERDPRX0_SEPTPHY                                               09/24/2026 09:30:19 PAGE 33  

                  }
              #elif(_PCB_TYPE==_RL6449__216PIN__HK_M_RTD2775E05__1T1DP1H__eDPVB1)
                  if(GET_TYPEC_SWITCH())
                  {
                      SET_DP_RX0_PCB_LANE0_MAPPING(_D0_DP_PCB_LANE3_MAPPING);
                      SET_DP_RX0_PCB_LANE1_MAPPING(_D0_DP_PCB_LANE2_MAPPING);
                      SET_DP_RX0_PCB_LANE2_MAPPING(_D0_DP_PCB_LANE1_MAPPING);
                      SET_DP_RX0_PCB_LANE3_MAPPING(_D0_DP_PCB_LANE0_MAPPING);
                      SET_DP_RX0_PCB_LANE0_PN_SWAP(_D0_DP_PCB_LANE0_PN_SWAP);
                      SET_DP_RX0_PCB_LANE1_PN_SWAP(_D0_DP_PCB_LANE1_PN_SWAP);
                      SET_DP_RX0_PCB_LANE2_PN_SWAP(_D0_DP_PCB_LANE2_PN_SWAP);
                      SET_DP_RX0_PCB_LANE3_PN_SWAP(_D0_DP_PCB_LANE3_PN_SWAP);
                      {
                      // Disable Aux PN Pull High Low Swap PCB Function
                      PCB_D0_AUX_PN_1M_PULL_H_L_SWAP(_AUX_PN_1M_PULL_HI_LOW_SWAP_OFF);
                      }
                
                      // Enable Aux Digital Phy PN Swap
                      ScalerSetBit(PB7_72_AUX_DIG_PHY2, ~_BIT0, _BIT0);
                  }
                   else
                  {
                      SET_DP_RX0_PCB_LANE0_MAPPING(_D0_DP_PCB_LANE0_MAPPING);
                      SET_DP_RX0_PCB_LANE1_MAPPING(_D0_DP_PCB_LANE1_MAPPING);
                      SET_DP_RX0_PCB_LANE2_MAPPING(_D0_DP_PCB_LANE2_MAPPING);
                      SET_DP_RX0_PCB_LANE3_MAPPING(_D0_DP_PCB_LANE3_MAPPING);
                      SET_DP_RX0_PCB_LANE0_PN_SWAP(_D0_DP_PCB_LANE0_PN_SWAP);
                      SET_DP_RX0_PCB_LANE1_PN_SWAP(_D0_DP_PCB_LANE1_PN_SWAP);
                      SET_DP_RX0_PCB_LANE2_PN_SWAP(_D0_DP_PCB_LANE2_PN_SWAP);
                      SET_DP_RX0_PCB_LANE3_PN_SWAP(_D0_DP_PCB_LANE3_PN_SWAP);
                
                      {
                      // Disable Aux PN Pull High Low Swap PCB Function
                      PCB_D0_AUX_PN_1M_PULL_H_L_SWAP(_AUX_PN_1M_PULL_HI_LOW_SWAP_OFF);
                      }
                
                      // Disable Aux Digital Phy PN Swap
                      ScalerSetBit(PB7_72_AUX_DIG_PHY2, ~_BIT0, 0x00);
                    }
              
              
                  
              #elif(_PCB_TYPE == _RL6449__216PIN__HK_M_RTD2795E18_1DP2H1T_EDP)
                
                  if(((bit)bD0_DP_PIN15_CONNECT == _TRUE) && ((bit)bD0_DP_PIN16_CONNECT == _FALSE) && ((bit)bD0_DP_PIN17_C
             -ONNECT == _FALSE))
                  {
                    SET_DP_RX0_PCB_LANE0_MAPPING(_D0_DP_PCB_LANE3_MAPPING);
                    SET_DP_RX0_PCB_LANE1_MAPPING(_D0_DP_PCB_LANE2_MAPPING);
                    SET_DP_RX0_PCB_LANE2_MAPPING(_D0_DP_PCB_LANE1_MAPPING);
                    SET_DP_RX0_PCB_LANE3_MAPPING(_D0_DP_PCB_LANE0_MAPPING);
                    SET_DP_RX0_PCB_LANE0_PN_SWAP(_D0_DP_PCB_LANE0_PN_SWAP);
                    SET_DP_RX0_PCB_LANE1_PN_SWAP(_D0_DP_PCB_LANE1_PN_SWAP);
                    SET_DP_RX0_PCB_LANE2_PN_SWAP(_D0_DP_PCB_LANE2_PN_SWAP);
                    SET_DP_RX0_PCB_LANE3_PN_SWAP(_D0_DP_PCB_LANE3_PN_SWAP);
                    
                
                    ScalerSetBit(PB7_72_AUX_DIG_PHY2, ~_BIT0, _BIT0);
                  }
                  else // Normal Cable Mode
                  {
                    SET_DP_RX0_PCB_LANE0_MAPPING(_D0_DP_PCB_LANE0_MAPPING);
C51 COMPILER V9.60.0.0   SCALERDPRX0_SEPTPHY                                               09/24/2026 09:30:19 PAGE 34  

                    SET_DP_RX0_PCB_LANE1_MAPPING(_D0_DP_PCB_LANE1_MAPPING);
                    SET_DP_RX0_PCB_LANE2_MAPPING(_D0_DP_PCB_LANE2_MAPPING);
                    SET_DP_RX0_PCB_LANE3_MAPPING(_D0_DP_PCB_LANE3_MAPPING);
                    SET_DP_RX0_PCB_LANE0_PN_SWAP(_D0_DP_PCB_LANE0_PN_SWAP);
                    SET_DP_RX0_PCB_LANE1_PN_SWAP(_D0_DP_PCB_LANE1_PN_SWAP);
                    SET_DP_RX0_PCB_LANE2_PN_SWAP(_D0_DP_PCB_LANE2_PN_SWAP);
                    SET_DP_RX0_PCB_LANE3_PN_SWAP(_D0_DP_PCB_LANE3_PN_SWAP);
                
                    // Disable Aux Digital Phy PN Swap
                    ScalerSetBit(PB7_72_AUX_DIG_PHY2, ~_BIT0, 0x00);
                  }
                
              #elif(Project_ID == ID_TEST_HK2556MINI_TYPEC_WIFI_EDP60HZ_20200908)||(_PCB_TYPE == _RL6449__216PIN__HK_M_R
             -TD2795E02__1T1DP1H__eDPVB1)||(_PCB_TYPE == _RL6449__216PIN__HK_M_RTD2795E06__1T1DP1H__eDPVB1)
                      
                
                  if(GET_TYPEC_SWITCH())
                  {
                    SET_DP_RX0_PCB_LANE0_MAPPING(_D0_DP_PCB_LANE3_MAPPING);
                    SET_DP_RX0_PCB_LANE1_MAPPING(_D0_DP_PCB_LANE2_MAPPING);
                    SET_DP_RX0_PCB_LANE2_MAPPING(_D0_DP_PCB_LANE1_MAPPING);
                    SET_DP_RX0_PCB_LANE3_MAPPING(_D0_DP_PCB_LANE0_MAPPING);
                    SET_DP_RX0_PCB_LANE0_PN_SWAP(_D0_DP_PCB_LANE0_PN_SWAP);
                    SET_DP_RX0_PCB_LANE1_PN_SWAP(_D0_DP_PCB_LANE1_PN_SWAP);
                    SET_DP_RX0_PCB_LANE2_PN_SWAP(_D0_DP_PCB_LANE2_PN_SWAP);
                    SET_DP_RX0_PCB_LANE3_PN_SWAP(_D0_DP_PCB_LANE3_PN_SWAP);
                    
                
                    ScalerSetBit(PB7_72_AUX_DIG_PHY2, ~_BIT0, _BIT0);
                  }
                  else // Normal Cable Mode
                  {
                    SET_DP_RX0_PCB_LANE0_MAPPING(_D0_DP_PCB_LANE0_MAPPING);
                    SET_DP_RX0_PCB_LANE1_MAPPING(_D0_DP_PCB_LANE1_MAPPING);
                    SET_DP_RX0_PCB_LANE2_MAPPING(_D0_DP_PCB_LANE2_MAPPING);
                    SET_DP_RX0_PCB_LANE3_MAPPING(_D0_DP_PCB_LANE3_MAPPING);
                    SET_DP_RX0_PCB_LANE0_PN_SWAP(_D0_DP_PCB_LANE0_PN_SWAP);
                    SET_DP_RX0_PCB_LANE1_PN_SWAP(_D0_DP_PCB_LANE1_PN_SWAP);
                    SET_DP_RX0_PCB_LANE2_PN_SWAP(_D0_DP_PCB_LANE2_PN_SWAP);
                    SET_DP_RX0_PCB_LANE3_PN_SWAP(_D0_DP_PCB_LANE3_PN_SWAP);
                
                    // Disable Aux Digital Phy PN Swap
                    ScalerSetBit(PB7_72_AUX_DIG_PHY2, ~_BIT0, 0x00);
                  }
              #elif(Project_ID == ID_CW_HK2556E18_2T1H_SN238CS041_LVDS_FDH60HZ_20230522)
                
                  if(GET_TYPEC_SWITCH())
                  {
                    SET_DP_RX0_PCB_LANE0_MAPPING(_D0_DP_PCB_LANE3_MAPPING);
                    SET_DP_RX0_PCB_LANE1_MAPPING(_D0_DP_PCB_LANE2_MAPPING);
                    SET_DP_RX0_PCB_LANE2_MAPPING(_D0_DP_PCB_LANE1_MAPPING);
                    SET_DP_RX0_PCB_LANE3_MAPPING(_D0_DP_PCB_LANE0_MAPPING);
                    SET_DP_RX0_PCB_LANE0_PN_SWAP(_D0_DP_PCB_LANE0_PN_SWAP);
                    SET_DP_RX0_PCB_LANE1_PN_SWAP(_D0_DP_PCB_LANE1_PN_SWAP);
                    SET_DP_RX0_PCB_LANE2_PN_SWAP(_D0_DP_PCB_LANE2_PN_SWAP);
                    SET_DP_RX0_PCB_LANE3_PN_SWAP(_D0_DP_PCB_LANE3_PN_SWAP);
                    
                
                    ScalerSetBit(PB7_72_AUX_DIG_PHY2, ~_BIT0, 0X00);
                  }
                  else // Normal Cable Mode
                  {
C51 COMPILER V9.60.0.0   SCALERDPRX0_SEPTPHY                                               09/24/2026 09:30:19 PAGE 35  

                    SET_DP_RX0_PCB_LANE0_MAPPING(_D0_DP_PCB_LANE0_MAPPING);
                    SET_DP_RX0_PCB_LANE1_MAPPING(_D0_DP_PCB_LANE1_MAPPING);
                    SET_DP_RX0_PCB_LANE2_MAPPING(_D0_DP_PCB_LANE2_MAPPING);
                    SET_DP_RX0_PCB_LANE3_MAPPING(_D0_DP_PCB_LANE3_MAPPING);
                    SET_DP_RX0_PCB_LANE0_PN_SWAP(_D0_DP_PCB_LANE0_PN_SWAP);
                    SET_DP_RX0_PCB_LANE1_PN_SWAP(_D0_DP_PCB_LANE1_PN_SWAP);
                    SET_DP_RX0_PCB_LANE2_PN_SWAP(_D0_DP_PCB_LANE2_PN_SWAP);
                    SET_DP_RX0_PCB_LANE3_PN_SWAP(_D0_DP_PCB_LANE3_PN_SWAP);
                
                    // Disable Aux Digital Phy PN Swap
                    ScalerSetBit(PB7_72_AUX_DIG_PHY2, ~_BIT0, _BIT0);
                  }
              #elif(_PCB_TYPE == _RL6432__156PIN__HKMRT2557E03__1T1H1DP_EDP)
                  if(bD0_DP_PIN15_CONNECT)
                  {
                    SET_DP_RX0_PCB_LANE0_MAPPING(_D0_DP_PCB_LANE0_MAPPING);
                    SET_DP_RX0_PCB_LANE1_MAPPING(_D0_DP_PCB_LANE1_MAPPING);
                    SET_DP_RX0_PCB_LANE2_MAPPING(_D0_DP_PCB_LANE2_MAPPING);
                    SET_DP_RX0_PCB_LANE3_MAPPING(_D0_DP_PCB_LANE3_MAPPING);
                    SET_DP_RX0_PCB_LANE0_PN_SWAP(_D0_DP_PCB_LANE0_PN_SWAP);
                    SET_DP_RX0_PCB_LANE1_PN_SWAP(_D0_DP_PCB_LANE1_PN_SWAP);
                    SET_DP_RX0_PCB_LANE2_PN_SWAP(_D0_DP_PCB_LANE2_PN_SWAP);
                    SET_DP_RX0_PCB_LANE3_PN_SWAP(_D0_DP_PCB_LANE3_PN_SWAP);
                
                    ScalerSetBit(PB7_72_AUX_DIG_PHY2, ~_BIT0, 0X00);
                  }
                  else // Normal Cable Mode
                  {
                    SET_DP_RX0_PCB_LANE0_MAPPING(_D0_DP_PCB_LANE3_MAPPING);
                    SET_DP_RX0_PCB_LANE1_MAPPING(_D0_DP_PCB_LANE2_MAPPING);
                    SET_DP_RX0_PCB_LANE2_MAPPING(_D0_DP_PCB_LANE1_MAPPING);
                    SET_DP_RX0_PCB_LANE3_MAPPING(_D0_DP_PCB_LANE0_MAPPING);
                    SET_DP_RX0_PCB_LANE0_PN_SWAP(_D0_DP_PCB_LANE0_PN_SWAP);
                    SET_DP_RX0_PCB_LANE1_PN_SWAP(_D0_DP_PCB_LANE1_PN_SWAP);
                    SET_DP_RX0_PCB_LANE2_PN_SWAP(_D0_DP_PCB_LANE2_PN_SWAP);
                    SET_DP_RX0_PCB_LANE3_PN_SWAP(_D0_DP_PCB_LANE3_PN_SWAP);
              
                    // Disable Aux Digital Phy PN Swap
                    ScalerSetBit(PB7_72_AUX_DIG_PHY2, ~_BIT0, _BIT0);
                  }
              #elif(_PCB_TYPE == _RL6432__156PIN__HKMRT255XE08__1T1H1DP_LVDS)||(_PCB_TYPE == _RL6432__156PIN__HKMRT2557E
             -09__1T1H1DP_EDP)
                  if(bD0_DP_PIN15_CONNECT)
                  {
                    SET_DP_RX0_PCB_LANE0_MAPPING(_D0_DP_PCB_LANE0_MAPPING);
                    SET_DP_RX0_PCB_LANE1_MAPPING(_D0_DP_PCB_LANE1_MAPPING);
                    SET_DP_RX0_PCB_LANE2_MAPPING(_D0_DP_PCB_LANE2_MAPPING);
                    SET_DP_RX0_PCB_LANE3_MAPPING(_D0_DP_PCB_LANE3_MAPPING);
                    SET_DP_RX0_PCB_LANE0_PN_SWAP(_D0_DP_PCB_LANE0_PN_SWAP);
                    SET_DP_RX0_PCB_LANE1_PN_SWAP(_D0_DP_PCB_LANE1_PN_SWAP);
                    SET_DP_RX0_PCB_LANE2_PN_SWAP(_D0_DP_PCB_LANE2_PN_SWAP);
                    SET_DP_RX0_PCB_LANE3_PN_SWAP(_D0_DP_PCB_LANE3_PN_SWAP);
                    
                    // Disable Aux Digital Phy PN Swap
                    ScalerSetBit(PB7_72_AUX_DIG_PHY2, ~_BIT0, 0x00);
                  }
                  else
                  {
                    SET_DP_RX0_PCB_LANE0_MAPPING(_D0_DP_PCB_LANE3_MAPPING);
                    SET_DP_RX0_PCB_LANE1_MAPPING(_D0_DP_PCB_LANE2_MAPPING);
                    SET_DP_RX0_PCB_LANE2_MAPPING(_D0_DP_PCB_LANE1_MAPPING);
                    SET_DP_RX0_PCB_LANE3_MAPPING(_D0_DP_PCB_LANE0_MAPPING);
C51 COMPILER V9.60.0.0   SCALERDPRX0_SEPTPHY                                               09/24/2026 09:30:19 PAGE 36  

                    SET_DP_RX0_PCB_LANE0_PN_SWAP(_D0_DP_PCB_LANE0_PN_SWAP);
                    SET_DP_RX0_PCB_LANE1_PN_SWAP(_D0_DP_PCB_LANE1_PN_SWAP);
                    SET_DP_RX0_PCB_LANE2_PN_SWAP(_D0_DP_PCB_LANE2_PN_SWAP);
                    SET_DP_RX0_PCB_LANE3_PN_SWAP(_D0_DP_PCB_LANE3_PN_SWAP);
                
                    
                    // Enable Aux Digital Phy PN Swap
                    ScalerSetBit(PB7_72_AUX_DIG_PHY2, ~_BIT0, _BIT0);
                    
                  }
              #elif(_PCB_TYPE == _RL6432__156PIN__HKMRT2557E17_1T1P1H_LVDS)
                  
                if(GET_TYPEC_SWITCH())
                {
                  //3201   3210  1023
                  SET_DP_RX0_PCB_LANE0_MAPPING(_D0_DP_PCB_LANE1_MAPPING);
                  SET_DP_RX0_PCB_LANE1_MAPPING(_D0_DP_PCB_LANE0_MAPPING);
                  SET_DP_RX0_PCB_LANE2_MAPPING(_D0_DP_PCB_LANE2_MAPPING);
                  SET_DP_RX0_PCB_LANE3_MAPPING(_D0_DP_PCB_LANE3_MAPPING);
                  
                  SET_DP_RX0_PCB_LANE0_PN_SWAP(_ON);
                  SET_DP_RX0_PCB_LANE1_PN_SWAP(_OFF);
                  SET_DP_RX0_PCB_LANE2_PN_SWAP(_ON);
                  SET_DP_RX0_PCB_LANE3_PN_SWAP(_OFF);
              
                  //PCB_Type_C_PN_Swtich(PCB_Type_C_POSITIVE);
              
                  // Disable Aux Digital Phy PN Swap
                  ScalerSetBit(PB7_72_AUX_DIG_PHY2, ~_BIT0, _BIT0);
                }
                else
                {
                  SET_DP_RX0_PCB_LANE0_MAPPING(_D0_DP_PCB_LANE3_MAPPING);
                  SET_DP_RX0_PCB_LANE1_MAPPING(_D0_DP_PCB_LANE2_MAPPING);
                  SET_DP_RX0_PCB_LANE2_MAPPING(_D0_DP_PCB_LANE0_MAPPING);
                  SET_DP_RX0_PCB_LANE3_MAPPING(_D0_DP_PCB_LANE1_MAPPING);
                  
                  SET_DP_RX0_PCB_LANE0_PN_SWAP(_ON);
                  SET_DP_RX0_PCB_LANE1_PN_SWAP(_OFF);
                  SET_DP_RX0_PCB_LANE2_PN_SWAP(_ON);
                  SET_DP_RX0_PCB_LANE3_PN_SWAP(_OFF);
              
                  // Enable Aux PN Pull High Low Swap PCB Function
                  //PCB_D0_AUX_PN_1M_PULL_H_L_SWAP(_AUX_PN_1M_PULL_HI_LOW_SWAP_OFF);
                  
                  //PCB_Type_C_PN_Swtich(PCB_Type_C_POSITIVE);
              
                  // Enable Aux Digital Phy PN Swap
                  ScalerSetBit(PB7_72_AUX_DIG_PHY2, ~_BIT0, 0x00);
                }
              #elif(_PCB_TYPE == _RL6432__216PIN__HKM_RT2785E19_1T1P1H_LVDS)
                if(GET_TYPEC_SWITCH())
                {
                  SET_DP_RX0_PCB_LANE0_MAPPING(_D0_DP_PCB_LANE3_MAPPING);
                  SET_DP_RX0_PCB_LANE1_MAPPING(_D0_DP_PCB_LANE2_MAPPING);
                  SET_DP_RX0_PCB_LANE2_MAPPING(_D0_DP_PCB_LANE1_MAPPING);
                  SET_DP_RX0_PCB_LANE3_MAPPING(_D0_DP_PCB_LANE0_MAPPING);
                  SET_DP_RX0_PCB_LANE0_PN_SWAP(_D0_DP_PCB_LANE0_PN_SWAP);
                  SET_DP_RX0_PCB_LANE1_PN_SWAP(_D0_DP_PCB_LANE1_PN_SWAP);
                  SET_DP_RX0_PCB_LANE2_PN_SWAP(_D0_DP_PCB_LANE2_PN_SWAP);
                  SET_DP_RX0_PCB_LANE3_PN_SWAP(_D0_DP_PCB_LANE3_PN_SWAP);
                  // Disable Aux Digital Phy PN Swap
C51 COMPILER V9.60.0.0   SCALERDPRX0_SEPTPHY                                               09/24/2026 09:30:19 PAGE 37  

                  ScalerSetBit(PB7_72_AUX_DIG_PHY2, ~_BIT0, _BIT0);
                }
                else // Normal Cable Mode
                {
              
                  SET_DP_RX0_PCB_LANE0_MAPPING(_D0_DP_PCB_LANE0_MAPPING);
                  SET_DP_RX0_PCB_LANE1_MAPPING(_D0_DP_PCB_LANE1_MAPPING);
                  SET_DP_RX0_PCB_LANE2_MAPPING(_D0_DP_PCB_LANE2_MAPPING);
                  SET_DP_RX0_PCB_LANE3_MAPPING(_D0_DP_PCB_LANE3_MAPPING);
                  SET_DP_RX0_PCB_LANE0_PN_SWAP(_D0_DP_PCB_LANE0_PN_SWAP);
                  SET_DP_RX0_PCB_LANE1_PN_SWAP(_D0_DP_PCB_LANE1_PN_SWAP);
                  SET_DP_RX0_PCB_LANE2_PN_SWAP(_D0_DP_PCB_LANE2_PN_SWAP);
                  SET_DP_RX0_PCB_LANE3_PN_SWAP(_D0_DP_PCB_LANE3_PN_SWAP);
              
                  // Disable Aux Digital Phy PN Swap
                  ScalerSetBit(PB7_72_AUX_DIG_PHY2, ~_BIT0, 0X00);
                } 
              
              #else
2183   1          // Aux Pin-Share Setting
2184   1      
2185   1          if(enumOrientation == _TYPE_C_ORIENTATION_UNFLIP)
2186   1          {
2187   2              if(enumPinAssignment == _TYPE_C_PIN_ASSIGNMENT_E)
2188   2              {
2189   3      #if(_D0_DP_TYPE_C_EXT_LANE_SWAP_FOR_PIN_E == _SWAP_BY_SCALER)
2190   3                  // Lane 0 <--> Lane 2
2191   3                  // Lane 1 <--> Lane 3
2192   3                  SET_DP_RX0_PCB_LANE0_MAPPING(_D0_DP_PCB_LANE2_MAPPING);
2193   3                  SET_DP_RX0_PCB_LANE1_MAPPING(_D0_DP_PCB_LANE3_MAPPING);
2194   3                  SET_DP_RX0_PCB_LANE2_MAPPING(_D0_DP_PCB_LANE0_MAPPING);
2195   3                  SET_DP_RX0_PCB_LANE3_MAPPING(_D0_DP_PCB_LANE1_MAPPING);
2196   3                  SET_DP_RX0_PCB_LANE0_PN_SWAP(!_D0_DP_PCB_LANE0_PN_SWAP);
2197   3                  SET_DP_RX0_PCB_LANE1_PN_SWAP(!_D0_DP_PCB_LANE1_PN_SWAP);
2198   3                  SET_DP_RX0_PCB_LANE2_PN_SWAP(!_D0_DP_PCB_LANE2_PN_SWAP);
2199   3                  SET_DP_RX0_PCB_LANE3_PN_SWAP(!_D0_DP_PCB_LANE3_PN_SWAP);
2200   3      #else
                          SET_DP_RX0_PCB_LANE0_MAPPING(_D0_DP_PCB_LANE0_MAPPING);
                          SET_DP_RX0_PCB_LANE1_MAPPING(_D0_DP_PCB_LANE1_MAPPING);
                          SET_DP_RX0_PCB_LANE2_MAPPING(_D0_DP_PCB_LANE2_MAPPING);
                          SET_DP_RX0_PCB_LANE3_MAPPING(_D0_DP_PCB_LANE3_MAPPING);
                          SET_DP_RX0_PCB_LANE0_PN_SWAP(_D0_DP_PCB_LANE0_PN_SWAP);
                          SET_DP_RX0_PCB_LANE1_PN_SWAP(_D0_DP_PCB_LANE1_PN_SWAP);
                          SET_DP_RX0_PCB_LANE2_PN_SWAP(_D0_DP_PCB_LANE2_PN_SWAP);
                          SET_DP_RX0_PCB_LANE3_PN_SWAP(_D0_DP_PCB_LANE3_PN_SWAP);
              #endif
2210   3      
2211   3      #if((_D6_INPUT_PORT_TYPE == _D6_DP_PORT) && (_D6_INPUT_PORT_SWITCH_FROM == _SWITCH_FROM_D0))
                          if(GET_D6_SWITCH_SELECT() == _D0_INPUT_PORT)
              #endif
2214   3                  {
2215   4      #if(_D0_DP_TYPE_C_PIN_E_AUXPN_SWAP == _SWAP_BY_SCALER)
2216   4                      // Enable Aux PN Pull High Low Swap PCB Function
2217   4                      PCB_D0_AUX_PN_1M_PULL_H_L_SWAP(_AUX_PN_1M_PULL_HI_LOW_SWAP_ON);
2218   4      
2219   4                      // Enable Aux Digital Phy PN Swap
2220   4                      ScalerSetBit(PB7_72_AUX_DIG_PHY2, ~_BIT0, _BIT0);
2221   4      #else
                              // Disable Aux PN Pull High Low Swap PCB Function
                              PCB_D0_AUX_PN_1M_PULL_H_L_SWAP(_AUX_PN_1M_PULL_HI_LOW_SWAP_OFF);
              
                              // Disable Aux Digital Phy PN Swap
C51 COMPILER V9.60.0.0   SCALERDPRX0_SEPTPHY                                               09/24/2026 09:30:19 PAGE 38  

                              ScalerSetBit(PB7_72_AUX_DIG_PHY2, ~_BIT0, 0x00);
              #endif
2228   4                  }
2229   3      
2230   3      #if((_D6_INPUT_PORT_TYPE == _D6_DP_PORT) && (_D6_INPUT_PORT_SWITCH_FROM == _SWITCH_FROM_D0))
                          if(GET_D6_SWITCH_SELECT() == _D6_INPUT_PORT)
                          {
              #if(_D6_DP_TYPE_C_PIN_E_AUXPN_SWAP == _SWAP_BY_SCALER)
                              // Enable Aux PN Pull High Low Swap PCB Function
                              PCB_D6_AUX_PN_1M_PULL_H_L_SWAP(_AUX_PN_1M_PULL_HI_LOW_SWAP_ON);
              
                              // Enable Aux Digital Phy PN Swap
                              ScalerSetBit(PB7_72_AUX_DIG_PHY2, ~_BIT0, _BIT0);
              #else
                              // Disable Aux PN Pull High Low Swap PCB Function
                              PCB_D6_AUX_PN_1M_PULL_H_L_SWAP(_AUX_PN_1M_PULL_HI_LOW_SWAP_OFF);
              
                              // Disable Aux Digital Phy PN Swap
                              ScalerSetBit(PB7_72_AUX_DIG_PHY2, ~_BIT0, 0x00);
              #endif
                          }
              #endif
2248   3              }
2249   2              else // Normal Cable Mode
2250   2              {
2251   3                  SET_DP_RX0_PCB_LANE0_MAPPING(_D0_DP_PCB_LANE0_MAPPING);
2252   3                  SET_DP_RX0_PCB_LANE1_MAPPING(_D0_DP_PCB_LANE1_MAPPING);
2253   3                  SET_DP_RX0_PCB_LANE2_MAPPING(_D0_DP_PCB_LANE2_MAPPING);
2254   3                  SET_DP_RX0_PCB_LANE3_MAPPING(_D0_DP_PCB_LANE3_MAPPING);
2255   3                  SET_DP_RX0_PCB_LANE0_PN_SWAP(_D0_DP_PCB_LANE0_PN_SWAP);
2256   3                  SET_DP_RX0_PCB_LANE1_PN_SWAP(_D0_DP_PCB_LANE1_PN_SWAP);
2257   3                  SET_DP_RX0_PCB_LANE2_PN_SWAP(_D0_DP_PCB_LANE2_PN_SWAP);
2258   3                  SET_DP_RX0_PCB_LANE3_PN_SWAP(_D0_DP_PCB_LANE3_PN_SWAP);
2259   3      
2260   3      #if((_D6_INPUT_PORT_TYPE == _D6_DP_PORT) && (_D6_INPUT_PORT_SWITCH_FROM == _SWITCH_FROM_D0))
                          if(GET_D6_SWITCH_SELECT() == _D6_INPUT_PORT)
                          {
                              // Disable Aux PN Pull High Low Swap PCB Function
                              PCB_D6_AUX_PN_1M_PULL_H_L_SWAP(_AUX_PN_1M_PULL_HI_LOW_SWAP_OFF);
                          }
                          else
              #endif
2268   3                  {
2269   4                      // Disable Aux PN Pull High Low Swap PCB Function
2270   4                      PCB_D0_AUX_PN_1M_PULL_H_L_SWAP(_AUX_PN_1M_PULL_HI_LOW_SWAP_OFF);
2271   4                  }
2272   3      
2273   3                  // Disable Aux Digital Phy PN Swap
2274   3                  ScalerSetBit(PB7_72_AUX_DIG_PHY2, ~_BIT0, 0x00);
2275   3              }
2276   2          }
2277   1          else
2278   1          {
2279   2              if(enumPinAssignment == _TYPE_C_PIN_ASSIGNMENT_E)
2280   2              {
2281   3      #if(_D0_DP_TYPE_C_EXT_LANE_SWAP_FOR_PIN_E == _SWAP_BY_SCALER)
2282   3                  // Lane 0 <--> Lane 2
2283   3                  // Lane 1 <--> Lane 3
2284   3                  SET_DP_RX0_PCB_LANE0_MAPPING(_D0_DP_PCB_LANE1_MAPPING);
2285   3                  SET_DP_RX0_PCB_LANE1_MAPPING(_D0_DP_PCB_LANE0_MAPPING);
2286   3                  SET_DP_RX0_PCB_LANE2_MAPPING(_D0_DP_PCB_LANE3_MAPPING);
2287   3                  SET_DP_RX0_PCB_LANE3_MAPPING(_D0_DP_PCB_LANE2_MAPPING);
C51 COMPILER V9.60.0.0   SCALERDPRX0_SEPTPHY                                               09/24/2026 09:30:19 PAGE 39  

2288   3                  SET_DP_RX0_PCB_LANE0_PN_SWAP(!_D0_DP_PCB_LANE0_PN_SWAP);
2289   3                  SET_DP_RX0_PCB_LANE1_PN_SWAP(!_D0_DP_PCB_LANE1_PN_SWAP);
2290   3                  SET_DP_RX0_PCB_LANE2_PN_SWAP(!_D0_DP_PCB_LANE2_PN_SWAP);
2291   3                  SET_DP_RX0_PCB_LANE3_PN_SWAP(!_D0_DP_PCB_LANE3_PN_SWAP);
2292   3      #else
                          SET_DP_RX0_PCB_LANE0_MAPPING(_D0_DP_PCB_LANE3_MAPPING);
                          SET_DP_RX0_PCB_LANE1_MAPPING(_D0_DP_PCB_LANE2_MAPPING);
                          SET_DP_RX0_PCB_LANE2_MAPPING(_D0_DP_PCB_LANE1_MAPPING);
                          SET_DP_RX0_PCB_LANE3_MAPPING(_D0_DP_PCB_LANE0_MAPPING);
                          SET_DP_RX0_PCB_LANE0_PN_SWAP(_D0_DP_PCB_LANE0_PN_SWAP);
                          SET_DP_RX0_PCB_LANE1_PN_SWAP(_D0_DP_PCB_LANE1_PN_SWAP);
                          SET_DP_RX0_PCB_LANE2_PN_SWAP(_D0_DP_PCB_LANE2_PN_SWAP);
                          SET_DP_RX0_PCB_LANE3_PN_SWAP(_D0_DP_PCB_LANE3_PN_SWAP);
              #endif
2302   3      
2303   3      #if((_D6_INPUT_PORT_TYPE == _D6_DP_PORT) && (_D6_INPUT_PORT_SWITCH_FROM == _SWITCH_FROM_D0))
                          if(GET_D6_SWITCH_SELECT() == _D6_INPUT_PORT)
                          {
                              // Disable Aux PN Pull High Low Swap PCB Function
                              PCB_D6_AUX_PN_1M_PULL_H_L_SWAP(_AUX_PN_1M_PULL_HI_LOW_SWAP_OFF);
                          }
                          else
              #endif
2311   3                  {
2312   4                      // Disable Aux PN Pull High Low Swap PCB Function
2313   4                      PCB_D0_AUX_PN_1M_PULL_H_L_SWAP(_AUX_PN_1M_PULL_HI_LOW_SWAP_OFF);
2314   4                  }
2315   3      
2316   3                  // Disable Aux Digital Phy PN Swap
2317   3                  ScalerSetBit(PB7_72_AUX_DIG_PHY2, ~_BIT0, 0x00);
2318   3              }
2319   2              else // Normal Cable Mode
2320   2              {
2321   3                  SET_DP_RX0_PCB_LANE0_MAPPING(_D0_DP_PCB_LANE3_MAPPING);
2322   3                  SET_DP_RX0_PCB_LANE1_MAPPING(_D0_DP_PCB_LANE2_MAPPING);
2323   3                  SET_DP_RX0_PCB_LANE2_MAPPING(_D0_DP_PCB_LANE1_MAPPING);
2324   3                  SET_DP_RX0_PCB_LANE3_MAPPING(_D0_DP_PCB_LANE0_MAPPING);
2325   3                  SET_DP_RX0_PCB_LANE0_PN_SWAP(_D0_DP_PCB_LANE0_PN_SWAP);
2326   3                  SET_DP_RX0_PCB_LANE1_PN_SWAP(_D0_DP_PCB_LANE1_PN_SWAP);
2327   3                  SET_DP_RX0_PCB_LANE2_PN_SWAP(_D0_DP_PCB_LANE2_PN_SWAP);
2328   3                  SET_DP_RX0_PCB_LANE3_PN_SWAP(_D0_DP_PCB_LANE3_PN_SWAP);
2329   3      
2330   3      #if((_D6_INPUT_PORT_TYPE == _D6_DP_PORT) && (_D6_INPUT_PORT_SWITCH_FROM == _SWITCH_FROM_D0))
                          if(GET_D6_SWITCH_SELECT() == _D0_INPUT_PORT)
              #endif
2333   3                  {
2334   4                      // Enable Aux PN Pull High Low Swap PCB Function
2335   4                      PCB_D0_AUX_PN_1M_PULL_H_L_SWAP(_AUX_PN_1M_PULL_HI_LOW_SWAP_ON);
2336   4      
2337   4                      // Enable Aux Digital Phy PN Swap
2338   4                      ScalerSetBit(PB7_72_AUX_DIG_PHY2, ~_BIT0, _BIT0);
2339   4                  }
2340   3      
2341   3      #if((_D6_INPUT_PORT_TYPE == _D6_DP_PORT) && (_D6_INPUT_PORT_SWITCH_FROM == _SWITCH_FROM_D0))
                          if(GET_D6_SWITCH_SELECT() == _D6_INPUT_PORT)
                          {
                              // Enable Aux PN Pull High Low Swap PCB Function
                              PCB_D6_AUX_PN_1M_PULL_H_L_SWAP(_AUX_PN_1M_PULL_HI_LOW_SWAP_ON);
              
                              // Enable Aux Digital Phy PN Swap
                              ScalerSetBit(PB7_72_AUX_DIG_PHY2, ~_BIT0, _BIT0);
                          }
C51 COMPILER V9.60.0.0   SCALERDPRX0_SEPTPHY                                               09/24/2026 09:30:19 PAGE 40  

              #endif
2351   3              }
2352   2          }
2353   1      #endif
2354   1      }
2355          
2356          #if((_D6_INPUT_PORT_TYPE == _D6_DP_PORT) && (_D6_INPUT_PORT_SWITCH_FROM == _SWITCH_FROM_D0))
              //--------------------------------------------------
              // Description  : Initial Setting for DP
              // Input Value  : _DP_VERSION_1_1 or _DP_VERSION_1_2
              // Output Value : None
              //--------------------------------------------------
              void ScalerDpRx6Initial(EnumDpVersionType enumDpVersion, EnumDpLaneCount enumDpLaneCount, EnumDPMSTPort en
             -umDpRxMstPort, EnumFreeSyncSupport enumFreeSyncSupport, EnumAudioDpDpcdSupport enumAudioSupport, EnumDpHdrSupport enumDp
             -HdrSupport)
              {
                  ScalerDpRx0AuxPowerOnInitial();
              
              #if(_AUDIO_SUPPORT == _ON)
                  SET_AUDIO_DP_D6_SUPPORT(enumAudioSupport);
              #else
                  enumAudioSupport = enumAudioSupport;
              #endif // End of #if(_AUDIO_SUPPORT == _ON)
              
                  SET_DP_RX_TARGET_MST_PORT(enumDpRxMstPort);
                  SET_DP_RX_D0_PORT_TARGET_VERSION(enumDpVersion);
                  SET_DP_RX_D0_PORT_TARGET_LANE_COUNT(enumDpLaneCount);
              
                  ScalerDpRx0DpcdInitial(enumDpVersion, enumDpLaneCount, enumDpRxMstPort, enumFreeSyncSupport, enumDpHdr
             -Support);
              
                  // Must be initialized "AFTER DPCD setting" to avoid entering interruption unexpectively
                  ScalerDpRx0AuxIntInitial();
              
                  SET_DP_RX0_LINK_TRAINING_STATUS(_DP_LINK_TRAINING_NONE);
              
                  SET_DP_RX0_FAKE_LINK_TRAINING();
              
                  ScalerDpRx0SetDpLaneMapping(_TYPE_C_PIN_ASSIGNMENT_C, _TYPE_C_ORIENTATION_UNFLIP);
              
                  CLR_DP_RX0_CHECK_AUX_CH_NO_POWER_DEBOUNCE();
                  CLR_DP_RX0_CHECK_AUX_CH_POWER_STATUS();
                  CLR_DP_RX0_AUX_CH_POWER_ON_WAKE_UP();
                  CLR_DP_RX0_SOURCE_FIRST_POWER_ON();
              
              #if(_DP_MST_SUPPORT == _ON)
                  CLR_DP_RX0_SOURCE_WRITE_POWER_STATUS_EVENT();
              #endif
              
              #if(_DP_TX_SUPPORT == _ON)
                  CLR_DP_RX0_HDCP_AUTH_AKSV_WRITTEN();
              #endif
              }
              
              //--------------------------------------------------
              // Description  : Dp Rx Aux Ch Source Power Check
              // Input Value  : None
              // Output Value : _ON / _OFF
              //--------------------------------------------------
              bit ScalerDpRx6AuxChSourcePowerCheck(void)
              {
                  if(PCB_GET_D6_AUX_PN_1M_PULL_H_L_SWAP() == _AUX_PN_1M_PULL_HI_LOW_SWAP_ON)
C51 COMPILER V9.60.0.0   SCALERDPRX0_SEPTPHY                                               09/24/2026 09:30:19 PAGE 41  

                  {
                      return GET_PCB_D6_DP_SOURCE_POWER_PN_SWAP();
                  }
                  else
                  {
                      return GET_PCB_D6_DP_SOURCE_POWER();
                  }
              }
              
              //--------------------------------------------------
              // Description  : Dp Rx Aux Ch Power Status Check
              // Input Value  : bCableStatus
              // Output Value : None
              //--------------------------------------------------
              void ScalerDpRx6AuxChPowerStatusCheck(bit bCableStatus)
              {
                  BYTE ucDebounceCnt = 0;
              
                  if(bCableStatus == _TRUE)
                  {
                      if(ScalerSyncDpGetHotPlugStatus(_D6_INPUT_PORT) == _HIGH)
                      {
                          // First time check power on with debounce to avoid AUX N always low case
                          if((GET_DP_RX0_CHECK_AUX_CH_POWER_STATUS() == _DP_RX_AUX_POWER_STATUS_NONE) && (ScalerDpRx6Aux
             -ChSourcePowerCheck() == _ON))
                          {
                              // Debounce for 10ms
                              for(ucDebounceCnt = 0; ucDebounceCnt < 5; ucDebounceCnt++)
                              {
                                  ScalerTimerDelayXms(2);
              
                                  if(ScalerDpRx6AuxChSourcePowerCheck() == _OFF)
                                  {
                                      break;
                                  }
                              }
              
                              if(ucDebounceCnt == 5)
                              {
                                  SET_DP_RX0_CHECK_AUX_CH_POWER_STATUS(_DP_RX_AUX_POWER_STATUS_ON);
                              }
                          }
              
                          // Whether to Start Debounce
                          if((ScalerDpRx6AuxChSourcePowerCheck() == _OFF) &&
                             (GET_DP_RX0_CHECK_AUX_CH_NO_POWER_DEBOUNCE() == _FALSE) &&
                             (GET_DP_RX0_CHECK_AUX_CH_POWER_STATUS() == _DP_RX_AUX_POWER_STATUS_ON))
                          {
                              SET_DP_RX0_CHECK_AUX_CH_NO_POWER_DEBOUNCE();
              
                              ScalerTimerActiveTimerEvent(200, _SCALER_TIMER_EVENT_DP_RX0_AUX_CH_NO_POWER_CHECK_DEBOUNCE
             -);
                          }
              
                          // Debouncing
                          if(GET_DP_RX0_CHECK_AUX_CH_NO_POWER_DEBOUNCE() == _TRUE)
                          {
                              if(ScalerDpRx6AuxChSourcePowerCheck() == _ON)
                              {
                                  CLR_DP_RX0_CHECK_AUX_CH_NO_POWER_DEBOUNCE();
                                  ScalerTimerCancelTimerEvent(_SCALER_TIMER_EVENT_DP_RX0_AUX_CH_NO_POWER_CHECK_DEBOUNCE)
             -;
C51 COMPILER V9.60.0.0   SCALERDPRX0_SEPTPHY                                               09/24/2026 09:30:19 PAGE 42  

                              }
                          }
              
                          // 1.5s HotPlug has been removed because NVIDIA GTX-1080 failed while HPD togglled at the mome
             -nt of PC waked up from sleep.
                          if((GET_DP_RX0_CHECK_AUX_CH_POWER_STATUS() == _DP_RX_AUX_POWER_STATUS_OFF) && (ScalerDpRx6AuxC
             -hSourcePowerCheck() == _ON))
                          {
                              SET_DP_RX0_CHECK_AUX_CH_POWER_STATUS(_DP_RX_AUX_POWER_STATUS_ON);
              
                              SET_DP_RX0_AUX_CH_POWER_ON_WAKE_UP();
              
                              SET_DP_RX0_SOURCE_FIRST_POWER_ON();
              
              #if(_DP_MST_SUPPORT == _ON)
                              ScalerTimerActiveTimerEvent(SEC(3), _SCALER_TIMER_EVENT_DP_RX0_VALID_SIGNAL_DETECT_CHECK);
              #else
                              ScalerTimerActiveTimerEvent(SEC(1.2), _SCALER_TIMER_EVENT_DP_RX0_VALID_SIGNAL_DETECT_CHECK
             -);
              #endif
                          }
                      }
                  }
                  else
                  {
                      CLR_DP_RX0_CHECK_AUX_CH_NO_POWER_DEBOUNCE();
                      CLR_DP_RX0_CHECK_AUX_CH_POWER_STATUS();
              
                      ScalerTimerCancelTimerEvent(_SCALER_TIMER_EVENT_DP_RX0_AUX_CH_NO_POWER_CHECK_DEBOUNCE);
                  }
              }
              #endif
2497          
2498          #if(_DP_MST_SUPPORT == _ON)
              //--------------------------------------------------
              // Description  : Backup MST Info
              // Input Value  : None
              // Output Value : None
              //--------------------------------------------------
              void ScalerDpRx0MstInfoBackup(EnumDpMstBackup enumDpMstBackup)
              {
                  EnumDpStreamSourceNum enumSourceNum = _DP_ST_SOURCE1;
              
                  switch(enumDpMstBackup)
                  {
                      case _DP_MST_BACKUP_INFO:
              
                          if((ScalerGetBit(PB_01_PHY_DIG_RESET_CTRL, _BIT7) == _BIT7) &&
                             (GET_DP_RX0_LINK_TRAINING_STATUS() == _DP_FAKE_LINK_TRAINING_PASS))
                          {
                              // Backup MST Enable
                              g_stDpRx0MiscInfo.b1DpMstEnableBackup = _TRUE;
              #if((_D6_INPUT_PORT_TYPE == _D6_DP_PORT) && (_D6_INPUT_PORT_SWITCH_FROM == _SWITCH_FROM_D0))
                              g_stDpRx0MiscInfo.b1DpRx6MstEnableBackup = _FALSE;
              #endif
                              // Backup Link Config
                              g_stDpRx0MiscInfo.ucDpRxLinkRateBackup = ScalerDpRx0GetDpcdInfo(0x00, 0x01, 0x00);
                              g_stDpRx0MiscInfo.ucDpRxLaneCountBackup = (ScalerDpRx0GetDpcdInfo(0x00, 0x01, 0x01) & 0x1F
             -);
              
                              // Backup TimeSlot Info
                              memcpy(g_pucDpRx0MstTimeSlotBackup, (volatile BYTE xdata *)PB5_03_STHD_CTRL_2, sizeof(g_pu
C51 COMPILER V9.60.0.0   SCALERDPRX0_SEPTPHY                                               09/24/2026 09:30:19 PAGE 43  

             -cDpRx0MstTimeSlotBackup));
              
                              for(enumSourceNum = _DP_ST_SOURCE1; enumSourceNum <= _DP_ST_SOURCE5; enumSourceNum++)
                              {
                                  g_pucDpMacRx0MstStMuxBackup[enumSourceNum] = GET_DP_RX_MST_ST_SOURCE_BACKUP(enumSource
             -Num);
                              }
                          }
              
                          break;
              
                      case _DP_MST_BACKUP_INFO_RESTORE:
              
                          if(((ScalerDpRx0GetDpcdInfo(0x00, 0x00, 0x21) & _BIT0) == _BIT0) && (g_stDpRx0MiscInfo.b1DpMst
             -EnableBackup == _TRUE))
                          {
                              // Enable MST Decode
                              ScalerSetBit(PB_01_PHY_DIG_RESET_CTRL, ~_BIT7, _BIT7);
              
                              // Restore TimeSlot Info
                              memcpy((volatile BYTE xdata *)PB5_03_STHD_CTRL_2, g_pucDpRx0MstTimeSlotBackup, sizeof(g_pu
             -cDpRx0MstTimeSlotBackup));
              
                              for(enumSourceNum = _DP_ST_SOURCE1; enumSourceNum <= _DP_ST_SOURCE5; enumSourceNum++)
                              {
                                  ScalerDpRxMstSetSourceMuxBackup(enumSourceNum, g_pucDpMacRx0MstStMuxBackup[enumSourceN
             -um]);
                              }
                          }
                          g_stDpRx0MiscInfo.b1DpMstEnableBackup = _FALSE;
              
                          break;
              
                      case _DP_MST_BACKUP_INFO_RESET:
                      default:
              
                          g_stDpRx0MiscInfo.b1DpMstEnableBackup = _FALSE;
              
                          break;
                  }
              }
              
              #if((_D6_INPUT_PORT_TYPE == _D6_DP_PORT) && (_D6_INPUT_PORT_SWITCH_FROM == _SWITCH_FROM_D0))
              //--------------------------------------------------
              // Description  : Backup MST Info
              // Input Value  : None
              // Output Value : None
              //--------------------------------------------------
              void ScalerDpRx6MstInfoBackup(EnumDpMstBackup enumDpMstBackup)
              {
                  EnumDpStreamSourceNum enumSourceNum = _DP_ST_SOURCE1;
              
                  switch(enumDpMstBackup)
                  {
                      case _DP_MST_BACKUP_INFO:
              
                          if((ScalerGetBit(PB_01_PHY_DIG_RESET_CTRL, _BIT7) == _BIT7) &&
                             (GET_DP_RX0_LINK_TRAINING_STATUS() == _DP_FAKE_LINK_TRAINING_PASS))
                          {
                              // Backup MST Enable
                              g_stDpRx0MiscInfo.b1DpRx6MstEnableBackup = _TRUE;
                              g_stDpRx0MiscInfo.b1DpMstEnableBackup = _FALSE;
C51 COMPILER V9.60.0.0   SCALERDPRX0_SEPTPHY                                               09/24/2026 09:30:19 PAGE 44  

              
                              // Backup Link Config
                              g_stDpRx0MiscInfo.ucDpRxLinkRateBackup = ScalerDpRx0GetDpcdInfo(0x00, 0x01, 0x00);
                              g_stDpRx0MiscInfo.ucDpRxLaneCountBackup = (ScalerDpRx0GetDpcdInfo(0x00, 0x01, 0x01) & 0x1F
             -);
              
                              // Backup TimeSlot Info
                              memcpy(g_pucDpRx0MstTimeSlotBackup, (volatile BYTE xdata *)PB5_03_STHD_CTRL_2, sizeof(g_pu
             -cDpRx0MstTimeSlotBackup));
              
                              for(enumSourceNum = _DP_ST_SOURCE1; enumSourceNum <= _DP_ST_SOURCE5; enumSourceNum++)
                              {
                                  g_pucDpMacRx0MstStMuxBackup[enumSourceNum] = GET_DP_RX_MST_ST_SOURCE_BACKUP(enumSource
             -Num);
                              }
                          }
              
                          break;
              
                      case _DP_MST_BACKUP_INFO_RESTORE:
              
                          if(((ScalerDpRx0GetDpcdInfo(0x00, 0x00, 0x21) & _BIT0) == _BIT0) && (g_stDpRx0MiscInfo.b1DpRx6
             -MstEnableBackup == _TRUE))
                          {
                              // Enable MST Decode
                              ScalerSetBit(PB_01_PHY_DIG_RESET_CTRL, ~_BIT7, _BIT7);
              
                              // Restore TimeSlot Info
                              memcpy((volatile BYTE xdata *)PB5_03_STHD_CTRL_2, g_pucDpRx0MstTimeSlotBackup, sizeof(g_pu
             -cDpRx0MstTimeSlotBackup));
              
                              for(enumSourceNum = _DP_ST_SOURCE1; enumSourceNum <= _DP_ST_SOURCE5; enumSourceNum++)
                              {
                                  ScalerDpRxMstSetSourceMuxBackup(enumSourceNum, g_pucDpMacRx0MstStMuxBackup[enumSourceN
             -um]);
                              }
                          }
                          g_stDpRx0MiscInfo.b1DpRx6MstEnableBackup = _FALSE;
              
                          break;
              
                      case _DP_MST_BACKUP_INFO_RESET:
                      default:
              
                          g_stDpRx0MiscInfo.b1DpRx6MstEnableBackup = _FALSE;
              
                          break;
                  }
              }
              #endif
              
              #if(_DP_TX_SUPPORT == _ON)
              //--------------------------------------------------
              // Description  : Dp Rx HDCP - SHA circuit Run
              // Input Value  : None
              // Output Value : None
              //--------------------------------------------------
              void ScalerDpRx0HDCPAuthShaRun(bit bIsFirst)
              {
                  // Set First Run For SHA-1 Circuit
                  ScalerSetBit(PB_30_SHA_CONTRL, ~_BIT1, ((bIsFirst == _TRUE) ? _BIT1 : 0x00));
              
C51 COMPILER V9.60.0.0   SCALERDPRX0_SEPTPHY                                               09/24/2026 09:30:19 PAGE 45  

                  // Run SHA-1 Circuit
                  ScalerSetBit(PB_30_SHA_CONTRL, ~_BIT2, _BIT2);
              
                  ScalerTimerPollingFlagProc(5, PB_30_SHA_CONTRL, _BIT4, _TRUE);
              
                  // Disable First Run and Disable SHA-1 Circuit
                  ScalerSetBit(PB_30_SHA_CONTRL, ~(_BIT2 | _BIT1), 0x00);
              }
              
              //--------------------------------------------------
              // Description  : Change HDCP Auth State
              // Input Value  : Target HDCP Auth State
              // Output Value : None
              //--------------------------------------------------
              void ScalerDpRx0HDCPChangeAuthState(EnumDPRxHDCPAuthState enumHDCPAuthState)
              {
                  SET_DP_RX0_HDCP_AUTH_STATE(enumHDCPAuthState);
                  SET_DP_RX0_HDCP_AUTH_STATE_CHANGE();
              }
              //--------------------------------------------------
              // Description  : Check B info
              // Input Value  : None
              // Output Value : None
              //--------------------------------------------------
              bit ScalerDpRx0HDCPCheckBinfo(void)
              {
                  BYTE ucBInfoDevice = 0;
                  BYTE ucBInfoDepth = 0;
                  bit bBInfoDeviceExceed = _FALSE;
                  bit bBInfoDepthExceed = _FALSE;
              
              #if(_DP_HDCP_2_2_SUPPORT == _ON)
                  if(GET_DP_TX_HDCP2_CAPABLE_SUPPORTED() == _TRUE)
                  {
                      if(GET_DP_TX_HDCP2_REPEATER_SUPPORTED() == _TRUE)
                      {
                          if((GET_DP_TX_HDCP2_RXINFO_DEVICE_COUNT_EXCEED() == _TRUE) ||
                             (GET_DP_TX_HDCP2_RXINFO_DEPTH_EXCEED() == _TRUE))
                          {
                              bBInfoDeviceExceed = (GET_DP_TX_HDCP2_RXINFO_DEVICE_COUNT_EXCEED() == _TRUE) ? _TRUE : _FA
             -LSE;
                              bBInfoDepthExceed = (GET_DP_TX_HDCP2_RXINFO_DEPTH_EXCEED() == _TRUE) ? _TRUE : _FALSE;
                          }
                          else
                          {
                              ucBInfoDevice = GET_DP_TX_HDCP2_RXINFO_DEVICE_COUNT();
                              ucBInfoDepth = GET_DP_TX_HDCP2_RXINFO_DEPTH();
              
                              if(ucBInfoDevice > 125)
                              {
                                  ucBInfoDevice = 0x00;
                                  bBInfoDeviceExceed = _TRUE;
                              }
              
                              if(ucBInfoDepth > 6)
                              {
                                  ucBInfoDepth = 0x00;
                                  bBInfoDepthExceed = _TRUE;
                              }
                          }
                      }
              
C51 COMPILER V9.60.0.0   SCALERDPRX0_SEPTPHY                                               09/24/2026 09:30:19 PAGE 46  

                      if(bBInfoDeviceExceed == _FALSE)
                      {
                          ucBInfoDevice++;
                      }
                  }
                  else if(GET_DP_TX_HDCP_DOWNSTREAM_SUPPORTED() == _TRUE)
              #else
                  if(GET_DP_TX_HDCP_DOWNSTREAM_SUPPORTED() == _TRUE)
              #endif
                  {
                      if(GET_DP_TX_HDCP_DOWNSTREAM_REPEATER() == _TRUE)
                      {
                          if((GET_DP_TX_HDCP_DOWNSTREAM_DEVICE_COUNT_MAX() == _TRUE) ||
                             (GET_DP_TX_HDCP_DOWNSTREAM_DEVICE_COUNT() > _DP_TX_HDCP_DOWNSTREAM_DEVICE_COUNT_EXCEED))
                          {
                              bBInfoDeviceExceed = _TRUE;
                          }
                          else
                          {
                              ucBInfoDevice = GET_DP_TX_HDCP_DOWNSTREAM_DEVICE_COUNT();
                          }
              
                          if((GET_DP_TX_HDCP_DOWNSTREAM_DEPTH_MAX() == _TRUE) || (GET_DP_TX_HDCP_DOWNSTREAM_DEPTH() > 6)
             -)
                          {
                              bBInfoDepthExceed = _TRUE;
                          }
                          else
                          {
                              ucBInfoDepth = GET_DP_TX_HDCP_DOWNSTREAM_DEPTH();
                          }
                      }
              
                      if(bBInfoDeviceExceed == _FALSE)
                      {
                          ucBInfoDevice++;
                      }
                  }
              
                  if(bBInfoDeviceExceed == _FALSE)
                  {
              #if(_DP_HDCP14_CTS_SUPPORT == _ON)
                      if(ucBInfoDevice == 0x00)
                      {
                          ucBInfoDevice = 0x01;
                      }
              #else
                      ucBInfoDevice++;
              #endif
                  }
                  else
                  {
                      ucBInfoDevice = 0x80;
                  }
              
                  if(bBInfoDepthExceed == _FALSE)
                  {
                      ucBInfoDepth++;
                  }
                  else
                  {
                      ucBInfoDepth = 0x08;
C51 COMPILER V9.60.0.0   SCALERDPRX0_SEPTPHY                                               09/24/2026 09:30:19 PAGE 47  

                  }
              
                  ScalerDpRx0SetDpcdValue(0x06, 0x80, 0x2A, ucBInfoDevice);
                  ScalerDpRx0SetDpcdValue(0x06, 0x80, 0x2B, ucBInfoDepth);
              
                  if((ucBInfoDevice == 0x80) || (ucBInfoDepth == 0x08))
                  {
                      return _FALSE;
                  }
              
                  return _TRUE;
              }
              //--------------------------------------------------
              // Description  : Check Dp Rx HDCP Link Veriffication Pattern (0x531F) for MST Mode
              // Input Value  : None
              // Output Value : None
              //--------------------------------------------------
              bit ScalerDpRx0HDCPCheckLvp(void)
              {
                  if(((ScalerGetByte(PB_1E_HDCP_INTGT_VRF_ANS_MSB) == 0x53) || (ScalerGetByte(PB_1E_HDCP_INTGT_VRF_ANS_M
             -SB) == 0x00)) &&
                     ((ScalerGetByte(PB_1F_HDCP_INTGT_VRF_ANS_LSB) == 0x1F) || (ScalerGetByte(PB_1F_HDCP_INTGT_VRF_ANS_L
             -SB) == 0x00)))
                  {
                      return _TRUE;
                  }
              
                  return _FALSE;
              }
              //--------------------------------------------------
              // Description  : Fake HDCP Authentication
              // Input Value  : None
              // Output Value : None
              //--------------------------------------------------
              void ScalerDpRx0HDCPFakeAuthenProc(void)
              {
                  BYTE pucSHAInput[64];
              
                  // Set Device Count and Depth
                  ScalerDpRx0SetDpcdValue(0x06, 0x80, 0x2A, 0x01);
                  ScalerDpRx0SetDpcdValue(0x06, 0x80, 0x2B, 0x01);
              
                  // Load KSV
                  memcpy(pucSHAInput, g_pucHdcpAksvBackup, 5);
              
                  // Load Device Count and Depth
                  pucSHAInput[5] = ScalerDpRx0GetDpcdInfo(0x06, 0x80, 0x2A);
                  pucSHAInput[6] = ScalerDpRx0GetDpcdInfo(0x06, 0x80, 0x2B);
              
                  // Load M0'
                  for(pData[0] = 0; pData[0] < 8; pData[0]++)
                  {
                      pucSHAInput[7 + pData[0]] = ScalerGetByte(PB_2F_M0_BYTE_0 - pData[0]);
                  }
              
                  memset(&pucSHAInput[15], 0, 49);
              
                  pucSHAInput[15] = 0x80;
              
                  // Total bit numbers of SHA-1 input = KSV FIFO + B_info + M0'
                  pucSHAInput[63] = 0x78;
              
C51 COMPILER V9.60.0.0   SCALERDPRX0_SEPTPHY                                               09/24/2026 09:30:19 PAGE 48  

                  // Compute V'
                  ScalerDpRx0HDCPSha1Calculate(pucSHAInput, 0);
              
                  // Write Ksv to DPCD table
                  SET_DP_RX0_AUX_MANUAL_MODE();
              
                  for(pData[0] = 0; pData[0] < 15; pData[0]++)
                  {
                      if(pData[0] < 5)
                      {
                          ScalerDpRx0SetDpcdValue(0x06, 0x80, (0x2C + pData[0]), g_pucHdcpAksvBackup[pData[0]]);
                      }
                      else
                      {
                          ScalerDpRx0SetDpcdValue(0x06, 0x80, (0x2C + pData[0]), 0x00);
                      }
                  }
              
                  SET_DP_RX0_AUX_AUTO_MODE();
              
                  // Write V' to DPCD table
                  ScalerDpRx0HDCPLoadShaToDpcd();
              }
              //--------------------------------------------------
              // Description  : Dp Rx HDCP Auth Handler
              // Input Value  : None
              // Output Value : None
              //--------------------------------------------------
              void ScalerDpRx0HDCPHandler(void)
              {
              #if(_DP_HDCP_2_2_SUPPORT == _ON)
                  if((GET_DP_RX0_HDCP2_MODE() == _DISABLE) && (GET_DP_RX0_HDCP_REPEATER_SUPPORT() == _TRUE))
              #else
                  if(GET_DP_RX0_HDCP_REPEATER_SUPPORT() == _TRUE)
              #endif
                  {
                      // After receiving AKSV, handler must initialize authentication
                      if(GET_DP_RX0_HDCP_AUTH_AKSV_WRITTEN() == _TRUE)
                      {
                          CLR_DP_RX0_HDCP_AUTH_AKSV_WRITTEN();
                          CLR_DP_RX0_HDCP_AUTH_CPIRQ_TIMRE();
                          SET_DP_RX0_HDCP_REPEATER_AUTH_1_START();
              
                          ScalerDpRx0HDCPChangeAuthState(_DP_RX_HDCP_STATE_IDLE);
              
              #if(_DP_HDCP_2_2_SUPPORT == _ON)
                          ScalerDpRx0Hdcp2ChangeAuthState(_DP_RX_HDCP2_REPEATER_STATE_IDLE);
              #endif
              
                          ScalerTimerCancelTimerEvent(_SCALER_TIMER_EVENT_DP_RX0_HDCP_CPIRQ_EVENT);
                      }
              
                      if(GET_DP_RX_HDCP_UPSTREAM_PORT() == _HDCP_D0_PORT)
                      {
                          // In MST mode
                          if(ScalerDpGetSrcMstEnable(_D0_INPUT_PORT) == _ENABLE)
                          {
                              if((ScalerDpRx0HdcpCheckValid() == _TRUE) && (GET_DP_RX0_HDCP_AUTH_CPIRQ_TIMRE() == _FALSE
             -))
                              {
                                  if(ScalerDpRx0HDCPCheckLvp() == _FALSE)
                                  {
C51 COMPILER V9.60.0.0   SCALERDPRX0_SEPTPHY                                               09/24/2026 09:30:19 PAGE 49  

                                      SET_DP_RX0_HDCP_AUTH_CPIRQ_TIMRE();
              
                                      ScalerDpRx0CpIRQ(_DP_HDCP_BSTATUS_LINK_INTEGRITY_FAIL);
              
                                      ScalerTimerActiveTimerEvent(SEC(0.02), _SCALER_TIMER_EVENT_DP_RX0_HDCP_CPIRQ_EVENT
             -);
                                  }
                              }
                          }
                          else
                          {
                              // In SST mode, issue HPD event for upstream device if DPTX connect a new downstream devic
             -e.
              #if(_DP_HDCP14_CTS_SUPPORT == _ON)
                              if((GET_DP_RX0_HDCP_AUTH_STATE() != _DP_RX_HDCP_STATE_IDLE) &&
                                 (ScalerDpRx0HDCPCheckLvp() == _TRUE))
              #else
                              if((GET_DP_RX0_HDCP_AUTH_STATE() != _DP_RX_HDCP_STATE_IDLE) &&
                                 (ScalerDpRx0HdcpCheckValid() == _TRUE) &&
                                 (ScalerDpRx0HDCPCheckLvp() == _TRUE))
              #endif
                              {
              #if(_DP_HDCP_2_2_SUPPORT == _ON)
                                  if((GET_DP_TX_HDCP2_CAPABLE_SUPPORTED() == _TRUE) && (GET_DP_TX_HDCP2_VERSION_SUPPORTE
             -D() == _TRUE))
                                  {
                                      if(GET_DP_TX_HDCP2_DOWNSTREAM_EVENT() == _DP_TX_HDCP2_DOWNSTREAM_AUTH_EVENT_REAUTH
             -)
                                      {
                                          ScalerDpRx0SetHotPlugEvent(_DP_HDCP_LONG_HPD_EVENT);
                                      }
                                  }
                                  else if(GET_DP_TX_HDCP_DOWNSTREAM_SUPPORTED() == _TRUE)
              #else
                                  if(GET_DP_TX_HDCP_DOWNSTREAM_SUPPORTED() == _TRUE)
              #endif
                                  {
                                      if(GET_DP_TX_HDCP_DOWNSTREAM_EVENT() == _DP_TX_HDCP_DOWNSTREAM_AUTH_EVENT_REAUTH)
                                      {
                                          ScalerDpRx0SetHotPlugEvent(_DP_HDCP_LONG_HPD_EVENT);
                                      }
                                  }
                              }
                          }
                      }
              
                      if((GET_DP_RX0_HDCP_AUTH_STATE() != _DP_RX_HDCP_STATE_IDLE) && (GET_DP_RX0_LINK_TRAINING_STATUS() 
             -== _DP_LINK_TRAINING_NONE))
                      {
                          ScalerDpRx0HDCPChangeAuthState(_DP_RX_HDCP_STATE_IDLE);
                      }
              
              #if(_DP_HDCP_2_2_SUPPORT == _ON)
                      if((GET_DP_TX_HDCP2_CAPABLE_SUPPORTED() == _TRUE) && (GET_DP_TX_HDCP2_VERSION_SUPPORTED() == _TRUE
             -))
                      {
                          if((ScalerDpRx0HdcpCheckValid() == _TRUE) &&
                             (GET_DP_RX0_HDCP_AUTH_STATE() >= _DP_RX_HDCP_STATE_AUTH_2) &&
                             (GET_DP_TX_HDCP2_MODE() == _TRUE))
                          {
                              SET_DP_RX0_HDCP2_HDCP1_CONTENT_STREAM_MANAGEMENT();
                          }
C51 COMPILER V9.60.0.0   SCALERDPRX0_SEPTPHY                                               09/24/2026 09:30:19 PAGE 50  

                      }
              #endif
                  }
              
                  switch(GET_DP_RX0_HDCP_AUTH_STATE())
                  {
                      case _DP_RX_HDCP_STATE_IDLE:
              
                          if(GET_DP_RX0_HDCP_AUTH_STATE_CHANGE() == _TRUE)
                          {
                              CLR_DP_RX0_HDCP_AUTH_STATE_CHANGE();
                              CLR_DP_RX0_HDCP_AUTH_REPEATER_PROC_TIMEOUT();
                              CLR_DP_RX0_HDCP_AUTH_CPIRQ_TIMRE();
              
              #if(_DP_HDCP_2_2_SUPPORT == _ON)
                              CLR_DP_RX0_HDCP2_HDCP1_CONTENT_STREAM_MANAGEMENT();
              #endif
              
                              ScalerTimerCancelTimerEvent(_SCALER_TIMER_EVENT_DP_RX0_HDCP_REPEATER_PROC_TIMEOUT);
                              ScalerTimerCancelTimerEvent(_SCALER_TIMER_EVENT_DP_RX0_HDCP_READ_IRQ_TIMEOUT);
                              ScalerTimerCancelTimerEvent(_SCALER_TIMER_EVENT_DP_RX0_HDCP_CPIRQ_EVENT);
              
                              ScalerDpRx0HDCPEnableReadIrq(_DISABLE);
              
              #if(_DP_HDCP14_CTS_SUPPORT == _ON)
                              ScalerDpTxHDCPResetKsvBackup();
              #endif
              
                              SET_DP_RX0_HDCP_UPSTREAM_EVENT(_DP_RX_HDCP_UPSTREAM_AUTH_EVENT_STOP_ENCRYPTION);
                          }
              
              #if(_DP_HDCP_2_2_SUPPORT == _ON)
                          if((GET_DP_RX0_HDCP2_MODE() == _DISABLE) && (GET_DP_RX0_HDCP_REPEATER_SUPPORT() == _TRUE))
              #else
                          if(GET_DP_RX0_HDCP_REPEATER_SUPPORT() == _TRUE)
              #endif
                          {
                              // Check if R0' was read already by upstream device.
                              if((ScalerGetBit(PB_20_HDCP_DEBUG, (_BIT7 | _BIT5)) == (_BIT7 | _BIT5)) &&
                                 ((ScalerDpRx0GetDpcdInfo(0x06, 0x80, 0x05) != 0x00) || (ScalerDpRx0GetDpcdInfo(0x06, 0x
             -80, 0x06) != 0x00)) &&
                                 ((ScalerDpRx0GetDpcdInfo(0x06, 0x80, 0x29) & _DP_HDCP_BSTATUS_R0_AVAILABLE) == 0x00) &&
                                 (GET_DP_RX0_HDCP_REPEATER_AUTH_1_START() == _TRUE))
                              {
                                  CLR_DP_RX0_HDCP_REPEATER_AUTH_1_START();
              
                                  ScalerDpRx0HDCPChangeAuthState(_DP_RX_HDCP_STATE_AUTH_1);
                              }
                          }
              
                          break;
              
                      case _DP_RX_HDCP_STATE_AUTH_1:
              
                          if(GET_DP_RX0_HDCP_AUTH_STATE_CHANGE() == _TRUE)
                          {
                              CLR_DP_RX0_HDCP_AUTH_STATE_CHANGE();
              
                              if(GET_DP_RX_HDCP_UPSTREAM_PORT() == _HDCP_D0_PORT)
                              {
                                  // Check if downstream device support HDCP capability.
              #if(_DP_HDCP_2_2_SUPPORT == _ON)
C51 COMPILER V9.60.0.0   SCALERDPRX0_SEPTPHY                                               09/24/2026 09:30:19 PAGE 51  

                                  if((GET_DP_TX_HDCP2_CAPABLE_SUPPORTED() == _TRUE) && (GET_DP_TX_HDCP2_VERSION_SUPPORTE
             -D() == _TRUE))
                                  {
                                      // Issue event to make DPTX start HDCP2 handshake.
                                      SET_DP_RX0_HDCP2_UPSTREAM_EVENT(_DP_RX_HDCP2_UPSTREAM_AUTH_EVENT_START_HANDSHAKE);
              
                                      ScalerTimerActiveTimerEvent(SEC(6), _SCALER_TIMER_EVENT_DP_RX0_HDCP_REPEATER_PROC_
             -TIMEOUT);
                                  }
                                  else if(GET_DP_TX_HDCP_DOWNSTREAM_SUPPORTED() == _TRUE)
              #else
                                  if(GET_DP_TX_HDCP_DOWNSTREAM_SUPPORTED() == _TRUE)
              #endif
                                  {
                                      // Issue event to make DPTX start HDCP handshake.
                                      SET_DP_RX0_HDCP_UPSTREAM_EVENT(_DP_RX_HDCP_UPSTREAM_AUTH_EVENT_R0_PASS);
              
                                      ScalerTimerActiveTimerEvent(SEC(6), _SCALER_TIMER_EVENT_DP_RX0_HDCP_REPEATER_PROC_
             -TIMEOUT);
                                  }
                                  else
                                  {
                                      ScalerDpRx0HDCPChangeAuthState(_DP_RX_HDCP_STATE_AUTH_2);
                                  }
                              }
                              else
                              {
                                  ScalerDpRx0HDCPChangeAuthState(_DP_RX_HDCP_STATE_AUTH_FAKE);
                              }
                          }
              
                          // Wait for downstream pass event or device/depth max event
              #if(_DP_HDCP_2_2_SUPPORT == _ON)
                          if((GET_DP_TX_HDCP2_DOWNSTREAM_EVENT() == _DP_TX_HDCP2_DOWNSTREAM_AUTH_EVENT_PASS) ||
                             (GET_DP_TX_HDCP2_DOWNSTREAM_EVENT() == _DP_TX_HDCP2_DOWNSTREAM_AUTH_EVENT_DEVICE_DEPTH_EXCE
             -ED) ||
                             (GET_DP_TX_HDCP_DOWNSTREAM_EVENT() == _DP_TX_HDCP_DOWNSTREAM_AUTH_EVENT_PASS) ||
                             (GET_DP_TX_HDCP_DOWNSTREAM_EVENT() == _DP_TX_HDCP_DOWNSTREAM_AUTH_EVENT_DEVICE_DEPTH_MAX))
              #else
                          if((GET_DP_TX_HDCP_DOWNSTREAM_EVENT() == _DP_TX_HDCP_DOWNSTREAM_AUTH_EVENT_PASS) ||
                             (GET_DP_TX_HDCP_DOWNSTREAM_EVENT() == _DP_TX_HDCP_DOWNSTREAM_AUTH_EVENT_DEVICE_DEPTH_MAX))
              #endif
                          {
                              ScalerTimerCancelTimerEvent(_SCALER_TIMER_EVENT_DP_RX0_HDCP_REPEATER_PROC_TIMEOUT);
              
                              ScalerDpRx0HDCPChangeAuthState(_DP_RX_HDCP_STATE_AUTH_2);
                          }
                          else if(GET_DP_RX0_HDCP_AUTH_REPEATER_PROC_TIMEOUT() == _TRUE)
                          {
                              CLR_DP_RX0_HDCP_AUTH_REPEATER_PROC_TIMEOUT();
              
              #if(_DP_HDCP_2_2_SUPPORT == _ON)
                              if((GET_DP_TX_HDCP2_CAPABLE_SUPPORTED() == _TRUE) && (GET_DP_TX_HDCP2_VERSION_SUPPORTED() 
             -== _TRUE))
                              {
                                  SET_DP_RX0_HDCP2_UPSTREAM_EVENT(_DP_RX_HDCP2_UPSTREAM_AUTH_EVENT_TIMEOUT);
                              }
                              else if(GET_DP_TX_HDCP_DOWNSTREAM_SUPPORTED() == _TRUE)
              #else
                              if(GET_DP_TX_HDCP_DOWNSTREAM_SUPPORTED() == _TRUE)
              #endif
                              {
C51 COMPILER V9.60.0.0   SCALERDPRX0_SEPTPHY                                               09/24/2026 09:30:19 PAGE 52  

                                  SET_DP_RX0_HDCP_UPSTREAM_EVENT(_DP_RX_HDCP_UPSTREAM_AUTH_EVENT_TIMEOUT);
                              }
              
                              ScalerDpRx0HDCPChangeAuthState(_DP_RX_HDCP_STATE_AUTH_DONE);
                          }
              
                          break;
              
                      case _DP_RX_HDCP_STATE_AUTH_2:
              
                          if(GET_DP_RX0_HDCP_AUTH_STATE_CHANGE() == _TRUE)
                          {
                              CLR_DP_RX0_HDCP_AUTH_STATE_CHANGE();
                          }
              
                          if(ScalerDpRx0HDCPCheckBinfo() == _TRUE)
                          {
                              // Load KSV List to RX KSV FIFO
                              ScalerDpRx0HDCPLoadKsvFifo();
              
                              // Input KSV FIFO to SHA-1 and Compute V'
                              ScalerDpRx0HDCPWriteShaInput();
              
                              // Write V' into DPCD table
                              ScalerDpRx0HDCPLoadShaToDpcd();
              
                              // Set 1st KSV FIFO to DPCD table
                              ScalerDpRx0HDCPSetKsvFifoFirst();
              
                              // Enable 68xxx Read INT
                              ScalerDpRx0HDCPEnableReadIrq(_ENABLE);
              
                              ScalerTimerActiveTimerEvent(SEC(5), _SCALER_TIMER_EVENT_DP_RX0_HDCP_READ_IRQ_TIMEOUT);
                          }
              
                          if(GET_DP_RX0_HDCP_AUTH_AKSV_WRITTEN() == _FALSE)
                          {
                              // Set V' Ready Bit and Issue CP_IRQ
                              ScalerDpRx0CpIRQ(_DP_HDCP_BSTATUS_V_READY);
                          }
              
                          ScalerDpRx0HDCPChangeAuthState(_DP_RX_HDCP_STATE_AUTH_DONE);
              
                          break;
              
                      case _DP_RX_HDCP_STATE_AUTH_FAKE:
              
                          if(GET_DP_RX0_HDCP_AUTH_STATE_CHANGE() == _TRUE)
                          {
                              CLR_DP_RX0_HDCP_AUTH_STATE_CHANGE();
                          }
              
                          // Enable 68xxx Read INT
                          ScalerDpRx0HDCPEnableReadIrq(_DISABLE);
              
                          // Fake Authentication
                          ScalerDpRx0HDCPFakeAuthenProc();
              
                          // Set V' Ready Bit and Issue CP_IRQ
                          ScalerDpRx0CpIRQ(_DP_HDCP_BSTATUS_V_READY);
              
                          ScalerDpRx0HDCPChangeAuthState(_DP_RX_HDCP_STATE_AUTH_DONE);
C51 COMPILER V9.60.0.0   SCALERDPRX0_SEPTPHY                                               09/24/2026 09:30:19 PAGE 53  

              
                          break;
              
                      case _DP_RX_HDCP_STATE_AUTH_DONE:
              
                          if(GET_DP_RX0_HDCP_AUTH_STATE_CHANGE() == _TRUE)
                          {
                              CLR_DP_RX0_HDCP_AUTH_STATE_CHANGE();
                          }
              
              #if(_DP_HDCP14_CTS_SUPPORT == _ON)
                          if(GET_DP_TX_HDCP_DOWNSTREAM_EVENT() == _DP_TX_HDCP_DOWNSTREAM_AUTH_EVENT_PASS)
                          {
                              // In SST mode
                              if((ScalerDpRx0GetDpcdInfo(0x00, 0x01, 0x11) & _BIT0) == 0x00)
                              {
                                  if((ScalerDpRx0HDCPDeviceCountChange() == _TRUE) &&
                                     (ScalerDpRx0HdcpCheckValid() == _TRUE) &&
                                     (ScalerDpRx0HDCPCheckLvp() == _TRUE))
                                  {
                                      ScalerDpRx0SetHotPlugEvent(_DP_HDCP_LONG_HPD_EVENT);
                                  }
                              }
                          }
              #endif
              
                          if(GET_DP_RX0_HDCP_AUTH_READ_IRQ_TIMEOUT() == _TRUE)
                          {
                              ScalerDpRx0HDCPEnableReadIrq(_DISABLE);
                          }
              
                          break;
              
                      default:
              
                          break;
                  }
              }
              //--------------------------------------------------
              // Description  : Load KSV List to Rx KSV FIFO
              // Input Value  : None
              // Output Value : None
              //--------------------------------------------------
              void ScalerDpRx0HDCPLoadKsvFifo(void)
              {
                  bit bLoadAksv = _TRUE;
              
                  PDATA_WORD(0) = 0;
                  PDATA_WORD(1) = 0;
              
              #if(_DP_HDCP_2_2_SUPPORT == _ON)
                  if(GET_DP_TX_HDCP2_CAPABLE_SUPPORTED() == _TRUE)
                  {
                      if(GET_DP_TX_HDCP2_REPEATER_SUPPORTED() == _TRUE)
                      {
                          PDATA_WORD(1) = GET_DP_TX_HDCP2_RXINFO_DEVICE_COUNT() * 5;
              
                          memcpy(g_pucDpTxHdcpKsvFifo, g_pucDpTxHdcp2ReceiverIdList, PDATA_WORD(1));
                      }
              
                      memcpy(&g_pucDpTxHdcpKsvFifo[PDATA_WORD(1)], g_pucDpTxHdcp2ReceiverId, 5);
                      PDATA_WORD(1) += 5;
C51 COMPILER V9.60.0.0   SCALERDPRX0_SEPTPHY                                               09/24/2026 09:30:19 PAGE 54  

              
              #if(_DP_HDCP14_CTS_SUPPORT == _ON)
                      bLoadAksv = _FALSE;
              #endif
                  }
                  else if(GET_DP_TX_HDCP_DOWNSTREAM_SUPPORTED() == _TRUE)
              #else
                  if(GET_DP_TX_HDCP_DOWNSTREAM_SUPPORTED() == _TRUE)
              #endif
                  {
                      if(GET_DP_TX_HDCP_DOWNSTREAM_REPEATER() == _TRUE)
                      {
                          PDATA_WORD(1) = (WORD) GET_DP_TX_HDCP_DOWNSTREAM_DEVICE_COUNT() * 5;
                      }
              
              #if(_DP_HDCP14_CTS_SUPPORT == _ON)
                      // Backup BKSV of Downstream Device
                      memcpy(g_pucDpTxHdcpKsvBackup, (volatile BYTE xdata *)PBB_4F_BKSV_0, 5);
              #endif
              
                      memcpy(&g_pucDpTxHdcpKsvFifo[PDATA_WORD(1)], (volatile BYTE xdata *)PBB_4F_BKSV_0, 5);
                      PDATA_WORD(1) += 5;
              
              #if(_DP_HDCP14_CTS_SUPPORT == _ON)
                      bLoadAksv = _FALSE;
              #endif
                  }
              
                  if(bLoadAksv == _TRUE)
                  {
                      // Load KSV of TX into KSV FIFO
                      memcpy(&g_pucDpTxHdcpKsvFifo[PDATA_WORD(1)], g_pucHdcpAksvBackup, 5);
                      PDATA_WORD(1) += 5;
                  }
              
                  for(PDATA_WORD(0) = PDATA_WORD(1); PDATA_WORD(0) < ((WORD) _DP_TX_HDCP_DEVICE_COUNT_MAX * 5); PDATA_WO
             -RD(0)++)
                  {
                      g_pucDpTxHdcpKsvFifo[PDATA_WORD(0)] = 0x00;
                  }
              }
              //--------------------------------------------------
              // Description  : Dp Rx HDCP - Load SHA Result to DPCD table
              // Input Value  : None
              // Output Value : None
              //--------------------------------------------------
              void ScalerDpRx0HDCPLoadShaToDpcd(void)
              {
                  SET_DP_RX0_AUX_MANUAL_MODE();
              
                  for(pData[0] = 0; pData[0] < 5; pData[0]++)
                  {
                      for(pData[1] = 0; pData[1] < 4; pData[1]++)
                      {
                          ScalerDpRx0SetDpcdValue(0x06, 0x80, (0x14 + (pData[0] * 4) + pData[1]), ScalerGetByte(PB_39_SH
             -A_3 + (pData[0] * 4) - pData[1]));
                      }
                  }
              
                  SET_DP_RX0_AUX_AUTO_MODE();
              }
              //--------------------------------------------------
C51 COMPILER V9.60.0.0   SCALERDPRX0_SEPTPHY                                               09/24/2026 09:30:19 PAGE 55  

              // Description  : Load KSV List to Rx KSV FIFO
              // Input Value  : None
              // Output Value : None
              //--------------------------------------------------
              void ScalerDpRx0HDCPSetKsvFifoFirst(void)
              {
                  SET_DP_RX0_AUX_MANUAL_MODE();
              
                  for(g_usDpRx0HdcpKsvFifoOffset = 0; g_usDpRx0HdcpKsvFifoOffset < 15; g_usDpRx0HdcpKsvFifoOffset++)
                  {
                      ScalerDpRx0SetDpcdValue(0x06, 0x80, (0x2C + g_usDpRx0HdcpKsvFifoOffset), g_pucDpTxHdcpKsvFifo[g_us
             -DpRx0HdcpKsvFifoOffset]);
                  }
              
                  // Aux HW Control
                  SET_DP_RX0_AUX_AUTO_MODE();
              }
              //--------------------------------------------------
              // Description  : Set HDCP Read IRQ Timeout
              // Input Value  : None
              // Output Value : None
              //--------------------------------------------------
              void ScalerDpRx0HDCPSetReadIrqTimeout(void)
              {
                  SET_DP_RX0_HDCP_AUTH_READ_IRQ_TIMEOUT();
              }
              //--------------------------------------------------
              // Description  : Set HDCP Repeater Proc Timeout
              // Input Value  : None
              // Output Value : None
              //--------------------------------------------------
              void ScalerDpRx0HDCPSetRepeaterProcTimeout(void)
              {
                  SET_DP_RX0_HDCP_AUTH_REPEATER_PROC_TIMEOUT();
              }
              //--------------------------------------------------
              // Description  : Calculate SHA-1 Input
              // Input Value  : Inpute Array, First Run
              // Output Value : None
              //--------------------------------------------------
              void ScalerDpRx0HDCPSha1Calculate(BYTE *pucInputArray, BYTE ucCalCount)
              {
                  BYTE ucLoopIndex = 0;
              
                  // Reset SHA Block counter
                  ScalerSetBit(PB_30_SHA_CONTRL, ~_BIT3, _BIT3);
              
                  // Start to Write SHA-1 Transform Input
                  ScalerSetBit(PB_30_SHA_CONTRL, ~_BIT3, 0x00);
              
                  // Write SHA-1 Input Data, Total 512 bits
                  for(pData[1] = 0; pData[1] < 16; pData[1]++)
                  {
                      ScalerSetByte(PB_31_SHA_DATA1, pucInputArray[pData[1] * 4]);
                      ScalerSetByte(PB_32_SHA_DATA2, pucInputArray[1 + pData[1] * 4]);
                      ScalerSetByte(PB_33_SHA_DATA3, pucInputArray[2 + pData[1] * 4]);
                      ScalerSetByte(PB_34_SHA_DATA4, pucInputArray[3 + pData[1] * 4]);
              
                      // Enable write 32-bit data to SHA-1 block
                      ScalerSetBit(PB_30_SHA_CONTRL, ~_BIT0, _BIT0);
              
                      // Delay(810ns) for HW SHA data write_in
C51 COMPILER V9.60.0.0   SCALERDPRX0_SEPTPHY                                               09/24/2026 09:30:19 PAGE 56  

                      for(ucLoopIndex = 0; ucLoopIndex < 1; ucLoopIndex ++)
                      {
                          _nop_();
                      }
                  }
              
                  ScalerDpRx0HDCPAuthShaRun(((ucCalCount == 0x00) ? _TRUE : _FALSE));
              }
              //--------------------------------------------------
              // Description  : Load KSV FIFO to SHA-1 Input
              // Input Value  : None
              // Output Value : None
              //--------------------------------------------------
              void ScalerDpRx0HDCPWriteShaInput(void)
              {
                  WORD usKsvFifoLength = 0;
                  WORD usShaInputBitNumbers = 0;
                  WORD usKsvLengthTemp = 0;
                  BYTE ucLoopIndex = 0;
              
                  usKsvFifoLength = (WORD) ScalerDpRx0GetDpcdInfo(0x06, 0x80, 0x2A) * 5;
              
                  // Total bit numbers of SHA-1 input = KSV FIFO + B_info + M0'
                  usShaInputBitNumbers = (usKsvFifoLength + 2 + 8) * 8;
              
                  // Reset SHA Block counter
                  ScalerSetBit(PB_30_SHA_CONTRL, ~_BIT3, _BIT3);
              
                  // Start to Write SHA-1 Transform Input
                  ScalerSetBit(PB_30_SHA_CONTRL, ~_BIT3, 0x00);
              
                  // Write the KSV List into SHA-1 Transform Input
                  do
                  {
                      ScalerSetByte(PB_31_SHA_DATA1, g_pucDpTxHdcpKsvFifo[usKsvLengthTemp]);
                      ScalerSetByte(PB_32_SHA_DATA2, g_pucDpTxHdcpKsvFifo[usKsvLengthTemp + 1]);
                      ScalerSetByte(PB_33_SHA_DATA3, g_pucDpTxHdcpKsvFifo[usKsvLengthTemp + 2]);
                      ScalerSetByte(PB_34_SHA_DATA4, g_pucDpTxHdcpKsvFifo[usKsvLengthTemp + 3]);
              
                      // Enable write 32-bit data to SHA-1 block
                      ScalerSetBit(PB_30_SHA_CONTRL, ~_BIT0, _BIT0);
              
                      // Delay(810ns) for HW SHA data write_in
                      for(ucLoopIndex = 0; ucLoopIndex < 1; ucLoopIndex ++)
                      {
                          _nop_();
                      }
              
                      usKsvLengthTemp += 4;
              
                      if((usKsvLengthTemp % _DP_HDCP_SHA1_INPUT_SIZE) == 0)
                      {
                          ScalerDpRx0HDCPAuthShaRun((usKsvLengthTemp == _DP_HDCP_SHA1_INPUT_SIZE) ? _TRUE : _FALSE);
                      }
                  }
                  while((usKsvFifoLength - usKsvLengthTemp) >= 4);
              
                  // Write the remaining KSV, B info and M0' into SHA-1 Transform Input
                  switch(usKsvFifoLength - usKsvLengthTemp)
                  {
                      case 1:
              
C51 COMPILER V9.60.0.0   SCALERDPRX0_SEPTPHY                                               09/24/2026 09:30:19 PAGE 57  

                          ScalerSetByte(PB_31_SHA_DATA1, g_pucDpTxHdcpKsvFifo[usKsvLengthTemp]);
                          ScalerSetByte(PB_32_SHA_DATA2, ScalerDpRx0GetDpcdInfo(0x06, 0x80, 0x2A));
                          ScalerSetByte(PB_33_SHA_DATA3, ScalerDpRx0GetDpcdInfo(0x06, 0x80, 0x2B));
                          ScalerSetByte(PB_34_SHA_DATA4, GET_DP_RX0_HDCP_M0_0());
              
                          // Enable write 32-bit data to SHA-1 block
                          ScalerSetBit(PB_30_SHA_CONTRL, ~_BIT0, _BIT0);
              
                          // Delay(810ns) for HW SHA data write_in
                          for(ucLoopIndex = 0; ucLoopIndex < 1; ucLoopIndex ++)
                          {
                              _nop_();
                          }
              
                          usKsvLengthTemp += 4;
              
                          if((usKsvLengthTemp % _DP_HDCP_SHA1_INPUT_SIZE) == 0)
                          {
                              ScalerDpRx0HDCPAuthShaRun((usKsvLengthTemp == _DP_HDCP_SHA1_INPUT_SIZE) ? _TRUE : _FALSE);
                          }
              
                          ScalerSetByte(PB_31_SHA_DATA1, GET_DP_RX0_HDCP_M0_1());
                          ScalerSetByte(PB_32_SHA_DATA2, GET_DP_RX0_HDCP_M0_2());
                          ScalerSetByte(PB_33_SHA_DATA3, GET_DP_RX0_HDCP_M0_3());
                          ScalerSetByte(PB_34_SHA_DATA4, GET_DP_RX0_HDCP_M0_4());
              
                          // Enable write 32-bit data to SHA-1 block
                          ScalerSetBit(PB_30_SHA_CONTRL, ~_BIT0, _BIT0);
              
                          // Delay(810ns) for HW SHA data write_in
                          for(ucLoopIndex = 0; ucLoopIndex < 1; ucLoopIndex ++)
                          {
                              _nop_();
                          }
              
                          usKsvLengthTemp += 4;
              
                          if((usKsvLengthTemp % _DP_HDCP_SHA1_INPUT_SIZE) == 0)
                          {
                              ScalerDpRx0HDCPAuthShaRun((usKsvLengthTemp == _DP_HDCP_SHA1_INPUT_SIZE) ? _TRUE : _FALSE);
                          }
              
                          ScalerSetByte(PB_31_SHA_DATA1, GET_DP_RX0_HDCP_M0_5());
                          ScalerSetByte(PB_32_SHA_DATA2, GET_DP_RX0_HDCP_M0_6());
                          ScalerSetByte(PB_33_SHA_DATA3, GET_DP_RX0_HDCP_M0_7());
                          ScalerSetByte(PB_34_SHA_DATA4, 0x80);
              
                          // Enable write 32-bit data to SHA-1 block
                          ScalerSetBit(PB_30_SHA_CONTRL, ~_BIT0, _BIT0);
              
                          // Delay(810ns) for HW SHA data write_in
                          for(ucLoopIndex = 0; ucLoopIndex < 1; ucLoopIndex ++)
                          {
                              _nop_();
                          }
              
                          usKsvLengthTemp += 4;
              
                          if((usKsvLengthTemp % _DP_HDCP_SHA1_INPUT_SIZE) == 0)
                          {
                              ScalerDpRx0HDCPAuthShaRun((usKsvLengthTemp == _DP_HDCP_SHA1_INPUT_SIZE) ? _TRUE : _FALSE);
                          }
C51 COMPILER V9.60.0.0   SCALERDPRX0_SEPTPHY                                               09/24/2026 09:30:19 PAGE 58  

              
                          break;
              
                      case 2:
              
                          ScalerSetByte(PB_31_SHA_DATA1, g_pucDpTxHdcpKsvFifo[usKsvLengthTemp]);
                          ScalerSetByte(PB_32_SHA_DATA2, g_pucDpTxHdcpKsvFifo[usKsvLengthTemp + 1]);
                          ScalerSetByte(PB_33_SHA_DATA3, ScalerDpRx0GetDpcdInfo(0x06, 0x80, 0x2A));
                          ScalerSetByte(PB_34_SHA_DATA4, ScalerDpRx0GetDpcdInfo(0x06, 0x80, 0x2B));
              
                          // Enable write 32-bit data to SHA-1 block
                          ScalerSetBit(PB_30_SHA_CONTRL, ~_BIT0, _BIT0);
              
                          // Delay(810ns) for HW SHA data write_in
                          for(ucLoopIndex = 0; ucLoopIndex < 1; ucLoopIndex ++)
                          {
                              _nop_();
                          }
              
                          usKsvLengthTemp += 4;
              
                          if((usKsvLengthTemp % _DP_HDCP_SHA1_INPUT_SIZE) == 0)
                          {
                              ScalerDpRx0HDCPAuthShaRun((usKsvLengthTemp == _DP_HDCP_SHA1_INPUT_SIZE) ? _TRUE : _FALSE);
                          }
              
                          ScalerSetByte(PB_31_SHA_DATA1, GET_DP_RX0_HDCP_M0_0());
                          ScalerSetByte(PB_32_SHA_DATA2, GET_DP_RX0_HDCP_M0_1());
                          ScalerSetByte(PB_33_SHA_DATA3, GET_DP_RX0_HDCP_M0_2());
                          ScalerSetByte(PB_34_SHA_DATA4, GET_DP_RX0_HDCP_M0_3());
              
                          // Enable write 32-bit data to SHA-1 block
                          ScalerSetBit(PB_30_SHA_CONTRL, ~_BIT0, _BIT0);
              
                          // Delay(810ns) for HW SHA data write_in
                          for(ucLoopIndex = 0; ucLoopIndex < 1; ucLoopIndex ++)
                          {
                              _nop_();
                          }
              
                          usKsvLengthTemp += 4;
              
                          if((usKsvLengthTemp % _DP_HDCP_SHA1_INPUT_SIZE) == 0)
                          {
                              ScalerDpRx0HDCPAuthShaRun((usKsvLengthTemp == _DP_HDCP_SHA1_INPUT_SIZE) ? _TRUE : _FALSE);
                          }
              
                          ScalerSetByte(PB_31_SHA_DATA1, GET_DP_RX0_HDCP_M0_4());
                          ScalerSetByte(PB_32_SHA_DATA2, GET_DP_RX0_HDCP_M0_5());
                          ScalerSetByte(PB_33_SHA_DATA3, GET_DP_RX0_HDCP_M0_6());
                          ScalerSetByte(PB_34_SHA_DATA4, GET_DP_RX0_HDCP_M0_7());
              
                          // Enable write 32-bit data to SHA-1 block
                          ScalerSetBit(PB_30_SHA_CONTRL, ~_BIT0, _BIT0);
              
                          // Delay(810ns) for HW SHA data write_in
                          for(ucLoopIndex = 0; ucLoopIndex < 1; ucLoopIndex ++)
                          {
                              _nop_();
                          }
              
                          usKsvLengthTemp += 4;
C51 COMPILER V9.60.0.0   SCALERDPRX0_SEPTPHY                                               09/24/2026 09:30:19 PAGE 59  

              
                          if((usKsvLengthTemp % _DP_HDCP_SHA1_INPUT_SIZE) == 0)
                          {
                              ScalerDpRx0HDCPAuthShaRun((usKsvLengthTemp == _DP_HDCP_SHA1_INPUT_SIZE) ? _TRUE : _FALSE);
                          }
              
                          ScalerSetByte(PB_31_SHA_DATA1, 0x80);
                          ScalerSetByte(PB_32_SHA_DATA2, 0x00);
                          ScalerSetByte(PB_33_SHA_DATA3, 0x00);
                          ScalerSetByte(PB_34_SHA_DATA4, 0x00);
              
                          // Enable write 32-bit data to SHA-1 block
                          ScalerSetBit(PB_30_SHA_CONTRL, ~_BIT0, _BIT0);
              
                          // Delay(810ns) for HW SHA data write_in
                          for(ucLoopIndex = 0; ucLoopIndex < 1; ucLoopIndex ++)
                          {
                              _nop_();
                          }
              
                          usKsvLengthTemp += 4;
              
                          if((usKsvLengthTemp % _DP_HDCP_SHA1_INPUT_SIZE) == 0)
                          {
                              ScalerDpRx0HDCPAuthShaRun((usKsvLengthTemp == _DP_HDCP_SHA1_INPUT_SIZE) ? _TRUE : _FALSE);
                          }
              
                          break;
              
                      case 3:
              
                          ScalerSetByte(PB_31_SHA_DATA1, g_pucDpTxHdcpKsvFifo[usKsvLengthTemp]);
                          ScalerSetByte(PB_32_SHA_DATA2, g_pucDpTxHdcpKsvFifo[usKsvLengthTemp + 1]);
                          ScalerSetByte(PB_33_SHA_DATA3, g_pucDpTxHdcpKsvFifo[usKsvLengthTemp + 2]);
                          ScalerSetByte(PB_34_SHA_DATA4, ScalerDpRx0GetDpcdInfo(0x06, 0x80, 0x2A));
              
                          // Enable write 32-bit data to SHA-1 block
                          ScalerSetBit(PB_30_SHA_CONTRL, ~_BIT0, _BIT0);
              
                          // Delay(810ns) for HW SHA data write_in
                          for(ucLoopIndex = 0; ucLoopIndex < 1; ucLoopIndex ++)
                          {
                              _nop_();
                          }
              
                          usKsvLengthTemp += 4;
              
                          if((usKsvLengthTemp % _DP_HDCP_SHA1_INPUT_SIZE) == 0)
                          {
                              ScalerDpRx0HDCPAuthShaRun((usKsvLengthTemp == _DP_HDCP_SHA1_INPUT_SIZE) ? _TRUE : _FALSE);
                          }
              
                          ScalerSetByte(PB_31_SHA_DATA1, ScalerDpRx0GetDpcdInfo(0x06, 0x80, 0x2B));
                          ScalerSetByte(PB_32_SHA_DATA2, GET_DP_RX0_HDCP_M0_0());
                          ScalerSetByte(PB_33_SHA_DATA3, GET_DP_RX0_HDCP_M0_1());
                          ScalerSetByte(PB_34_SHA_DATA4, GET_DP_RX0_HDCP_M0_2());
              
                          // Enable write 32-bit data to SHA-1 block
                          ScalerSetBit(PB_30_SHA_CONTRL, ~_BIT0, _BIT0);
              
                          // Delay(810ns) for HW SHA data write_in
                          for(ucLoopIndex = 0; ucLoopIndex < 1; ucLoopIndex ++)
C51 COMPILER V9.60.0.0   SCALERDPRX0_SEPTPHY                                               09/24/2026 09:30:19 PAGE 60  

                          {
                              _nop_();
                          }
              
                          usKsvLengthTemp += 4;
              
                          if((usKsvLengthTemp % _DP_HDCP_SHA1_INPUT_SIZE) == 0)
                          {
                              ScalerDpRx0HDCPAuthShaRun((usKsvLengthTemp == _DP_HDCP_SHA1_INPUT_SIZE) ? _TRUE : _FALSE);
                          }
              
                          ScalerSetByte(PB_31_SHA_DATA1, GET_DP_RX0_HDCP_M0_3());
                          ScalerSetByte(PB_32_SHA_DATA2, GET_DP_RX0_HDCP_M0_4());
                          ScalerSetByte(PB_33_SHA_DATA3, GET_DP_RX0_HDCP_M0_5());
                          ScalerSetByte(PB_34_SHA_DATA4, GET_DP_RX0_HDCP_M0_6());
              
                          // Enable write 32-bit data to SHA-1 block
                          ScalerSetBit(PB_30_SHA_CONTRL, ~_BIT0, _BIT0);
              
                          // Delay(810ns) for HW SHA data write_in
                          for(ucLoopIndex = 0; ucLoopIndex < 1; ucLoopIndex ++)
                          {
                              _nop_();
                          }
              
                          usKsvLengthTemp += 4;
              
                          if((usKsvLengthTemp % _DP_HDCP_SHA1_INPUT_SIZE) == 0)
                          {
                              ScalerDpRx0HDCPAuthShaRun((usKsvLengthTemp == _DP_HDCP_SHA1_INPUT_SIZE) ? _TRUE : _FALSE);
                          }
              
                          ScalerSetByte(PB_31_SHA_DATA1, GET_DP_RX0_HDCP_M0_7());
                          ScalerSetByte(PB_32_SHA_DATA2, 0x80);
                          ScalerSetByte(PB_33_SHA_DATA3, 0x00);
                          ScalerSetByte(PB_34_SHA_DATA4, 0x00);
              
                          // Enable write 32-bit data to SHA-1 block
                          ScalerSetBit(PB_30_SHA_CONTRL, ~_BIT0, _BIT0);
              
                          // Delay(810ns) for HW SHA data write_in
                          for(ucLoopIndex = 0; ucLoopIndex < 1; ucLoopIndex ++)
                          {
                              _nop_();
                          }
              
                          usKsvLengthTemp += 4;
              
                          if((usKsvLengthTemp % _DP_HDCP_SHA1_INPUT_SIZE) == 0)
                          {
                              ScalerDpRx0HDCPAuthShaRun((usKsvLengthTemp == _DP_HDCP_SHA1_INPUT_SIZE) ? _TRUE : _FALSE);
                          }
              
                          break;
              
                      default:
              
                          ScalerSetByte(PB_31_SHA_DATA1, ScalerDpRx0GetDpcdInfo(0x06, 0x80, 0x2A));
                          ScalerSetByte(PB_32_SHA_DATA2, ScalerDpRx0GetDpcdInfo(0x06, 0x80, 0x2B));
                          ScalerSetByte(PB_33_SHA_DATA3, GET_DP_RX0_HDCP_M0_0());
                          ScalerSetByte(PB_34_SHA_DATA4, GET_DP_RX0_HDCP_M0_1());
              
C51 COMPILER V9.60.0.0   SCALERDPRX0_SEPTPHY                                               09/24/2026 09:30:19 PAGE 61  

                          // Enable write 32-bit data to SHA-1 block
                          ScalerSetBit(PB_30_SHA_CONTRL, ~_BIT0, _BIT0);
              
                          // Delay(810ns) for HW SHA data write_in
                          for(ucLoopIndex = 0; ucLoopIndex < 1; ucLoopIndex ++)
                          {
                              _nop_();
                          }
              
                          usKsvLengthTemp += 4;
              
                          if((usKsvLengthTemp % _DP_HDCP_SHA1_INPUT_SIZE) == 0)
                          {
                              ScalerDpRx0HDCPAuthShaRun((usKsvLengthTemp == _DP_HDCP_SHA1_INPUT_SIZE) ? _TRUE : _FALSE);
                          }
              
                          ScalerSetByte(PB_31_SHA_DATA1, GET_DP_RX0_HDCP_M0_2());
                          ScalerSetByte(PB_32_SHA_DATA2, GET_DP_RX0_HDCP_M0_3());
                          ScalerSetByte(PB_33_SHA_DATA3, GET_DP_RX0_HDCP_M0_4());
                          ScalerSetByte(PB_34_SHA_DATA4, GET_DP_RX0_HDCP_M0_5());
              
                          // Enable write 32-bit data to SHA-1 block
                          ScalerSetBit(PB_30_SHA_CONTRL, ~_BIT0, _BIT0);
              
                          // Delay(810ns) for HW SHA data write_in
                          for(ucLoopIndex = 0; ucLoopIndex < 1; ucLoopIndex ++)
                          {
                              _nop_();
                          }
              
                          usKsvLengthTemp += 4;
              
                          if((usKsvLengthTemp % _DP_HDCP_SHA1_INPUT_SIZE) == 0)
                          {
                              ScalerDpRx0HDCPAuthShaRun((usKsvLengthTemp == _DP_HDCP_SHA1_INPUT_SIZE) ? _TRUE : _FALSE);
                          }
              
                          ScalerSetByte(PB_31_SHA_DATA1, GET_DP_RX0_HDCP_M0_6());
                          ScalerSetByte(PB_32_SHA_DATA2, GET_DP_RX0_HDCP_M0_7());
                          ScalerSetByte(PB_33_SHA_DATA3, 0x80);
                          ScalerSetByte(PB_34_SHA_DATA4, 0x00);
              
                          // Enable write 32-bit data to SHA-1 block
                          ScalerSetBit(PB_30_SHA_CONTRL, ~_BIT0, _BIT0);
              
                          // Delay(810ns) for HW SHA data write_in
                          for(ucLoopIndex = 0; ucLoopIndex < 1; ucLoopIndex ++)
                          {
                              _nop_();
                          }
              
                          usKsvLengthTemp += 4;
              
                          if((usKsvLengthTemp % _DP_HDCP_SHA1_INPUT_SIZE) == 0)
                          {
                              ScalerDpRx0HDCPAuthShaRun((usKsvLengthTemp == _DP_HDCP_SHA1_INPUT_SIZE) ? _TRUE : _FALSE);
                          }
              
                          break;
                  }
              
                  if((usKsvLengthTemp % _DP_HDCP_SHA1_INPUT_SIZE) == 60)
C51 COMPILER V9.60.0.0   SCALERDPRX0_SEPTPHY                                               09/24/2026 09:30:19 PAGE 62  

                  {
                      ScalerSetByte(PB_31_SHA_DATA1, 0x00);
                      ScalerSetByte(PB_32_SHA_DATA2, 0x00);
                      ScalerSetByte(PB_33_SHA_DATA3, 0x00);
                      ScalerSetByte(PB_34_SHA_DATA4, 0x00);
              
                      // Enable write 32-bit data to SHA-1 block
                      ScalerSetBit(PB_30_SHA_CONTRL, ~_BIT0, _BIT0);
              
                      // Delay(810ns) for HW SHA data write_in
                      for(ucLoopIndex = 0; ucLoopIndex < 1; ucLoopIndex ++)
                      {
                          _nop_();
                      }
              
                      usKsvLengthTemp += 4;
              
                      if((usKsvLengthTemp % _DP_HDCP_SHA1_INPUT_SIZE) == 0)
                      {
                          ScalerDpRx0HDCPAuthShaRun((usKsvLengthTemp == _DP_HDCP_SHA1_INPUT_SIZE) ? _TRUE : _FALSE);
                      }
                  }
              
                  // Write 0x00 into the remaining SHA-1 Transform Input space
                  if((usKsvLengthTemp % _DP_HDCP_SHA1_INPUT_SIZE) <= 56)
                  {
                      while((usKsvLengthTemp % _DP_HDCP_SHA1_INPUT_SIZE) < 56)
                      {
                          ScalerSetByte(PB_31_SHA_DATA1, 0x00);
                          ScalerSetByte(PB_32_SHA_DATA2, 0x00);
                          ScalerSetByte(PB_33_SHA_DATA3, 0x00);
                          ScalerSetByte(PB_34_SHA_DATA4, 0x00);
              
                          // Enable write 32-bit data to SHA-1 block
                          ScalerSetBit(PB_30_SHA_CONTRL, ~_BIT0, _BIT0);
              
                          // Delay(810ns) for HW SHA data write_in
                          for(ucLoopIndex = 0; ucLoopIndex < 1; ucLoopIndex ++)
                          {
                              _nop_();
                          }
              
                          usKsvLengthTemp += 4;
                      }
              
                      // The length of SHA-1 input is equal to 2^64(8 bytes)
                      ScalerSetByte(PB_31_SHA_DATA1, 0x00);
                      ScalerSetByte(PB_32_SHA_DATA2, 0x00);
                      ScalerSetByte(PB_33_SHA_DATA3, 0x00);
                      ScalerSetByte(PB_34_SHA_DATA4, 0x00);
              
                      // Enable write 32-bit data to SHA-1 block
                      ScalerSetBit(PB_30_SHA_CONTRL, ~_BIT0, _BIT0);
              
                      // Delay(810ns) for HW SHA data write_in
                      for(ucLoopIndex = 0; ucLoopIndex < 1; ucLoopIndex ++)
                      {
                          _nop_();
                      }
              
                      // Write the valid bit numbers into SHA-1 Transform Input
                      ScalerSetByte(PB_31_SHA_DATA1, 0x00);
C51 COMPILER V9.60.0.0   SCALERDPRX0_SEPTPHY                                               09/24/2026 09:30:19 PAGE 63  

                      ScalerSetByte(PB_32_SHA_DATA2, 0x00);
                      ScalerSetByte(PB_33_SHA_DATA3, HIBYTE(usShaInputBitNumbers));
                      ScalerSetByte(PB_34_SHA_DATA4, LOBYTE(usShaInputBitNumbers));
              
                      // Enable write 32-bit data to SHA-1 block
                      ScalerSetBit(PB_30_SHA_CONTRL, ~_BIT0, _BIT0);
              
                      usKsvLengthTemp += 8;
              
                      ScalerDpRx0HDCPAuthShaRun((usKsvLengthTemp == _DP_HDCP_SHA1_INPUT_SIZE) ? _TRUE : _FALSE);
                  }
              }
              
              #if(_DP_HDCP14_CTS_SUPPORT == _ON)
              //--------------------------------------------------
              // Description  : Check Downstream Device Count/Depth is changed or not
              // Input Value  : None
              // Output Value : _TRUE or _FALSE
              //--------------------------------------------------
              bit ScalerDpRx0HDCPDeviceCountChange(void)
              {
                  BYTE ucBInfoDevice = 0;
                  BYTE ucBInfoDepth = 0;
                  bit bBInfoDeviceExceed = _FALSE;
                  bit bBInfoDepthExceed = _FALSE;
              
                  if(GET_DP_TX_HDCP_DOWNSTREAM_REPEATER() == _TRUE)
                  {
                      if((GET_DP_TX_HDCP_DOWNSTREAM_DEVICE_COUNT_MAX() == _TRUE) ||
                         (GET_DP_TX_HDCP_DOWNSTREAM_DEVICE_COUNT() > _DP_TX_HDCP_DOWNSTREAM_DEVICE_COUNT_EXCEED))
                      {
                          bBInfoDeviceExceed = _TRUE;
                      }
                      else
                      {
                          ucBInfoDevice = GET_DP_TX_HDCP_DOWNSTREAM_DEVICE_COUNT();
                      }
              
                      if((GET_DP_TX_HDCP_DOWNSTREAM_DEPTH_MAX() == _TRUE) || (GET_DP_TX_HDCP_DOWNSTREAM_DEPTH() > 6))
                      {
                          bBInfoDepthExceed = _TRUE;
                      }
                      else
                      {
                          ucBInfoDepth = GET_DP_TX_HDCP_DOWNSTREAM_DEPTH();
                      }
                  }
              
                  if(bBInfoDeviceExceed == _FALSE)
                  {
                      ucBInfoDevice++;
                  }
                  else
                  {
                      ucBInfoDevice = 0x80;
                  }
              
                  if(bBInfoDepthExceed == _FALSE)
                  {
                      ucBInfoDepth++;
                  }
                  else
C51 COMPILER V9.60.0.0   SCALERDPRX0_SEPTPHY                                               09/24/2026 09:30:19 PAGE 64  

                  {
                      ucBInfoDepth = 0x08;
                  }
              
                  if((ucBInfoDevice != ScalerDpRx0GetDpcdInfo(0x06, 0x80, 0x2A)) ||
                     (ucBInfoDepth != ScalerDpRx0GetDpcdInfo(0x06, 0x80, 0x2B)))
                  {
                      return _TRUE;
                  }
              
                  return _FALSE;
              }
              #endif
              
              //--------------------------------------------------
              // Description  : DP Adjust Vsync Delay
              // Input Value  : None
              // Output Value : None
              //--------------------------------------------------
              void ScalerDpRx0MstToSstAdjustVsyncDelay(void)
              {
                  DWORD ulBStoVSDelayDeltaOverflow = 0;
                  DWORD ulBStoVSDelayDeltaUnderflow = 0;
              
                  if(ScalerGetBit(PA_31_PG_CTRL_1, (_BIT1 | _BIT0)) == 0x00)// Fifo Ok
                  {
                      return;
                  }
                  else if(ScalerGetBit(PA_31_PG_CTRL_1, _BIT0) == _BIT0) // Fifo Overflow
                  {
                      // Get Htotal
                      ScalerRead(PA_10_MSA_HTT_0, 2, &pData[0], _AUTOINC);
              
                      // ((Link Clk * 256)/ Stream CLK) * Htotal / 256 --> 1 Line
                      ulBStoVSDelayDeltaOverflow = (((DWORD)ScalerDpRx0GetDpcdInfo(0x00, 0x01, 0x00) * 270UL) * 256) / (
             -(DWORD)GET_INPUT_PIXEL_CLK()) * ((DWORD)PDATA_WORD(0)) / 256;
              
                      DebugMessageRx0("DP MST2SST : Fifo Overflow --> nVidia Case", ulBStoVSDelayDeltaOverflow);
                  }
                  else if(ScalerGetBit(PA_31_PG_CTRL_1, _BIT1) == _BIT1) // Fifo Underflow
                  {
                      // Get Hactive
                      ScalerRead(PA_14_MSA_HWD_0, 2, &pData[0], _AUTOINC);
              
                      if(PDATA_WORD(0) != 1366)
                      {
                          return;
                      }
              
                      PDATA_WORD(0) = PDATA_WORD(0) - 2;
              
                      // Set Hactive
                      ScalerSetByte(PA_44_MN_DPF_HWD_M, pData[0]);
                      ScalerSetByte(PA_45_MN_DPF_HWD_L, pData[1]);
              
                      // ((Link Clk * 2)/ Stream CLK) --> 2 pixels
                      ulBStoVSDelayDeltaUnderflow = (((DWORD)ScalerDpRx0GetDpcdInfo(0x00, 0x01, 0x00) * 270) * 2) / ((DW
             -ORD)GET_INPUT_PIXEL_CLK());
              
                      DebugMessageRx0("DP MST2SST : Fifo Underflow --> QD882 Case", ulBStoVSDelayDeltaUnderflow);
                  }
              
C51 COMPILER V9.60.0.0   SCALERDPRX0_SEPTPHY                                               09/24/2026 09:30:19 PAGE 65  

                  // For Initial Value Before Use PDATA_DWORD(0)
                  pData[0] = 0;
              
                  // Get BStoVSDelay Even
                  ScalerRead(PA_37_EVBLK2VS_H, 3, &pData[1], _AUTOINC);
              
                  // For Initial Value Before Use PDATA_DWORD(1)
                  pData[4] = 0;
              
                  // Get BStoVSDelay Odd
                  ScalerRead(PA_3A_OVBLK2VS_H, 3, &pData[5], _AUTOINC);
              
                  // BStoVSDelay = BStoVSDelay + (Nvid * 256 / Mvid) * ((DWORD)Htotal) / 256;
                  PDATA_DWORD(0) = PDATA_DWORD(0) - ((ulBStoVSDelayDeltaOverflow + ulBStoVSDelayDeltaUnderflow) / 2);
              
                  // BStoVSDelay = BStoVSDelay + (Nvid * 256 / Mvid) * ((DWORD)Htotal) / 256;
                  PDATA_DWORD(1) = PDATA_DWORD(1) - ((ulBStoVSDelayDeltaOverflow + ulBStoVSDelayDeltaUnderflow) / 2);
              
                  // Set Even Field BS to VS Delay
                  ScalerSetByte(PA_37_EVBLK2VS_H, pData[1]);
                  ScalerSetByte(PA_38_EVBLK2VS_M, pData[2]);
                  ScalerSetByte(PA_39_EVBLK2VS_L, pData[3]);
              
                  // Set Odd Field BS to VS Delay
                  ScalerSetByte(PA_3A_OVBLK2VS_H, pData[5]);
                  ScalerSetByte(PA_3B_OVBLK2VS_M, pData[6]);
                  ScalerSetByte(PA_3C_OVBLK2VS_L, pData[7]);
              
                  // Enable Double Buffer
                  ScalerSetBit(PA_35_DPF_CTRL_0, ~_BIT6, _BIT6);
              
                  // Reset Display Format Gen
                  ScalerSetBit(PA_35_DPF_CTRL_0, ~_BIT7, 0x00);
                  ScalerSetBit(PA_35_DPF_CTRL_0, ~_BIT7, _BIT7);
              
                  // Polling Vertical BS
                  ScalerTimerPollingFlagProc(50, PA_29_MST2SST_VBID, _BIT0, _TRUE);
              
                  // Delay for PG Stable
                  ScalerTimerDelayXms(_DP_ONE_FRAME_TIME_MAX);
              }
              //--------------------------------------------------
              // Description  : DP MST2SST BS to VS Delay Calculation
              // Input Value  : None
              // Output Value : BS to VS Delay
              //--------------------------------------------------
              DWORD ScalerDpRx0MstToSstGetBStoVSDelay(void)
              {
                  DWORD ulVFrontPorch = 0;
                  DWORD ulHFrontPorch = 0;
                  WORD usFifoOffset = 0;
              
                  // Get Htotal
                  ScalerRead(PA_10_MSA_HTT_0, 2, &pData[2], _AUTOINC);
              
                  // VFrontPorch = 3 * Htotal * (Link Clk / Stream CLK)
                  ulVFrontPorch = ((DWORD)GET_DP_RX0_MST_TO_SST_VFRONT_PORCH()) * ((DWORD)PDATA_WORD(1) * 256) / ((DWORD
             -)GET_DP_TX_INPUT_PIXEL_CLK()) *
                                  (((DWORD)ScalerDpRx0GetDpcdInfo(0x00, 0x01, 0x00)) * 270) / 256;
              
                  // Get Hactive
                  ScalerRead(PA_14_MSA_HWD_0, 2, pData, _AUTOINC);
C51 COMPILER V9.60.0.0   SCALERDPRX0_SEPTPHY                                               09/24/2026 09:30:19 PAGE 66  

              
                  // Get HSW
                  pData[4] = ScalerGetBit(PA_16_MSA_HSW_0, (_BIT6 | _BIT5 | _BIT4 | _BIT3 | _BIT2 | _BIT1 | _BIT0));
                  pData[5] = ScalerGetByte(PA_17_MSA_HSW_1);
              
                  // Get HSW min by Measure clock
                  PDATA_WORD(3) = ((DWORD) _DP_HSYNC_WIDTH_MEASURE_COUNTER * GET_DP_TX_INPUT_PIXEL_CLK() * 100) / _MEASU
             -RE_CLK + 1;
              
                  // Check HSW <= HSW min
                  if(PDATA_WORD(2) <= PDATA_WORD(3))
                  {
                      // Check if H porch is more than HSW min
                      if((PDATA_WORD(1) - PDATA_WORD(0)) >= PDATA_WORD(3))
                      {
                          // HSW = HSW min
                          PDATA_WORD(2) = PDATA_WORD(3);
                      }
                      else
                      {
                          // HSW = Max H Porch
                          PDATA_WORD(2) = (PDATA_WORD(1) - PDATA_WORD(0));
                      }
                  }
              
                  // Get Hstart
                  pData[8] = ScalerGetByte(PA_12_MSA_HST_0);
                  pData[9] = ScalerGetByte(PA_13_MSA_HST_1);
              
                  // H Front Porch = (Htotal - Hactive - Hstart) < 8
                  if((PDATA_WORD(1) - PDATA_WORD(0) - PDATA_WORD(4)) < _DP_HSYNC_FRONT_PORCH)
                  {
                      // DPF H Front Porch must not be less than 8 (HW constraint)
                      // Check if H porch is more than 8
                      if((PDATA_WORD(1) - PDATA_WORD(0) - PDATA_WORD(2)) <= _DP_HSYNC_FRONT_PORCH)
                      {
                          // HSW < HSW min
                          if(PDATA_WORD(2) < PDATA_WORD(3))
                          {
                              // Hstart = HSW
                              PDATA_WORD(4) = PDATA_WORD(2);
                          }
                          else if((PDATA_WORD(1) - PDATA_WORD(0) - PDATA_WORD(3)) >= _DP_HSYNC_FRONT_PORCH)
                          {
                              // HSW = H porch - _DP_HSYNC_FRONT_PORCH
                              PDATA_WORD(2) = PDATA_WORD(1) - PDATA_WORD(0) - _DP_HSYNC_FRONT_PORCH;
              
                              // Hstart = HSW
                              PDATA_WORD(4) = PDATA_WORD(2);
                          }
                          else
                          {
                              // HSW = HSW min
                              PDATA_WORD(2) = PDATA_WORD(3);
              
                              // Hstart = HSW min
                              PDATA_WORD(4) = PDATA_WORD(3);
                          }
                      }
                      else
                      {
                          // Hstart = Htotal - Hactive - _DP_HSYNC_FRONT_PORCH
C51 COMPILER V9.60.0.0   SCALERDPRX0_SEPTPHY                                               09/24/2026 09:30:19 PAGE 67  

                          PDATA_WORD(4) = PDATA_WORD(1) - PDATA_WORD(0) - _DP_HSYNC_FRONT_PORCH;
                      }
                  }
              
                  // HFrontPorch = (Htotal - Hactive - Hstart) * (Link Clk / Stream CLK)
                  ulHFrontPorch = (((DWORD)(PDATA_WORD(1) - PDATA_WORD(0) - PDATA_WORD(4))) * (((DWORD)ScalerDpRx0GetDpc
             -dInfo(0x00, 0x01, 0x00)) * 270) / ((DWORD)GET_DP_TX_INPUT_PIXEL_CLK()));
              
                  // Get MISC Info
                  ScalerRead(PA_28_MSA_COLOR_BIT, 1, &pData[14], _NON_AUTOINC);
              
                  switch(pData[14] & (_BIT2 | _BIT1 | _BIT0))
                  {
                      case 0x00:
                          pData[15] = 6;
                          break;
              
                      case (_BIT0):
                          pData[15] = 8;
                          break;
              
                      case (_BIT1):
                          pData[15] = 10;
                          break;
              
                      case (_BIT1 | _BIT0):
                          pData[15] = 12;
                          break;
              
                      case (_BIT2):
                          pData[15] = 16;
                          break;
              
                      default:
                          pData[15] = 8;
                          break;
                  }
              
                  // DP fifo size = 256 x 96bit
                  if(ScalerGetBit(PA_28_MSA_COLOR_BIT, (_BIT4 | _BIT3)) == _BIT3)
                  {
                      // FifoOffset = (1/2 * (256 * 96) / (2 * depth per color)), color format is YCbCr 4:2:2
                      usFifoOffset = _HW_DP_RX_VIDEO_FIFO_SIZE / (4 * (WORD)pData[15]);
                  }
                  else
                  {
                      // FifoOffset = (1/2 * (256 * 96) / (3 * depth per color)), color format is RGB or YCbCr 4:4:4 or 
             -others
                      usFifoOffset = _HW_DP_RX_VIDEO_FIFO_SIZE / (6 * (WORD)pData[15]);
                  }
              
                  // FifoOffset = (1/2 * (256 * 96) / (3 * depth per color)) * (Link Clk / Stream CLK))
                  usFifoOffset = (WORD)(((DWORD)usFifoOffset) * (((DWORD)ScalerDpRx0GetDpcdInfo(0x00, 0x01, 0x00)) * 270
             -) / ((DWORD)GET_DP_TX_INPUT_PIXEL_CLK()));
              
                  return ((ulVFrontPorch + ulHFrontPorch + (DWORD)usFifoOffset) / 2);
              }
              //--------------------------------------------------
              // Description  : Check Dp Video Straam VBID
              // Input Value  : None
              // Output Value : True --> Get Video Stream
              //--------------------------------------------------
C51 COMPILER V9.60.0.0   SCALERDPRX0_SEPTPHY                                               09/24/2026 09:30:19 PAGE 68  

              bit ScalerDpRx0MstToSstGetVideoStream(void)
              {
                  // Check if ST2_Source is Assigned the STx Stream In MST Mode
                  if((ScalerGetBit(PB_01_PHY_DIG_RESET_CTRL, _BIT7) == _BIT7) &&
                     (ScalerGetBit(PB5_0D_SOURCE_SEL_0, (_BIT2 | _BIT1 | _BIT0)) == 0x00))
                  {
                      return _FALSE;
                  }
              
                  if(ScalerGetBit(PA_29_MST2SST_VBID, _BIT3) == 0x00)
                  {
                      return _TRUE;
                  }
              
                  return _FALSE;
              }
              //--------------------------------------------------
              // Description  : Check DP Vactive / Hactive Information
              // Input Value  : None
              // Output Value : True --> DP Vactive / Hactive Information Check Ok
              //--------------------------------------------------
              bit ScalerDpRx0MstToSstMSAActiveChange(void)
              {
                  // Pop up Main Stream Attributes
                  ScalerSetBit(PA_00_MST2SST_RESET, ~_BIT3, _BIT3);
              
                  // Get Display Format Hactive
                  ScalerRead(PA_44_MN_DPF_HWD_M, 2, &pData[0], _AUTOINC);
              
                  // Get MSA Hactive
                  ScalerRead(PA_14_MSA_HWD_0, 2, &pData[2], _AUTOINC);
              
                  // Get Display Format Vactive
                  ScalerRead(PA_4C_MN_DPF_VHT_M, 2, &pData[4], _AUTOINC);
              
                  // Get MSA Vactive
                  ScalerRead(PA_1C_MSA_VHT_0, 2, &pData[6], _AUTOINC);
              
                  if((PDATA_WORD(0) != PDATA_WORD(1)) || (PDATA_WORD(2) != PDATA_WORD(3)))
                  {
                      return _TRUE;
                  }
              
                  return _FALSE;
              }
              //--------------------------------------------------
              // Description  : Check Dp MST2SSST MSA info.
              // Input Value  : None
              // Output Value : True --> Get MSA
              //--------------------------------------------------
              bit ScalerDpRx0MstToSstMSACheck(void)
              {
                  // Pop up Main Stream Attributes
                  ScalerSetBit(PA_00_MST2SST_RESET, ~_BIT3, _BIT3);
              
                  // Get Hactive
                  ScalerRead(PA_14_MSA_HWD_0, 2, &pData[4], _AUTOINC);
              
                  // Get Vactive
                  ScalerRead(PA_1C_MSA_VHT_0, 2, &pData[12], _AUTOINC);
              
              #if(_DP_FREESYNC_SUPPORT == _ON)
C51 COMPILER V9.60.0.0   SCALERDPRX0_SEPTPHY                                               09/24/2026 09:30:19 PAGE 69  

                  if(GET_DP_MST_FREESYNC_ENABLED() == _TRUE)
                  {
                      if((PDATA_WORD(2) == 0x00) || (PDATA_WORD(6) == 0x00))
                      {
                          return _FALSE;
                      }
                  }
                  else
              #endif
                  {
                      // Get Htotal
                      ScalerRead(PA_10_MSA_HTT_0, 2, &pData[0], _AUTOINC);
              
                      // Get Hstart
                      ScalerRead(PA_12_MSA_HST_0, 2, &pData[2], _AUTOINC);
              
                      // Get HSW
                      ScalerRead(PA_16_MSA_HSW_0, 2, &pData[6], _AUTOINC);
              
                      // Get Vtotal
                      ScalerRead(PA_18_MSA_VTT_0, 2, &pData[8], _AUTOINC);
              
                      // Get Vstart
                      ScalerRead(PA_1A_MSA_VST_0, 2, &pData[10], _AUTOINC);
              
                      // Get VSW
                      ScalerRead(PA_1E_MSA_VSW_0, 2, &pData[14], _AUTOINC);
              
                      if((PDATA_WORD(0) == 0x00) || (PDATA_WORD(1) == 0x00) || (PDATA_WORD(2) == 0x00) || ((PDATA_WORD(3
             -) & 0x7FFF) == 0x00) ||
                         (PDATA_WORD(4) == 0x00) || (PDATA_WORD(5) == 0x00) || (PDATA_WORD(6) == 0x00) || ((PDATA_WORD(7
             -) & 0x7FFF) == 0x00))
                      {
                          return _FALSE;
                      }
                  }
              
                  // Get Mvid
                  ScalerRead(PA_20_MSA_MVID_00, 3, pData, _AUTOINC);
              
                  if((((DWORD)pData[0] << 16) | ((DWORD)pData[1] << 8) | ((DWORD)pData[2] << 0)) == 0x00)
                  {
                      return _FALSE;
                  }
              
                  // Get Nvid
                  ScalerRead(PA_23_MSA_NVID_00, 3, pData, _AUTOINC);
              
                  if((((DWORD)pData[0] << 16) | ((DWORD)pData[1] << 8) | ((DWORD)pData[2] << 0)) == 0x00)
                  {
                      return _FALSE;
                  }
              
                  return _TRUE;
              }
              //--------------------------------------------------
              // Description  : Handle DP MST to SST Flow
              // Input Value  : None
              // Output Value : None
              //--------------------------------------------------
              void ScalerDpRx0MstToSstProc(void)
              {
C51 COMPILER V9.60.0.0   SCALERDPRX0_SEPTPHY                                               09/24/2026 09:30:19 PAGE 70  

                  if(GET_DP_TX_STREAM_SOURCE() == _DP_TX_SOURCE_NONE)
                  {
                      if(ScalerDpRx0MstToSstScanInputPort() == _TRUE)
                      {
                          if(ScalerDpRx0MstToSstMeasureInput() == _TRUE)
                          {
                              ScalerDpTxSetStreamSource(_DP_TX_SOURCE_MST2SST);
                          }
                      }
                  }
                  else
                  {
                      // Stable Check
                      if(ScalerDpRx0MstToSstStableDetect() == _FALSE)
                      {
                          ScalerDpTxForceIdlePatternSetting();
                          ScalerDpTxSetStreamSource(_DP_TX_SOURCE_NONE);
              
                          // Disabel MST2SST Watch Dog
                          CLR_REG_DP_RX_MST2SST_WATCH_DOG_ENABLE();
                      }
                  }
              }
              //--------------------------------------------------
              // Description  : DP Port Source/Sync Scanning and Setting
              // Input Value  : None
              // Output Value : Source DP --> DP Sync Stable
              //                Source None --> No Stable Sync
              //--------------------------------------------------
              BYTE ScalerDpRx0MstToSstScanInputPort(void)
              {
                  if(ScalerDpRx0MstToSstGetVideoStream() == _FALSE)
                  {
                      return _FALSE;
                  }
              
              #if(_DP_FREESYNC_SUPPORT == _ON)
                  ScalerDpTxAuxNativeRead(0x00, 0x01, 0x07, 1, pData);
              
                  if((pData[0] & _BIT7) == _BIT7)
                  {
                      SET_DP_MST_FREESYNC_ENABLED();
                  }
                  else
                  {
                      CLR_DP_MST_FREESYNC_ENABLED();
                  }
              #endif
              
              #if(_DP_ADAPTIVESYNC_SUPPORT == _ON)
                  ScalerDpTxAuxNativeRead(0x00, 0x01, 0x07, 1, pData);
              
                  if((pData[0] & (_BIT7 | _BIT6)) == (_BIT7 | _BIT6))
                  {
                      SET_DP_MST_ADAPTIVESYNC_ENABLED();
                  }
                  else
                  {
                      CLR_DP_MST_ADAPTIVESYNC_ENABLED();
                  }
              #endif
              
C51 COMPILER V9.60.0.0   SCALERDPRX0_SEPTPHY                                               09/24/2026 09:30:19 PAGE 71  

                  if(ScalerDpRx0MstToSstMSACheck() == _FALSE)
                  {
                      return _FALSE;
                  }
              
                  if(ScalerDpRx0MstToSstGetVideoInfo() == _FALSE)
                  {
                      return _FALSE;
                  }
                  else
                  {
                      ScalerDpRx0MstToSstSetColorInfo();
                  }
              
                  if(ScalerDpRx0MstToSstDisplayFormatSetting() == _FALSE)
                  {
                      return _FALSE;
                  }
              
                  if(ScalerDpRx0MstToSstStreamClkRegenerate() == _FALSE)
                  {
                      return _FALSE;
                  }
              
                  if(ScalerDpRx0MstToSstFifoCheck(_DP_FIFO_DELAY_CHECK) == _FALSE)
                  {
                      ScalerDpRx0MstToSstAdjustVsyncDelay();
              
                      if(ScalerDpRx0MstToSstFifoCheck(_DP_FIFO_DELAY_CHECK) == _FALSE)
                      {
                          return _FALSE;
                      }
                  }
              
                  // DP MST2SST RGB Output Enable
                  ScalerSetBit(PA_36_DP_OUTPUT_CTRL, ~(_BIT2 | _BIT1 | _BIT0), (_BIT2 | _BIT1 | _BIT0));
              
                  // DP MST2SST CLK Output Enable
                  ScalerSetBit(PA_B8_MN_SCLKG_SDM_CTRL, ~_BIT6, _BIT6);
              
                  // Enable Under/OverFlow WatchDog
                  SET_REG_DP_RX_MST2SST_WATCH_DOG_ENABLE();
              
                  return _TRUE;
              }
              //--------------------------------------------------
              // Description  : On Line Check DP MST2SST stability
              // Input Value  : None
              // Output Value : True --> DP MST2SST Stable
              //                False --> DP MST2SST Unstable
              //--------------------------------------------------
              bit ScalerDpRx0MstToSstStableDetect(void)
              {
                  if(ScalerDpRx0MstToSstMiscCheck() == _FALSE)
                  {
                      return _FALSE;
                  }
              
                  if(ScalerDpRx0MstToSstFifoCheck(_DP_FIFO_POLLING_CHECK) == _FALSE)
                  {
                      return _FALSE;
                  }
C51 COMPILER V9.60.0.0   SCALERDPRX0_SEPTPHY                                               09/24/2026 09:30:19 PAGE 72  

              
                  if(ScalerDpRx0MstToSstMSAActiveChange() == _TRUE)
                  {
                      return _FALSE;
                  }
              
                  if(ScalerDpRxMstToSstTxMeasureTimingChange() == _TRUE)
                  {
                      return _FALSE;
                  }
              
                  return _TRUE;
              }
              
              //--------------------------------------------------
              // Description  : DP BS to HS Delay Calculation
              // Input Value  : None
              // Output Value : BS to VS Delay
              //--------------------------------------------------
              WORD ScalerDpRx0MstToSstGetBStoHSDelay(WORD usDpHtotal)
              {
                  WORD usFifoOffset = 0;
              
                  // Get MISC Info
                  ScalerRead(PA_28_MSA_COLOR_BIT, 1, &pData[14], _NON_AUTOINC);
              
                  switch(pData[14] & (_BIT2 | _BIT1 | _BIT0))
                  {
                      case 0x00:
                          pData[15] = 6;
                          break;
              
                      case (_BIT0):
                          pData[15] = 8;
                          break;
              
                      case (_BIT1):
                          pData[15] = 10;
                          break;
              
                      case (_BIT1 | _BIT0):
                          pData[15] = 12;
                          break;
              
                      case (_BIT2):
                          pData[15] = 16;
                          break;
              
                      default:
                          pData[15] = 8;
                          break;
                  }
              
                  // DP fifo size = 256 x 96bit
                  if(ScalerGetBit(PA_28_MSA_COLOR_BIT, (_BIT4 | _BIT3)) == _BIT3)
                  {
                      // FifoOffset = (1/2 * (256 * 96) / (2 * depth per color)), color format is YCbCr 4:2:2
                      usFifoOffset = _HW_DP_RX_VIDEO_FIFO_SIZE / (4 * (WORD)pData[15]);
                  }
                  else
                  {
                      // FifoOffset = (1/2 * (256 * 96) / (3 * depth per color)), color format is RGB or YCbCr 4:4:4 or 
C51 COMPILER V9.60.0.0   SCALERDPRX0_SEPTPHY                                               09/24/2026 09:30:19 PAGE 73  

             -others
                      usFifoOffset = _HW_DP_RX_VIDEO_FIFO_SIZE / (6 * (WORD)pData[15]);
                  }
              
                  // Get Hstart
                  ScalerRead(PA_42_MN_DPF_HST_M, 2, &pData[0], _AUTOINC);
              
                  // Get Hactive
                  ScalerRead(PA_44_MN_DPF_HWD_M, 2, &pData[2], _AUTOINC);
              
                  // H Blanking = HTotal - HActive
                  PDATA_WORD(2) = usDpHtotal - PDATA_WORD(1);
              
                  // Set BS to HS delay to (HBlanking + 1/2 FIFO - HStart), BS2HS delay: 2 pixel mode
                  return ((WORD)((PDATA_WORD(2) + usFifoOffset - PDATA_WORD(0)) >> 1));
              }
              
              //--------------------------------------------------
              // Description  : Set DP Rx DPCD DFP Detail Cap Reset
              // Input Value  : Input Port
              // Output Value : None
              //--------------------------------------------------
              void ScalerDpRx0DfpDeviceDetailConfigReset(void)
              {
              #if(_EIZO_CUSTOMIZED_VALUE_OF_DPCD_SUPPORT == _OFF)
                  ScalerDpRx0SetDpcdBitValue(0x00, 0x00, 0x07, ~(_BIT3 | _BIT2 | _BIT1 | _BIT0), 0x00);
              
                  ScalerDpRx0SetDpcdValue(0x00, 0x00, 0x80, 0x00);
              #endif
              }
              
              //--------------------------------------------------
              // Description  : Set DP Rx DPCD DFP Detail Set
              // Input Value  : Input Port
              // Output Value : None
              //--------------------------------------------------
              void ScalerDpRx0DfpDeviceDetailConfig(void)
              {
              #if(_EIZO_CUSTOMIZED_VALUE_OF_DPCD_SUPPORT == _OFF)
                  ScalerDpRx0SetDpcdBitValue(0x00, 0x00, 0x07, ~(_BIT3 | _BIT2 | _BIT1 | _BIT0), 0x01);
              
                  ScalerDpRx0SetDpcdValue(0x00, 0x00, 0x80, (_BIT6 | _BIT4 | _BIT3));
              #endif
              }
              #endif // End of #if(_DP_TX_SUPPORT == _ON)
              
              #endif // End of #if(_DP_MST_SUPPORT == _ON)
4392          
4393          //--------------------------------------------------
4394          // Description  : DP FLD Band Finetune
4395          // Input Value  : LaneNumber
4396          // Output Value : None
4397          //--------------------------------------------------
4398          void ScalerDpRx0AdjustLaneFLDBand(BYTE ucDpRx0LaneNumber, WORD usVCOBandDiff)
4399          {
4400   1          BYTE ucBestVCOBand = 0;
4401   1          BYTE ucAutoVCOBand = 0;
4402   1      
4403   1          switch(ucDpRx0LaneNumber)
4404   1          {
4405   2              default:
4406   2              case _DP_SCALER_LANE0:
C51 COMPILER V9.60.0.0   SCALERDPRX0_SEPTPHY                                               09/24/2026 09:30:19 PAGE 74  

4407   2      
4408   2                  ucAutoVCOBand = (ScalerGetByte(P1D_36_ANA_CDR_11) & 0x7F);
4409   2      
4410   2                  break;
4411   2      
4412   2              case _DP_SCALER_LANE1:
4413   2      
4414   2                  ucAutoVCOBand = (ScalerGetByte(P1D_37_ANA_CDR_12) & 0x7F);
4415   2      
4416   2                  break;
4417   2      
4418   2              case _DP_SCALER_LANE2:
4419   2      
4420   2                  ucAutoVCOBand = (ScalerGetByte(P1D_38_ANA_CDR_13) & 0x7F);
4421   2      
4422   2                  break;
4423   2      
4424   2              case _DP_SCALER_LANE3:
4425   2      
4426   2                  ucAutoVCOBand = (ScalerGetByte(P1D_39_ANA_CDR_14) & 0x7F);
4427   2      
4428   2                  break;
4429   2          }
4430   1      
4431   1          // [1:0] freqdet_lane_sel
4432   1          ScalerSetBit(PB_51_DP_SIG_DET_1, ~(_BIT1 | _BIT0), ucDpRx0LaneNumber);
4433   1      
4434   1          // [6] LANE_COUNT_CLEAR = 0 -> Keep the LANE_COUNT value
4435   1          ScalerSetBit(PB_52_DP_SIG_DET_2, ~_BIT6, 0x00);
4436   1      
4437   1          // [7] DP_SIG_DET_EN = 1'b1 -> Enable Signal Detection
4438   1          ScalerSetBit(PB_50_DP_SIG_DET_0, ~_BIT7, 0x00);
4439   1          ScalerSetBit(PB_50_DP_SIG_DET_0, ~_BIT7, _BIT7);
4440   1      
4441   1          // Delay Time us [5,150] Polling for Measure Done
4442   1          for(pData[0] = 0; pData[0] <= 30; pData[0]++)
4443   1          {
4444   2              DELAY_5US();
4445   2      
4446   2              if(ScalerGetBit(PB_50_DP_SIG_DET_0, _BIT6) == _BIT6)
4447   2              {
4448   3                  break;
4449   3              }
4450   2          }
4451   1      
4452   1          if(ScalerGetBit(PB_50_DP_SIG_DET_0, _BIT6) == _BIT6)
4453   1          {
4454   2              g_pusDpRx0ClockCount1[ucDpRx0LaneNumber] = ((((WORD)ScalerGetByte(PB_53_DP_SIG_DET_3)) << 8) | Sca
             -lerGetByte(PB_54_DP_SIG_DET_4));
4455   2      
4456   2              if(g_pusDpRx0ClockCount1[ucDpRx0LaneNumber] < g_pusDpRx0ClockCount[ucDpRx0LaneNumber])
4457   2              {
4458   3                  ucBestVCOBand = ucAutoVCOBand + (((g_pusDpRx0ClockCount[ucDpRx0LaneNumber] - g_pusDpRx0ClockCo
             -unt1[ucDpRx0LaneNumber]) / usVCOBandDiff) + 1);
4459   3              }
4460   2              else
4461   2              {
4462   3                  ucBestVCOBand = ucAutoVCOBand - ((g_pusDpRx0ClockCount1[ucDpRx0LaneNumber] - g_pusDpRx0ClockCo
             -unt[ucDpRx0LaneNumber]) / usVCOBandDiff);
4463   3              }
4464   2          }
4465   1          else
C51 COMPILER V9.60.0.0   SCALERDPRX0_SEPTPHY                                               09/24/2026 09:30:19 PAGE 75  

4466   1          {
4467   2              ucBestVCOBand = ucAutoVCOBand;
4468   2          }
4469   1      
4470   1          // [7] DP_SIG_DET_EN = 0 -> Disable Signal Detection
4471   1          ScalerSetBit(PB_50_DP_SIG_DET_0, ~_BIT7, 0x00);
4472   1      
4473   1          // Manually Reload FLD Band
4474   1          switch(ucDpRx0LaneNumber)
4475   1          {
4476   2              default:
4477   2              case _DP_SCALER_LANE0:
4478   2      
4479   2                  ScalerSetBit(P1D_32_ANA_CDR_07, ~(_BIT6 | _BIT5 | _BIT4 | _BIT3 | _BIT2 | _BIT1 | _BIT0), ucBe
             -stVCOBand);
4480   2      
4481   2                  break;
4482   2      
4483   2              case _DP_SCALER_LANE1:
4484   2      
4485   2                  ScalerSetBit(P1D_33_ANA_CDR_08, ~(_BIT6 | _BIT5 | _BIT4 | _BIT3 | _BIT2 | _BIT1 | _BIT0), ucBe
             -stVCOBand);
4486   2      
4487   2                  break;
4488   2      
4489   2              case _DP_SCALER_LANE2:
4490   2      
4491   2                  ScalerSetBit(P1D_34_ANA_CDR_09, ~(_BIT6 | _BIT5 | _BIT4 | _BIT3 | _BIT2 | _BIT1 | _BIT0), ucBe
             -stVCOBand);
4492   2      
4493   2                  break;
4494   2      
4495   2              case _DP_SCALER_LANE3:
4496   2      
4497   2                  ScalerSetBit(P1D_35_ANA_CDR_10, ~(_BIT6 | _BIT5 | _BIT4 | _BIT3 | _BIT2 | _BIT1 | _BIT0), ucBe
             -stVCOBand);
4498   2      
4499   2                  break;
4500   2          }
4501   1      }
4502          //--------------------------------------------------
4503          // Description  : Check Valid Lane CDR
4504          //                It can not use pData to avoid cross-function usage
4505          // Input Value  : None
4506          // Output Value : True --> CDR Lock
4507          //--------------------------------------------------
4508          bit ScalerDpRx0CDRCheck(BYTE ucDpLinkRate, BYTE ucDpcdLane)
4509          {
4510   1      #if(_HW_DP_GDI_RX0_DFE_TYPE == _PASSIVE_DFE)
                  CLR_DP_RX0_SIGNALDETECT_INT_HAPPENED();
              #endif
4513   1      
4514   1          switch(ucDpcdLane)
4515   1          {
4516   2              case _DP_ONE_LANE:
4517   2      
4518   2                  if(ScalerDpRx0MeasureLaneCDRClk(ucDpLinkRate, _D0_DP_LANE0) == _TRUE)
4519   2                  {
4520   3                      return _TRUE;
4521   3                  }
4522   2      
4523   2                  break;
C51 COMPILER V9.60.0.0   SCALERDPRX0_SEPTPHY                                               09/24/2026 09:30:19 PAGE 76  

4524   2      
4525   2              case _DP_TWO_LANE:
4526   2      
4527   2                  if((ScalerDpRx0MeasureLaneCDRClk(ucDpLinkRate, _D0_DP_LANE0) == _TRUE) &&
4528   2                     (ScalerDpRx0MeasureLaneCDRClk(ucDpLinkRate, _D0_DP_LANE1) == _TRUE))
4529   2                  {
4530   3                      return _TRUE;
4531   3                  }
4532   2      
4533   2                  break;
4534   2      
4535   2              case _DP_FOUR_LANE:
4536   2              default:
4537   2      
4538   2                  if((ScalerDpRx0MeasureLaneCDRClk(ucDpLinkRate, _D0_DP_LANE0) == _TRUE) &&
4539   2                     (ScalerDpRx0MeasureLaneCDRClk(ucDpLinkRate, _D0_DP_LANE1) == _TRUE) &&
4540   2                     (ScalerDpRx0MeasureLaneCDRClk(ucDpLinkRate, _D0_DP_LANE2) == _TRUE) &&
4541   2                     (ScalerDpRx0MeasureLaneCDRClk(ucDpLinkRate, _D0_DP_LANE3) == _TRUE))
4542   2                  {
4543   3                      return _TRUE;
4544   3                  }
4545   2      
4546   2                  break;
4547   2          }
4548   1      
4549   1      #if(_HW_DP_GDI_RX0_DFE_TYPE == _PASSIVE_DFE)
                  if(GET_DP_RX0_SIGNALDETECT_INT_HAPPENED() == _TRUE)
                  {
                      return _TRUE;
                  }
                  else
              #endif
4556   1          {
4557   2              DebugMessageRx0("7. wuzanne test : DP CDR Unlock", 0);
4558   2      
4559   2              return _FALSE;
4560   2          }
4561   1      }
4562          //--------------------------------------------------
4563          // Description  : DP Content Protection Interrupt Request
4564          // Input Value  : None
4565          // Output Value : None
4566          //--------------------------------------------------
4567          void ScalerDpRx0CpIRQ(EnumDpRxBStatusType enumBStatusType)
4568          {
4569   1          switch(enumBStatusType)
4570   1          {
4571   2              case _DP_HDCP_BSTATUS_LINK_INTEGRITY_FAIL:
4572   2      
4573   2                  if(GET_DP_RX0_HDCP_MODE() == _HDCP_14)
4574   2                  {
4575   3      #if(_DP_MST_SUPPORT == _ON)
                              if(GET_DP_RX0_HDCP_REPEATER_SUPPORT() == _FALSE)
                              {
                                  // Reset HDCP Block
                                  ScalerSetBit(PB_01_PHY_DIG_RESET_CTRL, ~_BIT0, _BIT0);
                                  ScalerSetBit(PB_01_PHY_DIG_RESET_CTRL, ~_BIT0, 0x00);
                              }
              
                              if(ScalerDpRxMstGetSrcMsgEnable(_D0_INPUT_PORT) == _ENABLE)
                              {
                                  ScalerDpRx0SetDpcdValue(0x00, 0x20, 0x05, (ScalerDpRx0GetDpcdInfo(0x00, 0x20, 0x05) | 
C51 COMPILER V9.60.0.0   SCALERDPRX0_SEPTPHY                                               09/24/2026 09:30:19 PAGE 77  

             -_BIT2));
                              }
              #else
4588   3                      // Reset HDCP Block
4589   3                      ScalerSetBit(PB_01_PHY_DIG_RESET_CTRL, ~_BIT0, _BIT0);
4590   3                      ScalerSetBit(PB_01_PHY_DIG_RESET_CTRL, ~_BIT0, 0x00);
4591   3      #endif
4592   3      
4593   3                      SET_DP_RX0_AUX_MANUAL_MODE();
4594   3      
4595   3                      // Clear Aksv
4596   3                      ScalerDpRx0SetDpcdValue(0x06, 0x80, 0x07, 0x00);
4597   3                      ScalerDpRx0SetDpcdValue(0x06, 0x80, 0x08, 0x00);
4598   3                      ScalerDpRx0SetDpcdValue(0x06, 0x80, 0x09, 0x00);
4599   3                      ScalerDpRx0SetDpcdValue(0x06, 0x80, 0x0A, 0x00);
4600   3                      ScalerDpRx0SetDpcdValue(0x06, 0x80, 0x0B, 0x00);
4601   3      
4602   3                      SET_DP_RX0_AUX_AUTO_MODE();
4603   3      
4604   3                      // Set B Status
4605   3                      ScalerDpRx0SetDpcdValue(0x06, 0x80, 0x29, (ScalerDpRx0GetDpcdInfo(0x06, 0x80, 0x29) | enum
             -BStatusType));
4606   3                  }
4607   2      #if(_DP_HDCP_2_2_SUPPORT == _ON)
4608   2                  else
4609   2                  {
4610   3                      // Disable HDCP 2.2 Module
4611   3                      SET_DP_RX0_HDCP_MODE(_HDCP_14);
4612   3      
4613   3                      // Disable HDCP2.2 Auth. Done
4614   3                      ScalerSetBit(PB_20_HDCP_DEBUG, ~_BIT4, 0x00);
4615   3      
4616   3                      // Reset HDCP Block
4617   3                      ScalerSetBit(PB_01_PHY_DIG_RESET_CTRL, ~_BIT0, _BIT0);
4618   3                      ScalerSetBit(PB_01_PHY_DIG_RESET_CTRL, ~_BIT0, 0x00);
4619   3      
4620   3                      ScalerDpRx0SetDpcdValue(0x06, 0x94, 0x93, (ScalerDpRx0GetDpcdInfo(0x06, 0x94, 0x93) | _BIT
             -4));
4621   3      
4622   3                      // Clear Authentication Done Flag
4623   3                      CLR_DP_RX0_HDCP2_AUTHENTICATION_DONE();
4624   3                  }
4625   2      #endif
4626   2                  break;
4627   2      
4628   2              case _DP_HDCP_BSTATUS_REAUTH_REQ:
4629   2      
4630   2                  ScalerDpRx0SetDpcdValue(0x06, 0x80, 0x29, (ScalerDpRx0GetDpcdInfo(0x06, 0x80, 0x29) | _BIT3));
4631   2      
4632   2                  break;
4633   2      
4634   2      #if(_DP_HDCP_2_2_SUPPORT == _ON)
4635   2              case _DP_HDCP2_RXSTATUS_REAUTH_REQ:
4636   2      
4637   2                  ScalerDpRx0SetDpcdValue(0x06, 0x94, 0x93, (ScalerDpRx0GetDpcdInfo(0x06, 0x94, 0x93) | _BIT3));
4638   2      
4639   2                  break;
4640   2      #endif
4641   2      
4642   2              case _DP_HDCP_BSTATUS_V_READY:
4643   2              case _DP_HDCP_BSTATUS_R0_AVAILABLE:
4644   2      
C51 COMPILER V9.60.0.0   SCALERDPRX0_SEPTPHY                                               09/24/2026 09:30:19 PAGE 78  

4645   2                  // Set B Status
4646   2                  ScalerDpRx0SetDpcdValue(0x06, 0x80, 0x29, (ScalerDpRx0GetDpcdInfo(0x06, 0x80, 0x29) | enumBSta
             -tusType));
4647   2      
4648   2                  break;
4649   2      
4650   2      #if(_DP_HDCP_2_2_SUPPORT == _ON)
4651   2              case _DP_HDCP2_H_PRIME_AVAILABLE:
4652   2              case _DP_HDCP2_PARING_AVAILABLE:
4653   2      
4654   2                  ScalerDpRx0SetDpcdValue(0x06, 0x94, 0x93, (ScalerDpRx0GetDpcdInfo(0x06, 0x94, 0x93) | (enumBSt
             -atusType >> 3)));
4655   2      
4656   2                  break;
4657   2      
4658   2              case _DP_HDCP2_V_READY:
4659   2      
4660   2                  ScalerDpRx0SetDpcdValue(0x06, 0x94, 0x93, (ScalerDpRx0GetDpcdInfo(0x06, 0x94, 0x93) | (enumBSt
             -atusType >> 6)));
4661   2      
4662   2                  break;
4663   2      #endif
4664   2      
4665   2              default:
4666   2      
4667   2                  break;
4668   2          }
4669   1      
4670   1          // Link Status CPIRQ Flag
4671   1          ScalerDpRx0SetDpcdValue(0x00, 0x02, 0x01, (ScalerDpRx0GetDpcdInfo(0x00, 0x02, 0x01) | _BIT2));
4672   1      
4673   1          ScalerDpRx0HpdIrqAssert();
4674   1      }
4675          
4676          //--------------------------------------------------
4677          // Description : check DFE Coef
4678          //               It can not use pData to avoid cross-function usage
4679          // Input Value  : None
4680          // Output Value : True --> valid, False --> invalid
4681          //--------------------------------------------------
4682          bit ScalerDpRx0DFECheck(void)
4683          {
4684   1          BYTE pucDFEValue[2] = {0};
4685   1      
4686   1          if(ScalerDpRx0GetDpcdInfo(0x00, 0x01, 0x00) == _DP_LINK_HBR2)
4687   1          {
4688   2              return _TRUE;
4689   2          }
4690   1      
4691   1          switch(ScalerDpRx0GetDpcdInfo(0x00, 0x01, 0x01) & 0x1F)
4692   1          {
4693   2              case _DP_FOUR_LANE:
4694   2      
4695   2                  // Read Lane2 DFE
4696   2                  ScalerSetBit(P1D_F2_COEF_3, ~(_BIT7 | _BIT6), (_D0_DP_LANE2 << 6));
4697   2      
4698   2                  // Read Back Vth
4699   2                  ScalerSetBit(P1D_F0_COEF_1, ~(_BIT5 | _BIT4 | _BIT3 | _BIT2 | _BIT1 | _BIT0), 0x00);
4700   2                  pucDFEValue[0] = (ScalerGetByte(P1D_F1_COEF_2) & 0x0F);
4701   2      
4702   2                  // Read Back Tap0
4703   2                  ScalerSetBit(P1D_F0_COEF_1, ~(_BIT5 | _BIT4 | _BIT3 | _BIT2 | _BIT1 | _BIT0), _BIT0);
C51 COMPILER V9.60.0.0   SCALERDPRX0_SEPTPHY                                               09/24/2026 09:30:19 PAGE 79  

4704   2                  pucDFEValue[1] = (ScalerGetByte(P1D_F1_COEF_2) & 0x1F);
4705   2      
4706   2                  if((pucDFEValue[0] == 0x00) && (pucDFEValue[1] == 0x15))
4707   2                  {
4708   3                      DebugMessageRx0("7. Lane2 DFE Fail", 0);
4709   3      
4710   3                      return _FALSE;
4711   3                  }
4712   2      
4713   2                  // Read Lane3 DFE
4714   2                  ScalerSetBit(P1D_F2_COEF_3, ~(_BIT7 | _BIT6), (_D0_DP_LANE3 << 6));
4715   2      
4716   2                  // Read Back Vth
4717   2                  ScalerSetBit(P1D_F0_COEF_1, ~(_BIT5 | _BIT4 | _BIT3 | _BIT2 | _BIT1 | _BIT0), 0x00);
4718   2                  pucDFEValue[0] = (ScalerGetByte(P1D_F1_COEF_2) & 0x0F);
4719   2      
4720   2                  // Read Back Tap0
4721   2                  ScalerSetBit(P1D_F0_COEF_1, ~(_BIT5 | _BIT4 | _BIT3 | _BIT2 | _BIT1 | _BIT0), _BIT0);
4722   2                  pucDFEValue[1] = (ScalerGetByte(P1D_F1_COEF_2) & 0x1F);
4723   2      
4724   2                  if((pucDFEValue[0] == 0x00) && (pucDFEValue[1] == 0x15))
4725   2                  {
4726   3                      DebugMessageRx0("7. Lane3 DFE Fail", 0);
4727   3      
4728   3                      return _FALSE;
4729   3                  }
4730   2      
4731   2                  // Read Lane1 DFE
4732   2                  ScalerSetBit(P1D_F2_COEF_3, ~(_BIT7 | _BIT6), (_D0_DP_LANE1 << 6));
4733   2      
4734   2                  // Read Back Vth
4735   2                  ScalerSetBit(P1D_F0_COEF_1, ~(_BIT5 | _BIT4 | _BIT3 | _BIT2 | _BIT1 | _BIT0), 0x00);
4736   2                  pucDFEValue[0] = (ScalerGetByte(P1D_F1_COEF_2) & 0x0F);
4737   2      
4738   2                  // Read Back Tap0
4739   2                  ScalerSetBit(P1D_F0_COEF_1, ~(_BIT5 | _BIT4 | _BIT3 | _BIT2 | _BIT1 | _BIT0), _BIT0);
4740   2                  pucDFEValue[1] = (ScalerGetByte(P1D_F1_COEF_2) & 0x1F);
4741   2      
4742   2                  if((pucDFEValue[0] == 0x00) && (pucDFEValue[1] == 0x15))
4743   2                  {
4744   3                      DebugMessageRx0("7. Lane1 DFE Fail", 0);
4745   3      
4746   3                      return _FALSE;
4747   3                  }
4748   2      
4749   2                  // Read Lane0 DFE
4750   2                  ScalerSetBit(P1D_F2_COEF_3, ~(_BIT7 | _BIT6), (_D0_DP_LANE0 << 6));
4751   2      
4752   2                  // Read Back Vth
4753   2                  ScalerSetBit(P1D_F0_COEF_1, ~(_BIT5 | _BIT4 | _BIT3 | _BIT2 | _BIT1 | _BIT0), 0x00);
4754   2                  pucDFEValue[0] = (ScalerGetByte(P1D_F1_COEF_2) & 0x0F);
4755   2      
4756   2                  // Read Back Tap0
4757   2                  ScalerSetBit(P1D_F0_COEF_1, ~(_BIT5 | _BIT4 | _BIT3 | _BIT2 | _BIT1 | _BIT0), _BIT0);
4758   2                  pucDFEValue[1] = (ScalerGetByte(P1D_F1_COEF_2) & 0x1F);
4759   2      
4760   2                  if((pucDFEValue[0] == 0x00) && (pucDFEValue[1] == 0x15))
4761   2                  {
4762   3                      DebugMessageRx0("7. Lane0 DFE Fail", 0);
4763   3      
4764   3                      return _FALSE;
4765   3                  }
C51 COMPILER V9.60.0.0   SCALERDPRX0_SEPTPHY                                               09/24/2026 09:30:19 PAGE 80  

4766   2      
4767   2                  break;
4768   2      
4769   2              case _DP_TWO_LANE:
4770   2      
4771   2                  // Read Lane1 DFE
4772   2                  ScalerSetBit(P1D_F2_COEF_3, ~(_BIT7 | _BIT6), (_D0_DP_LANE1 << 6));
4773   2      
4774   2                  // Read Back Vth
4775   2                  ScalerSetBit(P1D_F0_COEF_1, ~(_BIT5 | _BIT4 | _BIT3 | _BIT2 | _BIT1 | _BIT0), 0x00);
4776   2                  pucDFEValue[0] = (ScalerGetByte(P1D_F1_COEF_2) & 0x0F);
4777   2      
4778   2                  // Read Back Tap0
4779   2                  ScalerSetBit(P1D_F0_COEF_1, ~(_BIT5 | _BIT4 | _BIT3 | _BIT2 | _BIT1 | _BIT0), _BIT0);
4780   2                  pucDFEValue[1] = (ScalerGetByte(P1D_F1_COEF_2) & 0x1F);
4781   2      
4782   2                  if((pucDFEValue[0] == 0x00) && (pucDFEValue[1] == 0x15))
4783   2                  {
4784   3                      DebugMessageRx0("7. Lane1 DFE Fail", 0);
4785   3      
4786   3                      return _FALSE;
4787   3                  }
4788   2      
4789   2                  // Read Lane0 DFE
4790   2                  ScalerSetBit(P1D_F2_COEF_3, ~(_BIT7 | _BIT6), (_D0_DP_LANE0 << 6));
4791   2      
4792   2                  // Read Back Vth
4793   2                  ScalerSetBit(P1D_F0_COEF_1, ~(_BIT5 | _BIT4 | _BIT3 | _BIT2 | _BIT1 | _BIT0), 0x00);
4794   2                  pucDFEValue[0] = (ScalerGetByte(P1D_F1_COEF_2) & 0x0F);
4795   2      
4796   2                  // Read Back Tap0
4797   2                  ScalerSetBit(P1D_F0_COEF_1, ~(_BIT5 | _BIT4 | _BIT3 | _BIT2 | _BIT1 | _BIT0), _BIT0);
4798   2                  pucDFEValue[1] = (ScalerGetByte(P1D_F1_COEF_2) & 0x1F);
4799   2      
4800   2                  if((pucDFEValue[0] == 0x00) && (pucDFEValue[1] == 0x15))
4801   2                  {
4802   3                      DebugMessageRx0("7. Lane0 DFE Fail", 0);
4803   3      
4804   3                      return _FALSE;
4805   3                  }
4806   2      
4807   2                  break;
4808   2      
4809   2              case _DP_ONE_LANE:
4810   2      
4811   2                  // Read Lane0 DFE
4812   2                  ScalerSetBit(P1D_F2_COEF_3, ~(_BIT7 | _BIT6), (_D0_DP_LANE0 << 6));
4813   2      
4814   2                  // Read Back Vth
4815   2                  ScalerSetBit(P1D_F0_COEF_1, ~(_BIT5 | _BIT4 | _BIT3 | _BIT2 | _BIT1 | _BIT0), 0x00);
4816   2                  pucDFEValue[0] = (ScalerGetByte(P1D_F1_COEF_2) & 0x0F);
4817   2      
4818   2                  // Read Back Tap0
4819   2                  ScalerSetBit(P1D_F0_COEF_1, ~(_BIT5 | _BIT4 | _BIT3 | _BIT2 | _BIT1 | _BIT0), _BIT0);
4820   2                  pucDFEValue[1] = (ScalerGetByte(P1D_F1_COEF_2) & 0x1F);
4821   2      
4822   2                  if((pucDFEValue[0] == 0x00) && (pucDFEValue[1] == 0x15))
4823   2                  {
4824   3                      DebugMessageRx0("7. Lane0 DFE Fail", 0);
4825   3      
4826   3                      return _FALSE;
4827   3                  }
C51 COMPILER V9.60.0.0   SCALERDPRX0_SEPTPHY                                               09/24/2026 09:30:19 PAGE 81  

4828   2      
4829   2                  break;
4830   2      
4831   2              default:
4832   2      
4833   2                  return _FALSE;
4834   2      
4835   2                  break;
4836   2          }
4837   1      
4838   1          return _TRUE;
4839   1      }
4840          
4841          //--------------------------------------------------
4842          // Description  : Check Valid Lane Alignment
4843          // Input Value  : None
4844          // Output Value : True --> Align
4845          //--------------------------------------------------
4846          bit ScalerDpRx0AlignCheck(void)
4847          {
4848   1      #if(_DP_ILLEGAL_IDLE_PATTERN_CHECK_SUPPORT == _ON)
              
                  if(GET_DP_ILLEGAL_IDLE_PATTERN_CHECK() == _TRUE)
                  {
                      if(GET_DP_RX0_SOURCE_TYPE_JUDGE() == _FALSE)
                      {
              #if(_HW_DP_LANE_VALID_CHECK_SUPPORT == _ON)
                          if(ScalerDpRx0LaneValidCheck() == _FALSE)
                          {
                              return _TRUE;
                          }
              #else
                          return _TRUE;
              #endif
                      }
                  }
              
              #endif
4866   1      
4867   1          if((ScalerDpRx0GetDpcdInfo(0x00, 0x01, 0x01) & 0x1F) == _DP_ONE_LANE)
4868   1          {
4869   2              return _TRUE;
4870   2          }
4871   1          else
4872   1          {
4873   2              if(ScalerGetBit(PB_0E_DESKEW_PHY, _BIT4) == 0x00)
4874   2              {
4875   3                  if(ScalerGetBit(PB_0E_DESKEW_PHY, (_BIT7 | _BIT6)) != (_BIT7 | _BIT6))
4876   3                  {
4877   4                      ScalerSetBit(PB_0E_DESKEW_PHY, ~(_BIT7 | _BIT6), (_BIT7 | _BIT6));
4878   4      
4879   4                      ScalerTimerDelayXms(3);
4880   4                  }
4881   3                  else
4882   3                  {
4883   4                      return _FALSE;
4884   4                  }
4885   3              }
4886   2          }
4887   1      
4888   1          return _TRUE;
4889   1      }
C51 COMPILER V9.60.0.0   SCALERDPRX0_SEPTPHY                                               09/24/2026 09:30:19 PAGE 82  

4890          
4891          //--------------------------------------------------
4892          // Description : check DP 8b/10b Decode Error
4893          //               It can not use pData to avoid cross-function usage
4894          // Input Value  : None
4895          // Output Value : True --> ok, False --> 8b/10b Decode Error
4896          //--------------------------------------------------
4897          bit ScalerDpRx0DecodeCheck(void)
4898          {
4899   1          BYTE ucCount = 3;
4900   1      
4901   1      #if(_DP_ILLEGAL_IDLE_PATTERN_CHECK_SUPPORT == _ON)
              
                  if(GET_DP_ILLEGAL_IDLE_PATTERN_CHECK() == _TRUE)
                  {
                      if(GET_DP_RX0_SOURCE_TYPE_JUDGE() == _FALSE)
                      {
              #if(_HW_DP_LANE_VALID_CHECK_SUPPORT == _ON)
                          if(ScalerDpRx0LaneValidCheck() == _FALSE)
                          {
                              return _TRUE;
                          }
              #else
                          return _TRUE;
              #endif
                      }
                  }
              
              #endif
4919   1      
4920   1          while(ucCount > 0)
4921   1          {
4922   2              // Clear 8b/10b Decode Error Flag
4923   2              ScalerSetBit(PB_06_DECODE_10B8B_ERROR, ~(_BIT3 | _BIT2 | _BIT1 | _BIT0), (_BIT3 | _BIT2 | _BIT1 | 
             -_BIT0));
4924   2      
4925   2              // Delay Time us [150,x]
4926   2              DELAY_XUS(150);
4927   2      
4928   2              switch(ScalerDpRx0GetDpcdInfo(0x00, 0x01, 0x01) & 0x1F)
4929   2              {
4930   3                  case _DP_ONE_LANE:
4931   3      
4932   3                      if(((GET_DP_RX0_PCB_LANE0_MAPPING() == _DP_SCALER_LANE0) && (ScalerGetBit(PB_06_DECODE_10B
             -8B_ERROR, _BIT0) == 0x00)) ||
4933   3                         ((GET_DP_RX0_PCB_LANE0_MAPPING() == _DP_SCALER_LANE1) && (ScalerGetBit(PB_06_DECODE_10B
             -8B_ERROR, _BIT1) == 0x00)) ||
4934   3                         ((GET_DP_RX0_PCB_LANE0_MAPPING() == _DP_SCALER_LANE2) && (ScalerGetBit(PB_06_DECODE_10B
             -8B_ERROR, _BIT2) == 0x00)) ||
4935   3                         ((GET_DP_RX0_PCB_LANE0_MAPPING() == _DP_SCALER_LANE3) && (ScalerGetBit(PB_06_DECODE_10B
             -8B_ERROR, _BIT3) == 0x00)))
4936   3                      {
4937   4                          return _TRUE;
4938   4                      }
4939   3      
4940   3                      break;
4941   3      
4942   3                  case _DP_TWO_LANE:
4943   3      
4944   3                      if(((((GET_DP_RX0_PCB_LANE0_MAPPING() == _DP_SCALER_LANE0) && (GET_DP_RX0_PCB_LANE1_MAPPIN
             -G() == _DP_SCALER_LANE1)) || ((GET_DP_RX0_PCB_LANE0_MAPPING() == _DP_SCALER_LANE1) && (GET_DP_RX0_PCB_LANE1_MAPPING() ==
             - _DP_SCALER_LANE0))) &&
C51 COMPILER V9.60.0.0   SCALERDPRX0_SEPTPHY                                               09/24/2026 09:30:19 PAGE 83  

4945   3                          (ScalerGetBit(PB_06_DECODE_10B8B_ERROR, (_BIT1 | _BIT0)) == 0x00)) ||
4946   3                         ((((GET_DP_RX0_PCB_LANE0_MAPPING() == _DP_SCALER_LANE0) && (GET_DP_RX0_PCB_LANE1_MAPPIN
             -G() == _DP_SCALER_LANE2)) || ((GET_DP_RX0_PCB_LANE0_MAPPING() == _DP_SCALER_LANE2) && (GET_DP_RX0_PCB_LANE1_MAPPING() ==
             - _DP_SCALER_LANE0))) &&
4947   3                          (ScalerGetBit(PB_06_DECODE_10B8B_ERROR, (_BIT2 | _BIT0)) == 0x00)) ||
4948   3                         ((((GET_DP_RX0_PCB_LANE0_MAPPING() == _DP_SCALER_LANE0) && (GET_DP_RX0_PCB_LANE1_MAPPIN
             -G() == _DP_SCALER_LANE3)) || ((GET_DP_RX0_PCB_LANE0_MAPPING() == _DP_SCALER_LANE3) && (GET_DP_RX0_PCB_LANE1_MAPPING() ==
             - _DP_SCALER_LANE0))) &&
4949   3                          (ScalerGetBit(PB_06_DECODE_10B8B_ERROR, (_BIT3 | _BIT0)) == 0x00)) ||
4950   3                         ((((GET_DP_RX0_PCB_LANE0_MAPPING() == _DP_SCALER_LANE1) && (GET_DP_RX0_PCB_LANE1_MAPPIN
             -G() == _DP_SCALER_LANE2)) || ((GET_DP_RX0_PCB_LANE0_MAPPING() == _DP_SCALER_LANE2) && (GET_DP_RX0_PCB_LANE1_MAPPING() ==
             - _DP_SCALER_LANE1))) &&
4951   3                          (ScalerGetBit(PB_06_DECODE_10B8B_ERROR, (_BIT2 | _BIT1)) == 0x00)) ||
4952   3                         ((((GET_DP_RX0_PCB_LANE0_MAPPING() == _DP_SCALER_LANE1) && (GET_DP_RX0_PCB_LANE1_MAPPIN
             -G() == _DP_SCALER_LANE3)) || ((GET_DP_RX0_PCB_LANE0_MAPPING() == _DP_SCALER_LANE3) && (GET_DP_RX0_PCB_LANE1_MAPPING() ==
             - _DP_SCALER_LANE1))) &&
4953   3                          (ScalerGetBit(PB_06_DECODE_10B8B_ERROR, (_BIT3 | _BIT1)) == 0x00)) ||
4954   3                         ((((GET_DP_RX0_PCB_LANE0_MAPPING() == _DP_SCALER_LANE2) && (GET_DP_RX0_PCB_LANE1_MAPPIN
             -G() == _DP_SCALER_LANE3)) || ((GET_DP_RX0_PCB_LANE0_MAPPING() == _DP_SCALER_LANE3) && (GET_DP_RX0_PCB_LANE1_MAPPING() ==
             - _DP_SCALER_LANE2))) &&
4955   3                          (ScalerGetBit(PB_06_DECODE_10B8B_ERROR, (_BIT3 | _BIT2)) == 0x00)))
4956   3                      {
4957   4                          return _TRUE;
4958   4                      }
4959   3      
4960   3                      break;
4961   3      
4962   3                  case _DP_FOUR_LANE:
4963   3      
4964   3                      if(ScalerGetBit(PB_06_DECODE_10B8B_ERROR, (_BIT3 | _BIT2 | _BIT1 | _BIT0)) == 0x00)
4965   3                      {
4966   4                          return _TRUE;
4967   4                      }
4968   3      
4969   3                      break;
4970   3      
4971   3                  default:
4972   3      
4973   3                      return _FALSE;
4974   3      
4975   3                      break;
4976   3              }
4977   2      
4978   2              ucCount--;
4979   2          }
4980   1      
4981   1          DebugMessageRx0("7. DP 8b/10b Decode Error", 0);
4982   1      
4983   1          return _FALSE;
4984   1      }
4985          //--------------------------------------------------
4986          // Description  : DP Measure Link Clock
4987          // Input Value  : None
4988          // Output Value : None
4989          //--------------------------------------------------
4990          WORD ScalerDpRx0GetVtotalbyMeasure(WORD usHBs2BsCount, DWORD ulVBs2BsCount)
4991          {
4992   1          DWORD ulLinkClk = 0;
4993   1          DWORD ulHTotalCount = 0;
4994   1          WORD usDpVtotal = 0;
4995   1      
4996   1          // =========== Link Clock Measure Start ===========
C51 COMPILER V9.60.0.0   SCALERDPRX0_SEPTPHY                                               09/24/2026 09:30:19 PAGE 84  

4997   1          PDATA_WORD(0) = ScalerDpRx0SignalDetectMeasureCount(_D0_DP_LANE0, _DP_MEASURE_TARGET_CDR_CLOCK, _DP_ME
             -ASURE_PERIOD_2000_CYCLE);
4998   1      
4999   1          if(PDATA_WORD(0) == 0)
5000   1          {
5001   2              if(ScalerDpRx0GetDpcdInfo(0x00, 0x01, 0x00) == _DP_LINK_HBR3)
5002   2              {
5003   3                  PDATA_WORD(0) = _DP_VCO_TARGET_COUNT_2000_HBR3;
5004   3              }
5005   2              else if(ScalerDpRx0GetDpcdInfo(0x00, 0x01, 0x00) == _DP_LINK_HBR2)
5006   2              {
5007   3                  PDATA_WORD(0) = _DP_VCO_TARGET_COUNT_2000_HBR2;
5008   3              }
5009   2              else if(ScalerDpRx0GetDpcdInfo(0x00, 0x01, 0x00) == _DP_LINK_HBR)
5010   2              {
5011   3                  PDATA_WORD(0) = _DP_VCO_TARGET_COUNT_2000_HBR;
5012   3              }
5013   2              else // Both Default && _DP_LINK_RBR Case
5014   2              {
5015   3                  PDATA_WORD(0) = _DP_VCO_TARGET_COUNT_2000_RBR;
5016   3              }
5017   2          }
5018   1      
5019   1          PDATA_DWORD(0) = (((DWORD)PDATA_WORD(0)) * _GDI_CLK_KHZ);
5020   1      
5021   1          // Link Clk in KHz
5022   1          ulLinkClk = (PDATA_DWORD(0) / 1000);
5023   1      
5024   1          // HTotal Count in GDI clk(0.1Hz)
5025   1          ulHTotalCount = ((DWORD)usHBs2BsCount * _GDI_CLK_KHZ * 2 * 10 + (ulLinkClk >> 1)) / ulLinkClk;
5026   1      
5027   1          // VTotal in line_number
5028   1          usDpVtotal = (ulVBs2BsCount * 10 + (ulHTotalCount >> 1)) / ulHTotalCount;
5029   1      
5030   1          return usDpVtotal;
5031   1      }
5032          //--------------------------------------------------
5033          // Description  : Judge timing for using DE-Only mode or not
5034          // Input Value  : usMeasureDpVtotal
5035          // Output Value : _TRUE or _FALSE
5036          //--------------------------------------------------
5037          bit ScalerDpRx0DeOnlyTimngCheck(DWORD ulVBs2BsCount)
5038          {
5039   1          DWORD ulFrameRate = 0;
5040   1      
5041   1          // Get Hactive
5042   1          ScalerRead(PB6_0C_MSA_HWD_0, 2, &pData[0], _AUTOINC);
5043   1      
5044   1          // Get Vactive
5045   1          ScalerRead(PB6_16_MSA_VHT_0, 2, &pData[2], _AUTOINC);
5046   1      
5047   1          // Frame Rate (Unit is 0.01Hz)
5048   1          ulFrameRate = (_GDI_CLK_KHZ * 100000 + (ulVBs2BsCount >> 1)) / ulVBs2BsCount;
5049   1      
5050   1          // Timing-1 : 1280x1024@120Hz (Source : Apple MacBook Air 13" / ChipSet : Apple M1)
5051   1          if((PDATA_WORD(0) == 0x500) && (PDATA_WORD(1) == 0x400) &&
5052   1             ((ulFrameRate >= 11800) && (ulFrameRate <= 12200)))
5053   1          {
5054   2              return _TRUE;
5055   2          }
5056   1      
5057   1          return _FALSE;
C51 COMPILER V9.60.0.0   SCALERDPRX0_SEPTPHY                                               09/24/2026 09:30:19 PAGE 85  

5058   1      }
5059          //--------------------------------------------------
5060          // Description  : Judge for using DE-Only mode or not
5061          // Input Value  : usMeasureDpVtotal
5062          // Output Value : _TRUE or _FALSE
5063          //--------------------------------------------------
5064          bit ScalerDpRx0DeOnlyJudge(WORD *pusDpVtotal, WORD usHBs2BsCount, DWORD ulVBs2BsCount)
5065          {
5066   1          WORD usMeasureDpVtotal = 0;
5067   1          WORD usDiffVtotal = 0;
5068   1      
5069   1      #if(_DP_IVF_OOR_EXTEND_SUPPORT == _ON)
                  if(GET_DP_RX0_JUDGE_OOR() == _TRUE)
                  {
                      return _FALSE;
                  }
              #endif
5075   1      
5076   1          if(ScalerDpRx0DeOnlyTimngCheck(ulVBs2BsCount) == _TRUE)
5077   1          {
5078   2              usMeasureDpVtotal = ScalerDpRx0GetVtotalbyMeasure(usHBs2BsCount, ulVBs2BsCount);
5079   2      
5080   2              usDiffVtotal = abs(usMeasureDpVtotal - *pusDpVtotal);
5081   2      
5082   2              if((usDiffVtotal >= 4) && (usDiffVtotal <= 6))
5083   2              {
5084   3                  DebugMessageRx0("Votal (Measure vs MSA) is different!!", usDiffVtotal);
5085   3      
5086   3                  *pusDpVtotal = usMeasureDpVtotal;
5087   3      
5088   3                  return _TRUE;
5089   3              }
5090   2          }
5091   1      
5092   1          return _FALSE;
5093   1      }
5094          //--------------------------------------------------
5095          // Description  : DP Display Format Generator Setting
5096          // Input Value  : None
5097          // Output Value : None
5098          //--------------------------------------------------
5099          bit ScalerDpRx0DisplayFormatSetting(void)
5100          {
5101   1          BYTE ucOddFlg = 0;
5102   1          WORD usDpVtotal = 0;
5103   1          WORD usDpHactive = 0;
5104   1          DWORD ulStreamClkValue = 0;
5105   1          DWORD ulVBs2BsCount = 0;
5106   1          WORD usHBs2BsCount = 0;
5107   1          bit bDeOnlyModeJudge = _FALSE;
5108   1          WORD usDpHtotal = 0;
5109   1      
5110   1      #if(_DP_FREESYNC_SUPPORT == _ON)
5111   1          DWORD ulDpMvidValue = 0;
5112   1          DWORD ulDpNvidValue = 0;
5113   1      #endif
5114   1      
5115   1      #if(_DP_IVF_OOR_EXTEND_SUPPORT == _ON)
                  WORD usIVfreq_OOR = 0;
                  DWORD ulLinkClkValue = 0;
              #endif
5119   1      
C51 COMPILER V9.60.0.0   SCALERDPRX0_SEPTPHY                                               09/24/2026 09:30:19 PAGE 86  

5120   1      #if(_AIO_MODERN_STANDBY_SUPPORT == _ON)
                  if(GET_AIO_MODERN_STANDBY_MODE() == _TRUE)
                  {
                      // Restore VBs2Bs Count
                      ulVBs2BsCount = g_stDpRx0LinkInfo.ulVBsToBsCountN;
              
                      // Restore HBs2Bs Count
                      usHBs2BsCount = g_stDpRx0LinkInfo.usHBsToBsCount;
                  }
                  else
              #endif
5131   1          {
5132   2              // Measurement Enable
5133   2              ScalerSetBit(PB5_58_MN_MEAS_CTRL, ~_BIT7, 0x00);
5134   2              ScalerSetBit(PB5_58_MN_MEAS_CTRL, ~_BIT7, _BIT7);
5135   2      
5136   2              if(ScalerDpRx0PollingFlagLinkCheck(_DP_MEASURE_POLLING_TIMEOUT, PB5_58_MN_MEAS_CTRL, _BIT6, _TRUE)
             - == _FALSE)
5137   2              {
5138   3                  return _FALSE;
5139   3              }
5140   2      
5141   2              // Pop up The result
5142   2              SET_DP_RX0_MEASURE_POP_UP();
5143   2      
5144   2              // Measurement Disable
5145   2              ScalerSetBit(PB5_58_MN_MEAS_CTRL, ~_BIT7, 0x00);
5146   2      
5147   2              // VBs2BS count in GDI clk
5148   2              ulVBs2BsCount = ((((DWORD)(ScalerGetByte(PB5_58_MN_MEAS_CTRL) & 0x1F)) << 16) | (((DWORD)ScalerGet
             -Byte(PB5_59_MN_MEAS_VLN_M)) << 8) | ((DWORD)ScalerGetByte(PB5_5A_MN_MEAS_VLN_L)));
5149   2      
5150   2              // HBs2Bs count in Link Clk / 2
5151   2              usHBs2BsCount = (((DWORD)ScalerGetByte(PB5_5B_MN_MEAS_HLN_M)) << 8) | ((DWORD)ScalerGetByte(PB5_5C
             -_MN_MEAS_HLN_L));
5152   2          }
5153   1      
5154   1      #if(_DP_IVF_OOR_EXTEND_SUPPORT == _ON)
                  // [5] ln_ck_sel = 1'b1 -> CDR Clock
                  // [4:0] DP_XTAL_CYCLE = 5'b00100 -> XTAL Counter Cycles = 2000
                  ScalerSetBit(PB_50_DP_SIG_DET_0, ~(_BIT5 | _BIT4 | _BIT3 | _BIT2 | _BIT1 | _BIT0), (_BIT5 | _BIT2));
              
                  // [1:0] freqdet_lane_sel = 2'b00 -> Lane0
                  ScalerSetBit(PB_51_DP_SIG_DET_1, ~(_BIT1 | _BIT0), _D0_DP_LANE0);
              
                  // [6] LANE_COUNT_CLEAR = 0 -> Keep the LANE_COUNT value
                  ScalerSetBit(PB_52_DP_SIG_DET_2, ~_BIT6, 0x00);
              
                  // [7] DP_SIG_DET_EN = 1'b1 -> Enable Signal Detection
                  ScalerSetBit(PB_50_DP_SIG_DET_0, ~_BIT7, 0x00);
                  ScalerSetBit(PB_50_DP_SIG_DET_0, ~_BIT7, _BIT7);
              
                  // Waiting for Measure Done
                  ScalerTimerDelayXms(2);
              
                  if(ScalerGetBit(PB_50_DP_SIG_DET_0, _BIT6) == _BIT6)
                  {
                      PDATA_WORD(0) = ((((WORD)ScalerGetByte(PB_53_DP_SIG_DET_3)) << 8) | ScalerGetByte(PB_54_DP_SIG_DET
             -_4));
                  }
                  else
                  {
C51 COMPILER V9.60.0.0   SCALERDPRX0_SEPTPHY                                               09/24/2026 09:30:19 PAGE 87  

                      if(ScalerDpRx0GetDpcdInfo(0x00, 0x01, 0x00) == _DP_LINK_HBR2)
                      {
                          PDATA_WORD(0) = 0x4E20;
                      }
                      else if(ScalerDpRx0GetDpcdInfo(0x00, 0x01, 0x00) == _DP_LINK_HBR)
                      {
                          PDATA_WORD(0) = 0x2710;
                      }
                      else // Both Default && _DP_LINK_RBR Case
                      {
                          PDATA_WORD(0) = 0x1770;
                      }
                  }
              
                  // [7] DP_SIG_DET_EN = 0 -> Disable Signal Detection
                  ScalerSetBit(PB_50_DP_SIG_DET_0, ~_BIT7, 0x00);
              
                  ulLinkClkValue = (((DWORD)PDATA_WORD(0)) * _GDI_CLK_KHZ);
              
                  usDpHtotal = ((((WORD)ScalerGetByte(PB6_08_MSA_HTT_0)) << 8) | ((WORD)ScalerGetByte(PB6_09_MSA_HTT_1))
             -);
              
                  usDpVtotal = ((((WORD)ScalerGetByte(PB6_10_MSA_VTTE_0)) << 8) | ((WORD)ScalerGetByte(PB6_11_MSA_VTTE_1
             -)));
              
                  // Calculate Stream Clock (Unit is Hz)
                  ulStreamClkValue = ScalerComputeDwordMulDiv((DWORD)usDpHtotal, ulLinkClkValue / 2, (DWORD)usHBs2BsCoun
             -t);
              
                  usIVfreq_OOR = (WORD)(ScalerComputeDwordMulDiv(ulStreamClkValue, 10, (((DWORD)usDpHtotal) * ((DWORD)us
             -DpVtotal))));
              
                  DebugMessageRx0("OOR Detect for Low Frame Rate: IVfreq", usIVfreq_OOR);
              
                  if(usIVfreq_OOR <= 200)
                  {
                      SET_DP_RX0_JUDGE_OOR();
              
                      DebugMessageRx0("Judge for OOR Case !!!!!!!!", 0);
                  }
                  else
                  {
                      CLR_DP_RX0_JUDGE_OOR();
                  }
              #endif
5219   1      
5220   1      #if(_DP_FREESYNC_SUPPORT == _ON)
5221   1          if(GET_FREESYNC_ENABLED() == _TRUE)
5222   1          {
5223   2              // Get IVfreq
5224   2              PDATA_DWORD(0) = ((DWORD)_GDI_CLK_KHZ * 1000 / (ulVBs2BsCount / 10));
5225   2      
5226   2      #if(_DRR_FREE_RUN_DISPLAY_SUPPORT == _OFF)
5227   2              if((PDATA_DWORD(0) < (_PANEL_FREESYNC_MIN_FRAME_RATE - _FRAME_SYNC_MARGIN)) || (PDATA_DWORD(0) > (
             -_PANEL_FREESYNC_MAX_FRAME_RATE + _FRAME_SYNC_MARGIN)))
5228   2              {
5229   3                  return _FALSE;
5230   3              }
5231   2      #endif
5232   2      
5233   2              // VTotal in line, Link Clk / 2 : (Link Rate * 27 / 2)
5234   2              usDpVtotal = GET_DWORD_MUL_DIV(ulVBs2BsCount, ((ScalerDpRx0GetDpcdInfo(0x00, 0x01, 0x00) * 27 / 2)
C51 COMPILER V9.60.0.0   SCALERDPRX0_SEPTPHY                                               09/24/2026 09:30:19 PAGE 88  

             - * 1000), ((DWORD)usHBs2BsCount * _GDI_CLK_KHZ));
5235   2      
5236   2              ulDpMvidValue = ((((DWORD)ScalerGetByte(PB6_1A_MSA_MVID_0)) << 16) | (((DWORD)ScalerGetByte(PB6_1B
             -_MSA_MVID_1)) << 8) | ((DWORD)ScalerGetByte(PB6_1C_MSA_MVID_2)));
5237   2      
5238   2              ulDpNvidValue = ((((DWORD)ScalerGetByte(PB6_1D_MSA_NVID_0)) << 16) | (((DWORD)ScalerGetByte(PB6_1E
             -_MSA_NVID_1)) << 8) | ((DWORD)ScalerGetByte(PB6_1F_MSA_NVID_2)));
5239   2      
5240   2              // [5] ln_ck_sel = 1'b1 -> CDR Clock
5241   2              // [4:0] DP_XTAL_CYCLE = 5'b00100 -> XTAL Counter Cycles = 2000
5242   2              ScalerSetBit(PB_50_DP_SIG_DET_0, ~(_BIT5 | _BIT4 | _BIT3 | _BIT2 | _BIT1 | _BIT0), (_BIT5 | _BIT2)
             -);
5243   2      
5244   2              // [1:0] freqdet_lane_sel = 2'b00 -> Lane0
5245   2              ScalerSetBit(PB_51_DP_SIG_DET_1, ~(_BIT1 | _BIT0), _D0_DP_LANE0);
5246   2      
5247   2              // [6] LANE_COUNT_CLEAR = 0 -> Keep the LANE_COUNT value
5248   2              ScalerSetBit(PB_52_DP_SIG_DET_2, ~_BIT6, 0x00);
5249   2      
5250   2              // [7] DP_SIG_DET_EN = 1'b1 -> Enable Signal Detection
5251   2              ScalerSetBit(PB_50_DP_SIG_DET_0, ~_BIT7, 0x00);
5252   2              ScalerSetBit(PB_50_DP_SIG_DET_0, ~_BIT7, _BIT7);
5253   2      
5254   2              // Waiting for Measure Done
5255   2              ScalerTimerDelayXms(2);
5256   2      
5257   2              PDATA_WORD(0) = ((((WORD)ScalerGetByte(PB_53_DP_SIG_DET_3)) << 8) | ScalerGetByte(PB_54_DP_SIG_DET
             -_4));
5258   2      
5259   2              // [7] DP_SIG_DET_EN = 0 -> Disable Signal Detection
5260   2              ScalerSetBit(PB_50_DP_SIG_DET_0, ~_BIT7, 0x00);
5261   2      
5262   2              PDATA_DWORD(0) = ((DWORD)PDATA_WORD(0)) * _GDI_CLK_KHZ;
5263   2      
5264   2              // Calculate streamclk
5265   2              ulStreamClkValue = ((DWORD)ulDpMvidValue * (PDATA_DWORD(0) / ulDpNvidValue) + (PDATA_DWORD(0) % ul
             -DpNvidValue * 100 / ulDpNvidValue * (DWORD)ulDpMvidValue / 100));
5266   2      
5267   2              SET_DP_NATIVE_INPUT_PIXEL_CLK(ulStreamClkValue / 100000);
5268   2      
5269   2              // HTotal in Pixel Clk, Link Clk / 2 : (Link Rate * 27 / 2)
5270   2              usDpHtotal = GET_DWORD_MUL_DIV(usHBs2BsCount, ulStreamClkValue, 1000000) / (ScalerDpRx0GetDpcdInfo
             -(0x00, 0x01, 0x00) * 27 / 2);
5271   2      
5272   2              usDpHtotal = ScalerDpRx0SetFREESYNCMsaForLut(usDpHtotal);
5273   2      
5274   2      #if(_FW_DP_RX_H_PORCH_ENLARGE_SUPPORT == _ON)
5275   2              usDpHtotal = ScalerDpRx0FreesyncHPorchEnlarge(GET_DP_RX0_HTOTAL());
5276   2      
5277   2              // Get New Stream Clock After Enlarging HTotal
5278   2              ulStreamClkValue = GET_DWORD_MUL_DIV(ulStreamClkValue, usDpHtotal, (usDpHtotal - GET_DP_RX0_H_PORC
             -H_ENLARGE()));
5279   2      #endif
5280   2          }
5281   1          else
5282   1      #endif
5283   1          {
5284   2              usDpVtotal = ((((WORD)ScalerGetByte(PB6_10_MSA_VTTE_0)) << 8) | ((WORD)ScalerGetByte(PB6_11_MSA_VT
             -TE_1)));
5285   2      
5286   2              if(ScalerDpRx0DeOnlyJudge(&usDpVtotal, usHBs2BsCount, ulVBs2BsCount) == _TRUE)
5287   2              {
C51 COMPILER V9.60.0.0   SCALERDPRX0_SEPTPHY                                               09/24/2026 09:30:19 PAGE 89  

5288   3                  bDeOnlyModeJudge = _TRUE;
5289   3              }
5290   2      
5291   2      #if(_DP_IVF_OOR_EXTEND_SUPPORT == _ON)
                      if(GET_DP_RX0_JUDGE_OOR() == _TRUE)
                      {
                          ulStreamClkValue = ScalerComputeDwordMulDiv((DWORD)usDpHtotal, ulLinkClkValue / 2, (DWORD)usHB
             -s2BsCount);
                      }
                      else
              #endif
5298   2              {
5299   3                  // Calculate streamclk (Unit is Hz)
5300   3                  ulStreamClkValue = (((((((DWORD)ScalerGetByte(PB6_08_MSA_HTT_0)) << 8) | ((WORD)ScalerGetByte(
             -PB6_09_MSA_HTT_1))) * ((DWORD)usDpVtotal) * 100) / ulVBs2BsCount) * _GDI_CLK_KHZ * 10);
5301   3              }
5302   2      
5303   2              SET_DP_NATIVE_INPUT_PIXEL_CLK(ulStreamClkValue / 100000);
5304   2          }
5305   1      
5306   1          // Input Pixel CLK Unit is 0.1 M
5307   1          SET_INPUT_PIXEL_CLK(ulStreamClkValue / 100000);
5308   1      
5309   1          // Disable Generate Display Format
5310   1          ScalerSetBit(PB5_30_DPF_CTRL_0, ~_BIT7, 0x00);
5311   1      
5312   1          // DP Display Format Generator Reset
5313   1          ScalerSetBit(PB5_00_MAC_DIG_RESET_CTRL, ~_BIT7, _BIT7);
5314   1          ScalerSetBit(PB5_00_MAC_DIG_RESET_CTRL, ~_BIT7, 0x00);
5315   1      
5316   1      #if(_URGENT_EVENT_CHECK_MODE == _ON)
5317   1          if((ScalerSyncCheckUrgentEvent() == _TRUE))
5318   1          {
5319   2              return _FALSE;
5320   2          }
5321   1      #endif
5322   1      
5323   1      #if(_AIO_MODERN_STANDBY_SUPPORT == _ON)
                  if(GET_AIO_MODERN_STANDBY_MODE() == _FALSE)
              #endif
5326   1          {
5327   2              // Delay a Complete Frame
5328   2              if(ScalerDpRx0TimerDelayXmsLinkCheck(_DP_TWO_FRAME_TIME_MAX) == _FALSE)
5329   2              {
5330   3                  return _FALSE;
5331   3              }
5332   2          }
5333   1      
5334   1          // Set Vactive
5335   1          ScalerRead(PB6_16_MSA_VHT_0, 2, &pData[4], _AUTOINC);
5336   1          ScalerSetByte(PB5_4D_MN_DPF_VHT_M, pData[4]);
5337   1          ScalerSetByte(PB5_4E_MN_DPF_VHT_L, pData[5]);
5338   1      
5339   1          // Set Hactive
5340   1          ScalerRead(PB6_0C_MSA_HWD_0, 2, pData, _AUTOINC);
5341   1          ScalerSetByte(PB5_45_MN_DPF_HWD_M, pData[0]);
5342   1          ScalerSetByte(PB5_46_MN_DPF_HWD_L, pData[1]);
5343   1          usDpHactive = PDATA_WORD(0);
5344   1      
5345   1      #if(_DP_FREESYNC_SUPPORT == _ON)
5346   1          if(GET_FREESYNC_ENABLED() == _TRUE)
5347   1          {
C51 COMPILER V9.60.0.0   SCALERDPRX0_SEPTPHY                                               09/24/2026 09:30:19 PAGE 90  

5348   2              // Set Htotal
5349   2              ScalerSetByte(PB5_41_MN_DPF_HTT_M, HIBYTE(usDpHtotal));
5350   2              ScalerSetByte(PB5_42_MN_DPF_HTT_L, LOBYTE(usDpHtotal));
5351   2      
5352   2              // Set Hstart
5353   2              ScalerSetByte(PB5_43_MN_DPF_HST_M, HIBYTE(_DP_DE_ONLY_MODE_HSTART));
5354   2              ScalerSetByte(PB5_44_MN_DPF_HST_L, LOBYTE(_DP_DE_ONLY_MODE_HSTART));
5355   2      
5356   2              // Set HSW
5357   2              ScalerSetByte(PB5_47_MN_DPF_HSW_M, HIBYTE(_DP_DE_ONLY_MODE_HSW));
5358   2              ScalerSetByte(PB5_48_MN_DPF_HSW_L, LOBYTE(_DP_DE_ONLY_MODE_HSW));
5359   2      
5360   2              // Set Vstart
5361   2              ScalerSetByte(PB5_4B_MN_DPF_VST_M, HIBYTE(_DP_DE_ONLY_MODE_VSTART));
5362   2              ScalerSetByte(PB5_4C_MN_DPF_VST_L, LOBYTE(_DP_DE_ONLY_MODE_VSTART));
5363   2      
5364   2              // Set VSW
5365   2              ScalerSetByte(PB5_4F_MN_DPF_VSW_M, HIBYTE(_DP_DE_ONLY_MODE_VSW));
5366   2              ScalerSetByte(PB5_50_MN_DPF_VSW_L, LOBYTE(_DP_DE_ONLY_MODE_VSW));
5367   2      
5368   2              PDATA_WORD(0) = GET_DPRX0_BS_TO_HS_DELAY(usDpHtotal);
5369   2      
5370   2              // Set HBs2Bs
5371   2              ScalerSetByte(PB5_38_BS2HS_0, pData[0]);
5372   2              ScalerSetByte(PB5_39_BS2HS_1, pData[1]);
5373   2      
5374   2              ScalerDpRx0InterlaceCheck(&usDpVtotal, &ucOddFlg);
5375   2      
5376   2      #if(_DP_LINK_INTERVAL_CHECK_SUPPORT == _ON)
                      if(GET_DP_RX0_URGENT_LINK_LOSS() == _TRUE)
                      {
                          return _FALSE;
                      }
              #endif
5382   2              // Set DE Only Mode Vsync Front Porch
5383   2              ScalerSetByte(PB5_40_VS_FRONT_PORCH, GET_DP_RX0_VFRONT_PORCH());
5384   2      
5385   2              // Set DE Only Mode
5386   2              ScalerSetBit(PB5_30_DPF_CTRL_0, ~(_BIT7 | _BIT5 | _BIT4), _BIT4);
5387   2      
5388   2              // Choose Frame start BE to Reset FIFO
5389   2              ScalerSetBit(PB5_20_PG_CTRL_0, ~_BIT5, 0x00);
5390   2      
5391   2              // Set DP FREESYNC Mode Enable
5392   2              ScalerSetBit(PB5_F0_DP_RSV0, ~_BIT0, _BIT0);
5393   2      
5394   2              DebugMessageRx0("FREESYNC Mode Enabled!!", ScalerGetByte(PB5_30_DPF_CTRL_0));
5395   2          }
5396   1          else
5397   1      #endif
5398   1          {
5399   2              if(bDeOnlyModeJudge == _TRUE)
5400   2              {
5401   3                  usDpHtotal = ((((WORD)ScalerGetByte(PB6_08_MSA_HTT_0)) << 8) | ((WORD)ScalerGetByte(PB6_09_MSA
             -_HTT_1)));
5402   3      
5403   3                  // Set Htotal
5404   3                  ScalerSetByte(PB5_41_MN_DPF_HTT_M, HIBYTE(usDpHtotal));
5405   3                  ScalerSetByte(PB5_42_MN_DPF_HTT_L, LOBYTE(usDpHtotal));
5406   3      
5407   3                  // Set Hstart
5408   3                  ScalerSetByte(PB5_43_MN_DPF_HST_M, HIBYTE(_DP_DE_ONLY_MODE_HSTART));
C51 COMPILER V9.60.0.0   SCALERDPRX0_SEPTPHY                                               09/24/2026 09:30:19 PAGE 91  

5409   3                  ScalerSetByte(PB5_44_MN_DPF_HST_L, LOBYTE(_DP_DE_ONLY_MODE_HSTART));
5410   3      
5411   3                  // Set HSW
5412   3                  ScalerSetByte(PB5_47_MN_DPF_HSW_M, HIBYTE(_DP_DE_ONLY_MODE_HSW));
5413   3                  ScalerSetByte(PB5_48_MN_DPF_HSW_L, LOBYTE(_DP_DE_ONLY_MODE_HSW));
5414   3      
5415   3                  // Set Vstart
5416   3                  ScalerSetByte(PB5_4B_MN_DPF_VST_M, HIBYTE(_DP_DE_ONLY_MODE_VSTART));
5417   3                  ScalerSetByte(PB5_4C_MN_DPF_VST_L, LOBYTE(_DP_DE_ONLY_MODE_VSTART));
5418   3      
5419   3                  // Set VSW
5420   3                  ScalerSetByte(PB5_4F_MN_DPF_VSW_M, HIBYTE(_DP_DE_ONLY_MODE_VSW));
5421   3                  ScalerSetByte(PB5_50_MN_DPF_VSW_L, LOBYTE(_DP_DE_ONLY_MODE_VSW));
5422   3      
5423   3                  // Set Vtotal
5424   3                  ScalerSetByte(PB5_49_MN_DPF_VTT_M, HIBYTE(usDpVtotal));
5425   3                  ScalerSetByte(PB5_4A_MN_DPF_VTT_L, LOBYTE(usDpVtotal));
5426   3      
5427   3                  PDATA_WORD(0) = GET_DPRX0_BS_TO_HS_DELAY(usDpHtotal);
5428   3      
5429   3                  // Set HBs2Bs
5430   3                  ScalerSetByte(PB5_38_BS2HS_0, pData[0]);
5431   3                  ScalerSetByte(PB5_39_BS2HS_1, pData[1]);
5432   3      
5433   3                  ScalerDpRx0InterlaceCheck(&usDpVtotal, &ucOddFlg);
5434   3      
5435   3      #if(_DP_LINK_INTERVAL_CHECK_SUPPORT == _ON)
                          if(GET_DP_RX0_URGENT_LINK_LOSS() == _TRUE)
                          {
                              return _FALSE;
                          }
              #endif
5441   3                  // Set DE Only Mode Vsync Front Porch
5442   3                  ScalerSetByte(PB5_40_VS_FRONT_PORCH, GET_DP_RX0_VFRONT_PORCH());
5443   3      
5444   3                  // Set DE Only Mode
5445   3                  ScalerSetBit(PB5_30_DPF_CTRL_0, ~(_BIT7 | _BIT5 | _BIT4), _BIT4);
5446   3      
5447   3                  // Choose Frame start BE to Reset FIFO
5448   3                  ScalerSetBit(PB5_20_PG_CTRL_0, ~_BIT5, 0x00);
5449   3      
5450   3                  // Set DP FREESYNC Mode Disable
5451   3                  ScalerSetBit(PB5_F0_DP_RSV0, ~_BIT0, 0x00);
5452   3      
5453   3                  DebugMessageRx0("DE_Only Mode Enabled!!", ScalerGetByte(PB5_30_DPF_CTRL_0));
5454   3              }
5455   2              else
5456   2              {
5457   3                  DWORD ulBs2VsDelay = 0;
5458   3      
5459   3                  // Set Htotal
5460   3                  ScalerRead(PB6_08_MSA_HTT_0, 2, &pData[2], _AUTOINC);
5461   3                  ScalerSetByte(PB5_41_MN_DPF_HTT_M, pData[2]);
5462   3                  ScalerSetByte(PB5_42_MN_DPF_HTT_L, pData[3]);
5463   3      
5464   3                  // Get HSW
5465   3                  pData[4] = ScalerGetBit(PB6_0E_MSA_HSW_0, (_BIT6 | _BIT5 | _BIT4 | _BIT3 | _BIT2 | _BIT1 | _BI
             -T0));
5466   3                  pData[5] = ScalerGetByte(PB6_0F_MSA_HSW_1);
5467   3      
5468   3                  // Get HSW min by Measure clock
5469   3                  PDATA_WORD(3) = ((DWORD) _DP_HSYNC_WIDTH_MEASURE_COUNTER * GET_INPUT_PIXEL_CLK() * 100) / _MEA
C51 COMPILER V9.60.0.0   SCALERDPRX0_SEPTPHY                                               09/24/2026 09:30:19 PAGE 92  

             -SURE_CLK + 1;
5470   3      
5471   3                  // Check HSW <= HSW min
5472   3                  if(PDATA_WORD(2) <= PDATA_WORD(3))
5473   3                  {
5474   4                      // Check if H porch is more than HSW min
5475   4                      if((PDATA_WORD(1) - usDpHactive) >= PDATA_WORD(3))
5476   4                      {
5477   5                          // HSW = HSW min
5478   5                          PDATA_WORD(2) = PDATA_WORD(3);
5479   5                      }
5480   4                      else
5481   4                      {
5482   5                          // HSW = Max H Porch
5483   5                          PDATA_WORD(2) = (PDATA_WORD(1) - usDpHactive);
5484   5                      }
5485   4                  }
5486   3      
5487   3                  // DPF H Front Porch must not be less than 8 (HW constraint)
5488   3                  // Check if H porch is more than 8
5489   3                  if((PDATA_WORD(1) - usDpHactive - PDATA_WORD(2)) <= _DP_HSYNC_FRONT_PORCH)
5490   3                  {
5491   4                      // HSW < HSW min
5492   4                      if(PDATA_WORD(2) < PDATA_WORD(3))
5493   4                      {
5494   5                          // Hstart = HSW
5495   5                          PDATA_WORD(4) = PDATA_WORD(2);
5496   5                      }
5497   4                      else if((PDATA_WORD(1) - usDpHactive - PDATA_WORD(3) >= _DP_HSYNC_FRONT_PORCH))
5498   4                      {
5499   5                          // HSW = H porch - _DP_HSYNC_FRONT_PORCH
5500   5                          PDATA_WORD(2) = PDATA_WORD(1) - usDpHactive - _DP_HSYNC_FRONT_PORCH;
5501   5      
5502   5                          // Hstart = HSW
5503   5                          PDATA_WORD(4) = PDATA_WORD(2);
5504   5                      }
5505   4                      else
5506   4                      {
5507   5                          // HSW = HSW min
5508   5                          PDATA_WORD(2) = PDATA_WORD(3);
5509   5      
5510   5                          // Hstart = HSW min
5511   5                          PDATA_WORD(4) = PDATA_WORD(3);
5512   5                      }
5513   4                  }
5514   3                  else
5515   3                  {
5516   4                      // Hstart = Htotal - Hactive - _DP_HSYNC_FRONT_PORCH
5517   4                      PDATA_WORD(4) = PDATA_WORD(1) - usDpHactive - _DP_HSYNC_FRONT_PORCH;
5518   4                  }
5519   3      
5520   3                  // Set HSW and HSP => positive
5521   3                  ScalerSetByte(PB5_47_MN_DPF_HSW_M, (pData[4] & ~_BIT7));
5522   3                  ScalerSetByte(PB5_48_MN_DPF_HSW_L, pData[5]);
5523   3      
5524   3                  // Set Hstart
5525   3                  ScalerSetByte(PB5_43_MN_DPF_HST_M, pData[8]);
5526   3                  ScalerSetByte(PB5_44_MN_DPF_HST_L, pData[9]);
5527   3      
5528   3                  DebugMessageRx0("###Origin usVTotal###", usDpVtotal);
5529   3      
5530   3      #if(_URGENT_EVENT_CHECK_MODE == _ON)
C51 COMPILER V9.60.0.0   SCALERDPRX0_SEPTPHY                                               09/24/2026 09:30:19 PAGE 93  

5531   3                  if((ScalerSyncCheckUrgentEvent() == _TRUE))
5532   3                  {
5533   4                      return _FALSE;
5534   4                  }
5535   3      #endif
5536   3                  if(ScalerDpRx0InterlaceCheck(&usDpVtotal, &ucOddFlg) == _TRUE) // Interlace
5537   3                  {
5538   4                      DebugMessageRx0("7. IIIIIInterLace Vtotal", usDpVtotal);
5539   4                  }
5540   3                  else // Progressive
5541   3                  {
5542   4                      DebugMessageRx0("7. PPPPProgressive", 0);
5543   4                  }
5544   3      
5545   3      #if(_DP_LINK_INTERVAL_CHECK_SUPPORT == _ON)
                          if(GET_DP_RX0_URGENT_LINK_LOSS() == _TRUE)
                          {
                              return _FALSE;
                          }
              #endif
5551   3                  // Set Vtotal
5552   3                  ScalerSetByte(PB5_49_MN_DPF_VTT_M, (usDpVtotal >> 8));
5553   3                  ScalerSetByte(PB5_4A_MN_DPF_VTT_L, (usDpVtotal & 0xFF));
5554   3      
5555   3                  // Get Vactive
5556   3                  ScalerRead(PB6_16_MSA_VHT_0, 2, &pData[4], _AUTOINC);
5557   3      
5558   3                  // V Front porch must not be less than 2 because of V scaling down.
5559   3                  // Set Vstart -> (Vtotal - Vactive - Frontporch)
5560   3                  PDATA_WORD(0) = usDpVtotal - PDATA_WORD(2) - GET_DP_RX0_VFRONT_PORCH();
5561   3                  ScalerSetByte(PB5_4B_MN_DPF_VST_M, pData[0]);
5562   3                  ScalerSetByte(PB5_4C_MN_DPF_VST_L, pData[1]);
5563   3      
5564   3                  // Set VSW; Set VSP => Positive
5565   3                  ScalerSetByte(PB5_4F_MN_DPF_VSW_M, (HIBYTE(_DP_VSYNC_WIDTH) & ~_BIT7));
5566   3                  ScalerSetByte(PB5_50_MN_DPF_VSW_L, LOBYTE(_DP_VSYNC_WIDTH));
5567   3      
5568   3      #if(_AIO_MODERN_STANDBY_SUPPORT == _ON)
                          if(GET_AIO_MODERN_STANDBY_MODE() == _TRUE)
                          {
                              // Set Odd Field BS to VS Delay
                              ScalerSetByte(PB5_35_OVBLK2VS_H, (BYTE)(g_stDpRx0LinkInfo.ulVBsToBsDelayOdd >> 16));
                              ScalerSetByte(PB5_36_OVBLK2VS_M, (BYTE)(g_stDpRx0LinkInfo.ulVBsToBsDelayOdd >> 8));
                              ScalerSetByte(PB5_37_OVBLK2VS_L, (BYTE)(g_stDpRx0LinkInfo.ulVBsToBsDelayOdd >> 0));
              
                              // Set Even Field BS to VS Delay
                              ScalerSetByte(PB5_32_EVBLK2VS_H, (BYTE)(g_stDpRx0LinkInfo.ulVBsToBsDelayEven >> 16));
                              ScalerSetByte(PB5_33_EVBLK2VS_M, (BYTE)(g_stDpRx0LinkInfo.ulVBsToBsDelayEven >> 8));
                              ScalerSetByte(PB5_34_EVBLK2VS_L, (BYTE)(g_stDpRx0LinkInfo.ulVBsToBsDelayEven >> 0));
                          }
                          else
              #endif
5583   3                  {
5584   4                      ulBs2VsDelay = ScalerDpRx0GetBStoVSDelay();
5585   4      
5586   4                      // Set Odd Field BS to VS Delay
5587   4                      ScalerSetByte(PB5_35_OVBLK2VS_H, (BYTE)(ulBs2VsDelay >> 16));
5588   4                      ScalerSetByte(PB5_36_OVBLK2VS_M, (BYTE)(ulBs2VsDelay >> 8));
5589   4                      ScalerSetByte(PB5_37_OVBLK2VS_L, (BYTE)(ulBs2VsDelay >> 0));
5590   4      
5591   4                      if((bit)ucOddFlg == _TRUE)
5592   4                      {
C51 COMPILER V9.60.0.0   SCALERDPRX0_SEPTPHY                                               09/24/2026 09:30:19 PAGE 94  

5593   5                          // Get Htotal
5594   5                          ScalerRead(PB6_08_MSA_HTT_0, 2, &pData[10], _AUTOINC);
5595   5      
5596   5                          // BStoVSDelay = BStoVSDelay + (Link Clk * 256 / Stream Clk) * ((DWORD)Htotal) / 256;
5597   5                          ulBs2VsDelay += ((((DWORD)ScalerDpRx0GetDpcdInfo(0x00, 0x01, 0x00)) * 270UL) * 256) / 
             -((DWORD)GET_INPUT_PIXEL_CLK()) * ((DWORD)PDATA_WORD(5)) / 256 / 2;
5598   5      
5599   5                          SET_DP_RX0_INTERLACE_VTOTAL_NUMBER(_ODD);
5600   5                      }
5601   4                      else
5602   4                      {
5603   5                          SET_DP_RX0_INTERLACE_VTOTAL_NUMBER(_EVEN);
5604   5                      }
5605   4      
5606   4                      // Set Even Field BS to VS Delay
5607   4                      ScalerSetByte(PB5_32_EVBLK2VS_H, (BYTE)(ulBs2VsDelay >> 16));
5608   4                      ScalerSetByte(PB5_33_EVBLK2VS_M, (BYTE)(ulBs2VsDelay >> 8));
5609   4                      ScalerSetByte(PB5_34_EVBLK2VS_L, (BYTE)(ulBs2VsDelay >> 0));
5610   4                  }
5611   3      
5612   3                  // Choose VS Rising to Reset FIFO
5613   3                  ScalerSetBit(PB5_20_PG_CTRL_0, ~_BIT5, 0x00);
5614   3      
5615   3                  // Set DP FREESYNC Mode Disable
5616   3                  ScalerSetBit(PB5_F0_DP_RSV0, ~_BIT0, 0x00);
5617   3      
5618   3                  // Set full last line Mode
5619   3                  ScalerSetBit(PB5_30_DPF_CTRL_0, ~(_BIT7 | _BIT5 | _BIT4), 0x00);
5620   3      
5621   3                  DebugMessageRx0("Full Last Line Mode Enable!!", ScalerGetByte(PB5_30_DPF_CTRL_0));
5622   3              }
5623   2          }
5624   1      
5625   1          // Double Buffer to Apply Display Format Setting
5626   1          ScalerSetBit(PB5_30_DPF_CTRL_0, ~_BIT6, _BIT6);
5627   1      
5628   1          ScalerDpRx0VideoSetting();
5629   1      
5630   1          return _TRUE;
5631   1      }
5632          //--------------------------------------------------
5633          // Description  : DP Video Fifo Check
5634          // Input Value  : Fifo Check Condition
5635          // Output Value : True --> Fifo not over/underflow
5636          //--------------------------------------------------
5637          bit ScalerDpRx0FifoCheck(EnumDpFifoCheckCondition enumFifoCheckCondition)
5638          {
5639   1          BYTE ucCount = 0;
5640   1      
5641   1          if(enumFifoCheckCondition == _DP_FIFO_DELAY_CHECK)
5642   1          {
5643   2              ScalerSetBit(PB5_21_PG_CTRL_1, ~(_BIT4 | _BIT2 | _BIT0), (_BIT4 | _BIT2 | _BIT0));
5644   2      
5645   2      #if(_AIO_MODERN_STANDBY_SUPPORT == _ON)
                      if(GET_AIO_MODERN_STANDBY_MODE() == _FALSE)
              #endif
5648   2              {
5649   3                  if(ScalerDpRx0TimerDelayXmsLinkCheck(_DP_TWO_FRAME_TIME_MAX) == _FALSE)
5650   3                  {
5651   4                      return _FALSE;
5652   4                  }
5653   3      
C51 COMPILER V9.60.0.0   SCALERDPRX0_SEPTPHY                                               09/24/2026 09:30:19 PAGE 95  

5654   3                  while(ucCount < 6)
5655   3                  {
5656   4                      if(ScalerDpRx0TimerDelayXmsLinkCheck(10) == _FALSE)
5657   4                      {
5658   5                          return _FALSE;
5659   5                      }
5660   4      
5661   4                      if((ScalerGetBit(PB5_21_PG_CTRL_1, _BIT4) == _BIT4) || (ScalerGetBit(PB5_21_PG_CTRL_1, _BI
             -T2) == _BIT2))
5662   4                      {
5663   5                          return _FALSE;
5664   5                      }
5665   4      
5666   4                      ucCount++;
5667   4                  }
5668   3              }
5669   2          }
5670   1          else
5671   1          {
5672   2              if((ScalerGetBit(PB5_21_PG_CTRL_1, _BIT4) == _BIT4) || (ScalerGetBit(PB5_21_PG_CTRL_1, _BIT2) == _
             -BIT2))
5673   2              {
5674   3                  return _FALSE;
5675   3              }
5676   2          }
5677   1      
5678   1          if(ScalerGetBit(PB6_3B_DP_IRQ_CTRL1, _BIT4) == 0x00)
5679   1          {
5680   2              // Enable DP No Video Stream IRQ
5681   2              ScalerDpRx0SetNoVideoStreamIRQ(_ENABLE);
5682   2          }
5683   1      
5684   1          if(ScalerDpRx0GetDpcdBitInfo(0x00, 0x02, 0x05, _BIT0) == 0x00)
5685   1          {
5686   2              // Set DP Receive Port0 In Sync
5687   2              ScalerDpRx0SinkStatusSet(_DP_SINK_REVEICE_PORT0, _DP_SINK_IN_SYNC);
5688   2          }
5689   1      
5690   1          return _TRUE;
5691   1      }
5692          
5693          //--------------------------------------------------
5694          // Description  : HDCP Reset For Dp Rx0
5695          // Input Value  : None
5696          // Output Value : None
5697          //--------------------------------------------------
5698          void ScalerDpRx0HDCPBlockReset(void)
5699          {
5700   1          // Reset HDCP Block
5701   1          ScalerSetBit(PB_01_PHY_DIG_RESET_CTRL, ~_BIT0, _BIT0);
5702   1          ScalerSetBit(PB_01_PHY_DIG_RESET_CTRL, ~_BIT0, 0x00);
5703   1      
5704   1          ScalerDpRx0SetDpcdValue(0x06, 0x80, 0x29, 0x00);
5705   1          ScalerDpRx0SetDpcdValue(0x06, 0x80, 0x2A, 0x00);
5706   1          ScalerDpRx0SetDpcdValue(0x06, 0x80, 0x2B, 0x00);
5707   1      
5708   1          for(pData[0] = 0; pData[0] < 20; pData[0]++)
5709   1          {
5710   2              ScalerDpRx0SetDpcdValue(0x06, 0x80, (0x14 + pData[0]), 0x00);
5711   2          }
5712   1      
5713   1          for(pData[0] = 0; pData[0] < 15; pData[0]++)
C51 COMPILER V9.60.0.0   SCALERDPRX0_SEPTPHY                                               09/24/2026 09:30:19 PAGE 96  

5714   1          {
5715   2              ScalerDpRx0SetDpcdValue(0x06, 0x80, (0x2C + pData[0]), 0x00);
5716   2          }
5717   1      
5718   1          SET_DP_RX0_AUX_MANUAL_MODE();
5719   1      
5720   1          // Clear Aksv
5721   1          ScalerDpRx0SetDpcdValue(0x06, 0x80, 0x07, 0x00);
5722   1          ScalerDpRx0SetDpcdValue(0x06, 0x80, 0x08, 0x00);
5723   1          ScalerDpRx0SetDpcdValue(0x06, 0x80, 0x09, 0x00);
5724   1          ScalerDpRx0SetDpcdValue(0x06, 0x80, 0x0A, 0x00);
5725   1          ScalerDpRx0SetDpcdValue(0x06, 0x80, 0x0B, 0x00);
5726   1      
5727   1          SET_DP_RX0_AUX_AUTO_MODE();
5728   1      
5729   1      #if(_DP_TX_SUPPORT == _ON)
                  CLR_DP_RX0_HDCP_REPEATER_AUTH_1_START();
              #if(_DP_MST_SUPPORT == _ON)
                  ScalerDpRx0HDCPChangeAuthState(_DP_RX_HDCP_STATE_IDLE);
              #endif
              #endif
5735   1      }
5736          
5737          //--------------------------------------------------
5738          // Description  : Check whether HDCP is valid
5739          // Input Value  : None
5740          // Output Value : TRUE => HDCP valid
5741          //--------------------------------------------------
5742          bit ScalerDpRx0HdcpCheckValid(void)
5743          {
5744   1          if(GET_DP_RX0_HDCP_MODE() == _HDCP_14)
5745   1          {
5746   2              if(ScalerGetBit(PB_20_HDCP_DEBUG, (_BIT7 | _BIT6 | _BIT5)) == (_BIT7 | _BIT6 | _BIT5))
5747   2              {
5748   3                  return _TRUE;
5749   3              }
5750   2          }
5751   1      #if(_DP_HDCP_2_2_SUPPORT == _ON)
5752   1          else
5753   1          {
5754   2              if(ScalerGetBit(PB_20_HDCP_DEBUG, _BIT4) == _BIT4)
5755   2              {
5756   3                  if((ScalerGetByte(PB_1E_HDCP_INTGT_VRF_ANS_MSB) == 0x53) && (ScalerGetByte(PB_1F_HDCP_INTGT_VR
             -F_ANS_LSB) == 0x1F))
5757   3                  {
5758   4                      return _TRUE;
5759   4                  }
5760   3              }
5761   2          }
5762   1      #endif
5763   1      
5764   1          return _FALSE;
5765   1      }
5766          
5767          //--------------------------------------------------
5768          // Description  : Check whether HDCP is enabled
5769          // Input Value  : None
5770          // Output Value : TRUE => HDCP Enabled
5771          //--------------------------------------------------
5772          bit ScalerDpRx0HdcpCheckEnabled(void)
5773          {
5774   1          if(GET_DP_RX0_HDCP_MODE() == _HDCP_14)
C51 COMPILER V9.60.0.0   SCALERDPRX0_SEPTPHY                                               09/24/2026 09:30:19 PAGE 97  

5775   1          {
5776   2              if(ScalerGetBit(PB_20_HDCP_DEBUG, (_BIT7 | _BIT5)) == (_BIT7 | _BIT5))
5777   2              {
5778   3                  if((ScalerDpRx0GetDpcdInfo(0x06, 0x80, 0x07) != 0x00) ||
5779   3                     (ScalerDpRx0GetDpcdInfo(0x06, 0x80, 0x08) != 0x00) ||
5780   3                     (ScalerDpRx0GetDpcdInfo(0x06, 0x80, 0x09) != 0x00) ||
5781   3                     (ScalerDpRx0GetDpcdInfo(0x06, 0x80, 0x0A) != 0x00) ||
5782   3                     (ScalerDpRx0GetDpcdInfo(0x06, 0x80, 0x0B) != 0x00))
5783   3                  {
5784   4                      return _TRUE;
5785   4                  }
5786   3              }
5787   2          }
5788   1      #if(_DP_HDCP_2_2_SUPPORT == _ON)
5789   1          else
5790   1          {
5791   2              if(ScalerGetBit(PB_20_HDCP_DEBUG, _BIT4) == _BIT4)
5792   2              {
5793   3                  return _TRUE;
5794   3              }
5795   2          }
5796   1      #endif
5797   1      
5798   1          return _FALSE;
5799   1      }
5800          
5801          //--------------------------------------------------
5802          // Description  : DP HDCP Measure Check
5803          // Input Value  : None
5804          // Output Value : FALSE => Measure Check Fail
5805          //--------------------------------------------------
5806          bit ScalerDpRx0HdcpMeasureCheck(void)
5807          {
5808   1          DWORD ulLinkClk = 0;
5809   1          WORD usHTotalCount = 0;
5810   1          WORD usVTotalCount = 0;
5811   1      
5812   1          // Pop up Main Stream Attributes
5813   1          ScalerSetBit(PB6_00_MN_STRM_ATTR_CTRL, ~(_BIT7 | _BIT6 | _BIT5 | _BIT3 | _BIT2), (_BIT7 | _BIT6 | _BIT
             -5 | _BIT3));
5814   1      
5815   1          // Get Vtotal
5816   1          ScalerRead(PB6_10_MSA_VTTE_0, 2, pData, _AUTOINC);
5817   1          usVTotalCount = TO_WORD(pData[0], pData[1]);
5818   1      
5819   1          if(usVTotalCount == 0)
5820   1          {
5821   2              return _FALSE;
5822   2          }
5823   1      
5824   1      #if(_DP_FREESYNC_SUPPORT == _ON)
5825   1          if(GET_FREESYNC_ENABLED() == _TRUE)
5826   1          {
5827   2              return _FALSE;
5828   2          }
5829   1      #endif
5830   1      
5831   1          // [5] ln_ck_sel = 1'b1 -> CDR Clock
5832   1          // [4:0] DP_XTAL_CYCLE = 5'b00100 -> XTAL Counter Cycles = 2000
5833   1          ScalerSetBit(PB_50_DP_SIG_DET_0, ~(_BIT5 | _BIT4 | _BIT3 | _BIT2 | _BIT1 | _BIT0), (_BIT5 | _BIT2));
5834   1      
5835   1          // [1:0] freqdet_lane_sel = 2'b00 -> Lane0
C51 COMPILER V9.60.0.0   SCALERDPRX0_SEPTPHY                                               09/24/2026 09:30:19 PAGE 98  

5836   1          ScalerSetBit(PB_51_DP_SIG_DET_1, ~(_BIT1 | _BIT0), _D0_DP_LANE0);
5837   1      
5838   1          // [6] LANE_COUNT_CLEAR = 0 -> Keep the LANE_COUNT value
5839   1          ScalerSetBit(PB_52_DP_SIG_DET_2, ~_BIT6, 0x00);
5840   1      
5841   1          // [7] DP_SIG_DET_EN = 1'b1 -> Enable Signal Detection
5842   1          ScalerSetBit(PB_50_DP_SIG_DET_0, ~_BIT7, 0x00);
5843   1          ScalerSetBit(PB_50_DP_SIG_DET_0, ~_BIT7, _BIT7);
5844   1      
5845   1          // Waiting for Measure Done
5846   1          ScalerTimerDelayXms(2);
5847   1      
5848   1          if(ScalerGetBit(PB_50_DP_SIG_DET_0, _BIT6) == _BIT6)
5849   1          {
5850   2              PDATA_WORD(0) = ((((WORD)ScalerGetByte(PB_53_DP_SIG_DET_3)) << 8) | ScalerGetByte(PB_54_DP_SIG_DET
             -_4));
5851   2          }
5852   1          else
5853   1          {
5854   2              if(ScalerDpRx0GetDpcdInfo(0x00, 0x01, 0x00) == _DP_LINK_HBR2)
5855   2              {
5856   3                  PDATA_WORD(0) = 0x4E20;
5857   3              }
5858   2              else if(ScalerDpRx0GetDpcdInfo(0x00, 0x01, 0x00) == _DP_LINK_HBR)
5859   2              {
5860   3                  PDATA_WORD(0) = 0x2710;
5861   3              }
5862   2              else // Both Default && _DP_LINK_RBR Case
5863   2              {
5864   3                  PDATA_WORD(0) = 0x1770;
5865   3              }
5866   2          }
5867   1      
5868   1          // [7] DP_SIG_DET_EN = 0 -> Disable Signal Detection
5869   1          ScalerSetBit(PB_50_DP_SIG_DET_0, ~_BIT7, 0x00);
5870   1      
5871   1          PDATA_DWORD(0) = (((DWORD)PDATA_WORD(0)) * _GDI_CLK_KHZ);
5872   1      
5873   1          // Link Clk in KHz
5874   1          ulLinkClk = (PDATA_DWORD(0) / 1000);
5875   1      
5876   1          DebugMessageRx0("Current Link Clk", ulLinkClk);
5877   1      
5878   1          // Start to Measure Vertical BS to BS Counter by GDI Clock
5879   1          ScalerSetBit(PB5_58_MN_MEAS_CTRL, ~_BIT7, 0x00);
5880   1          ScalerSetBit(PB5_58_MN_MEAS_CTRL, ~_BIT7, _BIT7);
5881   1      
5882   1          if(ScalerDpRx0PollingFlagLinkCheck(_DP_MEASURE_POLLING_TIMEOUT, PB5_58_MN_MEAS_CTRL, _BIT6, _TRUE) == 
             -_FALSE)
5883   1          {
5884   2              return _FALSE;
5885   2          }
5886   1      
5887   1          // Pop up The result
5888   1          SET_DP_RX0_MEASURE_POP_UP();
5889   1      
5890   1          // Reset pData to avoid checking fail (F17)
5891   1          PDATA_DWORD(0) = 0;
5892   1      
5893   1          // Get Measure Result
5894   1          ScalerRead(PB5_58_MN_MEAS_CTRL, 3, &pData[1], _AUTOINC);
5895   1      
C51 COMPILER V9.60.0.0   SCALERDPRX0_SEPTPHY                                               09/24/2026 09:30:19 PAGE 99  

5896   1          // Get Measure Htotal Counts
5897   1          ScalerRead(PB5_5B_MN_MEAS_HLN_M, 2, &pData[6], _AUTOINC);
5898   1      
5899   1          // Disable Measure Block
5900   1          ScalerSetBit(PB5_58_MN_MEAS_CTRL, ~_BIT7, 0x00);
5901   1      
5902   1          // Convert HTotal Count from 1/2 Link Clk to GDI Clk
5903   1          usHTotalCount = ((DWORD)PDATA_WORD(3) * _GDI_CLK_KHZ * 2 + (ulLinkClk >> 1)) / ulLinkClk;
5904   1      
5905   1          PDATA_DWORD(0) = (PDATA_DWORD(0) & 0x001FFFFF);
5906   1          PDATA_DWORD(1) = ((DWORD)usHTotalCount & 0x0000FFFF);
5907   1      
5908   1          PDATA_WORD(2) = PDATA_DWORD(0) / PDATA_DWORD(1);
5909   1      
5910   1          // 2% Tolerance
5911   1          if((ABSDWORD(PDATA_WORD(2), usVTotalCount)) > (usVTotalCount * 2 / 100))
5912   1          {
5913   2              return _FALSE;
5914   2          }
5915   1      
5916   1          return _TRUE;
5917   1      }
5918          //--------------------------------------------------
5919          // Description  : Check DP Hdcp ReAuth Process
5920          // Input Value  : None
5921          // Output Value : TRUE or FALSE
5922          //--------------------------------------------------
5923          bit ScalerDpRx0HdcpReAuthStatusCheck(void)
5924          {
5925   1          if(GET_DP_RX0_HDCP_MODE() == _HDCP_14)
5926   1          {
5927   2              if((ScalerDpRx0GetDpcdInfo(0x06, 0x80, 0x07) != 0x00) || (ScalerDpRx0GetDpcdInfo(0x06, 0x80, 0x08)
             - != 0x00) ||
5928   2                 (ScalerDpRx0GetDpcdInfo(0x06, 0x80, 0x09) != 0x00) || (ScalerDpRx0GetDpcdInfo(0x06, 0x80, 0x0A)
             - != 0x00) ||
5929   2                 (ScalerDpRx0GetDpcdInfo(0x06, 0x80, 0x0B) != 0x00))
5930   2              {
5931   3                  return _TRUE;
5932   3              }
5933   2              else
5934   2              {
5935   3                  return _FALSE;
5936   3              }
5937   2          }
5938   1          else
5939   1          {
5940   2              return _TRUE;
5941   2          }
5942   1      }
5943          
5944          //--------------------------------------------------
5945          // Description  : Dp Mac Initial Setting
5946          // Input Value  : None
5947          // Output Value : None
5948          //--------------------------------------------------
5949          void ScalerDpRx0MacInitial(void)
5950          {
5951   1          // Set Digital Phy to Normal
5952   1          ScalerSetBit(PB_01_PHY_DIG_RESET_CTRL, ~_BIT1, 0x00);
5953   1      
5954   1          // DP RGB Output Enable
5955   1          ScalerSetBit(PB5_31_DP_OUTPUT_CTRL, ~(_BIT2 | _BIT1 | _BIT0), (_BIT2 | _BIT1 | _BIT0));
C51 COMPILER V9.60.0.0   SCALERDPRX0_SEPTPHY                                               09/24/2026 09:30:19 PAGE 100 

5956   1      
5957   1          // DP CLK Output Enable
5958   1          ScalerSetBit(PB5_B8_MN_SCLKG_SDM_CTRL, ~_BIT6, _BIT6);
5959   1      
5960   1          // 0x00:disable error correction, 0xF4:enable all error correction
5961   1          ScalerSetBit(PB6_00_MN_STRM_ATTR_CTRL, ~_BIT1, _BIT1);
5962   1      
5963   1          // Disable DP Fifo Under/OverFlow Watch Dog
5964   1          ScalerDpRx0SetFifoWD(_DISABLE);
5965   1      
5966   1          // Disable DP Fifo Under/OverFlow IRQ
5967   1          ScalerDpRx0SetFifoIRQ(_DISABLE);
5968   1      
5969   1          // Disable DP No Video Stream IRQ
5970   1          ScalerDpRx0SetNoVideoStreamIRQ(_DISABLE);
5971   1      
5972   1          ScalerDpRx0SetInitialRSV0InfoType();
5973   1      
5974   1      #if((_DP_VSC_SDP_EXT_FOR_COLORIMETRY_SUPPORT == _ON) && (_HW_DP_VSC_SDP_REG_SUPPORT != _ON))
5975   1          ScalerDpRx0SetInitialRSV1InfoType();
5976   1      #endif
5977   1      
5978   1          CLR_DP_RX0_MSA_FAIL_MAC_RESET_COUNT();
5979   1      
5980   1      #if(_DP_IVF_OOR_EXTEND_SUPPORT == _ON)
                  CLR_DP_RX0_JUDGE_OOR();
              #endif
5983   1      }
5984          //--------------------------------------------------
5985          // Description : check DP CDR locked or unlocked
5986          //               It can not use pData to avoid cross-function usage
5987          // Input Value  : DP Lane
5988          // Output Value : True --> locked; False --> unlocked
5989          //--------------------------------------------------
5990          bit ScalerDpRx0MeasureLaneCDRClk(BYTE ucDpLinkRate, BYTE ucDpRx0LaneNumber)
5991          {
5992   1          WORD usCDRClockCount = 0;
5993   1          BYTE ucCount = 0;
5994   1      
5995   1          switch(ucDpLinkRate)
5996   1          {
5997   2              case _DP_LINK_HBR2:
5998   2      
5999   2                  if((abs(g_pusDpRx0ClockCount[ucDpRx0LaneNumber] - 0x2710)) > (0x2710 >> 4))
6000   2                  {
6001   3                      return _TRUE;
6002   3                  }
6003   2      
6004   2                  break;
6005   2      
6006   2              case _DP_LINK_HBR:
6007   2      
6008   2                  if((abs(g_pusDpRx0ClockCount[ucDpRx0LaneNumber] - 0x1388)) > (0x1388 >> 4))
6009   2                  {
6010   3                      return _TRUE;
6011   3                  }
6012   2      
6013   2                  break;
6014   2      
6015   2              default:
6016   2              case _DP_LINK_RBR:
6017   2      
C51 COMPILER V9.60.0.0   SCALERDPRX0_SEPTPHY                                               09/24/2026 09:30:19 PAGE 101 

6018   2                  if((abs(g_pusDpRx0ClockCount[ucDpRx0LaneNumber] - 0xBB8)) > (0xBB8 >> 4))
6019   2                  {
6020   3                      return _TRUE;
6021   3                  }
6022   2      
6023   2                  break;
6024   2          }
6025   1      
6026   1          // Select Measure CDR Clock & XTAL 27M Count 1000 Times
6027   1          ScalerSetByte(PB_50_DP_SIG_DET_0, 0x23);
6028   1      
6029   1          // Select CDR Lane
6030   1          ScalerSetBit(PB_51_DP_SIG_DET_1, ~(_BIT1 | _BIT0), ucDpRx0LaneNumber);
6031   1      
6032   1          // [6] LANE_COUNT_CLEAR = 0 -> Keep the LANE_COUNT value
6033   1          ScalerSetBit(PB_52_DP_SIG_DET_2, ~_BIT6, 0x00);
6034   1      
6035   1          // Toggle Start Measure
6036   1          ScalerSetBit(PB_50_DP_SIG_DET_0, ~_BIT7, 0x00);
6037   1          ScalerSetBit(PB_50_DP_SIG_DET_0, ~_BIT7, _BIT7);
6038   1      
6039   1          // Delay Time us [5,150] Polling for Measure Done
6040   1          for(ucCount = 0; ucCount <= 30; ucCount++)
6041   1          {
6042   2              DELAY_5US();
6043   2      
6044   2              if(ScalerGetBit(PB_50_DP_SIG_DET_0, _BIT6) == _BIT6)
6045   2              {
6046   3                  break;
6047   3              }
6048   2          }
6049   1      
6050   1          if(ScalerGetBit(PB_50_DP_SIG_DET_0, _BIT6) == 0x00)
6051   1          {
6052   2              return _FALSE;
6053   2          }
6054   1      
6055   1          usCDRClockCount = ((((WORD)ScalerGetByte(PB_53_DP_SIG_DET_3)) << 8) | ScalerGetByte(PB_54_DP_SIG_DET_4
             -));
6056   1      
6057   1          if(abs(g_pusDpRx0ClockCount[ucDpRx0LaneNumber] - usCDRClockCount) > (g_pusDpRx0ClockCount[ucDpRx0LaneN
             -umber] >> 7))
6058   1          {
6059   2              return _FALSE;
6060   2          }
6061   1      
6062   1          return _TRUE;
6063   1      }
6064          //--------------------------------------------------
6065          // Description  : Check Dp Training Pattern 1 for PHY CTS
6066          // Input Value  : None
6067          // Output Value : TRUE --> TP1 Pass
6068          //--------------------------------------------------
6069          bit ScalerDpRx0PhyCtsTp1Check(void)
6070          {
6071   1          // Wait for 10ms
6072   1          ScalerTimerDelayXms(10);
6073   1      
6074   1          // Clear 8B/10B Decode Error Flags
6075   1          ScalerSetBit(PB_06_DECODE_10B8B_ERROR, ~(_BIT3 | _BIT2 | _BIT1 | _BIT0), (_BIT3 | _BIT2 | _BIT1 | _BIT
             -0));
6076   1      
C51 COMPILER V9.60.0.0   SCALERDPRX0_SEPTPHY                                               09/24/2026 09:30:19 PAGE 102 

6077   1          // Wait for 2ms
6078   1          ScalerTimerDelayXms(2);
6079   1      
6080   1          ScalerSetByte(P1D_0C_SDM_01, ScalerGetByte(PB_06_DECODE_10B8B_ERROR));
6081   1          ScalerSetByte(P1D_0D_SDM_02, ScalerGetByte(PB_14_EQ_CRC_3));
6082   1      
6083   1          switch(g_ucDpRx0PhyCtsCtrl & 0x30)
6084   1          {
6085   2              case 0x00: // Lane0 Test
6086   2      
6087   2                  // EQ auto K,Check lane0 CRC
6088   2                  pData[0] = 0x10;
6089   2      
6090   2                  break;
6091   2      
6092   2              case 0x10: // Lane1 Test
6093   2      
6094   2                  // EQ auto K,Check lane1 CRC
6095   2                  pData[0] = 0x20;
6096   2      
6097   2                  break;
6098   2      
6099   2              case 0x20: // Lane2 Test
6100   2      
6101   2                  // EQ auto K,Check lane2 CRC
6102   2                  pData[0] = 0x40;
6103   2      
6104   2                  break;
6105   2      
6106   2              case 0x30: // Lane3 Test
6107   2      
6108   2                  // EQ auto K,Check lane3 CRC
6109   2                  pData[0] = 0x80;
6110   2      
6111   2                  break;
6112   2      
6113   2              default:
6114   2      
6115   2                  pData[0] = 0x00;
6116   2      
6117   2                  break;
6118   2          }
6119   1      
6120   1          if(((ScalerGetByte(P1D_0C_SDM_01) & 0x0F) == 0x00) &&
6121   1             ((ScalerGetByte(P1D_0D_SDM_02) & pData[0]) != 0x00))
6122   1          {
6123   2              return _TRUE;
6124   2          }
6125   1      
6126   1          return _FALSE;
6127   1      }
6128          //--------------------------------------------------
6129          // Description  : Check Dp Training Pattern 2 for PHY CTS
6130          // Input Value  : None
6131          // Output Value : TRUE --> TP2 Pass
6132          //--------------------------------------------------
6133          bit ScalerDpRx0PhyCtsTp2Check(void)
6134          {
6135   1          ScalerTimerDelayXms(10);
6136   1      
6137   1          switch(g_ucDpRx0PhyCtsCtrl & 0x30)
6138   1          {
C51 COMPILER V9.60.0.0   SCALERDPRX0_SEPTPHY                                               09/24/2026 09:30:19 PAGE 103 

6139   2              case 0x00: // Lane0 Test
6140   2      
6141   2                  ScalerSetBit(PB_08_BIST_PATTERN_SEL, ~(_BIT4 | _BIT3), 0x00);
6142   2      
6143   2                  break;
6144   2      
6145   2              case 0x10: // Lane1 Test
6146   2      
6147   2                  ScalerSetBit(PB_08_BIST_PATTERN_SEL, ~(_BIT4 | _BIT3), _BIT3);
6148   2      
6149   2                  break;
6150   2      
6151   2              case 0x20: // Lane2 Test
6152   2      
6153   2                  ScalerSetBit(PB_08_BIST_PATTERN_SEL, ~(_BIT4 | _BIT3), _BIT4);
6154   2      
6155   2                  break;
6156   2      
6157   2              case 0x30: // Lane3 Test
6158   2      
6159   2                  ScalerSetBit(PB_08_BIST_PATTERN_SEL, ~(_BIT4 | _BIT3), (_BIT4 | _BIT3));
6160   2      
6161   2                  break;
6162   2      
6163   2              default:
6164   2                  break;
6165   2          }
6166   1      
6167   1          // Mac Use Xtal Clk
6168   1          ScalerSetBit(PB_01_PHY_DIG_RESET_CTRL, ~_BIT6, _BIT6);
6169   1      
6170   1          // Clear EQ-CRC
6171   1          ScalerSetBit(PB_12_EQ_CRC_1, ~(_BIT7 | _BIT6), _BIT6);
6172   1      
6173   1          // Start Calculate EQ-CRC
6174   1          ScalerSetBit(PB_12_EQ_CRC_1, ~(_BIT7 | _BIT6), (_BIT7 | _BIT6));
6175   1      
6176   1          ScalerTimerDelayXms(2);
6177   1      
6178   1          ScalerSetByte(P1D_0C_SDM_01, ScalerGetByte(PB_12_EQ_CRC_1));
6179   1          ScalerSetByte(P1D_0D_SDM_02, ScalerGetByte(PB_13_EQ_CRC_2));
6180   1      
6181   1          // Stop Calculate EQ-CRC
6182   1          ScalerSetBit(PB_12_EQ_CRC_1, ~(_BIT7 | _BIT6), _BIT6);
6183   1      
6184   1          switch(g_ucDpRx0PhyCtsCtrl & 0x30)
6185   1          {
6186   2              case 0x00: // Lane0 Test
6187   2      
6188   2                  pData[0] = 0x01;
6189   2      
6190   2                  break;
6191   2      
6192   2              case 0x10: // Lane1 Test
6193   2      
6194   2                  pData[0] = 0x02;
6195   2      
6196   2                  break;
6197   2      
6198   2              case 0x20: // Lane2 Test
6199   2      
6200   2                  pData[0] = 0x04;
C51 COMPILER V9.60.0.0   SCALERDPRX0_SEPTPHY                                               09/24/2026 09:30:19 PAGE 104 

6201   2      
6202   2                  break;
6203   2      
6204   2              case 0x30: // Lane3 Test
6205   2      
6206   2                  pData[0] = 0x08;
6207   2      
6208   2                  break;
6209   2      
6210   2              default:
6211   2      
6212   2                  pData[0] = 0x00;
6213   2      
6214   2                  break;
6215   2          }
6216   1      
6217   1          if((ScalerGetByte(P1D_0C_SDM_01) & pData[0]) != 0x00)
6218   1          {
6219   2              return _TRUE;
6220   2          }
6221   1      
6222   1          return _FALSE;
6223   1      }
6224          //--------------------------------------------------
6225          // Description  : DP Phy Initial Setting
6226          // Input Value  : None
6227          // Output Value : None
6228          //--------------------------------------------------
6229          void ScalerDpRx0PhyInitial(void)
6230          {
6231   1          /////////////
6232   1          // Rx Misc //
6233   1          /////////////
6234   1      
6235   1          // [1] mhl_mode = 1'b0 --> Disable MHL Mode
6236   1          ScalerSetBit(P1D_17_BANDGAP_03, ~_BIT1, 0x00);
6237   1      
6238   1          // [4] en_mhl_op = 1'b0 --> Disable D0 Port MHL OP
6239   1          // [2] HST_BUF_SEL = 1'b0 --> Disable Hysteresis Amplifier in Clock Lane
6240   1          ScalerSetBit(P1D_1B_CMU_01, ~(_BIT4 | _BIT2), 0x00);
6241   1      
6242   1      
6243   1          /////////////////////
6244   1          // CDR DFE Setting //
6245   1          /////////////////////
6246   1      
6247   1          // [3:1] LE_lowgain_highboost = 3'b100 --> LE HighGain Mode
6248   1          ScalerSetBit(P1D_22_CMU_08, ~(_BIT3 | _BIT2 | _BIT1), 0x00);
6249   1      
6250   1          // [7] SEL_DFE_DELAY = 1'b0 --> Normal DFE Delay
6251   1          ScalerSetBit(P1D_22_CMU_08, ~_BIT7, 0x00);
6252   1      
6253   1          // [0] De_brank_en = 1'b0 --> Disable Blank Function
6254   1          ScalerSetBit(P1D_AF_L0_GDI_DE, ~_BIT0, 0x00);
6255   1          ScalerSetBit(P1D_BF_L1_GDI_DE, ~_BIT0, 0x00);
6256   1          ScalerSetBit(P1D_CF_L2_GDI_DE, ~_BIT0, 0x00);
6257   1          ScalerSetBit(P1D_DF_L3_GDI_DE, ~_BIT0, 0x00);
6258   1      
6259   1          // [3:0] Set Digital PHY Sampling Edge (APHY to DPHY), Spec Suggest Use 0x0F in 6410/6432
6260   1          ScalerSetBit(PB_05_SAMPLE_EDGE, ~(_BIT3 | _BIT2 | _BIT1 | _BIT0), 0x00);
6261   1      
6262   1          // [7] en_wide_temp = 1'b1 --> Vcp-Vcn = -0.1V
C51 COMPILER V9.60.0.0   SCALERDPRX0_SEPTPHY                                               09/24/2026 09:30:19 PAGE 105 

6263   1          ScalerSetBit(P1D_35_ANA_CDR_10, ~_BIT7, _BIT7);
6264   1      
6265   1          // [3:2] reg_cdr_kvco = 2'b01 --> Analog CDR KVCO = 700M/v
6266   1          // [1:0] reg_vcm_tune = 2'b11 --> Vcm = VDD/2
6267   1          ScalerSetBit(P1D_30_ANA_CDR_05, ~(_BIT3 | _BIT2 | _BIT1 | _BIT0), (_BIT2 | _BIT1 | _BIT0));
6268   1      
6269   1          // [4] sel_cont3 = 1'b1 --> BBPD UP/DN Pulse Div 3
6270   1          ScalerSetBit(P1D_2D_ANA_CDR_02, ~_BIT4, _BIT4);
6271   1      
6272   1          // [3:2] ENHANCE_SA_BIAS = 2'b00 --> SumAmp Bias = Normal
6273   1          ScalerSetBit(P1D_1D_CMU_03, ~(_BIT3 | _BIT2), 0x00);
6274   1      
6275   1          // [7:4] Enable Data Stream Signal Detection
6276   1          ScalerSetBit(P1D_19_IMPEDANCE_01, ~(_BIT7 | _BIT6 | _BIT5 | _BIT4), (_BIT7 | _BIT6 | _BIT5 | _BIT4));
6277   1      
6278   1          // DP Global Parameter MeasureCount Initial
6279   1          ScalerSyncDpMeasureCountInitial();
6280   1      }
6281          //--------------------------------------------------
6282          // Description  : DP Port Source/Sync Scanning and Setting
6283          // Input Value  : None
6284          // Output Value : Source DP --> DP Sync Stable
6285          //                Source None --> No Stable Sync
6286          //--------------------------------------------------
6287          BYTE ScalerDpRx0ScanInputPort(void)
6288          {
6289   1          if(GET_DP_RX0_LINK_TRAINING_STATUS() != _DP_NORMAL_LINK_TRAINING_PASS)
6290   1          {
6291   2              return _SOURCE_NONE;
6292   2          }
6293   1      
6294   1          // 2nd Scramble Setting Sync
6295   1          ScalerDpRx0ScrambleSetting();
6296   1      
6297   1          if(ScalerDpRx0HdcpCheck() == _FALSE)
6298   1          {
6299   2              DebugMessageRx0("7. DP HDCP Check Fail", 0);
6300   2      
6301   2              ScalerDpRx0CpIRQ(_DP_HDCP_BSTATUS_LINK_INTEGRITY_FAIL);
6302   2      
6303   2              SET_DP_RX0_HDCP_CPIRQ();
6304   2      
6305   2      #if(_DP_LONG_HPD_AFTER_CPIRQ_SUPPORT == _ON)
6306   2              if((ScalerDpRx0GetDpcdInfo(0x00, 0x01, 0x11) & _BIT0) == 0x00)
6307   2              {
6308   3                  ScalerTimerReactiveTimerEvent(SEC(1), _SCALER_TIMER_EVENT_DP_RX0_HDCP_LONG_HOTPLUG_EVENT);
6309   3              }
6310   2      #endif
6311   2      
6312   2              return _SOURCE_NONE;
6313   2          }
6314   1      
6315   1          if(ScalerDpRx0GetVideoStream() == _FALSE)
6316   1          {
6317   2              DebugMessageRx0("7. DP Video Stream Fail", 0);
6318   2      
6319   2              return _SOURCE_NONE;
6320   2          }
6321   1      
6322   1      #if(_DP_FREESYNC_SUPPORT == _ON)
6323   1          if((ScalerDpRx0GetDpcdInfo(0x00, 0x01, 0x07) & _BIT7) == _BIT7)
6324   1          {
C51 COMPILER V9.60.0.0   SCALERDPRX0_SEPTPHY                                               09/24/2026 09:30:19 PAGE 106 

6325   2              SET_DP_FREESYNC_ENABLED();
6326   2          }
6327   1          else
6328   1          {
6329   2              CLR_FREESYNC_ENABLED();
6330   2          }
6331   1      #endif
6332   1      
6333   1      #if(_DP_ADAPTIVESYNC_SUPPORT == _ON)
                  if((ScalerDpRx0GetDpcdInfo(0x00, 0x01, 0x07) & (_BIT7 | _BIT6)) == (_BIT7 | _BIT6))
                  {
                      SET_DP_ADAPTIVESYNC_ENABLED();
                  }
                  else
                  {
                      CLR_DP_ADAPTIVESYNC_ENABLED();
                  }
              #endif
6343   1      
6344   1          if(ScalerDpRx0MSACheck() == _FALSE)
6345   1          {
6346   2              DebugMessageRx0("7. DP MSA Fail", 0);
6347   2      
6348   2              return _SOURCE_NONE;
6349   2          }
6350   1      
6351   1      #if(_URGENT_EVENT_CHECK_MODE == _ON)
6352   1          if((ScalerSyncCheckUrgentEvent() == _TRUE))
6353   1          {
6354   2              return _SOURCE_NONE;
6355   2          }
6356   1      #endif
6357   1      
6358   1          if(ScalerDpRx0GetVideoInfo() == _FALSE)
6359   1          {
6360   2              DebugMessageRx0("7. DP Get Video Info Fail", 0);
6361   2      
6362   2              return _SOURCE_NONE;
6363   2          }
6364   1          else
6365   1          {
6366   2              ScalerDpRx0SetColorInfo();
6367   2          }
6368   1      
6369   1          if(ScalerDpRx0DisplayFormatSetting() == _FALSE)
6370   1          {
6371   2              DebugMessageRx0("7. DP Display Format Fail", 0);
6372   2      
6373   2              return _SOURCE_NONE;
6374   2          }
6375   1      
6376   1      #if(_URGENT_EVENT_CHECK_MODE == _ON)
6377   1          if((ScalerSyncCheckUrgentEvent() == _TRUE))
6378   1          {
6379   2              return _SOURCE_NONE;
6380   2          }
6381   1      #endif
6382   1      
6383   1          if(ScalerDpRx0StreamClkRegenerate() == _FALSE)
6384   1          {
6385   2              DebugMessageRx0("7. DP SteamClk Fail", 0);
6386   2      
C51 COMPILER V9.60.0.0   SCALERDPRX0_SEPTPHY                                               09/24/2026 09:30:19 PAGE 107 

6387   2              return _SOURCE_NONE;
6388   2          }
6389   1      
6390   1      #if(_URGENT_EVENT_CHECK_MODE == _ON)
6391   1          if((ScalerSyncCheckUrgentEvent() == _TRUE))
6392   1          {
6393   2              return _SOURCE_NONE;
6394   2          }
6395   1      #endif
6396   1      
6397   1          if(ScalerDpRx0FifoCheck(_DP_FIFO_DELAY_CHECK) == _FALSE)
6398   1          {
6399   2      #if(_DP_FREESYNC_SUPPORT == _ON)
6400   2              if(GET_FREESYNC_ENABLED() == _TRUE)
6401   2              {
6402   3                  return _SOURCE_NONE;
6403   3              }
6404   2              else
6405   2      #endif
6406   2              {
6407   3      #if(_URGENT_EVENT_CHECK_MODE == _ON)
6408   3                  if((ScalerSyncCheckUrgentEvent() == _TRUE))
6409   3                  {
6410   4                      return _SOURCE_NONE;
6411   4                  }
6412   3      #endif
6413   3      
6414   3                  ScalerDpRx0AdjustVsyncDelay();
6415   3      
6416   3      #if(_URGENT_EVENT_CHECK_MODE == _ON)
6417   3                  if((ScalerSyncCheckUrgentEvent() == _TRUE))
6418   3                  {
6419   4                      return _SOURCE_NONE;
6420   4                  }
6421   3      #endif
6422   3      
6423   3                  if(ScalerDpRx0FifoCheck(_DP_FIFO_DELAY_CHECK) == _FALSE)
6424   3                  {
6425   4      #if(_URGENT_EVENT_CHECK_MODE == _ON)
6426   4                      if((ScalerSyncCheckUrgentEvent() == _TRUE))
6427   4                      {
6428   5                          return _SOURCE_NONE;
6429   5                      }
6430   4      #endif
6431   4      
6432   4                      ScalerDpRx0AdjustVsyncDelay();
6433   4      
6434   4      #if(_URGENT_EVENT_CHECK_MODE == _ON)
6435   4                      if((ScalerSyncCheckUrgentEvent() == _TRUE))
6436   4                      {
6437   5                          return _SOURCE_NONE;
6438   5                      }
6439   4      #endif
6440   4      
6441   4                      if(ScalerDpRx0FifoCheck(_DP_FIFO_DELAY_CHECK) == _FALSE)
6442   4                      {
6443   5                          DebugMessageRx0("7. DP Fifo Fail", 0);
6444   5      
6445   5                          return _SOURCE_NONE;
6446   5                      }
6447   4                  }
6448   3              }
C51 COMPILER V9.60.0.0   SCALERDPRX0_SEPTPHY                                               09/24/2026 09:30:19 PAGE 108 

6449   2          }
6450   1      
6451   1          ScalerTimerCancelTimerEvent(_SCALER_TIMER_EVENT_DP_RX0_HDCP_LONG_HOTPLUG_EVENT);
6452   1      
6453   1          CLR_DP_RX0_HDCP_CPIRQ();
6454   1      
6455   1      #if(_DP_FREESYNC_SUPPORT == _ON)
6456   1          if(GET_FREESYNC_ENABLED() == _TRUE)
6457   1          {
6458   2              // Measurement Enable for On-Line VFreq check
6459   2              ScalerSetBit(PB5_58_MN_MEAS_CTRL, ~_BIT7, 0x00);
6460   2              ScalerSetBit(PB5_58_MN_MEAS_CTRL, ~_BIT7, _BIT7);
6461   2      
6462   2              if(ScalerTimerPollingFlagProc(_DP_MEASURE_POLLING_TIMEOUT, PB5_58_MN_MEAS_CTRL, _BIT6, _TRUE) == _
             -FALSE)
6463   2              {
6464   3                  return _SOURCE_NONE;
6465   3              }
6466   2          }
6467   1      #endif
6468   1      
6469   1          ScalerSetBit(PB5_31_DP_OUTPUT_CTRL, ~(_BIT2 | _BIT1 | _BIT0), (_BIT2 | _BIT1 | _BIT0));
6470   1      
6471   1      #if(_AUDIO_SUPPORT == _ON)
6472   1          // Enable Audio Channel
6473   1          ScalerAudioDpAudioEnable(_ENABLE, _D0_INPUT_PORT);
6474   1      #endif
6475   1      
6476   1      #if(_DP_MST_SUPPORT == _ON)
                  CLR_DP_RX0_SOURCE_FIRST_POWER_ON();
              #endif
6479   1      
6480   1      #if(_DP_ULTRA_HDR_SUPPORT == _ON)
6481   1          ScalerDpRx0InfoFrameRSV0Initial();
6482   1      #endif
6483   1      
6484   1      #if(_DP_FREESYNC_SUPPORT == _ON)
6485   1          ScalerFreeSyncDpRx0GetSPDVfreqMaxMin();
6486   1      #endif
6487   1      
6488   1      #if((_DP_HDR10_SUPPORT == _ON) && (_AUDIO_SUPPORT == _ON))
6489   1          ScalerDpRx0SwitchHDR10CmpAudioInfo();
6490   1      
6491   1      #if(_DP_LINK_INTERVAL_CHECK_SUPPORT == _ON)
                  if(GET_DP_RX0_URGENT_LINK_LOSS() == _TRUE)
                  {
                      return _SOURCE_NONE;
                  }
              #endif
6497   1      #endif
6498   1      
6499   1      #if(_AIO_MODERN_STANDBY_SUPPORT == _ON)
                  ScalerDpRx0TimingInfoBackup();
              #endif
6502   1      
6503   1          DebugMessageRx0("Source DP Rx0 Found", 0);
6504   1      
6505   1      #if(_DP_ILLEGAL_IDLE_PATTERN_CHECK_SUPPORT == _ON)
                  SET_DP_RX0_SOURCE_TYPE_JUDGE();
              #endif
6508   1      
6509   1          return _SOURCE_DP;
C51 COMPILER V9.60.0.0   SCALERDPRX0_SEPTPHY                                               09/24/2026 09:30:19 PAGE 109 

6510   1      }
6511          //--------------------------------------------------
6512          // Description  : DP PHY DFE Initial Setting
6513          // Input Value  : None
6514          // Output Value : None
6515          //--------------------------------------------------
6516          void ScalerDpRx0SetDFEInitial(EnumDpLinkRate enumDpLinkRate)
6517          {
6518   1          // [6] Enable Timer Control DFE Loop
6519   1          // [5:4] Reduce Gain to 1/4
6520   1          // [3] Disable Running Length Detection
6521   1          // [2] bypass Blank out Case-3 Symbol
6522   1          ScalerSetBit(P1D_A0_L0_DFE_EN_1, ~(_BIT6 | _BIT5 | _BIT4 | _BIT3 | _BIT2), (_BIT6 | _BIT5));
6523   1          ScalerSetBit(P1D_B0_L1_DFE_EN_1, ~(_BIT6 | _BIT5 | _BIT4 | _BIT3 | _BIT2), (_BIT6 | _BIT5));
6524   1          ScalerSetBit(P1D_C0_L2_DFE_EN_1, ~(_BIT6 | _BIT5 | _BIT4 | _BIT3 | _BIT2), (_BIT6 | _BIT5));
6525   1          ScalerSetBit(P1D_D0_L3_DFE_EN_1, ~(_BIT6 | _BIT5 | _BIT4 | _BIT3 | _BIT2), (_BIT6 | _BIT5));
6526   1      
6527   1          // [7:6] adapt_mode[1:0] = 2'b11 --> Amplitude-based Adaptation with Independent LE Loop(Loop Mode 3)
6528   1          // [5] edge_det_mode = 1 --> Edge Lag Data
6529   1          // [4] transition_only = 1 --> Only Transition Bit is Effective
6530   1          // [3] le_auto_reload = 0 --> Disable Auto-reload LE Coefficient
6531   1          // [2:0] tap1_delay[2:0] = 3'b010 --> Tap1+LE Delay 2us after Tap0
6532   1          ScalerSetByte(P1D_E0_MODE_TIMER, 0xF2);
6533   1      
6534   1          // Set DFE Delay Time
6535   1          ScalerSetByte(P1D_E1_TIMER, 0x01);
6536   1      
6537   1          // Tap0,Tap1 Loop Gain 1/512
6538   1          ScalerSetBit(P1D_E2_GAIN_1, ~(_BIT7 | _BIT6 | _BIT5 | _BIT4 | _BIT3 | _BIT2), (_BIT5 | _BIT2));
6539   1      
6540   1          // Tap2,Tap3 Loop Gain 1/512
6541   1          ScalerSetBit(P1D_E3_GAIN_2, ~(_BIT7 | _BIT6 | _BIT5 | _BIT4 | _BIT3 | _BIT2), (_BIT5 | _BIT2));
6542   1      
6543   1          // Tap4,Servo Loop Gain 1/512
6544   1          ScalerSetBit(P1D_E4_GAIN_3, ~(_BIT7 | _BIT6 | _BIT5 | _BIT4 | _BIT3 | _BIT2), (_BIT5 | _BIT3));
6545   1      
6546   1          // LE Gain1 Loop Gain 1/256, LE Gain2 Loop Gain 0, LE Pre-Courser Gain 0
6547   1          ScalerSetBit(P1D_E5_GAIN_4, ~(_BIT7 | _BIT6 | _BIT5 | _BIT4 | _BIT3 | _BIT2 | _BIT1), (_BIT6 | _BIT4 |
             - _BIT3));
6548   1          ScalerSetBit(P1D_FA_GAIN_PREC, ~(_BIT3 | _BIT2 | _BIT1 | _BIT0), (_BIT2 | _BIT1));
6549   1      
6550   1          // Tap0 Max is 21
6551   1          ScalerSetByte(P1D_E6_LIMIT_1, 0x35);
6552   1      
6553   1          if(enumDpLinkRate == _DP_LINK_HBR2)
6554   1          {
6555   2              if(GET_DP_RX0_PHY_CTS_FLG() == _TRUE)
6556   2              {
6557   3                  // Tap1 Min is 49
6558   3                  ScalerSetBit(P1D_E7_LIMIT_2, ~(_BIT5 | _BIT4 | _BIT3 | _BIT2 | _BIT1 | _BIT0), (_BIT5 | _BIT4 
             -| _BIT0));
6559   3              }
6560   2              else
6561   2              {
6562   3                  // Tap1 Min is 46
6563   3                  ScalerSetBit(P1D_E7_LIMIT_2, ~(_BIT5 | _BIT4 | _BIT3 | _BIT2 | _BIT1 | _BIT0), (_BIT5 | _BIT3 
             -| _BIT2 | _BIT1));
6564   3              }
6565   2          }
6566   1          else
6567   1          {
6568   2              // Tap1 Min is 51
C51 COMPILER V9.60.0.0   SCALERDPRX0_SEPTPHY                                               09/24/2026 09:30:19 PAGE 110 

6569   2              ScalerSetBit(P1D_E7_LIMIT_2, ~(_BIT5 | _BIT4 | _BIT3 | _BIT2 | _BIT1 | _BIT0), (_BIT5 | _BIT4 | _B
             -IT1 | _BIT0));
6570   2          }
6571   1      
6572   1          // Tap2 Max is 6, Min is -6
6573   1          ScalerSetBit(P1D_E8_LIMIT_3, ~(_BIT7 | _BIT6 | _BIT5 | _BIT4 | _BIT3), (_BIT5 | _BIT4));
6574   1          ScalerSetBit(P1D_E8_LIMIT_3, ~(_BIT2 | _BIT1 | _BIT0), _BIT0);
6575   1          ScalerSetBit(P1D_E9_LIMIT_4, ~(_BIT7 | _BIT6), _BIT7);
6576   1      
6577   1          // Tap3 Max is 0, Min is -3
6578   1          ScalerSetBit(P1D_E9_LIMIT_4, ~(_BIT4 | _BIT3 | _BIT2 | _BIT1 | _BIT0), 0x00);
6579   1          ScalerSetBit(P1D_EA_LIMIT_5, ~(_BIT7 | _BIT6 | _BIT5 | _BIT4 | _BIT3), (_BIT4 | _BIT3));
6580   1      
6581   1          // Tap4 Max is 0, Min is -3
6582   1          ScalerSetBit(P1D_EA_LIMIT_5, ~(_BIT2 | _BIT1 | _BIT0), 0x00);
6583   1          ScalerSetBit(P1D_EB_LIMIT_6, ~(_BIT7 | _BIT6), 0x00);
6584   1          ScalerSetBit(P1D_EB_LIMIT_6, ~(_BIT4 | _BIT3 | _BIT2 | _BIT1 | _BIT0), (_BIT1 | _BIT0));
6585   1      
6586   1          // Tap0 Threshold = 10
6587   1          ScalerSetBit(P1D_EF_RESET_1, ~(_BIT7 | _BIT6 | _BIT5 | _BIT4), (_BIT7 | _BIT5));
6588   1      
6589   1          if(ScalerDpRx0GetDpcdInfo(0x00, 0x01, 0x00) == 0x00)
6590   1          {
6591   2              // Set Vth Max = 6, Min = 0
6592   2              ScalerSetByte(P1D_F9_LIMIT_10, 0x60);
6593   2          }
6594   1          else if(enumDpLinkRate == _DP_LINK_HBR2)
6595   1          {
6596   2              // Set Vth Max = 6, Min = 4
6597   2              ScalerSetByte(P1D_F9_LIMIT_10, 0x64);
6598   2          }
6599   1          else
6600   1          {
6601   2              // Set Vth Max = 6, Min = 2
6602   2              ScalerSetByte(P1D_F9_LIMIT_10, 0x62);
6603   2          }
6604   1      
6605   1          // Set Vth/Servo-loop/Tap Divider
6606   1          ScalerSetByte(P1D_EC_LOOP_DIV_1, 0xA3);
6607   1      
6608   1          // Tap Divider = 10 for TP2
6609   1          ScalerSetByte(P1D_ED_LOOP_DIV_2, 0xCA);
6610   1      
6611   1          // [1] tap1_trans = 1'b0 --> Tap1 is Effective every bit
6612   1          // [0] tap0_trans = 1'b0 --> Tap0 is Effective every bit
6613   1          ScalerSetBit(P1D_E3_GAIN_2, ~(_BIT1 | _BIT0), 0x00);
6614   1      
6615   1          if(enumDpLinkRate == _DP_LINK_HBR2)
6616   1          {
6617   2              // [1:0] trans_rlength = 2'b01 --> Tap0 Run Length = 3
6618   2              ScalerSetBit(P1D_E4_GAIN_3, ~(_BIT1 | _BIT0), _BIT0);
6619   2          }
6620   1          else
6621   1          {
6622   2              // [1:0] trans_rlength = 2'b00 --> Tap0 Run Length = 2
6623   2              ScalerSetBit(P1D_E4_GAIN_3, ~(_BIT1 | _BIT0), 0x00);
6624   2          }
6625   1      
6626   1          // [5] servo_notrans = 1'b0 --> Servo is Effective every bit
6627   1          // [4] tap0_notrans = 1'b0 --> Tap0 is Effective every bit
6628   1          ScalerSetBit(P1D_F8_GRAY_DEC_2, ~(_BIT5 | _BIT4), 0x00);
6629   1      
C51 COMPILER V9.60.0.0   SCALERDPRX0_SEPTPHY                                               09/24/2026 09:30:19 PAGE 111 

6630   1      
6631   1          /////////////////////////
6632   1          // DFE Code Initialize //
6633   1          /////////////////////////
6634   1      
6635   1          if(enumDpLinkRate == _DP_LINK_HBR2)
6636   1          {
6637   2              if((GET_DP_RX0_PHY_CTS_FLG() == _TRUE) || (ScalerDpRx0GetDpcdBitInfo(0x00, 0x02, 0x70, _BIT7) == _
             -BIT7))
6638   2              {
6639   3                  // LE Max = 18, Initial = 16, Servo Initial = 16
6640   3                  ScalerSetByte(P1D_A2_L0_LIMIT_INIT, 0x20);
6641   3                  ScalerSetByte(P1D_B2_L1_LIMIT_INIT, 0x20);
6642   3                  ScalerSetByte(P1D_C2_L2_LIMIT_INIT, 0x20);
6643   3                  ScalerSetByte(P1D_D2_L3_LIMIT_INIT, 0x20);
6644   3                  ScalerSetByte(P1D_A3_L0_INIT_1, 0xD0);
6645   3                  ScalerSetByte(P1D_B3_L1_INIT_1, 0xD0);
6646   3                  ScalerSetByte(P1D_C3_L2_INIT_1, 0xD0);
6647   3                  ScalerSetByte(P1D_D3_L3_INIT_1, 0xD0);
6648   3              }
6649   2              else
6650   2              {
6651   3                  // LE Max = 20, Initial = 12, Servo Initial = 16
6652   3                  ScalerSetByte(P1D_A2_L0_LIMIT_INIT, 0x4C);
6653   3                  ScalerSetByte(P1D_B2_L1_LIMIT_INIT, 0x4C);
6654   3                  ScalerSetByte(P1D_C2_L2_LIMIT_INIT, 0x4C);
6655   3                  ScalerSetByte(P1D_D2_L3_LIMIT_INIT, 0x4C);
6656   3                  ScalerSetByte(P1D_A3_L0_INIT_1, 0x90);
6657   3                  ScalerSetByte(P1D_B3_L1_INIT_1, 0x90);
6658   3                  ScalerSetByte(P1D_C3_L2_INIT_1, 0x90);
6659   3                  ScalerSetByte(P1D_D3_L3_INIT_1, 0x90);
6660   3              }
6661   2          }
6662   1          else
6663   1          {
6664   2              // LE Max = 20, Initial = 16, Servo Initial = 16
6665   2              ScalerSetByte(P1D_A2_L0_LIMIT_INIT, 0x40);
6666   2              ScalerSetByte(P1D_B2_L1_LIMIT_INIT, 0x40);
6667   2              ScalerSetByte(P1D_C2_L2_LIMIT_INIT, 0x40);
6668   2              ScalerSetByte(P1D_D2_L3_LIMIT_INIT, 0x40);
6669   2              ScalerSetByte(P1D_A3_L0_INIT_1, 0xD0);
6670   2              ScalerSetByte(P1D_B3_L1_INIT_1, 0xD0);
6671   2              ScalerSetByte(P1D_C3_L2_INIT_1, 0xD0);
6672   2              ScalerSetByte(P1D_D3_L3_INIT_1, 0xD0);
6673   2          }
6674   1      
6675   1          // Tap0 Initial Value = 18
6676   1          ScalerSetByte(P1D_A4_L0_INIT_2, 0x12);
6677   1          ScalerSetByte(P1D_B4_L1_INIT_2, 0x12);
6678   1          ScalerSetByte(P1D_C4_L2_INIT_2, 0x12);
6679   1          ScalerSetByte(P1D_D4_L3_INIT_2, 0x12);
6680   1      
6681   1          // Tap1 Initial Value = 15
6682   1          ScalerSetByte(P1D_A5_L0_INIT_3, 0x0F);
6683   1          ScalerSetByte(P1D_B5_L1_INIT_3, 0x0F);
6684   1          ScalerSetByte(P1D_C5_L2_INIT_3, 0x0F);
6685   1          ScalerSetByte(P1D_D5_L3_INIT_3, 0x0F);
6686   1      
6687   1          // Tap2 Initial Value = 0
6688   1          ScalerSetByte(P1D_A6_L0_INIT_4, 0x00);
6689   1          ScalerSetByte(P1D_B6_L1_INIT_4, 0x00);
6690   1          ScalerSetByte(P1D_C6_L2_INIT_4, 0x00);
C51 COMPILER V9.60.0.0   SCALERDPRX0_SEPTPHY                                               09/24/2026 09:30:19 PAGE 112 

6691   1          ScalerSetByte(P1D_D6_L3_INIT_4, 0x00);
6692   1      
6693   1          // Vth Initial Value = 4
6694   1          ScalerSetByte(P1D_A9_L0_INIT_7, 0x04);
6695   1          ScalerSetByte(P1D_B9_L1_INIT_7, 0x04);
6696   1          ScalerSetByte(P1D_C9_L2_INIT_7, 0x04);
6697   1          ScalerSetByte(P1D_D9_L3_INIT_7, 0x04);
6698   1      
6699   1          // Load Intial DFE Code
6700   1          ScalerSetByte(P1D_AA_L0_INIT_8, 0xFF);
6701   1          ScalerSetByte(P1D_BA_L1_INIT_8, 0xFF);
6702   1          ScalerSetByte(P1D_CA_L2_INIT_8, 0xFF);
6703   1          ScalerSetByte(P1D_DA_L3_INIT_8, 0xFF);
6704   1      
6705   1          ScalerSetByte(P1D_AA_L0_INIT_8, 0x00);
6706   1          ScalerSetByte(P1D_BA_L1_INIT_8, 0x00);
6707   1          ScalerSetByte(P1D_CA_L2_INIT_8, 0x00);
6708   1          ScalerSetByte(P1D_DA_L3_INIT_8, 0x00);
6709   1      
6710   1          // DFE Loop Normal
6711   1          ScalerSetBit(P1D_EF_RESET_1, ~(_BIT3 | _BIT2 | _BIT1 | _BIT0), 0x00);
6712   1          ScalerSetBit(P1D_EF_RESET_1, ~(_BIT3 | _BIT2 | _BIT1 | _BIT0), (_BIT3 | _BIT2 | _BIT1 | _BIT0));
6713   1      
6714   1          // Disable All Adaptation Loop
6715   1          ScalerSetByte(P1D_A1_L0_DFE_EN_2, 0x00);
6716   1          ScalerSetByte(P1D_B1_L1_DFE_EN_2, 0x00);
6717   1          ScalerSetByte(P1D_C1_L2_DFE_EN_2, 0x00);
6718   1          ScalerSetByte(P1D_D1_L3_DFE_EN_2, 0x00);
6719   1      }
6720          //--------------------------------------------------
6721          // Description  : Enable DP Fifo Under/OverFlow IRQ
6722          // Input Value  : _ENABLE/ DISABLE
6723          // Output Value : None
6724          //--------------------------------------------------
6725          void ScalerDpRx0SetFifoIRQ(bit bEn)
6726          {
6727   1          ScalerSetBit(PB6_3A_DP_IRQ_CTRL0, ~(_BIT1 | _BIT0), ((bEn == _ENABLE) ? (_BIT1 | _BIT0) : 0x00));
6728   1      }
6729          //--------------------------------------------------
6730          // Description  : Enable DP Fifo Under/OverFlow Watch Dog
6731          // Input Value  : _ENABLE/ DISABLE
6732          // Output Value : None
6733          //--------------------------------------------------
6734          void ScalerDpRx0SetFifoWD(bit bEn)
6735          {
6736   1          ScalerSetBit(PB6_38_DP_VWD_CTRL, ~(_BIT5 | _BIT4), ((bEn == _ENABLE) ? (_BIT5 | _BIT4) : 0x00));
6737   1      }
6738          
6739          //--------------------------------------------------
6740          // Description  : On Line Check DP stability
6741          // Input Value  : None
6742          // Output Value : True --> DP Stable
6743          //                False --> DP Unstable
6744          //--------------------------------------------------
6745          bit ScalerDpRx0StableDetect(void)
6746          {
6747   1      #if(_DP_POWER_MANAGEMENT_FOR_FAST_DISPLAY_RECOVER == _ON)
                  if(ScalerDpRx0GetDpcdBitInfo(0x00, 0x06, 0x00, (_BIT2 | _BIT1 | _BIT0)) == _BIT1)
              #else
6750   1          if((ScalerDpRx0GetDpcdBitInfo(0x00, 0x06, 0x00, (_BIT2 | _BIT1 | _BIT0)) == _BIT1) ||
6751   1             (ScalerDpRx0GetDpcdBitInfo(0x00, 0x06, 0x00, (_BIT2 | _BIT1 | _BIT0)) == (_BIT2 | _BIT0)))
6752   1      #endif
C51 COMPILER V9.60.0.0   SCALERDPRX0_SEPTPHY                                               09/24/2026 09:30:19 PAGE 113 

6753   1          {
6754   2              DebugMessageRx0("7. DP Power Down", 0);
6755   2      
6756   2              return _FALSE;
6757   2          }
6758   1      
6759   1          if((ScalerDpRx0CDRCheck(ScalerDpRx0GetDpcdInfo(0x00, 0x01, 0x00), (ScalerDpRx0GetDpcdInfo(0x00, 0x01, 
             -0x01) & 0x1F)) == _FALSE) ||
6760   1             (ScalerDpRx0AlignCheck() == _FALSE) ||
6761   1             (ScalerDpRx0DecodeCheck() == _FALSE) ||
6762   1             ((ScalerDpRx0DFECheck() == _FALSE) && (ScalerDpRx0SignalCheck(ScalerDpRx0GetDpcdInfo(0x00, 0x01, 0x
             -00), (ScalerDpRx0GetDpcdInfo(0x00, 0x01, 0x01) & 0x1F)) == _FALSE)))
6763   1          {
6764   2              DebugMessageRx0("7. DP Link Fail", 0);
6765   2      
6766   2              return _FALSE;
6767   2          }
6768   1      
6769   1          if(ScalerDpRx0GetVideoStream() == _FALSE)
6770   1          {
6771   2              DebugMessageRx0("7. DP Video Stream Fail", 0);
6772   2      
6773   2              return _FALSE;
6774   2          }
6775   1      
6776   1          if(ScalerDpRx0MiscCheck() == _FALSE)
6777   1          {
6778   2              DebugMessageRx0("7. DP Misc Change", 0);
6779   2      
6780   2              return _FALSE;
6781   2          }
6782   1      
6783   1          if(ScalerDpRx0FifoCheck(_DP_FIFO_POLLING_CHECK) == _FALSE)
6784   1          {
6785   2              DebugMessageRx0("7. Fifo Under/Overflow", 0);
6786   2      
6787   2              return _FALSE;
6788   2          }
6789   1      
6790   1          if(ScalerDpRx0MSAActiveChange() == _TRUE)
6791   1          {
6792   2              DebugMessageRx0("7. MSA Timing Change", 0);
6793   2      
6794   2              return _FALSE;
6795   2          }
6796   1      
6797   1      #if(_DP_FREESYNC_SUPPORT == _ON)
6798   1          if(ScalerDpRx0GetFREESYNCStatusChange() == _TRUE)
6799   1          {
6800   2              return _FALSE;
6801   2          }
6802   1      #endif
6803   1      
6804   1          // Clear CPIRQ Flag
6805   1          ScalerDpRx0CheckHdcpCpirqStatus();
6806   1      
6807   1          ScalerDpRx0CrcCalculate();
6808   1      
6809   1          return _TRUE;
6810   1      }
6811          
6812          #if(_DP_LINK_INTERVAL_CHECK_SUPPORT == _ON)
C51 COMPILER V9.60.0.0   SCALERDPRX0_SEPTPHY                                               09/24/2026 09:30:19 PAGE 114 

              //--------------------------------------------------
              // Description  : Check DP Phy Link Loss
              // Input Value  : None
              // Output Value : True --> DP Link Loss
              //                False --> DP Link Stable
              //--------------------------------------------------
              bit ScalerDpRx0LinkStatusLoss(void)
              {
                  if((ScalerDpRx0CDRCheck(ScalerDpRx0GetDpcdInfo(0x00, 0x01, 0x00), (ScalerDpRx0GetDpcdInfo(0x00, 0x01, 
             -0x01) & 0x1F)) == _TRUE) &&
                     ((ScalerDpRx0DFECheck() == _TRUE) || (ScalerDpRx0SignalCheck(ScalerDpRx0GetDpcdInfo(0x00, 0x01, 0x0
             -0), (ScalerDpRx0GetDpcdInfo(0x00, 0x01, 0x01) & 0x1F)) == _TRUE)) &&
                     (ScalerDpRx0DecodeCheck() == _TRUE))
                  {
                      CLR_DP_RX0_URGENT_LINK_LOSS();
              
                      return _FALSE;
                  }
              
                  SET_DP_RX0_URGENT_LINK_LOSS();
              
                  return _TRUE;
              }
              #endif
6835          
6836          //--------------------------------------------------
6837          // Description  : Divide the time to check for Link Loss checker
6838          // Input Value  : usNum --> Delay in ms
6839          // Output Value : True --> DP Stable
6840          //                False --> DP Unstable
6841          //--------------------------------------------------
6842          bit ScalerDpRx0TimerDelayXmsLinkCheck(WORD usNum)
6843          {
6844   1          while(usNum >= _DP_RX_LINK_LOSS_CHECK_INTERVAL)
6845   1          {
6846   2      #if(_DP_LINK_INTERVAL_CHECK_SUPPORT == _ON)
                      if(ScalerDpRx0LinkStatusLoss() == _TRUE)
                      {
                          return _FALSE;
                      }
              #endif
6852   2              ScalerTimerDelayXms(_DP_RX_LINK_LOSS_CHECK_INTERVAL);
6853   2      
6854   2              usNum -= _DP_RX_LINK_LOSS_CHECK_INTERVAL;
6855   2          }
6856   1      
6857   1          if(usNum > 0)
6858   1          {
6859   2      #if(_DP_LINK_INTERVAL_CHECK_SUPPORT == _ON)
                      if(ScalerDpRx0LinkStatusLoss() == _TRUE)
                      {
                          return _FALSE;
                      }
              #endif
6865   2              // If usNum = 1ms, it will delay 2ms (Cause 1ms is inaccurate)
6866   2              ScalerTimerDelayXms((usNum == 1) ? 2 : usNum);
6867   2          }
6868   1      
6869   1          return _TRUE;
6870   1      }
6871          
6872          //--------------------------------------------------
C51 COMPILER V9.60.0.0   SCALERDPRX0_SEPTPHY                                               09/24/2026 09:30:19 PAGE 115 

6873          // Description  : Divide the time of Polling func to check for Link Loss checker
6874          // Input Value  : usTimeout --> Timeout number (Max: 65,535 ms)
6875          //                usRegister--> Current Register
6876          //                ucBit     --> Polling Bit
6877          //                bSuccess  --> 1 or 0 when finished for Polling Bit
6878          // Output Value : Return _TRUE while polling success, _FALSE for timeout or Link loss
6879          //--------------------------------------------------
6880          bit ScalerDpRx0PollingFlagLinkCheck(WORD usTimeout, WORD usRegister, BYTE ucBit, bit bSuccess)
6881          {
6882   1          while(usTimeout >= _DP_RX_LINK_LOSS_CHECK_INTERVAL)
6883   1          {
6884   2      #if(_DP_LINK_INTERVAL_CHECK_SUPPORT == _ON)
                      if(ScalerDpRx0LinkStatusLoss() == _TRUE)
                      {
                          return _FALSE;
                      }
              #endif
6890   2              if(ScalerTimerPollingFlagProc(_DP_RX_LINK_LOSS_CHECK_INTERVAL, usRegister, ucBit, bSuccess) == _TR
             -UE)
6891   2              {
6892   3                  return _TRUE;
6893   3              }
6894   2      
6895   2              usTimeout -= _DP_RX_LINK_LOSS_CHECK_INTERVAL;
6896   2          }
6897   1      
6898   1          if(usTimeout > 0)
6899   1          {
6900   2      #if(_DP_LINK_INTERVAL_CHECK_SUPPORT == _ON)
                      if(ScalerDpRx0LinkStatusLoss() == _TRUE)
                      {
                          return _FALSE;
                      }
              #endif
6906   2              if(ScalerTimerPollingFlagProc(usTimeout, usRegister, ucBit, bSuccess) == _TRUE)
6907   2              {
6908   3                  return _TRUE;
6909   3              }
6910   2          }
6911   1      
6912   1          return _FALSE;
6913   1      }
6914          
6915          //--------------------------------------------------
6916          // Description  : Set Dp HotPlug Event
6917          // Input Value  : Hot Plug Type
6918          // Output Value : None
6919          //--------------------------------------------------
6920          void ScalerDpRx0SetHotPlugEvent(EnumDpHotPlugAssertType enumHpdType)
6921          {
6922   1      #if(!((_D6_INPUT_PORT_TYPE == _D6_DP_PORT) && (_D6_INPUT_PORT_SWITCH_FROM == _SWITCH_FROM_D0)))
6923   1          if((enumHpdType > _DP_HPD_LOW) && (ScalerSyncDpCableStatus(_D0_INPUT_PORT) == _FALSE))
6924   1          {
6925   2              return;
6926   2          }
6927   1      #endif
6928   1      
6929   1      #if(_DEBUG_MESSAGE_SUPPORT == _ON)
6930   1          if((ScalerDebugCheckDebugPort(_D0_INPUT_PORT) == _TRUE) && (ScalerSyncDpCableStatus(_D0_INPUT_PORT) ==
             - _TRUE))
6931   1          {
6932   2              if(ScalerSyncDpGetHotPlugStatus(_D0_INPUT_PORT) == _HIGH)
C51 COMPILER V9.60.0.0   SCALERDPRX0_SEPTPHY                                               09/24/2026 09:30:19 PAGE 116 

6933   2              {
6934   3                  return;
6935   3              }
6936   2          }
6937   1      #endif
6938   1      
6939   1      #if(_DP_LONG_HPD_ALLOWED_BY_USER_SUPPORT == _ON)
                  if(ScalerSyncDpLongHpdGetAllowed(_D0_INPUT_PORT) == _FALSE)
                  {
                      if(ScalerSyncDpGetHotPlugStatus(_D0_INPUT_PORT) == _HIGH)
                      {
                          if((enumHpdType > _DP_HPD_LOW) && (enumHpdType < _DP_HPD_ASSERTED))
                          {
                              return;
                          }
                      }
                  }
              #endif
6951   1      
6952   1          // If the priority of enumHpdType is higher
6953   1          if(enumHpdType < GET_DP_RX0_HOTPLUG_ASSERT_TYPE())
6954   1          {
6955   2              SET_DP_RX0_HOTPLUG_ASSERT_TYPE(enumHpdType);
6956   2          }
6957   1      }
6958          
6959          #if(_AIO_MODERN_STANDBY_SUPPORT == _ON)
              //--------------------------------------------------
              // Description  : Backup Timing Info for Modern Standby
              // Input Value  : None
              // Output Value : None
              //--------------------------------------------------
              void ScalerDpRx0TimingInfoBackup(void)
              {
                  // Backup Offset Value of Stream Clock
                  g_stDpRx0LinkInfo.lStreamClockOffset = ((((SDWORD)ScalerGetBit(PB5_BA_MN_SCLKG_SDM_SUMC_H, (_BIT3 | _B
             -IT2 | _BIT1 | _BIT0))) << 16) |
                                                          (((WORD)ScalerGetByte(PB5_BB_MN_SCLKG_SDM_SUMC_M)) << 8) |
                                                          (ScalerGetByte(PB5_BC_MN_SCLKG_SDM_SUMC_L))) >> 1;
              
                  // Backup VBs2Bs Delay of Even Field
                  g_stDpRx0LinkInfo.ulVBsToBsDelayEven = (((DWORD)ScalerGetByte(PB5_32_EVBLK2VS_H)) << 16) |
                                                         (((WORD)ScalerGetByte(PB5_33_EVBLK2VS_M)) << 8) |
                                                         (ScalerGetByte(PB5_34_EVBLK2VS_L));
              
                  // Backup VBs2Bs Delay of Odd Field
                  g_stDpRx0LinkInfo.ulVBsToBsDelayOdd = (((DWORD)ScalerGetByte(PB5_35_OVBLK2VS_H)) << 16) |
                                                        (((WORD)ScalerGetByte(PB5_36_OVBLK2VS_M)) << 8) |
                                                        (ScalerGetByte(PB5_37_OVBLK2VS_L));
              }
              #endif
6983          
6984          #if(_DP_MST_SUPPORT == _ON)
              #if(_DP_TX_SUPPORT == _ON)
              //--------------------------------------------------
              // Description  : Enable HDCP Read IRQ Function
              // Input Value  : bEnable
              // Output Value : None
              //--------------------------------------------------
              void ScalerDpRx0HDCPEnableReadIrq(bit bEnable)
              {
                  if(bEnable == _ENABLE)
C51 COMPILER V9.60.0.0   SCALERDPRX0_SEPTPHY                                               09/24/2026 09:30:19 PAGE 117 

                  {
                      if(ScalerDpRx0GetDpcdInfo(0x06, 0x80, 0x2A) > 3)
                      {
                          ScalerSetBit(PB7_FA_DUMMY_0, ~_BIT0, _BIT0);
              
                          ScalerSetBit(PB7_FA_DUMMY_0, ~(_BIT3 | _BIT1), (_BIT3 | _BIT1));
                      }
                  }
                  else
                  {
                      ScalerSetBit(PB7_FA_DUMMY_0, ~(_BIT3 | _BIT1), 0x00);
              
                      CLR_DP_RX0_HDCP_AUTH_READ_IRQ_TIMEOUT();
                  }
              }
              //--------------------------------------------------
              // Description  : Judge timing for using DE-Only mode or not
              // Input Value  : usMeasureDpVtotal
              // Output Value : _TRUE or _FALSE
              //--------------------------------------------------
              bit ScalerDpRx0MstToSstDeOnlyTimngCheck(DWORD ulVBs2BsCount)
              {
                  DWORD ulFrameRate = 0;
              
                  // Get Hactive
                  ScalerRead(PA_14_MSA_HWD_0, 2, &pData[0], _AUTOINC);
              
                  // Get Vactive
                  ScalerRead(PA_1C_MSA_VHT_0, 2, &pData[2], _AUTOINC);
              
                  // Frame Rate (Unit is 0.01Hz)
                  ulFrameRate = (_GDI_CLK_KHZ * 100000 + (ulVBs2BsCount >> 1)) / ulVBs2BsCount;
              
                  // Timing-1 : 1280x1024@120Hz (Source : Apple MacBook Air 13" / ChipSet : Apple M1)
                  if((PDATA_WORD(0) == 0x500) && (PDATA_WORD(1) == 0x400) &&
                     ((ulFrameRate >= 11800) && (ulFrameRate <= 12200)))
                  {
                      return _TRUE;
                  }
              
                  return _FALSE;
              }
              //--------------------------------------------------
              // Description  : Judge for using DE-Only mode or not
              // Input Value  : usMeasureDpVtotal
              // Output Value : _TRUE or _FALSE
              //--------------------------------------------------
              bit ScalerDpRx0MstToSstDeOnlyJudge(WORD *pusDpVtotal, WORD usHBs2BsCount, DWORD ulVBs2BsCount)
              {
                  WORD usMeasureDpVtotal = 0;
                  WORD usDiffVtotal = 0;
              
                  if(ScalerDpRx0MstToSstDeOnlyTimngCheck(ulVBs2BsCount) == _TRUE)
                  {
                      usMeasureDpVtotal = ScalerDpRx0GetVtotalbyMeasure(usHBs2BsCount, ulVBs2BsCount);
              
                      usDiffVtotal = abs(usMeasureDpVtotal - *pusDpVtotal);
              
                      if((usDiffVtotal >= 4) && (usDiffVtotal <= 6))
                      {
                          DebugMessageRx0("Votal (Measure vs MSA) is different!!", usDiffVtotal);
              
C51 COMPILER V9.60.0.0   SCALERDPRX0_SEPTPHY                                               09/24/2026 09:30:19 PAGE 118 

                          *pusDpVtotal = usMeasureDpVtotal;
              
                          return _TRUE;
                      }
                  }
              
                  return _FALSE;
              }
              //--------------------------------------------------
              // Description  : DP MST2SST Display Format Generator Setting
              // Input Value  : None
              // Output Value : None
              //--------------------------------------------------
              bit ScalerDpRx0MstToSstDisplayFormatSetting(void)
              {
                  BYTE ucOddFlg = 0;
                  WORD usDpVtotal = 0;
                  WORD usDpHactive = 0;
                  DWORD ulStreamClkValue = 0;
                  DWORD ulVBs2BsCount = 0;
                  WORD usHBs2BsCount = 0;
                  bit bDeOnlyModeJudge = _FALSE;
              
              #if(_DP_FREESYNC_SUPPORT == _ON)
                  DWORD ulDpMvidValue = 0;
                  DWORD ulDpNvidValue = 0;
              #endif
              
                  // Measurement Enable
                  ScalerSetBit(PA_58_MN_MEAS_CTRL, ~_BIT7, 0x00);
                  ScalerSetBit(PA_58_MN_MEAS_CTRL, ~_BIT7, _BIT7);
              
                  if(ScalerTimerPollingFlagProc(_DP_MEASURE_POLLING_TIMEOUT, PA_58_MN_MEAS_CTRL, _BIT6, _TRUE) == _FALSE
             -)
                  {
                      return _FALSE;
                  }
              
                  // Pop up The result
                  SET_DP_RX0_MEASURE_POP_UP_MST2SST();
              
                  // Measurement Disable
                  ScalerSetBit(PA_58_MN_MEAS_CTRL, ~_BIT7, 0x00);
              
                  // VBs2BS count in GDI clk
                  ulVBs2BsCount = ((((DWORD)(ScalerGetByte(PA_58_MN_MEAS_CTRL) & 0x1F)) << 16) | (((DWORD)ScalerGetByte(
             -PA_59_MN_MEAS_VLN_M)) << 8) | ((DWORD)ScalerGetByte(PA_5A_MN_MEAS_VLN_L)));
              
                  // HBs2Bs count in Link Clk / 2
                  usHBs2BsCount = (((DWORD)ScalerGetByte(PA_5B_MN_MEAS_HLN_M)) << 8) | ((DWORD)ScalerGetByte(PA_5C_MN_ME
             -AS_HLN_L));
              
              #if(_DP_FREESYNC_SUPPORT == _ON)
                  if(GET_DP_MST_FREESYNC_ENABLED() == _TRUE)
                  {
                      // VTotal in line, Link Clk / 2 : (Link Rate * 27 / 2)
                      usDpVtotal = GET_DWORD_MUL_DIV(ulVBs2BsCount, ((ScalerDpRx0GetDpcdInfo(0x00, 0x01, 0x00) * 27 / 2)
             - * 1000), ((DWORD)usHBs2BsCount * _GDI_CLK_KHZ));
              
                      ulDpMvidValue = ((((DWORD)ScalerGetByte(PA_20_MSA_MVID_00)) << 16) | (((DWORD)ScalerGetByte(PA_21_
             -MSA_MVID_01)) << 8) | ((DWORD)ScalerGetByte(PA_22_MSA_MVID_02)));
              
C51 COMPILER V9.60.0.0   SCALERDPRX0_SEPTPHY                                               09/24/2026 09:30:19 PAGE 119 

                      ulDpNvidValue = ((((DWORD)ScalerGetByte(PA_23_MSA_NVID_00)) << 16) | (((DWORD)ScalerGetByte(PA_24_
             -MSA_NVID_01)) << 8) | ((DWORD)ScalerGetByte(PA_25_MSA_NVID_02)));
              
                      // [5] ln_ck_sel = 1'b1 -> CDR Clock
                      // [4:0] DP_XTAL_CYCLE = 5'b00100 -> XTAL Counter Cycles = 2000
                      ScalerSetBit(PB_50_DP_SIG_DET_0, ~(_BIT5 | _BIT4 | _BIT3 | _BIT2 | _BIT1 | _BIT0), (_BIT5 | _BIT2)
             -);
              
                      // [1:0] freqdet_lane_sel = 2'b00 -> Lane0
                      ScalerSetBit(PB_51_DP_SIG_DET_1, ~(_BIT1 | _BIT0), _D0_DP_LANE0);
              
                      // [6] LANE_COUNT_CLEAR = 0 -> Keep the LANE_COUNT value
                      ScalerSetBit(PB_52_DP_SIG_DET_2, ~_BIT6, 0x00);
              
                      // [7] DP_SIG_DET_EN = 1'b1 -> Enable Signal Detection
                      ScalerSetBit(PB_50_DP_SIG_DET_0, ~_BIT7, 0x00);
                      ScalerSetBit(PB_50_DP_SIG_DET_0, ~_BIT7, _BIT7);
              
                      // Waiting for Measure Done
                      ScalerTimerDelayXms(2);
              
                      PDATA_WORD(0) = ((((WORD)ScalerGetByte(PB_53_DP_SIG_DET_3)) << 8) | ScalerGetByte(PB_54_DP_SIG_DET
             -_4));
              
                      // [7] DP_SIG_DET_EN = 0 -> Disable Signal Detection
                      ScalerSetBit(PB_50_DP_SIG_DET_0, ~_BIT7, 0x00);
              
                      PDATA_DWORD(0) = ((DWORD)PDATA_WORD(0)) * _GDI_CLK_KHZ;
              
                      // Calculate streamclk
                      ulStreamClkValue = ((DWORD)ulDpMvidValue * (PDATA_DWORD(0) / ulDpNvidValue) + (PDATA_DWORD(0) % ul
             -DpNvidValue * 100 / ulDpNvidValue * (DWORD)ulDpMvidValue / 100));
                  }
                  else
              #endif
                  {
                      usDpVtotal = ((((WORD)ScalerGetByte(PA_18_MSA_VTT_0)) << 8) | ((WORD)ScalerGetByte(PA_19_MSA_VTT_1
             -)));
              
                      if(ScalerDpRx0MstToSstDeOnlyJudge(&usDpVtotal, usHBs2BsCount, ulVBs2BsCount) == _TRUE)
                      {
                          bDeOnlyModeJudge = _TRUE;
                      }
              
                      // Calculate streamclk (Unit is Hz)
                      ulStreamClkValue = (((((((DWORD)ScalerGetByte(PA_10_MSA_HTT_0)) << 8) | ((WORD)ScalerGetByte(PA_11
             -_MSA_HTT_1))) * ((DWORD)usDpVtotal) * 100) / ulVBs2BsCount) * _GDI_CLK_KHZ * 10);
                  }
              
                  // Input Pixel CLK Unit is 0.1 M
                  SET_DP_TX_INPUT_PIXEL_CLK(ulStreamClkValue / 100000);
              
                  // Disable Generate Display Format
                  ScalerSetBit(PA_35_DPF_CTRL_0, ~_BIT7, 0x00);
              
                  // DP Display Format Generator Reset
                  ScalerSetBit(PA_00_MST2SST_RESET, ~_BIT0, _BIT0);
                  ScalerSetBit(PA_00_MST2SST_RESET, ~_BIT0, 0x00);
              
                  // Delay a Complete Frame
                  ScalerTimerDelayXms(_DP_TWO_FRAME_TIME_MAX);
              
C51 COMPILER V9.60.0.0   SCALERDPRX0_SEPTPHY                                               09/24/2026 09:30:19 PAGE 120 

                  // Set Vactive
                  ScalerRead(PA_1C_MSA_VHT_0, 2, &pData[4], _AUTOINC);
                  ScalerSetByte(PA_4C_MN_DPF_VHT_M, pData[4]);
                  ScalerSetByte(PA_4D_MN_DPF_VHT_L, pData[5]);
              
                  // Set Hactive
                  ScalerRead(PA_14_MSA_HWD_0, 2, pData, _AUTOINC);
                  ScalerSetByte(PA_44_MN_DPF_HWD_M, pData[0]);
                  ScalerSetByte(PA_45_MN_DPF_HWD_L, pData[1]);
                  usDpHactive = PDATA_WORD(0);
              
              #if(_DP_FREESYNC_SUPPORT == _ON)
              
                  ScalerDpTxSSTSetAmdSpdInfo(_ON);
              
                  if(GET_DP_MST_FREESYNC_ENABLED() == _TRUE)
                  {
                      // HTotal in Pixel Clk, Link Clk / 2 : (Link Rate * 27 / 2)
                      WORD usDpHtotal = (DWORD)usHBs2BsCount * (GET_DP_TX_INPUT_PIXEL_CLK() / 10) / (ScalerDpRx0GetDpcdI
             -nfo(0x00, 0x01, 0x00) * 27 / 2);
              
                      // Set Htotal
                      ScalerSetByte(PA_40_MN_DPF_HTT_M, HIBYTE(usDpHtotal));
                      ScalerSetByte(PA_41_MN_DPF_HTT_L, LOBYTE(usDpHtotal));
              
                      // Set Hstart
                      ScalerSetByte(PA_42_MN_DPF_HST_M, HIBYTE(_DP_DE_ONLY_MODE_HSTART));
                      ScalerSetByte(PA_43_MN_DPF_HST_L, LOBYTE(_DP_DE_ONLY_MODE_HSTART));
              
                      // Set HSW
                      ScalerSetByte(PA_46_MN_DPF_HSW_M, HIBYTE(_DP_DE_ONLY_MODE_HSW));
                      ScalerSetByte(PA_47_MN_DPF_HSW_L, LOBYTE(_DP_DE_ONLY_MODE_HSW));
              
                      // Set Vstart
                      ScalerSetByte(PA_4A_MN_DPF_VST_M, HIBYTE(_DP_DE_ONLY_MODE_VSTART));
                      ScalerSetByte(PA_4B_MN_DPF_VST_L, LOBYTE(_DP_DE_ONLY_MODE_VSTART));
              
                      // Set VSW
                      ScalerSetByte(PA_4E_MN_DPF_VSW_M, HIBYTE(_DP_DE_ONLY_MODE_VSW));
                      ScalerSetByte(PA_4F_MN_DPF_VSW_L, LOBYTE(_DP_DE_ONLY_MODE_VSW));
              
                      PDATA_WORD(0) = ScalerDpRx0MstToSstGetBStoHSDelay(usDpHtotal);
              
                      // Set HBs2Bs
                      ScalerSetByte(PA_3D_BS2HS_0, pData[0]);
                      ScalerSetByte(PA_3E_BS2HS_1, pData[1]);
              
                      ScalerDpRx0MstToSstInterlaceCheck(&usDpVtotal, &ucOddFlg);
              
                      // Set DE Only Mode Vsync Front Porch
                      ScalerSetByte(PA_3F_VS_FRONT_PORCH, GET_DP_RX0_VFRONT_PORCH());
              
                      // Set DE Only Mode
                      ScalerSetBit(PA_35_DPF_CTRL_0, ~(_BIT7 | _BIT5 | _BIT4), _BIT4);
              
                      // Choose Frame start BE to Reset FIFO
                      ScalerSetBit(PA_30_PG_CTRL_0, ~_BIT5, 0x00);
              
                      // Set DP FREESYNC Mode Enable
                      ScalerSetBit(PA_F0_DP_RSV0, ~_BIT0, _BIT0);
              
                      DebugMessageRx0("MST FREESYNC Mode Enabled!!", ScalerGetByte(PA_35_DPF_CTRL_0));
C51 COMPILER V9.60.0.0   SCALERDPRX0_SEPTPHY                                               09/24/2026 09:30:19 PAGE 121 

                  }
                  else
              #endif
                  {
                      if(bDeOnlyModeJudge == _TRUE)
                      {
                          WORD usDpHtotal = ((((WORD)ScalerGetByte(PA_10_MSA_HTT_0)) << 8) | ((WORD)ScalerGetByte(PA_11_
             -MSA_HTT_1)));
              
                          // Set Htotal
                          ScalerSetByte(PA_40_MN_DPF_HTT_M, HIBYTE(usDpHtotal));
                          ScalerSetByte(PA_41_MN_DPF_HTT_L, LOBYTE(usDpHtotal));
              
                          // Set Hstart
                          ScalerSetByte(PA_42_MN_DPF_HST_M, HIBYTE(_DP_DE_ONLY_MODE_HSTART));
                          ScalerSetByte(PA_43_MN_DPF_HST_L, LOBYTE(_DP_DE_ONLY_MODE_HSTART));
              
                          // Set HSW
                          ScalerSetByte(PA_46_MN_DPF_HSW_M, HIBYTE(_DP_DE_ONLY_MODE_HSW));
                          ScalerSetByte(PA_47_MN_DPF_HSW_L, LOBYTE(_DP_DE_ONLY_MODE_HSW));
              
                          // Set Vstart
                          ScalerSetByte(PA_4A_MN_DPF_VST_M, HIBYTE(_DP_DE_ONLY_MODE_VSTART));
                          ScalerSetByte(PA_4B_MN_DPF_VST_L, LOBYTE(_DP_DE_ONLY_MODE_VSTART));
              
                          // Set VSW
                          ScalerSetByte(PA_4E_MN_DPF_VSW_M, HIBYTE(_DP_DE_ONLY_MODE_VSW));
                          ScalerSetByte(PA_4F_MN_DPF_VSW_L, LOBYTE(_DP_DE_ONLY_MODE_VSW));
              
                          // Set Vtotal
                          ScalerSetByte(PA_48_MN_DPF_VTT_M, HIBYTE(usDpVtotal));
                          ScalerSetByte(PA_49_MN_DPF_VTT_L, LOBYTE(usDpVtotal));
              
                          PDATA_WORD(0) = ScalerDpRx0MstToSstGetBStoHSDelay(usDpHtotal);
              
                          // Set HBs2Bs
                          ScalerSetByte(PA_3D_BS2HS_0, pData[0]);
                          ScalerSetByte(PA_3E_BS2HS_1, pData[1]);
              
                          ScalerDpRx0MstToSstInterlaceCheck(&usDpVtotal, &ucOddFlg);
              
                          // Set DE Only Mode Vsync Front Porch
                          ScalerSetByte(PA_3F_VS_FRONT_PORCH, GET_DP_RX0_VFRONT_PORCH());
              
                          // Set DE Only Mode
                          ScalerSetBit(PA_35_DPF_CTRL_0, ~(_BIT7 | _BIT5 | _BIT4), _BIT4);
              
                          // Choose Frame start BE to Reset FIFO
                          ScalerSetBit(PA_30_PG_CTRL_0, ~_BIT5, 0x00);
              
                          // Set DP FREESYNC Mode Disable
                          ScalerSetBit(PA_F0_DP_RSV0, ~_BIT0, 0x00);
              
                          DebugMessageRx0("MST DE_Only Mode Enabled!!", ScalerGetByte(PA_35_DPF_CTRL_0));
                      }
                      else
                      {
                          DWORD ulBs2VsDelay = 0;
              
                          // Set Htotal
                          ScalerRead(PA_10_MSA_HTT_0, 2, &pData[2], _AUTOINC);
                          ScalerSetByte(PA_40_MN_DPF_HTT_M, pData[2]);
C51 COMPILER V9.60.0.0   SCALERDPRX0_SEPTPHY                                               09/24/2026 09:30:19 PAGE 122 

                          ScalerSetByte(PA_41_MN_DPF_HTT_L, pData[3]);
              
                          // Get HSW
                          pData[4] = ScalerGetBit(PA_16_MSA_HSW_0, (_BIT6 | _BIT5 | _BIT4 | _BIT3 | _BIT2 | _BIT1 | _BIT
             -0));
                          pData[5] = ScalerGetByte(PA_17_MSA_HSW_1);
              
                          // Get HSW min by Measure clock
                          PDATA_WORD(3) = ((DWORD) _DP_HSYNC_WIDTH_MEASURE_COUNTER * GET_DP_TX_INPUT_PIXEL_CLK() * 100) 
             -/ _MEASURE_CLK + 1;
              
                          // Check HSW <= HSW min
                          if(PDATA_WORD(2) <= PDATA_WORD(3))
                          {
                              // Check if H porch is more than HSW min
                              if((PDATA_WORD(1) - usDpHactive) >= PDATA_WORD(3))
                              {
                                  // HSW = HSW min
                                  PDATA_WORD(2) = PDATA_WORD(3);
                              }
                              else
                              {
                                  // HSW = Max H Porch
                                  PDATA_WORD(2) = (PDATA_WORD(1) - usDpHactive);
                              }
                          }
              
                          // Get Hstart
                          pData[8] = ScalerGetByte(PA_12_MSA_HST_0);
                          pData[9] = ScalerGetByte(PA_13_MSA_HST_1);
              
                          // H Front Porch = (Htotal - Hactive - Hstart) < 8
                          if((PDATA_WORD(1) - usDpHactive - PDATA_WORD(4)) < _DP_HSYNC_FRONT_PORCH)
                          {
                              // DPF H Front Porch must not be less than 8 (HW constraint)
                              // Check if H porch is more than 8
                              if((PDATA_WORD(1) - usDpHactive - PDATA_WORD(2)) <= _DP_HSYNC_FRONT_PORCH)
                              {
                                  // HSW < HSW min
                                  if(PDATA_WORD(2) < PDATA_WORD(3))
                                  {
                                      // Hstart = HSW
                                      PDATA_WORD(4) = PDATA_WORD(2);
                                  }
                                  else if((PDATA_WORD(1) - usDpHactive - PDATA_WORD(3)) >= _DP_HSYNC_FRONT_PORCH)
                                  {
                                      // HSW = H porch - _DP_HSYNC_FRONT_PORCH
                                      PDATA_WORD(2) = PDATA_WORD(1) - usDpHactive - _DP_HSYNC_FRONT_PORCH;
              
                                      // Hstart = HSW
                                      PDATA_WORD(4) = PDATA_WORD(2);
                                  }
                                  else
                                  {
                                      // HSW = HSW min
                                      PDATA_WORD(2) = PDATA_WORD(3);
              
                                      // Hstart = HSW min
                                      PDATA_WORD(4) = PDATA_WORD(3);
                                  }
                              }
                              else
C51 COMPILER V9.60.0.0   SCALERDPRX0_SEPTPHY                                               09/24/2026 09:30:19 PAGE 123 

                              {
                                  // Hstart = Htotal - Hactive - _DP_HSYNC_FRONT_PORCH
                                  PDATA_WORD(4) = PDATA_WORD(1) - usDpHactive - _DP_HSYNC_FRONT_PORCH;
                              }
                          }
              
                          // Set HSW and HSP => positive
                          ScalerSetByte(PA_46_MN_DPF_HSW_M, (pData[4] & ~_BIT7));
                          ScalerSetByte(PA_47_MN_DPF_HSW_L, pData[5]);
              
                          // Set Hstart
                          ScalerSetByte(PA_42_MN_DPF_HST_M, pData[8]);
                          ScalerSetByte(PA_43_MN_DPF_HST_L, pData[9]);
              
                          DebugMessageRx0("###Origin usVTotal###", usDpVtotal);
              
                          if(ScalerDpRx0MstToSstInterlaceCheck(&usDpVtotal, &ucOddFlg) == _TRUE) // Interlace
                          {
                              DebugMessageRx0("7. MST IIIIIInterLace Vtotal", usDpVtotal);
              
                              SET_DP_TX_INPUT_INTERLACE_MODE(_ON);
                          }
                          else // Progressive
                          {
                              DebugMessageRx0("7. MST PPPPProgressive", 0);
              
                              SET_DP_TX_INPUT_INTERLACE_MODE(_OFF);
                          }
              
                          // Set Vtotal
                          ScalerSetByte(PA_48_MN_DPF_VTT_M, (usDpVtotal >> 8));
                          ScalerSetByte(PA_49_MN_DPF_VTT_L, (usDpVtotal & 0xFF));
              
                          // Get Vactive
                          ScalerRead(PA_1C_MSA_VHT_0, 2, &pData[4], _AUTOINC);
              
                          // V Front porch must not be less than 2 because of V scaling down.
                          // Set Vstart -> (Vtotal - Vactive - Frontporch)
                          PDATA_WORD(0) = usDpVtotal - PDATA_WORD(2) - GET_DP_RX0_MST_TO_SST_VFRONT_PORCH();
                          ScalerSetByte(PA_4A_MN_DPF_VST_M, pData[0]);
                          ScalerSetByte(PA_4B_MN_DPF_VST_L, pData[1]);
              
                          // Set VSW; Set VSP => Positive
                          ScalerSetByte(PA_4E_MN_DPF_VSW_M, (HIBYTE(_DP_VSYNC_WIDTH_MST2SST) & ~_BIT7));
                          ScalerSetByte(PA_4F_MN_DPF_VSW_L, LOBYTE(_DP_VSYNC_WIDTH_MST2SST));
              
                          ulBs2VsDelay = ScalerDpRx0MstToSstGetBStoVSDelay();
              
                          // Set Odd Field BS to VS Delay
                          ScalerSetByte(PA_3A_OVBLK2VS_H, (BYTE)(ulBs2VsDelay >> 16));
                          ScalerSetByte(PA_3B_OVBLK2VS_M, (BYTE)(ulBs2VsDelay >> 8));
                          ScalerSetByte(PA_3C_OVBLK2VS_L, (BYTE)(ulBs2VsDelay >> 0));
              
                          if((bit)ucOddFlg == _TRUE)
                          {
                              // Get Htotal
                              ScalerRead(PA_10_MSA_HTT_0, 2, &pData[0], _AUTOINC);
              
                              // BStoVSDelay = BStoVSDelay + (Link Clk * 256 / Stream Clk) * ((DWORD)Htotal) / 256;
                              ulBs2VsDelay += ((((DWORD)ScalerDpRx0GetDpcdInfo(0x00, 0x01, 0x00)) * 270UL) * 256) / ((DW
             -ORD)GET_DP_TX_INPUT_PIXEL_CLK()) * ((DWORD)PDATA_WORD(0)) / 256 / 2;
              
C51 COMPILER V9.60.0.0   SCALERDPRX0_SEPTPHY                                               09/24/2026 09:30:19 PAGE 124 

                              SET_DP_TX_INPUT_INTERLACE_VTOTAL_NUMBER(_ODD);
                          }
                          else
                          {
                              SET_DP_TX_INPUT_INTERLACE_VTOTAL_NUMBER(_EVEN);
                          }
              
                          // Set Even Field BS to VS Delay
                          ScalerSetByte(PA_37_EVBLK2VS_H, (BYTE)(ulBs2VsDelay >> 16));
                          ScalerSetByte(PA_38_EVBLK2VS_M, (BYTE)(ulBs2VsDelay >> 8));
                          ScalerSetByte(PA_39_EVBLK2VS_L, (BYTE)(ulBs2VsDelay >> 0));
              
                          // Choose VS Rising to Reset FIFO
                          ScalerSetBit(PA_30_PG_CTRL_0, ~_BIT5, 0x00);
              
                          // Set DP FREESYNC Mode Disable
                          ScalerSetBit(PA_F0_DP_RSV0, ~_BIT0, 0x00);
              
                          // Set full last line Mode
                          ScalerSetBit(PA_35_DPF_CTRL_0, ~(_BIT7 | _BIT5 | _BIT4), 0x00);
              
                          DebugMessageRx0("MST Full Last Line Mode Enable!!", ScalerGetByte(PA_35_DPF_CTRL_0));
                      }
                  }
              
                  // Double Buffer to Apply Display Format Setting
                  ScalerSetBit(PA_35_DPF_CTRL_0, ~_BIT6, _BIT6);
              
                  ScalerDpRx0MstToSstVideoSetting();
              
                  return _TRUE;
              }
              //--------------------------------------------------
              // Description  : DP MST2SST Video Fifo Check
              // Input Value  : Fifo Check Condition
              // Output Value : True --> Fifo not over/underflow
              //--------------------------------------------------
              bit ScalerDpRx0MstToSstFifoCheck(EnumDpFifoCheckCondition enumFifoCheckCondition)
              {
                  if(enumFifoCheckCondition == _DP_FIFO_DELAY_CHECK)
                  {
                      ScalerSetBit(PA_31_PG_CTRL_1, ~(_BIT4 | _BIT2 | _BIT0), (_BIT4 | _BIT2 | _BIT0));
              
                      ScalerTimerDelayXms(_DP_TWO_FRAME_TIME_MAX);
              
                      pData[0] = 0;
              
                      while(pData[0] < 6)
                      {
                          ScalerTimerDelayXms(10);
              
                          if((ScalerGetBit(PA_31_PG_CTRL_1, _BIT4) == _BIT4) || (ScalerGetBit(PA_31_PG_CTRL_1, _BIT2) ==
             - _BIT2))
                          {
                              return _FALSE;
                          }
              
                          pData[0]++;
                      }
                  }
                  else
                  {
C51 COMPILER V9.60.0.0   SCALERDPRX0_SEPTPHY                                               09/24/2026 09:30:19 PAGE 125 

                      if((ScalerGetBit(PA_31_PG_CTRL_1, _BIT4) == _BIT4) || (ScalerGetBit(PA_31_PG_CTRL_1, _BIT2) == _BI
             -T2))
                      {
                          return _FALSE;
                      }
                  }
              
                  return _TRUE;
              }
              //--------------------------------------------------
              // Description  : DP Rx0 MST to SST Measure
              // Input Value  : None
              // Output Value : None
              //--------------------------------------------------
              bit ScalerDpRx0MstToSstMeasureInput(void)
              {
                  // Format Conversion Select to SST_D0
                  ScalerSetBit(P31_02_FC_INPUT_DPTX_SEL, ~(_BIT6 | _BIT5 | _BIT4), (_FC_SOURCE_SST << 4));
              
                  // DPTx CTS Fifo reset
                  ScalerSetBit(PBB_D7_DPTX_CTSFIFO_CTRL, ~_BIT2, 0x00);
                  ScalerSetBit(PBB_D7_DPTX_CTSFIFO_CTRL, ~_BIT2, _BIT2);
              
              #if(_DP_FREESYNC_SUPPORT == _ON)
                  if(GET_DP_MST_FREESYNC_ENABLED() == _TRUE)
                  {
                      return ScalerDpTxMeasureInputInfo();
                  }
                  else
              #endif
                  {
                      return ScalerDpTxInputMSAInfo();
                  }
              }
              #endif
              
              #endif
7509          
7510          //--------------------------------------------------
7511          // Description  : Read DP Rx Error Count
7512          // Input Value  : DP Input Port
7513          // Output Value : DP 4 Lane Error Count & Valid Flag
7514          //--------------------------------------------------
7515          StructDpRxErrorCount ScalerDpRx0GetErrorCount(void)
7516          {
7517   1          StructDpRxErrorCount stDpRxErrorCount;
7518   1      
7519   1          if((ScalerDpRx0CDRCheck(ScalerDpRx0GetDpcdInfo(0x00, 0x01, 0x00), (ScalerDpRx0GetDpcdInfo(0x00, 0x01, 
             -0x01) & 0x1F)) == _FALSE) ||
7520   1             (ScalerDpRx0SignalCheck(ScalerDpRx0GetDpcdInfo(0x00, 0x01, 0x00), (ScalerDpRx0GetDpcdInfo(0x00, 0x0
             -1, 0x01) & 0x1F)) == _FALSE))
7521   1          {
7522   2              DebugMessageSystem("Rx Fail to Report Valid Error Counter", 0x00);
7523   2      
7524   2              switch(ScalerDpRx0GetDpcdInfo(0x00, 0x01, 0x01) & 0x1F)
7525   2              {
7526   3                  case _DP_ONE_LANE:
7527   3      
7528   3                      stDpRxErrorCount.usDpRxLane0ErrorCount = 0x7FFF;
7529   3                      stDpRxErrorCount.usDpRxLane1ErrorCount = 0;
7530   3                      stDpRxErrorCount.usDpRxLane2ErrorCount = 0;
7531   3                      stDpRxErrorCount.usDpRxLane3ErrorCount = 0;
C51 COMPILER V9.60.0.0   SCALERDPRX0_SEPTPHY                                               09/24/2026 09:30:19 PAGE 126 

7532   3      
7533   3                      break;
7534   3      
7535   3                  case _DP_TWO_LANE:
7536   3      
7537   3                      stDpRxErrorCount.usDpRxLane0ErrorCount = 0x7FFF;
7538   3                      stDpRxErrorCount.usDpRxLane1ErrorCount = 0x7FFF;
7539   3                      stDpRxErrorCount.usDpRxLane2ErrorCount = 0;
7540   3                      stDpRxErrorCount.usDpRxLane3ErrorCount = 0;
7541   3      
7542   3                      break;
7543   3      
7544   3                  default:
7545   3                  case _DP_FOUR_LANE:
7546   3      
7547   3                      stDpRxErrorCount.usDpRxLane0ErrorCount = 0x7FFF;
7548   3                      stDpRxErrorCount.usDpRxLane1ErrorCount = 0x7FFF;
7549   3                      stDpRxErrorCount.usDpRxLane2ErrorCount = 0x7FFF;
7550   3                      stDpRxErrorCount.usDpRxLane3ErrorCount = 0x7FFF;
7551   3      
7552   3                      break;
7553   3              }
7554   2          }
7555   1          else
7556   1          {
7557   2              switch(ScalerDpRx0GetDpcdInfo(0x00, 0x01, 0x01) & 0x1F)
7558   2              {
7559   3                  case _DP_ONE_LANE:
7560   3      
7561   3                      stDpRxErrorCount.usDpRxLane0ErrorCount = ScalerDpRx0GetDecodeErrorCount(_D0_DP_LANE0);
7562   3                      stDpRxErrorCount.usDpRxLane1ErrorCount = 0;
7563   3                      stDpRxErrorCount.usDpRxLane2ErrorCount = 0;
7564   3                      stDpRxErrorCount.usDpRxLane3ErrorCount = 0;
7565   3      
7566   3                      break;
7567   3      
7568   3                  case _DP_TWO_LANE:
7569   3      
7570   3                      stDpRxErrorCount.usDpRxLane0ErrorCount = ScalerDpRx0GetDecodeErrorCount(_D0_DP_LANE0);
7571   3                      stDpRxErrorCount.usDpRxLane1ErrorCount = ScalerDpRx0GetDecodeErrorCount(_D0_DP_LANE1);
7572   3                      stDpRxErrorCount.usDpRxLane2ErrorCount = 0;
7573   3                      stDpRxErrorCount.usDpRxLane3ErrorCount = 0;
7574   3      
7575   3                      break;
7576   3      
7577   3                  default:
7578   3                  case _DP_FOUR_LANE:
7579   3      
7580   3                      stDpRxErrorCount.usDpRxLane0ErrorCount = ScalerDpRx0GetDecodeErrorCount(_D0_DP_LANE0);
7581   3                      stDpRxErrorCount.usDpRxLane1ErrorCount = ScalerDpRx0GetDecodeErrorCount(_D0_DP_LANE1);
7582   3                      stDpRxErrorCount.usDpRxLane2ErrorCount = ScalerDpRx0GetDecodeErrorCount(_D0_DP_LANE2);
7583   3                      stDpRxErrorCount.usDpRxLane3ErrorCount = ScalerDpRx0GetDecodeErrorCount(_D0_DP_LANE3);
7584   3      
7585   3                      break;
7586   3              }
7587   2          }
7588   1      
7589   1          // Reset Error Counter
7590   1          ScalerDpRx0DecodeErrorCountReset();
7591   1      
7592   1          return stDpRxErrorCount;
7593   1      }
C51 COMPILER V9.60.0.0   SCALERDPRX0_SEPTPHY                                               09/24/2026 09:30:19 PAGE 127 

7594          
7595          //--------------------------------------------------
7596          // Description  : Dp Rx Aux Ch Source Power Check
7597          // Input Value  : None
7598          // Output Value : _ON / _OFF
7599          //--------------------------------------------------
7600          bit ScalerDpRx0AuxChSourcePowerCheck(void)
7601          {
7602   1          if(PCB_GET_D0_AUX_PN_1M_PULL_H_L_SWAP() == _AUX_PN_1M_PULL_HI_LOW_SWAP_ON)
7603   1          {
7604   2              return GET_PCB_D0_DP_SOURCE_POWER_PN_SWAP();
7605   2          }
7606   1          else
7607   1          {
7608   2              return GET_PCB_D0_DP_SOURCE_POWER();
7609   2          }
7610   1      }
7611          
7612          //--------------------------------------------------
7613          // Description  : Dp Rx Aux Ch Power Status Check
7614          // Input Value  : bCableStatus
7615          // Output Value : None
7616          //--------------------------------------------------
7617          void ScalerDpRx0AuxChPowerStatusCheck(bit bCableStatus)
7618          {
7619   1          BYTE ucDebounceCnt = 0;
7620   1      
7621   1          if(bCableStatus == _TRUE)
7622   1          {
7623   2              if(ScalerSyncDpGetHotPlugStatus(_D0_INPUT_PORT) == _HIGH)
7624   2              {
7625   3                  // First time check power on with debounce to avoid AUX N always low case
7626   3                  if((GET_DP_RX0_CHECK_AUX_CH_POWER_STATUS() == _DP_RX_AUX_POWER_STATUS_NONE) && (ScalerDpRx0Aux
             -ChSourcePowerCheck() == _ON))
7627   3                  {
7628   4                      // Debounce for 10ms
7629   4                      for(ucDebounceCnt = 0; ucDebounceCnt < 5; ucDebounceCnt++)
7630   4                      {
7631   5                          ScalerTimerDelayXms(2);
7632   5      
7633   5                          if(ScalerDpRx0AuxChSourcePowerCheck() == _OFF)
7634   5                          {
7635   6                              break;
7636   6                          }
7637   5                      }
7638   4      
7639   4                      if(ucDebounceCnt == 5)
7640   4                      {
7641   5                          SET_DP_RX0_CHECK_AUX_CH_POWER_STATUS(_DP_RX_AUX_POWER_STATUS_ON);
7642   5                      }
7643   4                  }
7644   3      
7645   3                  // Whether to Start Debounce
7646   3                  if((ScalerDpRx0AuxChSourcePowerCheck() == _OFF) &&
7647   3                     (GET_DP_RX0_CHECK_AUX_CH_NO_POWER_DEBOUNCE() == _FALSE) &&
7648   3                     (GET_DP_RX0_CHECK_AUX_CH_POWER_STATUS() == _DP_RX_AUX_POWER_STATUS_ON))
7649   3                  {
7650   4                      SET_DP_RX0_CHECK_AUX_CH_NO_POWER_DEBOUNCE();
7651   4      
7652   4                      ScalerTimerActiveTimerEvent(200, _SCALER_TIMER_EVENT_DP_RX0_AUX_CH_NO_POWER_CHECK_DEBOUNCE
             -);
7653   4                  }
C51 COMPILER V9.60.0.0   SCALERDPRX0_SEPTPHY                                               09/24/2026 09:30:19 PAGE 128 

7654   3      
7655   3                  // Debouncing
7656   3                  if(GET_DP_RX0_CHECK_AUX_CH_NO_POWER_DEBOUNCE() == _TRUE)
7657   3                  {
7658   4                      if(ScalerDpRx0AuxChSourcePowerCheck() == _ON)
7659   4                      {
7660   5                          CLR_DP_RX0_CHECK_AUX_CH_NO_POWER_DEBOUNCE();
7661   5                          ScalerTimerCancelTimerEvent(_SCALER_TIMER_EVENT_DP_RX0_AUX_CH_NO_POWER_CHECK_DEBOUNCE)
             -;
7662   5                      }
7663   4                  }
7664   3      
7665   3                  // 1.5s HotPlug has been removed because NVIDIA GTX-1080 failed while HPD togglled at the mome
             -nt of PC waked up from sleep.
7666   3                  if((GET_DP_RX0_CHECK_AUX_CH_POWER_STATUS() == _DP_RX_AUX_POWER_STATUS_OFF) && (ScalerDpRx0AuxC
             -hSourcePowerCheck() == _ON))
7667   3                  {
7668   4                      SET_DP_RX0_CHECK_AUX_CH_POWER_STATUS(_DP_RX_AUX_POWER_STATUS_ON);
7669   4      
7670   4                      SET_DP_RX0_AUX_CH_POWER_ON_WAKE_UP();
7671   4      
7672   4                      SET_DP_RX0_SOURCE_FIRST_POWER_ON();
7673   4      
7674   4      #if(_DP_MST_SUPPORT == _ON)
                              ScalerTimerActiveTimerEvent(SEC(3), _SCALER_TIMER_EVENT_DP_RX0_VALID_SIGNAL_DETECT_CHECK);
              #else
7677   4                      ScalerTimerActiveTimerEvent(SEC(1.2), _SCALER_TIMER_EVENT_DP_RX0_VALID_SIGNAL_DETECT_CHECK
             -);
7678   4      #endif
7679   4                  }
7680   3              }
7681   2          }
7682   1          else
7683   1          {
7684   2              CLR_DP_RX0_CHECK_AUX_CH_NO_POWER_DEBOUNCE();
7685   2              CLR_DP_RX0_CHECK_AUX_CH_POWER_STATUS();
7686   2      
7687   2              ScalerTimerCancelTimerEvent(_SCALER_TIMER_EVENT_DP_RX0_AUX_CH_NO_POWER_CHECK_DEBOUNCE);
7688   2          }
7689   1      }
7690          
7691          #if(_DP_HDR10_SUPPORT == _ON)
7692          #if(_DP_HDR_VENDOR_SUPPORT != _DP_HDR_VENDOR_SUPPORT_NONE)
              //--------------------------------------------------
              // Description  : DP Aux Rx0 Hdr DPCD Setting
              // Input Value  : None
              // Output Value : None
              //--------------------------------------------------
              void ScalerDpRx0HdrDpcdSetting(void)
              {
                  EnumDpHdrSupport enumDpHdrSupport = ScalerDpRxHdrGetSupport(_D0_INPUT_PORT);
              
                  if((enumDpHdrSupport == _DP_HDR_SUPPORT_ON) && (GET_DP_RX_D0_PORT_TARGET_VERSION() >= _DP_VERSION_1_4)
             -)
                  {
                      // Clear WildCard Flag
                      ScalerSetBit(PB7_FB_DUMMY_1, ~(_BIT7 | _BIT5 | _BIT3 | _BIT2 | _BIT1), _BIT3);
              
                      // Enable WildCard Irq
                      ScalerSetBit(PB7_FB_DUMMY_1, ~(_BIT7 | _BIT5 | _BIT3 | _BIT2 | _BIT1), _BIT2);
              
              #if(_DP_HDR_VENDOR_SUPPORT == _DP_HDR_VENDOR_SUPPORT_INTEL)
C51 COMPILER V9.60.0.0   SCALERDPRX0_SEPTPHY                                               09/24/2026 09:30:19 PAGE 129 

                      // Reset Intel EDP HDR CAPS & SETTING
                      // 0x00340-0x00343 => Intel EDP HDR CAPS,
                      // 0x00344-0x00345 => Intel EDP HDR GETSET CTRL PARAMS,
                      // 0x00346-0x00349 => Intel EDP HDR CONTENT LUMINANCE,
                      // 0x0034A-0x00351 => Intel EDP HDR PANEL LUMINANCE OVERRIDE,
                      // 0x00352-0x00353 => Intel EDP SDR LUMINANCE LEVEL,
                      // 0x00354-0x00357 => Intel EDP BRIGHTNESS_NITS,
                      // 0x00358-0x00359 => Intel EDP BRIGHTNESS_OPTIMIZATION,
                      memset(g_pucDPRx0DpcdEDpHdr, 0, sizeof(g_pucDPRx0DpcdEDpHdr));
              
                      // Initial Intel EDP HDR CAPS
                      g_pucDPRx0DpcdEDpHdr[0] = 0x01;
                      g_pucDPRx0DpcdEDpHdr[1] = 0x53;
                      g_pucDPRx0DpcdEDpHdr[2] = 0x00;
                      g_pucDPRx0DpcdEDpHdr[3] = 0x00;
              #endif
                  }
                  else
                  {
                      // Disable WildCard Irq
                      ScalerSetBit(PB7_FB_DUMMY_1, ~(_BIT7 | _BIT5 | _BIT3 | _BIT2 | _BIT1), 0x00);
              
                      // Clear WildCard Flag
                      ScalerSetBit(PB7_FB_DUMMY_1, ~(_BIT7 | _BIT5 | _BIT3 | _BIT2 | _BIT1), _BIT3);
              
              #if(_DP_HDR_VENDOR_SUPPORT == _DP_HDR_VENDOR_SUPPORT_INTEL)
                      // Reset Intel EDP HDR CAPS & SETTING
                      // 0x00340-0x00343 => Intel EDP HDR CAPS,
                      // 0x00344-0x00345 => Intel EDP HDR GETSET CTRL PARAMS,
                      // 0x00346-0x00349 => Intel EDP HDR CONTENT LUMINANCE,
                      // 0x0034A-0x00351 => Intel EDP HDR PANEL LUMINANCE OVERRIDE,
                      // 0x00352-0x00353 => Intel EDP SDR LUMINANCE LEVEL,
                      // 0x00354-0x00357 => Intel EDP BRIGHTNESS_NITS,
                      // 0x00358-0x00359 => Intel EDP BRIGHTNESS_OPTIMIZATION,
                      memset(g_pucDPRx0DpcdEDpHdr, 0, sizeof(g_pucDPRx0DpcdEDpHdr));
              #endif
                  }
              }
              #endif
7750          #endif
7751          #endif // End of #if(_D0_DP_EXIST == _ON)
7752          
7753          
*** WARNING C294 IN LINE 7604 OF Kernel\Scaler\ScalerFunction\Code\ScalerDPRx0_SeptPhy.c: unreachable code


MODULE INFORMATION:   STATIC OVERLAYABLE
   CODE SIZE        =  11485    ----
   CONSTANT SIZE    =     40    ----
   XDATA SIZE       =     10     146
   PDATA SIZE       =   ----    ----
   DATA SIZE        =   ----    ----
   IDATA SIZE       =   ----    ----
   BIT SIZE         =      1       6
END OF MODULE INFORMATION.


C51 COMPILATION COMPLETE.  1 WARNING(S),  0 ERROR(S)
