C51 COMPILER V9.60.0.0   SCALERCOMMONTIMERFUNCTION                                         09/18/2026 20:38:50 PAGE 1   


C51 COMPILER V9.60.0.0, COMPILATION OF MODULE SCALERCOMMONTIMERFUNCTION
OBJECT MODULE PLACED IN .\Output\RL6432_Project\ScalerCommonTimerFunction.obj
COMPILER INVOKED BY: C:\Keil_v5\C51\BIN\C51.EXE Kernel\Scaler\ScalerCommonFunction\Code\ScalerCommonTimerFunction.c LARG
                    -E OPTIMIZE(9,SPEED) INCDIR(.\Output\RL6432;.\Project\Header;.\Pcb;.\Panel;.\Kernel\Device\Header;.\Kernel\Common;.\Kerne
                    -l\System\Header;.\Kernel\Scaler\ScalerFunction\Header;.\Kernel\Scaler\ScalerCommonFunction\Header;.\Kernel\Scaler\Scaler
                    -Function\Lib\Header;.\Kernel\Scaler\ScalerCommonFunction\Lib\Header;.\Kernel\Scaler\RL6432_Series_Scaler\Header;.\Kernel
                    -\Scaler\RL6432_Series_Common\Header;.\Kernel\Scaler\RL6432_Series_Scaler\Lib\Header;.\Kernel\Scaler\RL6432_Series_Common
                    -\Lib\Header;.\Kernel\User Common Function\Header;.\User\RTD Series\RTD2014Function\Header;.\User\RTD Series\RTD2014Osd\H
                    -eader;.\User\RTD Factory\Header;.\User\None Series\NoneFunction\Header;.\User\None Series\NoneOsd\Header;.\User\None Fac
                    -tory\Header) DEFINE(_PROJECT=_RL6432_PROJECT,_SCALER_TYPE=_RL6432_SERIES) DEBUG OBJECTEXTEND PRINT(.\Output\RL6432_Proje
                    -ct\ScalerCommonTimerFunction.lst) TABS(2) OBJECT(.\Output\RL6432_Project\ScalerCommonTimerFunction.obj)

line level    source

   1          /********************************************************************************/
   2          /*   Copyright (c) 2021 Realtek Semiconductor Corp. All rights reserved.        */
   3          /*                                                                              */
   4          /*   SPDX-License-Identifier: LicenseRef-Realtek-Proprietary                    */
   5          /*                                                                              */
   6          /*   This software component is confidential and proprietary to Realtek         */
   7          /*   Semiconductor Corp. Disclosure, reproduction, redistribution, in whole     */
   8          /*   or in part, of this work and its derivatives without express permission    */
   9          /*   is prohibited.                                                             */
  10          /********************************************************************************/
  11          
  12          //----------------------------------------------------------------------------------------------------
  13          // ID Code      : ScalerCommonTimerFunction.c No.0000
  14          // Update Note  :
  15          //----------------------------------------------------------------------------------------------------
  16          
  17          #define __SCALER_COMMON_TIMERFUNCTION__
  18          
  19          #include "ScalerCommonFunctionInclude.h"
  20          
  21          //****************************************************************************
  22          // DEFINITIONS / MACROS
  23          //****************************************************************************
  24          //--------------------------------------------------
  25          // Definitions of Instant Timer0/1
  26          //--------------------------------------------------
  27          /////////////////
  28          // Active Mode //
  29          /////////////////
  30          
  31          #if(_M2PLL_STRUCT_TYPE == _M2PLL_STRUCT_M_N)
  32          #define _TIMER_COUNT_TEMP1                      ((DWORD)_M2PLL_PLL_N * _M2PLL_PLL_O)
  33          #define _TIMER_COUNT_TEMP2                      ((DWORD)_EXT_XTAL * _M2PLL_PLL_M)
  34          #elif(_M2PLL_STRUCT_TYPE == _M2PLL_STRUCT_N_F)
              #define _TIMER_COUNT_TEMP1                      1
              #define _TIMER_COUNT_TEMP2                      ((DWORD)_M2PLL_CLK_KHZ)
              #endif
  38          
  39          #define _TIMER_COUNT_TEMP                       ((DWORD)12 * _TIMER_COUNT_TEMP1 * _FLASH_CLK_DIV * _MCU_CL
             -K_DIV)
  40          
  41          ////////////////////////////
  42          // Power Saving/Down Mode //
  43          ////////////////////////////
  44          #define _TIMER_COUNT_PS_TEMP                    ((DWORD)12 * _FLASH_CLK_PS_DIV * _MCU_CLK_PS_DIV)
  45          
  46          //////////////////////////////////////////////////////
C51 COMPILER V9.60.0.0   SCALERCOMMONTIMERFUNCTION                                         09/18/2026 20:38:50 PAGE 2   

  47          // Power Saving/Down Fast Mode for DP Aux Handshake //
  48          //////////////////////////////////////////////////////
  49          #define _TIMER_COUNT_PS_FAST_TEMP               ((DWORD)12 * _FLASH_CLK_PS_FAST_DIV * _MCU_CLK_PS_DIV)
  50          
  51          //////////////////
  52          // Initial Mode //
  53          //////////////////
  54          #define _TIMER_COUNT_IN_TEMP                    ((DWORD)12 * _FLASH_CLK_IN_DIV * _MCU_CLK_DIV)
  55          
  56          ////////////////////////////////////////////////////////////////////////////
  57          // Active Mode --> for switching to a higher flash speed when OSD is used //
  58          ////////////////////////////////////////////////////////////////////////////
  59          #if(_FLASH_CLK_SPEED == _FLASH_LOW_SPEED)
              #define _TIMER_COUNT_OSD_TEMP                   ((DWORD)12 * _TIMER_COUNT_TEMP1 * _FLASH_CLK_FAST_DIV * _M
             -CU_CLK_DIV)
              #endif
  62          
  63          #define _TIMER_COUNT_TEMP_PS_FAST1              (_IDLE_TIME * _FLASH_CLK_PS_FAST_DIV / _FLASH_CLK_PS_DIV)
  64          #define _TIMER_COUNT_TEMP_PS_FAST2              ((WORD)(((DWORD)_INTERNAL_OSC_XTAL + (_TIMER2_COUNT_PS_FAS
             -T_TEMP / 2)) / _TIMER2_COUNT_PS_FAST_TEMP))
  65          #define _TIMER_COUNT_TEMP_IDLE                  ((_SYS_PS_TIMER_PRECISION_SUPPPORT == _ON) ? ((WORD)(((DWO
             -RD)_EXT_XTAL + (_TIMER2_COUNT_IN_TEMP / 2)) / _TIMER2_COUNT_IN_TEMP)) : ((WORD)(((DWORD)_INTERNAL_OSC_XTAL + (_TIMER2_CO
             -UNT_PS_TEMP / 2)) / _TIMER2_COUNT_PS_TEMP)))
  66          
  67          #define _TIMER01_TEMP_COUNT_M2PLL               (((DWORD)_TIMER_COUNT_TEMP2 + (_TIMER_COUNT_TEMP / 2)) / _
             -TIMER_COUNT_TEMP)
  68          
  69          #define _TIMER01_TEMP_COUNT_IOSC_FAST           (((DWORD)_INTERNAL_OSC_XTAL + (_TIMER_COUNT_PS_FAST_TEMP /
             - 2)) / _TIMER_COUNT_PS_FAST_TEMP)
  70          #define _TIMER01_TEMP_COUNT_IOSC                (((DWORD)_INTERNAL_OSC_XTAL + (_TIMER_COUNT_PS_TEMP / 2)) 
             -/ _TIMER_COUNT_PS_TEMP)
  71          #define _TIMER01_TEMP_COUNT_XTAL                (((DWORD)_EXT_XTAL + (_TIMER_COUNT_IN_TEMP / 2)) / _TIMER_
             -COUNT_IN_TEMP)
  72          
  73          #define _TIMER01_TEMP_COUNT_OSD                 (((DWORD)_TIMER_COUNT_TEMP2 + (_TIMER_COUNT_OSD_TEMP / 2))
             - / _TIMER_COUNT_OSD_TEMP)
  74          
  75          //--------------------------------------------------
  76          // Definitions of Timer1 for Serial Port
  77          //--------------------------------------------------
  78          /////////////////
  79          // Active Mode //
  80          /////////////////
  81          #define _TIMER1_UART_COUNT_TEMP                 ((DWORD)4 * _UART_SMOD0_NORMAL * _TIMER_COUNT_TEMP1 * _FLA
             -SH_CLK_DIV * _MCU_CLK_DIV * _UART_BAUD_RATE_POWER_NORMAL / 1000)
  82          #if(_UART_LOW_BAUD_RATE_SUPPORT == _OFF)
  83          #define _TIMER1_UART_COUNT_BYTE                 (0x100 - ((BYTE)(((DWORD)_TIMER_COUNT_TEMP2 + (_TIMER1_UAR
             -T_COUNT_TEMP / 2)) / _TIMER1_UART_COUNT_TEMP)))
  84          #else
              #define _TIMER1_UART_COUNT_WORD                 (0xFFFF - ((WORD)(((DWORD)_TIMER_COUNT_TEMP2 + (_TIMER1_UA
             -RT_COUNT_TEMP / 2)) / _TIMER1_UART_COUNT_TEMP)))
              #endif
  87          
  88          ////////////////////////////
  89          // Power Saving/Down Mode //
  90          ////////////////////////////
  91          #define _TIMER1_UART_COUNT_PS_TEMP              ((DWORD)4 * _UART_SMOD0_SAVING * _FLASH_CLK_PS_DIV * _MCU_
             -CLK_PS_DIV * _UART_BAUD_RATE_POWER_SAVING / 1000)
  92          #if(_UART_LOW_BAUD_RATE_SUPPORT == _OFF)
  93          #define _TIMER1_UART_COUNT_PS_BYTE              (0x100 - ((BYTE)(((DWORD)_INTERNAL_OSC_XTAL + (_TIMER1_UAR
             -T_COUNT_PS_TEMP / 2)) / _TIMER1_UART_COUNT_PS_TEMP)))
  94          #else
C51 COMPILER V9.60.0.0   SCALERCOMMONTIMERFUNCTION                                         09/18/2026 20:38:50 PAGE 3   

              #define _TIMER1_UART_COUNT_PS_WORD              (0xFFFF - ((WORD)(((DWORD)_INTERNAL_OSC_XTAL + (_TIMER1_UA
             -RT_COUNT_PS_TEMP / 2)) / _TIMER1_UART_COUNT_PS_TEMP)))
              #endif
  97          
  98          //////////////////////////////////////////////////////
  99          // Power Saving/Down Fast Mode for DP Aux Handshake //
 100          //////////////////////////////////////////////////////
 101          #define _TIMER1_UART_COUNT_PS_FAST_TEMP         ((DWORD)4 * _UART_SMOD0_SAVING * _FLASH_CLK_PS_FAST_DIV * 
             -_MCU_CLK_PS_DIV * _UART_BAUD_RATE_POWER_SAVING / 1000)
 102          #if(_UART_LOW_BAUD_RATE_SUPPORT == _OFF)
 103          #define _TIMER1_UART_COUNT_PS_FAST_BYTE         (0x100 - ((BYTE)(((DWORD)_INTERNAL_OSC_XTAL + (_TIMER1_UAR
             -T_COUNT_PS_FAST_TEMP / 2)) / _TIMER1_UART_COUNT_PS_FAST_TEMP)))
 104          #else
              #define _TIMER1_UART_COUNT_PS_FAST_WORD         (0xFFFF - ((WORD)(((DWORD)_INTERNAL_OSC_XTAL + (_TIMER1_UA
             -RT_COUNT_PS_FAST_TEMP / 2)) / _TIMER1_UART_COUNT_PS_FAST_TEMP)))
              #endif
 107          
 108          //////////////////
 109          // Initial Mode //
 110          //////////////////
 111          #define _TIMER1_UART_COUNT_IN_TEMP              ((DWORD)4 * _UART_SMOD0_NORMAL * _FLASH_CLK_IN_DIV * _MCU_
             -CLK_DIV * _UART_BAUD_RATE_POWER_NORMAL / 1000)
 112          #if(_UART_LOW_BAUD_RATE_SUPPORT == _OFF)
 113          #define _TIMER1_UART_COUNT_IN_BYTE              (0x100 - ((BYTE)(((DWORD)_EXT_XTAL + (_TIMER1_UART_COUNT_I
             -N_TEMP / 2)) / _TIMER1_UART_COUNT_IN_TEMP)))
 114          #else
              #define _TIMER1_UART_COUNT_IN_WORD              (0xFFFF - ((WORD)(((DWORD)_EXT_XTAL + (_TIMER1_UART_COUNT_
             -IN_TEMP / 2)) / _TIMER1_UART_COUNT_IN_TEMP)))
              #endif
 117          
 118          //////////////////
 119          // Idle Mode //
 120          //////////////////
 121          #if(_UART_LOW_BAUD_RATE_SUPPORT == _OFF)
 122          #define _TIMER1_UART_COUNT_IDLE_BYTE            ((_SYS_PS_TIMER_PRECISION_SUPPPORT == _ON) ? (_TIMER1_UART
             -_COUNT_IN_BYTE) : (_TIMER1_UART_COUNT_PS_BYTE))
 123          #else
              #define _TIMER1_UART_COUNT_IDLE_WORD            ((_SYS_PS_TIMER_PRECISION_SUPPPORT == _ON) ? (_TIMER1_UART
             -_COUNT_IN_WORD) : (_TIMER1_UART_COUNT_PS_WORD))
              #endif
 126          
 127          ////////////////////////////////////////////////////////////////////////////
 128          // Active Mode --> for switching to a higher flash speed when OSD is used //
 129          ////////////////////////////////////////////////////////////////////////////
 130          #if(_FLASH_CLK_SPEED == _FLASH_LOW_SPEED)
              #define _TIMER1_UART_COUNT_OSD_TEMP             ((DWORD)4 * _UART_SMOD0_NORMAL * _TIMER_COUNT_TEMP1 * _FLA
             -SH_CLK_FAST_DIV * _MCU_CLK_DIV * _UART_BAUD_RATE_POWER_NORMAL / 1000)
              #if(_UART_LOW_BAUD_RATE_SUPPORT == _OFF)
              #define _TIMER1_UART_COUNT_OSD_BYTE             (0x100 - ((BYTE)((((DWORD)_TIMER_COUNT_TEMP2 + (_TIMER1_UA
             -RT_COUNT_OSD_TEMP / 2)) / _TIMER1_UART_COUNT_OSD_TEMP))))
              #else
              #define _TIMER1_UART_COUNT_OSD_WORD             (0xFFFF - ((WORD)((((DWORD)_TIMER_COUNT_TEMP2 + (_TIMER1_U
             -ART_COUNT_OSD_TEMP / 2)) / _TIMER1_UART_COUNT_OSD_TEMP))))
              #endif
              #endif
 138          
 139          //--------------------------------------------------
 140          // Definitions of Timer2
 141          //--------------------------------------------------
 142          #define _EVENT_TIME_MAX                         61000
 143          
 144          /////////////////
C51 COMPILER V9.60.0.0   SCALERCOMMONTIMERFUNCTION                                         09/18/2026 20:38:50 PAGE 4   

 145          // Active Mode //
 146          /////////////////
 147          #if(_SYSTEM_TIMER_QUARTER_RESOLUTION == _ON)
              #define _TIMER2_COUNT_TEMP                      ((DWORD)12 * 4 * _TIMER_COUNT_TEMP1 * _FLASH_CLK_DIV * _MC
             -U_CLK_DIV)
              #else
 150          #define _TIMER2_COUNT_TEMP                      ((DWORD)12 * _TIMER_COUNT_TEMP1 * _FLASH_CLK_DIV * _MCU_CL
             -K_DIV)
 151          #endif
 152          
 153          #define _TIMER2_COUNT_NUM                       (0xFFFF - ((WORD)(((DWORD)_TIMER_COUNT_TEMP2 + (_TIMER2_CO
             -UNT_TEMP / 2)) / _TIMER2_COUNT_TEMP)))
 154          
 155          #define _TIMER2_COUNT_LBYTE                     (_TIMER2_COUNT_NUM & 0x00FF)
 156          #define _TIMER2_COUNT_HBYTE                     (_TIMER2_COUNT_NUM >> 8)
 157          
 158          ////////////////////////////
 159          // Power Saving/Down Mode //
 160          ////////////////////////////
 161          #if(_SYSTEM_TIMER_QUARTER_RESOLUTION == _ON)
              #define _TIMER2_COUNT_PS_TEMP                   ((DWORD)12 * 4 * _FLASH_CLK_PS_DIV * _MCU_CLK_PS_DIV)
              #else
 164          #define _TIMER2_COUNT_PS_TEMP                   ((DWORD)12 * _FLASH_CLK_PS_DIV * _MCU_CLK_PS_DIV)
 165          #endif
 166          #define _TIMER2_COUNT_PS_NUM                    (0xFFFF - ((WORD)(((DWORD)_INTERNAL_OSC_XTAL + (_TIMER2_CO
             -UNT_PS_TEMP / 2)) / _TIMER2_COUNT_PS_TEMP)))
 167          
 168          #define _TIMER2_COUNT_PS_LBYTE                  (_TIMER2_COUNT_PS_NUM & 0x00FF)
 169          #define _TIMER2_COUNT_PS_HBYTE                  (_TIMER2_COUNT_PS_NUM >> 8)
 170          
 171          //////////////////////////////////////////////////////
 172          // Power Saving/Down Fast Mode for DP Aux Handshake //
 173          //////////////////////////////////////////////////////
 174          #if(_SYSTEM_TIMER_QUARTER_RESOLUTION == _ON)
              #define _TIMER2_COUNT_PS_FAST_TEMP              ((DWORD)12 * 4 * _FLASH_CLK_PS_FAST_DIV * _MCU_CLK_PS_DIV)
              #else
 177          #define _TIMER2_COUNT_PS_FAST_TEMP              ((DWORD)12 * _FLASH_CLK_PS_FAST_DIV * _MCU_CLK_PS_DIV)
 178          #endif
 179          #define _TIMER2_COUNT_PS_FAST_NUM               (0xFFFF - ((WORD)(((DWORD)_INTERNAL_OSC_XTAL + (_TIMER2_CO
             -UNT_PS_FAST_TEMP / 2)) / _TIMER2_COUNT_PS_FAST_TEMP)))
 180          
 181          #define _TIMER2_COUNT_PS_FAST_LBYTE             (_TIMER2_COUNT_PS_FAST_NUM & 0x00FF)
 182          #define _TIMER2_COUNT_PS_FAST_HBYTE             (_TIMER2_COUNT_PS_FAST_NUM >> 8)
 183          
 184          //////////////////
 185          // Initial Mode //
 186          //////////////////
 187          #if(_SYSTEM_TIMER_QUARTER_RESOLUTION == _ON)
              #define _TIMER2_COUNT_IN_TEMP                   ((DWORD)12 * 4 * _FLASH_CLK_IN_DIV * _MCU_CLK_DIV)
              #else
 190          #define _TIMER2_COUNT_IN_TEMP                   ((DWORD)12 * _FLASH_CLK_IN_DIV * _MCU_CLK_DIV)
 191          #endif
 192          #define _TIMER2_COUNT_IN_NUM                    (0xFFFF - ((WORD)(((DWORD)_EXT_XTAL + (_TIMER2_COUNT_IN_TE
             -MP / 2)) / _TIMER2_COUNT_IN_TEMP)))
 193          
 194          #define _TIMER2_COUNT_IN_LBYTE                  (_TIMER2_COUNT_IN_NUM & 0x00FF)
 195          #define _TIMER2_COUNT_IN_HBYTE                  (_TIMER2_COUNT_IN_NUM >> 8)
 196          
 197          ///////////////
 198          // Idle Mode //
 199          ///////////////
 200          #define _IDLE_TIME_TEMP                         ((_SYS_PS_TIMER_PRECISION_SUPPPORT == _ON) ? ((DWORD)0x000
C51 COMPILER V9.60.0.0   SCALERCOMMONTIMERFUNCTION                                         09/18/2026 20:38:50 PAGE 5   

             -0FFFF / (((DWORD)_EXT_XTAL + _TIMER2_COUNT_IN_TEMP) / _TIMER2_COUNT_IN_TEMP)) : ((DWORD)0x0000FFFF / (((DWORD)_INTERNAL_
             -OSC_XTAL + _TIMER2_COUNT_PS_TEMP) / _TIMER2_COUNT_PS_TEMP)))
 201          
 202          #define _IDLE_TIME                              ((_IDLE_TIME_TEMP < 100) ? _IDLE_TIME_TEMP : 100) // Avoid
             -_TIMER2_COUNT_IDLE_NUM Overflow
 203          
 204          #define _TIMER2_COUNT_IDLE_NUM                  ((_SYS_PS_TIMER_PRECISION_SUPPPORT == _ON) ? (0xFFFF - ((W
             -ORD)((((DWORD)_EXT_XTAL + (_TIMER2_COUNT_IN_TEMP / 2)) / _TIMER2_COUNT_IN_TEMP) * _IDLE_TIME))) : (0xFFFF - ((WORD)((((D
             -WORD)_INTERNAL_OSC_XTAL + (_TIMER2_COUNT_PS_TEMP / 2)) / _TIMER2_COUNT_PS_TEMP) * _IDLE_TIME))))
 205          
 206          #define _TIMER2_COUNT_IDLE_LBYTE                (_TIMER2_COUNT_IDLE_NUM & 0x00FF)
 207          #define _TIMER2_COUNT_IDLE_HBYTE                (_TIMER2_COUNT_IDLE_NUM >> 8)
 208          
 209          ////////////////////////////////////////////////////////////////////////////
 210          // Active Mode --> for switching to a higher flash speed when OSD is used //
 211          ////////////////////////////////////////////////////////////////////////////
 212          #if(_FLASH_CLK_SPEED == _FLASH_LOW_SPEED)
              
              #if(_SYSTEM_TIMER_QUARTER_RESOLUTION == _ON)
              #define _TIMER2_COUNT_OSD_TEMP                  ((DWORD)12 * 4 * _TIMER_COUNT_TEMP1 * _FLASH_CLK_FAST_DIV 
             -* _MCU_CLK_DIV)
              #else
              #define _TIMER2_COUNT_OSD_TEMP                  ((DWORD)12 * _TIMER_COUNT_TEMP1 * _FLASH_CLK_FAST_DIV * _M
             -CU_CLK_DIV)
              #endif
              
              #define _TIMER2_COUNT_OSD_NUM                   (0xFFFF - ((WORD)(((DWORD)_TIMER_COUNT_TEMP2 + (_TIMER2_CO
             -UNT_OSD_TEMP / 2)) / _TIMER2_COUNT_OSD_TEMP)))
              
              #define _TIMER2_COUNT_OSD_LBYTE                 (_TIMER2_COUNT_OSD_NUM & 0x00FF)
              #define _TIMER2_COUNT_OSD_HBYTE                 (_TIMER2_COUNT_OSD_NUM >> 8)
              #endif
 225          
 226          //--------------------------------------------------
 227          // Definitions of Watch Dog Timer Default Trigger Time
 228          //--------------------------------------------------
 229          #define _TIEMR_WD_DEFAULT_COUNT                 0xFFF // about 586ms with 14.318MHz Reference Clk
 230          
 231          #define GET_TIMER_WD_THRESHOLD_COUNT()          (((WORD)(MCU_FFB0_WATCHDOG_TIMER_H_THRESHOLD_MASK & 0xF0) 
             -<< 4) | MCU_FFAE_WATCHDOG_TIMER_THRESHOLD)
 232          #define SET_TIMER_WD_THRESHOLD_COUNT(x)         {\
 233                                                              if((x) == 0)\
 234                                                              {\
 235                                                                  MCU_FFB0_WATCHDOG_TIMER_H_THRESHOLD_MASK = (MCU_FF
             -B0_WATCHDOG_TIMER_H_THRESHOLD_MASK & 0x0F) | (((1) >> 4) & 0xF0);\
 236                                                                  MCU_FFAE_WATCHDOG_TIMER_THRESHOLD = (BYTE)(1);\
 237                                                              }\
 238                                                              else\
 239                                                              {\
 240                                                                  MCU_FFB0_WATCHDOG_TIMER_H_THRESHOLD_MASK = (MCU_FF
             -B0_WATCHDOG_TIMER_H_THRESHOLD_MASK & 0x0F) | (((x) >> 4) & 0xF0);\
 241                                                                  MCU_FFAE_WATCHDOG_TIMER_THRESHOLD = (BYTE)(x);\
 242                                                              }\
 243                                                          }
 244          
 245          //--------------------------------------------------
 246          // Macro of Timer Event Structure
 247          //--------------------------------------------------
 248          #define GET_EVENT_VALID(x)                      (g_pstTimerEvent[x].enumEventID != _SCALER_TIMER_EVENT_INV
             -ALID)
 249          #define CLR_EVENT_VALID(x)                      (g_pstTimerEvent[x].enumEventID = _SCALER_TIMER_EVENT_INVA
             -LID)
C51 COMPILER V9.60.0.0   SCALERCOMMONTIMERFUNCTION                                         09/18/2026 20:38:50 PAGE 6   

 250          
 251          #define GET_EVENT_ID(x)                         (g_pstTimerEvent[x].enumEventID)
 252          #define SET_EVENT_ID(x, y)                      (g_pstTimerEvent[x].enumEventID = (y))
 253          
 254          #define GET_EVENT_TIME(x)                       (g_pstTimerEvent[x].usTime)
 255          #define SET_EVENT_TIME(x, y)                    (g_pstTimerEvent[x].usTime = (y))
 256          
 257          #define GET_EVENT_RESUME_TIME(x)                (g_pstTimerEvent[x].usTime)
 258          #define SET_EVENT_RESUME_TIME(x, y)             (g_pstTimerEvent[x].usTime = (y))
 259          
 260          #if(_WD_TIMER_INT_SUPPORT == _ON)
 261          //--------------------------------------------------
 262          // Macro of WD Timer Event Structure
 263          //--------------------------------------------------
 264          #define GET_WD_EVENT_VALID(x)                   (g_pstWDTimerEvent[x].enumEventID != _SCALER_WD_TIMER_EVEN
             -T_INVALID)
 265          #define CLR_WD_EVENT_VALID(x)                   (g_pstWDTimerEvent[x].enumEventID = _SCALER_WD_TIMER_EVENT
             -_INVALID)
 266          
 267          #define GET_WD_EVENT_ID(x)                      (g_pstWDTimerEvent[x].enumEventID)
 268          #define SET_WD_EVENT_ID(x, y)                   (g_pstWDTimerEvent[x].enumEventID = (y))
 269          
 270          #define GET_WD_EVENT_TIME(x)                    (g_pstWDTimerEvent[x].usTime)
 271          #define SET_WD_EVENT_TIME(x, y)                 (g_pstWDTimerEvent[x].usTime = (y))
 272          #endif
 273          
 274          //****************************************************************************
 275          // STRUCT / TYPE / ENUM DEFINITTIONS
 276          //****************************************************************************
 277          
 278          //****************************************************************************
 279          // CODE TABLES
 280          //****************************************************************************
 281          
 282          //****************************************************************************
 283          // VARIABLE DECLARATIONS
 284          //****************************************************************************
 285          bit g_bNotifyTimer2Int = _FALSE;
 286          StructTimerEventTableType g_pstTimerEvent[_TIMER_EVENT_COUNT];
 287          
 288          #if(_RECORD_TIMER_SUPPORT == _ON)
              WORD g_usTimerRecordStartTime;
              #endif
 291          
 292          #if(_WD_TIMER_INT_SUPPORT == _ON)
 293          bit g_bWDTimer2Update = _FALSE;
 294          StructWDTimerEventType g_pstWDTimerEvent[_WD_TIMER_EVENT_COUNT];
 295          #endif
 296          
 297          volatile WORD data g_usTimerCounter;
 298          
 299          #if(_DEBUG_MESSAGE_SUPPORT == _ON)
              volatile WORD data g_usMeasureCounter;
              #endif
 302          
 303          #if(_SYSTEM_TIMER_QUARTER_RESOLUTION == _ON)
              BYTE data g_ucTimerQuarterCount;
              #endif
 306          
 307          #if((_INSTANT_TIMER_EVENT_0 == _ON) || (_INSTANT_TIMER_EVENT_1 == _ON))
 308          EnumScalerTimerOperationMode g_enumTimerMode = _TIMER_OPERATION_INITIAL_MODE;
 309          #endif
C51 COMPILER V9.60.0.0   SCALERCOMMONTIMERFUNCTION                                         09/18/2026 20:38:50 PAGE 7   

 310          
 311          #if(_INSTANT_TIMER_EVENT_0 == _ON)
 312          BYTE g_ucTimerCountHByte0;
 313          BYTE g_ucTimerCountLByte0;
 314          WORD g_usTimerPreviousCount0;
 315          WORD g_usTimerBackupCount0;
 316          WORD g_usTimerEventPeriod0;
 317          WORD g_usTimerAxisCnt0;
 318          #endif
 319          
 320          #if(_INSTANT_TIMER_EVENT_1 == _ON)
 321          BYTE g_ucTimerCountHByte1;
 322          BYTE g_ucTimerCountLByte1;
 323          WORD g_usTimerPreviousCount1;
 324          WORD g_usTimerBackupCount1;
 325          WORD g_usTimerEventPeriod1;
 326          WORD g_usTimerAxisCnt1;
 327          #endif
 328          
 329          #if(_UART_SUPPORT == _ON)
              #if(_UART_LOW_BAUD_RATE_SUPPORT == _ON)
              BYTE g_ucTimerCountHByte1_Uart;
              BYTE g_ucTimerCountLByte1_Uart;
              #endif
              #endif
 335          
 336          //****************************************************************************
 337          // FUNCTION DECLARATIONS
 338          //****************************************************************************
 339          #if(_RECORD_TIMER_SUPPORT == _ON)
              void ScalerTimerResetRecordTimer_WDINT(void);
              BYTE ScalerTimerGetRecordTimer_EXINT0(void);
              #endif
 343          
 344          #if(_WD_TIMER_INT_SUPPORT == _ON)
 345          void ScalerTimerWDInitial(void);
 346          void ScalerTimerWDEventProc_WDINT(void);
 347          void ScalerTimerWDActivateTimerEvent_EXINT0(WORD usTime, EnumScalerWDTimerEventID enumEventID);
 348          void ScalerTimerWDActivateTimerEvent_WDINT(WORD usTime, EnumScalerWDTimerEventID enumEventID);
 349          void ScalerTimerWDCancelTimerEvent(EnumScalerWDTimerEventID enumEventID);
 350          
 351          #if((_DP_SUPPORT == _ON) || ((_DP_TYPE_C_PORT_CTRL_SUPPORT == _ON) && (_PORT_CONTROLLER_EMBEDDED_SUPPORT =
             -= _ON)) || (_TMDS_HDCP_2_2_SUPPORT == _ON))
 352          void ScalerTimerWDCancelTimerEvent_EXINT0(EnumScalerWDTimerEventID enumEventID);
 353          #endif
 354          #endif
 355          
 356          #if(_INSTANT_TIMER_EVENT_0 == _ON)
 357          void ScalerTimer0SetTimerCount(WORD usTimerMs);
 358          #endif
 359          
 360          #if(_INSTANT_TIMER_EVENT_1 == _ON)
 361          void ScalerTimer1SetTimerCount(WORD usTimerMs);
 362          #endif
 363          
 364          #if((_INSTANT_TIMER_EVENT_0 == _ON) || (_INSTANT_TIMER_EVENT_1 == _ON))
 365          WORD ScalerTimerGetCommonDivisor(WORD usPar1, WORD usPar2);
 366          #endif
 367          void ScalerTimerSetTimerCount(EnumScalerTimerOperationMode enumOperationMode);
 368          
 369          #if(_SYSTEM_LOW_POWER_IDLE_SUPPORT == _ON)
              void ScalerTimerAddTimerCounter(void);
C51 COMPILER V9.60.0.0   SCALERCOMMONTIMERFUNCTION                                         09/18/2026 20:38:50 PAGE 8   

              #endif
 372          
 373          void ScalerTimerEventProc(EnumScalerTimerEventID enumEventID);
 374          WORD ScalerTimerGetEventTime(BYTE ucEventIndex);
 375          void ScalerTimerClrEventValid(BYTE ucEventIndex);
 376          bit ScalerTimerCheckEventValid(BYTE ucEventIndex);
 377          void ScalerTimerActiveTimerEvent(WORD usTime, EnumScalerTimerEventID enumEventID);
 378          void ScalerTimerReactiveTimerEvent(WORD usTime, EnumScalerTimerEventID enumEventID);
 379          void ScalerTimerCancelTimerEvent(EnumScalerTimerEventID enumEventID);
 380          WORD ScalerTimerGetEventRemainTime(EnumScalerTimerEventID enumEventID);
 381          bit ScalerTimerSearchActiveTimerEvent(EnumScalerTimerEventID enumEventID);
 382          
 383          #if((_DP_SUPPORT == _ON) || (_TMDS_HDCP_2_2_SUPPORT == _ON) || ((_DP_TYPE_C_PORT_CTRL_SUPPORT == _ON) && (
             -_PORT_CONTROLLER_EMBEDDED_SUPPORT == _ON)))
 384          void ScalerTimerCancelTimerEvent_EXINT0(EnumScalerTimerEventID enumEventID);
 385          #endif
 386          
 387          #if(((_DDCCI_CODE_REDUCTION == _OFF) && (_DEBUG_MESSAGE_SUPPORT == _OFF) && (_DDCCI_AUTO_SWITCH_SUPPORT ==
             - _ON)) || (_SMBUS_BLOCK_READ_WRITE_COMMAND_SUPPORT == _ON))
 388          void ScalerTimerCancelTimerEvent_EXINT1(EnumScalerTimerEventID enumEventID);
 389          #endif
 390          WORD ScalerTimerCheckTimerEvent(WORD usTime);
 391          WORD ScalerTimerGetTimerCounter(void);
 392          BYTE ScalerTimerGetEventID(BYTE ucEventIndex);
 393          void ScalerTimerInitialTimerEvent(void);
 394          void ScalerTimerDelayXms(WORD usNum);
 395          bit ScalerTimerPollingFlagProc(WORD usTimeout, WORD usRegister, BYTE ucBit, bit bSuccess);
 396          
 397          #if(((_DP_TYPE_C_PORT_CTRL_SUPPORT == _ON) && (_PORT_CONTROLLER_EMBEDDED_SUPPORT == _ON) && (_TYPE_C_PMIC_
             -TYPE != _PMIC_NONE)) || (_HDCP_2_2_SUPPORT == _ON))
 398          BYTE ScalerTimerPollingFlagProc_EXINT0(BYTE ucTimeout, WORD usRegister, BYTE ucBit, bit bSuccess);
 399          WORD ScalerTimerTimer2Count_EXINT0(WORD usTimer);
 400          #endif
 401          
 402          #if(((_DP_TYPE_C_PORT_CTRL_SUPPORT == _ON) && (_PORT_CONTROLLER_EMBEDDED_SUPPORT == _ON)) || (_HDCP_2_2_SU
             -PPORT == _ON))
 403          BYTE ScalerTimerPollingFlagProc_WDINT(BYTE ucTimeout, WORD usRegister, BYTE ucBit, bit bSuccess);
 404          WORD ScalerTimerTimer2Count_WDINT(WORD usTimer);
 405          #endif
 406          void ScalerTimerWaitForActiveTimerEvent(EnumScalerTimerEventID enumEventID);
 407          
 408          //****************************************************************************
 409          // FUNCTION DEFINITIONS
 410          //****************************************************************************
 411          
 412          #if(_RECORD_TIMER_SUPPORT == _ON)
              //--------------------------------------------------
              // Description  : Record Timer Start Time
              // Input Value  : None
              // Output Value : None
              //--------------------------------------------------
              void ScalerTimerResetRecordTimer_WDINT(void) using 3
              {
                  LOAD_TIMER_COUNTER(&g_usTimerRecordStartTime);
              }
              
              
              //--------------------------------------------------
              // Description  : Get Recorded Time
              // Input Value  : None
              // Output Value : None
              //--------------------------------------------------
C51 COMPILER V9.60.0.0   SCALERCOMMONTIMERFUNCTION                                         09/18/2026 20:38:50 PAGE 9   

              BYTE ScalerTimerGetRecordTimer_EXINT0(void) using 1
              {
                  WORD usRecordTime = 0;
                  LOAD_TIMER_COUNTER(&usRecordTime);
              
                  if(g_usTimerRecordStartTime == usRecordTime)
                  {
                      usRecordTime = 0x00;
                  }
                  else if(g_usTimerRecordStartTime < usRecordTime)
                  {
                      usRecordTime = usRecordTime - g_usTimerRecordStartTime;
                  }
                  else
                  {
                      usRecordTime = (0xFFFF - g_usTimerRecordStartTime) + 1 + usRecordTime;
                  }
              
                  return (BYTE)usRecordTime;
              }
              #endif
 450          
 451          
 452          #if(_WD_TIMER_INT_SUPPORT == _ON)
 453          //--------------------------------------------------
 454          // Description  : Watch Dog Timer Initial
 455          // Input Value  : None
 456          // Output Value : None
 457          //--------------------------------------------------
 458          void ScalerTimerWDInitial(void)
 459          {
 460   1          // Select WD Timer INT to EXINT2
 461   1          MCU_FFC4_IRQ_PRIORITY_3 = (MCU_FFC4_IRQ_PRIORITY_3 & ~(_BIT5 | _BIT4 | _BIT3)) | _BIT4;
 462   1      
 463   1          EX2 = 1;
 464   1      
 465   1          // Set WD Timer Threshold
 466   1          SET_TIMER_WD_THRESHOLD_COUNT(0xFFF);
 467   1      
 468   1          // Enable WD Timer Mode
 469   1          MCU_FFEB_WDT_TEST = (MCU_FFEB_WDT_TEST & (~_BIT7)) | _BIT4;
 470   1      
 471   1          // Clear Counter
 472   1          MCU_FFEA_WATCHDOG_TIMER |= _BIT6;
 473   1      
 474   1          // Clear WD Timer IRQ flag
 475   1          MCU_FFEB_WDT_TEST = (MCU_FFEB_WDT_TEST & (~_BIT7)) | _BIT7;
 476   1      
 477   1          // Enable WD Timer IRQ
 478   1          MCU_FFEB_WDT_TEST = (MCU_FFEB_WDT_TEST & (~_BIT7)) | _BIT2;
 479   1      }
 480          
 481          //--------------------------------------------------
 482          // Description  : Watch Dog Timer Event Processor
 483          // Input Value  : None
 484          // Output Value : None
 485          //--------------------------------------------------
 486          void ScalerTimerWDEventProc_WDINT(void) using 3
 487          {
 488   1          BYTE ucIndex = 0;
 489   1          WORD usNextTime = 0xFFF;
 490   1          BYTE ucActiveWDID = _SCALER_WD_TIMER_EVENT_NULL;
C51 COMPILER V9.60.0.0   SCALERCOMMONTIMERFUNCTION                                         09/18/2026 20:38:50 PAGE 10  

 491   1          BYTE ucActiveWDTime = 0;
 492   1          BYTE ucWDTimeMSB = 0;
 493   1          BYTE ucWDTimeLSB = 0;
 494   1          WORD usWDLatchedTime = 0;
 495   1      
 496   1          if(((MCU_FFEB_WDT_TEST & (_BIT7 | _BIT2)) == (_BIT7 | _BIT2)) || (GET_GLOBAL_XTAL_CLK_SWITCH() != _GLO
             -BAL_XTAL_CLK_SEL_UNCHANGE))
 497   1          {
 498   2              // Latch Current Count
 499   2              MCU_FFEB_WDT_TEST = (MCU_FFEB_WDT_TEST & (~_BIT7)) | _BIT3;
 500   2      
 501   2              g_bWDTimer2Update = _FALSE;
 502   2      
 503   2              // Backup Register Value
 504   2              ucWDTimeMSB = MCU_FFAC_WATCHDOG_CNT3_VALUE;
 505   2              ucWDTimeLSB = MCU_FFAB_WATCHDOG_CNT23_VALUE;
 506   2      
 507   2              // Timer 2 Interrupt and Change Latched Value
 508   2              if(g_bWDTimer2Update == _TRUE)
 509   2              {
 510   3                  // Backup Register Value
 511   3                  ucWDTimeMSB = MCU_FFAC_WATCHDOG_CNT3_VALUE;
 512   3                  ucWDTimeLSB = MCU_FFAB_WATCHDOG_CNT23_VALUE;
 513   3              }
 514   2      
 515   2              usWDLatchedTime = ((WORD)((ucWDTimeMSB & 0x7F) << 5) | (ucWDTimeLSB >> 3));
 516   2      
 517   2              // Clear Counter and Latch Current Count
 518   2              MCU_FFEA_WATCHDOG_TIMER |= _BIT6;
 519   2      
 520   2              // Clear Overflow Flag
 521   2              MCU_FFEB_WDT_TEST = (MCU_FFEB_WDT_TEST & (~_BIT7)) | _BIT7;
 522   2      
 523   2      #if(_DP_SUPPORT == _ON)
 524   2              // Backup the DPCD port access registers
 525   2              ScalerDpRxDpcdPortAccessBackup_WDINT();
 526   2      #endif
 527   2      
 528   2              for(ucIndex = 0; ucIndex < _WD_TIMER_EVENT_COUNT; ucIndex++)
 529   2              {
 530   3                  if(GET_WD_EVENT_VALID(ucIndex) == _TRUE)
 531   3                  {
 532   4                      if(GET_WD_EVENT_TIME(ucIndex) <= usWDLatchedTime)
 533   4                      {
 534   5                          switch(GET_WD_EVENT_ID(ucIndex))
 535   5                          {
 536   6      #if(_D0_DP_EXIST == _ON)
 537   6                              case _SCALER_WD_TIMER_EVENT_RX0_DP_LINK_TRAINING_REBUILD_PHY:
 538   6      
 539   6                                  ScalerDpWDTimerEventProc_WDINT(GET_WD_EVENT_ID(ucIndex));
 540   6      
 541   6                                  break;
 542   6      #endif // #if(_D0_INPUT_PORT_TYPE == _D0_DP_PORT)
 543   6      
 544   6      #if(_D1_DP_EXIST == _ON)
                                      case _SCALER_WD_TIMER_EVENT_RX1_DP_LINK_TRAINING_REBUILD_PHY:
              
                                          ScalerDpWDTimerEventProc_WDINT(GET_WD_EVENT_ID(ucIndex));
              
                                          break;
              #endif // End of #if(_D1_INPUT_PORT_TYPE == _D1_DP_PORT)
 551   6      
C51 COMPILER V9.60.0.0   SCALERCOMMONTIMERFUNCTION                                         09/18/2026 20:38:50 PAGE 11  

 552   6      #if(_HDMI_2_0_SUPPORT == _ON)
 553   6      
 554   6                              case _SCALER_WD_TIMER_EVENT_RX0_HDMI_RR_RETRY:
 555   6                              case _SCALER_WD_TIMER_EVENT_RX1_HDMI_RR_RETRY:
 556   6                              case _SCALER_WD_TIMER_EVENT_RX2_HDMI_RR_RETRY:
 557   6                              case _SCALER_WD_TIMER_EVENT_RX3_HDMI_RR_RETRY:
 558   6                              case _SCALER_WD_TIMER_EVENT_RX4_HDMI_RR_RETRY:
 559   6                              case _SCALER_WD_TIMER_EVENT_RX5_HDMI_RR_RETRY:
 560   6      
 561   6                                  ScalerTMDSHdmiReadRequestTimerEnable_WDINT(_ENABLE);
 562   6      
 563   6                                  break;
 564   6      #endif
 565   6      
 566   6      #if((_DP_TYPE_C_PORT_CTRL_SUPPORT == _ON) && (_PORT_CONTROLLER_EMBEDDED_SUPPORT == _ON))
              #if(_D0_DP_TYPE_C_PORT_CTRL_TYPE == _PORT_CONTROLLER_EMBEDDED)
                                      case _SCALER_WD_TIMER_EVENT_CC_RX0_DETECT_VBUS:
              #if(_TYPE_C_PMIC_TYPE != _PMIC_NONE)
                                      case _SCALER_WD_TIMER_EVENT_CC_RX0_CHECK_VBUS_0V:
              #endif
              #if((_TYPE_C_EMB_CTS_FLOW == _ON) && (_HW_TYPE_C_FUNCTION_GEN == _TYPE_C_FUNCTION_GEN_1))
                                      case _SCALER_WD_TIMER_EVENT_CC_RX0_CHANGE_VBUS_OFF_THRESHOLD:
              #endif
                                          ScalerTypeCRx0CcWDTimerEventProc_WDINT(GET_WD_EVENT_ID(ucIndex), &ucActiveWDID
             -, &ucActiveWDTime);
              
                                          break;
              
                                      case _SCALER_WD_TIMER_EVENT_PD_RX0_CBL_TIMEOUT:
                                      case _SCALER_WD_TIMER_EVENT_PD_RX0_SEND_HARD_RST:
                                      case _SCALER_WD_TIMER_EVENT_PD_RX0_SENDER_RESP_TIMEOUT:
                                      case _SCALER_WD_TIMER_EVENT_PD_RX0_PS_TRANSITION_TIMEOUT:
                                      case _SCALER_WD_TIMER_EVENT_PD_RX0_SRC_TURN_OFF_POWER:
                                      case _SCALER_WD_TIMER_EVENT_PD_RX0_SRC_TURN_ON_POWER:
                                      case _SCALER_WD_TIMER_EVENT_PD_RX0_CHECK_PSRDY:
                                      case _SCALER_WD_TIMER_EVENT_PD_RX0_SEND_MSG:
                                      case _SCALER_WD_TIMER_EVENT_PD_RX0_STATE_TO_READY:
                                      case _SCALER_WD_TIMER_EVENT_PD_RX0_SNK_SWITCH_TO_SRC:
                                      case _SCALER_WD_TIMER_EVENT_PD_RX0_SEND_EPR_ENTER_FAILED:
                                      case _SCALER_WD_TIMER_EVENT_PD_RX0_CHUNK_SENDER_REQ_TIMEOUT:
                                      case _SCALER_WD_TIMER_EVENT_PD_RX0_SEND_EPR_SRC_CAP:
                                      case _SCALER_WD_TIMER_EVENT_PD_RX0_TX_AVALIABLE:
              #if(_TYPE_C_VENDOR_ALT_MODE == _TYPE_C_DELL_ALT_MODE)
                                      case _SCALER_WD_TIMER_EVENT_PD_RX0_DELL_AM_ENTER_TIMEOUT:
              #endif
              
                                          ScalerTypeCRx0PdWDTimerEventProc_WDINT(GET_WD_EVENT_ID(ucIndex), &ucActiveWDID
             -, &ucActiveWDTime);
              
                                          break;
              #endif
              #if((_TYPE_C_PMIC_TYPE != _PMIC_NONE) && (_TYPE_C_PMIC_FW_OCP_PROTECT_METHOD == _TYPE_C_PMIC_FW_OCP_BY_SCA
             -LER_SARADC))
                                      case _SCALER_WD_TIMER_EVENT_PMIC_RX0_FW_OCP_DELAY:
              
                                          ScalerTypeCPmicRx0WDTimerEventProc_WDINT(GET_WD_EVENT_ID(ucIndex), &ucActiveWD
             -ID, &ucActiveWDTime);
              
                                          break;
              #endif
              #endif
 609   6      
C51 COMPILER V9.60.0.0   SCALERCOMMONTIMERFUNCTION                                         09/18/2026 20:38:50 PAGE 12  

 610   6      #if((_DP_HDCP_2_2_SUPPORT == _ON) && (_D0_DP_EXIST == _ON))
 611   6                              case _SCALER_WD_TIMER_EVENT_DP_RX0_HDCP2_AKE_INIT:
 612   6      
 613   6                                  ScalerDpRx0Hdcp2AkeInitProc_WDINT();
 614   6      
 615   6                                  break;
 616   6      #endif
 617   6      #if((_DP_HDCP_2_2_SUPPORT == _ON) && (_D1_DP_EXIST == _ON))
                                      case _SCALER_WD_TIMER_EVENT_DP_RX1_HDCP2_AKE_INIT:
              
                                          ScalerDpRx1Hdcp2AkeInitProc_WDINT();
              
                                          break;
              #endif
 624   6      
 625   6      #if((_DP_HDCP_2_2_SUPPORT == _ON) && (_D0_DP_EXIST == _ON))
 626   6                              case _SCALER_WD_TIMER_EVENT_DP_RX0_HDCP2_SKE:
 627   6      
 628   6                                  ScalerDpRx0Hdcp2SkeProc_WDINT();
 629   6      
 630   6                                  break;
 631   6      #endif
 632   6      #if((_DP_HDCP_2_2_SUPPORT == _ON) && (_D1_DP_EXIST == _ON))
                                      case _SCALER_WD_TIMER_EVENT_DP_RX1_HDCP2_SKE:
              
                                          ScalerDpRx1Hdcp2SkeProc_WDINT();
              
                                          break;
              #endif
 639   6      
 640   6      #if((_DP_HDCP_2_2_SUPPORT == _ON) && (_D0_DP_EXIST == _ON))
 641   6                              case _SCALER_WD_TIMER_EVENT_DP_RX0_HDCP2_H_PRIME:
 642   6      
 643   6                                  ScalerDpRx0Hdcp2HPrimeProc_WDINT();
 644   6      
 645   6                                  break;
 646   6      #endif
 647   6      #if((_DP_HDCP_2_2_SUPPORT == _ON) && (_D1_DP_EXIST == _ON))
                                      case _SCALER_WD_TIMER_EVENT_DP_RX1_HDCP2_H_PRIME:
              
                                          ScalerDpRx1Hdcp2HPrimeProc_WDINT();
              
                                          break;
              #endif
 654   6      
 655   6      #if(_TMDS_HDCP_2_2_SUPPORT == _ON)
 656   6      
 657   6      #if((_D1_INPUT_PORT_TYPE == _D1_HDMI_PORT) || (_D1_INPUT_PORT_TYPE == _D1_MHL_PORT))
                                      case _SCALER_WD_TIMER_EVENT_TMDS_RX1_HDCP2_RSA_CAL_START:
              
                                          if(ScalerHdcp2RsaAvailable_WDINT() == _TRUE)
                                          {
                                              if(ScalerGetBit_EXINT(P63_10_HDCP_RSA_CTRL0, _BIT7) == 0x00) // RSA = Idle
                                              {
                                                  ScalerTMDSRx1Hdcp2RxRsaCalculate_WDINT();
              
                                                  // Active Timer Event to Check RSA Done
                                                  ucActiveWDID = _SCALER_WD_TIMER_EVENT_TMDS_RX1_HDCP2_CHECK_RSA_CAL_DON
             -E;
                                                  ucActiveWDTime = 10;
                                              }
                                              else
C51 COMPILER V9.60.0.0   SCALERCOMMONTIMERFUNCTION                                         09/18/2026 20:38:50 PAGE 13  

                                              {
                                                  // Reactive WD Timer to Start RSA Cal
                                                  ucActiveWDID = _SCALER_WD_TIMER_EVENT_TMDS_RX1_HDCP2_RSA_CAL_START;
                                                  ucActiveWDTime = 10;
                                              }
                                          }
                                          break;
              
                                      case _SCALER_WD_TIMER_EVENT_TMDS_RX1_HDCP2_CHECK_RSA_CAL_DONE:
              
                                          if(ScalerHdcp2RsaAvailable_WDINT() == _TRUE)
                                          {
                                              if(ScalerGetBit_EXINT(P63_10_HDCP_RSA_CTRL0, _BIT2) == _BIT2) // RSA done
                                              {
                                                  // Disable RSA Module
                                                  ScalerSetBit_EXINT(P63_10_HDCP_RSA_CTRL0, ~_BIT7, 0x00);
              
                                                  if(ScalerHdcp2RxRsaOaepCalculate_WDINT(g_pucTmdsRx1Hdcp2Km) == _TRUE)
                                                  {
                                                      ScalerTMDSRx1Hdcp2HPrime_WDINT();
                                                  }
                                              }
                                              else
                                              {
                                                  // Active Timer Event to Check RSA Done
                                                  ucActiveWDID = _SCALER_WD_TIMER_EVENT_TMDS_RX1_HDCP2_CHECK_RSA_CAL_DON
             -E;
                                                  ucActiveWDTime = 10;
                                              }
                                          }
                                          else
                                          {
                                              // Disable RSA Module
                                              ScalerSetBit_EXINT(P63_10_HDCP_RSA_CTRL0, ~_BIT7, 0x00);
                                          }
                                          break;
              
                                      case _SCALER_WD_TIMER_EVENT_RX1_HDCP2_SET_REAUTH:
              
                                          if(GET_TMDS_RX1_HDCP2_AUTHENTICATION_DONE() == _TRUE)
                                          {
                                              ScalerTMDSRx1Hdcp2SetReAuth_WDINT();
                                          }
              
                                          break;
              #endif
 716   6      
 717   6      #if((_D2_INPUT_PORT_TYPE == _D2_HDMI_PORT) || (_D2_INPUT_PORT_TYPE == _D2_MHL_PORT))
                                      case _SCALER_WD_TIMER_EVENT_TMDS_RX2_HDCP2_RSA_CAL_START:
              
                                          if(ScalerHdcp2RsaAvailable_WDINT() == _TRUE)
                                          {
                                              if(ScalerGetBit_EXINT(P63_10_HDCP_RSA_CTRL0, _BIT7) == 0x00) // RSA = Idle
                                              {
                                                  ScalerTMDSRx2Hdcp2RxRsaCalculate_WDINT();
              
                                                  // Active Timer Event to Check RSA Done
                                                  ucActiveWDID = _SCALER_WD_TIMER_EVENT_TMDS_RX2_HDCP2_CHECK_RSA_CAL_DON
             -E;
                                                  ucActiveWDTime = 10;
                                              }
                                              else
C51 COMPILER V9.60.0.0   SCALERCOMMONTIMERFUNCTION                                         09/18/2026 20:38:50 PAGE 14  

                                              {
                                                  // Reactive WD Timer to Start RSA Cal
                                                  ucActiveWDID = _SCALER_WD_TIMER_EVENT_TMDS_RX2_HDCP2_RSA_CAL_START;
                                                  ucActiveWDTime = 10;
                                              }
                                          }
                                          break;
              
                                      case _SCALER_WD_TIMER_EVENT_TMDS_RX2_HDCP2_CHECK_RSA_CAL_DONE:
              
                                          if(ScalerHdcp2RsaAvailable_WDINT() == _TRUE)
                                          {
                                              if(ScalerGetBit_EXINT(P63_10_HDCP_RSA_CTRL0, _BIT2) == _BIT2) // RSA done
                                              {
                                                  // Disable RSA Module
                                                  ScalerSetBit_EXINT(P63_10_HDCP_RSA_CTRL0, ~_BIT7, 0x00);
              
                                                  if(ScalerHdcp2RxRsaOaepCalculate_WDINT(g_pucTmdsRx2Hdcp2Km) == _TRUE)
                                                  {
                                                      ScalerTMDSRx2Hdcp2HPrime_WDINT();
                                                  }
                                              }
                                              else
                                              {
                                                  // Active Timer Event to Check RSA Done
                                                  ucActiveWDID = _SCALER_WD_TIMER_EVENT_TMDS_RX2_HDCP2_CHECK_RSA_CAL_DON
             -E;
                                                  ucActiveWDTime = 10;
                                              }
                                          }
                                          else
                                          {
                                              // Disable RSA Module
                                              ScalerSetBit_EXINT(P63_10_HDCP_RSA_CTRL0, ~_BIT7, 0x00);
                                          }
                                          break;
              
                                      case _SCALER_WD_TIMER_EVENT_RX2_HDCP2_SET_REAUTH:
              
                                          if(GET_TMDS_RX2_HDCP2_AUTHENTICATION_DONE() == _TRUE)
                                          {
                                              ScalerTMDSRx2Hdcp2SetReAuth_WDINT();
                                          }
              
                                          break;
              #endif
 776   6      
 777   6      #if((_D3_INPUT_PORT_TYPE == _D3_HDMI_PORT) || (_D3_INPUT_PORT_TYPE == _D3_MHL_PORT))
 778   6                              case _SCALER_WD_TIMER_EVENT_TMDS_RX3_HDCP2_RSA_CAL_START:
 779   6      
 780   6                                  if(ScalerHdcp2RsaAvailable_WDINT() == _TRUE)
 781   6                                  {
 782   7                                      if(ScalerGetBit_EXINT(P63_10_HDCP_RSA_CTRL0, _BIT7) == 0x00) // RSA = Idle
 783   7                                      {
 784   8                                          ScalerTMDSRx3Hdcp2RxRsaCalculate_WDINT();
 785   8      
 786   8                                          // Active Timer Event to Check RSA Done
 787   8                                          ucActiveWDID = _SCALER_WD_TIMER_EVENT_TMDS_RX3_HDCP2_CHECK_RSA_CAL_DON
             -E;
 788   8                                          ucActiveWDTime = 10;
 789   8                                      }
 790   7                                      else
C51 COMPILER V9.60.0.0   SCALERCOMMONTIMERFUNCTION                                         09/18/2026 20:38:50 PAGE 15  

 791   7                                      {
 792   8                                          // Reactive WD Timer to Start RSA Cal
 793   8                                          ucActiveWDID = _SCALER_WD_TIMER_EVENT_TMDS_RX3_HDCP2_RSA_CAL_START;
 794   8                                          ucActiveWDTime = 10;
 795   8                                      }
 796   7                                  }
 797   6                                  break;
 798   6      
 799   6                              case _SCALER_WD_TIMER_EVENT_TMDS_RX3_HDCP2_CHECK_RSA_CAL_DONE:
 800   6      
 801   6                                  if(ScalerHdcp2RsaAvailable_WDINT() == _TRUE)
 802   6                                  {
 803   7                                      if(ScalerGetBit_EXINT(P63_10_HDCP_RSA_CTRL0, _BIT2) == _BIT2) // RSA done
 804   7                                      {
 805   8                                          // Disable RSA Module
 806   8                                          ScalerSetBit_EXINT(P63_10_HDCP_RSA_CTRL0, ~_BIT7, 0x00);
 807   8      
 808   8                                          if(ScalerHdcp2RxRsaOaepCalculate_WDINT(g_pucTmdsRx3Hdcp2Km) == _TRUE)
 809   8                                          {
 810   9                                              ScalerTMDSRx3Hdcp2HPrime_WDINT();
 811   9                                          }
 812   8                                      }
 813   7                                      else
 814   7                                      {
 815   8                                          // Active Timer Event to Check RSA Done
 816   8                                          ucActiveWDID = _SCALER_WD_TIMER_EVENT_TMDS_RX3_HDCP2_CHECK_RSA_CAL_DON
             -E;
 817   8                                          ucActiveWDTime = 10;
 818   8                                      }
 819   7                                  }
 820   6                                  else
 821   6                                  {
 822   7                                      // Disable RSA Module
 823   7                                      ScalerSetBit_EXINT(P63_10_HDCP_RSA_CTRL0, ~_BIT7, 0x00);
 824   7                                  }
 825   6                                  break;
 826   6      
 827   6                              case _SCALER_WD_TIMER_EVENT_RX3_HDCP2_SET_REAUTH:
 828   6      
 829   6                                  if(GET_TMDS_RX3_HDCP2_AUTHENTICATION_DONE() == _TRUE)
 830   6                                  {
 831   7                                      ScalerTMDSRx3Hdcp2SetReAuth_WDINT();
 832   7                                  }
 833   6      
 834   6                                  break;
 835   6      #endif
 836   6      
 837   6      #if((_D4_INPUT_PORT_TYPE == _D4_HDMI_PORT) || (_D4_INPUT_PORT_TYPE == _D4_MHL_PORT))
                                      case _SCALER_WD_TIMER_EVENT_TMDS_RX4_HDCP2_RSA_CAL_START:
              
                                          if(ScalerHdcp2RsaAvailable_WDINT() == _TRUE)
                                          {
                                              if(ScalerGetBit_EXINT(P63_10_HDCP_RSA_CTRL0, _BIT7) == 0x00) // RSA = Idle
                                              {
                                                  ScalerTMDSRx4Hdcp2RxRsaCalculate_WDINT();
              
                                                  // Active Timer Event to Check RSA Done
                                                  ucActiveWDID = _SCALER_WD_TIMER_EVENT_TMDS_RX4_HDCP2_CHECK_RSA_CAL_DON
             -E;
                                                  ucActiveWDTime = 10;
                                              }
                                              else
C51 COMPILER V9.60.0.0   SCALERCOMMONTIMERFUNCTION                                         09/18/2026 20:38:50 PAGE 16  

                                              {
                                                  // Reactive WD Timer to Start RSA Cal
                                                  ucActiveWDID = _SCALER_WD_TIMER_EVENT_TMDS_RX4_HDCP2_RSA_CAL_START;
                                                  ucActiveWDTime = 10;
                                              }
                                          }
                                          break;
              
                                      case _SCALER_WD_TIMER_EVENT_TMDS_RX4_HDCP2_CHECK_RSA_CAL_DONE:
              
                                          if(ScalerHdcp2RsaAvailable_WDINT() == _TRUE)
                                          {
                                              if(ScalerGetBit_EXINT(P63_10_HDCP_RSA_CTRL0, _BIT2) == _BIT2) // RSA done
                                              {
                                                  // Disable RSA Module
                                                  ScalerSetBit_EXINT(P63_10_HDCP_RSA_CTRL0, ~_BIT7, 0x00);
              
                                                  if(ScalerHdcp2RxRsaOaepCalculate_WDINT(g_pucTmdsRx4Hdcp2Km) == _TRUE)
                                                  {
                                                      ScalerTMDSRx4Hdcp2HPrime_WDINT();
                                                  }
                                              }
                                              else
                                              {
                                                  // Active Timer Event to Check RSA Done
                                                  ucActiveWDID = _SCALER_WD_TIMER_EVENT_TMDS_RX4_HDCP2_CHECK_RSA_CAL_DON
             -E;
                                                  ucActiveWDTime = 10;
                                              }
                                          }
                                          else
                                          {
                                              // Disable RSA Module
                                              ScalerSetBit_EXINT(P63_10_HDCP_RSA_CTRL0, ~_BIT7, 0x00);
                                          }
                                          break;
              
                                      case _SCALER_WD_TIMER_EVENT_RX4_HDCP2_SET_REAUTH:
              
                                          if(GET_TMDS_RX4_HDCP2_AUTHENTICATION_DONE() == _TRUE)
                                          {
                                              ScalerTMDSRx4Hdcp2SetReAuth_WDINT();
                                          }
                                          break;
              #endif
 895   6      
 896   6      #if((_D5_INPUT_PORT_TYPE == _D5_HDMI_PORT) || (_D5_INPUT_PORT_TYPE == _D5_MHL_PORT))
                                      case _SCALER_WD_TIMER_EVENT_TMDS_RX5_HDCP2_RSA_CAL_START:
              
                                          if(ScalerHdcp2RsaAvailable_WDINT() == _TRUE)
                                          {
                                              if(ScalerGetBit_EXINT(P63_10_HDCP_RSA_CTRL0, _BIT7) == 0x00) // RSA = Idle
                                              {
                                                  ScalerTMDSRx5Hdcp2RxRsaCalculate_WDINT();
              
                                                  // Active Timer Event to Check RSA Done
                                                  ucActiveWDID = _SCALER_WD_TIMER_EVENT_TMDS_RX5_HDCP2_CHECK_RSA_CAL_DON
             -E;
                                                  ucActiveWDTime = 10;
                                              }
                                              else
                                              {
C51 COMPILER V9.60.0.0   SCALERCOMMONTIMERFUNCTION                                         09/18/2026 20:38:50 PAGE 17  

                                                  // Reactive WD Timer to Start RSA Cal
                                                  ucActiveWDID = _SCALER_WD_TIMER_EVENT_TMDS_RX5_HDCP2_RSA_CAL_START;
                                                  ucActiveWDTime = 10;
                                              }
                                          }
                                          break;
              
                                      case _SCALER_WD_TIMER_EVENT_TMDS_RX5_HDCP2_CHECK_RSA_CAL_DONE:
              
                                          if(ScalerHdcp2RsaAvailable_WDINT() == _TRUE)
                                          {
                                              if(ScalerGetBit_EXINT(P63_10_HDCP_RSA_CTRL0, _BIT2) == _BIT2) // RSA done
                                              {
                                                  // Disable RSA Module
                                                  ScalerSetBit_EXINT(P63_10_HDCP_RSA_CTRL0, ~_BIT7, 0x00);
              
                                                  if(ScalerHdcp2RxRsaOaepCalculate_WDINT(g_pucTmdsRx5Hdcp2Km) == _TRUE)
                                                  {
                                                      ScalerTMDSRx5Hdcp2HPrime_WDINT();
                                                  }
                                              }
                                              else
                                              {
                                                  // Active Timer Event to Check RSA Done
                                                  ucActiveWDID = _SCALER_WD_TIMER_EVENT_TMDS_RX5_HDCP2_CHECK_RSA_CAL_DON
             -E;
                                                  ucActiveWDTime = 10;
                                              }
                                          }
                                          else
                                          {
                                              // Disable RSA Module
                                              ScalerSetBit_EXINT(P63_10_HDCP_RSA_CTRL0, ~_BIT7, 0x00);
                                          }
                                          break;
              
                                      case _SCALER_WD_TIMER_EVENT_RX5_HDCP2_SET_REAUTH:
              
                                          if(GET_TMDS_RX5_HDCP2_AUTHENTICATION_DONE() == _TRUE)
                                          {
                                              ScalerTMDSRx5Hdcp2SetReAuth_WDINT();
                                          }
                                          break;
              #endif
 954   6      
 955   6      #endif // End of #if(_TMDS_HDCP_2_2_SUPPORT == _ON)
 956   6                              default:
 957   6                                  break;
 958   6                          }
 959   5      
 960   5                          // Clear Event Valid After Event Processed
 961   5                          CLR_WD_EVENT_VALID(ucIndex);
 962   5                      }
 963   4                      else
 964   4                      {
 965   5                          if(GET_GLOBAL_XTAL_CLK_SWITCH() == _GLOBAL_XTAL_CLK_SEL_UNCHANGE)
 966   5                          {
 967   6                              // Calculate Remain Event Time
 968   6                              SET_WD_EVENT_TIME(ucIndex, ((GET_WD_EVENT_TIME(ucIndex) > usWDLatchedTime) ? (GET_
             -WD_EVENT_TIME(ucIndex) - usWDLatchedTime) : 0));
 969   6                          }
 970   5                          else if(GET_GLOBAL_XTAL_CLK_SWITCH() == _GLOBAL_XTAL_CLK_SEL_TO_INTERNAL)
C51 COMPILER V9.60.0.0   SCALERCOMMONTIMERFUNCTION                                         09/18/2026 20:38:50 PAGE 18  

 971   5                          {
 972   6                              // Calculate Remain Event Time; xtal -> iosc
 973   6                              SET_WD_EVENT_TIME(ucIndex, ((GET_WD_EVENT_TIME(ucIndex) > usWDLatchedTime) ? ((DWO
             -RD)(GET_WD_EVENT_TIME(ucIndex) - usWDLatchedTime) * _INTERNAL_OSC_XTAL / _EXT_XTAL) : 0));
 974   6                          }
 975   5                          else if(GET_GLOBAL_XTAL_CLK_SWITCH() == _GLOBAL_XTAL_CLK_SEL_TO_EXTERNAL)
 976   5                          {
 977   6                              // Calculate Remain Event Time; iosc -> xtal
 978   6                              SET_WD_EVENT_TIME(ucIndex, ((GET_WD_EVENT_TIME(ucIndex) > usWDLatchedTime) ? ((DWO
             -RD)(GET_WD_EVENT_TIME(ucIndex) - usWDLatchedTime) * _EXT_XTAL / _INTERNAL_OSC_XTAL) : 0));
 979   6                          }
 980   5      
 981   5                          // Set Next Execute Time
 982   5                          if(GET_WD_EVENT_TIME(ucIndex) < usNextTime)
 983   5                          {
 984   6                              usNextTime = GET_WD_EVENT_TIME(ucIndex);
 985   6                          }
 986   5                      }
 987   4                  }
 988   3              }
 989   2      
 990   2      #if(_DP_SUPPORT == _ON)
 991   2              // Restore the DPCD port access registers
 992   2              ScalerDpRxDpcdPortAccessBackupRestore_WDINT();
 993   2      #endif
 994   2      
 995   2              if(usNextTime == 0)
 996   2              {
 997   3                  // Threshold Set 0 will Induce HW IRQ can't happen
 998   3                  SET_TIMER_WD_THRESHOLD_COUNT(1);
 999   3              }
1000   2              else
1001   2              {
1002   3                  SET_TIMER_WD_THRESHOLD_COUNT(usNextTime);
1003   3              }
1004   2      
1005   2              SET_GLOBAL_XTAL_CLK_SWITCH(_GLOBAL_XTAL_CLK_SEL_UNCHANGE);
1006   2          }
1007   1      
1008   1          if((ucActiveWDTime != 0x00) && (ucActiveWDID != _SCALER_WD_TIMER_EVENT_NULL))
1009   1          {
1010   2              ScalerTimerWDActivateTimerEvent_WDINT(ucActiveWDTime, ucActiveWDID);
1011   2          }
1012   1      }
1013          
1014          //--------------------------------------------------
1015          // Description  : Activate Watch Dog Timer (Only for EXINT0)
1016          //                Acceptable Event Time should be between 10 ~ 500ms (for 14.318M) or 5 ~ 250ms (for 27M)
1017          // Input Value  : None
1018          // Output Value : None
1019          //--------------------------------------------------
1020          void ScalerTimerWDActivateTimerEvent_EXINT0(WORD usTime, EnumScalerWDTimerEventID enumEventID) using 1
1021          {
1022   1          BYTE ucIndex = 0;
1023   1          BYTE ucEventIndex = 0;
1024   1          BYTE ucWDTimeMSB = 0;
1025   1          BYTE ucWDTimeLSB = 0;
1026   1          WORD usWDLatchedTime = 0;
1027   1          WORD usWDThresholdTemp = 0;
1028   1      
1029   1          // Calculate Target WD Count
1030   1          usTime = ((DWORD)usTime * (_SYS_USE_ISO_CLK ? _INTERNAL_OSC_XTAL : _EXT_XTAL)) >> 11;
C51 COMPILER V9.60.0.0   SCALERCOMMONTIMERFUNCTION                                         09/18/2026 20:38:50 PAGE 19  

1031   1      
1032   1          for(ucIndex = 0; ucIndex < _WD_TIMER_EVENT_COUNT; ucIndex++)
1033   1          {
1034   2              if(GET_WD_EVENT_VALID(ucIndex) == _FALSE)
1035   2              {
1036   3                  // Latch Current Count
1037   3                  MCU_FFEB_WDT_TEST = (MCU_FFEB_WDT_TEST & (~_BIT7)) | _BIT3;
1038   3      
1039   3                  g_bWDTimer2Update = _FALSE;
1040   3      
1041   3                  // Backup Register Value
1042   3                  ucWDTimeMSB = MCU_FFAC_WATCHDOG_CNT3_VALUE;
1043   3                  ucWDTimeLSB = MCU_FFAB_WATCHDOG_CNT23_VALUE;
1044   3      
1045   3                  // Timer 2 Interrupt and Change Latched Value
1046   3                  if(g_bWDTimer2Update == _TRUE)
1047   3                  {
1048   4                      // Backup Register Value
1049   4                      ucWDTimeMSB = MCU_FFAC_WATCHDOG_CNT3_VALUE;
1050   4                      ucWDTimeLSB = MCU_FFAB_WATCHDOG_CNT23_VALUE;
1051   4                  }
1052   3      
1053   3                  usWDLatchedTime = ((WORD)((ucWDTimeMSB & 0x7F) << 5) | (ucWDTimeLSB >> 3));
1054   3      
1055   3                  SET_WD_EVENT_ID(ucIndex, enumEventID);
1056   3      
1057   3                  // If Target WD Count overflows
1058   3                  if((usWDLatchedTime + usTime) >= 0xFFF)
1059   3                  {
1060   4                      if(GET_TIMER_WD_THRESHOLD_COUNT() > usWDLatchedTime)
1061   4                      {
1062   5                          usWDThresholdTemp = GET_TIMER_WD_THRESHOLD_COUNT() - usWDLatchedTime;
1063   5      
1064   5                          SET_TIMER_WD_THRESHOLD_COUNT(usWDThresholdTemp);
1065   5                      }
1066   4                      else
1067   4                      {
1068   5                          // Threshold Set 0 will Induce HW IRQ can't happen
1069   5                          SET_TIMER_WD_THRESHOLD_COUNT(1);
1070   5                      }
1071   4      
1072   4                      // Latch Current Count
1073   4                      MCU_FFEB_WDT_TEST = (MCU_FFEB_WDT_TEST & (~_BIT7)) | _BIT3;
1074   4      
1075   4                      g_bWDTimer2Update = _FALSE;
1076   4      
1077   4                      // Backup Register Value
1078   4                      ucWDTimeMSB = MCU_FFAC_WATCHDOG_CNT3_VALUE;
1079   4                      ucWDTimeLSB = MCU_FFAB_WATCHDOG_CNT23_VALUE;
1080   4      
1081   4                      // Timer 2 Interrupt and Change Latched Value
1082   4                      if(g_bWDTimer2Update == _TRUE)
1083   4                      {
1084   5                          // Backup Register Value
1085   5                          ucWDTimeMSB = MCU_FFAC_WATCHDOG_CNT3_VALUE;
1086   5                          ucWDTimeLSB = MCU_FFAB_WATCHDOG_CNT23_VALUE;
1087   5                      }
1088   4      
1089   4                      usWDLatchedTime = ((WORD)((ucWDTimeMSB & 0x7F) << 5) | (ucWDTimeLSB >> 3));
1090   4      
1091   4                      // Clear WD Timer Count
1092   4                      MCU_FFEA_WATCHDOG_TIMER |= _BIT6;
C51 COMPILER V9.60.0.0   SCALERCOMMONTIMERFUNCTION                                         09/18/2026 20:38:50 PAGE 20  

1093   4      
1094   4                      SET_WD_EVENT_TIME(ucIndex, usTime);
1095   4      
1096   4                      // Modify the Remain Time of Every Other Valid Event (Use Event ID as Temporariy Variable)
1097   4                      for(ucEventIndex = 0; ucEventIndex < _WD_TIMER_EVENT_COUNT; ucEventIndex++)
1098   4                      {
1099   5                          if((GET_WD_EVENT_VALID(ucEventIndex) == _FALSE) || (ucEventIndex == ucIndex))
1100   5                          {
1101   6                              continue;
1102   6                          }
1103   5                          else
1104   5                          {
1105   6                              SET_WD_EVENT_TIME(ucEventIndex, ((GET_WD_EVENT_TIME(ucEventIndex) > usWDLatchedTim
             -e) ? (GET_WD_EVENT_TIME(ucEventIndex) - usWDLatchedTime) : 0));
1106   6                          }
1107   5                      }
1108   4                  }
1109   3                  else
1110   3                  {
1111   4                      // The Target Event should happen before previous event
1112   4                      if((usWDLatchedTime + usTime) < GET_TIMER_WD_THRESHOLD_COUNT())
1113   4                      {
1114   5                          if(usTime == 0)
1115   5                          {
1116   6                              // Threshold Set 0 will Induce HW IRQ can't happen
1117   6                              SET_TIMER_WD_THRESHOLD_COUNT(1);
1118   6                          }
1119   5                          else
1120   5                          {
1121   6                              // Change Target WD Threshold to Current Event
1122   6                              SET_TIMER_WD_THRESHOLD_COUNT(usTime);
1123   6                          }
1124   5      
1125   5                          // Latch Current Count
1126   5                          MCU_FFEB_WDT_TEST = (MCU_FFEB_WDT_TEST & (~_BIT7)) | _BIT3;
1127   5      
1128   5                          g_bWDTimer2Update = _FALSE;
1129   5      
1130   5                          // Backup Register Value
1131   5                          ucWDTimeMSB = MCU_FFAC_WATCHDOG_CNT3_VALUE;
1132   5                          ucWDTimeLSB = MCU_FFAB_WATCHDOG_CNT23_VALUE;
1133   5      
1134   5                          // Timer 2 Interrupt and Change Latched Value
1135   5                          if(g_bWDTimer2Update == _TRUE)
1136   5                          {
1137   6                              // Backup Register Value
1138   6                              ucWDTimeMSB = MCU_FFAC_WATCHDOG_CNT3_VALUE;
1139   6                              ucWDTimeLSB = MCU_FFAB_WATCHDOG_CNT23_VALUE;
1140   6                          }
1141   5      
1142   5                          usWDLatchedTime = ((WORD)((ucWDTimeMSB & 0x7F) << 5) | (ucWDTimeLSB >> 3));
1143   5      
1144   5                          // Clear WD Timer Count
1145   5                          MCU_FFEA_WATCHDOG_TIMER |= _BIT6;
1146   5      
1147   5                          SET_WD_EVENT_TIME(ucIndex, usTime);
1148   5      
1149   5                          // Modify the Remain Time of Every Other Valid Event (Use Event ID as Temporariy Varia
             -ble)
1150   5                          for(ucEventIndex = 0; ucEventIndex < _WD_TIMER_EVENT_COUNT; ucEventIndex++)
1151   5                          {
1152   6                              if((GET_WD_EVENT_VALID(ucEventIndex) == _FALSE) || (ucEventIndex == ucIndex))
C51 COMPILER V9.60.0.0   SCALERCOMMONTIMERFUNCTION                                         09/18/2026 20:38:50 PAGE 21  

1153   6                              {
1154   7                                  continue;
1155   7                              }
1156   6                              else
1157   6                              {
1158   7                                  SET_WD_EVENT_TIME(ucEventIndex, ((GET_WD_EVENT_TIME(ucEventIndex) > usWDLatche
             -dTime) ? (GET_WD_EVENT_TIME(ucEventIndex) - usWDLatchedTime) : 0));
1159   7                              }
1160   6                          }
1161   5                      }
1162   4                      else
1163   4                      {
1164   5                          SET_WD_EVENT_TIME(ucIndex, (usWDLatchedTime + usTime));
1165   5                      }
1166   4                  }
1167   3                  break;
1168   3              }
1169   2          }
1170   1      }
1171          
1172          //--------------------------------------------------
1173          // Description  : Activate Watch Dog Timer (Only for WDINT0)
1174          //                Acceptable Event Time should be between 10 ~ 500ms (for 14.318M) or 5 ~ 250ms (for 27M)
1175          // Input Value  : usTime, enumEventID
1176          // Output Value : None
1177          //--------------------------------------------------
1178          void ScalerTimerWDActivateTimerEvent_WDINT(WORD usTime, EnumScalerWDTimerEventID enumEventID) using 3
1179          {
1180   1          BYTE ucIndex = 0;
1181   1          BYTE ucEventIndex = 0;
1182   1          BYTE ucWDTimeMSB = 0;
1183   1          BYTE ucWDTimeLSB = 0;
1184   1          WORD usWDLatchedTime = 0;
1185   1          WORD usWDThresholdTemp = 0;
1186   1      
1187   1          // Calculate Target WD Count
1188   1          usTime = ((DWORD)usTime * (_SYS_USE_ISO_CLK ? _INTERNAL_OSC_XTAL : _EXT_XTAL)) >> 11;
1189   1      
1190   1          for(ucIndex = 0; ucIndex < _WD_TIMER_EVENT_COUNT; ucIndex++)
1191   1          {
1192   2              if(GET_WD_EVENT_VALID(ucIndex) == _FALSE)
1193   2              {
1194   3                  // Latch Current Count
1195   3                  MCU_FFEB_WDT_TEST = (MCU_FFEB_WDT_TEST & (~_BIT7)) | _BIT3;
1196   3      
1197   3                  g_bWDTimer2Update = _FALSE;
1198   3      
1199   3                  // Backup Register Value
1200   3                  ucWDTimeMSB = MCU_FFAC_WATCHDOG_CNT3_VALUE;
1201   3                  ucWDTimeLSB = MCU_FFAB_WATCHDOG_CNT23_VALUE;
1202   3      
1203   3                  // Timer 2 Interrupt and Change Latched Value
1204   3                  if(g_bWDTimer2Update == _TRUE)
1205   3                  {
1206   4                      // Backup Register Value
1207   4                      ucWDTimeMSB = MCU_FFAC_WATCHDOG_CNT3_VALUE;
1208   4                      ucWDTimeLSB = MCU_FFAB_WATCHDOG_CNT23_VALUE;
1209   4                  }
1210   3      
1211   3                  usWDLatchedTime = ((WORD)((ucWDTimeMSB & 0x7F) << 5) | (ucWDTimeLSB >> 3));
1212   3      
1213   3                  SET_WD_EVENT_ID(ucIndex, enumEventID);
C51 COMPILER V9.60.0.0   SCALERCOMMONTIMERFUNCTION                                         09/18/2026 20:38:50 PAGE 22  

1214   3      
1215   3                  // If Target WD Count overflows
1216   3                  if((usWDLatchedTime + usTime) >= 0xFFF)
1217   3                  {
1218   4                      if(GET_TIMER_WD_THRESHOLD_COUNT() > usWDLatchedTime)
1219   4                      {
1220   5                          usWDThresholdTemp = GET_TIMER_WD_THRESHOLD_COUNT() - usWDLatchedTime;
1221   5      
1222   5                          SET_TIMER_WD_THRESHOLD_COUNT(usWDThresholdTemp);
1223   5                      }
1224   4                      else
1225   4                      {
1226   5                          // Threshold Set 0 will Induce HW IRQ can't happen
1227   5                          SET_TIMER_WD_THRESHOLD_COUNT(1);
1228   5                      }
1229   4      
1230   4                      // Latch Current Count
1231   4                      MCU_FFEB_WDT_TEST = (MCU_FFEB_WDT_TEST & (~_BIT7)) | _BIT3;
1232   4      
1233   4                      g_bWDTimer2Update = _FALSE;
1234   4      
1235   4                      // Backup Register Value
1236   4                      ucWDTimeMSB = MCU_FFAC_WATCHDOG_CNT3_VALUE;
1237   4                      ucWDTimeLSB = MCU_FFAB_WATCHDOG_CNT23_VALUE;
1238   4      
1239   4                      // Timer 2 Interrupt and Change Latched Value
1240   4                      if(g_bWDTimer2Update == _TRUE)
1241   4                      {
1242   5                          // Backup Register Value
1243   5                          ucWDTimeMSB = MCU_FFAC_WATCHDOG_CNT3_VALUE;
1244   5                          ucWDTimeLSB = MCU_FFAB_WATCHDOG_CNT23_VALUE;
1245   5                      }
1246   4      
1247   4                      usWDLatchedTime = ((WORD)((ucWDTimeMSB & 0x7F) << 5) | (ucWDTimeLSB >> 3));
1248   4      
1249   4                      // Clear WD Timer Count
1250   4                      MCU_FFEA_WATCHDOG_TIMER |= _BIT6;
1251   4      
1252   4                      SET_WD_EVENT_TIME(ucIndex, usTime);
1253   4      
1254   4                      // Modify the Remain Time of Every Other Valid Event (Use Event ID as Temporariy Variable)
1255   4                      for(ucEventIndex = 0; ucEventIndex < _WD_TIMER_EVENT_COUNT; ucEventIndex++)
1256   4                      {
1257   5                          if((GET_WD_EVENT_VALID(ucEventIndex) == _FALSE) || (ucEventIndex == ucIndex))
1258   5                          {
1259   6                              continue;
1260   6                          }
1261   5                          else
1262   5                          {
1263   6                              SET_WD_EVENT_TIME(ucEventIndex, ((GET_WD_EVENT_TIME(ucEventIndex) > usWDLatchedTim
             -e) ? (GET_WD_EVENT_TIME(ucEventIndex) - usWDLatchedTime) : 0));
1264   6                          }
1265   5                      }
1266   4                  }
1267   3                  else
1268   3                  {
1269   4                      // The Target Event should happen before previous event
1270   4                      if((usWDLatchedTime + usTime) < GET_TIMER_WD_THRESHOLD_COUNT())
1271   4                      {
1272   5                          if(usTime == 0)
1273   5                          {
1274   6                              // Threshold Set 0 will Induce HW IRQ can't happen
C51 COMPILER V9.60.0.0   SCALERCOMMONTIMERFUNCTION                                         09/18/2026 20:38:50 PAGE 23  

1275   6                              SET_TIMER_WD_THRESHOLD_COUNT(1);
1276   6                          }
1277   5                          else
1278   5                          {
1279   6                              // Change Target WD Threshold to Current Event
1280   6                              SET_TIMER_WD_THRESHOLD_COUNT(usTime);
1281   6                          }
1282   5      
1283   5                          // Latch Current Count
1284   5                          MCU_FFEB_WDT_TEST = (MCU_FFEB_WDT_TEST & (~_BIT7)) | _BIT3;
1285   5      
1286   5                          g_bWDTimer2Update = _FALSE;
1287   5      
1288   5                          // Backup Register Value
1289   5                          ucWDTimeMSB = MCU_FFAC_WATCHDOG_CNT3_VALUE;
1290   5                          ucWDTimeLSB = MCU_FFAB_WATCHDOG_CNT23_VALUE;
1291   5      
1292   5                          // Timer 2 Interrupt and Change Latched Value
1293   5                          if(g_bWDTimer2Update == _TRUE)
1294   5                          {
1295   6                              // Backup Register Value
1296   6                              ucWDTimeMSB = MCU_FFAC_WATCHDOG_CNT3_VALUE;
1297   6                              ucWDTimeLSB = MCU_FFAB_WATCHDOG_CNT23_VALUE;
1298   6                          }
1299   5      
1300   5                          usWDLatchedTime = ((WORD)((ucWDTimeMSB & 0x7F) << 5) | (ucWDTimeLSB >> 3));
1301   5      
1302   5                          // Clear WD Timer Count
1303   5                          MCU_FFEA_WATCHDOG_TIMER |= _BIT6;
1304   5      
1305   5                          SET_WD_EVENT_TIME(ucIndex, usTime);
1306   5      
1307   5                          // Modify the Remain Time of Every Other Valid Event (Use Event ID as Temporariy Varia
             -ble)
1308   5                          for(ucEventIndex = 0; ucEventIndex < _WD_TIMER_EVENT_COUNT; ucEventIndex++)
1309   5                          {
1310   6                              if((GET_WD_EVENT_VALID(ucEventIndex) == _FALSE) || (ucEventIndex == ucIndex))
1311   6                              {
1312   7                                  continue;
1313   7                              }
1314   6                              else
1315   6                              {
1316   7                                  SET_WD_EVENT_TIME(ucEventIndex, ((GET_WD_EVENT_TIME(ucEventIndex) > usWDLatche
             -dTime) ? (GET_WD_EVENT_TIME(ucEventIndex) - usWDLatchedTime) : 0));
1317   7                              }
1318   6                          }
1319   5                      }
1320   4                      else
1321   4                      {
1322   5                          SET_WD_EVENT_TIME(ucIndex, (usWDLatchedTime + usTime));
1323   5                      }
1324   4                  }
1325   3                  break;
1326   3              }
1327   2          }
1328   1      }
1329          
1330          //--------------------------------------------------
1331          // Description  : Cancel WD Timer Event (Only for EXINT0)
1332          // Input Value  : ucEventID => Event ID
1333          // Output Value : None
1334          //--------------------------------------------------
C51 COMPILER V9.60.0.0   SCALERCOMMONTIMERFUNCTION                                         09/18/2026 20:38:50 PAGE 24  

1335          void ScalerTimerWDCancelTimerEvent(EnumScalerWDTimerEventID enumEventID)
1336          {
1337   1          BYTE ucIndex = 0;
1338   1      
1339   1          for(ucIndex = 0; ucIndex < _WD_TIMER_EVENT_COUNT; ucIndex++)
1340   1          {
1341   2              if(GET_WD_EVENT_ID(ucIndex) == enumEventID)
1342   2              {
1343   3                  CLR_WD_EVENT_VALID(ucIndex);
1344   3                  break;
1345   3              }
1346   2          }
1347   1      }
1348          
1349          #if((_DP_SUPPORT == _ON) || ((_DP_TYPE_C_PORT_CTRL_SUPPORT == _ON) && (_PORT_CONTROLLER_EMBEDDED_SUPPORT =
             -= _ON)) || (_TMDS_HDCP_2_2_SUPPORT == _ON))
1350          //--------------------------------------------------
1351          // Description  : Cancel WD Timer Event in Interrupt (Only for EXINT0)
1352          // Input Value  : ucEventID => Event ID
1353          // Output Value : None
1354          //--------------------------------------------------
1355          void ScalerTimerWDCancelTimerEvent_EXINT0(EnumScalerWDTimerEventID enumEventID) using 1
1356          {
1357   1          BYTE ucIndex = 0;
1358   1      
1359   1          for(ucIndex = 0; ucIndex < _WD_TIMER_EVENT_COUNT; ucIndex++)
1360   1          {
1361   2              if(GET_WD_EVENT_ID(ucIndex) == enumEventID)
1362   2              {
1363   3                  CLR_WD_EVENT_VALID(ucIndex);
1364   3                  break;
1365   3              }
1366   2          }
1367   1      }
1368          #endif
1369          #endif // End of #if(_WD_TIMER_INT_SUPPORT == _ON)
1370          
1371          #if(_INSTANT_TIMER_EVENT_0 == _ON)
1372          //--------------------------------------------------
1373          // Description  : Timer0 Set Timer Counter
1374          // Input Value  : ucTimerMs --> Counter in ms (1~65535ms)
1375          //                Stops Timer0 if ucTimerMs = 0 or _TIMER_OFF
1376          // Output Value : None
1377          //--------------------------------------------------
1378          void ScalerTimer0SetTimerCount(WORD usTimerMs)
1379          {
1380   1          BYTE ucTemp = 0;
1381   1      
1382   1          if(usTimerMs == _TIMER_OFF)
1383   1          {
1384   2              // Stop Timer 0
1385   2              TR0 = _OFF;
1386   2          }
1387   1          else
1388   1          {
1389   2              if(usTimerMs <= _TIMER01_STEP_TIME_MS)
1390   2              {
1391   3                  // Record the timer event period is going to happen
1392   3                  g_usTimerEventPeriod0 = 1;
1393   3      
1394   3                  // An intermediate variable
1395   3                  PDATA_WORD(0) = usTimerMs * 1000;
C51 COMPILER V9.60.0.0   SCALERCOMMONTIMERFUNCTION                                         09/18/2026 20:38:50 PAGE 25  

1396   3      
1397   3                  // Back up timer event period
1398   3                  g_usTimerPreviousCount0 = PDATA_WORD(0);
1399   3              }
1400   2              else
1401   2              {
1402   3                  // Get common divisor of integer number (_TIMER01_STEP_TIME_MS, usTimerMs)
1403   3                  ucTemp = ScalerTimerGetCommonDivisor(_TIMER01_STEP_TIME_MS, usTimerMs);
1404   3      
1405   3                  // Record the timer event period is going to happen
1406   3                  g_usTimerEventPeriod0 = usTimerMs / ucTemp;
1407   3      
1408   3                  // An intermediate variable
1409   3                  PDATA_WORD(0) = ucTemp * 1000;
1410   3      
1411   3                  // Back up timer event period
1412   3                  g_usTimerPreviousCount0 = PDATA_WORD(0);
1413   3              }
1414   2      
1415   2              // Check if MCU Clk Source
1416   2              if((MCU_FFED_MCU_CONTROL & _BIT1) == _BIT1)
1417   2              {
1418   3                  PDATA_WORD(0) = 0xFFFF - ((WORD)((_TIMER01_TEMP_COUNT_M2PLL * PDATA_WORD(0)) / 1000));
1419   3              }
1420   2              else
1421   2              {
1422   3                  if(GET_REG_XTAL_CLK_SEL() == _IOSC_CLK)
1423   3                  {
1424   4                      if(((MCU_FFED_MCU_CONTROL & 0x3C) >> 2) == _FLASH_CLK_PS_FAST_DIV)
1425   4                      {
1426   5                          PDATA_WORD(0) = 0xFFFF - ((WORD)((_TIMER01_TEMP_COUNT_IOSC_FAST * PDATA_WORD(0)) / 100
             -0));
1427   5                      }
1428   4                      else
1429   4                      {
1430   5                          PDATA_WORD(0) = 0xFFFF - ((WORD)((_TIMER01_TEMP_COUNT_IOSC * PDATA_WORD(0)) / 1000));
1431   5                      }
1432   4                  }
1433   3                  else
1434   3                  {
1435   4                      PDATA_WORD(0) = 0xFFFF - ((WORD)((_TIMER01_TEMP_COUNT_XTAL * PDATA_WORD(0)) / 1000));
1436   4                  }
1437   3              }
1438   2      
1439   2              // Disable Timer 0
1440   2              ET0 = _DISABLE;
1441   2      
1442   2              // Stop Timer 0
1443   2              TR0 = _OFF;
1444   2      
1445   2              // Clear overflow flag
1446   2              TF0 = 0;
1447   2      
1448   2              g_ucTimerCountLByte0 = PDATA_WORD(0) & 0x00FF;
1449   2              g_ucTimerCountHByte0 = PDATA_WORD(0) >> 8;
1450   2      
1451   2              TL0 = g_ucTimerCountLByte0;
1452   2              TH0 = g_ucTimerCountHByte0;
1453   2      
1454   2              // Enable interrupt of Timer0
1455   2              ET0 = _ENABLE;
1456   2      
C51 COMPILER V9.60.0.0   SCALERCOMMONTIMERFUNCTION                                         09/18/2026 20:38:50 PAGE 26  

1457   2              // Reset Timer0 Axis Counter
1458   2              g_usTimerAxisCnt0 = 0;
1459   2      
1460   2              // Run Timer 0
1461   2              TR0 = _ON;
1462   2          }
1463   1      }
1464          #endif // End of #if(_INSTANT_TIMER_EVENT_0 == _ON)
1465          
1466          #if(_INSTANT_TIMER_EVENT_1 == _ON)
1467          //--------------------------------------------------
1468          // Description  : Timer1 Set Timer Counter
1469          // Input Value  : ucTimerMs --> Counter in ms (1~65535ms)
1470          //                Stops Timer0 if ucTimerMs = 0 or _TIMER_OFF
1471          // Output Value : None
1472          //--------------------------------------------------
1473          void ScalerTimer1SetTimerCount(WORD usTimerMs)
1474          {
1475   1          BYTE ucTemp = 0;
1476   1      
1477   1          if(usTimerMs == _TIMER_OFF)
1478   1          {
1479   2              // Stop Timer 1
1480   2              TR1 = _OFF;
1481   2          }
1482   1          else
1483   1          {
1484   2              if(usTimerMs <= _TIMER01_STEP_TIME_MS)
1485   2              {
1486   3                  // Record the timer event period is going to happen
1487   3            #if(_IR_VIRTUAL)  
                          g_usTimerEventPeriod1 = 1;
                    PDATA_WORD(0) = usTimerMs*100;
                      #elif(_LED_EFFECT)           
                    g_usTimerEventPeriod1 = 10;
                    PDATA_WORD(0) = usTimerMs * 100;
                  #else            
1494   3            g_usTimerEventPeriod1 = 1;
1495   3                  PDATA_WORD(0) = usTimerMs * 1000;
1496   3              #endif
1497   3                  // Back up timer event period
1498   3                  g_usTimerPreviousCount1 = PDATA_WORD(0);
1499   3              }
1500   2              else
1501   2              {
1502   3                  // Get common divisor of integer number (_TIMER01_STEP_TIME_MS, usTimerMs)
1503   3                  ucTemp = ScalerTimerGetCommonDivisor(_TIMER01_STEP_TIME_MS, usTimerMs);
1504   3      
1505   3                  // Record the timer event period is going to happen
1506   3                  g_usTimerEventPeriod1 = usTimerMs / ucTemp;
1507   3      
1508   3                  // An intermediate variable
1509   3                  PDATA_WORD(0) = ucTemp * 1000;
1510   3      
1511   3                  // Back up timer event period
1512   3                  g_usTimerPreviousCount1 = PDATA_WORD(0);
1513   3              }
1514   2      
1515   2              // Check if MCU Clk Source
1516   2              if((MCU_FFED_MCU_CONTROL & _BIT1) == _BIT1)
1517   2              {
1518   3                  PDATA_WORD(0) = 0xFFFF - ((WORD)((_TIMER01_TEMP_COUNT_M2PLL * PDATA_WORD(0)) / 1000));
C51 COMPILER V9.60.0.0   SCALERCOMMONTIMERFUNCTION                                         09/18/2026 20:38:50 PAGE 27  

1519   3              }
1520   2              else
1521   2              {
1522   3                  if(GET_REG_XTAL_CLK_SEL() == _IOSC_CLK)
1523   3                  {
1524   4                      if(((MCU_FFED_MCU_CONTROL & 0x3C) >> 2) == _FLASH_CLK_PS_FAST_DIV)
1525   4                      {
1526   5                          PDATA_WORD(0) = 0xFFFF - ((WORD)((_TIMER01_TEMP_COUNT_IOSC_FAST * PDATA_WORD(0)) / 100
             -0));
1527   5                      }
1528   4                      else
1529   4                      {
1530   5                          PDATA_WORD(0) = 0xFFFF - ((WORD)((_TIMER01_TEMP_COUNT_IOSC * PDATA_WORD(0)) / 1000));
1531   5                      }
1532   4                  }
1533   3                  else
1534   3                  {
1535   4                      PDATA_WORD(0) = 0xFFFF - ((WORD)((_TIMER01_TEMP_COUNT_XTAL * PDATA_WORD(0)) / 1000));
1536   4                  }
1537   3              }
1538   2      
1539   2              // Disable Timer 1
1540   2              ET1 = _DISABLE;
1541   2      
1542   2              // Stop Timer 1
1543   2              TR1 = _OFF;
1544   2      
1545   2              // Clear overflow flag
1546   2              TF1 = 0;
1547   2      
1548   2              g_ucTimerCountLByte1 = PDATA_WORD(0) & 0x00FF;
1549   2              g_ucTimerCountHByte1 = PDATA_WORD(0) >> 8;
1550   2      
1551   2              TL1 = g_ucTimerCountLByte1;
1552   2              TH1 = g_ucTimerCountHByte1;
1553   2      
1554   2              // Enable interrupt of Timer1
1555   2              ET1 = _ENABLE;
1556   2      
1557   2              // Reset Timer1 Axis Counter
1558   2              g_usTimerAxisCnt1 = 0;
1559   2      
1560   2              // Run Timer 1
1561   2              TR1 = _ON;
1562   2          }
1563   1      }
1564          #endif // End of #if(_INSTANT_TIMER_EVENT_1 == _ON)
1565          
1566          #if((_INSTANT_TIMER_EVENT_0 == _ON) || (_INSTANT_TIMER_EVENT_1 == _ON))
1567          
1568          //--------------------------------------------------
1569          // Description  : Seeking common divisor of two numbers
1570          // Input Value  : usPar1 --> Paramater 2
1571          //                usPar2 --> Paramater 2
1572          // Output Value : None
1573          //--------------------------------------------------
1574          WORD ScalerTimerGetCommonDivisor(WORD usPar1, WORD usPar2)
1575          {
1576   1          WORD usTemp = 0;
1577   1      
1578   1          while(usPar2 != 0)
1579   1          {
C51 COMPILER V9.60.0.0   SCALERCOMMONTIMERFUNCTION                                         09/18/2026 20:38:50 PAGE 28  

1580   2              usTemp = usPar2;
1581   2              usPar2 = usPar1 % usPar2;
1582   2              usPar1 = usTemp;
1583   2          }
1584   1      
1585   1          return usPar1;
1586   1      }
1587          #endif // End of #if((_INSTANT_TIMER_EVENT_0 == _ON) || (_INSTANT_TIMER_EVENT_1 == _ON))
1588          
1589          //--------------------------------------------------
1590          // Description  : Set Time Count for Timer2
1591          // Input Value  : OperationMode --> Initial/Normal/Saving
1592          // Output Value : None
1593          //--------------------------------------------------
1594          void ScalerTimerSetTimerCount(EnumScalerTimerOperationMode enumOperationMode)
1595          {
1596   1      #if(_INSTANT_TIMER_EVENT_0 == _ON)
1597   1          bit bTR0Info = TR0;
1598   1      #endif
1599   1      
1600   1      #if(_INSTANT_TIMER_EVENT_1 == _ON)
1601   1          bit bTR1Info = TR1;
1602   1      #endif
1603   1      
1604   1          BYTE pucTimercounter[5];
1605   1      
1606   1          memset(pucTimercounter, 0, sizeof(pucTimercounter));
1607   1      
1608   1          switch(enumOperationMode)
1609   1          {
1610   2              case _TIMER_OPERATION_INITIAL_MODE:
1611   2      
1612   2                  pucTimercounter[0] = _TIMER2_COUNT_IN_LBYTE;
1613   2                  pucTimercounter[1] = _TIMER2_COUNT_IN_HBYTE;
1614   2                  pucTimercounter[2] = _TIMER2_COUNT_IN_LBYTE;
1615   2                  pucTimercounter[3] = _TIMER2_COUNT_IN_HBYTE;
1616   2      #if((_INSTANT_TIMER_EVENT_0 == _ON) || (_INSTANT_TIMER_EVENT_1 == _ON))
1617   2                  if(g_enumTimerMode != _TIMER_OPERATION_INITIAL_MODE)
1618   2                  {
1619   3                      g_enumTimerMode = _TIMER_OPERATION_INITIAL_MODE;
1620   3      
1621   3      #if(_INSTANT_TIMER_EVENT_0 == _ON)
1622   3                      if(bTR0Info == _ON)
1623   3                      {
1624   4                          g_usTimerBackupCount0 = 0xFFFF - ((WORD)((_TIMER01_TEMP_COUNT_XTAL * g_usTimerPrevious
             -Count0) / 1000));
1625   4                      }
1626   3      #endif
1627   3      
1628   3      #if(_INSTANT_TIMER_EVENT_1 == _ON)
1629   3                      if(bTR1Info == _ON)
1630   3                      {
1631   4                          g_usTimerBackupCount1 = 0xFFFF - ((WORD)((_TIMER01_TEMP_COUNT_XTAL * g_usTimerPrevious
             -Count1) / 1000));
1632   4                      }
1633   3      #endif
1634   3                  }
1635   2      #endif
1636   2      
1637   2      #if(_UART_SUPPORT == _ON)
              #if(_UART_LOW_BAUD_RATE_SUPPORT == _ON)
                          g_ucTimerCountLByte1_Uart = LOBYTE(_TIMER1_UART_COUNT_IN_WORD);
C51 COMPILER V9.60.0.0   SCALERCOMMONTIMERFUNCTION                                         09/18/2026 20:38:50 PAGE 29  

                          g_ucTimerCountHByte1_Uart = HIBYTE(_TIMER1_UART_COUNT_IN_WORD);
              #else
                          pucTimercounter[4] = _TIMER1_UART_COUNT_IN_BYTE;
              #endif
              #endif
1645   2                  break;
1646   2      
1647   2              case _TIMER_OPERATION_POWER_NORMAL_MODE:
1648   2                  pucTimercounter[0] = _TIMER2_COUNT_LBYTE;
1649   2                  pucTimercounter[1] = _TIMER2_COUNT_HBYTE;
1650   2                  pucTimercounter[2] = _TIMER2_COUNT_LBYTE;
1651   2                  pucTimercounter[3] = _TIMER2_COUNT_HBYTE;
1652   2      
1653   2      #if((_INSTANT_TIMER_EVENT_0 == _ON) || (_INSTANT_TIMER_EVENT_1 == _ON))
1654   2                  if(g_enumTimerMode != _TIMER_OPERATION_POWER_NORMAL_MODE)
1655   2                  {
1656   3                      g_enumTimerMode = _TIMER_OPERATION_POWER_NORMAL_MODE;
1657   3      
1658   3      #if(_INSTANT_TIMER_EVENT_0 == _ON)
1659   3                      if(bTR0Info == _ON)
1660   3                      {
1661   4                          g_usTimerBackupCount0 = 0xFFFF - ((WORD)((_TIMER01_TEMP_COUNT_M2PLL * g_usTimerPreviou
             -sCount0) / 1000));
1662   4                      }
1663   3      #endif
1664   3      
1665   3      #if(_INSTANT_TIMER_EVENT_1 == _ON)
1666   3                      if(bTR1Info == _ON)
1667   3                      {
1668   4                          g_usTimerBackupCount1 = 0xFFFF - ((WORD)((_TIMER01_TEMP_COUNT_M2PLL * g_usTimerPreviou
             -sCount1) / 1000));
1669   4                      }
1670   3      #endif
1671   3                  }
1672   2      #endif
1673   2      
1674   2      #if(_UART_SUPPORT == _ON)
              #if(_UART_LOW_BAUD_RATE_SUPPORT == _ON)
                          g_ucTimerCountLByte1_Uart = LOBYTE(_TIMER1_UART_COUNT_WORD);
                          g_ucTimerCountHByte1_Uart = HIBYTE(_TIMER1_UART_COUNT_WORD);
              #else
                          pucTimercounter[4] = _TIMER1_UART_COUNT_BYTE;
              #endif
              #endif
1682   2                  break;
1683   2      
1684   2              case _TIMER_OPERATION_POWER_SAVING_MODE:
1685   2      
1686   2                  if(((MCU_FFED_MCU_CONTROL & 0x3C) >> 2) == _FLASH_CLK_PS_FAST_DIV)
1687   2                  {
1688   3                      pucTimercounter[0] = _TIMER2_COUNT_PS_FAST_LBYTE;
1689   3                      pucTimercounter[1] = _TIMER2_COUNT_PS_FAST_HBYTE;
1690   3                      pucTimercounter[2] = _TIMER2_COUNT_PS_FAST_LBYTE;
1691   3                      pucTimercounter[3] = _TIMER2_COUNT_PS_FAST_HBYTE;
1692   3      
1693   3      #if((_INSTANT_TIMER_EVENT_0 == _ON) || (_INSTANT_TIMER_EVENT_1 == _ON))
1694   3                      if(g_enumTimerMode != _TIMER_OPERATION_POWER_SAVING_FAST_MODE)
1695   3                      {
1696   4                          g_enumTimerMode = _TIMER_OPERATION_POWER_SAVING_FAST_MODE;
1697   4      
1698   4      #if(_INSTANT_TIMER_EVENT_0 == _ON)
1699   4                          if(bTR0Info == _ON)
C51 COMPILER V9.60.0.0   SCALERCOMMONTIMERFUNCTION                                         09/18/2026 20:38:50 PAGE 30  

1700   4                          {
1701   5                              g_usTimerBackupCount0 = 0xFFFF - ((WORD)((_TIMER01_TEMP_COUNT_IOSC_FAST * g_usTime
             -rPreviousCount0) / 1000));
1702   5                          }
1703   4      #endif
1704   4      
1705   4      #if(_INSTANT_TIMER_EVENT_1 == _ON)
1706   4                          if(bTR1Info == _ON)
1707   4                          {
1708   5                              g_usTimerBackupCount1 = 0xFFFF - ((WORD)((_TIMER01_TEMP_COUNT_IOSC_FAST * g_usTime
             -rPreviousCount1) / 1000));
1709   5                          }
1710   4      #endif
1711   4                      }
1712   3      #endif
1713   3      
1714   3      #if(_UART_SUPPORT == _ON)
              #if(_UART_LOW_BAUD_RATE_SUPPORT == _ON)
                              g_ucTimerCountLByte1_Uart = LOBYTE(_TIMER1_UART_COUNT_PS_FAST_WORD);
                              g_ucTimerCountHByte1_Uart = HIBYTE(_TIMER1_UART_COUNT_PS_FAST_WORD);
              #else
                              pucTimercounter[4] = _TIMER1_UART_COUNT_PS_FAST_BYTE;
              #endif
              #endif
1722   3                  }
1723   2                  else
1724   2                  {
1725   3                      pucTimercounter[0] = _TIMER2_COUNT_PS_LBYTE;
1726   3                      pucTimercounter[1] = _TIMER2_COUNT_PS_HBYTE;
1727   3                      pucTimercounter[2] = _TIMER2_COUNT_PS_LBYTE;
1728   3                      pucTimercounter[3] = _TIMER2_COUNT_PS_HBYTE;
1729   3      
1730   3      #if((_INSTANT_TIMER_EVENT_0 == _ON) || (_INSTANT_TIMER_EVENT_1 == _ON))
1731   3                      if(g_enumTimerMode != _TIMER_OPERATION_POWER_SAVING_MODE)
1732   3                      {
1733   4                          g_enumTimerMode = _TIMER_OPERATION_POWER_SAVING_MODE;
1734   4      #if(_INSTANT_TIMER_EVENT_0 == _ON)
1735   4                          if(bTR0Info == _ON)
1736   4                          {
1737   5                              g_usTimerBackupCount0 = 0xFFFF - ((WORD)((_TIMER01_TEMP_COUNT_IOSC * g_usTimerPrev
             -iousCount0) / 1000));
1738   5                          }
1739   4      #endif
1740   4      
1741   4      #if(_INSTANT_TIMER_EVENT_1 == _ON)
1742   4                          if(bTR1Info == _ON)
1743   4                          {
1744   5                              g_usTimerBackupCount1 = 0xFFFF - ((WORD)((_TIMER01_TEMP_COUNT_IOSC * g_usTimerPrev
             -iousCount1) / 1000));
1745   5                          }
1746   4      #endif
1747   4                      }
1748   3      #endif
1749   3      
1750   3      #if(_UART_SUPPORT == _ON)
              #if(_UART_LOW_BAUD_RATE_SUPPORT == _ON)
                              g_ucTimerCountLByte1_Uart = LOBYTE(_TIMER1_UART_COUNT_PS_WORD);
                              g_ucTimerCountHByte1_Uart = HIBYTE(_TIMER1_UART_COUNT_PS_WORD);
              #else
                              pucTimercounter[4] = _TIMER1_UART_COUNT_PS_BYTE;
              #endif
              #endif
C51 COMPILER V9.60.0.0   SCALERCOMMONTIMERFUNCTION                                         09/18/2026 20:38:50 PAGE 31  

1758   3                  }
1759   2      
1760   2                  break;
1761   2      
1762   2              case _TIMER_OPERATION_POWER_IDLE_MODE:
1763   2      
1764   2                  pucTimercounter[0] = _TIMER2_COUNT_IDLE_LBYTE;
1765   2                  pucTimercounter[1] = _TIMER2_COUNT_IDLE_HBYTE;
1766   2      
1767   2      #if(_SYS_PS_TIMER_PRECISION_SUPPPORT == _OFF)
1768   2                  pucTimercounter[2] = _TIMER2_COUNT_PS_LBYTE;
1769   2                  pucTimercounter[3] = _TIMER2_COUNT_PS_HBYTE;
1770   2      #else
                          pucTimercounter[2] = _TIMER2_COUNT_IN_LBYTE;
                          pucTimercounter[3] = _TIMER2_COUNT_IN_HBYTE;
              #endif
1774   2      
1775   2      #if(_UART_SUPPORT == _ON)
              #if(_SYS_PS_TIMER_PRECISION_SUPPPORT == _OFF)
                          if(((MCU_FFED_MCU_CONTROL & 0x3C) >> 2) == _FLASH_CLK_PS_FAST_DIV)
                          {
              #if(_UART_LOW_BAUD_RATE_SUPPORT == _ON)
                              g_ucTimerCountLByte1_Uart = LOBYTE(_TIMER1_UART_COUNT_PS_FAST_WORD);
                              g_ucTimerCountHByte1_Uart = HIBYTE(_TIMER1_UART_COUNT_PS_FAST_WORD);
              #else
                              pucTimercounter[4] = _TIMER1_UART_COUNT_PS_FAST_BYTE;
              #endif
                          }
                          else
              #endif
                          {
              #if(_UART_LOW_BAUD_RATE_SUPPORT == _ON)
                              g_ucTimerCountLByte1_Uart = LOBYTE(_TIMER1_UART_COUNT_IDLE_WORD);
                              g_ucTimerCountHByte1_Uart = HIBYTE(_TIMER1_UART_COUNT_IDLE_WORD);
              #else
                              pucTimercounter[4] = _TIMER1_UART_COUNT_IDLE_BYTE;
              #endif
                          }
              #endif
1797   2                  break;
1798   2      
1799   2      #if(_FLASH_CLK_SPEED == _FLASH_LOW_SPEED)
                      case _TIMER_OPERATION_OSD_MODE:
                          pucTimercounter[0] = _TIMER2_COUNT_OSD_LBYTE;
                          pucTimercounter[1] = _TIMER2_COUNT_OSD_HBYTE;
                          pucTimercounter[2] = _TIMER2_COUNT_OSD_LBYTE;
                          pucTimercounter[3] = _TIMER2_COUNT_OSD_HBYTE;
              
              #if((_INSTANT_TIMER_EVENT_0 == _ON) || (_INSTANT_TIMER_EVENT_1 == _ON))
                          if(g_enumTimerMode != _TIMER_OPERATION_OSD_MODE)
                          {
                              g_enumTimerMode = _TIMER_OPERATION_OSD_MODE;
              #if(_INSTANT_TIMER_EVENT_0 == _ON)
                              if(bTR0Info == _ON)
                              {
                                  g_usTimerBackupCount0 = 0xFFFF - ((WORD)((_TIMER01_TEMP_COUNT_OSD * g_usTimerPreviousC
             -ount0) / 1000));
                              }
              #endif
              
              #if(_INSTANT_TIMER_EVENT_1 == _ON)
                              if(bTR1Info == _ON)
C51 COMPILER V9.60.0.0   SCALERCOMMONTIMERFUNCTION                                         09/18/2026 20:38:50 PAGE 32  

                              {
                                  g_usTimerBackupCount1 = 0xFFFF - ((WORD)((_TIMER01_TEMP_COUNT_OSD * g_usTimerPreviousC
             -ount1) / 1000));
                              }
              #endif
                          }
              #endif
              
              #if(_UART_SUPPORT == _ON)
              #if(_UART_LOW_BAUD_RATE_SUPPORT == _ON)
                          g_ucTimerCountLByte1_Uart = LOBYTE(_TIMER1_UART_COUNT_OSD_WORD);
                          g_ucTimerCountHByte1_Uart = HIBYTE(_TIMER1_UART_COUNT_OSD_WORD);
              #else
                          pucTimercounter[4] = _TIMER1_UART_COUNT_OSD_BYTE;
              #endif
              #endif
                          break;
              #endif
1836   2      
1837   2              default:
1838   2                  // Default case set to initial mode
1839   2                  pucTimercounter[0] = _TIMER2_COUNT_IN_LBYTE;
1840   2                  pucTimercounter[1] = _TIMER2_COUNT_IN_HBYTE;
1841   2                  pucTimercounter[2] = _TIMER2_COUNT_IN_LBYTE;
1842   2                  pucTimercounter[3] = _TIMER2_COUNT_IN_HBYTE;
1843   2      
1844   2                  break;
1845   2          }
1846   1      
1847   1          // Disable Timer 2
1848   1          ET2 = _DISABLE;
1849   1      
1850   1          // Stop Timer 2
1851   1          TR2 = _OFF;
1852   1      
1853   1          // Clear overflow flag
1854   1          TF2 = 0;
1855   1      
1856   1          TL2 = pucTimercounter[0];
1857   1          TH2 = pucTimercounter[1];
1858   1          RCAP2L = pucTimercounter[2];
1859   1          RCAP2H = pucTimercounter[3];
1860   1      
1861   1          g_bNotifyTimer2Int = _FALSE;
1862   1      
1863   1          // Enable interrupt of Timer2
1864   1          ET2 = _ENABLE;
1865   1      
1866   1          // Run Timer2
1867   1          TR2 = _ON;
1868   1      
1869   1      #if(_INSTANT_TIMER_EVENT_0 == _ON)
1870   1          if((bTR0Info == _ON) && (enumOperationMode != _TIMER_OPERATION_POWER_IDLE_MODE))
1871   1          {
1872   2              // Do not load Timer Counter if Calculated Timer Counter is the same as Previous Timer Counter
1873   2              if(g_usTimerBackupCount0 != (((WORD)g_ucTimerCountHByte0 << 8) | g_ucTimerCountLByte0))
1874   2              {
1875   3                  // Disable Timer 0
1876   3                  ET0 = _DISABLE;
1877   3      
1878   3                  // Stop Timer 0
1879   3                  TR0 = _OFF;
C51 COMPILER V9.60.0.0   SCALERCOMMONTIMERFUNCTION                                         09/18/2026 20:38:50 PAGE 33  

1880   3      
1881   3                  // Clear overflow flag
1882   3                  TF0 = 0;
1883   3      
1884   3                  // Load Timer Counter
1885   3                  g_ucTimerCountLByte0 = g_usTimerBackupCount0 & 0x00FF;
1886   3                  g_ucTimerCountHByte0 = g_usTimerBackupCount0 >> 8;
1887   3                  TL0 = g_ucTimerCountLByte0;
1888   3                  TH0 = g_ucTimerCountHByte0;
1889   3      
1890   3                  // Enable interrupt of Timer0
1891   3                  ET0 = _ENABLE;
1892   3      
1893   3                  // Run Timer 0
1894   3                  TR0 = _ON;
1895   3              }
1896   2          }
1897   1      #endif
1898   1      
1899   1      #if(_INSTANT_TIMER_EVENT_1 == _ON)
1900   1          if((bTR1Info == _ON) && (enumOperationMode != _TIMER_OPERATION_POWER_IDLE_MODE))
1901   1          {
1902   2              // Do not load Timer Counter if Calculated Timer Counter is the same as Previous Timer Counter
1903   2              if(g_usTimerBackupCount1 != (((WORD)g_ucTimerCountHByte1 << 8) | g_ucTimerCountLByte1))
1904   2              {
1905   3                  // Disable Timer 1
1906   3                  ET1 = _DISABLE;
1907   3      
1908   3                  // Stop Timer 1
1909   3                  TR1 = _OFF;
1910   3      
1911   3                  // Clear overflow flag
1912   3                  TF1 = 0;
1913   3      
1914   3                  // Load Timer Counter
1915   3                  g_ucTimerCountLByte1 = g_usTimerBackupCount1 & 0x00FF;
1916   3                  g_ucTimerCountHByte1 = g_usTimerBackupCount1 >> 8;
1917   3                  TL1 = g_ucTimerCountLByte1;
1918   3                  TH1 = g_ucTimerCountHByte1;
1919   3      
1920   3                  // Enable interrupt of Timer1
1921   3                  ET1 = _ENABLE;
1922   3      
1923   3                  // Run Timer 1
1924   3                  TR1 = _ON;
1925   3              }
1926   2          }
1927   1      #endif
1928   1      
1929   1      #if(_UART_SUPPORT == _ON)
              #if(_UART_LOW_BAUD_RATE_SUPPORT == _ON)
                  // Disable Timer 1
                  ET1 = _DISABLE;
              #endif
              
                  // Stop Timer1
                  TR1 = _OFF;
              
                  // Clear overflow flag
                  TF1 = 0;
              #if(_UART_LOW_BAUD_RATE_SUPPORT == _ON)
                  TL1 = g_ucTimerCountLByte1_Uart;
C51 COMPILER V9.60.0.0   SCALERCOMMONTIMERFUNCTION                                         09/18/2026 20:38:50 PAGE 34  

                  TH1 = g_ucTimerCountHByte1_Uart;
              #else
                  TL1 = pucTimercounter[4];
                  TH1 = pucTimercounter[4];
              #endif
              
                  switch(enumOperationMode)
                  {
                      case _TIMER_OPERATION_INITIAL_MODE:
                      case _TIMER_OPERATION_POWER_NORMAL_MODE:
              #if(_FLASH_CLK_SPEED == _FLASH_LOW_SPEED)
                      case _TIMER_OPERATION_OSD_MODE:
              #endif
              #if(_UART_SMOD0_NORMAL == 16)
                          // SMOD0 Set to 1
                          PCON |= _BIT7;
              #else
                          // SMOD0 Set to 0
                          PCON &= ~_BIT7;
              #endif
                          break;
              
                      case _TIMER_OPERATION_POWER_SAVING_MODE:
                      case _TIMER_OPERATION_POWER_IDLE_MODE:
              #if(_UART_SMOD0_SAVING == 16)
                          // SMOD0 Set to 1
                          PCON |= _BIT7;
              #else
                          // SMOD0 Set to 0
                          PCON &= ~_BIT7;
              #endif
                          break;
              
                      default:
                          break;
                  }
              
              #if(_UART_LOW_BAUD_RATE_SUPPORT == _ON)
                  // Enable interrupt of Timer1
                  ET1 = _ENABLE;
              #endif
              
                  // Run Timer1
                  TR1 = _ON;
              #endif
1987   1      }
1988          
1989          #if(_SYSTEM_LOW_POWER_IDLE_SUPPORT == _ON)
              //--------------------------------------------------
              // Description  : Add Timer Counter according to timer2
              // Input Value  : None
              // Output Value : None
              //--------------------------------------------------
              void ScalerTimerAddTimerCounter(void)
              {
                  WORD usOffset = 0;
              
              #if(_SYS_PS_TIMER_PRECISION_SUPPPORT == _OFF)
                  if(((MCU_FFED_MCU_CONTROL & 0x3C) >> 2) == _FLASH_CLK_PS_FAST_DIV)
                  {
                      if(g_bNotifyTimer2Int == _TRUE)
                      {
C51 COMPILER V9.60.0.0   SCALERCOMMONTIMERFUNCTION                                         09/18/2026 20:38:50 PAGE 35  

                          usOffset = _TIMER_COUNT_TEMP_PS_FAST1 - 1;
                      }
                      else
                      {
                          usOffset = (((WORD)(_TIMER2_COUNT_IDLE_HBYTE << 8) & 0xFF00) | (_TIMER2_COUNT_IDLE_LBYTE));
                          usOffset = (((WORD)(TH2 << 8) & 0xFF00) | (TL2)) - usOffset;
                          usOffset = usOffset / _TIMER_COUNT_TEMP_PS_FAST2;
                      }
                  }
                  else
              #endif
                  {
                      if(g_bNotifyTimer2Int == _TRUE)
                      {
                          usOffset = _IDLE_TIME - 1;
                      }
                      else
                      {
                          usOffset = (((WORD)(_TIMER2_COUNT_IDLE_HBYTE << 8) & 0xFF00) | (_TIMER2_COUNT_IDLE_LBYTE));
                          usOffset = (((WORD)(TH2 << 8) & 0xFF00) | (TL2)) - usOffset;
                          usOffset = usOffset / _TIMER_COUNT_TEMP_IDLE;
                      }
                  }
              
                  usOffset += ScalerTimerGetTimerCounter();
                  STORE_TIMER_COUNTER(usOffset);
              }
              #endif // End of #if(_SYSTEM_TIMER_QUARTER_RESOLUTION == _OFF)
2032          
2033          //--------------------------------------------------
2034          // Description  : Scaler Timer Event Process
2035          // Input Value  : enumEventID --> Event to be processed
2036          // Output Value : None
2037          //--------------------------------------------------
2038          void ScalerTimerEventProc(EnumScalerTimerEventID enumEventID)
2039          {
2040   1          switch(enumEventID)
2041   1          {
2042   2      #if((_DVI_SUPPORT == _ON) || (_HDMI_SUPPORT == _ON))
2043   2      
2044   2      #if(_DVI_SUPPORT == _ON)
2045   2              case _SCALER_TIMER_EVENT_RX0_TMDS_VIDEO_DETECT:
2046   2      #endif
2047   2      
2048   2      #if(_D1_TMDS_SUPPORT == _ON)
                      case _SCALER_TIMER_EVENT_RX1_TMDS_VIDEO_DETECT:
              #endif
2051   2      
2052   2      #if(_D2_TMDS_SUPPORT == _ON)
                      case _SCALER_TIMER_EVENT_RX2_TMDS_VIDEO_DETECT:
              #endif
2055   2      
2056   2      #if(_D3_TMDS_SUPPORT == _ON)
2057   2              case _SCALER_TIMER_EVENT_RX3_TMDS_VIDEO_DETECT:
2058   2      #endif
2059   2      
2060   2      #if(_D4_TMDS_SUPPORT == _ON)
                      case _SCALER_TIMER_EVENT_RX4_TMDS_VIDEO_DETECT:
              #endif
2063   2      
2064   2      #if(_D5_TMDS_SUPPORT == _ON)
                      case _SCALER_TIMER_EVENT_RX5_TMDS_VIDEO_DETECT:
C51 COMPILER V9.60.0.0   SCALERCOMMONTIMERFUNCTION                                         09/18/2026 20:38:50 PAGE 36  

              #endif
2067   2              ScalerTMDSVideoDetectEvent(enumEventID);
2068   2      
2069   2              break;
2070   2      
2071   2      #if(_HDMI_SUPPORT == _ON)
2072   2      
2073   2      #if(_HDMI_2_0_SUPPORT == _ON)
2074   2              case _SCALER_TIMER_EVENT_RX0_HDMI2_FORMAT_RESET_WAIT:
2075   2      
2076   2      #if(_D1_HDMI_2_0_SUPPORT == _ON)
                      case _SCALER_TIMER_EVENT_RX1_HDMI2_FORMAT_RESET_WAIT:
              #endif
2079   2      
2080   2      #if(_D2_HDMI_2_0_SUPPORT == _ON)
                      case _SCALER_TIMER_EVENT_RX2_HDMI2_FORMAT_RESET_WAIT:
              #endif
2083   2      
2084   2      #if(_D3_HDMI_2_0_SUPPORT == _ON)
2085   2              case _SCALER_TIMER_EVENT_RX3_HDMI2_FORMAT_RESET_WAIT:
2086   2      #endif
2087   2      
2088   2      #if(_D4_HDMI_2_0_SUPPORT == _ON)
                      case _SCALER_TIMER_EVENT_RX4_HDMI2_FORMAT_RESET_WAIT:
              #endif
2091   2      
2092   2      #if(_D5_HDMI_2_0_SUPPORT == _ON)
                      case _SCALER_TIMER_EVENT_RX5_HDMI2_FORMAT_RESET_WAIT:
              #endif
2095   2                  ScalerTMDSHdmi2FormatResetEvent(enumEventID);
2096   2      
2097   2                  break;
2098   2      #endif
2099   2      
2100   2      #if(_HDMI_SUPPORT == _ON)
2101   2              case _SCALER_TIMER_EVENT_RX0_TMDS_HDMI_PACKET_DETECT:
2102   2      #endif
2103   2      
2104   2      #if(_D1_HDMI_SUPPORT == _ON)
                      case _SCALER_TIMER_EVENT_RX1_TMDS_HDMI_PACKET_DETECT:
              #endif
2107   2      
2108   2      #if(_D2_HDMI_SUPPORT == _ON)
                      case _SCALER_TIMER_EVENT_RX2_TMDS_HDMI_PACKET_DETECT:
              #endif
2111   2      
2112   2      #if(_D3_HDMI_SUPPORT == _ON)
2113   2              case _SCALER_TIMER_EVENT_RX3_TMDS_HDMI_PACKET_DETECT:
2114   2      #endif
2115   2      
2116   2      #if(_D4_HDMI_SUPPORT == _ON)
                      case _SCALER_TIMER_EVENT_RX4_TMDS_HDMI_PACKET_DETECT:
              #endif
2119   2      
2120   2      #if(_D5_HDMI_SUPPORT == _ON)
                      case _SCALER_TIMER_EVENT_RX5_TMDS_HDMI_PACKET_DETECT:
              #endif
2123   2              ScalerTMDSHdmiPacketDetectEvent(enumEventID);
2124   2      
2125   2              break;
2126   2      
2127   2      #if(_D0_HDMI_SUPPORT == _ON)
C51 COMPILER V9.60.0.0   SCALERCOMMONTIMERFUNCTION                                         09/18/2026 20:38:50 PAGE 37  

                      case _SCALER_TIMER_EVENT_RX0_HDMI_HPD_ASSERTED:
                          PCB_D0_HOTPLUG(_D0_HOT_PLUG_HIGH);
                          break;
              #endif
2132   2      
2133   2      #if(_D1_HDMI_SUPPORT == _ON)
                      case _SCALER_TIMER_EVENT_RX1_HDMI_HPD_ASSERTED:
                          PCB_D1_HOTPLUG(_D1_HOT_PLUG_HIGH);
                          break;
              #endif
2138   2      
2139   2      #if(_D2_HDMI_SUPPORT == _ON)
                      case _SCALER_TIMER_EVENT_RX2_HDMI_HPD_ASSERTED:
                          PCB_D2_HOTPLUG(_D2_HOT_PLUG_HIGH);
                          break;
              #endif
2144   2      
2145   2      #if(_D3_HDMI_SUPPORT == _ON)
2146   2              case _SCALER_TIMER_EVENT_RX3_HDMI_HPD_ASSERTED:
2147   2                  PCB_D3_HOTPLUG(_D3_HOT_PLUG_HIGH);
2148   2                  break;
2149   2      #endif
2150   2      
2151   2      #if(_TMDS_Z0_POWER_SAVING_TOGGLE_SUPPORT == _ON)
                      case _SCALER_TIMER_EVENT_TMDS_Z0_POWER_SAVING_TOGGLE_LOW_DUTY:
              
                          ScalerTMDSClkLaneZ0HighProc();
                          break;
              
                      case _SCALER_TIMER_EVENT_TMDS_Z0_POWER_SAVING_TOGGLE_HIGH_DUTY:
              
                          ScalerTMDSClkLaneZ0LowProc();
                          break;
              #endif
2162   2      
2163   2      #if(_HDMI_2_0_SUPPORT == _ON)
2164   2              case _SCALER_TIMER_EVENT_RX0_HDMI2_SCRAMBLE_DETECT_TIMEOUT:
2165   2      
2166   2      #if(_D1_HDMI_2_0_SUPPORT == _ON)
                      case _SCALER_TIMER_EVENT_RX1_HDMI2_SCRAMBLE_DETECT_TIMEOUT:
              #endif
2169   2      
2170   2      #if(_D2_HDMI_2_0_SUPPORT == _ON)
                      case _SCALER_TIMER_EVENT_RX2_HDMI2_SCRAMBLE_DETECT_TIMEOUT:
              #endif
2173   2      
2174   2      #if(_D3_HDMI_2_0_SUPPORT == _ON)
2175   2              case _SCALER_TIMER_EVENT_RX3_HDMI2_SCRAMBLE_DETECT_TIMEOUT:
2176   2      #endif
2177   2      
2178   2      #if(_D4_HDMI_2_0_SUPPORT == _ON)
                      case _SCALER_TIMER_EVENT_RX4_HDMI2_SCRAMBLE_DETECT_TIMEOUT:
              #endif
2181   2      
2182   2      #if(_D5_HDMI_2_0_SUPPORT == _ON)
                      case _SCALER_TIMER_EVENT_RX5_HDMI2_SCRAMBLE_DETECT_TIMEOUT:
              #endif
2185   2                  ScalerTMDSHdmiScrambleDetectTimeoutTimerEvent(enumEventID);
2186   2                  break;
2187   2      #endif
2188   2      
2189   2      #if(_HDMI_2_0_SUPPORT == _ON)
C51 COMPILER V9.60.0.0   SCALERCOMMONTIMERFUNCTION                                         09/18/2026 20:38:50 PAGE 38  

2190   2      
2191   2      #if(_D1_HDMI_2_0_SUPPORT == _ON)
                      case _SCALER_TIMER_EVENT_D1_TMDS_HDMI_HPD_5VPIN_CHECK:
                          ScalerTMDSHdmiHpd5vPinCheckProc(_D1_INPUT_PORT);
                          break;
              #endif
2196   2      
2197   2      #if(_D2_HDMI_2_0_SUPPORT == _ON)
                      case _SCALER_TIMER_EVENT_D2_TMDS_HDMI_HPD_5VPIN_CHECK:
                          ScalerTMDSHdmiHpd5vPinCheckProc(_D2_INPUT_PORT);
                          break;
              #endif
2202   2      
2203   2      #if(_D3_HDMI_2_0_SUPPORT == _ON)
2204   2              case _SCALER_TIMER_EVENT_D3_TMDS_HDMI_HPD_5VPIN_CHECK:
2205   2                  ScalerTMDSHdmiHpd5vPinCheckProc(_D3_INPUT_PORT);
2206   2                  break;
2207   2      #endif
2208   2      
2209   2      #if(_D4_HDMI_2_0_SUPPORT == _ON)
                      case _SCALER_TIMER_EVENT_D4_TMDS_HDMI_HPD_5VPIN_CHECK:
                          ScalerTMDSHdmiHpd5vPinCheckProc(_D4_INPUT_PORT);
                          break;
              #endif
2214   2      
2215   2      #if(_D5_HDMI_2_0_SUPPORT == _ON)
                      case _SCALER_TIMER_EVENT_D5_TMDS_HDMI_HPD_5VPIN_CHECK:
                          ScalerTMDSHdmiHpd5vPinCheckProc(_D5_INPUT_PORT);
                          break;
              #endif
2220   2      
2221   2      #endif // End of #if(_HDMI_2_0_SUPPORT == _ON)
2222   2      
2223   2      #endif // End of #if(_HDMI_SUPPORT == _ON)
2224   2      
2225   2      #if(_HDMI_HDCP14_BCH_ERROR_CHECK == _ON)
              #if(_D1_TMDS_SUPPORT == _ON)
                      case _SCALER_TIMER_EVENT_RX1_TMDS_HDCP14_BCH_ERR_CHK:
              #endif
              #if(_D2_TMDS_SUPPORT == _ON)
                      case _SCALER_TIMER_EVENT_RX2_TMDS_HDCP14_BCH_ERR_CHK:
              #endif
              #if(_D3_TMDS_SUPPORT == _ON)
                      case _SCALER_TIMER_EVENT_RX3_TMDS_HDCP14_BCH_ERR_CHK:
              #endif
                      ScalerTMDSHdcp14BchErrorCheckEvent(enumEventID);
                      break;
              #endif // End of #if(_HDMI_HDCP14_BCH_ERROR_CHECK == _ON)
2238   2      
2239   2      #endif // End of #if((_DVI_SUPPORT == _ON) || (_HDMI_SUPPORT == _ON))
2240   2      
2241   2      #if((_TMDS_HDCP_2_2_SUPPORT == _ON) && (_HDMI_PORT_EXIST == _ON))
2242   2      
2243   2      #if((_D0_INPUT_PORT_TYPE == _D0_HDMI_PORT) || (_D0_INPUT_PORT_TYPE == _D0_MHL_PORT))
                      case _SCALER_TIMER_EVENT_RX0_HDCP2_REAUTH:
              #endif
2246   2      
2247   2      #if((_D1_INPUT_PORT_TYPE == _D1_HDMI_PORT) || (_D1_INPUT_PORT_TYPE == _D1_MHL_PORT))
                      case _SCALER_TIMER_EVENT_RX1_HDCP2_REAUTH:
              #endif
2250   2      
2251   2      #if((_D2_INPUT_PORT_TYPE == _D2_HDMI_PORT) || (_D2_INPUT_PORT_TYPE == _D2_MHL_PORT))
C51 COMPILER V9.60.0.0   SCALERCOMMONTIMERFUNCTION                                         09/18/2026 20:38:50 PAGE 39  

                      case _SCALER_TIMER_EVENT_RX2_HDCP2_REAUTH:
              #endif
2254   2      
2255   2      #if((_D3_INPUT_PORT_TYPE == _D3_HDMI_PORT) || (_D3_INPUT_PORT_TYPE == _D3_MHL_PORT))
2256   2              case _SCALER_TIMER_EVENT_RX3_HDCP2_REAUTH:
2257   2      #endif
2258   2      
2259   2      #if((_D4_INPUT_PORT_TYPE == _D4_HDMI_PORT) || (_D4_INPUT_PORT_TYPE == _D4_MHL_PORT))
                      case _SCALER_TIMER_EVENT_RX4_HDCP2_REAUTH:
              #endif
2262   2      
2263   2      #if((_D5_INPUT_PORT_TYPE == _D5_HDMI_PORT) || (_D5_INPUT_PORT_TYPE == _D5_MHL_PORT))
                      case _SCALER_TIMER_EVENT_RX5_HDCP2_REAUTH:
              #endif
2266   2              ScalerHdcp2ReAuthEvent(enumEventID);
2267   2      
2268   2              break;
2269   2      #endif // End of #if(_TMDS_HDCP_2_2_SUPPORT == _ON)
2270   2      
2271   2      #if(_AUDIO_SUPPORT == _ON)
2272   2      #if((_HDMI_SUPPORT == _ON) || (_DP_SUPPORT == _ON))
2273   2              case _SCALER_TIMER_EVENT_AUDIO_D0_LOAD_STABLE_I_CODE:
2274   2      #endif
2275   2      
2276   2      #if((_D1_HDMI_SUPPORT == _ON) || (_D1_INPUT_PORT_TYPE == _D1_DP_PORT))
                      case _SCALER_TIMER_EVENT_AUDIO_D1_LOAD_STABLE_I_CODE:
              #endif
2279   2      
2280   2      #if((_D2_HDMI_SUPPORT == _ON) || (_D2_INPUT_PORT_TYPE == _D2_DP_PORT))
                      case _SCALER_TIMER_EVENT_AUDIO_D2_LOAD_STABLE_I_CODE:
              #endif
2283   2      
2284   2      #if(_D3_HDMI_SUPPORT == _ON)
2285   2              case _SCALER_TIMER_EVENT_AUDIO_D3_LOAD_STABLE_I_CODE:
2286   2      #endif
2287   2      
2288   2      #if(_D4_HDMI_SUPPORT == _ON)
                      case _SCALER_TIMER_EVENT_AUDIO_D4_LOAD_STABLE_I_CODE:
              #endif
2291   2      
2292   2      #if(_D5_HDMI_SUPPORT == _ON)
                      case _SCALER_TIMER_EVENT_AUDIO_D5_LOAD_STABLE_I_CODE:
              #endif
2295   2      
2296   2              ScalerAudioLoadStableICodeEvent(enumEventID);
2297   2      
2298   2              break;
2299   2      
2300   2      #if(_HDMI_AUDIO_FW_TRACKING_MODE_SUPPORT == _ON)
              #if(_HDMI_SUPPORT == _ON)
                      case _SCALER_TIMER_EVENT_AUDIO_D0_FW_TRACKING_PREPARING:
              #endif
              #if(_D1_HDMI_SUPPORT == _ON)
                      case _SCALER_TIMER_EVENT_AUDIO_D1_FW_TRACKING_PREPARING:
              #endif
              #if(_D2_HDMI_SUPPORT == _ON)
                      case _SCALER_TIMER_EVENT_AUDIO_D2_FW_TRACKING_PREPARING:
              #endif
              #if(_D3_HDMI_SUPPORT == _ON)
                      case _SCALER_TIMER_EVENT_AUDIO_D3_FW_TRACKING_PREPARING:
              #endif
              #if(_D4_HDMI_SUPPORT == _ON)
C51 COMPILER V9.60.0.0   SCALERCOMMONTIMERFUNCTION                                         09/18/2026 20:38:50 PAGE 40  

                      case _SCALER_TIMER_EVENT_AUDIO_D4_FW_TRACKING_PREPARING:
              #endif
              #if(_D5_HDMI_SUPPORT == _ON)
                      case _SCALER_TIMER_EVENT_AUDIO_D5_FW_TRACKING_PREPARING:
              #endif
              
                      ScalerAudioFwTrackingEventSet(enumEventID);
                      break;
              
              #if(_HDMI_SUPPORT == _ON)
                      case _SCALER_TIMER_EVENT_AUDIO_D0_FW_TRACKING_TIMEOUT:
              #endif
              #if(_D1_HDMI_SUPPORT == _ON)
                      case _SCALER_TIMER_EVENT_AUDIO_D1_FW_TRACKING_TIMEOUT:
              #endif
              #if(_D2_HDMI_SUPPORT == _ON)
                      case _SCALER_TIMER_EVENT_AUDIO_D2_FW_TRACKING_TIMEOUT:
              #endif
              #if(_D3_HDMI_SUPPORT == _ON)
                      case _SCALER_TIMER_EVENT_AUDIO_D3_FW_TRACKING_TIMEOUT:
              #endif
              #if(_D4_HDMI_SUPPORT == _ON)
                      case _SCALER_TIMER_EVENT_AUDIO_D4_FW_TRACKING_TIMEOUT:
              #endif
              #if(_D5_HDMI_SUPPORT == _ON)
                      case _SCALER_TIMER_EVENT_AUDIO_D5_FW_TRACKING_TIMEOUT:
              #endif
              
                      ScalerAudioTimeoutEventSet(enumEventID);
                      break;
              #endif
2345   2      #endif // End of #if(_AUDIO_SUPPORT == _ON)
2346   2      
2347   2      #if(_DP_SUPPORT == _ON)
2348   2      
2349   2      #if((_D0_INPUT_PORT_TYPE == _D0_DP_PORT) || (_D6_INPUT_PORT_TYPE != _D6_NO_PORT))
2350   2      
2351   2              case _SCALER_TIMER_EVENT_DP_RX0_HOTPLUG_ASSERTED:
2352   2              case _SCALER_TIMER_EVENT_DP_RX0_HDCP_LONG_HOTPLUG_EVENT:
2353   2              case _SCALER_TIMER_EVENT_DP_RX0_LONG_HOTPLUG_EVENT:
2354   2              case _SCALER_TIMER_EVENT_DP_RX0_LINK_STATUS_IRQ:
2355   2      
2356   2                  ScalerDpTimerEventProc(enumEventID);
2357   2                  break;
2358   2      #endif // End of #if(_D0_INPUT_PORT_TYPE == _D0_DP_PORT)
2359   2      
2360   2      #if(_D1_INPUT_PORT_TYPE == _D1_DP_PORT)
              
                      case _SCALER_TIMER_EVENT_DP_RX1_HOTPLUG_ASSERTED:
                      case _SCALER_TIMER_EVENT_DP_RX1_HDCP_LONG_HOTPLUG_EVENT:
                      case _SCALER_TIMER_EVENT_DP_RX1_LONG_HOTPLUG_EVENT:
                      case _SCALER_TIMER_EVENT_DP_RX1_LINK_STATUS_IRQ:
              
                          ScalerDpTimerEventProc(enumEventID);
                          break;
              #endif // End of #if(_D1_INPUT_PORT_TYPE == _D1_DP_PORT)
2370   2      
2371   2      #if(_D2_INPUT_PORT_TYPE == _D2_DP_PORT)
              
                      case _SCALER_TIMER_EVENT_DP_RX2_HOTPLUG_ASSERTED:
                      case _SCALER_TIMER_EVENT_DP_RX2_HDCP_LONG_HOTPLUG_EVENT:
                      case _SCALER_TIMER_EVENT_DP_RX2_LONG_HOTPLUG_EVENT:
C51 COMPILER V9.60.0.0   SCALERCOMMONTIMERFUNCTION                                         09/18/2026 20:38:50 PAGE 41  

                      case _SCALER_TIMER_EVENT_DP_RX2_LINK_STATUS_IRQ:
              
                          ScalerDpTimerEventProc(enumEventID);
                          break;
              #endif // End of #if(_D2_INPUT_PORT_TYPE == _D2_DP_PORT)
2381   2      
2382   2      #if(_D0_DP_EXIST == _ON)
2383   2      
2384   2              case _SCALER_TIMER_EVENT_DP_RX0_VALID_SIGNAL_DETECT_CHECK:
2385   2      
2386   2                  SET_DP_RX0_VALID_VIDEO_CHECK();
2387   2      
2388   2                  break;
2389   2      
2390   2      #if(_DP_ULTRA_HDR_SUPPORT == _ON)
2391   2              case _SCALER_TIMER_EVENT_DP_RX0_RSV0_PACKET_DETECT:
2392   2      
2393   2                  ScalerDpRx0RSV0PacketDetectEvent();
2394   2                  break;
2395   2      #endif
2396   2      
2397   2      #if((_DP_VSC_SDP_EXT_FOR_COLORIMETRY_SUPPORT == _ON) && (_HW_DP_VSC_SDP_REG_SUPPORT != _ON))
2398   2      
2399   2              case _SCALER_TIMER_EVENT_DP_RX0_RSV1_PACKET_DETECT:
2400   2      
2401   2                  ScalerDpRx0RSV1PacketDetectEvent();
2402   2                  break;
2403   2      #endif
2404   2      
2405   2              case _SCALER_TIMER_EVENT_DP_RX0_AUX_CH_NO_POWER_CHECK_DEBOUNCE:
2406   2      
2407   2                  CLR_DP_RX0_CHECK_AUX_CH_NO_POWER_DEBOUNCE();
2408   2      
2409   2                  if(ScalerDpRx0AuxChSourcePowerCheck() == _OFF)
2410   2                  {
2411   3                      BYTE ucDebounceCnt = 0;
2412   3      
2413   3                      // Debounce for 20ms
2414   3                      for(ucDebounceCnt = 0; ucDebounceCnt < 10; ucDebounceCnt++)
2415   3                      {
2416   4                          ScalerTimerDelayXms(2);
2417   4      
2418   4                          if(ScalerDpRx0AuxChSourcePowerCheck() == _ON)
2419   4                          {
2420   5                              break;
2421   5                          }
2422   4                      }
2423   3      
2424   3                      if(ucDebounceCnt == 10)
2425   3                      {
2426   4                          SET_DP_RX0_CHECK_AUX_CH_POWER_STATUS(_DP_RX_AUX_POWER_STATUS_OFF);
2427   4      
2428   4                          if(ScalerDpRxChPowerDownResetCheck(_D0_INPUT_PORT) == _TRUE)
2429   4                          {
2430   5                              ScalerDpRx0DisconnectReset();
2431   5                          }
2432   4                      }
2433   3                  }
2434   2      
2435   2                  break;
2436   2      
2437   2      #if(_DP_MST_SUPPORT == _ON)
C51 COMPILER V9.60.0.0   SCALERCOMMONTIMERFUNCTION                                         09/18/2026 20:38:50 PAGE 42  

                      case _SCALER_TIMER_EVENT_DP_RX0_SOURCE_WRITE_POWER_STATUS_EVENT_DEBOUNCE:
              
                          if(GET_DP_RX0_SOURCE_WRITE_POWER_STATUS_EVENT() == _DP_SOURCE_WRITE_POWER_STATUS_EVENT_TIMER_A
             -CTIVE)
                          {
                              CLR_DP_RX0_SOURCE_WRITE_POWER_STATUS_EVENT();
                          }
              
                          break;
              
              #if(_DP_TX_SUPPORT == _ON)
              
                      case _SCALER_TIMER_EVENT_DP_RX0_HDCP_CPIRQ_EVENT:
                          CLR_DP_RX0_HDCP_AUTH_CPIRQ_TIMRE();
                          break;
              
                      case _SCALER_TIMER_EVENT_DP_RX0_HDCP_REPEATER_PROC_TIMEOUT:
              
                          ScalerDpRx0HDCPSetRepeaterProcTimeout();
                          break;
              
                      case _SCALER_TIMER_EVENT_DP_RX0_HDCP_READ_IRQ_TIMEOUT:
              
                          ScalerDpRx0HDCPSetReadIrqTimeout();
                          break;
              
              #if((_DP_VSC_SDP_EXT_FOR_COLORIMETRY_SUPPORT == _ON) && (_HW_DP_VSC_SDP_REG_SUPPORT != _ON))
              
                      case _SCALER_TIMER_EVENT_DP_RX0_MST2SST_RSV1_PACKET_DETECT:
              
                          ScalerDpRx0MstToSstRSV1PacketDetectEvent();
                          break;
              #endif
              
              #if(_DP_HDCP_2_2_SUPPORT == _ON)
                      case _SCALER_TIMER_EVENT_DP_RX0_HDCP2_CPIRQ_EVENT:
                          CLR_DP_RX0_HDCP2_AUTH_CPIRQ_TIMRE();
                          break;
              
                      case _SCALER_TIMER_EVENT_DP_RX0_HDCP2_REPEATER_PROC_TIMEOUT:
              
                          ScalerDpRx0Hdcp2SetRepeaterProcTimeout();
                          break;
              
              #endif // End of #if(_DP_HDCP_2_2_SUPPORT == _ON)
              #endif // End if #if(_DP_TX_SUPPORT == _ON)
              #endif // End of #if(_DP_MST_SUPPORT == _ON)
2484   2      
2485   2      #endif // End of #if(_D0_DP_EXIST == _ON)
2486   2      
2487   2      #if(_D1_DP_EXIST == _ON)
              
                      case _SCALER_TIMER_EVENT_DP_RX1_VALID_SIGNAL_DETECT_CHECK:
              
                          SET_DP_RX1_VALID_VIDEO_CHECK();
              
                          break;
              
              #if(_DP_ULTRA_HDR_SUPPORT == _ON)
                      case _SCALER_TIMER_EVENT_DP_RX1_RSV0_PACKET_DETECT:
              
                          ScalerDpRx1RSV0PacketDetectEvent();
C51 COMPILER V9.60.0.0   SCALERCOMMONTIMERFUNCTION                                         09/18/2026 20:38:50 PAGE 43  

                          break;
              #endif
              
              #if((_DP_VSC_SDP_EXT_FOR_COLORIMETRY_SUPPORT == _ON) && (_HW_DP_VSC_SDP_REG_SUPPORT != _ON))
              
                      case _SCALER_TIMER_EVENT_DP_RX1_RSV1_PACKET_DETECT:
              
                          ScalerDpRx1RSV1PacketDetectEvent();
                          break;
              #endif
              
                      case _SCALER_TIMER_EVENT_DP_RX1_AUX_CH_NO_POWER_CHECK_DEBOUNCE:
              
                          CLR_DP_RX1_CHECK_AUX_CH_NO_POWER_DEBOUNCE();
              
                          if(ScalerDpRx1AuxChSourcePowerCheck() == _OFF)
                          {
                              BYTE ucDebounceCnt = 0;
              
                              // Debounce for 20ms
                              for(ucDebounceCnt = 0; ucDebounceCnt < 10; ucDebounceCnt++)
                              {
                                  ScalerTimerDelayXms(2);
              
                                  if(ScalerDpRx1AuxChSourcePowerCheck() == _ON)
                                  {
                                      break;
                                  }
                              }
              
                              if(ucDebounceCnt == 10)
                              {
                                  SET_DP_RX1_CHECK_AUX_CH_POWER_STATUS(_DP_RX_AUX_POWER_STATUS_OFF);
              
                                  if(ScalerDpRxChPowerDownResetCheck(_D1_INPUT_PORT) == _TRUE)
                                  {
                                      ScalerDpRx1DisconnectReset();
                                  }
                              }
                          }
              
                          break;
              
              #if(_DP_MST_SUPPORT == _ON)
                      case _SCALER_TIMER_EVENT_DP_RX1_SOURCE_WRITE_POWER_STATUS_EVENT_DEBOUNCE:
              
                          if(GET_DP_RX1_SOURCE_WRITE_POWER_STATUS_EVENT() == _DP_SOURCE_WRITE_POWER_STATUS_EVENT_TIMER_A
             -CTIVE)
                          {
                              CLR_DP_RX1_SOURCE_WRITE_POWER_STATUS_EVENT();
                          }
              
                          break;
              
              #if(_DP_TX_SUPPORT == _ON)
              
                      case _SCALER_TIMER_EVENT_DP_RX1_HDCP_CPIRQ_EVENT:
                          CLR_DP_RX1_HDCP_AUTH_CPIRQ_TIMRE();
                          break;
              
                      case _SCALER_TIMER_EVENT_DP_RX1_HDCP_REPEATER_PROC_TIMEOUT:
              
C51 COMPILER V9.60.0.0   SCALERCOMMONTIMERFUNCTION                                         09/18/2026 20:38:50 PAGE 44  

                          ScalerDpRx1HDCPSetRepeaterProcTimeout();
                          break;
              
                      case _SCALER_TIMER_EVENT_DP_RX1_HDCP_READ_IRQ_TIMEOUT:
              
                          ScalerDpRx1HDCPSetReadIrqTimeout();
                          break;
              
              #if((_DP_VSC_SDP_EXT_FOR_COLORIMETRY_SUPPORT == _ON) && (_HW_DP_VSC_SDP_REG_SUPPORT != _ON))
              
                      case _SCALER_TIMER_EVENT_DP_RX1_MST2SST_RSV1_PACKET_DETECT:
              
                          ScalerDpRx1MstToSstRSV1PacketDetectEvent();
                          break;
              #endif
              
              #if(_DP_HDCP_2_2_SUPPORT == _ON)
                      case _SCALER_TIMER_EVENT_DP_RX1_HDCP2_CPIRQ_EVENT:
                          CLR_DP_RX1_HDCP2_AUTH_CPIRQ_TIMRE();
                          break;
              
                      case _SCALER_TIMER_EVENT_DP_RX1_HDCP2_REPEATER_PROC_TIMEOUT:
              
                          ScalerDpRx1Hdcp2SetRepeaterProcTimeout();
                          break;
              
              #endif // End of #if(_DP_HDCP_2_2_SUPPORT == _ON)
              #endif // End if #if(_DP_TX_SUPPORT == _ON)
              #endif // End of #if(_DP_MST_SUPPORT == _ON)
              
              #endif // End of #if(_D1_DP_EXIST == _ON)
2591   2      
2592   2      #if(_DP_MST_SUPPORT == _ON)
                      case _SCALER_TIMER_EVENT_DP_MSG_TIMEOUT_EVENT:
                          ScalerDpRxMstMsgTimeoutEvent();
                          break;
              #endif // End of #if(_DP_MST_SUPPORT == _ON)
2597   2      
2598   2      #if(_DP_TX_SUPPORT == _ON)
                      case _SCALER_TIMER_EVENT_DP_TX_CABLE_STATUS_CHANGE_EVENT:
              
                          if(GET_DP_RX_REPORT_DOWNSTREAM_UNPLUG_EVENT() == _TRUE)
                          {
                              // Regen Unplug event
                              SET_DP_RX_REPORT_DOWNSTREAM_DP_CABLE_STATUS(_DP_UNPLUG);
                          }
                          else
                          {
                              // Align Reported Cable Status with Tx Cable Status
                              SET_DP_RX_REPORT_DOWNSTREAM_DP_CABLE_STATUS(GET_DP_TX_DOWNSTREAM_DPPLUG_STATUS());
                          }
              
                          // Initiate Connection Status Notify
                          SET_DP_GEN_UP_REQUEST_MSG(_DP_MSG_CONNECTION_STATUS_NOTIFY);
              
                          break;
              
                      case _SCALER_TIMER_EVENT_DP_TX_FORCE_REBUILD_TOPOLOGY_EVENT:
              
                          SET_DP_TX_WAIT_TOPOLOGY_REBUILD_MSG();
              
                          if(GET_REG_DP_RX_MST_ENABLE() == _TRUE)
C51 COMPILER V9.60.0.0   SCALERCOMMONTIMERFUNCTION                                         09/18/2026 20:38:50 PAGE 45  

                          {
                              switch(g_enumDpMSTCapablePort)
                              {
              #if(_D0_DP_EXIST == _ON)
                                  case _DP_MST_RX0_PORT:
              
                                      ScalerDpRx0SetHotPlugEvent(_DP_MST_LONG_HPD_EVENT);
              
                                      break;
              #endif
              
              #if(_D1_DP_EXIST == _ON)
                                  case _DP_MST_RX1_PORT:
              
                                      ScalerDpRx1SetHotPlugEvent(_DP_MST_LONG_HPD_EVENT);
              
                                      break;
              #endif
              
                                  default:
                                      break;
                              }
                          }
              
                          break;
              
                      case _SCALER_TIMER_EVENT_DP_RX_MSG_COUNT_RESET_EVENT:
              
                          ScalerDpRxMstMsgCountResetEvent();
                          ScalerDpTxMstMsgCountResetEvent();
                          break;
              
                      case _SCALER_TIMER_EVENT_DP_TX_MSG_COUNT_RESET_EVENT:
              
                          ScalerDpTxMstMsgCountResetEvent();
                          break;
              
                      case _SCALER_TIMER_EVENT_DP_TX_HDCP_WAITING_TO_READ_R0:
              
                          ScalerDpTxHDCPTimeoutToReadR0Event();
                          break;
              
                      case _SCALER_TIMER_EVENT_DP_TX_HDCP_WAITING_FOR_V_READY:
              
                          ScalerDpTxHDCPTimeoutForVReadyEvent();
                          break;
              
                      case _SCALER_TIMER_EVENT_DP_TX_HDCP_POLLING_V_READY:
              
                          ScalerDpTxHDCPPollingVReadyEvent();
                          break;
              
              #if(_DP_TX_HPD_HIGH_DEBOUNCE_SUPPORT == _ON)
                      case _SCALER_TIMER_EVENT_DP_TX_HPD_DEBOUNCE:
              
                          SET_DP_TX_HPD_DEBOUNCE();
              
                          break;
              #endif
              
              #if(_DP_HDCP_2_2_SUPPORT == _ON)
                      case _SCALER_TIMER_EVENT_DP_TX_HDCP2_WAITING_TO_READ_CERTIFICATE:
C51 COMPILER V9.60.0.0   SCALERCOMMONTIMERFUNCTION                                         09/18/2026 20:38:50 PAGE 46  

              
                          ScalerDpTxHdcp2TimeoutToReadCertificateEvent();
                          break;
              
                      case _SCALER_TIMER_EVENT_DP_TX_HDCP2_WAITING_TO_READ_H_PRIME:
              
                          ScalerDpTxHdcp2TimeoutToReadHPrimeEvent();
                          break;
              
                      case _SCALER_TIMER_EVENT_DP_TX_HDCP2_WAITING_TO_READ_PAIRING_INFO:
              
                          ScalerDpTxHdcp2TimeoutToReadPairingInfoEvent();
                          break;
              
                      case _SCALER_TIMER_EVENT_DP_TX_HDCP2_WAITING_TO_ENCRYPT_DATA:
              
                          ScalerDpTxHdcp2TimeoutToEncyptDataEvent();
                          break;
              
                      case _SCALER_TIMER_EVENT_DP_TX_HDCP2_WAITING_FOR_V_READY:
              
                          ScalerDpTxHdcp2TimeoutForVReadyEvent();
                          break;
              
                      case _SCALER_TIMER_EVENT_DP_TX_HDCP2_POLLING_V_READY:
              
                          ScalerDpTxHdcp2PollingVReadyEvent();
                          break;
              
                      case _SCALER_TIMER_EVENT_DP_TX_HDCP2_WAITING_TO_READ_M_PRIME:
              
                          ScalerDpTxHdcp2TimeoutToReadMPrimeEvent();
                          break;
              #endif // End of #if(_DP_HDCP_2_2_SUPPORT == _ON)
              #endif // End if #if(_DP_TX_SUPPORT == _ON)
2719   2      
2720   2      #if(_HDMI_TX_SUPPORT == _ON)
                      case _SCALER_TIMER_EVENT_HDMI_TX_HDCP_WAITING_TO_READ_R0:
              
                          ScalerHdmiTxHDCPTimeoutToReadR0Event();
                          break;
              
                      case _SCALER_TIMER_EVENT_HDMI_TX_HDCP_WAITING_FOR_V_READY:
              
                          ScalerHdmiTxHDCPTimeoutForVReadyEvent();
                          break;
              
                      case _SCALER_TIMER_EVENT_HDMI_TX_HDCP_POLLING_V_READY:
              
                          ScalerHdmiTxHDCPPollingVReadyEvent();
                          break;
              
              #if(_HDMI_TX_HDCP_2_2_SUPPORT == _ON)
                      case _SCALER_TIMER_EVENT_HDMI_TX_HDCP2_WAITING_TO_READ_CERTIFICATE:
              
                          ScalerHdmiTxHdcp2TimeoutToReadCertificateEvent();
                          break;
              
                      case _SCALER_TIMER_EVENT_HDMI_TX_HDCP2_WAITING_TO_READ_H_PRIME:
              
                          ScalerHdmiTxHdcp2TimeoutToReadHPrimeEvent();
                          break;
C51 COMPILER V9.60.0.0   SCALERCOMMONTIMERFUNCTION                                         09/18/2026 20:38:50 PAGE 47  

              
                      case _SCALER_TIMER_EVENT_HDMI_TX_HDCP2_WAITING_TO_ENCRYPT_DATA:
              
                          ScalerHdmiTxHdcp2TimeoutToEncyptDataEvent();
                          break;
              
                      case _SCALER_TIMER_EVENT_HDMI_TX_HDCP2_WAITING_FOR_V_READY:
              
                          ScalerHdmiTxHdcp2TimeoutForVReadyEvent();
                          break;
              
                      case _SCALER_TIMER_EVENT_HDMI_TX_HDCP2_POLLING_V_READY:
              
                          ScalerHdmiTxHdcp2PollingVReadyEvent();
                          break;
              
                      case _SCALER_TIMER_EVENT_HDMI_TX_HDCP2_WAITING_TO_READ_M_PRIME:
              
                          ScalerHdmiTxHdcp2TimeoutToReadMPrimeEvent();
                          break;
              #endif
              #endif // End of #if(_HDMI_TX_SUPPORT == _ON)
2768   2      
2769   2      #endif // End of #if(_DP_SUPPORT == _ON)
2770   2      
2771   2      #if(_SDRAM_PHASE_CALIBRATION == _ON)
              
                      case _SCALER_TIMER_EVENT_SDRAM_PHASE_CNT_CHECK:
              
                          // Check phase count every 60 minute
                          ScalerSdramOnLinePhaseCntCheck();
                          break;
              #endif
2779   2      
2780   2      #if(_DDR1_PHASE_CALIBRATION == _ON)
2781   2              case _SCALER_TIMER_EVENT_DDR_PHASE_CNT_CHECK:
2782   2      
2783   2                  // Check phase count every 60 minute
2784   2                  ScalerDDR1OnLinePhaseCntCheck();
2785   2                  break;
2786   2      #endif
2787   2      
2788   2      #if(_D0_INPUT_PORT_TYPE == _D0_MHL_PORT)
              
                      case _SCALER_TIMER_EVENT_MHL_RX0_READY_TO_TRANSMIT:
                      case _SCALER_TIMER_EVENT_MHL_RX0_RECONNECT_1K:
                      case _SCALER_TIMER_EVENT_MHL_RX0_SWITCH_PORT_DISCOVERY_DONE:
              
                          ScalerMHLTimerEventProc(enumEventID);
              
                          break;
              
              #endif // End of #if(_D0_INPUT_PORT_TYPE == _D0_MHL_PORT)
2799   2      
2800   2      #if(_D1_INPUT_PORT_TYPE == _D1_MHL_PORT)
              
                      case _SCALER_TIMER_EVENT_MHL_RX1_READY_TO_TRANSMIT:
                      case _SCALER_TIMER_EVENT_MHL_RX1_RECONNECT_1K:
                      case _SCALER_TIMER_EVENT_MHL_RX1_SWITCH_PORT_DISCOVERY_DONE:
              
                          ScalerMHLTimerEventProc(enumEventID);
              
C51 COMPILER V9.60.0.0   SCALERCOMMONTIMERFUNCTION                                         09/18/2026 20:38:50 PAGE 48  

                          break;
              
              #endif // End of #if(_D1_INPUT_PORT_TYPE == _D1_MHL_PORT)
2811   2      
2812   2      #if(_D2_INPUT_PORT_TYPE == _D2_MHL_PORT)
              
                      case _SCALER_TIMER_EVENT_MHL_RX2_READY_TO_TRANSMIT:
                      case _SCALER_TIMER_EVENT_MHL_RX2_RECONNECT_1K:
                      case _SCALER_TIMER_EVENT_MHL_RX2_SWITCH_PORT_DISCOVERY_DONE:
              
                          ScalerMHLTimerEventProc(enumEventID);
              
                          break;
              
              #endif // End of #if(_D2_INPUT_PORT_TYPE == _D2_MHL_PORT)
2823   2      
2824   2      #if(_D3_INPUT_PORT_TYPE == _D3_MHL_PORT)
              
                      case _SCALER_TIMER_EVENT_MHL_RX3_READY_TO_TRANSMIT:
                      case _SCALER_TIMER_EVENT_MHL_RX3_RECONNECT_1K:
                      case _SCALER_TIMER_EVENT_MHL_RX3_SWITCH_PORT_DISCOVERY_DONE:
              
                          ScalerMHLTimerEventProc(enumEventID);
              
                          break;
              
              #endif // End of #if(_D3_INPUT_PORT_TYPE == _D3_MHL_PORT)
2835   2      
2836   2      #if(_D4_INPUT_PORT_TYPE == _D4_MHL_PORT)
              
                      case _SCALER_TIMER_EVENT_MHL_RX4_READY_TO_TRANSMIT:
                      case _SCALER_TIMER_EVENT_MHL_RX4_RECONNECT_1K:
                      case _SCALER_TIMER_EVENT_MHL_RX4_SWITCH_PORT_DISCOVERY_DONE:
              
                          ScalerMHLTimerEventProc(enumEventID);
              
                          break;
              
              #endif // End of #if(_D4_INPUT_PORT_TYPE == _D4_MHL_PORT)
2847   2      
2848   2      #if(_D5_INPUT_PORT_TYPE == _D5_MHL_PORT)
              
                      case _SCALER_TIMER_EVENT_MHL_RX5_READY_TO_TRANSMIT:
                      case _SCALER_TIMER_EVENT_MHL_RX5_RECONNECT_1K:
                      case _SCALER_TIMER_EVENT_MHL_RX5_SWITCH_PORT_DISCOVERY_DONE:
              
                          ScalerMHLTimerEventProc(enumEventID);
              
                          break;
              
              #endif // End of #if(_D5_INPUT_PORT_TYPE == _D5_MHL_PORT)
2859   2      
2860   2      #if((_DP_TYPE_C_PORT_CTRL_SUPPORT == _ON) && (_PORT_CONTROLLER_EMBEDDED_SUPPORT == _ON))
              #if(_D0_DP_TYPE_C_PORT_CTRL_TYPE == _PORT_CONTROLLER_EMBEDDED)
              
                      case _SCALER_TIMER_EVENT_PD_RX0_CBL_RESP_TIMEOUT:
                      case _SCALER_TIMER_EVENT_PD_RX0_VDM_RESP_TIMEOUT:
                      case _SCALER_TIMER_EVENT_PD_RX0_STATE_TO_READY:
                      case _SCALER_TIMER_EVENT_PD_RX0_SRC_TURN_ON_POWER:
                      case _SCALER_TIMER_EVENT_PD_RX0_SRC_TURN_OFF_POWER:
                      case _SCALER_TIMER_EVENT_PD_RX0_SEND_HARD_RST:
                      case _SCALER_TIMER_EVENT_PD_RX0_SNK_HARD_RST_TIMEOUT:
C51 COMPILER V9.60.0.0   SCALERCOMMONTIMERFUNCTION                                         09/18/2026 20:38:50 PAGE 49  

                      case _SCALER_TIMER_EVENT_PD_RX0_TPC_ERR_RECOVER:
                      case _SCALER_TIMER_EVENT_PD_RX0_CLR_SRC_CAP_WAIT:
                      case _SCALER_TIMER_EVENT_PD_RX0_CLR_REQ_WAIT:
                      case _SCALER_TIMER_EVENT_PD_RX0_CLR_PARTNER_ALT_SUPPORT:
                      case _SCALER_TIMER_EVENT_PD_RX0_T480_ERROR_RECOVERY:
                      case _SCALER_TIMER_EVENT_PD_RX0_CLR_PRS_WAIT:
                      case _SCALER_TIMER_EVENT_PD_RX0_CLR_DRS_WAIT:
                      case _SCALER_TIMER_EVENT_PD_RX0_CLR_VCS_WAIT:
                      case _SCALER_TIMER_EVENT_PD_RX0_CLR_CBL_WAIT:
                      case _SCALER_TIMER_EVENT_PD_RX0_PPS_TIMEOUT:
                      case _SCALER_TIMER_EVENT_PD_RX0_SRC_EPR_KEEP_ALIVE_TIMEOUT:
                      case _SCALER_TIMER_EVENT_PD_RX0_S8_HRST:
                      case _SCALER_TIMER_EVENT_PD_RX0_DFP_START_ALT_MODE:
                      case _SCALER_TIMER_EVENT_PD_RX0_LENOVO_RESP_TIMEOUT:
                      case _SCALER_TIMER_EVENT_PD_RX0_CLR_ATTENTION_WAIT:
                      case _SCALER_TIMER_EVENT_PD_RX0_CLR_GET_SNK_CAP_WAIT:
                      case _SCALER_TIMER_EVENT_PD_RX0_CLR_VDMMSG_WAIT:
                      case _SCALER_TIMER_EVENT_PD_RX0_CLR_VDM_BUSY_FLAG:
              #if(_TYPE_C_VENDOR_ALT_MODE == _TYPE_C_DELL_ALT_MODE)
                      case _SCALER_TIMER_EVENT_PD_RX0_DELL_ATTEN_RETRY:
              #endif
              
                          ScalerTypeCRx0PdTimerEventProc(enumEventID);
              
                          break;
              
                      case _SCALER_TIMER_EVENT_CC_RX0_STATE_TO_UNATTACH:
                      case _SCALER_TIMER_EVENT_CC_RX0_CLEAR_AC_ON_DEVICE_DETECT:
                          ScalerTypeCRx0CcTimerEventProc(enumEventID);
              
                          break;
              
              #if(_TYPE_C_PMIC_TYPE != _PMIC_NONE)
                      case _SCALER_TIMER_EVENT_PMIC_TRACKING:
                      case _SCALER_TIMER_EVENT_PMIC_SAFETY_PROTECT:
                      case _SCALER_TIMER_EVENT_PMIC_POLLING_OCP:
              
                          ScalerTypeCPmicRx0TimerEventProc(enumEventID);
              
                          break;
              #endif // End of #if(_TYPE_C_PMIC_TYPE != _PMIC_NONE)
              #endif // End of #if(_D0_DP_TYPE_C_PORT_CTRL_TYPE == _PORT_CONTROLLER_EMBEDDED)
              #endif // End of #if((_DP_TYPE_C_PORT_CTRL_SUPPORT == _ON) && (_PORT_CONTROLLER_EMBEDDED_SUPPORT == _ON))
2913   2      
2914   2      #if(_SMBUS_BLOCK_READ_WRITE_COMMAND_SUPPORT == _ON)
                      case _SCALER_TIMER_EVENT_SMBUS_BLOCK_READ_WRITE:
                          SET_SMBUS_BLOCK_RW_STATUS(_FALSE);
                          break;
              #endif
2919   2      
2920   2      #if(_FW_UPDATE_BACKGROUND_SUPPORT == _ON)
              #if(_DP_TX_SUPPORT == _ON)
                      case _SCALER_TIMER_EVENT_BACKGROUND_FW_UPDATE_DPTX_BUSY:
                          ScalerFwUpdateBackgroundSetBusyStatus(_AFFECTED_IP_DPTX, _STATUS_IDLE, 0);
                          break;
              #endif
              #if(_DP_SUPPORT == _ON)
                      case _SCALER_TIMER_EVENT_BACKGROUND_FW_UPDATE_DPRX_BUSY:
                          ScalerFwUpdateBackgroundSetBusyStatus(_AFFECTED_IP_DPRX, _STATUS_IDLE, 0);
                          break;
              #endif
              
C51 COMPILER V9.60.0.0   SCALERCOMMONTIMERFUNCTION                                         09/18/2026 20:38:50 PAGE 50  

              #if(_DP_TYPE_C_PORT_CTRL_SUPPORT == _ON)
                      case _SCALER_TIMER_EVENT_BACKGROUND_FW_UPDATE_TYPEC_BUSY:
                          ScalerFwUpdateBackgroundSetBusyStatus(_AFFECTED_IP_TYPEC, _STATUS_IDLE, 0);
                          break;
              #endif
              #if(_DIGITAL_PORT_SUPPORT == _ON)
                      case _SCALER_TIMER_EVENT_BACKGROUND_FW_UPDATE_MCCS_BUSY:
                          ScalerFwUpdateBackgroundSetBusyStatus(_AFFECTED_IP_MCCS, _STATUS_IDLE, 0);
                          break;
              #endif
                      case _SCALER_TIMER_EVENT_BACKGROUND_FW_UPDATE_HDCP_BUSY:
                          ScalerFwUpdateBackgroundSetBusyStatus(_AFFECTED_IP_HDCP, _STATUS_IDLE, 0);
                          break;
              #endif
2946   2              default:
2947   2                  break;
2948   2          }
2949   1      }
2950          
2951          //--------------------------------------------------
2952          // Description  : Get Event Time
2953          // Input Value  : ucEventIndex --> Event which time is needed
2954          // Output Value : Event Time
2955          //--------------------------------------------------
2956          WORD ScalerTimerGetEventTime(BYTE ucEventIndex)
2957          {
2958   1          return GET_EVENT_TIME(ucEventIndex);
2959   1      }
2960          
2961          //--------------------------------------------------
2962          // Description  : Clear Event Time
2963          // Input Value  : ucEventIndex --> Event which time is needed to be cleared
2964          // Output Value : None
2965          //--------------------------------------------------
2966          void ScalerTimerClrEventValid(BYTE ucEventIndex)
2967          {
2968   1          CLR_EVENT_VALID(ucEventIndex);
2969   1      }
2970          
2971          //--------------------------------------------------
2972          // Description  : Check if Event is Valid
2973          // Input Value  : ucEventIndex --> Event to be checked
2974          // Output Value : Validity(_TRUE/_FALSE)
2975          //--------------------------------------------------
2976          bit ScalerTimerCheckEventValid(BYTE ucEventIndex)
2977          {
2978   1          return (GET_EVENT_VALID(ucEventIndex) == _TRUE);
2979   1      }
2980          
2981          //--------------------------------------------------
2982          // Description  : Active Timer Event
2983          // Input Value  : usTime --> Time to active Timer Event (unit is ms)
2984          //                ucEventID --> Event to be actived
2985          // Output Value : None
2986          //--------------------------------------------------
2987          void ScalerTimerActiveTimerEvent(WORD usTime, EnumScalerTimerEventID enumEventID)
2988          {
2989   1          BYTE ucEventIndex = 0;
2990   1      
2991   1          // Search for Existing Event with the same Event ID
2992   1          for(ucEventIndex = 0; ucEventIndex < _TIMER_EVENT_COUNT; ucEventIndex++)
2993   1          {
C51 COMPILER V9.60.0.0   SCALERCOMMONTIMERFUNCTION                                         09/18/2026 20:38:50 PAGE 51  

2994   2              if(GET_EVENT_VALID(ucEventIndex) == _TRUE)
2995   2              {
2996   3                  if(GET_EVENT_ID(ucEventIndex) == enumEventID)
2997   3                  {
2998   4                      return;
2999   4                  }
3000   3              }
3001   2          }
3002   1      
3003   1          // Choose any Vacant Storage for Event
3004   1          for(ucEventIndex = 0; ucEventIndex < _TIMER_EVENT_COUNT; ucEventIndex++)
3005   1          {
3006   2              if(GET_EVENT_VALID(ucEventIndex) == _FALSE)
3007   2              {
3008   3                  SET_EVENT_ID(ucEventIndex, enumEventID);
3009   3                  SET_EVENT_TIME(ucEventIndex, (WORD)((DWORD)(ScalerTimerCheckTimerEvent(usTime)) + usTime));
3010   3                  return;
3011   3              }
3012   2          }
3013   1      
3014   1          DebugMessageSystem("No More Available Storage for Simultaneous Event!!!!!!", 0x00);
3015   1      }
3016          
3017          //--------------------------------------------------
3018          // Description  : Reactive a timer for an event. If the event is exist,
3019          //                this function will reset the executing time and restart.
3020          // Input Value  : usTime    --> Unit in 1ms, range in 0.01 ~ 61 sec
3021          //                Event     --> Execute Event while timeup
3022          // Output Value : None
3023          //--------------------------------------------------
3024          void ScalerTimerReactiveTimerEvent(WORD usTime, EnumScalerTimerEventID enumEventID)
3025          {
3026   1          BYTE ucEventIndex = 0;
3027   1      
3028   1          // Search for Existing Event with the same Event ID
3029   1          for(ucEventIndex = 0; ucEventIndex < _TIMER_EVENT_COUNT; ucEventIndex++)
3030   1          {
3031   2              if(GET_EVENT_VALID(ucEventIndex) == _TRUE)
3032   2              {
3033   3                  if(GET_EVENT_ID(ucEventIndex) == enumEventID)
3034   3                  {
3035   4                      SET_EVENT_TIME(ucEventIndex, (WORD)((DWORD)(ScalerTimerCheckTimerEvent(usTime)) + usTime))
             -;
3036   4      
3037   4                      return;
3038   4                  }
3039   3              }
3040   2          }
3041   1      
3042   1          // Choose any Vacant Storage for Event
3043   1          for(ucEventIndex = 0; ucEventIndex < _TIMER_EVENT_COUNT; ucEventIndex++)
3044   1          {
3045   2              if(GET_EVENT_VALID(ucEventIndex) == _FALSE)
3046   2              {
3047   3                  SET_EVENT_ID(ucEventIndex, enumEventID);
3048   3                  SET_EVENT_TIME(ucEventIndex, (WORD)((DWORD)(ScalerTimerCheckTimerEvent(usTime)) + usTime));
3049   3                  return;
3050   3              }
3051   2          }
3052   1      }
3053          
3054          //--------------------------------------------------
C51 COMPILER V9.60.0.0   SCALERCOMMONTIMERFUNCTION                                         09/18/2026 20:38:50 PAGE 52  

3055          // Description  : Cancel an event
3056          // Input Value  : Event     --> Event which we want to cancel
3057          // Output Value : None
3058          //--------------------------------------------------
3059          void ScalerTimerCancelTimerEvent(EnumScalerTimerEventID enumEventID)
3060          {
3061   1          BYTE ucEventIndex = 0;
3062   1      
3063   1          // Search for Existing Event with the same Event ID
3064   1          for(ucEventIndex = 0; ucEventIndex < _TIMER_EVENT_COUNT; ucEventIndex++)
3065   1          {
3066   2              if(GET_EVENT_VALID(ucEventIndex) == _TRUE)
3067   2              {
3068   3                  if(GET_EVENT_ID(ucEventIndex) == enumEventID)
3069   3                  {
3070   4                      CLR_EVENT_VALID(ucEventIndex);
3071   4      
3072   4                      return;
3073   4                  }
3074   3              }
3075   2          }
3076   1      }
3077          
3078          //--------------------------------------------------
3079          // Description  : Get Event Remain Time
3080          // Input Value  : ucEventID --> Event which has been activated
3081          // Output Value : Event ID Time
3082          //--------------------------------------------------
3083          WORD ScalerTimerGetEventRemainTime(EnumScalerTimerEventID enumEventID)
3084          {
3085   1          BYTE ucEventIndex = 0;
3086   1          WORD usTime = 0;
3087   1      
3088   1          for(ucEventIndex = 0; ucEventIndex < _TIMER_EVENT_COUNT; ucEventIndex++)
3089   1          {
3090   2              if(ScalerTimerGetEventID(ucEventIndex) == enumEventID)
3091   2              {
3092   3                  if(GET_EVENT_VALID(ucEventIndex) == _TRUE)
3093   3                  {
3094   4                      if(ScalerTimerGetEventTime(ucEventIndex) > ScalerTimerGetTimerCounter())
3095   4                      {
3096   5                          usTime = (ScalerTimerGetEventTime(ucEventIndex) - ScalerTimerGetTimerCounter());
3097   5                      }
3098   4      
3099   4                      break;
3100   4                  }
3101   3              }
3102   2          }
3103   1      
3104   1          return usTime;
3105   1      }
3106          
3107          //--------------------------------------------------
3108          // Description  : Search a timer event
3109          // Input Value  : ucEventID --> Event which has been activated
3110          // Output Value : None
3111          //--------------------------------------------------
3112          bit ScalerTimerSearchActiveTimerEvent(EnumScalerTimerEventID enumEventID)
3113          {
3114   1          BYTE ucEventIndex = 0;
3115   1      
3116   1          // Search Correponding EventID and wait until it finished
C51 COMPILER V9.60.0.0   SCALERCOMMONTIMERFUNCTION                                         09/18/2026 20:38:50 PAGE 53  

3117   1          for(ucEventIndex = 0; ucEventIndex < _TIMER_EVENT_COUNT; ucEventIndex++)
3118   1          {
3119   2              if(GET_EVENT_ID(ucEventIndex) == enumEventID)
3120   2              {
3121   3                  if(GET_EVENT_VALID(ucEventIndex) == _TRUE)
3122   3                  {
3123   4                      return _TRUE;
3124   4                  }
3125   3              }
3126   2          }
3127   1      
3128   1          return _FALSE;
3129   1      }
3130          
3131          #if((_DP_SUPPORT == _ON) || ((_TMDS_HDCP_2_2_SUPPORT == _ON) && (_HDMI_PORT_EXIST == _ON)) || ((_DP_TYPE_C
             -_PORT_CTRL_SUPPORT == _ON) && (_PORT_CONTROLLER_EMBEDDED_SUPPORT == _ON)))
3132          //--------------------------------------------------
3133          // Description  : Cancel an event
3134          // Input Value  : Event     --> Event which we want to cancel
3135          // Output Value : None
3136          //--------------------------------------------------
3137          void ScalerTimerCancelTimerEvent_EXINT0(EnumScalerTimerEventID enumEventID) using 1
3138          {
3139   1          // Search for Existing Event with the same Event ID
3140   1          for(pData_EXINT[0] = 0; pData_EXINT[0] < _TIMER_EVENT_COUNT; pData_EXINT[0]++)
3141   1          {
3142   2              if(GET_EVENT_VALID(pData_EXINT[0]) == _TRUE)
3143   2              {
3144   3                  if(GET_EVENT_ID(pData_EXINT[0]) == enumEventID)
3145   3                  {
3146   4                      CLR_EVENT_VALID(pData_EXINT[0]);
3147   4                      return;
3148   4                  }
3149   3              }
3150   2          }
3151   1      }
3152          #endif
3153          
3154          #if(((_DDCCI_CODE_REDUCTION == _OFF) && (_DEBUG_MESSAGE_SUPPORT == _OFF) && (_DDCCI_AUTO_SWITCH_SUPPORT ==
             - _ON)) || (_SMBUS_BLOCK_READ_WRITE_COMMAND_SUPPORT == _ON))
3155          //--------------------------------------------------
3156          // Description  : Cancel a Timer Event in Int1
3157          // Input Value  : enumEventID --> Event which we want to cancel
3158          // Output Value : None
3159          //--------------------------------------------------
3160          void ScalerTimerCancelTimerEvent_EXINT1(EnumScalerTimerEventID enumEventID) using 2
3161          {
3162   1          // Search for Existing Event with the same Event ID
3163   1          for(pData_EXINT[0] = 0; pData_EXINT[0] < _TIMER_EVENT_COUNT; pData_EXINT[0]++)
3164   1          {
3165   2              if(GET_EVENT_VALID(pData_EXINT[0]) == _TRUE)
3166   2              {
3167   3                  if(GET_EVENT_ID(pData_EXINT[0]) == enumEventID)
3168   3                  {
3169   4                      CLR_EVENT_VALID(pData_EXINT[0]);
3170   4                      return;
3171   4                  }
3172   3              }
3173   2          }
3174   1      }
3175          #endif
3176          
C51 COMPILER V9.60.0.0   SCALERCOMMONTIMERFUNCTION                                         09/18/2026 20:38:50 PAGE 54  

3177          //--------------------------------------------------
3178          // Description  : Check timer and events. We have to run this function when setting up a timer for an even
             -t.
3179          // Input Value  : usTime    --> Unit in 1ms, range in 0.001 ~ 61sec
3180          // Output Value : Return usPresentTime
3181          //--------------------------------------------------
3182          WORD ScalerTimerCheckTimerEvent(WORD usTime)
3183          {
3184   1          BYTE ucTimerEventCnt = 0;
3185   1          WORD usPresentTime = 0;
3186   1      
3187   1          usPresentTime = ScalerTimerGetTimerCounter();
3188   1      
3189   1          if(usTime > _EVENT_TIME_MAX)
3190   1          {
3191   2              usTime = _EVENT_TIME_MAX;
3192   2          }
3193   1      
3194   1          if(((usPresentTime + usTime) > _EVENT_TIME_MAX) || // Size Limit of Timer Counter
3195   1             ((usPresentTime + usTime) < usPresentTime)) // Timer Counter Overflow
3196   1          {
3197   2              STORE_TIMER_COUNTER(0);
3198   2      
3199   2              // Reset Timer Event Counter
3200   2              for(ucTimerEventCnt = 0; ucTimerEventCnt < _TIMER_EVENT_COUNT; ucTimerEventCnt++)
3201   2              {
3202   3                  if(GET_EVENT_VALID(ucTimerEventCnt) == _TRUE)
3203   3                  {
3204   4                      if(GET_EVENT_TIME(ucTimerEventCnt) > usPresentTime)
3205   4                      {
3206   5                          SET_EVENT_TIME(ucTimerEventCnt, (GET_EVENT_TIME(ucTimerEventCnt) - usPresentTime));
3207   5                      }
3208   4                      else
3209   4                      {
3210   5                          SET_EVENT_TIME(ucTimerEventCnt, 0);
3211   5                      }
3212   4                  }
3213   3              }
3214   2      
3215   2              usPresentTime = 0;
3216   2          }
3217   1      
3218   1          return usPresentTime;
3219   1      }
3220          
3221          
3222          //--------------------------------------------------
3223          // Description  : Get Timer Counter.
3224          // Input Value  : None
3225          // Output Value : Timer Counter
3226          //--------------------------------------------------
3227          WORD ScalerTimerGetTimerCounter(void)
3228          {
3229   1          WORD usPresentTime = g_usTimerCounter;
3230   1      
3231   1          // When get counter,timer interrupt maybe change counter.
3232   1          // Get twice to avoid it.
3233   1          if(abs(g_usTimerCounter - usPresentTime) > 0x7F)
3234   1          {
3235   2              usPresentTime = g_usTimerCounter;
3236   2          }
3237   1      
C51 COMPILER V9.60.0.0   SCALERCOMMONTIMERFUNCTION                                         09/18/2026 20:38:50 PAGE 55  

3238   1          return usPresentTime;
3239   1      }
3240          
3241          //--------------------------------------------------
3242          // Description  : Get Event ID
3243          // Input Value  : Referenced Event Index
3244          // Output Value : Stored Event ID
3245          //--------------------------------------------------
3246          BYTE ScalerTimerGetEventID(BYTE ucEventIndex)
3247          {
3248   1          return GET_EVENT_ID(ucEventIndex);
3249   1      }
3250          
3251          //--------------------------------------------------
3252          // Description  : Initial timer and events. We have to run this function at firmware startup
3253          // Input Value  : None
3254          // Output Value : None
3255          //--------------------------------------------------
3256          void ScalerTimerInitialTimerEvent(void)
3257          {
3258   1          BYTE ucTimerEventCnt = 0;
3259   1      
3260   1          for(ucTimerEventCnt = 0; ucTimerEventCnt < _TIMER_EVENT_COUNT; ucTimerEventCnt++)
3261   1          {
3262   2              CLR_EVENT_VALID(ucTimerEventCnt);
3263   2          }
3264   1      
3265   1          TR2 = 1;
3266   1      }
3267          
3268          //--------------------------------------------------
3269          // Description  : Timer Delay
3270          // Input Value  : usNum --> Delay in ms
3271          // Output Value : None
3272          //--------------------------------------------------
3273          void ScalerTimerDelayXms(WORD usNum)
3274          {
3275   1          if(usNum != 0)
3276   1          {
3277   2              // Avoid dead lock under timer2 interrupt function disable condition
3278   2              if(TR2 == _OFF)
3279   2              {
3280   3                  return;
3281   3              }
3282   2      
3283   2              g_bNotifyTimer2Int = _FALSE;
3284   2      
3285   2              while(_TRUE)
3286   2              {
3287   3                  if(g_bNotifyTimer2Int == _TRUE)
3288   3                  {
3289   4                      g_bNotifyTimer2Int = _FALSE;
3290   4      
3291   4                      if(--usNum)
3292   4                      {
3293   5                      }
3294   4                      else
3295   4                      {
3296   5                          return;
3297   5                      }
3298   4                  }
3299   3              }
C51 COMPILER V9.60.0.0   SCALERCOMMONTIMERFUNCTION                                         09/18/2026 20:38:50 PAGE 56  

3300   2          }
3301   1      }
3302          
3303          //----------------------------------------------------------------------
3304          // Description  : Polling Scaler Flag Process
3305          // Input Value  : usTimeout --> Timeout number (Max: 65,535 ms)
3306          //                usRegister--> Current Register
3307          //                ucBit     --> Polling Bit
3308          //                bSuccess  --> 1 or 0 when finished for Polling Bit
3309          // Output Value : Return _TRUE while polling success, _FALSE for timeout
3310          //----------------------------------------------------------------------
3311          bit ScalerTimerPollingFlagProc(WORD usTimeout, WORD usRegister, BYTE ucBit, bit bSuccess)
3312          {
3313   1          WORD usTimeElapsed = 0;
3314   1          WORD usPreviousTime = 0;
3315   1      
3316   1          usPreviousTime = g_usTimerCounter;
3317   1      
3318   1          do
3319   1          {
3320   2              if(((bit)ScalerGetBit(usRegister, ucBit) ^ bSuccess) == _FALSE)
3321   2              {
3322   3                  return _TRUE;
3323   3              }
3324   2      
3325   2              if(usPreviousTime != g_usTimerCounter)
3326   2              {
3327   3                  usTimeElapsed++;
3328   3                  usPreviousTime = g_usTimerCounter;
3329   3              }
3330   2          }
3331   1          while(usTimeElapsed <= usTimeout);
3332   1      
3333   1          return _FALSE;
3334   1      }
3335          
3336          #if(((_DP_TYPE_C_PORT_CTRL_SUPPORT == _ON) && (_PORT_CONTROLLER_EMBEDDED_SUPPORT == _ON) && (_TYPE_C_PMIC_
             -TYPE != _PMIC_NONE)) || (_HDCP_2_2_SUPPORT == _ON))
3337          //----------------------------------------------------------------------
3338          // Description  : Polling Scaler Flag Process in INT
3339          // Input Value  : ucTimeout --> Timeout number (Max: 255 ms)
3340          //                usRegister--> Current Register
3341          //                ucBit     --> Polling Bit
3342          //                bSuccess  --> 1 or 0 when finished for Polling Bit
3343          // Output Value : Return _TRUE while polling success, _FALSE for timeout
3344          //----------------------------------------------------------------------
3345          BYTE ScalerTimerPollingFlagProc_EXINT0(BYTE ucTimeout, WORD usRegister, BYTE ucBit, bit bSuccess) using 1
3346          {
3347   1          WORD usTimeElapsed = 0;
3348   1      
3349   1          // if EXINT0 Proirity > Timer2
3350   1          if(PX0 == 1)
3351   1          {
3352   2              TF2 = 0;
3353   2      
3354   2              do
3355   2              {
3356   3                  usTimeElapsed = ScalerTimerTimer2Count_EXINT0(usTimeElapsed);
3357   3      
3358   3                  if(((bit)ScalerGetBit_EXINT(usRegister, ucBit) ^ bSuccess) == _FALSE)
3359   3                  {
3360   4                      return _TRUE;
C51 COMPILER V9.60.0.0   SCALERCOMMONTIMERFUNCTION                                         09/18/2026 20:38:50 PAGE 57  

3361   4                  }
3362   3              }
3363   2              while(usTimeElapsed <= ucTimeout);
3364   2          }
3365   1          else
3366   1          {
3367   2              WORD usPreviousTime = g_usTimerCounter;
3368   2      
3369   2              do
3370   2              {
3371   3                  if(((bit)ScalerGetBit_EXINT(usRegister, ucBit) ^ bSuccess) == _FALSE)
3372   3                  {
3373   4                      return _TRUE;
3374   4                  }
3375   3      
3376   3                  if(usPreviousTime != g_usTimerCounter)
3377   3                  {
3378   4                      usTimeElapsed++;
3379   4                      usPreviousTime = g_usTimerCounter;
3380   4                  }
3381   3              }
3382   2              while(usTimeElapsed <= ucTimeout);
3383   2          }
3384   1      
3385   1          return _FALSE;
3386   1      }
3387          
3388          //----------------------------------------------------------------------
3389          // Description  : FW Detect 1ms flag for timer2 counter
3390          // Input Value  :
3391          // Output Value :
3392          //----------------------------------------------------------------------
3393          WORD ScalerTimerTimer2Count_EXINT0(WORD usTimer) using 1
3394          {
3395   1          if(TF2 == 1)
3396   1          {
3397   2              // Clear Timer2 flag
3398   2              TF2 = 0;
3399   2      
3400   2      #if(_WD_TIMER_INT_SUPPORT == _OFF)
                      // Clear watchdog
                      CLR_MCU_WATCH_DOG();
              #else
3404   2              // Latch Current Counter and not clear any WD timer counter
3405   2              MCU_FFEB_WDT_TEST = (MCU_FFEB_WDT_TEST & (~_BIT7)) | _BIT3;
3406   2      
3407   2              g_bWDTimer2Update = _TRUE;
3408   2      
3409   2              // Add to Prevent INT Lock Reset
3410   2              if((MCU_FFAD_WATCHDOG_CNT1_VALUE & 0x07) > 0x04)
3411   2              {
3412   3                  // Clear watchdog
3413   3                  CLR_MCU_WATCH_DOG();
3414   3              }
3415   2      #endif
3416   2              g_bNotifyTimer2Int = _TRUE;
3417   2      
3418   2              usTimer += 1;
3419   2          }
3420   1      
3421   1          return usTimer;
3422   1      }
C51 COMPILER V9.60.0.0   SCALERCOMMONTIMERFUNCTION                                         09/18/2026 20:38:50 PAGE 58  

3423          #endif
3424          
3425          #if(((_DP_TYPE_C_PORT_CTRL_SUPPORT == _ON) && (_PORT_CONTROLLER_EMBEDDED_SUPPORT == _ON)) || (_HDCP_2_2_SU
             -PPORT == _ON))
3426          //----------------------------------------------------------------------
3427          // Description  : Polling Scaler Flag Process in WDINT0
3428          // Input Value  : ucTimeout --> Timeout number (Max: 255 ms)
3429          //                usRegister--> Current Register
3430          //                ucBit     --> Polling Bit
3431          //                bSuccess  --> 1 or 0 when finished for Polling Bit
3432          // Output Value : Return _TRUE while polling success, _FALSE for timeout
3433          //----------------------------------------------------------------------
3434          BYTE ScalerTimerPollingFlagProc_WDINT(BYTE ucTimeout, WORD usRegister, BYTE ucBit, bit bSuccess) using 3
3435          {
3436   1          WORD usTimeElapsed = 0;
3437   1      
3438   1          // if WDINT Proirity > Timer2
3439   1          if(PX2 == 1)
3440   1          {
3441   2              TF2 = 0;
3442   2      
3443   2              do
3444   2              {
3445   3                  usTimeElapsed = ScalerTimerTimer2Count_WDINT(usTimeElapsed);
3446   3      
3447   3                  if(((bit)ScalerGetBit_EXINT(usRegister, ucBit) ^ bSuccess) == _FALSE)
3448   3                  {
3449   4                      return _TRUE;
3450   4                  }
3451   3              }
3452   2              while(usTimeElapsed <= ucTimeout);
3453   2          }
3454   1          else
3455   1          {
3456   2              WORD usPreviousTime = g_usTimerCounter;
3457   2      
3458   2              do
3459   2              {
3460   3                  if(((bit)ScalerGetBit_EXINT(usRegister, ucBit) ^ bSuccess) == _FALSE)
3461   3                  {
3462   4                      return _TRUE;
3463   4                  }
3464   3      
3465   3                  if(usPreviousTime != g_usTimerCounter)
3466   3                  {
3467   4                      usTimeElapsed++;
3468   4                      usPreviousTime = g_usTimerCounter;
3469   4                  }
3470   3              }
3471   2              while(usTimeElapsed <= ucTimeout);
3472   2          }
3473   1      
3474   1          return _FALSE;
3475   1      }
3476          
3477          //----------------------------------------------------------------------
3478          // Description  : FW Detect 1ms flag for timer2 counter
3479          // Input Value  :
3480          // Output Value :
3481          //----------------------------------------------------------------------
3482          WORD ScalerTimerTimer2Count_WDINT(WORD usTimer) using 3
3483          {
C51 COMPILER V9.60.0.0   SCALERCOMMONTIMERFUNCTION                                         09/18/2026 20:38:50 PAGE 59  

3484   1          if(TF2 == 1)
3485   1          {
3486   2              // Clear Timer2 flag
3487   2              TF2 = 0;
3488   2      
3489   2      #if(_WD_TIMER_INT_SUPPORT == _OFF)
                      // Clear watchdog
                      CLR_MCU_WATCH_DOG();
              #else
3493   2              // Latch Current Counter and not clear any WD timer counter
3494   2              MCU_FFEB_WDT_TEST = (MCU_FFEB_WDT_TEST & (~_BIT7)) | _BIT3;
3495   2      
3496   2              g_bWDTimer2Update = _TRUE;
3497   2      
3498   2              // Add to Prevent INT Lock Reset
3499   2              if((MCU_FFAD_WATCHDOG_CNT1_VALUE & 0x07) > 0x04)
3500   2              {
3501   3                  // Clear watchdog
3502   3                  CLR_MCU_WATCH_DOG();
3503   3              }
3504   2      #endif
3505   2              g_bNotifyTimer2Int = _TRUE;
3506   2      
3507   2              usTimer += 1;
3508   2          }
3509   1      
3510   1          return usTimer;
3511   1      }
3512          #endif
3513          
3514          //--------------------------------------------------
3515          // Description  : Check if Event is Valid
3516          // Input Value  : ucEventID --> Event which has been activated
3517          // Output Value : None
3518          //--------------------------------------------------
3519          void ScalerTimerWaitForActiveTimerEvent(EnumScalerTimerEventID enumEventID)
3520          {
3521   1          ScalerTimerDelayXms(ScalerTimerGetEventRemainTime(enumEventID));
3522   1          ScalerTimerCancelTimerEvent(enumEventID);
3523   1      }
3524          


MODULE INFORMATION:   STATIC OVERLAYABLE
   CODE SIZE        =   4887    ----
   CONSTANT SIZE    =   ----    ----
   XDATA SIZE       =    111      83
   PDATA SIZE       =   ----    ----
   DATA SIZE        =      2    ----
   IDATA SIZE       =   ----    ----
   BIT SIZE         =      2       5
END OF MODULE INFORMATION.


C51 COMPILATION COMPLETE.  0 WARNING(S),  0 ERROR(S)
