C51 COMPILER V9.60.0.0   SCALERCOMMONMCU                                                   09/21/2026 15:32:37 PAGE 1   


C51 COMPILER V9.60.0.0, COMPILATION OF MODULE SCALERCOMMONMCU
OBJECT MODULE PLACED IN .\Output\RL6432_Project\ScalerCommonMcu.obj
COMPILER INVOKED BY: C:\Keil_v5\C51\BIN\C51.EXE Kernel\Scaler\ScalerCommonFunction\Code\ScalerCommonMcu.c LARGE OPTIMIZE
                    -(9,SPEED) INCDIR(.\Output\RL6432;.\Project\Header;.\Pcb;.\Panel;.\Kernel\Device\Header;.\Kernel\Common;.\Kernel\System\H
                    -eader;.\Kernel\Scaler\ScalerFunction\Header;.\Kernel\Scaler\ScalerCommonFunction\Header;.\Kernel\Scaler\ScalerFunction\L
                    -ib\Header;.\Kernel\Scaler\ScalerCommonFunction\Lib\Header;.\Kernel\Scaler\RL6432_Series_Scaler\Header;.\Kernel\Scaler\RL
                    -6432_Series_Common\Header;.\Kernel\Scaler\RL6432_Series_Scaler\Lib\Header;.\Kernel\Scaler\RL6432_Series_Common\Lib\Heade
                    -r;.\Kernel\User Common Function\Header;.\User\RTD Series\RTD2014Function\Header;.\User\RTD Series\RTD2014Osd\Header;.\Us
                    -er\RTD Factory\Header;.\User\None Series\NoneFunction\Header;.\User\None Series\NoneOsd\Header;.\User\None Factory\Heade
                    -r) DEFINE(_PROJECT=_RL6432_PROJECT,_SCALER_TYPE=_RL6432_SERIES) DEBUG OBJECTEXTEND PRINT(.\Output\RL6432_Project\ScalerC
                    -ommonMcu.lst) TABS(2) OBJECT(.\Output\RL6432_Project\ScalerCommonMcu.obj)

line level    source

   1          /********************************************************************************/
   2          /*   Copyright (c) 2021 Realtek Semiconductor Corp. All rights reserved.        */
   3          /*                                                                              */
   4          /*   SPDX-License-Identifier: LicenseRef-Realtek-Proprietary                    */
   5          /*                                                                              */
   6          /*   This software component is confidential and proprietary to Realtek         */
   7          /*   Semiconductor Corp. Disclosure, reproduction, redistribution, in whole     */
   8          /*   or in part, of this work and its derivatives without express permission    */
   9          /*   is prohibited.                                                             */
  10          /********************************************************************************/
  11          
  12          //----------------------------------------------------------------------------------------------------
  13          // ID Code      : ScalerCommonMcu.c No.0000
  14          // Update Note  :
  15          //----------------------------------------------------------------------------------------------------
  16          
  17          #define __SCALER_COMMON_MCU__
  18          
  19          #include "ScalerCommonFunctionInclude.h"
  20          
  21          
  22          //****************************************************************************
  23          // DEFINITIONS / MACROS
  24          //****************************************************************************
  25          //--------------------------------------------------
  26          // Definitions DDCCI Protocol Items
  27          //--------------------------------------------------
  28          #define _DDCCI_LENGTH                       1
  29          #if  _Def_AutoAlign_Type==1
  30          #define _DDCCI_OPCODE_VCP_AUTOALIGN         0x7B
  31          #endif
  32          
  33          //--------------------------------------------------
  34          // Definitions of Hardware IIC
  35          //--------------------------------------------------
  36          #define _HW_IIC_BUFFER_SIZE                 24
  37          #define _HW_IIC_DELAY_TIME                  5
  38          
  39          //--------------------------------------------------
  40          // Definitions of Software IIC
  41          //--------------------------------------------------
  42          #define _IIC_POLLING_TIME                   240
  43          
  44          #if((_INSTANT_TIMER_EVENT_1 == _ON) && (_UART_SUPPORT == _ON))
              #error "Instant Timer1 cannot be used when UART is supported"
              #endif
  47          
C51 COMPILER V9.60.0.0   SCALERCOMMONMCU                                                   09/21/2026 15:32:37 PAGE 2   

  48          //--------------------------------------------------
  49          // Definitions DDCCI Protocol Items
  50          //--------------------------------------------------
  51          #define _DDCCI_BUFFER_SIZE                  32
  52          
  53          // If User Don't Want to Save Tx Buf Size, Reduce the Available DDCCI Buf Size
  54          #if(_DDCCI_TXBUF_LENGTH < _DDCCI_BUFFER_SIZE)
  55          #undef _DDCCI_BUFFER_SIZE
  56          #define _DDCCI_BUFFER_SIZE                  _DDCCI_TXBUF_LENGTH
  57          #endif
  58          
  59          //****************************************************************************
  60          // STRUCT / TYPE / ENUM DEFINITTIONS
  61          //****************************************************************************
  62          
  63          
  64          //****************************************************************************
  65          // CODE TABLES
  66          //****************************************************************************
  67          #if(_HW_IIC_SUPPORT == _ON)
  68          StructHwI2cSettingData code tHwI2cSetting[] =
  69          {
  70              // KERNAL _HW_IIC_LOW_SPEED_100K PARAMETWRS
  71              {0x26, 0x22, 0x2F, 0x2F, 0x36, 0x47, 0x03, 0x01, 0x02,},
  72              // KERNAL _HW_IIC_HIGH_SPEED_400K PARAMETWRS
  73              {0x0C, 0x04, 0x0E, 0x06, 0x09, 0x23, 0x03, 0x01, 0x02,},
  74          
  75          #if(_HW_IIC_PAR_BY_USER_SUPPORT == _ON)
              // Incldue User Paramters Setting
              #include _USER_HW_IIC_PAR_INCLUDE
              #endif
  79          };
  80          #endif
  81          
  82          //****************************************************************************
  83          // VARIABLE DECLARATIONS
  84          //****************************************************************************
  85          
  86          //sfr CKCON = 0x8E;
  87          
  88          BYTE idata g_ucDdcciCountEXINT;
  89          
  90          BYTE data g_ucDelay5usN_Base = 1;
  91          BYTE data g_ucDelayXusN_Base = 1;
  92          BYTE data g_ucDelay5usI = 1;
  93          BYTE data g_ucDelay5usI_EXINT = 1;
  94          BYTE data g_ucDelayXus_Counter = 1;
  95          BYTE data g_ucDelayXus_Counter_EXINT = 1;
  96          
  97          bit g_bRunDdcciCommand = _FAIL;
  98          bit g_bSrcReadDdcciAlready = _FAIL;
  99          #if(_DDCCI_AUTO_SWITCH_SUPPORT == _ON)
 100          bit g_bReceiveDdcciCmdNotFinish = _FAIL;
 101          #endif
 102          EnumDdcciCmdSrc g_enumDdcciCommandSrc = _DDCCI_CMD_SRC_I2C;
 103          
 104          BYTE g_pucDdcciRxBuf[_DDCCI_RXBUF_LENGTH];
 105          BYTE g_pucDdcciTxBuf[_DDCCI_TXBUF_LENGTH];
 106          
 107          BYTE g_pucDdcciRxBackBuf[16];
 108          
 109          BYTE g_ucDdcciCmdLengthBack;
C51 COMPILER V9.60.0.0   SCALERCOMMONMCU                                                   09/21/2026 15:32:37 PAGE 3   

 110          
 111          BYTE g_ucMcuDdcciRetry;
 112          
 113          #if(_SW_IIC_SUPPORT == _ON)
              BYTE idata g_ucSwIICStatus;
              #endif
 116          
 117          #if(_DUAL_BANK_SUPPORT == _ON)
              BYTE data g_ucMcuBankOffset                               _at_     0x30;
              #endif
 120          
 121          #if(_HW_IIC_SUPPORT == _ON)
 122          BYTE g_ucHwI2cSettingIndex = _HW_IIC_SPEED;
 123          #endif
 124          
 125          //****************************************************************************
 126          // FUNCTION DECLARATIONS
 127          //****************************************************************************
 128          void ScalerMcuCacheControl(bit bControl);
 129          void ScalerMcuDdcciSendData(BYTE *pucWriteArray);
 130          
 131          #if(_DDCCI_CODE_REDUCTION == _OFF)
 132          BYTE ScalerMcuDdcciGetBufferSize(void);
 133          
 134          #if(_DEBUG_MESSAGE_SUPPORT == _OFF)
              #if((_HDMI_FREESYNC_SUPPORT == _ON) && (_HDMI_FREESYNC_CAPABILITY_SWITCH_METHOD == _MCCS_SWITCH_MODE))
              BYTE ScalerMcuDdcciGetInputPort_EXINT1(void);
              #endif
              #endif
 139          #endif
 140          
 141          #if(_DEBUG_MESSAGE_SUPPORT == _OFF)
              BYTE ScalerMcuDdcciIntGetData_EXINT1(BYTE *pucReadArray);
              #endif
 144          
 145          #if(_FLASH_CLK_SPEED == _FLASH_LOW_SPEED)
              void ScalerMcuFlashClockDiv(EnumFlashClkDiv enumClkDiv);
              void ScalerMcuSwitchFlashMcuFastSpeed(bit bEnable);
              #endif
 149          
 150          #if(_SYSTEM_LOW_POWER_IDLE_SUPPORT == _ON)
              void ScalerMcuIntoIdle(void);
              #endif
 153          
 154          #if(_LOW_SPEED_ADC_SUPPORT == _ON)
 155          void ScalerMcuSarAdcClkSel(EnumClkSel enumClock);
 156          #endif
 157          
 158          #if(_PWM_FUNCTION_SUPPORT == _ON)
 159          void ScalerMcuPwmClockSel(EnumClkSel enumClock);
 160          void ScalerMcuPwmAdjustResetByDvs(BYTE ucPwmType, bit bStatus);
 161          bit ScalerMcuPwmAdjustFrequency(BYTE ucPwmType, WORD usFrequency);
 162          #endif
 163          
 164          void ScalerMcu5usDelayCalc(EnumClkSel enumClock);
 165          
 166          #if(_SW_IIC_SUPPORT == _ON)
              BYTE ScalerMcuIICStart(BYTE ucSlaveAddr);
              void ScalerMcuIICStop(void);
              BYTE ScalerMcuIICGetAck(void);
              void ScalerMcuIICSendAck(void);
              void ScalerMcuIICSendNoAck(void);
C51 COMPILER V9.60.0.0   SCALERCOMMONMCU                                                   09/21/2026 15:32:37 PAGE 4   

              BYTE ScalerMcuIICGetByte(void);
              BYTE ScalerMcuIICSendByte(BYTE ucValue);
              bit ScalerMcuIICWriteStart(BYTE ucSlaveAddr, BYTE ucSubAddrLength, DWORD ulSubAddr);
              #if(_EEPROM_ACCESS_FUNCTION_SUPPORT == _ON || _HDMI_24C02_SUPPORT||_Anjian_EFFECT)
              bit ScalerMcuIICWritePolling(BYTE ucSlaveAddr);
              #endif
              bit ScalerMcuIICRead(BYTE ucSlaveAddr, BYTE ucSubAddrLength, DWORD ulSubAddr, WORD usLength, BYTE *pucRead
             -Array);
              bit ScalerMcuIICWrite(BYTE ucSlaveAddr, BYTE ucSubAddrLength, DWORD ulSubAddr, WORD usLength, BYTE *pucWri
             -teArray);
              #endif
 181          
 182          #if(_HW_IIC_SUPPORT == _ON)
 183          void ScalerMcuHwIICConfigSetting(EnumHWIICParType enumParType);
 184          void ScalerMcuHwIICInitial(void);
 185          void ScalerMcuHwIICSetFreqDiv(EnumClkSel enumClock);
 186          #if(_EEPROM_ACCESS_FUNCTION_SUPPORT == _ON || _HDMI_24C02_SUPPORT||_Anjian_EFFECT)
 187          bit ScalerMcuHwIICWritePolling(BYTE ucSlaveAddr, BYTE ucSubAddrLength, BYTE ucHwIICPinNum);
 188          #endif
 189          bit ScalerMcuHwIICRead(BYTE ucSlaveAddr, BYTE ucSubAddrLength, WORD usSubAddr, BYTE ucDataLength, BYTE *pu
             -cReadArray, BYTE ucHwIICPinNum);
 190          bit ScalerMcuHwIICWrite(BYTE ucSlaveAddr, BYTE ucSubAddrLength, WORD usSubAddr, BYTE ucDataLength, BYTE *p
             -ucWriteArray, BYTE ucHwIICPinNum);
 191          #endif
 192          
 193          #if(_UART_SUPPORT == _ON)
              bit ScalerMcuUartWrite(BYTE ucValue);
              #endif
 196          
 197          void ScalerMcuIspInitial(void);
 198          
 199          //****************************************************************************
 200          // FUNCTION DEFINITIONS
 201          //****************************************************************************
 202          //--------------------------------------------------
 203          // Description  : Cache Control
 204          // Input Value  : bControl
 205          // Output Value : None
 206          //--------------------------------------------------
 207          void ScalerMcuCacheControl(bit bControl)
 208          {
 209   1          if(bControl == _ENABLE)
 210   1          {
 211   2              // Enable Cache
 212   2              MCU_FDA0_CACHE_FUNCTION |= _BIT0;
 213   2          }
 214   1          else
 215   1          {
 216   2              // Disable Cache
 217   2              MCU_FDA0_CACHE_FUNCTION &= ~_BIT0;
 218   2          }
 219   1      }
 220          
 221          //--------------------------------------------------
 222          // Description  : Send DDC Data
 223          // Input Value  : pWriteArray --> Data to be sent
 224          //                usTimeOutCnt --> Timeout
 225          // Output Value : None
 226          //--------------------------------------------------
 227          void ScalerMcuDdcciSendData(BYTE *pucWriteArray)
 228          {
 229   1          WORD usTimeOutCnt = _DDCCI_TIMEOUT_LIMIT;
C51 COMPILER V9.60.0.0   SCALERCOMMONMCU                                                   09/21/2026 15:32:37 PAGE 5   

 230   1          BYTE ucDdcciCount = 0;
 231   1      
 232   1          if((MCU_FF27_IIC_STATUS & _BIT0) == _BIT0)
 233   1          {
 234   2              g_bSrcReadDdcciAlready = _TRUE;
 235   2      
 236   2              // Clear Flag
 237   2              MCU_FF27_IIC_STATUS &= ~_BIT0;
 238   2          }
 239   1      
 240   1          // Enable mcu write
 241   1          MCU_FF2A_IIC_IRQ_CONTROL2 |= (_BIT6 | _BIT5);
 242   1      
 243   1      #if(_SMBUS_BLOCK_READ_WRITE_COMMAND_SUPPORT == _ON)
                  if(GET_SMBUS_BLOCK_RW_STATUS() == _TRUE)
                  {
                      MCU_FF26_IIC_DATA_OUT = g_stSmbusBlockRWCmd.ucDataLen;
                  }
              #endif
 249   1      
 250   1          while(ucDdcciCount < ((pucWriteArray[_DDCCI_LENGTH] & 0x7F) + 3))
 251   1          {
 252   2              // Load data to DDC-CI buffer until buffer full
 253   2              if((MCU_FF29_IIC_STATUS2 & _BIT2) == 0)
 254   2              {
 255   3                  MCU_FF26_IIC_DATA_OUT = pucWriteArray[ucDdcciCount++];
 256   3      
 257   3                  usTimeOutCnt = _DDCCI_TIMEOUT_LIMIT;
 258   3              }
 259   2              else
 260   2              {
 261   3                  ScalerTimerDelayXms(2);
 262   3      
 263   3                  usTimeOutCnt--;
 264   3              }
 265   2      
 266   2              if(usTimeOutCnt == 0)
 267   2              {
 268   3                  break;
 269   3              }
 270   2          }
 271   1      
 272   1          // Disable mcu write
 273   1          MCU_FF2A_IIC_IRQ_CONTROL2 &= ~_BIT5;
 274   1      }
 275          
 276          #if(_DDCCI_CODE_REDUCTION == _OFF)
 277          //--------------------------------------------------
 278          // Description  : Get DDC Buffer Size
 279          // Input Value  : None
 280          // Output Value : DDCCI Buffer Size
 281          //--------------------------------------------------
 282          BYTE ScalerMcuDdcciGetBufferSize(void)
 283          {
 284   1          return _DDCCI_BUFFER_SIZE;
 285   1      }
 286          
 287          #if(_DEBUG_MESSAGE_SUPPORT == _OFF)
              #if((_HDMI_FREESYNC_SUPPORT == _ON) && (_HDMI_FREESYNC_CAPABILITY_SWITCH_METHOD == _MCCS_SWITCH_MODE))
              //--------------------------------------------------
              // Description  : Get InputPort by checking Active DDC Channel for Ddccci
              // Input Value  : None
C51 COMPILER V9.60.0.0   SCALERCOMMONMCU                                                   09/21/2026 15:32:37 PAGE 6   

              // Output Value : InputPort
              //--------------------------------------------------
              BYTE ScalerMcuDdcciGetInputPort_EXINT1(void) using 2
              {
                  BYTE ucInput = _NO_INPUT_PORT;
              
                  switch(GET_DDC_CHANNEL())
                  {
                      case _DDCCI_ADC_DDC2:
                      case _DDCCI_ADC_DDC:
                          ucInput = _A0_INPUT_PORT;
                          break;
              
                      case _DDCCI_DDC0:
              #if((_D0_INPUT_PORT_TYPE != _D0_NO_PORT) && (_D0_DDC_CHANNEL_SEL == _DDC0))
                          ucInput = _D0_INPUT_PORT;
              #elif((_D1_INPUT_PORT_TYPE != _D1_NO_PORT) && (_D1_DDC_CHANNEL_SEL == _DDC0))
                          ucInput = _D1_INPUT_PORT;
              #elif(((_D2_INPUT_PORT_TYPE != _D2_NO_PORT) && (_D2_DDC_CHANNEL_SEL == _DDC0)) ||\
                    ((_D2_INPUT_PORT_TYPE == _D2_DUAL_DVI_PORT) && (_D3_DDC_CHANNEL_SEL == _DDC0)))
                          ucInput = _D2_INPUT_PORT;
              #elif(((_D3_INPUT_PORT_TYPE != _D3_NO_PORT) && (_D3_DDC_CHANNEL_SEL == _DDC0)) ||\
                    ((_D3_INPUT_PORT_TYPE == _D3_DUAL_DVI_PORT) && (_D4_DDC_CHANNEL_SEL == _DDC0)))
                          ucInput = _D3_INPUT_PORT;
              #elif(((_D4_INPUT_PORT_TYPE != _D4_NO_PORT) && (_D4_DDC_CHANNEL_SEL == _DDC0)) ||\
                    ((_D4_INPUT_PORT_TYPE == _D4_DUAL_DVI_PORT) && (_D5_DDC_CHANNEL_SEL == _DDC0)))
                          ucInput = _D4_INPUT_PORT;
              #elif((_D5_INPUT_PORT_TYPE != _D5_NO_PORT) && (_D5_DDC_CHANNEL_SEL == _DDC0))
                          ucInput = _D5_INPUT_PORT;
              #endif
                          break;
              
                      case _DDCCI_DDC1:
              #if((_D0_INPUT_PORT_TYPE != _D0_NO_PORT) && (_D0_DDC_CHANNEL_SEL == _DDC1))
                          ucInput = _D0_INPUT_PORT;
              #elif((_D1_INPUT_PORT_TYPE != _D1_NO_PORT) && (_D1_DDC_CHANNEL_SEL == _DDC1))
                          ucInput = _D1_INPUT_PORT;
              #elif(((_D2_INPUT_PORT_TYPE != _D2_NO_PORT) && (_D2_DDC_CHANNEL_SEL == _DDC1)) ||\
                    ((_D2_INPUT_PORT_TYPE == _D2_DUAL_DVI_PORT) && (_D3_DDC_CHANNEL_SEL == _DDC1)))
                          ucInput = _D2_INPUT_PORT;
              #elif(((_D3_INPUT_PORT_TYPE != _D3_NO_PORT) && (_D3_DDC_CHANNEL_SEL == _DDC1)) ||\
                    ((_D3_INPUT_PORT_TYPE == _D3_DUAL_DVI_PORT) && (_D4_DDC_CHANNEL_SEL == _DDC1)))
                          ucInput = _D3_INPUT_PORT;
              #elif(((_D4_INPUT_PORT_TYPE != _D4_NO_PORT) && (_D4_DDC_CHANNEL_SEL == _DDC1)) ||\
                    ((_D4_INPUT_PORT_TYPE == _D4_DUAL_DVI_PORT) && (_D5_DDC_CHANNEL_SEL == _DDC1)))
                          ucInput = _D4_INPUT_PORT;
              #elif((_D5_INPUT_PORT_TYPE != _D5_NO_PORT) && (_D5_DDC_CHANNEL_SEL == _DDC1))
                          ucInput = _D5_INPUT_PORT;
              #endif
                          break;
              
                      case _DDCCI_DDC2:
              #if((_D0_INPUT_PORT_TYPE != _D0_NO_PORT) && (_D0_DDC_CHANNEL_SEL == _DDC2))
                          ucInput = _D0_INPUT_PORT;
              #elif((_D1_INPUT_PORT_TYPE != _D1_NO_PORT) && (_D1_DDC_CHANNEL_SEL == _DDC2))
                          ucInput = _D1_INPUT_PORT;
              #elif(((_D2_INPUT_PORT_TYPE != _D2_NO_PORT) && (_D2_DDC_CHANNEL_SEL == _DDC2)) ||\
                    ((_D2_INPUT_PORT_TYPE == _D2_DUAL_DVI_PORT) && (_D3_DDC_CHANNEL_SEL == _DDC2)))
                          ucInput = _D2_INPUT_PORT;
              #elif(((_D3_INPUT_PORT_TYPE != _D3_NO_PORT) && (_D3_DDC_CHANNEL_SEL == _DDC2)) ||\
                    ((_D3_INPUT_PORT_TYPE == _D3_DUAL_DVI_PORT) && (_D4_DDC_CHANNEL_SEL == _DDC2)))
                          ucInput = _D3_INPUT_PORT;
C51 COMPILER V9.60.0.0   SCALERCOMMONMCU                                                   09/21/2026 15:32:37 PAGE 7   

              #elif(((_D4_INPUT_PORT_TYPE != _D4_NO_PORT) && (_D4_DDC_CHANNEL_SEL == _DDC2)) ||\
                    ((_D4_INPUT_PORT_TYPE == _D4_DUAL_DVI_PORT) && (_D5_DDC_CHANNEL_SEL == _DDC2)))
                          ucInput = _D4_INPUT_PORT;
              #elif((_D5_INPUT_PORT_TYPE != _D5_NO_PORT) && (_D5_DDC_CHANNEL_SEL == _DDC2))
                          ucInput = _D5_INPUT_PORT;
              #endif
                          break;
              
                      case _DDCCI_DDC3:
              #if((_D0_INPUT_PORT_TYPE != _D0_NO_PORT) && (_D0_DDC_CHANNEL_SEL == _DDC3))
                          ucInput = _D0_INPUT_PORT;
              #elif((_D1_INPUT_PORT_TYPE != _D1_NO_PORT) && (_D1_DDC_CHANNEL_SEL == _DDC3))
                          ucInput = _D1_INPUT_PORT;
              #elif(((_D2_INPUT_PORT_TYPE != _D2_NO_PORT) && (_D2_DDC_CHANNEL_SEL == _DDC3)) ||\
                    ((_D2_INPUT_PORT_TYPE == _D2_DUAL_DVI_PORT) && (_D3_DDC_CHANNEL_SEL == _DDC3)))
                          ucInput = _D2_INPUT_PORT;
              #elif(((_D3_INPUT_PORT_TYPE != _D3_NO_PORT) && (_D3_DDC_CHANNEL_SEL == _DDC3)) ||\
                    ((_D3_INPUT_PORT_TYPE == _D3_DUAL_DVI_PORT) && (_D4_DDC_CHANNEL_SEL == _DDC3)))
                          ucInput = _D3_INPUT_PORT;
              #elif(((_D4_INPUT_PORT_TYPE != _D4_NO_PORT) && (_D4_DDC_CHANNEL_SEL == _DDC3)) ||\
                    ((_D4_INPUT_PORT_TYPE == _D4_DUAL_DVI_PORT) && (_D5_DDC_CHANNEL_SEL == _DDC3)))
                          ucInput = _D4_INPUT_PORT;
              #elif((_D5_INPUT_PORT_TYPE != _D5_NO_PORT) && (_D5_DDC_CHANNEL_SEL == _DDC3))
                          ucInput = _D5_INPUT_PORT;
              #endif
                          break;
              
                      case _DDCCI_DDC4:
              #if((_D0_INPUT_PORT_TYPE != _D0_NO_PORT) && (_D0_DDC_CHANNEL_SEL == _DDC4))
                          ucInput = _D0_INPUT_PORT;
              #elif((_D1_INPUT_PORT_TYPE != _D1_NO_PORT) && (_D1_DDC_CHANNEL_SEL == _DDC4))
                          ucInput = _D1_INPUT_PORT;
              #elif(((_D2_INPUT_PORT_TYPE != _D2_NO_PORT) && (_D2_DDC_CHANNEL_SEL == _DDC4)) ||\
                    ((_D2_INPUT_PORT_TYPE == _D2_DUAL_DVI_PORT) && (_D3_DDC_CHANNEL_SEL == _DDC4)))
                          ucInput = _D2_INPUT_PORT;
              #elif(((_D3_INPUT_PORT_TYPE != _D3_NO_PORT) && (_D3_DDC_CHANNEL_SEL == _DDC4)) ||\
                    ((_D3_INPUT_PORT_TYPE == _D3_DUAL_DVI_PORT) && (_D4_DDC_CHANNEL_SEL == _DDC4)))
                          ucInput = _D3_INPUT_PORT;
              #elif(((_D4_INPUT_PORT_TYPE != _D4_NO_PORT) && (_D4_DDC_CHANNEL_SEL == _DDC4)) ||\
                    ((_D4_INPUT_PORT_TYPE == _D4_DUAL_DVI_PORT) && (_D5_DDC_CHANNEL_SEL == _DDC4)))
                          ucInput = _D4_INPUT_PORT;
              #elif((_D5_INPUT_PORT_TYPE != _D5_NO_PORT) && (_D5_DDC_CHANNEL_SEL == _DDC4))
                          ucInput = _D5_INPUT_PORT;
              #endif
                          break;
              
                      case _DDCCI_DDC5:
              #if((_D0_INPUT_PORT_TYPE != _D0_NO_PORT) && (_D0_DDC_CHANNEL_SEL == _DDC5))
                          ucInput = _D0_INPUT_PORT;
              #elif((_D1_INPUT_PORT_TYPE != _D1_NO_PORT) && (_D1_DDC_CHANNEL_SEL == _DDC5))
                          ucInput = _D1_INPUT_PORT;
              #elif(((_D2_INPUT_PORT_TYPE != _D2_NO_PORT) && (_D2_DDC_CHANNEL_SEL == _DDC5)) ||\
                    ((_D2_INPUT_PORT_TYPE == _D2_DUAL_DVI_PORT) && (_D3_DDC_CHANNEL_SEL == _DDC5)))
                          ucInput = _D2_INPUT_PORT;
              #elif(((_D3_INPUT_PORT_TYPE != _D3_NO_PORT) && (_D3_DDC_CHANNEL_SEL == _DDC5)) ||\
                    ((_D3_INPUT_PORT_TYPE == _D3_DUAL_DVI_PORT) && (_D4_DDC_CHANNEL_SEL == _DDC5)))
                          ucInput = _D3_INPUT_PORT;
              #elif(((_D4_INPUT_PORT_TYPE != _D4_NO_PORT) && (_D4_DDC_CHANNEL_SEL == _DDC5)) ||\
                    ((_D4_INPUT_PORT_TYPE == _D4_DUAL_DVI_PORT) && (_D5_DDC_CHANNEL_SEL == _DDC5)))
                          ucInput = _D4_INPUT_PORT;
              #elif((_D5_INPUT_PORT_TYPE != _D5_NO_PORT) && (_D5_DDC_CHANNEL_SEL == _DDC5))
                          ucInput = _D5_INPUT_PORT;
C51 COMPILER V9.60.0.0   SCALERCOMMONMCU                                                   09/21/2026 15:32:37 PAGE 8   

              #endif
                          break;
              
                      default:
                          ucInput = _NO_INPUT_PORT;
                          break;
                  }
              
                  return ucInput;
              }
              #endif
              #endif
 428          #endif
 429          
 430          #if(_DEBUG_MESSAGE_SUPPORT == _OFF)
              //--------------------------------------------------
              // Description  : Get DDC-CI Data in Interrupt Process
              // Input Value  : pReadArray --> Data received
              // Output Value : _SUCCESS or _FAIL
              //--------------------------------------------------
              BYTE ScalerMcuDdcciIntGetData_EXINT1(BYTE *pucReadArray) using 2
              {
                  BYTE ucDdcciCmdLength = 0;
              
                  // Get DDC-CI Source Address
                  if((MCU_FF27_IIC_STATUS & _BIT1) == _BIT1)
                  {
                      g_ucDdcciCountEXINT = 0;
              
                      // Save Address
                      pucReadArray[g_ucDdcciCountEXINT++] = MCU_FF24_IIC_SUB_IN;
              
                      // Clear Flag
                      MCU_FF27_IIC_STATUS &= ~_BIT1;
                  }
              
                  if((MCU_FF27_IIC_STATUS & _BIT2) == _BIT2)
                  {
                      // Save received data until buffer empty
                      while((MCU_FF29_IIC_STATUS2 & _BIT1) == 0)
                      {
                          if(g_ucDdcciCountEXINT >= _DDCCI_RXBUF_LENGTH)
                          {
                              // Reset data buffer
                              MCU_FF2A_IIC_IRQ_CONTROL2 |= _BIT6;
              
                              g_ucDdcciCountEXINT = 0;
              
                              break;
                          }
              
                          pucReadArray[g_ucDdcciCountEXINT++] = MCU_FF25_IIC_DATA_IN;
              
              #if(_SMBUS_BLOCK_READ_WRITE_COMMAND_SUPPORT == _ON)
                          // smbus
                          // For Fixed SMBUS has byte count issue. Smbus Max Len 32
                          if((g_ucDdcciCountEXINT == 2) && ((pucReadArray[_DDCCI_LENGTH] & (_BIT7 | _BIT6 | _BIT5)) == 0
             -x00))
                          {
                              // Ignore SMBUS byte count.
                              g_ucDdcciCountEXINT--;
                          }
C51 COMPILER V9.60.0.0   SCALERCOMMONMCU                                                   09/21/2026 15:32:37 PAGE 9   

              #endif
              
                          ucDdcciCmdLength = (pucReadArray[_DDCCI_LENGTH] & 0x7F) + 3;
              
                          // All data are received
                          if(ucDdcciCmdLength == g_ucDdcciCountEXINT)
                          {
                              // Reset data buffer and Enable mcu write
                              MCU_FF2A_IIC_IRQ_CONTROL2 |= (_BIT6 | _BIT5);
              
                              g_ucDdcciCountEXINT = 0;
              
                              if((g_bSrcReadDdcciAlready == _TRUE) && (ucDdcciCmdLength <= sizeof(g_pucDdcciRxBackBuf)) 
             -&& (ucDdcciCmdLength == g_ucDdcciCmdLengthBack) && (memcmp(g_pucDdcciRxBackBuf, pucReadArray, ucDdcciCmdLength) == 0))
                              {
                                  BYTE ucPreTxLength = (g_pucDdcciTxBuf[_DDCCI_LENGTH] & 0x7F) + 3;
              
                                  if(ucPreTxLength <= _DDCCI_TXBUF_LENGTH)
                                  {
                                      pData_EXINT[0] = 0;
                                      while(pData_EXINT[0] < ucPreTxLength)
                                      {
                                          // Load data to DDC-CI buffer until buffer full
                                          if((MCU_FF29_IIC_STATUS2 & _BIT2) == 0)
                                          {
                                              MCU_FF26_IIC_DATA_OUT = g_pucDdcciTxBuf[pData_EXINT[0]++];
                                          }
                                      }
                                  }
              
                                  // Retry case flag
                                  g_ucMcuDdcciRetry = _TRUE;
                              }
                              else
                              {
                                  for(pData_EXINT[0] = 32; pData_EXINT[0] > 0; pData_EXINT[0] --)
                                  {
                                      MCU_FF26_IIC_DATA_OUT = 0;
                                  }
              
                                  if(ucDdcciCmdLength <= sizeof(g_pucDdcciRxBackBuf))
                                  {
                                      memcpy(g_pucDdcciRxBackBuf, pucReadArray, ucDdcciCmdLength);
              
                                      g_ucDdcciCmdLengthBack = ucDdcciCmdLength;
                                  }
                                  else
                                  {
                                      g_ucDdcciCmdLengthBack = 0;
                                  }
              
                                  // Reset data buffer
                                  MCU_FF2A_IIC_IRQ_CONTROL2 |= _BIT6;
                              }
              
                              // Clear Flag
                              MCU_FF27_IIC_STATUS &= ~_BIT0;
              
                              // Disable mcu write
                              MCU_FF2A_IIC_IRQ_CONTROL2 &= ~_BIT5;
              
                              g_bSrcReadDdcciAlready = _FALSE;
C51 COMPILER V9.60.0.0   SCALERCOMMONMCU                                                   09/21/2026 15:32:37 PAGE 10  

              
              #if((_OGC_SUPPORT == _ON) || (_OCC_SUPPORT == _ON) || (_OGC_DICOM_SUPPORT == _ON))
                              if((pucReadArray[3] == _DDCCI_OPCODE_VCP_DISP_CALIBRATION) && (pucReadArray[2] == 0x03))
                              {
                                  // Hold Scl for Display Calibration Process
                                  ScalerMcuDdcciHoldScl_EXINT1();
                              }
              #endif
              
              #if  _Def_AutoAlign_Type==1
                      if((pucReadArray[3] == _DDCCI_OPCODE_VCP_AUTOALIGN)&& (pucReadArray[2] == 0x03))
                      {
                        ScalerMcuDdcciHoldScl_EXINT1();
                      }
                      
                      // 因为工具没有检测checksum，所以要加一个检测
                      if((pucReadArray[3] == 0xfe))
                      {
                        BYTE checksum = 0xC1;
                        BYTE i;
                        checksum = checksum^pucReadArray[1];
                        checksum = checksum^pucReadArray[2];
              
                        for(i = 0;i<(ucDdcciCmdLength-1);i++)
                        {
                          checksum = checksum ^ pucReadArray[4+i];
                        }
              
                        if(checksum ==0)
                        // Hold Scl for Display Calibration Process
                          ScalerMcuDdcciHoldScl_EXINT1();
                        else            
                          return _FAIL;
                      }
              #endif
              
              #if(_SMBUS_BLOCK_READ_WRITE_COMMAND_SUPPORT == _ON)
                              if(g_stSmbusBlockRWCmd.b1SmbusEnable == _TRUE)
                              {
                                  ScalerTimerCancelTimerEvent_EXINT1(_SCALER_TIMER_EVENT_SMBUS_BLOCK_READ_WRITE);
                              }
              #endif
              
                              if(g_ucMcuDdcciRetry == _TRUE)
                              {
                                  return _FAIL;
                              }
                              else
                              {
                                  return _SUCCESS;
                              }
                          }
                      }
                  }
              
                  return _FAIL;
              }
              
              #endif // End of #if(_DEBUG_MESSAGE_SUPPORT == _OFF)
 597          
 598          #if(_FLASH_CLK_SPEED == _FLASH_LOW_SPEED)
              //--------------------------------------------------
C51 COMPILER V9.60.0.0   SCALERCOMMONMCU                                                   09/21/2026 15:32:37 PAGE 11  

              // Description  : Set Flash Clock Divider.
              // Input Value  : ClkDiv --> Flash Clock Divider
              // Output Value : None
              //--------------------------------------------------
              void ScalerMcuFlashClockDiv(EnumFlashClkDiv enumClkDiv)
              {
                  enumClkDiv &= 0x0F;
                  enumClkDiv = (enumClkDiv << 2);
                  enumClkDiv |= (MCU_FFED_MCU_CONTROL & 0xC3);
                  MCU_FFED_MCU_CONTROL = enumClkDiv;
              }
              
              //--------------------------------------------------
              // Description  : Set Flash & Mcu Divider when OSD is running.
              // Input Value  : Fast or Low Speed
              // Output Value : None
              //--------------------------------------------------
              void ScalerMcuSwitchFlashMcuFastSpeed(bit bEnable)
              {
                  // Only Take Effect when Flash Clk is From M2PLL
                  if((MCU_FFED_MCU_CONTROL & _BIT1) == _BIT1)
                  {
                      if(bEnable == _ENABLE)
                      {
                          // Don't Switch Again If It's Already Using Fast Div
                          if(((MCU_FFED_MCU_CONTROL & 0x3C) >> 2) != _FLASH_CLK_FAST_DIV)
                          {
                              // Switch Flash and MCU Clock to high speed
                              ScalerMcuFlashClockDiv(_FLASH_CLK_FAST_DIV);
              
                              // Reload Timer Count
                              ScalerTimerSetTimerCount(_TIMER_OPERATION_OSD_MODE);
                          }
                      }
                      else if(bEnable == _DISABLE)
                      {
                          // Don't Switch Again If It's Already Using Normal Div
                          if(((MCU_FFED_MCU_CONTROL & 0x3C) >> 2) != _FLASH_CLK_DIV)
                          {
                              // Switch Flash and MCU Clock to low speed
                              ScalerMcuFlashClockDiv(_FLASH_CLK_DIV);
              
                              // Reload Timer Count
                              ScalerTimerSetTimerCount(_TIMER_OPERATION_POWER_NORMAL_MODE);
                          }
                      }
                  }
              }
              #endif
 649          
 650          #if(_SYSTEM_LOW_POWER_IDLE_SUPPORT == _ON)
              //--------------------------------------------------
              // Description  : Enable MCU Into Idle Mode
              // Input Value  : None.
              // Output Value : None
              //--------------------------------------------------
              void ScalerMcuIntoIdle(void)
              {
                  // Enable MCU into idle mode.
                  PCON |= _BIT0;
              }
              #endif
C51 COMPILER V9.60.0.0   SCALERCOMMONMCU                                                   09/21/2026 15:32:37 PAGE 12  

 662          
 663          #if(_LOW_SPEED_ADC_SUPPORT == _ON)
 664          //--------------------------------------------------
 665          // Description  : SARADC Clock Select.
 666          // Input Value  : enumClock --> _M2PLL_CLK/_IOSC_CLK
 667          // Output Value : None
 668          //--------------------------------------------------
 669          void ScalerMcuSarAdcClkSel(EnumClkSel enumClock)
 670          {
 671   1          if(enumClock == _EXT_XTAL_CLK)
 672   1          {
 673   2              // ADC clk from external Xtal and div by 4 to obtain clk target 3MHz
 674   2              MCU_FF0D_ADC_CLK_DIV = 0x04;
 675   2          }
 676   1          else
 677   1          {
 678   2              // ADC clk from IOSC(27M) and div by 9 to obtain clk target 3MHz
 679   2              MCU_FF0D_ADC_CLK_DIV = 0x09;
 680   2          }
 681   1      }
 682          
 683          #endif  // End of #if(_LOW_SPEED_ADC_SUPPORT == _ON)
 684          
 685          #if(_PWM_FUNCTION_SUPPORT == _ON)
 686          //--------------------------------------------------
 687          // Description  : PWM Clock Switch.
 688          // Input Value  : Clock --> _M2PLL_CLK/_EXT_XTAL_CLK(_IOSC_CLK)
 689          // Output Value : None
 690          //--------------------------------------------------
 691          void ScalerMcuPwmClockSel(EnumClkSel enumClock)
 692          {
 693   1          WORD usCLKDiv = 0;
 694   1          WORD usFrequency = 0;
 695   1      
 696   1          ////////////////////////////////
 697   1          // Adjust PWMx divider: M & N //
 698   1          ////////////////////////////////
 699   1      
 700   1      #if((_PWM0_EN == _ON) || (_PWM0_PSAV_EN == _ON) || (_PWM0_PDOW_EN == _ON))
              
                  // Get PWM0 M and N Value
                  // PWM CLK divider = 2^M * (N + 1)
                  // M = (0x01 <<(MCU_FF3B_PWM03_M & (_BIT1 | _BIT0)))
                  // N = (((WORD)((MCU_FF3D_PWM01_N_MSB & (_BIT3 | _BIT2 | _BIT1 | _BIT0)) << 8) | MCU_FF3E_PWM0_N_LSB) 
             -+ 1)
                  usCLKDiv = (0x01 << (MCU_FF3B_PWM03_M & (_BIT1 | _BIT0))) * (((WORD)((MCU_FF3D_PWM01_N_MSB & (_BIT3 | 
             -_BIT2 | _BIT1 | _BIT0)) << 8) | MCU_FF3E_PWM0_N_LSB) + 1);
              
                  if((MCU_FF3A_PWM_CK_SEL & _BIT0) == _BIT0)
                  {
              #if(_HW_MCU_PWM_HW_REF_HALF_OF_M2PLL == _ON)
                      // Calculate N Divider for M2PLL / 2
                      // HW Using M2Pll / 2 as PWM Reference Clock Source
                      usFrequency = ((DWORD)_M2PLL_CLK_KHZ * 1000) / usCLKDiv / _PWM_DUT_RESOLUTION / _DIV_2;
              #else
                      // Calculate N Divider for M2PLL
                      usFrequency = ((DWORD)_M2PLL_CLK_KHZ * 1000) / usCLKDiv / _PWM_DUT_RESOLUTION;
              #endif
                  }
                  else
                  {
                      usFrequency = (((DWORD)_INTERNAL_OSC_XTAL * 1000) / (0x01 << _IOSC_DIV)) / usCLKDiv / _PWM_DUT_RES
C51 COMPILER V9.60.0.0   SCALERCOMMONMCU                                                   09/21/2026 15:32:37 PAGE 13  

             -OLUTION;
                  }
              
                  if(enumClock == _M2PLL_CLK)
                  {
                      // Switch Clock To M2PLL
                      MCU_FF3A_PWM_CK_SEL |= _BIT0;
                  }
                  else
                  {
                      // Switch Clock To IOSC
                      MCU_FF3A_PWM_CK_SEL &= ~_BIT0;
                  }
              
                  ScalerMcuPwmAdjustFrequency(_PWM0, usFrequency);
              
              #endif // End of #if((_PWM0_EN == _ON) || (_PWM0_PSAV_EN == _ON) || (_PWM0_PDOW_EN == _ON))
 738   1      
 739   1      #if((_PWM1_EN == _ON) || (_PWM1_PSAV_EN == _ON) || (_PWM1_PDOW_EN == _ON))
              
                  // Get PWM1 M and N Value
                  // PWM CLK divider = 2^M * (N + 1)
                  // M = (0x01 <<(MCU_FF3B_PWM03_M & (_BIT3 | _BIT2)))
                  // N = (((WORD)((MCU_FF3D_PWM01_N_MSB & (_BIT7 | _BIT6 | _BIT5 | _BIT4)) << 8) | MCU_FF3F_PWM1_N_LSB) 
             -+ 1)
                  usCLKDiv = (0x01 << ((MCU_FF3B_PWM03_M & (_BIT3 | _BIT2)) >> 2)) * (((WORD)((MCU_FF3D_PWM01_N_MSB & (_
             -BIT7 | _BIT6 | _BIT5 | _BIT4)) << 4) | MCU_FF3F_PWM1_N_LSB) + 1);
              
                  if((MCU_FF3A_PWM_CK_SEL & _BIT1) == _BIT1)
                  {
              #if(_HW_MCU_PWM_HW_REF_HALF_OF_M2PLL == _ON)
                      // Calculate N Divider for M2PLL / 2
                      // HW Using M2Pll / 2 as PWM Reference Clock Source
                      usFrequency = ((DWORD)_M2PLL_CLK_KHZ * 1000) / usCLKDiv / _PWM_DUT_RESOLUTION / _DIV_2;
              #else
                      // Calculate N Divider for M2PLL
                      usFrequency = ((DWORD)_M2PLL_CLK_KHZ * 1000) / usCLKDiv / _PWM_DUT_RESOLUTION;
              #endif
                  }
                  else
                  {
                      usFrequency = (((DWORD)_INTERNAL_OSC_XTAL * 1000) / (0x01 << _IOSC_DIV)) / usCLKDiv / _PWM_DUT_RES
             -OLUTION;
                  }
              
                  if(enumClock == _M2PLL_CLK)
                  {
                      // Switch Clock To M2PLL
                      MCU_FF3A_PWM_CK_SEL |= _BIT1;
                  }
                  else
                  {
                      // Switch Clock To IOSC
                      MCU_FF3A_PWM_CK_SEL &= ~_BIT1;
                  }
              
                  ScalerMcuPwmAdjustFrequency(_PWM1, usFrequency);
              
              #endif // End of #if((_PWM1_EN == _ON) || (_PWM1_PSAV_EN == _ON) || (_PWM1_PDOW_EN == _ON))
 777   1      
 778   1      #if((_PWM2_EN == _ON) || (_PWM2_PSAV_EN == _ON) || (_PWM2_PDOW_EN == _ON))
              
C51 COMPILER V9.60.0.0   SCALERCOMMONMCU                                                   09/21/2026 15:32:37 PAGE 14  

                  // Get PWM2 M and N Value
                  // PWM CLK divider = 2^M * (N + 1)
                  // M = (0x01 <<(MCU_FF3B_PWM03_M & (_BIT5 | _BIT4)))
                  // N = (((WORD)((MCU_FF40_PWM23_N_MSB & (_BIT3 | _BIT2 | _BIT1 | _BIT0)) << 8) | MCU_FF41_PWM2_N_LSB) 
             -+ 1)
                  usCLKDiv = (0x01 << ((MCU_FF3B_PWM03_M & (_BIT5 | _BIT4)) >> 4)) * (((WORD)((MCU_FF40_PWM23_N_MSB & (_
             -BIT3 | _BIT2 | _BIT1 | _BIT0)) << 8) | MCU_FF41_PWM2_N_LSB) + 1);
              
                  if((MCU_FF3A_PWM_CK_SEL & _BIT2) == _BIT2)
                  {
              #if(_HW_MCU_PWM_HW_REF_HALF_OF_M2PLL == _ON)
                      // Calculate N Divider for M2PLL / 2
                      // HW Using M2Pll / 2 as PWM Reference Clock Source
                      usFrequency = ((DWORD)_M2PLL_CLK_KHZ * 1000) / usCLKDiv / _PWM_DUT_RESOLUTION / _DIV_2;
              #else
                      // Calculate N Divider for M2PLL
                      usFrequency = ((DWORD)_M2PLL_CLK_KHZ * 1000) / usCLKDiv / _PWM_DUT_RESOLUTION;
              #endif
                  }
                  else
                  {
                      usFrequency = (((DWORD)_INTERNAL_OSC_XTAL * 1000) / (0x01 << _IOSC_DIV)) / usCLKDiv / _PWM_DUT_RES
             -OLUTION;
                  }
              
                  if(enumClock == _M2PLL_CLK)
                  {
                      // Switch Clock To M2PLL
                      MCU_FF3A_PWM_CK_SEL |= _BIT2;
                  }
                  else
                  {
                      // Switch Clock To IOSC
                      MCU_FF3A_PWM_CK_SEL &= ~_BIT2;
                  }
              
                  ScalerMcuPwmAdjustFrequency(_PWM2, usFrequency);
              
              #endif // End of #if((_PWM2_EN == _ON) || (_PWM2_PSAV_EN == _ON) || (_PWM2_PDOW_EN == _ON))
 816   1      
 817   1      #if((_PWM3_EN == _ON) || (_PWM3_PSAV_EN == _ON) || (_PWM3_PDOW_EN == _ON))
              
                  // Get PWM3 M and N Value
                  // PWM CLK divider = 2^M * (N + 1)
                  // M = (0x01 <<(MCU_FF3B_PWM03_M & (_BIT7 | _BIT6)))
                  // N = (((WORD)((MCU_FF40_PWM23_N_MSB & (_BIT7 | _BIT6 | _BIT5 | _BIT4)) << 4) | MCU_FF42_PWM3_N_LSB) 
             -+ 1)
                  usCLKDiv = (0x01 << ((MCU_FF3B_PWM03_M & (_BIT7 | _BIT6)) >> 6)) * (((WORD)((MCU_FF40_PWM23_N_MSB & (_
             -BIT7 | _BIT6 | _BIT5 | _BIT4)) << 4) | MCU_FF42_PWM3_N_LSB) + 1);
              
                  if((MCU_FF3A_PWM_CK_SEL & _BIT3) == _BIT3)
                  {
              #if(_HW_MCU_PWM_HW_REF_HALF_OF_M2PLL == _ON)
                      // Calculate N Divider for M2PLL / 2
                      // HW Using M2Pll / 2 as PWM Reference Clock Source
                      usFrequency = ((DWORD)_M2PLL_CLK_KHZ * 1000) / usCLKDiv / _PWM_DUT_RESOLUTION / _DIV_2;
              #else
                      // Calculate N Divider for M2PLL
                      usFrequency = ((DWORD)_M2PLL_CLK_KHZ * 1000) / usCLKDiv / _PWM_DUT_RESOLUTION;
              #endif
                  }
                  else
C51 COMPILER V9.60.0.0   SCALERCOMMONMCU                                                   09/21/2026 15:32:37 PAGE 15  

                  {
                      usFrequency = (((DWORD)_INTERNAL_OSC_XTAL * 1000) / (0x01 << _IOSC_DIV)) / usCLKDiv / _PWM_DUT_RES
             -OLUTION;
                  }
              
                  if(enumClock == _M2PLL_CLK)
                  {
                      // Switch Clock To M2PLL
                      MCU_FF3A_PWM_CK_SEL |= _BIT3;
                  }
                  else
                  {
                      // Switch Clock To IOSC
                      MCU_FF3A_PWM_CK_SEL &= ~_BIT3;
                  }
              
                  ScalerMcuPwmAdjustFrequency(_PWM3, usFrequency);
              
              #endif // End of #if((_PWM3_EN == _ON) || (_PWM3_PSAV_EN == _ON) || (_PWM3_PDOW_EN == _ON))
 855   1      
 856   1      #if((_PWM4_EN == _ON) || (_PWM4_PSAV_EN == _ON) || (_PWM4_PDOW_EN == _ON))
              
                  // Get PWM4 M and N Value
                  // PWM CLK divider = 2^M * (N + 1)
                  // M = (0x01 <<(MCU_FF3C_PWM45_M & (_BIT1 | _BIT0)))
                  // N = (((WORD)((MCU_FF43_PWM45_N_MSB & (_BIT7 | _BIT6 | _BIT5 | _BIT4)) << 8) | MCU_FF44_PWM4_N_LSB) 
             -+ 1)
                  usCLKDiv = (0x01 << (MCU_FF3C_PWM45_M & (_BIT1 | _BIT0))) * (((WORD)((MCU_FF43_PWM45_N_MSB & (_BIT7 | 
             -_BIT6 | _BIT5 | _BIT4)) << 4) | MCU_FF44_PWM4_N_LSB) + 1);
              
                  if((MCU_FF3A_PWM_CK_SEL & _BIT4) == _BIT4)
                  {
              #if(_HW_MCU_PWM_HW_REF_HALF_OF_M2PLL == _ON)
                      // Calculate N Divider for M2PLL / 2
                      // HW Using M2Pll / 2 as PWM Reference Clock Source
                      usFrequency = ((DWORD)_M2PLL_CLK_KHZ * 1000) / usCLKDiv / _PWM_DUT_RESOLUTION / _DIV_2;
              #else
                      // Calculate N Divider for M2PLL
                      usFrequency = ((DWORD)_M2PLL_CLK_KHZ * 1000) / usCLKDiv / _PWM_DUT_RESOLUTION;
              #endif
                  }
                  else
                  {
                      usFrequency = (((DWORD)_INTERNAL_OSC_XTAL * 1000) / (0x01 << _IOSC_DIV)) / usCLKDiv / _PWM_DUT_RES
             -OLUTION;
                  }
              
                  if(enumClock == _M2PLL_CLK)
                  {
                      // Switch Clock To M2PLL
                      MCU_FF3A_PWM_CK_SEL |= _BIT4;
                  }
                  else
                  {
                      // Switch Clock To IOSC
                      MCU_FF3A_PWM_CK_SEL &= ~_BIT4;
                  }
              
                  ScalerMcuPwmAdjustFrequency(_PWM4, usFrequency);
              
              #endif // End of #if((_PWM4_EN == _ON) || (_PWM4_PSAV_EN == _ON) || (_PWM4_PDOW_EN == _ON))
 894   1      
C51 COMPILER V9.60.0.0   SCALERCOMMONMCU                                                   09/21/2026 15:32:37 PAGE 16  

 895   1      #if((_PWM5_EN == _ON) || (_PWM5_PSAV_EN == _ON) || (_PWM5_PDOW_EN == _ON))
 896   1      
 897   1          // Get PWM5 M and N Value
 898   1          // PWM CLK divider = 2^M * (N + 1)
 899   1          // M = (0x01 <<(MCU_FF3C_PWM45_M & (_BIT1 | _BIT0)))
 900   1          // N = (((WORD)((MCU_FF43_PWM45_N_MSB & (_BIT3 | _BIT2 | _BIT1 | _BIT0)) << 8) | MCU_FF44_PWM4_N_LSB) 
             -+ 1)
 901   1          usCLKDiv = (0x01 << ((MCU_FF3C_PWM45_M & (_BIT3 | _BIT2)) >> 2)) * (((WORD)((MCU_FF43_PWM45_N_MSB & (_
             -BIT3 | _BIT2 | _BIT1 | _BIT0)) << 8) | MCU_FF45_PWM5_N_LSB) + 1);
 902   1      
 903   1          if((MCU_FF3A_PWM_CK_SEL & _BIT5) == _BIT5)
 904   1          {
 905   2      #if(_HW_MCU_PWM_HW_REF_HALF_OF_M2PLL == _ON)
                      // Calculate N Divider for M2PLL / 2
                      // HW Using M2Pll / 2 as PWM Reference Clock Source
                      usFrequency = ((DWORD)_M2PLL_CLK_KHZ * 1000) / usCLKDiv / _PWM_DUT_RESOLUTION / _DIV_2;
              #else
 910   2              // Calculate N Divider for M2PLL
 911   2              usFrequency = ((DWORD)_M2PLL_CLK_KHZ * 1000) / usCLKDiv / _PWM_DUT_RESOLUTION;
 912   2      #endif
 913   2          }
 914   1          else
 915   1          {
 916   2              usFrequency = (((DWORD)_INTERNAL_OSC_XTAL * 1000) / (0x01 << _IOSC_DIV)) / usCLKDiv / _PWM_DUT_RES
             -OLUTION;
 917   2          }
 918   1      
 919   1          if(enumClock == _M2PLL_CLK)
 920   1          {
 921   2              // Switch Clock To M2PLL
 922   2              MCU_FF3A_PWM_CK_SEL |= _BIT5;
 923   2          }
 924   1          else
 925   1          {
 926   2              // Switch Clock To IOSC
 927   2              MCU_FF3A_PWM_CK_SEL &= ~_BIT5;
 928   2          }
 929   1      
 930   1          ScalerMcuPwmAdjustFrequency(_PWM5, usFrequency);
 931   1      
 932   1      #endif // End of #if((_PWM5_EN == _ON) || (_PWM5_PSAV_EN == _ON) || (_PWM5_PDOW_EN == _ON))
 933   1      }
 934          
 935          //--------------------------------------------------
 936          // Description  : Adjust PWM reset by DVS
 937          // Input Value  : ucPwmType --> _BACKLIGHT_PWM/_AUDIO_VOLUME...
 938          //                bStatus --> _ENABLE or _DISABLE
 939          // Output Value : None
 940          //--------------------------------------------------
 941          void ScalerMcuPwmAdjustResetByDvs(BYTE ucPwmType, bit bStatus)
 942          {
 943   1          BYTE ucMask = 0;
 944   1      
 945   1          switch(ucPwmType)
 946   1          {
 947   2              case _PWM0:
 948   2                  ucMask = _BIT0;
 949   2                  break;
 950   2              case _PWM1:
 951   2                  ucMask = _BIT1;
 952   2                  break;
 953   2              case _PWM2:
C51 COMPILER V9.60.0.0   SCALERCOMMONMCU                                                   09/21/2026 15:32:37 PAGE 17  

 954   2                  ucMask = _BIT2;
 955   2                  break;
 956   2              case _PWM3:
 957   2                  ucMask = _BIT3;
 958   2                  break;
 959   2              case _PWM4:
 960   2                  ucMask = _BIT4;
 961   2                  break;
 962   2              case _PWM5:
 963   2                  ucMask = _BIT5;
 964   2                  break;
 965   2              default:
 966   2                  break;
 967   2          }
 968   1      
 969   1          if(ucMask != 0)
 970   1          {
 971   2              if(bStatus == _ENABLE)
 972   2              {
 973   3                  MCU_FF47_PWM_VS_CTRL |= ucMask;
 974   3              }
 975   2              else
 976   2              {
 977   3                  MCU_FF47_PWM_VS_CTRL &= ~ucMask;
 978   3              }
 979   2          }
 980   1      }
 981          
 982          //--------------------------------------------------
 983          // Description  : PWM Clock Switch.
 984          // Input Value  : ucPwmType --> _BACKLIGHT_PWM/_AUDIO_VOLUME...
 985          //                ucFrequency --> Frequency
 986          // Output Value : None
 987          //--------------------------------------------------
 988          bit ScalerMcuPwmAdjustFrequency(BYTE ucPwmType, WORD usFrequency)
 989          {
 990   1          BYTE ucPWM_M = 0;
 991   1          WORD usPWM_N = 0;
 992   1          bit bCheckResult = _FALSE;
 993   1      
 994   1          // Set limit for Pwm frequency
 995   1          if((MCU_FF3A_PWM_CK_SEL & ucPwmType) == ucPwmType)
 996   1          {
 997   2              // Set limit for Pwm frequency
 998   2              if(usFrequency < _PWM_ACT_MODE_FREQ_LOW_BOUND)
 999   2              {
1000   3                  usFrequency = _PWM_ACT_MODE_FREQ_LOW_BOUND;
1001   3                  bCheckResult = _FALSE;
1002   3              }
1003   2              else if(usFrequency > _PWM_ACT_MODE_FREQ_UPPER_BOUND)
1004   2              {
1005   3                  usFrequency = _PWM_ACT_MODE_FREQ_UPPER_BOUND;
1006   3                  bCheckResult = _FALSE;
1007   3              }
1008   2              else
1009   2              {
1010   3                  bCheckResult = _TRUE;
1011   3              }
1012   2          }
1013   1          else
1014   1          {
1015   2              // Set limit for Pwm frequency
C51 COMPILER V9.60.0.0   SCALERCOMMONMCU                                                   09/21/2026 15:32:37 PAGE 18  

1016   2              if(usFrequency < _PWM_PSPD_MODE_FREQ_LOW_BOUND)
1017   2              {
1018   3                  usFrequency = _PWM_PSPD_MODE_FREQ_LOW_BOUND;
1019   3                  bCheckResult = _FALSE;
1020   3              }
1021   2              else if(usFrequency > _PWM_PSPD_MODE_FREQ_UPPER_BOUND)
1022   2              {
1023   3                  usFrequency = _PWM_PSPD_MODE_FREQ_UPPER_BOUND;
1024   3                  bCheckResult = _FALSE;
1025   3              }
1026   2              else
1027   2              {
1028   3                  bCheckResult = _TRUE;
1029   3              }
1030   2          }
1031   1      
1032   1      #if(_PWM_FREQ_DVSRST_CHECK == _ON)
1033   1          if(usFrequency >= _PWM_FREQ_DVSRST_BOUND)
1034   1          {
1035   2              // Disable PWM reset by DVS
1036   2      #if(_BACKLIGHT_PWM == _PWM0)
                      MCU_FF47_PWM_VS_CTRL &= ~_BIT0;
              
              #elif(_BACKLIGHT_PWM == _PWM1)
                      MCU_FF47_PWM_VS_CTRL &= ~_BIT1;
              
              #elif(_BACKLIGHT_PWM == _PWM2)
                      MCU_FF47_PWM_VS_CTRL &= ~_BIT2;
              
              #elif(_BACKLIGHT_PWM == _PWM3)
                      MCU_FF47_PWM_VS_CTRL &= ~_BIT3;
              
              #elif(_BACKLIGHT_PWM == _PWM4)
                      MCU_FF47_PWM_VS_CTRL &= ~_BIT4;
              
              #elif(_BACKLIGHT_PWM == _PWM5)
1052   2              MCU_FF47_PWM_VS_CTRL &= ~_BIT5;
1053   2      #endif
1054   2          }
1055   1          else
1056   1          {
1057   2              // Enable PWM reset by DVS
1058   2      #if(_BACKLIGHT_PWM == _PWM0)
                      MCU_FF47_PWM_VS_CTRL |= ((BYTE)_PWM0_RST_EN);
              
              #elif(_BACKLIGHT_PWM == _PWM1)
                      MCU_FF47_PWM_VS_CTRL |= ((BYTE)_PWM1_RST_EN << 1);
              
              #elif(_BACKLIGHT_PWM == _PWM2)
                      MCU_FF47_PWM_VS_CTRL |= ((BYTE)_PWM2_RST_EN << 2);
              
              #elif(_BACKLIGHT_PWM == _PWM3)
                      MCU_FF47_PWM_VS_CTRL |= ((BYTE)_PWM3_RST_EN << 3);
              
              #elif(_BACKLIGHT_PWM == _PWM4)
                      MCU_FF47_PWM_VS_CTRL |= ((BYTE)_PWM4_RST_EN << 4);
              
              #elif(_BACKLIGHT_PWM == _PWM5)
1074   2              MCU_FF47_PWM_VS_CTRL |= ((BYTE)_PWM5_RST_EN << 5);
1075   2      #endif
1076   2          }
1077   1      #endif
C51 COMPILER V9.60.0.0   SCALERCOMMONMCU                                                   09/21/2026 15:32:37 PAGE 19  

1078   1      
1079   1          // Check if PWM clk is M2PLL or IOSC
1080   1          if((MCU_FF3A_PWM_CK_SEL & ucPwmType) == ucPwmType)
1081   1          {
1082   2              for(ucPWM_M = 0; ucPWM_M < 4; ucPWM_M++)
1083   2              {
1084   3      #if(_HW_MCU_PWM_HW_REF_HALF_OF_M2PLL == _ON)
                          // Calculate N Divider for M2PLL / 2
                          // HW Using M2Pll / 2 as PWM Reference Clock Source
                          usPWM_N = ((DWORD)(((((DWORD)_M2PLL_CLK_KHZ * 1000) / ((DWORD)usFrequency * (0x01 << ucPWM_M) 
             -* _PWM_DUT_RESOLUTION)) + 1) / 2) - 1);
              #else
1089   3                  // Calculate N Divider for Define [_M2PLL_CLK_KHZ]
1090   3                  usPWM_N = ((DWORD)(((((DWORD)_M2PLL_CLK_KHZ * 1000 * 2) / ((DWORD)usFrequency * (0x01 << ucPWM
             -_M) * _PWM_DUT_RESOLUTION)) + 1) / 2) - 1);
1091   3      #endif
1092   3      
1093   3                  if(usPWM_N < 4096)
1094   3                  {
1095   4                      break;
1096   4                  }
1097   3              }
1098   2          }
1099   1          else
1100   1          {
1101   2              for(ucPWM_M = 0; ucPWM_M < 4; ucPWM_M++)
1102   2              {
1103   3                  // Calculate N Divider for IOSC clock
1104   3                  usPWM_N = ((DWORD)(((((DWORD)_INTERNAL_OSC_XTAL * 1000 * 2) / ((DWORD)usFrequency * (0x01 << u
             -cPWM_M) * _PWM_DUT_RESOLUTION)) + 1) / 2) - 1);
1105   3      
1106   3                  if(usPWM_N < 4096)
1107   3                  {
1108   4                      break;
1109   4                  }
1110   3              }
1111   2          }
1112   1      
1113   1          // Load M/N divider to corresponding register
1114   1          switch(ucPwmType)
1115   1          {
1116   2      #if((_PWM0_EN == _ON) || (_PWM0_PSAV_EN == _ON) || (_PWM0_PDOW_EN == _ON))
                      case _PWM0:
              
                          MCU_FF3B_PWM03_M = (MCU_FF3B_PWM03_M & ~(_BIT1 | _BIT0)) | (ucPWM_M);
                          MCU_FF3D_PWM01_N_MSB &= ~(_BIT3 | _BIT2 | _BIT1 | _BIT0);
                          MCU_FF3D_PWM01_N_MSB |= (BYTE)((usPWM_N >> 8) & (_BIT3 | _BIT2 | _BIT1 | _BIT0));
                          MCU_FF3E_PWM0_N_LSB = (BYTE)usPWM_N;
                          MCU_FF49_PWM_CK |= _BIT0;
              
                          break;
              #endif
1127   2      
1128   2      #if((_PWM1_EN == _ON) || (_PWM1_PSAV_EN == _ON) || (_PWM1_PDOW_EN == _ON))
                      case _PWM1:
              
                          MCU_FF3B_PWM03_M = (MCU_FF3B_PWM03_M & ~(_BIT3 | _BIT2)) | (ucPWM_M << 2);
                          MCU_FF3D_PWM01_N_MSB &= ~(_BIT7 | _BIT6 | _BIT5 | _BIT4);
                          MCU_FF3D_PWM01_N_MSB |= (BYTE)((usPWM_N >> 4) & (_BIT7 | _BIT6 | _BIT5 | _BIT4));
                          MCU_FF3F_PWM1_N_LSB = (BYTE)usPWM_N;
                          MCU_FF49_PWM_CK |= _BIT1;
              
C51 COMPILER V9.60.0.0   SCALERCOMMONMCU                                                   09/21/2026 15:32:37 PAGE 20  

                          break;
              #endif
1139   2      
1140   2      #if((_PWM2_EN == _ON) || (_PWM2_PSAV_EN == _ON) || (_PWM2_PDOW_EN == _ON))
                      case _PWM2:
              
                          MCU_FF3B_PWM03_M = (MCU_FF3B_PWM03_M & ~(_BIT5 | _BIT4)) | (ucPWM_M << 4);
                          MCU_FF40_PWM23_N_MSB &= ~(_BIT3 | _BIT2 | _BIT1 | _BIT0);
                          MCU_FF40_PWM23_N_MSB |= (BYTE)((usPWM_N >> 8) & (_BIT3 | _BIT2 | _BIT1 | _BIT0));
                          MCU_FF41_PWM2_N_LSB = (BYTE)usPWM_N;
                          MCU_FF49_PWM_CK |= _BIT2;
              
                          break;
              #endif
1151   2      
1152   2      #if((_PWM3_EN == _ON) || (_PWM3_PSAV_EN == _ON) || (_PWM3_PDOW_EN == _ON))
                      case _PWM3:
              
                          MCU_FF3B_PWM03_M = (MCU_FF3B_PWM03_M & ~(_BIT7 | _BIT6)) | (ucPWM_M << 6);
                          MCU_FF40_PWM23_N_MSB &= ~(_BIT7 | _BIT6 | _BIT5 | _BIT4);
                          MCU_FF40_PWM23_N_MSB |= (BYTE)((usPWM_N >> 4) & (_BIT7 | _BIT6 | _BIT5 | _BIT4));
                          MCU_FF42_PWM3_N_LSB = (BYTE)usPWM_N;
                          MCU_FF49_PWM_CK |= _BIT3;
              
                          break;
              #endif
1163   2      
1164   2      #if((_PWM4_EN == _ON) || (_PWM4_PSAV_EN == _ON) || (_PWM4_PDOW_EN == _ON))
                      case _PWM4:
              
                          MCU_FF3C_PWM45_M = (MCU_FF3C_PWM45_M & ~(_BIT1 | _BIT0)) | (ucPWM_M);
                          MCU_FF43_PWM45_N_MSB &= ~(_BIT7 | _BIT6 | _BIT5 | _BIT4);
                          MCU_FF43_PWM45_N_MSB |= (BYTE)((usPWM_N >> 4) & (_BIT7 | _BIT6 | _BIT5 | _BIT4));
                          MCU_FF44_PWM4_N_LSB = (BYTE)usPWM_N;
                          MCU_FF49_PWM_CK |= _BIT4;
              
                          break;
              #endif
1175   2      
1176   2      #if((_PWM5_EN == _ON) || (_PWM5_PSAV_EN == _ON) || (_PWM5_PDOW_EN == _ON))
1177   2              case _PWM5:
1178   2      
1179   2                  MCU_FF3C_PWM45_M = (MCU_FF3C_PWM45_M & ~(_BIT3 | _BIT2)) | (ucPWM_M << 2);
1180   2                  MCU_FF43_PWM45_N_MSB &= ~(_BIT3 | _BIT2 | _BIT1 | _BIT0);
1181   2                  MCU_FF43_PWM45_N_MSB |= (BYTE)((usPWM_N >> 8) & (_BIT3 | _BIT2 | _BIT1 | _BIT0));
1182   2                  MCU_FF45_PWM5_N_LSB = (BYTE)usPWM_N;
1183   2                  MCU_FF49_PWM_CK |= _BIT5;
1184   2      
1185   2                  break;
1186   2      #endif
1187   2              default:
1188   2      
1189   2                  break;
1190   2          }
1191   1          return bCheckResult;
1192   1      }
1193          #endif // End of #if(_PWM_FUNCTION_SUPPORT == _ON)
1194          
1195          //--------------------------------------------------
1196          // Description  : 5us Delay Calculation
1197          // Input Value  : Clock --> _M2PLL_CLK/_IOSC_CLK
1198          // Output Value : ucValue --> N
C51 COMPILER V9.60.0.0   SCALERCOMMONMCU                                                   09/21/2026 15:32:37 PAGE 21  

1199          //--------------------------------------------------
1200          void ScalerMcu5usDelayCalc(EnumClkSel enumClock)
1201          {
1202   1          BYTE ucMcuDiv = 0;
1203   1      
1204   1          ucMcuDiv = ((MCU_FFED_MCU_CONTROL & 0x3C) >> 2) * ((MCU_FFEE_MCU_CLOCK_CONTROL & 0x3C) >> 2);
1205   1      
1206   1          //////////////////////////////////////////////////////////////////////////////////////////////////////
             -////////////
1207   1          // Chart :                                                                                            
             -          //
1208   1          //                                                                                                    
             -          //
1209   1          //  INOSC                                                                                             
             -          //
1210   1          //    14.318MHz ---|   |      |IOSC|            |   |                                                 
             -          //
1211   1          //                 |Mux|------|DIV | -----------|   |                                                 
             -          //
1212   1          //    27MHz     ---|   |      |    |            |   |  EMCU Crystal |   |                             
             -          //
1213   1          //                CR0B[0]   Page6 CRA0[1:0]     |Mux|---------------|   |                             
             -          //
1214   1          //                                              |   |               |   |                             
             -          //
1215   1          //                   external-crystal-----------|   |               |   |       |Flash|      |MCU|    
             -          //
1216   1          //                                              |   |               |Mux|-------|DIV  |------|DIV|----
             ---8051    //
1217   1          //                                             CR09[3]              |   |       |     |   |  |   |    
             -          //
1218   1          //                                                                  |   |     0xFFED[5:2] | 0xFFEE[5:2
             -]         //
1219   1          //                                                M2PLL-------------|   |                 |           
             -          //
1220   1          //                                                                  |   |                 |--|Flash|  
             -          //
1221   1          //                                                                0xFFED[1]                  |DIV2 |--
             ----Flash  //
1222   1          //                                                                                          0xFFE9[3:0
             -]         //
1223   1          //////////////////////////////////////////////////////////////////////////////////////////////////////
             -////////////
1224   1      
1225   1          if(enumClock == _M2PLL_CLK)
1226   1          {
1227   2              g_ucDelay5usN_Base = _M2PLL_DELAY6US_CNT;
1228   2              g_ucDelayXusN_Base = _M2PLL_DELAY4US_CNT;
1229   2          }
1230   1          else if(enumClock == _IOSC_CLK)
1231   1          {
1232   2              g_ucDelay5usN_Base = _IOSC_DELAY6US_CNT;
1233   2              g_ucDelayXusN_Base = _IOSC_DELAY4US_CNT;
1234   2          }
1235   1          else // For Xtal
1236   1          {
1237   2              g_ucDelay5usN_Base = _XTAL_DELAY6US_CNT;
1238   2              g_ucDelayXusN_Base = _XTAL_DELAY4US_CNT;
1239   2          }
1240   1      }
1241          
1242          #if(_SW_IIC_SUPPORT == _ON)
C51 COMPILER V9.60.0.0   SCALERCOMMONMCU                                                   09/21/2026 15:32:37 PAGE 22  

              //--------------------------------------------------
              // Description  : Software IIC Start
              // Input Value  : ucSlaveAddr --> Slave Address
              // Output Value : None
              //--------------------------------------------------
              BYTE ScalerMcuIICStart(BYTE ucSlaveAddr)
              {
                  BYTE ucTemp = 0;
                  WORD usTimeOut = 6;
              
                  PCB_SW_IIC_SCL_SET();
                  PCB_SW_IIC_SDA_SET();
              
                  SW_IIC_DELAY_TIME();
              
                  PCB_SW_IIC_SCL_CHK(ucTemp);
              
                  while(ucTemp == _LOW)
                  {
                      if(usTimeOut > 0)
                      {
                          usTimeOut--;
                          SW_IIC_DELAY_TIME();
                      }
                      else
                      {
                          return _FAIL;
                      }
              
                      PCB_SW_IIC_SCL_CHK(ucTemp);
                  }
              
                  PCB_SW_IIC_SDA_CLR();
              
                  SW_IIC_START_INTERVAL_DELAY();
              
                  PCB_SW_IIC_SCL_CLR();
              
              #if(_SW_IIC_HOLD_TIME_LIMIT_SUPPORT == _OFF)
                  SW_IIC_DELAY_TIME();
              #endif
              
                  return ScalerMcuIICSendByte(ucSlaveAddr);
              }
              
              //--------------------------------------------------
              // Description  : Software IIC Stop
              // Input Value  : None
              // Output Value : None
              //--------------------------------------------------
              void ScalerMcuIICStop(void)
              {
                  PCB_SW_IIC_SDA_CLR();
                  PCB_SW_IIC_SCL_SET();
              
                  SW_IIC_DELAY_TIME();
              
                  PCB_SW_IIC_SDA_SET();
              }
              
              //--------------------------------------------------
              // Description  : Software IIC Get Acknowledge
C51 COMPILER V9.60.0.0   SCALERCOMMONMCU                                                   09/21/2026 15:32:37 PAGE 23  

              // Input Value  : None
              // Output Value : ucAck --> 0: Ack / 1: Nack
              //--------------------------------------------------
              BYTE ScalerMcuIICGetAck(void)
              {
                  BYTE ucAck = 0;
              
                  PCB_SW_IIC_SDA_SET();
                  PCB_SW_IIC_SCL_SET();
              
                  SW_IIC_DELAY_TIME();
              
                  PCB_SW_IIC_SDA_CHK(ucAck);
              
                  PCB_SW_IIC_SCL_CLR();
              
                  SW_IIC_DELAY_TIME();
              
                  PCB_SW_IIC_SDA_SET();
              
                  return ucAck;
              }
              
              //--------------------------------------------------
              // Description  : Software IIC Send Acknowledge
              // Input Value  : None
              // Output Value : None
              //--------------------------------------------------
              void ScalerMcuIICSendAck(void)
              {
                  PCB_SW_IIC_SDA_CLR();
                  PCB_SW_IIC_SCL_SET();
              
                  SW_IIC_DELAY_TIME();
              
                  PCB_SW_IIC_SCL_CLR();
              
                  SW_IIC_DELAY_TIME();
              }
              
              //--------------------------------------------------
              // Description  : Software IIC Send No-Acknowledge
              // Input Value  : None
              // Output Value : None
              //--------------------------------------------------
              void ScalerMcuIICSendNoAck(void)
              {
                  PCB_SW_IIC_SDA_SET();
                  PCB_SW_IIC_SCL_SET();
              
                  SW_IIC_DELAY_TIME();
              
                  PCB_SW_IIC_SCL_CLR();
              
                  SW_IIC_DELAY_TIME();
              }
              
              //--------------------------------------------------
              // Description  : Software IIC Read 1 Byte
              // Input Value  : None
              // Output Value : ucValue --> Received Byte
              //--------------------------------------------------
C51 COMPILER V9.60.0.0   SCALERCOMMONMCU                                                   09/21/2026 15:32:37 PAGE 24  

              #pragma save
              #pragma OT(8)
              BYTE ScalerMcuIICGetByte(void)
              {
                  BYTE ucTemp = 0;
                  BYTE ucCnt = 0;
                  BYTE ucValue = 0;
              
                  PCB_SW_IIC_SDA_SET();
              
                  for(ucCnt = 0; ucCnt < 8; ucCnt++)
                  {
                      PCB_SW_IIC_SCL_SET();
              
                      SW_IIC_DELAY_TIME();
              
                      PCB_SW_IIC_SDA_CHK(ucTemp);
              
                      ucValue = (ucValue << 1) | ucTemp;
              
                      PCB_SW_IIC_SCL_CLR();
              
                      SW_IIC_DELAY_TIME();
                  }
              
                  return ucValue;
              }
              #pragma restore
              
              //--------------------------------------------------
              // Description  : SoftWare IIC Write 1 Byte
              // Input Value  : ucValue --> Data to be transmitted
              // Output Value : None
              //--------------------------------------------------
              #pragma save
              #pragma OT(8)
              BYTE ScalerMcuIICSendByte(BYTE ucValue)
              {
                  BYTE ucCnt = 0;
                  BYTE ucClksel = (MCU_FFED_MCU_CONTROL & _BIT1);
              
                  for(ucCnt = 0; ucCnt < 8; ucCnt++)
                  {
                      if((bit)(ucValue & _BIT7) == _HIGH)
                      {
                          PCB_SW_IIC_SDA_SET();
                      }
                      else
                      {
                          PCB_SW_IIC_SDA_CLR();
                      }
              
              #if(_SW_IIC_HOLD_TIME_LIMIT_SUPPORT == _ON)
                      if(ucClksel == _BIT1)
                      {
                          SW_IIC_DELAY_TIME();
                      }
              #endif
              
                      PCB_SW_IIC_SCL_SET();
              
                      SW_IIC_DELAY_TIME();
C51 COMPILER V9.60.0.0   SCALERCOMMONMCU                                                   09/21/2026 15:32:37 PAGE 25  

              
                      PCB_SW_IIC_SCL_CLR();
              
              #if(_SW_IIC_HOLD_TIME_LIMIT_SUPPORT == _OFF)
                      if(ucClksel == _BIT1)
                      {
                          SW_IIC_DELAY_TIME();
                      }
              #endif
              
                      ucValue = ucValue << 1;
                  }
              
              #if(_SW_IIC_HOLD_TIME_LIMIT_SUPPORT == _ON)
                  if(ucClksel == _BIT1)
                  {
                      SW_IIC_DELAY_TIME();
                  }
              #endif
              
                  if(ScalerMcuIICGetAck() == _HIGH)
                  {
                      ScalerMcuIICStop();
              
                      return _FAIL;
                  }
              
                  return _SUCCESS;
              }
              #pragma restore
              
              //--------------------------------------------------
              // Description  : Polling internal write cycle finish
              // Input Value  : ucSlaveAddr  --> Slave address
              // Output Value : Polling result (Fail/Success)
              //--------------------------------------------------
              bit ScalerMcuIICWriteStart(BYTE ucSlaveAddr, BYTE ucSubAddrLength, DWORD ulSubAddr)
              {
                  if(ScalerMcuIICStart(ucSlaveAddr | _WRITE) == _FAIL)
                  {
                      return _FAIL;
                  }
              
                  switch(ucSubAddrLength)
                  {
                      case 1:
              
                          if(ScalerMcuIICSendByte((BYTE)(ulSubAddr)) == _FAIL)
                          {
                              return _FAIL;
                          }
              
                          break;
              
                      case 2:
              
                          if(ScalerMcuIICSendByte((BYTE)((ulSubAddr & 0xFF00) >> 8)) == _FAIL)
                          {
                              return _FAIL;
                          }
                          else
                          {
C51 COMPILER V9.60.0.0   SCALERCOMMONMCU                                                   09/21/2026 15:32:37 PAGE 26  

                              if(ScalerMcuIICSendByte((BYTE)(ulSubAddr)) == _FAIL)
                              {
                                  return _FAIL;
                              }
                          }
              
                          break;
              
                      case 4:
              
                          if((ScalerMcuIICSendByte((BYTE)((ulSubAddr & 0xFF000000) >> 24)) == _FAIL) ||
                             (ScalerMcuIICSendByte((BYTE)((ulSubAddr & 0xFF0000) >> 16)) == _FAIL) ||
                             (ScalerMcuIICSendByte((BYTE)((ulSubAddr & 0xFF00) >> 8)) == _FAIL) ||
                             (ScalerMcuIICSendByte((BYTE)(ulSubAddr)) == _FAIL))
                          {
                              return _FAIL;
                          }
              
                          break;
              
                      default:
              
                          break;
                  }
                  return _SUCCESS;
              }
              
              #if(_EEPROM_ACCESS_FUNCTION_SUPPORT == _ON || _HDMI_24C02_SUPPORT||_Anjian_EFFECT)
              //--------------------------------------------------
              // Description  : Polling internal write cycle finish
              // Input Value  : ucSlaveAddr  --> Slave address
              // Output Value : Polling result (Fail/Success)
              //--------------------------------------------------
              bit ScalerMcuIICWritePolling(BYTE ucSlaveAddr)
              {
                  if(ScalerMcuIICStart(ucSlaveAddr | _WRITE) == _FAIL)
                  {
                      return _FAIL;
                  }
              
                  ScalerMcuIICStop();
              
                  return _SUCCESS;
              }
              #endif
              
              //--------------------------------------------------
              // Description  : Read data from the selected device by Software IIC
              // Input Value  : ucSlaveAddr  --> Slave address
              //                ucSubAddr    --> Start address of selected device
              //                usLength     --> Numbers of data we want to read
              //                pReadArray   --> Result array
              // Output Value : Reading result (Fail/Success)
              //--------------------------------------------------
              bit ScalerMcuIICRead(BYTE ucSlaveAddr, BYTE ucSubAddrLength, DWORD ulSubAddr, WORD usLength, BYTE *pucRead
             -Array)
              {
                  if(usLength == 0)
                  {
                      return _FAIL;
                  }
              
C51 COMPILER V9.60.0.0   SCALERCOMMONMCU                                                   09/21/2026 15:32:37 PAGE 27  

                  if(ucSubAddrLength != 0)
                  {
                      // Write Slave address and Sub-address
                      if(ScalerMcuIICWriteStart(ucSlaveAddr, ucSubAddrLength, ulSubAddr) == _FAIL)
                      {
                          return _FAIL;
                      }
                  }
              
                  // Write Slave address to read
                  if(ScalerMcuIICStart(ucSlaveAddr | _READ) == _FAIL)
                  {
                      return _FAIL;
                  }
              
                  // Save received data
                  while(--usLength)
                  {
                      *pucReadArray++ = ScalerMcuIICGetByte();
              
                      ScalerMcuIICSendAck();
                  }
              
                  *pucReadArray++ = ScalerMcuIICGetByte();
              
                  ScalerMcuIICSendNoAck();
              
                  ScalerMcuIICStop();
              
                  return _SUCCESS;
              }
              
              //--------------------------------------------------
              // Description  : Write data to the selected device by Software IIC
              // Input Value  : ucSlaveAddr  --> Slave address
              //                usSubAddr    --> Start address of selected device
              //                usLength     --> Numbers of data we want to read
              //                pReadArray   --> Result array
              // Output Value : Reading result (Fail/Success)
              //--------------------------------------------------
              #pragma save
              #pragma OT(8)
              bit ScalerMcuIICWrite(BYTE ucSlaveAddr, BYTE ucSubAddrLength, DWORD ulSubAddr, WORD usLength, BYTE *pucWri
             -teArray)
              {
                  if(usLength == 0)
                  {
                      return _FAIL;
                  }
              
                  // Write Slave address and Sub-address
                  if(ScalerMcuIICWriteStart(ucSlaveAddr, ucSubAddrLength, ulSubAddr) == _FAIL)
                  {
                      return _FAIL;
                  }
              
                  // Send data
                  while(usLength--)
                  {
                      if(ScalerMcuIICSendByte(*pucWriteArray++) == _FAIL)
                      {
                          return _FAIL;
C51 COMPILER V9.60.0.0   SCALERCOMMONMCU                                                   09/21/2026 15:32:37 PAGE 28  

                      }
                  }
              
                  ScalerMcuIICStop();
              
                  return _SUCCESS;
              }
              #pragma restore
              
              #endif    // End of #if(_SW_IIC_SUPPORT == _ON)
1623          
1624          #if(_HW_IIC_SUPPORT == _ON)
1625          //--------------------------------------------------
1626          // Description  : Hardware IIC Parameters Alter Setting By Use Case
1627          // Input Value  : enumParType --> HW IIC Parameter Type
1628          // Output Value : None
1629          //--------------------------------------------------
1630          void ScalerMcuHwIICConfigSetting(EnumHWIICParType enumParType)
1631          {
1632   1          g_ucHwI2cSettingIndex = enumParType;
1633   1      
1634   1          ScalerMcuHwIICInitial();
1635   1      
1636   1          if(GET_REG_XTAL_CLK_SEL() == _EXT_XTAL_CLK)
1637   1          {
1638   2              // Select at external Xtal.
1639   2              ScalerMcuHwIICSetFreqDiv(_EXT_XTAL_CLK);
1640   2          }
1641   1          else
1642   1          {
1643   2              // Select at internal Xtal.
1644   2              ScalerMcuHwIICSetFreqDiv(_IOSC_CLK);
1645   2          }
1646   1      }
1647          
1648          //--------------------------------------------------
1649          // Description  : Hardware IIC Initial Settings
1650          // Input Value  : None
1651          // Output Value : None
1652          //--------------------------------------------------
1653          void ScalerMcuHwIICInitial(void)
1654          {
1655   1          // Reset IIC module
1656   1          MCU_FF55_I2CM_CR0 &= ~_BIT7;
1657   1      
1658   1          // Enable IIC module and disable TOR
1659   1          MCU_FF55_I2CM_CR0 |= _BIT7;
1660   1          MCU_FF55_I2CM_CR0 &= ~_BIT0;
1661   1      
1662   1          // Set TOR: time-out = TOR x 2 x ((FD10+1)/input clk)
1663   1          MCU_FF56_I2CM_CR1 = _HW_IIC_TOR;
1664   1      
1665   1          // Disable burst mode
1666   1          MCU_FF57_I2CM_CR2 = 0x00;
1667   1      
1668   1          // Clear interrupts
1669   1          MCU_FF58_I2CM_CR3 = 0x00;
1670   1      
1671   1          // Set fall time period count
1672   1          MCU_FF59_I2CM_STR0 = _HW_IIC_FTPC;
1673   1      
1674   1          // Set STA setup time period count
C51 COMPILER V9.60.0.0   SCALERCOMMONMCU                                                   09/21/2026 15:32:37 PAGE 29  

1675   1          MCU_FF5A_I2CM_STR1 = _HW_IIC_STA_SUGPIO_C;
1676   1      
1677   1          // Set SCL high period count
1678   1          MCU_FF5B_I2CM_STR2 = _HW_IIC_SHPC_14318K;
1679   1      
1680   1          // Set SCL low period count
1681   1          MCU_FF5C_I2CM_STR3 = _HW_IIC_SLPC_14318K;
1682   1      
1683   1          // Set frequency divisor: ref = xtal/(FD10+1)
1684   1          MCU_FF5F_I2CM_CCR = _HW_IIC_FD10_14318K;
1685   1      }
1686          
1687          //--------------------------------------------------
1688          // Description  : Hardware IIC Clock Select
1689          // Input Value  : Clock --> _EXT_XTAL_CLK/_IOSC_CLK
1690          // Output Value : None
1691          //--------------------------------------------------
1692          void ScalerMcuHwIICSetFreqDiv(EnumClkSel enumClock)
1693          {
1694   1          if(enumClock == _EXT_XTAL_CLK)
1695   1          {
1696   2              // Set freq. divisor: ref = XTAL/(FD10+1) = 7.16M(ref should be approx 10MHz)
1697   2              MCU_FF5F_I2CM_CCR = _HW_IIC_FD10_14318K;
1698   2      
1699   2              // Set STA setup time period count
1700   2              MCU_FF5A_I2CM_STR1 = _HW_IIC_STA_SUGPIO_C;
1701   2      
1702   2              // Set SCL high period count
1703   2              MCU_FF5B_I2CM_STR2 = _HW_IIC_SHPC_14318K;
1704   2      
1705   2              // Set SCL low period count
1706   2              MCU_FF5C_I2CM_STR3 = _HW_IIC_SLPC_14318K;
1707   2          }
1708   1          else
1709   1          {
1710   2              // Set freq. divisor: ref = IOSC/(FD10+1) = 9.3M(ref should be approx 10MHz)
1711   2              MCU_FF5F_I2CM_CCR = _HW_IIC_FD10_28000K;
1712   2      
1713   2              // Set STA setup time period count
1714   2              MCU_FF5A_I2CM_STR1 = _HW_IIC_STA_SUGPIO_C;
1715   2      
1716   2              // Set SCL high period count
1717   2              MCU_FF5B_I2CM_STR2 = _HW_IIC_SHPC_28000K;
1718   2      
1719   2              // Set SCL low period count
1720   2              MCU_FF5C_I2CM_STR3 = _HW_IIC_SLPC_28000K;
1721   2          }
1722   1      }
1723          
1724          #if(_EEPROM_ACCESS_FUNCTION_SUPPORT == _ON || _HDMI_24C02_SUPPORT||_Anjian_EFFECT)
1725          //--------------------------------------------------
1726          // Description  : Polling internal write cycle finish
1727          // Input Value  : ucSlaveAddr  --> Slave address
1728          // Output Value : Polling result (Fail/Success)
1729          //--------------------------------------------------
1730          bit ScalerMcuHwIICWritePolling(BYTE ucSlaveAddr, BYTE ucSubAddrLength, BYTE ucHwIICPinNum)
1731          {
1732   1          BYTE ucSubAddress = 0x00;
1733   1          BYTE ucLength = 0;
1734   1          BYTE ucTimeOutCnt = _IIC_POLLING_TIME;
1735   1      
1736   1          ScalerPinshareHwIICPin(ucHwIICPinNum);
C51 COMPILER V9.60.0.0   SCALERCOMMONMCU                                                   09/21/2026 15:32:37 PAGE 30  

1737   1      
1738   1          // Reset(Block) IIC module
1739   1          MCU_FF55_I2CM_CR0 &= ~_BIT7;
1740   1      
1741   1          // Enable IIC module
1742   1          MCU_FF55_I2CM_CR0 |= _BIT7;
1743   1      
1744   1          // Set 1 byte for FRSIB
1745   1          MCU_FF57_I2CM_CR2 &= ~(_BIT1 | _BIT0);
1746   1      
1747   1          // Set no repeat start
1748   1          MCU_FF58_I2CM_CR3 &= ~(_BIT4 | _BIT3);
1749   1      
1750   1          // Wait I2C Fifo Clk Switch to Mcu Clk
1751   1          while((MCU_FF5D_I2CM_SR & _BIT5) != _BIT5)
1752   1          {
1753   2              if(ucTimeOutCnt == 0)
1754   2              {
1755   3                  // Reset(Block) IIC module
1756   3                  MCU_FF55_I2CM_CR0 &= ~_BIT7;
1757   3      
1758   3                  // Enable IIC module
1759   3                  MCU_FF55_I2CM_CR0 |= _BIT7;
1760   3      
1761   3                  return _FAIL;
1762   3              }
1763   2              else
1764   2              {
1765   3                  ucTimeOutCnt--;
1766   3      
1767   3                  DELAY_5US();
1768   3              }
1769   2          }
1770   1      
1771   1          // Load Slave Address to IIC Buffer
1772   1          MCU_FF5E_I2CM_TD = ucSlaveAddr | _WRITE;
1773   1      
1774   1          MCU_FF55_I2CM_CR0 &= ~(_BIT5 | _BIT4 | _BIT3 | _BIT2 | _BIT1);
1775   1      
1776   1          switch(ucSubAddrLength)
1777   1          {
1778   2              case 0:
1779   2      
1780   2                  break;
1781   2      
1782   2              case 1:
1783   2      
1784   2                  // Set data length
1785   2                  MCU_FF55_I2CM_CR0 |= ucLength << 1;
1786   2      
1787   2                  // Load Sub-Address to IIC Buffer
1788   2                  MCU_FF5E_I2CM_TD = (BYTE)(ucSubAddress);
1789   2      
1790   2                  break;
1791   2      
1792   2              case 2:
1793   2      
1794   2                  // Set data length
1795   2                  MCU_FF55_I2CM_CR0 |= (ucLength + 1) << 1;
1796   2      
1797   2                  // Load First Sub-Address to IIC Buffer
1798   2                  MCU_FF5E_I2CM_TD = ucSubAddress;
C51 COMPILER V9.60.0.0   SCALERCOMMONMCU                                                   09/21/2026 15:32:37 PAGE 31  

1799   2      
1800   2                  // Load Sub-Address to IIC Buffer
1801   2                  MCU_FF5E_I2CM_TD = ucSubAddress;
1802   2      
1803   2                  break;
1804   2      
1805   2              default:
1806   2      
1807   2                  break;
1808   2          }
1809   1      
1810   1          // IIC command Start
1811   1          MCU_FF55_I2CM_CR0 |= _BIT6;
1812   1      
1813   1          // Wait until Master Transmit Complete
1814   1          ucTimeOutCnt = _IIC_POLLING_TIME;
1815   1      
1816   1          while((MCU_FF5D_I2CM_SR & 0x01) != 0x01)
1817   1          {
1818   2              ucTimeOutCnt--;
1819   2      
1820   2              DELAY_5US();
1821   2      
1822   2              if(ucTimeOutCnt == 0x00)
1823   2              {
1824   3                  // Reset(Block) IIC module
1825   3                  MCU_FF55_I2CM_CR0 &= ~_BIT7;
1826   3      
1827   3                  // Enable IIC module
1828   3                  MCU_FF55_I2CM_CR0 |= _BIT7;
1829   3      
1830   3                  return _FAIL;
1831   3              }
1832   2          }
1833   1      
1834   1          // Clear all flags
1835   1          MCU_FF5D_I2CM_SR |= 0x07;
1836   1      
1837   1          return _SUCCESS;
1838   1      }
1839          #endif // End of #if(_EEPROM_ACCESS_FUNCTION_SUPPORT == _ON)
1840          
1841          //--------------------------------------------------
1842          // Description  : Read data from the selected device by IIC
1843          // Input Value  : ucSlaveAddr  --> Slave address
1844          //                ucSubAddr    --> Start address of selected device
1845          //                usLength     --> Numbers of data we want to read
1846          //                pReadArray   --> Result array
1847          // Output Value : Reading result (Fail/Success)
1848          //--------------------------------------------------
1849          bit ScalerMcuHwIICRead(BYTE ucSlaveAddr, BYTE ucSubAddrLength, WORD usSubAddr, BYTE ucDataLength, BYTE *pu
             -cReadArray, BYTE ucHwIICPinNum)
1850          {
1851   1          BYTE ucI = 0;
1852   1          WORD usTimeOutCnt = 600;
1853   1      
1854   1          // Return fail if Data to be received is greater than IIC buffer size
1855   1          if(ucDataLength > _HW_IIC_BUFFER_SIZE)
1856   1          {
1857   2              return _FAIL;
1858   2          }
1859   1      
C51 COMPILER V9.60.0.0   SCALERCOMMONMCU                                                   09/21/2026 15:32:37 PAGE 32  

1860   1          ScalerPinshareHwIICPin(ucHwIICPinNum);
1861   1      
1862   1          // Reset(Block) IIC module
1863   1          MCU_FF55_I2CM_CR0 &= ~_BIT7;
1864   1      
1865   1          // Enable IIC module
1866   1          MCU_FF55_I2CM_CR0 |= _BIT7;
1867   1      
1868   1          // Wait I2C Fifo Clk Switch to Mcu Clk
1869   1          while((MCU_FF5D_I2CM_SR & _BIT5) != _BIT5)
1870   1          {
1871   2              if(usTimeOutCnt == 0)
1872   2              {
1873   3                  // Reset(Block) IIC module
1874   3                  MCU_FF55_I2CM_CR0 &= ~_BIT7;
1875   3      
1876   3                  // Enable IIC module
1877   3                  MCU_FF55_I2CM_CR0 |= _BIT7;
1878   3      
1879   3                  return _FAIL;
1880   3              }
1881   2              else
1882   2              {
1883   3                  usTimeOutCnt--;
1884   3      
1885   3                  DELAY_5US();
1886   3              }
1887   2          }
1888   1      
1889   1          // Load Slave Address to IIC Buffer
1890   1          switch(ucSubAddrLength)
1891   1          {
1892   2              case 0:
1893   2      
1894   2                  // Set 1 byte for FRSIB
1895   2                  MCU_FF57_I2CM_CR2 &= ~(_BIT1 | _BIT0);
1896   2      
1897   2                  // Set no repeat start
1898   2                  MCU_FF58_I2CM_CR3 &= ~(_BIT4 | _BIT3);
1899   2      
1900   2                  // Load Slave Address to receive data
1901   2                  MCU_FF5E_I2CM_TD = ucSlaveAddr | _READ;
1902   2      
1903   2                  break;
1904   2      
1905   2              case 1:
1906   2      
1907   2                  // Set 2 bytes for FRSIB
1908   2                  MCU_FF57_I2CM_CR2 &= ~(_BIT1 | _BIT0);
1909   2                  MCU_FF57_I2CM_CR2 |= _BIT0;
1910   2      
1911   2                  // Set one repeat start
1912   2                  MCU_FF58_I2CM_CR3 &= ~_BIT4;
1913   2                  MCU_FF58_I2CM_CR3 |= _BIT3;
1914   2      
1915   2                  // Load Slave Address to IIC Buffer
1916   2                  MCU_FF5E_I2CM_TD = ucSlaveAddr | _WRITE;
1917   2      
1918   2                  // Load Sub-Address to IIC Buffer
1919   2                  MCU_FF5E_I2CM_TD = (BYTE)(usSubAddr);
1920   2      
1921   2                  // Load Slave Address to receive data
C51 COMPILER V9.60.0.0   SCALERCOMMONMCU                                                   09/21/2026 15:32:37 PAGE 33  

1922   2                  MCU_FF5E_I2CM_TD = ucSlaveAddr | _READ;
1923   2      
1924   2                  break;
1925   2      
1926   2              case 2:
1927   2      
1928   2                  // Set 3 bytes for FRSIB
1929   2                  MCU_FF57_I2CM_CR2 &= ~(_BIT1 | _BIT0);
1930   2                  MCU_FF57_I2CM_CR2 |= _BIT1;
1931   2      
1932   2                  // Set one repeat start
1933   2                  MCU_FF58_I2CM_CR3 &= ~_BIT4;
1934   2                  MCU_FF58_I2CM_CR3 |= _BIT3;
1935   2      
1936   2                  // Load Slave Address to IIC Buffer
1937   2                  MCU_FF5E_I2CM_TD = ucSlaveAddr | _WRITE;
1938   2      
1939   2                  // Load First Sub-Address to IIC Buffer
1940   2                  MCU_FF5E_I2CM_TD = (BYTE)((usSubAddr & 0xFF00) >> 8);
1941   2      
1942   2                  // Load Second Sub-Address to IIC Buffer
1943   2                  MCU_FF5E_I2CM_TD = (BYTE)(usSubAddr);
1944   2      
1945   2                  // Load Slave Address to receive data
1946   2                  MCU_FF5E_I2CM_TD = ucSlaveAddr | _READ;
1947   2      
1948   2                  break;
1949   2      
1950   2              default:
1951   2      
1952   2                  break;
1953   2          }
1954   1      
1955   1          // Set data length
1956   1          MCU_FF55_I2CM_CR0 &= ~(_BIT5 | _BIT4 | _BIT3 | _BIT2 | _BIT1);
1957   1          MCU_FF55_I2CM_CR0 |= (ucDataLength - 1) << 1;
1958   1      
1959   1          // IIC command Start
1960   1          MCU_FF55_I2CM_CR0 |= _BIT6;
1961   1      
1962   1          // Wait until Master Receive Complete
1963   1          usTimeOutCnt = 600;
1964   1      
1965   1          while((MCU_FF5D_I2CM_SR & 0x02) != 0x02)
1966   1          {
1967   2              if(usTimeOutCnt == 0)
1968   2              {
1969   3                  // Reset(Block) IIC module
1970   3                  MCU_FF55_I2CM_CR0 &= ~_BIT7;
1971   3      
1972   3                  // Enable IIC module
1973   3                  MCU_FF55_I2CM_CR0 |= _BIT7;
1974   3      
1975   3                  return _FAIL;
1976   3              }
1977   2              else
1978   2              {
1979   3                  usTimeOutCnt--;
1980   3      
1981   3                  DELAY_5US();
1982   3              }
1983   2          }
C51 COMPILER V9.60.0.0   SCALERCOMMONMCU                                                   09/21/2026 15:32:37 PAGE 34  

1984   1      
1985   1          // Wait I2C Fifo Clk Switch to Mcu Clk
1986   1          usTimeOutCnt = 600;
1987   1      
1988   1          while((MCU_FF5D_I2CM_SR & _BIT5) != _BIT5)
1989   1          {
1990   2              if(usTimeOutCnt == 0)
1991   2              {
1992   3                  // Reset(Block) IIC module
1993   3                  MCU_FF55_I2CM_CR0 &= ~_BIT7;
1994   3      
1995   3                  // Enable IIC module
1996   3                  MCU_FF55_I2CM_CR0 |= _BIT7;
1997   3      
1998   3                  return _FAIL;
1999   3              }
2000   2              else
2001   2              {
2002   3                  usTimeOutCnt--;
2003   3      
2004   3                  DELAY_5US();
2005   3              }
2006   2          }
2007   1      
2008   1          // Save received data
2009   1          for(ucI = 0; ucI < ucDataLength; ucI++)
2010   1          {
2011   2              *pucReadArray = MCU_FF5E_I2CM_TD;
2012   2              pucReadArray++;
2013   2          }
2014   1      
2015   1          // Clear all flags
2016   1          MCU_FF5D_I2CM_SR |= 0x07;
2017   1      
2018   1          return _SUCCESS;
2019   1      }
2020          
2021          //--------------------------------------------------
2022          // Description  : Write data to the selected device by IIC
2023          // Input Value  : ucSlaveAddr  --> Slave address
2024          //                usSubAddr    --> Start address of selected device
2025          //                usLength     --> Numbers of data we want to read
2026          //                pReadArray   --> Result array
2027          // Output Value : Write result (Fail/Success)
2028          //--------------------------------------------------
2029          #pragma save
2030          #pragma OT(8)
2031          bit ScalerMcuHwIICWrite(BYTE ucSlaveAddr, BYTE ucSubAddrLength, WORD usSubAddr, BYTE ucDataLength, BYTE *p
             -ucWriteArray, BYTE ucHwIICPinNum)
2032          {
2033   1          BYTE ucI = 0;
2034   1          WORD usTimeOutCnt = 600;
2035   1          BYTE ucTempLength = 0;
2036   1      
2037   1          ScalerPinshareHwIICPin(ucHwIICPinNum);
2038   1      
2039   1          // Reset(Block) IIC module
2040   1          MCU_FF55_I2CM_CR0 &= ~_BIT7;
2041   1      
2042   1          // Enable IIC module
2043   1          MCU_FF55_I2CM_CR0 |= _BIT7;
2044   1      
C51 COMPILER V9.60.0.0   SCALERCOMMONMCU                                                   09/21/2026 15:32:37 PAGE 35  

2045   1          // Set 1 byte for FRSIB
2046   1          MCU_FF57_I2CM_CR2 &= ~(_BIT1 | _BIT0);
2047   1      
2048   1          // Set no repeat start
2049   1          MCU_FF58_I2CM_CR3 &= ~(_BIT4 | _BIT3);
2050   1      
2051   1          // Wait I2C Fifo Clk Switch to Mcu Clk
2052   1          while((MCU_FF5D_I2CM_SR & _BIT5) != _BIT5)
2053   1          {
2054   2              if(usTimeOutCnt == 0)
2055   2              {
2056   3                  DebugMessageScaler("- IIC Write Time Out: FIFO Clock", 0xA1);
2057   3      
2058   3                  // Reset(Block) IIC module
2059   3                  MCU_FF55_I2CM_CR0 &= ~_BIT7;
2060   3      
2061   3                  // Enable IIC module
2062   3                  MCU_FF55_I2CM_CR0 |= _BIT7;
2063   3      
2064   3                  return _FAIL;
2065   3              }
2066   2              else
2067   2              {
2068   3                  usTimeOutCnt--;
2069   3      
2070   3                  DELAY_5US();
2071   3              }
2072   2          }
2073   1      
2074   1          // Load Slave Address to IIC Buffer
2075   1          MCU_FF5E_I2CM_TD = ucSlaveAddr | _WRITE;
2076   1      
2077   1          MCU_FF55_I2CM_CR0 &= ~(_BIT5 | _BIT4 | _BIT3 | _BIT2 | _BIT1);
2078   1      
2079   1          if(ucDataLength > 16)
2080   1          {
2081   2              pData[0] = 16;
2082   2          }
2083   1          else
2084   1          {
2085   2              pData[0] = ucDataLength;
2086   2          }
2087   1      
2088   1          switch(ucSubAddrLength)
2089   1          {
2090   2              case 0:
2091   2      
2092   2                  // Set data length
2093   2                  ucTempLength = ((pData[0] - 1) << 1);
2094   2      
2095   2                  break;
2096   2      
2097   2              case 1:
2098   2      
2099   2                  // Load Sub-Address to IIC Buffer
2100   2                  MCU_FF5E_I2CM_TD = (BYTE)(usSubAddr);
2101   2      
2102   2                  // Set data length
2103   2                  ucTempLength = (pData[0] << 1);
2104   2      
2105   2                  break;
2106   2      
C51 COMPILER V9.60.0.0   SCALERCOMMONMCU                                                   09/21/2026 15:32:37 PAGE 36  

2107   2              case 2:
2108   2      
2109   2                  // Load First Sub-Address to IIC Buffer
2110   2                  MCU_FF5E_I2CM_TD = (BYTE)((usSubAddr & 0xFF00) >> 8);
2111   2      
2112   2                  // Load Second Sub-Address to IIC Buffer
2113   2                  MCU_FF5E_I2CM_TD = (BYTE)(usSubAddr);
2114   2      
2115   2                  // Set data length
2116   2                  ucTempLength = ((pData[0] + 1) << 1);
2117   2      
2118   2                  break;
2119   2      
2120   2              default:
2121   2      
2122   2                  break;
2123   2          }
2124   1      
2125   1          if(ucDataLength <= 16)
2126   1          {
2127   2              // Load data to IIC buffer for transmission
2128   2              for(ucI = 0; ucI < pData[0]; ucI++)
2129   2              {
2130   3                  MCU_FF5E_I2CM_TD = *pucWriteArray;
2131   3                  pucWriteArray++;
2132   3              }
2133   2      
2134   2              // Send IIC command Start
2135   2              MCU_FF55_I2CM_CR0 = 0xC0 + ucTempLength;
2136   2          }
2137   1          else
2138   1          {
2139   2              // Disable HW TOR
2140   2              MCU_FF55_I2CM_CR0 &= ~_BIT0;
2141   2      
2142   2              // Enable Burst Mode
2143   2              MCU_FF57_I2CM_CR2 |= _BIT6;
2144   2      
2145   2              // Calcualte Burst Command
2146   2              pData[1] = (ucDataLength / 16) + ((ucDataLength % 16) ? 1 : 0);
2147   2      
2148   2              for(pData[2] = 0; pData[2] < pData[1]; pData[2]++)
2149   2              {
2150   3                  usTimeOutCnt = 600;
2151   3      
2152   3                  // Wait I2C Fifo Clk Switch to Mcu Clk
2153   3                  while((MCU_FF5D_I2CM_SR & _BIT5) != _BIT5)
2154   3                  {
2155   4                      if(usTimeOutCnt == 0)
2156   4                      {
2157   5                          DebugMessageScaler("- IIC Write Time Out: FIFO Clock", 0xA2);
2158   5      
2159   5                          // Reset(Block) IIC module
2160   5                          MCU_FF55_I2CM_CR0 &= ~_BIT7;
2161   5      
2162   5                          // Enable IIC module
2163   5                          MCU_FF55_I2CM_CR0 |= _BIT7;
2164   5      
2165   5                          // Disable Burst Mode
2166   5                          MCU_FF57_I2CM_CR2 &= ~_BIT6;
2167   5      
2168   5                          return _FAIL;
C51 COMPILER V9.60.0.0   SCALERCOMMONMCU                                                   09/21/2026 15:32:37 PAGE 37  

2169   5                      }
2170   4                      else
2171   4                      {
2172   5                          usTimeOutCnt--;
2173   5      
2174   5                          DELAY_5US();
2175   5                      }
2176   4                  }
2177   3      
2178   3                  // Load data to IIC buffer for transmission
2179   3                  for(ucI = 0; ucI < pData[0]; ucI++)
2180   3                  {
2181   4                      MCU_FF5E_I2CM_TD = *pucWriteArray;
2182   4                      pucWriteArray++;
2183   4                  }
2184   3      
2185   3                  if(pData[2] != 0)
2186   3                  {
2187   4                      // Set data length
2188   4                      ucTempLength = ((pData[0] - 1) << 1) & (_BIT5 | _BIT4 | _BIT3 | _BIT2 | _BIT1);
2189   4                  }
2190   3      
2191   3                  // Set Length and First Burst Command Start, Must Keep FF55[6] = 1 until Burst Mode end
2192   3                  MCU_FF55_I2CM_CR0 = 0xC0 + ucTempLength;
2193   3      
2194   3                  // Update Remaider Data Length
2195   3                  ucDataLength = ucDataLength - pData[0];
2196   3      
2197   3                  if(ucDataLength > 16)
2198   3                  {
2199   4                      pData[0] = 16;
2200   4                  }
2201   3                  else
2202   3                  {
2203   4                      pData[0] = ucDataLength;
2204   4                  }
2205   3      
2206   3                  if(pData[2] == (pData[1] - 1))
2207   3                  {
2208   4                      // Disable Burst Write
2209   4                      MCU_FF57_I2CM_CR2 &= ~_BIT6;
2210   4      
2211   4                      // Burst write again
2212   4                      MCU_FF5D_I2CM_SR |= (_BIT4 | _BIT3);
2213   4      
2214   4                      break;
2215   4                  }
2216   3                  else if(pData[2] != 0)
2217   3                  {
2218   4                      // Burst write again
2219   4                      MCU_FF5D_I2CM_SR |= (_BIT4 | _BIT3);
2220   4                  }
2221   3      
2222   3                  usTimeOutCnt = 600;
2223   3      
2224   3                  // Wait into Burst Wait State
2225   3                  while((MCU_FF5D_I2CM_SR & _BIT3) != _BIT3)
2226   3                  {
2227   4                      if(usTimeOutCnt == 0)
2228   4                      {
2229   5                          DebugMessageScaler("- IIC Write Time Out: Burst Mode", 0xA3);
2230   5      
C51 COMPILER V9.60.0.0   SCALERCOMMONMCU                                                   09/21/2026 15:32:37 PAGE 38  

2231   5                          // Reset(Block) IIC module
2232   5                          MCU_FF55_I2CM_CR0 &= ~_BIT7;
2233   5      
2234   5                          // Enable IIC module
2235   5                          MCU_FF55_I2CM_CR0 |= _BIT7;
2236   5      
2237   5                          // Disable Burst Mode
2238   5                          MCU_FF57_I2CM_CR2 &= ~_BIT6;
2239   5      
2240   5                          return _FAIL;
2241   5                      }
2242   4                      else
2243   4                      {
2244   5                          usTimeOutCnt--;
2245   5      
2246   5                          DELAY_5US();
2247   5                      }
2248   4                  }
2249   3              }
2250   2          }
2251   1      
2252   1          usTimeOutCnt = 600;
2253   1      
2254   1          // Wait until Master Transmit Complete
2255   1          while((MCU_FF5D_I2CM_SR & 0x01) != 0x01)
2256   1          {
2257   2              if(usTimeOutCnt == 0)
2258   2              {
2259   3                  DebugMessageScaler("- IIC Write Time Out: Transmit", 0xA4);
2260   3      
2261   3                  // Reset(Block) IIC module
2262   3                  MCU_FF55_I2CM_CR0 &= ~_BIT7;
2263   3      
2264   3                  // Enable IIC module
2265   3                  MCU_FF55_I2CM_CR0 |= _BIT7;
2266   3      
2267   3                  // Disable Burst Mode
2268   3                  MCU_FF57_I2CM_CR2 &= ~_BIT6;
2269   3      
2270   3                  return _FAIL;
2271   3              }
2272   2              else
2273   2              {
2274   3                  usTimeOutCnt--;
2275   3      
2276   3                  DELAY_5US();
2277   3              }
2278   2          }
2279   1      
2280   1          // Clear all flags
2281   1          MCU_FF5D_I2CM_SR |= 0x07;
2282   1      
2283   1          return _SUCCESS;
2284   1      }
2285          #pragma restore
2286          
2287          #endif  // End of #if(_HW_IIC_SUPPORT == _ON)
2288          
2289          #if(_UART_SUPPORT == _ON)
              //--------------------------------------------------
              // Description  : Write data to the selected device by UART
              // Input Value  : ucValue --> Data to be send
C51 COMPILER V9.60.0.0   SCALERCOMMONMCU                                                   09/21/2026 15:32:37 PAGE 39  

              // Output Value : Write result (Fail/Success)
              //--------------------------------------------------
              bit ScalerMcuUartWrite(BYTE ucValue)
              {
                  // at most 40ms delay when baudrate 300 bps
                  WORD usTimeOut = 8000;
              
                  // Disable Serial Port IRQ
                  ES = _DISABLE;
              
                  // Clear Flag
                  TI = 0;
              
                  // Load Data to Serial Port Buffer
                  SBUF = ucValue;
              
                  do
                  {
                      DELAY_5US();
                  }
                  while((TI == 0) && (--usTimeOut != 0));
              
                  // Enable Serial Port IRQ
                  ES = _ENABLE;
              
                  return ((TI != 0) && (usTimeOut != 0)) ? _TRUE : _FALSE;
              }
              #endif
2321          
2322          //--------------------------------------------------
2323          // Description  : ISP Initial Settings
2324          // Input Value  : None
2325          // Output Value : None
2326          //--------------------------------------------------
2327          void ScalerMcuIspInitial(void)
2328          {
2329   1          // Keep mcu peripheral(timer) running while mcu stopped by spi flash access
2330   1          MCU_FFEE_MCU_CLOCK_CONTROL |= _BIT6;
2331   1      }


MODULE INFORMATION:   STATIC OVERLAYABLE
   CODE SIZE        =   2552    ----
   CONSTANT SIZE    =     18    ----
   XDATA SIZE       =    164      47
   PDATA SIZE       =   ----    ----
   DATA SIZE        =      6    ----
   IDATA SIZE       =      1    ----
   BIT SIZE         =      3       3
END OF MODULE INFORMATION.


C51 COMPILATION COMPLETE.  0 WARNING(S),  0 ERROR(S)
