C51 COMPILER V8.12   SCALERCOMMONDPRX0HDCP2                                                09/16/2026 20:27:45 PAGE 1   


C51 COMPILER V8.12, COMPILATION OF MODULE SCALERCOMMONDPRX0HDCP2
OBJECT MODULE PLACED IN .\Output\RL6432_Project\ScalerCommonDPRx0HDCP2.obj
COMPILER INVOKED BY: c:\Keil\C51\BIN\C51.EXE Kernel\Scaler\ScalerCommonFunction\Code\ScalerCommonDPRx0HDCP2.c LARGE OPTI
                    -MIZE(9,SPEED) INCDIR(.\Output\RL6432;.\Project\Header;.\Pcb;.\Panel;.\Kernel\Device\Header;.\Kernel\Common;.\Kernel\Syst
                    -em\Header;.\Kernel\Scaler\ScalerFunction\Header;.\Kernel\Scaler\ScalerCommonFunction\Header;.\Kernel\Scaler\ScalerFuncti
                    -on\Lib\Header;.\Kernel\Scaler\ScalerCommonFunction\Lib\Header;.\Kernel\Scaler\RL6432_Series_Scaler\Header;.\Kernel\Scale
                    -r\RL6432_Series_Common\Header;.\Kernel\Scaler\RL6432_Series_Scaler\Lib\Header;.\Kernel\Scaler\RL6432_Series_Common\Lib\H
                    -eader;.\Kernel\User Common Function\Header;.\User\RTD Series\RTD2014Function\Header;.\User\RTD Series\RTD2014Osd\Header;
                    -.\User\RTD Factory\Header;.\User\None Series\NoneFunction\Header;.\User\None Series\NoneOsd\Header;.\User\None Factory\H
                    -eader) DEFINE(_PROJECT=_RL6432_PROJECT,_SCALER_TYPE=_RL6432_SERIES) DEBUG OBJECTEXTEND PRINT(.\Output\RL6432_Project\Sca
                    -lerCommonDPRx0HDCP2.lst) OBJECT(.\Output\RL6432_Project\ScalerCommonDPRx0HDCP2.obj)

line level    source

   1          /********************************************************************************/
   2          /*   Copyright (c) 2021 Realtek Semiconductor Corp. All rights reserved.        */
   3          /*                                                                              */
   4          /*   SPDX-License-Identifier: LicenseRef-Realtek-Proprietary                    */
   5          /*                                                                              */
   6          /*   This software component is confidential and proprietary to Realtek         */
   7          /*   Semiconductor Corp. Disclosure, reproduction, redistribution, in whole     */
   8          /*   or in part, of this work and its derivatives without express permission    */
   9          /*   is prohibited.                                                             */
  10          /********************************************************************************/
  11          
  12          //----------------------------------------------------------------------------------------------------
  13          // ID Code      : ScalerCommonDPRx0HDCP2.c No.0000
  14          // Update Note  :
  15          //----------------------------------------------------------------------------------------------------
  16          
  17          #include "ScalerCommonFunctionInclude.h"
  18          
  19          #if(_DP_HDCP_2_2_SUPPORT == _ON)
  20          #if(_D0_DP_EXIST == _ON)
  21          
  22          //****************************************************************************
  23          // DEFINITIONS / MACROS
  24          //****************************************************************************
  25          
  26          //****************************************************************************
  27          // STRUCT / TYPE / ENUM DEFINITTIONS
  28          //****************************************************************************
  29          
  30          //****************************************************************************
  31          // CODE TABLES
  32          //****************************************************************************
  33          
  34          //****************************************************************************
  35          // VARIABLE DECLARATIONS
  36          //****************************************************************************
  37          //----------------------------------------------------------------------------
  38          // Global Variables (XDATA) for Each Interface = 77 Bytes
  39          //----------------------------------------------------------------------------
  40          BYTE g_ucDPRx0Hdcp2Ctrl0;
  41          BYTE g_ucDPRx0Hdcp2Ctrl1;
  42          BYTE g_pucDpRx0Hdcp2dKey0[16];
  43          BYTE g_pucDpRx0Hdcp2dKey1[16];
  44          BYTE g_pucDpRx0Hdcp2Km[16];
  45          BYTE g_pucDpRx0Hdcp2Rtx[8];
  46          BYTE g_pucDpRx0Hdcp2TxCaps[3];
  47          BYTE g_pucDpRx0Hdcp2Rn[8];
C51 COMPILER V8.12   SCALERCOMMONDPRX0HDCP2                                                09/16/2026 20:27:45 PAGE 2   

  48          BYTE g_pucDpRx0Hdcp2Rrx[8];
  49          BYTE g_pucDpRx0Hdcp2VPrime[20];
  50          
  51          #if(_DP_TX_SUPPORT == _ON)
              StructDpRxHdcp2AuthInfo g_stDpRx0Hdcp2AuthInfo;
              #endif
  54          
  55          //****************************************************************************
  56          // FUNCTION DECLARATIONS
  57          //****************************************************************************
  58          void ScalerDpRx0Hdcp2Handler(void);
  59          void ScalerDpRx0Hdcp2Handler_EXINT0(void);
  60          BYTE ScalerDpRx0Hdcp2GetMessageID_EXINT0(void);
  61          void ScalerDpRx0Hdcp2LoadCertRrxKey(void);
  62          void ScalerDpRx0Hdcp2LoadDpcdValue_EXINT0(BYTE ucDpcdAccessPortH, BYTE ucDpcdAccessPortM, BYTE ucDpcdAcces
             -sPortL, BYTE ucLength, BYTE *pucReadArray);
  63          BYTE ScalerDpRx0Hdcp2MPrimeCalculate_EXINT0(void);
  64          void ScalerDpRx0Hdcp2ResetProc(void);
  65          void ScalerDpRx0Hdcp2ResetProc_EXINT0(void);
  66          void ScalerDpRx0Hdcp2SetAESType_EXINT0(void);
  67          void ScalerDpRx0Hdcp2ClearDpcdReadValue(BYTE ucRSAType, WORD usLength);
  68          void ScalerDpRx0Hdcp2SetDpcdReadValue_EXINT0(BYTE ucRSAType, BYTE *pucReadArray, WORD usLength);
  69          void ScalerDpRx0Hdcp2ClearDpcdReadValue_EXINT0(BYTE ucRSAType, WORD usLength);
  70          
  71          #if(_HDCP_2_2_ERRATA_TEST_SUPPORT == _ON)
              void ScalerDpRx0Hdcp2AesOnlineCtrlErrata(BYTE *pucInputArray, BYTE *pucCipherArray);
              BYTE ScalerDpRx0Hdcp2MPrimeCalculate(void);
              #endif
  75          
  76          bit ScalerDpRx0Hdcp2CaptureKpubKm(void);
  77          void ScalerDpRx0Hdcp2CalculateKmKh(void);
  78          
  79          #if(_WD_TIMER_INT_SUPPORT == _ON)
  80          void ScalerDpRx0Hdcp2SkeProc_WDINT(void);
  81          void ScalerDpRx0Hdcp2HPrimeProc_WDINT(void);
  82          void ScalerDpRx0Hdcp2LoadDpcdValue_WDINT(BYTE ucDpcdAccessPortH, BYTE ucDpcdAccessPortM, BYTE ucDpcdAccess
             -PortL, BYTE ucLength, BYTE *pucReadArray);
  83          void ScalerDpRx0Hdcp2AkeInitProc_WDINT(void);
  84          void ScalerDpRx0Hdcp2ClearDpcdReadValue_WDINT(BYTE ucRSAType, WORD usLength);
  85          void ScalerDpRx0Hdcp2SetDpcdReadValue_WDINT(BYTE ucRSAType, BYTE *pucReadArray, WORD usLength);
  86          #endif
  87          
  88          #if(_DP_TX_SUPPORT == _ON)
              void ScalerDpRx0Hdcp2RepeaterHandler(void);
              void ScalerDpRx0Hdcp2ChangeAuthState(EnumDpRxHdcp2RepeaterAuthState enumHdcp2AuthState);
              void ScalerDpRx0Hdcp2SetRepeaterProcTimeout(void);
              bit ScalerDpRx0Hdcp2CheckRxInfo(void);
              void ScalerDpRx0Hdcp2LoadReceiverIdList(void);
              bit ScalerDpRx0Hdcp2VComputeProc(void);
              bit ScalerDpRx0Hdcp2FakeAuthenProc(void);
              void ScalerDpRx0Hdcp2RepeaterCapableProc(void);
              void ScalerDpRx0Hdcp2ClearDpcdRepeaterInfo(void);
              #endif
  99          
 100          //****************************************************************************
 101          // FUNCTION DEFINITIONS
 102          //****************************************************************************
 103          //--------------------------------------------------
 104          // Description  : HDCP 2.2 Handler Process for DP Rx0
 105          // Input Value  : None
 106          // Output Value : None
 107          //--------------------------------------------------
C51 COMPILER V8.12   SCALERCOMMONDPRX0HDCP2                                                09/16/2026 20:27:45 PAGE 3   

 108          void ScalerDpRx0Hdcp2Handler(void)
 109          {
 110   1      #if(_HDCP_2_2_ERRATA_TEST_SUPPORT == _ON)
                  SET_DP_RX0_HDCP2_AKE_INIT_RECEIVED();
              #endif
 113   1      
 114   1          // Receiver Has Received AKE_INIT
 115   1          if(GET_DP_RX0_HDCP2_AKE_INIT_RECEIVED() == _TRUE)
 116   1          {
 117   2              CLR_DP_RX0_HDCP2_AKE_INIT_RECEIVED();
 118   2      
 119   2      #if(_DP_TX_SUPPORT == _ON)
                      if(GET_DP_RX0_HDCP2_REPEATER_CAPABLE() == _TRUE)
                      {
                          SET_DP_RX0_HDCP2_REPEATER_AUTH_1_START();
                      }
              
                      // Clear DPCD Repeater Info
                      ScalerDpRx0Hdcp2ClearDpcdRepeaterInfo();
              #endif
 128   2      
 129   2              DebugMessageHDCP2("[D0]AKE_INIT", 0);
 130   2      
 131   2      #if(_HDCP_2_2_ERRATA_TEST_SUPPORT == _ON)
                      // Reset HDCP Cipher
                      ScalerSetBit(P63_10_HDCP_RSA_CTRL0, ~_BIT3, 0x00);
                      ScalerSetBit(P63_10_HDCP_RSA_CTRL0, ~_BIT3, _BIT3);
              
                      g_pucDpRx0Hdcp2Rtx[0] = 0x18;
                      g_pucDpRx0Hdcp2Rtx[1] = 0xfa;
                      g_pucDpRx0Hdcp2Rtx[2] = 0xe4;
                      g_pucDpRx0Hdcp2Rtx[3] = 0x20;
                      g_pucDpRx0Hdcp2Rtx[4] = 0x6a;
                      g_pucDpRx0Hdcp2Rtx[5] = 0xfb;
                      g_pucDpRx0Hdcp2Rtx[6] = 0x51;
                      g_pucDpRx0Hdcp2Rtx[7] = 0x49;
              
                      g_pucDpRx0Hdcp2Rrx[0] = 0x3b;
                      g_pucDpRx0Hdcp2Rrx[1] = 0xa0;
                      g_pucDpRx0Hdcp2Rrx[2] = 0xbe;
                      g_pucDpRx0Hdcp2Rrx[3] = 0xde;
                      g_pucDpRx0Hdcp2Rrx[4] = 0x0c;
                      g_pucDpRx0Hdcp2Rrx[5] = 0x46;
                      g_pucDpRx0Hdcp2Rrx[6] = 0xa9;
                      g_pucDpRx0Hdcp2Rrx[7] = 0x91;
              
                      g_pucDpRx0Hdcp2TxCaps[0] = 0x02;
                      g_pucDpRx0Hdcp2TxCaps[1] = 0x00;
                      g_pucDpRx0Hdcp2TxCaps[2] = 0x00;
              
                      g_pucDPRx0Caps[0] = 0x02;
                      g_pucDPRx0Caps[1] = 0x00;
                      g_pucDPRx0Caps[2] = 0x03;
              
                      // Load Certrx to DPCD Table
                      ScalerDpRx0Hdcp2LoadCertRrxKey();
              #endif
 165   2          }
 166   1      
 167   1      #if(_HDCP_2_2_ERRATA_TEST_SUPPORT == _ON)
                  SET_DP_RX0_HDCP2_AKE_NO_STORED_KM_RECEIVED();
              #endif
C51 COMPILER V8.12   SCALERCOMMONDPRX0HDCP2                                                09/16/2026 20:27:45 PAGE 4   

 170   1      
 171   1          // Receiver Has received AKE_NO_STORED_KM
 172   1          if(GET_DP_RX0_HDCP2_AKE_NO_STORED_KM_RECEIVED() == _TRUE)
 173   1          {
 174   2              if(ScalerDpRx0Hdcp2CaptureKpubKm() == _TRUE)
 175   2              {
 176   3                  // Decrypt Km by FW to Get 128 bit Km
 177   3                  if(ScalerHdcp2RxRsaOaepCalculate(g_pucDpRx0Hdcp2Km) == _TRUE)
 178   3                  {
 179   4                      ScalerHdcp2DkeyCalculate(_HDCP_2_2_DKEY_0, g_pucDpRx0Hdcp2Rtx, g_pucDpRx0Hdcp2Rrx, g_pucDp
             -Rx0Hdcp2Km, g_pucDpRx0Hdcp2Rn);
 180   4      
 181   4                      memcpy(g_pucDpRx0Hdcp2dKey0, (volatile BYTE xdata *)P63_81_HDCP_AES_OUT_15, 16);
 182   4      
 183   4                      ScalerHdcp2DkeyCalculate(_HDCP_2_2_DKEY_1, g_pucDpRx0Hdcp2Rtx, g_pucDpRx0Hdcp2Rrx, g_pucDp
             -Rx0Hdcp2Km, g_pucDpRx0Hdcp2Rn);
 184   4      
 185   4                      memcpy(g_pucDpRx0Hdcp2dKey1, (volatile BYTE xdata *)P63_81_HDCP_AES_OUT_15, 16);
 186   4      
 187   4      #if(_HDCP_2_2_ERRATA_TEST_SUPPORT == _ON)
                              for(pData[0] = 0; pData[0] < 16; pData[0]++)
                              {
                                  DebugMessageHDCP2("Dkey0", g_pucDpRx0Hdcp2dKey0[pData[0]]);
                              }
              
                              for(pData[0] = 0; pData[0] < 16; pData[0]++)
                              {
                                  DebugMessageHDCP2("Dkey1", g_pucDpRx0Hdcp2dKey1[pData[0]]);
                              }
              #endif
 198   4      
 199   4                      if(ScalerHdcp2HPrimeCalculate(g_pucDpRx0Hdcp2dKey0, g_pucDpRx0Hdcp2dKey1, g_pucDpRx0Hdcp2R
             -tx, g_pucDpRx0Hdcp2TxCaps, g_pucDPRx0Caps) == _TRUE)
 200   4                      {
 201   5                          ScalerDpRx0Hdcp2CalculateKmKh();
 202   5                      }
 203   4                  }
 204   3              }
 205   2          }
 206   1      
 207   1          if(GET_DP_RX0_HDCP2_AKE_STORED_KM_RECEIVED() == _TRUE)
 208   1          {
 209   2              CLR_DP_RX0_HDCP2_AKE_STORED_KM_RECEIVED();
 210   2      
 211   2              DebugMessageHDCP2("[D0]AKE_STORED_KM", 0);
 212   2          }
 213   1      
 214   1      #if(_HDCP_2_2_ERRATA_TEST_SUPPORT == _ON)
                  SET_DP_RX0_HDCP2_LC_INIT_RECEIVED();
              #endif
 217   1      
 218   1          if(GET_DP_RX0_HDCP2_LC_INIT_RECEIVED() == _TRUE)
 219   1          {
 220   2      #if(_HDCP_2_2_ERRATA_TEST_SUPPORT == _ON)
                      BYTE pucSHA256[32];
                      memset(pucSHA256, 0, sizeof(pucSHA256));
              
                      g_pucDpRx0Hdcp2Rn[0] = 0x32;
                      g_pucDpRx0Hdcp2Rn[1] = 0x75;
                      g_pucDpRx0Hdcp2Rn[2] = 0x3e;
                      g_pucDpRx0Hdcp2Rn[3] = 0xa8;
                      g_pucDpRx0Hdcp2Rn[4] = 0x78;
C51 COMPILER V8.12   SCALERCOMMONDPRX0HDCP2                                                09/16/2026 20:27:45 PAGE 5   

                      g_pucDpRx0Hdcp2Rn[5] = 0xa6;
                      g_pucDpRx0Hdcp2Rn[6] = 0x38;
                      g_pucDpRx0Hdcp2Rn[7] = 0x1c;
              
                      if(ScalerHdcp2LPrimeCalculate(g_pucDpRx0Hdcp2dKey0, g_pucDpRx0Hdcp2dKey1, g_pucDpRx0Hdcp2Rrx, g_pu
             -cDpRx0Hdcp2Rn) == _TRUE)
                      {
                          // Load L prime to pucSHA256
                          memcpy(pucSHA256, (volatile BYTE xdata *)P63_35_HDCP_SHA_0, 32);
              
                          for(pData[0] = 0; pData[0] < 32; pData[0]++)
                          {
                              DebugMessageHDCP2("L Prime", pucSHA256[pData[0]]);
                          }
                      }
              #endif
 244   2      
 245   2              CLR_DP_RX0_HDCP2_LC_INIT_RECEIVED();
 246   2      
 247   2              DebugMessageHDCP2("[D0]LC_INIT", 0);
 248   2          }
 249   1      
 250   1      #if(_HDCP_2_2_ERRATA_TEST_SUPPORT == _ON)
                  SET_DP_RX0_HDCP2_SKE_SEND_EKS_RECEIVED();
              #endif
 253   1      
 254   1          if(GET_DP_RX0_HDCP2_SKE_SEND_EKS_RECEIVED() == _TRUE)
 255   1          {
 256   2      #if(_HDCP_2_2_ERRATA_TEST_SUPPORT == _ON)
                      BYTE pucEDkeyKs[16];
                      BYTE pucInputCipher[16];
                      BYTE pucRiv[8];
                      BYTE pucKs[16];
              
                      memset(pucInputCipher, 0, sizeof(pucInputCipher));
                      memset(pucKs, 0, sizeof(pucKs));
              
                      // Calculate Dkey 2
                      ScalerHdcp2DkeyCalculate(_HDCP_2_2_DKEY_2, g_pucDpRx0Hdcp2Rtx, g_pucDpRx0Hdcp2Rrx, g_pucDpRx0Hdcp2
             -Km, g_pucDpRx0Hdcp2Rn);
              
                      pucEDkeyKs[0] = 0x4c;
                      pucEDkeyKs[1] = 0x32;
                      pucEDkeyKs[2] = 0x47;
                      pucEDkeyKs[3] = 0x12;
                      pucEDkeyKs[4] = 0xc4;
                      pucEDkeyKs[5] = 0xbe;
                      pucEDkeyKs[6] = 0xc6;
                      pucEDkeyKs[7] = 0x69;
                      pucEDkeyKs[8] = 0x0a;
                      pucEDkeyKs[9] = 0xc2;
                      pucEDkeyKs[10] = 0x19;
                      pucEDkeyKs[11] = 0x64;
                      pucEDkeyKs[12] = 0xde;
                      pucEDkeyKs[13] = 0x91;
                      pucEDkeyKs[14] = 0xf1;
                      pucEDkeyKs[15] = 0x83;
              
                      pucRiv[0] = 0x40;
                      pucRiv[1] = 0x2b;
                      pucRiv[2] = 0x6b;
                      pucRiv[3] = 0x43;
C51 COMPILER V8.12   SCALERCOMMONDPRX0HDCP2                                                09/16/2026 20:27:45 PAGE 6   

                      pucRiv[4] = 0xc5;
                      pucRiv[5] = 0xe8;
                      pucRiv[6] = 0x86;
                      pucRiv[7] = 0xd8;
              
                      // Decode Ks
                      for(pData[0] = 0; pData[0] < 8; ++pData[0])
                      {
                          pucKs[pData[0]] = pucEDkeyKs[pData[0]] ^ ScalerGetByte((P63_81_HDCP_AES_OUT_15 + pData[0]));
                      }
              
                      for(pData[0] = 8; pData[0] < 16; ++pData[0])
                      {
                          pucKs[pData[0]] = pucEDkeyKs[pData[0]] ^ (ScalerGetByte((P63_81_HDCP_AES_OUT_15 + pData[0])) ^
             - g_pucDpRx0Hdcp2Rrx[pData[0] - 8]);
                      }
              
                      for(pData[0] = 0; pData[0] < 16; pData[0]++)
                      {
                          DebugMessageHDCP2("Ks", pucKs[pData[0]]);
                      }
              
                      SET_DP_RX0_HDCP2_AUTHENTICATION_DONE();
              
                      // Enable DP Link Integrity Check
                      ScalerSetBit(PB_1B_HDCP_INTGT_VRF, ~_BIT7, _BIT7);
              
                      // Enable Decryption
                      for(pData[0] = 0; pData[0] < 16; ++pData[0])
                      {
                          pucInputCipher[pData[0]] = pucKs[pData[0]] ^ g_stRxHdcp2DownLoadKeyType.pucHdcp2Lc[pData[0]];
                      }
              
                      // Enable AES Decryption Cipher
                      ScalerDpRx0Hdcp2AesOnlineCtrlErrata(pucRiv, pucInputCipher);
              #endif
 324   2      
 325   2              CLR_DP_RX0_HDCP2_SKE_SEND_EKS_RECEIVED();
 326   2      
 327   2      #if(_DP_TX_SUPPORT == _ON)
                      if(GET_DP_RX0_HDCP2_REPEATER_CAPABLE() == _TRUE)
                      {
                          SET_DP_RX0_HDCP2_REPEATER_AUTH_2_START();
                      }
              #endif
 333   2      
 334   2              DebugMessageHDCP2("[D0]SKE_SEND_EKS", 0);
 335   2          }
 336   1      
 337   1      #if(_HDCP_2_2_ERRATA_TEST_SUPPORT == _ON)
                  SET_DP_RX0_HDCP2_STREAM_MANAGE_RECEIVED();
              #endif
 340   1      
 341   1          if(GET_DP_RX0_HDCP2_STREAM_MANAGE_RECEIVED() == _TRUE)
 342   1          {
 343   2      #if(_HDCP_2_2_ERRATA_TEST_SUPPORT == _ON)
                      // Get M Prime
                      if(ScalerDpRx0Hdcp2MPrimeCalculate() == _TRUE)
                      {
                          for(pData[0] = 0; pData[0] < 32; pData[0]++)
                          {
                              g_pucHdcp2Sha256[pData[0]] = ScalerGetByte(P63_35_HDCP_SHA_0 + pData[0]);
C51 COMPILER V8.12   SCALERCOMMONDPRX0HDCP2                                                09/16/2026 20:27:45 PAGE 7   

              
                              DebugMessageHDCP2("M prime", g_pucHdcp2Sha256[pData[0]]);
                          }
                      }
              #endif
 355   2      
 356   2              CLR_DP_RX0_HDCP2_STREAM_MANAGE_RECEIVED();
 357   2      
 358   2      #if(_DP_TX_SUPPORT == _ON)
                      SET_DP_RX0_HDCP2_CONTENT_STREAM_MANAGEMENT();
              #endif
 361   2          }
 362   1      }
 363          //--------------------------------------------------
 364          // Description  : HDCP 2.2 Int Handler Process
 365          // Input Value  : None
 366          // Output Value : None
 367          //--------------------------------------------------
 368          void ScalerDpRx0Hdcp2Handler_EXINT0(void) using 1
 369          {
 370   1          BYTE ucMessageId = 0;
 371   1      
 372   1          // DP Global IRQ Flag
 373   1          if(ScalerGetBit_EXINT(PB7_DC_AUX_IRQ_STATUS, _BIT7) == _BIT7)
 374   1          {
 375   2              g_pucDpRx0Backup[0] = ScalerGetByte_EXINT(PB7_C1_DPCD_ADDR_PORT_H);
 376   2              g_pucDpRx0Backup[1] = ScalerGetByte_EXINT(PB7_C2_DPCD_ADDR_PORT_M);
 377   2              g_pucDpRx0Backup[2] = ScalerGetByte_EXINT(PB7_C3_DPCD_ADDR_PORT_L);
 378   2      
 379   2              // Backup Dpcd Auto Inc
 380   2              g_bDpRx0AutoInc = (ScalerGetBit_EXINT(PB7_C0_DPCD_CTRL, _BIT0) == _BIT0);
 381   2      
 382   2              // Disable Dpcd Auto Inc
 383   2              ScalerSetBit_EXINT(PB7_C0_DPCD_CTRL, ~_BIT0, 0x00);
 384   2      
 385   2              // Get HDCP2.2 Message ID
 386   2              ucMessageId = ScalerDpRx0Hdcp2GetMessageID_EXINT0();
 387   2      
 388   2              if(ucMessageId == _HDCP_2_2_NONE)
 389   2              {
 390   3                  ScalerSetByte_EXINT(PB7_C1_DPCD_ADDR_PORT_H, g_pucDpRx0Backup[0]);
 391   3                  ScalerSetByte_EXINT(PB7_C2_DPCD_ADDR_PORT_M, g_pucDpRx0Backup[1]);
 392   3                  ScalerSetByte_EXINT(PB7_C3_DPCD_ADDR_PORT_L, g_pucDpRx0Backup[2]);
 393   3      
 394   3                  // Restore Dpcd Auto Inc
 395   3                  ScalerSetBit_EXINT(PB7_C0_DPCD_CTRL, ~_BIT0, g_bDpRx0AutoInc);
 396   3      
 397   3                  return;
 398   3              }
 399   2              else
 400   2              {
 401   3                  // Switch HDCP to 2.2 Module from 1.4 Module
 402   3                  if(GET_DP_RX0_HDCP_MODE_EXINT() == _HDCP_14)
 403   3                  {
 404   4                      // Enable HDCP 2.2 Module
 405   4                      SET_DP_RX0_HDCP_MODE_EXINT(_HDCP_22);
 406   4                  }
 407   3              }
 408   2      
 409   2              switch(ucMessageId)
 410   2              {
 411   3                  case _HDCP_2_2_AKE_INIT:
C51 COMPILER V8.12   SCALERCOMMONDPRX0HDCP2                                                09/16/2026 20:27:45 PAGE 8   

 412   3      
 413   3                      // HDCP2 Reset Proc
 414   3                      ScalerDpRx0Hdcp2ResetProc_EXINT0();
 415   3      
 416   3                      // Save Transmitter Rtx to FW (MSB located at index 0)
 417   3                      ScalerDpRx0Hdcp2LoadDpcdValue_EXINT0(0x06, 0x90, 0x00, 8, g_pucDpRx0Hdcp2Rtx);
 418   3      
 419   3                      // Save TxCaps to FW (MSB located at index 0)
 420   3                      ScalerDpRx0Hdcp2LoadDpcdValue_EXINT0(0x06, 0x90, 0x08, 3, g_pucDpRx0Hdcp2TxCaps);
 421   3      
 422   3                      // Generate the psudo-random key of Rrx
 423   3                      ScalerHdcp2RxGenRrx_EXINT0(g_pucDpRx0Hdcp2Rrx);
 424   3      
 425   3                      // Load Rrx to DPCD Table (MSB located at index 0)
 426   3                      ScalerDpRx0Hdcp2SetDpcdReadValue_EXINT0(_HDCP_2_2_RRX, g_pucDpRx0Hdcp2Rrx, 8);
 427   3      
 428   3      #if(_WD_TIMER_INT_SUPPORT == _ON)
 429   3                      ScalerTimerWDCancelTimerEvent_EXINT0(_SCALER_WD_TIMER_EVENT_DP_RX0_HDCP2_SKE);
 430   3      
 431   3                      ScalerTimerWDCancelTimerEvent_EXINT0(_SCALER_WD_TIMER_EVENT_DP_RX0_HDCP2_H_PRIME);
 432   3      
 433   3                      ScalerTimerWDCancelTimerEvent_EXINT0(_SCALER_WD_TIMER_EVENT_DP_RX0_HDCP2_AKE_INIT);
 434   3      
 435   3                      // Execute AKE_INIT Procedure after 3msec
 436   3                      ScalerTimerWDActivateTimerEvent_EXINT0(3, _SCALER_WD_TIMER_EVENT_DP_RX0_HDCP2_AKE_INIT);
 437   3      #endif
 438   3      
 439   3      #if(_DP_HDCP_ARBITER_SUPPORT == _ON)
                              // Check if source doing HDCP handshake while HDCP capability disable
                              if(ScalerDpRx0GetDpcdBitInfo_EXINT0(0x06, 0x92, 0x1F, _BIT1) == 0x00)
                              {
                                  SET_DP_RX0_HDCP_HANDSHAKE_WO_CAP();
                              }
              #endif
 446   3      
 447   3                      SET_DP_RX0_HDCP2_AKE_INIT_RECEIVED();
 448   3      
 449   3                      break;
 450   3      
 451   3                  case _HDCP_2_2_AKE_NO_STORED_KM:
 452   3      
 453   3                      SET_DP_RX0_HDCP2_AKE_NO_STORED_KM_RECEIVED();
 454   3                      SET_DP_RX0_HDCP2_AUTHENTICATION_ACTIVE();
 455   3      
 456   3                      // If not clear (H' & Pairing Info) in WDINT in time, cancel the WD and clear it here;
 457   3                      if(GET_DP_RX0_HDCP2_CLEAR_DPCD_READ_VALUE_DONE() == _FALSE)
 458   3                      {
 459   4                          ScalerTimerWDCancelTimerEvent_EXINT0(_SCALER_WD_TIMER_EVENT_DP_RX0_HDCP2_AKE_INIT);
 460   4      
 461   4                          ScalerDpRx0Hdcp2ClearDpcdReadValue_EXINT0(_HDCP_2_2_RX_H_PRIME, 32);
 462   4                          ScalerDpRx0Hdcp2ClearDpcdReadValue_EXINT0(_HDCP_2_2_RX_PAIRING_INFO, 16);
 463   4                      }
 464   3      
 465   3                      break;
 466   3      
 467   3                  case _HDCP_2_2_AKE_SEND_PAIRING_INFO:
 468   3      
 469   3                      // Start Pairing AES Calculate
 470   3                      for(pData_EXINT[0] = 0; pData_EXINT[0] < 16; pData_EXINT[0]++)
 471   3                      {
 472   4                          if(pData_EXINT[0] < 8)
 473   4                          {
C51 COMPILER V8.12   SCALERCOMMONDPRX0HDCP2                                                09/16/2026 20:27:45 PAGE 9   

 474   5                              g_pucHdcp2M[pData_EXINT[0]] = g_pucDpRx0Hdcp2Rtx[pData_EXINT[0]];
 475   5                          }
 476   4                          else
 477   4                          {
 478   5                              g_pucHdcp2M[pData_EXINT[0]] = g_pucDpRx0Hdcp2Rrx[pData_EXINT[0] - 8];
 479   5                          }
 480   4                      }
 481   3      
 482   3                      // AES Cipher Calculate Ekh[km]
 483   3                      ScalerHdcp2RxAesOfflineCtrl_EXINT0(g_pucHdcp2M, g_pucHdcp2Kh);
 484   3      
 485   3                      // Calculate Ekh[km] = kh AES m XOR Km
 486   3                      for(pData_EXINT[0] = 0; pData_EXINT[0] < 16; pData_EXINT[0]++)
 487   3                      {
 488   4                          g_pucHdcp2EkhKm[pData_EXINT[0]] = ScalerGetByte_EXINT(P63_81_HDCP_AES_OUT_15 + pData_E
             -XINT[0]) ^ g_pucDpRx0Hdcp2Km[pData_EXINT[0]];
 489   4                      }
 490   3      
 491   3                      // Load Ekh_km prime to DPCD Table
 492   3                      for(pData_EXINT[0] = 0; pData_EXINT[0] < 16; pData_EXINT[0]++)
 493   3                      {
 494   4                          ScalerDpRx0SetDpcdValue_EXINT0(0x06, 0x92, (0xE0 + pData_EXINT[0]), g_pucHdcp2EkhKm[pD
             -ata_EXINT[0]]);
 495   4                      }
 496   3      
 497   3                      // Doesn't Assert Pairing Available CPIRQ Before H Prime CPIRQ
 498   3                      if(GET_DP_RX0_HDCP2_WAITING_H_PRIME_CPIRQ_ASSERTED() == _FALSE)
 499   3                      {
 500   4                          // Set Pairing Available Flag
 501   4                          ScalerDpRx0CpIRQ_EXINT0(_DP_HDCP2_PARING_AVAILABLE);
 502   4                      }
 503   3                      else
 504   3                      {
 505   4                          // Recoed Pairing Available CPIRQ Asserted Sataus
 506   4                          SET_DP_RX0_HDCP2_RECORD_PAIRING_INFO_CPIRQ_NO_ASSERTED();
 507   4                      }
 508   3      
 509   3                      break;
 510   3      
 511   3                  case _HDCP_2_2_AKE_STORED_KM:
 512   3      
 513   3                      // Save Ekh[km] From Transmitter to FW
 514   3                      ScalerDpRx0Hdcp2LoadDpcdValue_EXINT0(0x06, 0x92, 0xA0, 16, g_pucDpRx0Hdcp2Km);
 515   3      
 516   3                      // Save m From Transmitter to FW
 517   3                      ScalerDpRx0Hdcp2LoadDpcdValue_EXINT0(0x06, 0x92, 0xB0, 16, g_pucHdcp2M);
 518   3      
 519   3                      // Calculate Km use AES Cipher, Input Value = m, Input Cipher = Kh
 520   3                      ScalerHdcp2RxAesOfflineCtrl_EXINT0(g_pucHdcp2M, g_pucHdcp2Kh);
 521   3      
 522   3                      for(pData_EXINT[0] = 0; pData_EXINT[0] < 16; pData_EXINT[0]++)
 523   3                      {
 524   4                          g_pucDpRx0Hdcp2Km[pData_EXINT[0]] = g_pucDpRx0Hdcp2Km[pData_EXINT[0]] ^ ScalerGetByte_
             -EXINT(P63_81_HDCP_AES_OUT_15 + pData_EXINT[0]);
 525   4                      }
 526   3      
 527   3                      // Calculate DKey0
 528   3                      ScalerHdcp2DkeyCalculate_EXINT0(_HDCP_2_2_DKEY_0, g_pucDpRx0Hdcp2Rtx, g_pucDpRx0Hdcp2Rrx, 
             -g_pucDpRx0Hdcp2Km, g_pucDpRx0Hdcp2Rn);
 529   3      
 530   3                      for(pData_EXINT[0] = 0; pData_EXINT[0] < 16; pData_EXINT[0]++)
 531   3                      {
C51 COMPILER V8.12   SCALERCOMMONDPRX0HDCP2                                                09/16/2026 20:27:45 PAGE 10  

 532   4                          g_pucDpRx0Hdcp2dKey0[pData_EXINT[0]] = ScalerGetByte_EXINT(P63_81_HDCP_AES_OUT_15 + pD
             -ata_EXINT[0]);
 533   4                      }
 534   3      
 535   3                      // Calculate Dkey1
 536   3                      ScalerHdcp2DkeyCalculate_EXINT0(_HDCP_2_2_DKEY_1, g_pucDpRx0Hdcp2Rtx, g_pucDpRx0Hdcp2Rrx, 
             -g_pucDpRx0Hdcp2Km, g_pucDpRx0Hdcp2Rn);
 537   3      
 538   3                      for(pData_EXINT[0] = 0; pData_EXINT[0] < 16; pData_EXINT[0]++)
 539   3                      {
 540   4                          g_pucDpRx0Hdcp2dKey1[pData_EXINT[0]] = ScalerGetByte_EXINT(P63_81_HDCP_AES_OUT_15 + pD
             -ata_EXINT[0]);
 541   4                      }
 542   3      
 543   3                      // If not clear H' in WDINT in time, cancel the WD and clear it here;
 544   3                      if(GET_DP_RX0_HDCP2_CLEAR_DPCD_READ_VALUE_DONE() == _FALSE)
 545   3                      {
 546   4                          ScalerTimerWDCancelTimerEvent_EXINT0(_SCALER_WD_TIMER_EVENT_DP_RX0_HDCP2_AKE_INIT);
 547   4      
 548   4                          ScalerDpRx0Hdcp2ClearDpcdReadValue_EXINT0(_HDCP_2_2_RX_H_PRIME, 32);
 549   4                      }
 550   3      
 551   3                      ScalerTimerWDCancelTimerEvent_EXINT0(_SCALER_WD_TIMER_EVENT_DP_RX0_HDCP2_H_PRIME);
 552   3      
 553   3                      // Execute H' Procedure after 4msec
 554   3                      ScalerTimerWDActivateTimerEvent_EXINT0(4, _SCALER_WD_TIMER_EVENT_DP_RX0_HDCP2_H_PRIME);
 555   3      
 556   3                      break;
 557   3      
 558   3                  case _HDCP_2_2_LC_INIT:
 559   3      
 560   3                      // Save Transmitter Rn to FW
 561   3                      ScalerDpRx0Hdcp2LoadDpcdValue_EXINT0(0x06, 0x92, 0xF0, 8, g_pucDpRx0Hdcp2Rn);
 562   3      
 563   3                      // If not clear L' in WDINT in time, cancel the WD and clear it here;
 564   3                      if(GET_DP_RX0_HDCP2_CLEAR_DPCD_READ_VALUE_DONE() == _FALSE)
 565   3                      {
 566   4                          ScalerTimerWDCancelTimerEvent_EXINT0(_SCALER_WD_TIMER_EVENT_DP_RX0_HDCP2_AKE_INIT);
 567   4      
 568   4                          ScalerDpRx0Hdcp2ClearDpcdReadValue_EXINT0(_HDCP_2_2_RX_L_PRIME, 32);
 569   4                      }
 570   3      
 571   3                      if(ScalerHdcp2LPrimeCalculate_EXINT0(g_pucDpRx0Hdcp2dKey0, g_pucDpRx0Hdcp2dKey1, g_pucDpRx
             -0Hdcp2Rrx, g_pucDpRx0Hdcp2Rn) == _TRUE)
 572   3                      {
 573   4                          // Load L prime to g_pucHdcp2Sha256
 574   4                          for(pData_EXINT[0] = 0; pData_EXINT[0] < 32; pData_EXINT[0]++)
 575   4                          {
 576   5                              g_pucHdcp2Sha256[pData_EXINT[0]] = ScalerGetByte_EXINT(P63_35_HDCP_SHA_0 + pData_E
             -XINT[0]);
 577   5                          }
 578   4      
 579   4                          // Load L prime to DPCD Table
 580   4                          ScalerDpRx0Hdcp2SetDpcdReadValue_EXINT0(_HDCP_2_2_RX_L_PRIME, g_pucHdcp2Sha256, 32);
 581   4                      }
 582   3      
 583   3                      SET_DP_RX0_HDCP2_LC_INIT_RECEIVED();
 584   3      
 585   3                      break;
 586   3      
 587   3                  case _HDCP_2_2_SKE_SEND_EKS:
 588   3      
C51 COMPILER V8.12   SCALERCOMMONDPRX0HDCP2                                                09/16/2026 20:27:45 PAGE 11  

 589   3                      ScalerTimerWDCancelTimerEvent_EXINT0(_SCALER_WD_TIMER_EVENT_DP_RX0_HDCP2_SKE);
 590   3      
 591   3                      // Execute Ske_Send_Eks Procedure after 4msec
 592   3                      ScalerTimerWDActivateTimerEvent_EXINT0(4, _SCALER_WD_TIMER_EVENT_DP_RX0_HDCP2_SKE);
 593   3      
 594   3                      break;
 595   3      
 596   3                  case _HDCP_2_2_SKE_TYPE_VALUE:
 597   3      
 598   3                      // Set AES Type
 599   3                      if(ScalerDpRx0GetDpcdInfo_EXINT0(0x06, 0x94, 0x94) == 0x00)
 600   3                      {
 601   4                          // Type = 0x00
 602   4                          ScalerSetByte_EXINT(PB_93_HDCP_TYPE_AES_0, 0x00);
 603   4                      }
 604   3                      else
 605   3                      {
 606   4                          if(GET_DP_RX0_HDCP2_AUTHENTICATION_DONE() == _TRUE)
 607   4                          {
 608   5                              // Disable HDCP2.2 Auth. Done
 609   5                              ScalerSetBit_EXINT(PB_20_HDCP_DEBUG, ~_BIT4, 0x00);
 610   5      
 611   5                              CLR_DP_RX0_HDCP2_AUTHENTICATION_DONE();
 612   5      
 613   5                              // Delay Time us [200, x]
 614   5                              for(pData_EXINT[0] = 0; pData_EXINT[0] < 40; pData_EXINT[0]++)
 615   5                              {
 616   6                                  DELAY_5US_EXINT();
 617   6                              }
 618   5                          }
 619   4      
 620   4                          // Type = 0x01 or Type = 0x02 - 0xFF
 621   4                          ScalerSetByte_EXINT(PB_93_HDCP_TYPE_AES_0, 0x01);
 622   4      
 623   4                          // Enable HDCP2.2 Auth. Done
 624   4                          ScalerSetBit_EXINT(PB_20_HDCP_DEBUG, ~_BIT4, _BIT4);
 625   4      
 626   4                          SET_DP_RX0_HDCP2_AUTHENTICATION_DONE();
 627   4                      }
 628   3      
 629   3                      break;
 630   3      
 631   3                  case _HDCP_2_2_REPEATERAUTH_STREAM_MANAGE:
 632   3      
 633   3                      // If not clear M' in WDINT in time, cancel the WD and clear it here;
 634   3                      if(GET_DP_RX0_HDCP2_CLEAR_DPCD_READ_VALUE_DONE() == _FALSE)
 635   3                      {
 636   4                          ScalerTimerWDCancelTimerEvent_EXINT0(_SCALER_WD_TIMER_EVENT_DP_RX0_HDCP2_AKE_INIT);
 637   4      
 638   4                          ScalerDpRx0Hdcp2ClearDpcdReadValue_EXINT0(_HDCP_2_2_RX_M_PRIME, 32);
 639   4                      }
 640   3      
 641   3                      // Get M Prime
 642   3                      if(ScalerDpRx0Hdcp2MPrimeCalculate_EXINT0() == _TRUE)
 643   3                      {
 644   4                          for(pData_EXINT[0] = 0; pData_EXINT[0] < 32; pData_EXINT[0]++)
 645   4                          {
 646   5                              g_pucHdcp2Sha256[pData_EXINT[0]] = ScalerGetByte_EXINT(P63_35_HDCP_SHA_0 + pData_E
             -XINT[0]);
 647   5                          }
 648   4      
 649   4                          // Load M prime to DPCD Table
C51 COMPILER V8.12   SCALERCOMMONDPRX0HDCP2                                                09/16/2026 20:27:45 PAGE 12  

 650   4                          ScalerDpRx0Hdcp2SetDpcdReadValue_EXINT0(_HDCP_2_2_RX_M_PRIME, g_pucHdcp2Sha256, 32);
 651   4      
 652   4                          // Set AES Type
 653   4                          ScalerDpRx0Hdcp2SetAESType_EXINT0();
 654   4      
 655   4                          // Enable HDCP2.2 Auth. Done
 656   4                          ScalerSetBit_EXINT(PB_20_HDCP_DEBUG, ~_BIT4, _BIT4);
 657   4      
 658   4                          SET_DP_RX0_HDCP2_AUTHENTICATION_DONE();
 659   4      
 660   4                          SET_DP_RX0_HDCP2_STREAM_MANAGE_RECEIVED();
 661   4                      }
 662   3      
 663   3                      break;
 664   3      
 665   3                  default:
 666   3                      break;
 667   3              }
 668   2      
 669   2              ScalerSetByte_EXINT(PB7_C1_DPCD_ADDR_PORT_H, g_pucDpRx0Backup[0]);
 670   2              ScalerSetByte_EXINT(PB7_C2_DPCD_ADDR_PORT_M, g_pucDpRx0Backup[1]);
 671   2              ScalerSetByte_EXINT(PB7_C3_DPCD_ADDR_PORT_L, g_pucDpRx0Backup[2]);
 672   2      
 673   2              // Restore Dpcd Auto Inc
 674   2              ScalerSetBit_EXINT(PB7_C0_DPCD_CTRL, ~_BIT0, g_bDpRx0AutoInc);
 675   2          }
 676   1      }
 677          //--------------------------------------------------
 678          // Description  : Get HDCP 2.2 Message ID Code
 679          // Input Value  : None
 680          // Output Value : Message ID Code
 681          //--------------------------------------------------
 682          BYTE ScalerDpRx0Hdcp2GetMessageID_EXINT0(void) using 1
 683          {
 684   1          // Write Ake Initial
 685   1          if((ScalerGetBit_EXINT(_REG_DP_RX0_HDCP2_ADDR_A3, _BIT3) == _BIT3) && (ScalerGetBit_EXINT(_REG_DP_RX0_
             -HDCP2_ADDR_A4, _BIT3) == _BIT3))
 686   1          {
 687   2              // CLR Flag
 688   2              ScalerSetByte_EXINT(_REG_DP_RX0_HDCP2_ADDR_A4, _BIT3);
 689   2      
 690   2              return _HDCP_2_2_AKE_INIT;
 691   2          }
 692   1      
 693   1          // Write AKE No Store Km
 694   1          if((ScalerGetBit_EXINT(_REG_DP_RX0_HDCP2_ADDR_A3, _BIT7) == _BIT7) && (ScalerGetBit_EXINT(_REG_DP_RX0_
             -HDCP2_ADDR_A4, _BIT7) == _BIT7))
 695   1          {
 696   2              // CLR Flag
 697   2              ScalerSetByte_EXINT(_REG_DP_RX0_HDCP2_ADDR_A4, _BIT7);
 698   2      
 699   2              return _HDCP_2_2_AKE_NO_STORED_KM;
 700   2          }
 701   1      
 702   1          // Read HPrime
 703   1          if((ScalerGetBit_EXINT(_REG_DP_RX0_HDCP2_ADDR_FB, _BIT4) == _BIT4) && (ScalerGetBit_EXINT(_REG_DP_RX0_
             -HDCP2_ADDR_FB, _BIT5) == _BIT5))
 704   1          {
 705   2              // Disable INT
 706   2              ScalerSetBit_EXINT(_REG_DP_RX0_HDCP2_ADDR_FB, ~(_BIT7 | _BIT5 | _BIT4 | _BIT3 | _BIT1), 0x00);
 707   2      
 708   2              // CLR Flag
C51 COMPILER V8.12   SCALERCOMMONDPRX0HDCP2                                                09/16/2026 20:27:45 PAGE 13  

 709   2              ScalerSetBit_EXINT(_REG_DP_RX0_HDCP2_ADDR_FB, ~(_BIT7 | _BIT5 | _BIT3 | _BIT1), _BIT5);
 710   2      
 711   2              return _HDCP_2_2_AKE_SEND_PAIRING_INFO;
 712   2          }
 713   1      
 714   1          // Write AKE Store Km
 715   1          if((ScalerGetBit_EXINT(_REG_DP_RX0_HDCP2_ADDR_A3, _BIT6) == _BIT6) && (ScalerGetBit_EXINT(_REG_DP_RX0_
             -HDCP2_ADDR_A4, _BIT6) == _BIT6))
 716   1          {
 717   2              // CLR Flag
 718   2              ScalerSetByte_EXINT(_REG_DP_RX0_HDCP2_ADDR_A4, _BIT6);
 719   2      
 720   2              return _HDCP_2_2_AKE_STORED_KM;
 721   2          }
 722   1      
 723   1          // Write Locality Check Initial
 724   1          if((ScalerGetBit_EXINT(_REG_DP_RX0_HDCP2_ADDR_A3, _BIT4) == _BIT4) && (ScalerGetBit_EXINT(_REG_DP_RX0_
             -HDCP2_ADDR_A4, _BIT4) == _BIT4))
 725   1          {
 726   2              // CLR Flag
 727   2              ScalerSetByte_EXINT(_REG_DP_RX0_HDCP2_ADDR_A4, _BIT4);
 728   2      
 729   2              return _HDCP_2_2_LC_INIT;
 730   2          }
 731   1      
 732   1          // Write SEK Send
 733   1          if((ScalerGetBit_EXINT(_REG_DP_RX0_HDCP2_ADDR_A5, _BIT4) == _BIT4) && (ScalerGetBit_EXINT(_REG_DP_RX0_
             -HDCP2_ADDR_A5, _BIT0) == _BIT0))
 734   1          {
 735   2              // CLR Flag
 736   2              ScalerSetBit_EXINT(_REG_DP_RX0_HDCP2_ADDR_A5, ~(_BIT2 | _BIT1 | _BIT0), _BIT0);
 737   2      
 738   2              return _HDCP_2_2_SKE_SEND_EKS;
 739   2          }
 740   1      
 741   1          // Write Cipher Type
 742   1          if((ScalerGetBit_EXINT(_REG_DP_RX0_HDCP2_ADDR_A5, _BIT5) == _BIT5) && (ScalerGetBit_EXINT(_REG_DP_RX0_
             -HDCP2_ADDR_A5, _BIT1) == _BIT1))
 743   1          {
 744   2              // CLR Flag
 745   2              ScalerSetBit_EXINT(_REG_DP_RX0_HDCP2_ADDR_A5, ~(_BIT2 | _BIT1 | _BIT0), _BIT1);
 746   2      
 747   2              return _HDCP_2_2_SKE_TYPE_VALUE;
 748   2          }
 749   1      
 750   1          // Write Stream ID Type
 751   1          if((ScalerGetBit_EXINT(_REG_DP_RX0_HDCP2_ADDR_A3, _BIT5) == _BIT5) && (ScalerGetBit_EXINT(_REG_DP_RX0_
             -HDCP2_ADDR_A4, _BIT5) == _BIT5))
 752   1          {
 753   2              // CLR Flag
 754   2              ScalerSetByte_EXINT(_REG_DP_RX0_HDCP2_ADDR_A4, _BIT5);
 755   2      
 756   2              return _HDCP_2_2_REPEATERAUTH_STREAM_MANAGE;
 757   2          }
 758   1      
 759   1          return _HDCP_2_2_NONE;
 760   1      }
 761          //--------------------------------------------------
 762          // Description  : HDCP 2.2 Load Certificate Key
 763          // Input Value  : None
 764          // Output Value : None
 765          //--------------------------------------------------
C51 COMPILER V8.12   SCALERCOMMONDPRX0HDCP2                                                09/16/2026 20:27:45 PAGE 14  

 766          void ScalerDpRx0Hdcp2LoadCertRrxKey(void)
 767          {
 768   1          for(PDATA_WORD(0) = 0; PDATA_WORD(0) < 522; PDATA_WORD(0)++)
 769   1          {
 770   2              PDATA_WORD(1) = 0x900B + PDATA_WORD(0);
 771   2      
 772   2              ScalerDpRx0SetDpcdValue(0x06, pData[2], pData[3], g_stRxHdcp2DownLoadKeyType.pucHdcp2Certrx[PDATA_
             -WORD(0)]);
 773   2          }
 774   1      }
 775          //--------------------------------------------------
 776          // Description  : HDCP 2.2 Down Load Value in INT
 777          // Input Value  : ucDpcdAccessPortH --> High Byte of DPCD Address
 778          //                ucDpcdAccessPortM --> Middle Byte of DPCD Address
 779          //                ucDpcdAccessPortL --> Low Bye of DPCD Adress
 780          //                usLength == > Length,
 781          //                pReadArray == > Key Array
 782          // Output Value : None
 783          //--------------------------------------------------
 784          void ScalerDpRx0Hdcp2LoadDpcdValue_EXINT0(BYTE ucDpcdAccessPortH, BYTE ucDpcdAccessPortM, BYTE ucDpcdAcces
             -sPortL, BYTE ucLength, BYTE *pucReadArray) using 1
 785          {
 786   1          pData_EXINT[2] = ucDpcdAccessPortM;
 787   1          pData_EXINT[3] = ucDpcdAccessPortL;
 788   1      
 789   1          // Load Value To FW
 790   1          for(pData_EXINT[0] = 0; pData_EXINT[0] < ucLength; pData_EXINT[0]++)
 791   1          {
 792   2              pucReadArray[pData_EXINT[0]] = ScalerDpRx0GetDpcdInfo_EXINT0(ucDpcdAccessPortH, pData_EXINT[2], pD
             -ata_EXINT[3]);
 793   2      
 794   2              PDATA_WORD_EXINT(1) = PDATA_WORD_EXINT(1) + 1;
 795   2          }
 796   1      }
 797          //--------------------------------------------------
 798          // Description  : Get M Prime
 799          // Input Value  : None
 800          // Output Value : None
 801          //--------------------------------------------------
 802          BYTE ScalerDpRx0Hdcp2MPrimeCalculate_EXINT0(void) using 1
 803          {
 804   1          BYTE pucSHA256Input[64];
 805   1          memset(pucSHA256Input, 0, sizeof(pucSHA256Input));
 806   1      
 807   1          // Get kd
 808   1          for(pData_EXINT[0] = 0; pData_EXINT[0] < 64; pData_EXINT[0]++)
 809   1          {
 810   2              if(pData_EXINT[0] < 16)
 811   2              {
 812   3                  pucSHA256Input[pData_EXINT[0]] = g_pucDpRx0Hdcp2dKey0[pData_EXINT[0]];
 813   3              }
 814   2              else if(pData_EXINT[0] < 32)
 815   2              {
 816   3                  pucSHA256Input[pData_EXINT[0]] = g_pucDpRx0Hdcp2dKey1[pData_EXINT[0] - 16];
 817   3              }
 818   2              else
 819   2              {
 820   3                  pucSHA256Input[pData_EXINT[0]] = 0;
 821   3              }
 822   2          }
 823   1      
 824   1          pucSHA256Input[32] = 0x80;
C51 COMPILER V8.12   SCALERCOMMONDPRX0HDCP2                                                09/16/2026 20:27:45 PAGE 15  

 825   1          pucSHA256Input[62] = 0x01;
 826   1      
 827   1          // Get SHA256(kd)
 828   1          if(ScalerHdcp2RxSha256Calculate_EXINT0(pucSHA256Input, 0) == _TRUE)
 829   1          {
 830   2              for(pData_EXINT[0] = 0; pData_EXINT[0] < 64; pData_EXINT[0]++)
 831   2              {
 832   3                  if(pData_EXINT[0] < 32)
 833   3                  {
 834   4                      g_pucHdcp2HmacSha256CipherInput[pData_EXINT[0]] = ScalerGetByte_EXINT(P63_35_HDCP_SHA_0 + 
             -pData_EXINT[0]);
 835   4                  }
 836   3                  else
 837   3                  {
 838   4                      g_pucHdcp2HmacSha256CipherInput[pData_EXINT[0]] = 0;
 839   4                  }
 840   3              }
 841   2          }
 842   1      
 843   1          // Get # of StreamID_Type Length, StreamID_Type = stream_ID1 || Type || stream_ID2 || Type || .....
 844   1          pData_EXINT[1] = ScalerDpRx0GetDpcdInfo_EXINT0(0x06, 0x93, 0xF4) * 2;
 845   1      
 846   1          // Stuff streamID_Type
 847   1          for(pData_EXINT[0] = 0; pData_EXINT[0] < pData_EXINT[1]; pData_EXINT[0]++)
 848   1          {
 849   2              g_pucHdcp2HmacSha256Input[pData_EXINT[0]] = ScalerDpRx0GetDpcdInfo_EXINT0(0x06, 0x93, 0xF5 + pData
             -_EXINT[0]);
 850   2          }
 851   1      
 852   1          // Stuff seq_num_M
 853   1          for(pData_EXINT[0] = 0; pData_EXINT[0] < 3; pData_EXINT[0]++)
 854   1          {
 855   2              g_pucHdcp2HmacSha256Input[pData_EXINT[1] + pData_EXINT[0]] = ScalerDpRx0GetDpcdInfo_EXINT0(0x06, 0
             -x93, (0xF0 + pData_EXINT[0]));
 856   2          }
 857   1      
 858   1          g_pucHdcp2HmacSha256Input[pData_EXINT[1] + 3] = 0x80;
 859   1      
 860   1          for(pData_EXINT[0] = pData_EXINT[1] + 4; pData_EXINT[0] < 64; pData_EXINT[0]++)
 861   1          {
 862   2              g_pucHdcp2HmacSha256Input[pData_EXINT[0]] = 0;
 863   2          }
 864   1      
 865   1          // 8 * (StreamID_Type + seq_num_M + SHA256(kd))
 866   1          PDATA_WORD_EXINT(1) = 8 * (pData_EXINT[1] + 3 + 64);
 867   1      
 868   1          g_pucHdcp2HmacSha256Input[62] = pData_EXINT[2];
 869   1          g_pucHdcp2HmacSha256Input[63] = pData_EXINT[3];
 870   1      
 871   1          if(ScalerHdcp2RxHmacSha256Calculate_EXINT0(g_pucHdcp2HmacSha256Input, g_pucHdcp2HmacSha256CipherInput)
             - == _TRUE)
 872   1          {
 873   2              return _TRUE;
 874   2          }
 875   1      
 876   1          return _FALSE;
 877   1      }
 878          //--------------------------------------------------
 879          // Description  : HDCP 2.2 Reset Proc
 880          // Input Value  : None
 881          // Output Value : None
 882          //--------------------------------------------------
C51 COMPILER V8.12   SCALERCOMMONDPRX0HDCP2                                                09/16/2026 20:27:45 PAGE 16  

 883          void ScalerDpRx0Hdcp2ResetProc(void)
 884          {
 885   1      #if(_DP_HDCP_ARBITER_SUPPORT == _ON)
                  if(GET_REG_DP_RX0_MAC_ASSIGNED() == _TRUE)
              #endif
 888   1          {
 889   2              // Disable HDCP2.2 Auth. Done
 890   2              ScalerSetBit(PB_20_HDCP_DEBUG, ~_BIT4, 0x00);
 891   2      
 892   2              // Clear Type Value
 893   2              ScalerSetByte(PB_93_HDCP_TYPE_AES_0, 0x00);
 894   2      
 895   2              // Clear AES STx Type
 896   2      #if(_HW_DP_RX_HDCP2_ONLINE_AES_COUNT == _DP_RX_HDCP2_ONLINE_AES_2SET)
 897   2              ScalerSetBit(PB_95_HDCP_ST_TYPE, ~(_BIT7 | _BIT6 | _BIT5 | _BIT4 | _BIT3), 0x00);
 898   2      #endif
 899   2      
 900   2              // Reset HDCP Block
 901   2              ScalerSetBit(PB_01_PHY_DIG_RESET_CTRL, ~_BIT0, _BIT0);
 902   2              ScalerSetBit(PB_01_PHY_DIG_RESET_CTRL, ~_BIT0, 0x00);
 903   2      
 904   2              // Disable HDCP2.2
 905   2              SET_DP_RX0_HDCP_MODE(_HDCP_14);
 906   2          }
 907   1      
 908   1          // Disable Type INT
 909   1          ScalerSetBit(_REG_DP_RX0_HDCP2_ADDR_A5, ~(_BIT5 | _BIT2 | _BIT1 | _BIT0), 0x00);
 910   1      
 911   1          SET_DP_RX0_AUX_MANUAL_MODE();
 912   1      
 913   1          // Reset 69494h Type Value. Be Careful. If Clear this Address which is Writed by Source, Must Disable 
             -INT Function First.
 914   1          ScalerDpRx0SetDpcdValue(0x06, 0x94, 0x94, 0x00);
 915   1      
 916   1          SET_DP_RX0_AUX_AUTO_MODE();
 917   1      
 918   1          // Clear Type INT Flag
 919   1          ScalerSetBit(_REG_DP_RX0_HDCP2_ADDR_A5, ~(_BIT2 | _BIT1 | _BIT0), _BIT1);
 920   1      
 921   1          // Enable Type INT
 922   1          ScalerSetBit(_REG_DP_RX0_HDCP2_ADDR_A5, ~(_BIT5 | _BIT2 | _BIT1 | _BIT0), _BIT5);
 923   1      
 924   1          // Disable Read DPCD 692DFh(HPrime) INT
 925   1          ScalerSetBit(_REG_DP_RX0_HDCP2_ADDR_FB, ~(_BIT7 | _BIT5 | _BIT4 | _BIT3 | _BIT1), 0x00);
 926   1      
 927   1          // Clear Read DPCD 692DF(HPrime) INT Flag
 928   1          ScalerSetBit(_REG_DP_RX0_HDCP2_ADDR_FB, ~(_BIT7 | _BIT5 | _BIT3 | _BIT1), _BIT5);
 929   1      
 930   1          // Clear RxStatus REAUTH_REQ
 931   1          ScalerDpRx0SetDpcdValue(0x06, 0x94, 0x93, (ScalerDpRx0GetDpcdInfo(0x06, 0x94, 0x93) & 0xE0));
 932   1      
 933   1      #if(_WD_TIMER_INT_SUPPORT == _ON)
 934   1          ScalerTimerWDCancelTimerEvent(_SCALER_WD_TIMER_EVENT_DP_RX0_HDCP2_AKE_INIT);
 935   1      #endif
 936   1      
 937   1          ScalerDpRx0Hdcp2ClearDpcdReadValue(_HDCP_2_2_RX_H_PRIME, 32);
 938   1          ScalerDpRx0Hdcp2ClearDpcdReadValue(_HDCP_2_2_RX_L_PRIME, 32);
 939   1          ScalerDpRx0Hdcp2ClearDpcdReadValue(_HDCP_2_2_RX_M_PRIME, 32);
 940   1          ScalerDpRx0Hdcp2ClearDpcdReadValue(_HDCP_2_2_RX_PAIRING_INFO, 16);
 941   1      
 942   1          CLR_DP_RX0_HDCP2_AUTHENTICATION_DONE();
 943   1          CLR_DP_RX0_HDCP2_AKE_INIT_RECEIVED();
C51 COMPILER V8.12   SCALERCOMMONDPRX0HDCP2                                                09/16/2026 20:27:45 PAGE 17  

 944   1          CLR_DP_RX0_HDCP2_AKE_NO_STORED_KM_RECEIVED();
 945   1          CLR_DP_RX0_HDCP2_AKE_STORED_KM_RECEIVED();
 946   1          CLR_DP_RX0_HDCP2_LC_INIT_RECEIVED();
 947   1          CLR_DP_RX0_HDCP2_SKE_SEND_EKS_RECEIVED();
 948   1          CLR_DP_RX0_HDCP2_AUTHENTICATION_ACTIVE();
 949   1      
 950   1      #if(_DP_TX_SUPPORT == _ON)
                  CLR_DP_RX0_HDCP2_REPEATER_AUTH_1_START();
                  CLR_DP_RX0_HDCP2_REPEATER_AUTH_2_START();
              
                  ScalerDpRx0Hdcp2ChangeAuthState(_DP_RX_HDCP2_REPEATER_STATE_IDLE);
              
                  ScalerDpRx0Hdcp2ClearDpcdReadValue(_HDCP_2_2_RX_V_PRIME, 190);
              #endif
 958   1      }
 959          //--------------------------------------------------
 960          // Description  : HDCP 2.2 Reset Proc in INT
 961          // Input Value  : None
 962          // Output Value : None
 963          //--------------------------------------------------
 964          void ScalerDpRx0Hdcp2ResetProc_EXINT0(void) using 1
 965          {
 966   1      #if(_DP_HDCP_ARBITER_SUPPORT == _ON)
                  if(GET_REG_DP_RX0_MAC_ASSIGNED_EXINT() == _TRUE)
              #endif
 969   1          {
 970   2              // Disable HDCP2.2 Auth. Done
 971   2              ScalerSetBit_EXINT(PB_20_HDCP_DEBUG, ~_BIT4, 0x00);
 972   2      
 973   2              // Clear Type Value
 974   2              ScalerSetByte_EXINT(PB_93_HDCP_TYPE_AES_0, 0x00);
 975   2      
 976   2              // Clear AES STx Type
 977   2      #if(_HW_DP_RX_HDCP2_ONLINE_AES_COUNT == _DP_RX_HDCP2_ONLINE_AES_2SET)
 978   2              ScalerSetBit_EXINT(PB_95_HDCP_ST_TYPE, ~(_BIT7 | _BIT6 | _BIT5 | _BIT4 | _BIT3), 0x00);
 979   2      #endif
 980   2          }
 981   1      
 982   1          // Disable Type INT
 983   1          ScalerSetBit_EXINT(_REG_DP_RX0_HDCP2_ADDR_A5, ~(_BIT5 | _BIT2 | _BIT1 | _BIT0), 0x00);
 984   1      
 985   1          // Reset 69494h Type Value. Be Careful. If Clear this Address which is Writed by Source, Must Disable 
             -INT Function First.
 986   1          ScalerDpRx0SetDpcdValue_EXINT0(0x06, 0x94, 0x94, 0x00);
 987   1      
 988   1          // Clear Type INT Flag
 989   1          ScalerSetBit_EXINT(_REG_DP_RX0_HDCP2_ADDR_A5, ~(_BIT2 | _BIT1 | _BIT0), _BIT1);
 990   1      
 991   1          // Enable Type INT
 992   1          ScalerSetBit_EXINT(_REG_DP_RX0_HDCP2_ADDR_A5, ~(_BIT5 | _BIT2 | _BIT1 | _BIT0), _BIT5);
 993   1      
 994   1          // Disable Read DPCD 692DFh(HPrime) INT
 995   1          ScalerSetBit_EXINT(_REG_DP_RX0_HDCP2_ADDR_FB, ~(_BIT7 | _BIT5 | _BIT4 | _BIT3 | _BIT1), 0x00);
 996   1      
 997   1          // Clear Read DPCD 692DF(HPrime) INT Flag
 998   1          ScalerSetBit_EXINT(_REG_DP_RX0_HDCP2_ADDR_FB, ~(_BIT7 | _BIT5 | _BIT3 | _BIT1), _BIT5);
 999   1      
1000   1          // Clear RxStatus REAUTH_REQ and Link Intergrity Failure for HDCP 2.2
1001   1          ScalerDpRx0SetDpcdValue_EXINT0(0x06, 0x94, 0x93, (ScalerDpRx0GetDpcdInfo_EXINT0(0x06, 0x94, 0x93) & 0x
             -E0));
1002   1      
1003   1          // Clear Bstatus REAUTH_REQ and Link Intergrity Failure for HDCP 1.4
C51 COMPILER V8.12   SCALERCOMMONDPRX0HDCP2                                                09/16/2026 20:27:45 PAGE 18  

1004   1          ScalerDpRx0SetDpcdValue_EXINT0(0x06, 0x80, 0x29, (ScalerDpRx0GetDpcdInfo_EXINT0(0x06, 0x80, 0x29) & 0x
             -F0));
1005   1      
1006   1          CLR_DP_RX0_HDCP2_AUTHENTICATION_DONE();
1007   1          CLR_DP_RX0_HDCP2_AKE_INIT_RECEIVED();
1008   1          CLR_DP_RX0_HDCP2_AKE_NO_STORED_KM_RECEIVED();
1009   1          CLR_DP_RX0_HDCP2_AKE_STORED_KM_RECEIVED();
1010   1          CLR_DP_RX0_HDCP2_LC_INIT_RECEIVED();
1011   1          CLR_DP_RX0_HDCP2_SKE_SEND_EKS_RECEIVED();
1012   1          CLR_DP_RX0_HDCP2_AUTHENTICATION_ACTIVE();
1013   1          CLR_DP_RX0_HDCP2_CLEAR_DPCD_READ_VALUE_DONE();
1014   1      
1015   1      #if(_DP_TX_SUPPORT == _ON)
                  CLR_DP_RX0_HDCP2_REPEATER_AUTH_1_START();
                  CLR_DP_RX0_HDCP2_REPEATER_AUTH_2_START();
              #endif
1019   1      }
1020          
1021          //--------------------------------------------------
1022          // Description  : Set AES Type
1023          // Input Value  : None
1024          // Output Value : Message ID Code
1025          //--------------------------------------------------
1026          void ScalerDpRx0Hdcp2SetAESType_EXINT0(void) using 1
1027          {
1028   1          // StreamID = 0 for SST Case
1029   1          if(ScalerDpRx0GetDpcdInfo_EXINT0(0x06, 0x93, 0xF5) == 0x00)
1030   1          {
1031   2              // Set AES Type
1032   2              if(ScalerDpRx0GetDpcdInfo_EXINT0(0x06, 0x93, 0xF6) == 0x00)
1033   2              {
1034   3                  // Type = 0x00
1035   3                  ScalerSetByte_EXINT(_REG_DP_RX0_HDCP2_TYPE_AES0_VALUE, 0x00);
1036   3              }
1037   2              else
1038   2              {
1039   3                  // Type = 0x01 or Type = 0x02 - 0xFF
1040   3                  ScalerSetByte_EXINT(_REG_DP_RX0_HDCP2_TYPE_AES0_VALUE, 0x01);
1041   3              }
1042   2          }
1043   1      #if((_DP_MST_SUPPORT == _ON) && (_HW_DP_RX_HDCP2_ONLINE_AES_COUNT == _DP_RX_HDCP2_ONLINE_AES_2SET))
                  else
                  {
                      // Get # of Stream
                      pData_EXINT[3] = ScalerDpRx0GetDpcdInfo_EXINT0(0x06, 0x93, 0xF4);
              
                      // Set STx AES Type
                      for(pData_EXINT[0] = 0; pData_EXINT[0] < pData_EXINT[3]; pData_EXINT[0]++)
                      {
                          for(pData_EXINT[1] = 0; pData_EXINT[1] < 5; pData_EXINT[1]++)
                          {
                              if(g_pucDpStreamToIdMapping[pData_EXINT[1]] == ScalerDpRx0GetDpcdInfo_EXINT0(0x06, 0x93, 0
             -xF5 + (2 * pData_EXINT[0])))
                              {
                                  pData_EXINT[2] = ScalerDpRx0GetDpcdInfo_EXINT0(0x06, 0x93, 0xF5 + (2 * pData_EXINT[0])
             - + 1);
              
                                  if(pData_EXINT[2] == 0x00)
                                  {
                                      // Type = 0x00
                                      ScalerSetBit_EXINT(PB_95_HDCP_ST_TYPE, ~(_BIT7 >> pData_EXINT[1]), 0x00);
                                  }
C51 COMPILER V8.12   SCALERCOMMONDPRX0HDCP2                                                09/16/2026 20:27:45 PAGE 19  

                                  else
                                  {
                                      // Type = 0x01 or Type = 0x02 - 0xFF
                                      ScalerSetBit_EXINT(PB_95_HDCP_ST_TYPE, ~(_BIT7 >> pData_EXINT[1]), (_BIT7 >> pData
             -_EXINT[1]));
                                  }
                              }
                          }
                      }
                  }
              #endif
1073   1      }
1074          
1075          //--------------------------------------------------
1076          // Description  : Clear HDCP Receiver Public Key Certificate
1077          // Input Value  : Public Key / Write Length
1078          // Output Value : None
1079          //--------------------------------------------------
1080          void ScalerDpRx0Hdcp2ClearDpcdReadValue(BYTE ucRSAType, WORD usLength)
1081          {
1082   1          switch(ucRSAType)
1083   1          {
1084   2              case _HDCP_2_2_RRX:
1085   2      
1086   2                  pData[1] = 0x06;
1087   2                  pData[2] = 0x92;
1088   2                  pData[3] = 0x15;
1089   2      
1090   2                  break;
1091   2      
1092   2              case _HDCP_2_2_RX_H_PRIME:
1093   2      
1094   2                  pData[1] = 0x06;
1095   2                  pData[2] = 0x92;
1096   2                  pData[3] = 0xC0;
1097   2      
1098   2                  break;
1099   2      
1100   2              case _HDCP_2_2_RX_PAIRING_INFO:
1101   2      
1102   2                  pData[1] = 0x06;
1103   2                  pData[2] = 0x92;
1104   2                  pData[3] = 0xE0;
1105   2      
1106   2                  break;
1107   2      
1108   2              case _HDCP_2_2_RX_L_PRIME:
1109   2      
1110   2                  pData[1] = 0x06;
1111   2                  pData[2] = 0x92;
1112   2                  pData[3] = 0xF8;
1113   2      
1114   2                  break;
1115   2      
1116   2              case _HDCP_2_2_RX_M_PRIME:
1117   2      
1118   2                  pData[1] = 0x06;
1119   2                  pData[2] = 0x94;
1120   2                  pData[3] = 0x73;
1121   2      
1122   2                  break;
1123   2      
C51 COMPILER V8.12   SCALERCOMMONDPRX0HDCP2                                                09/16/2026 20:27:45 PAGE 20  

1124   2              case _HDCP_2_2_RX_V_PRIME:
1125   2      
1126   2                  pData[1] = 0x06;
1127   2                  pData[2] = 0x93;
1128   2                  pData[3] = 0x32;
1129   2      
1130   2                  break;
1131   2      
1132   2              default:
1133   2      
1134   2                  return;
1135   2          }
1136   1      
1137   1          for(pData[0] = 0; pData[0] < usLength; pData[0]++)
1138   1          {
1139   2              ScalerDpRx0SetDpcdValue(pData[1], pData[2], pData[3], 0x00);
1140   2              PDATA_WORD(1) = PDATA_WORD(1) + 1;
1141   2          }
1142   1      }
1143          
1144          
1145          //--------------------------------------------------
1146          // Description  : Download HDCP Receiver Public Key Certificate
1147          // Input Value  : Public Key / Write Length
1148          // Output Value : None
1149          //--------------------------------------------------
1150          void ScalerDpRx0Hdcp2SetDpcdReadValue_EXINT0(BYTE ucRSAType, BYTE *pucReadArray, WORD usLength) using 1
1151          {
1152   1          switch(ucRSAType)
1153   1          {
1154   2              case _HDCP_2_2_RRX:
1155   2      
1156   2                  pData_EXINT[1] = 0x06;
1157   2                  pData_EXINT[2] = 0x92;
1158   2                  pData_EXINT[3] = 0x15;
1159   2      
1160   2                  break;
1161   2      
1162   2              case _HDCP_2_2_RX_H_PRIME:
1163   2      
1164   2                  pData_EXINT[1] = 0x06;
1165   2                  pData_EXINT[2] = 0x92;
1166   2                  pData_EXINT[3] = 0xC0;
1167   2      
1168   2                  break;
1169   2      
1170   2              case _HDCP_2_2_RX_L_PRIME:
1171   2      
1172   2                  pData_EXINT[1] = 0x06;
1173   2                  pData_EXINT[2] = 0x92;
1174   2                  pData_EXINT[3] = 0xF8;
1175   2      
1176   2                  break;
1177   2      
1178   2              case _HDCP_2_2_RX_M_PRIME:
1179   2      
1180   2                  pData_EXINT[1] = 0x06;
1181   2                  pData_EXINT[2] = 0x94;
1182   2                  pData_EXINT[3] = 0x73;
1183   2      
1184   2                  break;
1185   2      
C51 COMPILER V8.12   SCALERCOMMONDPRX0HDCP2                                                09/16/2026 20:27:45 PAGE 21  

1186   2              default:
1187   2      
1188   2                  return;
1189   2          }
1190   1      
1191   1          for(pData_EXINT[0] = 0; pData_EXINT[0] < usLength; pData_EXINT[0]++)
1192   1          {
1193   2              ScalerDpRx0SetDpcdValue_EXINT0(pData_EXINT[1], pData_EXINT[2], pData_EXINT[3], pucReadArray[pData_
             -EXINT[0]]);
1194   2              PDATA_WORD_EXINT(1) = PDATA_WORD_EXINT(1) + 1;
1195   2          }
1196   1      }
1197          
1198          //--------------------------------------------------
1199          // Description  : Clear HDCP Receiver Public Key Certificate
1200          // Input Value  : Public Key / Write Length
1201          // Output Value : None
1202          //--------------------------------------------------
1203          void ScalerDpRx0Hdcp2ClearDpcdReadValue_EXINT0(BYTE ucRSAType, WORD usLength) using 1
1204          {
1205   1          switch(ucRSAType)
1206   1          {
1207   2              case _HDCP_2_2_RRX:
1208   2      
1209   2                  pData_EXINT[1] = 0x06;
1210   2                  pData_EXINT[2] = 0x92;
1211   2                  pData_EXINT[3] = 0x15;
1212   2      
1213   2                  break;
1214   2      
1215   2              case _HDCP_2_2_RX_H_PRIME:
1216   2      
1217   2                  pData_EXINT[1] = 0x06;
1218   2                  pData_EXINT[2] = 0x92;
1219   2                  pData_EXINT[3] = 0xC0;
1220   2      
1221   2                  break;
1222   2      
1223   2              case _HDCP_2_2_RX_PAIRING_INFO:
1224   2      
1225   2                  pData_EXINT[1] = 0x06;
1226   2                  pData_EXINT[2] = 0x92;
1227   2                  pData_EXINT[3] = 0xE0;
1228   2      
1229   2                  break;
1230   2      
1231   2              case _HDCP_2_2_RX_L_PRIME:
1232   2      
1233   2                  pData_EXINT[1] = 0x06;
1234   2                  pData_EXINT[2] = 0x92;
1235   2                  pData_EXINT[3] = 0xF8;
1236   2      
1237   2                  break;
1238   2      
1239   2              case _HDCP_2_2_RX_M_PRIME:
1240   2      
1241   2                  pData_EXINT[1] = 0x06;
1242   2                  pData_EXINT[2] = 0x94;
1243   2                  pData_EXINT[3] = 0x73;
1244   2      
1245   2                  break;
1246   2      
C51 COMPILER V8.12   SCALERCOMMONDPRX0HDCP2                                                09/16/2026 20:27:45 PAGE 22  

1247   2              case _HDCP_2_2_RX_V_PRIME:
1248   2      
1249   2                  pData_EXINT[1] = 0x06;
1250   2                  pData_EXINT[2] = 0x93;
1251   2                  pData_EXINT[3] = 0x32;
1252   2      
1253   2                  break;
1254   2      
1255   2              default:
1256   2      
1257   2                  return;
1258   2          }
1259   1      
1260   1          for(pData_EXINT[0] = 0; pData_EXINT[0] < usLength; pData_EXINT[0]++)
1261   1          {
1262   2              ScalerDpRx0SetDpcdValue_EXINT0(pData_EXINT[1], pData_EXINT[2], pData_EXINT[3], 0x00);
1263   2              PDATA_WORD_EXINT(1) = PDATA_WORD_EXINT(1) + 1;
1264   2          }
1265   1      }
1266          
1267          #if(_HDCP_2_2_ERRATA_TEST_SUPPORT == _ON)
              //--------------------------------------------------
              // Description  : HDCP 2.2 On-Line AES Ctrl
              // Input Value  : *pucInputArray, *pucCipherArray
              // Output Value : None
              //--------------------------------------------------
              void ScalerDpRx0Hdcp2AesOnlineCtrlErrata(BYTE *pucInputArray, BYTE *pucCipherArray)
              {
                  memcpy((volatile BYTE xdata *)PB_81_HDCP_AES_CIPHER_KEY_15, pucCipherArray, 16);
                  memcpy((volatile BYTE xdata *)PB_55_RIV0, pucInputArray, 8);
              }
              
              //--------------------------------------------------
              // Description  : Get M Prime
              // Input Value  : None
              // Output Value : None
              //--------------------------------------------------
              BYTE ScalerDpRx0Hdcp2MPrimeCalculate(void)
              {
                  BYTE pucSHA256Input[64];
                  BYTE pucKd[32];
              
                  memset(pucSHA256Input, 0, sizeof(pucSHA256Input));
              
                  pucKd[0] = 0x4f;
                  pucKd[1] = 0x14;
                  pucKd[2] = 0x8d;
                  pucKd[3] = 0x11;
                  pucKd[4] = 0xdd;
                  pucKd[5] = 0x49;
                  pucKd[6] = 0x18;
                  pucKd[7] = 0x10;
                  pucKd[8] = 0x6f;
                  pucKd[9] = 0xab;
                  pucKd[10] = 0x16;
                  pucKd[11] = 0x6f;
                  pucKd[12] = 0xf6;
                  pucKd[13] = 0xfd;
                  pucKd[14] = 0xa6;
                  pucKd[15] = 0xed;
                  pucKd[16] = 0xb5;
                  pucKd[17] = 0x02;
C51 COMPILER V8.12   SCALERCOMMONDPRX0HDCP2                                                09/16/2026 20:27:45 PAGE 23  

                  pucKd[18] = 0x0c;
                  pucKd[19] = 0x0d;
                  pucKd[20] = 0xf2;
                  pucKd[21] = 0x81;
                  pucKd[22] = 0xba;
                  pucKd[23] = 0xdf;
                  pucKd[24] = 0xe4;
                  pucKd[25] = 0x19;
                  pucKd[26] = 0x77;
                  pucKd[27] = 0xfa;
                  pucKd[28] = 0xd0;
                  pucKd[29] = 0xac;
                  pucKd[30] = 0x61;
                  pucKd[31] = 0x17;
              
                  // Get kd
                  for(pData[0] = 0; pData[0] < 64; pData[0]++)
                  {
                      if(pData[0] < 32)
                      {
                          pucSHA256Input[pData[0]] = pucKd[pData[0]];
                      }
                      else
                      {
                          pucSHA256Input[pData[0]] = 0;
                      }
                  }
              
                  pucSHA256Input[32] = 0x80;
                  pucSHA256Input[62] = 0x01;
              
                  // Get SHA256(kd)
                  if(ScalerHdcp2RxSha256Calculate(pucSHA256Input, 0) == _TRUE)
                  {
                      for(pData[0] = 0; pData[0] < 64; pData[0]++)
                      {
                          if(pData[0] < 32)
                          {
                              g_pucHdcp2HmacSha256CipherInput[pData[0]] = ScalerGetByte(P63_35_HDCP_SHA_0 + pData[0]);
                          }
                          else
                          {
                              g_pucHdcp2HmacSha256CipherInput[pData[0]] = 0;
                          }
                      }
                  }
              
                  for(pData[0] = 0; pData[0] < 64; pData[0]++)
                  {
                      DebugMessageHDCP2("SHA256(kd)", g_pucHdcp2HmacSha256CipherInput[pData[0]]);
                  }
              
                  // StreamID
                  g_pucHdcp2HmacSha256Input[0] = 0x00;
              
                  // Type
                  g_pucHdcp2HmacSha256Input[1] = 0x01;
              
                  // Stuff seq_num_M
                  g_pucHdcp2HmacSha256Input[2] = 0x00;
                  g_pucHdcp2HmacSha256Input[3] = 0x00;
                  g_pucHdcp2HmacSha256Input[4] = 0x00;
C51 COMPILER V8.12   SCALERCOMMONDPRX0HDCP2                                                09/16/2026 20:27:45 PAGE 24  

              
                  g_pucHdcp2HmacSha256Input[5] = 0x80;
              
                  for(pData[0] = 6; pData[0] < 64; pData[0]++)
                  {
                      g_pucHdcp2HmacSha256Input[pData[0]] = 0;
                  }
              
                  // 8 * ( StreamID_Type + seq_M + Kd )
                  PDATA_WORD(1) = 8 * (2 + 3 + 64);
              
                  g_pucHdcp2HmacSha256Input[62] = pData[2];
                  g_pucHdcp2HmacSha256Input[63] = pData[3];
              
                  if(ScalerHdcp2RxHmacSha256Calculate(g_pucHdcp2HmacSha256Input, g_pucHdcp2HmacSha256CipherInput) == _TR
             -UE)
                  {
                      return _TRUE;
                  }
              
                  return _FALSE;
              }
              #endif // End of #if(_HDCP_2_2_ERRATA_TEST_SUPPORT == _ON)
1393          
1394          //--------------------------------------------------
1395          // Description  : Capture Kpub/Km
1396          // Input Value  : None
1397          // Output Value : _TRUE or _FALSE
1398          //--------------------------------------------------
1399          bit ScalerDpRx0Hdcp2CaptureKpubKm(void)
1400          {
1401   1          BYTE pucKpubKm[128];
1402   1          memset(pucKpubKm, 0, sizeof(pucKpubKm));
1403   1      
1404   1          CLR_DP_RX0_HDCP2_AKE_NO_STORED_KM_RECEIVED();
1405   1          CLR_DP_RX0_HDCP2_AUTHENTICATION_ACTIVE();
1406   1      
1407   1          DebugMessageHDCP2("[D0]AKE_NO_STORED_KM", 0);
1408   1      
1409   1      #if(_HDCP_2_2_ERRATA_TEST_SUPPORT == _ON)
                  for(pData[0] = 0; pData[0] < 128; pData[0]++)
                  {
                      pucKpubKm[pData[0]] = g_stRxHdcp2DownLoadKeyType.pucHdcp2KpubKm[pData[0]];
              
                      DebugMessageHDCP2("[D0]Ekpub(km)", pucKpubKm[pData[0]]);
                  }
              #else
1417   1          // Save Transmitter Ekpub[km] to FW
1418   1          for(pData[0] = 0; pData[0] < 128; pData[0]++)
1419   1          {
1420   2              pucKpubKm[pData[0]] = ScalerDpRx0GetDpcdInfo(0x06, 0x92, (0x20 + pData[0]));
1421   2          }
1422   1      #endif
1423   1      
1424   1          // Decrypt Ekpub[km]
1425   1          return (ScalerHdcp2RxRsaCalculate(pucKpubKm) == _TRUE);
1426   1      }
1427          
1428          //--------------------------------------------------
1429          // Description  : Load H_Prime and Calculate Pairing
1430          // Input Value  : None
1431          // Output Value : None
C51 COMPILER V8.12   SCALERCOMMONDPRX0HDCP2                                                09/16/2026 20:27:45 PAGE 25  

1432          //--------------------------------------------------
1433          void ScalerDpRx0Hdcp2CalculateKmKh(void)
1434          {
1435   1          BYTE pucSHA256[32];
1436   1      
1437   1      #if(_HDCP_2_2_ERRATA_TEST_SUPPORT == _ON)
                  BYTE pucM[16];
                  memset(pucM, 0, sizeof(pucM));
              #endif
1441   1          memset(pucSHA256, 0, sizeof(pucSHA256));
1442   1      
1443   1          // Load H prime to pucSHA256
1444   1          memcpy(pucSHA256, (volatile BYTE xdata *)P63_35_HDCP_SHA_0, 32);
1445   1      
1446   1      #if(_HDCP_2_2_ERRATA_TEST_SUPPORT == _ON)
                  for(pData[0] = 0; pData[0] < 32; pData[0]++)
                  {
                      DebugMessageHDCP2("H prime", pucSHA256[pData[0]]);
                  }
              #endif
1452   1      
1453   1          SET_DP_RX0_AUX_MANUAL_MODE();
1454   1      
1455   1          // Load H prime to DPCD Table
1456   1          for(pData[0] = 0; pData[0] < 32; pData[0]++)
1457   1          {
1458   2              ScalerDpRx0SetDpcdValue(0x06, 0x92, (0xC0 + pData[0]), pucSHA256[pData[0]]);
1459   2          }
1460   1      
1461   1          // Initialize Waiting To Assert H Prime_CPIRQ To Check if H' Is Read By Source Before CPIRQ With H Pir
             -me Available Is Asserted
1462   1          SET_DP_RX0_HDCP2_WAITING_H_PRIME_CPIRQ_ASSERTED();
1463   1      
1464   1          // Initialize Pairing Available CPIRQ Flag To Record Pairing Available CPIRQ Asserted Status
1465   1          CLR_DP_RX0_HDCP2_RECORD_PAIRING_INFO_CPIRQ_NO_ASSERTED();
1466   1      
1467   1          // Clear Read DPCD 692DF(HPrime) INT Flag
1468   1          ScalerSetBit(_REG_DP_RX0_HDCP2_ADDR_FB, ~(_BIT7 | _BIT5 | _BIT3 | _BIT1), _BIT5);
1469   1      
1470   1          // Enable Read DPCD 692DFh(HPrime) INT
1471   1          ScalerSetBit(_REG_DP_RX0_HDCP2_ADDR_FB, ~(_BIT7 | _BIT5 | _BIT4 | _BIT3 | _BIT1), _BIT4);
1472   1      
1473   1          SET_DP_RX0_AUX_AUTO_MODE();
1474   1      
1475   1          // Set H Prime Available Flag
1476   1          ScalerDpRx0CpIRQ(_DP_HDCP2_H_PRIME_AVAILABLE);
1477   1      
1478   1          // Clear H Prime Available CPIRQ Status
1479   1          CLR_DP_RX0_HDCP2_WAITING_H_PRIME_CPIRQ_ASSERTED();
1480   1      
1481   1          // Assert Pairing Available CPIRQ If No Asserting in Pairing Info INT State
1482   1          if(GET_DP_RX0_HDCP2_RECORD_PAIRING_INFO_CPIRQ_NO_ASSERTED() == _TRUE)
1483   1          {
1484   2              // Clear Pairing Available CPIRQ Status
1485   2              CLR_DP_RX0_HDCP2_RECORD_PAIRING_INFO_CPIRQ_NO_ASSERTED();
1486   2      
1487   2              // Set Pairing Available Flag
1488   2              ScalerDpRx0CpIRQ(_DP_HDCP2_PARING_AVAILABLE);
1489   2          }
1490   1      
1491   1      #if(_HDCP_2_2_ERRATA_TEST_SUPPORT == _ON)
                  // Start Pairing AES Calculate
C51 COMPILER V8.12   SCALERCOMMONDPRX0HDCP2                                                09/16/2026 20:27:45 PAGE 26  

                  for(pData[0] = 0; pData[0] < 16; ++pData[0])
                  {
                      if(pData[0] < 8)
                      {
                          pucM[pData[0]] = g_pucDpRx0Hdcp2Rtx[pData[0]];
                      }
                      else
                      {
                          pucM[pData[0]] = g_pucDpRx0Hdcp2Rrx[pData[0] - 8];
                      }
                  }
              
                  // AES Cipher Calculate Ekh[km]
                  ScalerHdcp2RxAesOfflineCtrl(pucM, g_pucHdcp2Kh);
              
                  // Calculate Ekh[km] = kh AES m XOR Km
                  for(pData[0] = 0; pData[0] < 16; ++pData[0])
                  {
                      g_pucHdcp2Kh[pData[0]] = ScalerGetByte(P63_81_HDCP_AES_OUT_15 + pData[0]) ^ g_pucDpRx0Hdcp2Km[pDat
             -a[0]];
              
                      DebugMessageHDCP2("g_ucHdcp2Kh", g_pucHdcp2Kh[pData[0]]);
                  }
              #endif
1516   1      }
1517          
1518          #if(_WD_TIMER_INT_SUPPORT == _ON)
1519          //--------------------------------------------------
1520          // Description  : WD Timer Event Proc of DP RX0 HDCP2 SKE Proc
1521          // Input Value  :
1522          // Output Value : None
1523          //--------------------------------------------------
1524          void ScalerDpRx0Hdcp2SkeProc_WDINT(void) using 3
1525          {
1526   1          if(GET_DP_RX0_HDCP2_AUTHENTICATION_DONE() == _TRUE)
1527   1          {
1528   2              // Disable HDCP2.2 Auth. Done
1529   2              ScalerSetBit_EXINT(PB_20_HDCP_DEBUG, ~_BIT4, 0x00);
1530   2      
1531   2              CLR_DP_RX0_HDCP2_AUTHENTICATION_DONE();
1532   2      
1533   2              // Delay Time us [200, x]
1534   2              for(pData_EXINT[0] = 0; pData_EXINT[0] < 40; pData_EXINT[0]++)
1535   2              {
1536   3                  DELAY_5US_EXINT();
1537   3              }
1538   2          }
1539   1      
1540   1          // Calculate Dkey 2
1541   1          ScalerHdcp2DkeyCalculate_WDINT(_HDCP_2_2_DKEY_2, g_pucDpRx0Hdcp2Rtx, g_pucDpRx0Hdcp2Rrx, g_pucDpRx0Hdc
             -p2Km, g_pucDpRx0Hdcp2Rn);
1542   1      
1543   1          // Save Edkey_ks to g_pucHdcp2EDkeyKs
1544   1          ScalerDpRx0Hdcp2LoadDpcdValue_WDINT(0x06, 0x93, 0x18, 16, g_pucHdcp2EDkeyKs);
1545   1      
1546   1          // Save Riv to g_pucHdcp2Riv
1547   1          ScalerDpRx0Hdcp2LoadDpcdValue_WDINT(0x06, 0x93, 0x28, 8, g_pucHdcp2Riv);
1548   1      
1549   1          // Decode Ks
1550   1          for(pData_EXINT[0] = 0; pData_EXINT[0] < 8; ++pData_EXINT[0])
1551   1          {
1552   2              g_pucHdcp2Ks[pData_EXINT[0]] = g_pucHdcp2EDkeyKs[pData_EXINT[0]] ^ ScalerGetByte_EXINT((P63_81_HDC
C51 COMPILER V8.12   SCALERCOMMONDPRX0HDCP2                                                09/16/2026 20:27:45 PAGE 27  

             -P_AES_OUT_15 + pData_EXINT[0]));
1553   2          }
1554   1      
1555   1          for(pData_EXINT[0] = 8; pData_EXINT[0] < 16; ++pData_EXINT[0])
1556   1          {
1557   2              g_pucHdcp2Ks[pData_EXINT[0]] = g_pucHdcp2EDkeyKs[pData_EXINT[0]] ^ (ScalerGetByte_EXINT((P63_81_HD
             -CP_AES_OUT_15 + pData_EXINT[0])) ^ g_pucDpRx0Hdcp2Rrx[pData_EXINT[0] - 8]);
1558   2          }
1559   1      
1560   1          // Enable DP Link Integrity Check
1561   1          ScalerSetBit_EXINT(PB_1B_HDCP_INTGT_VRF, ~_BIT7, _BIT7);
1562   1      
1563   1          // Enable Decryption
1564   1          for(pData_EXINT[0] = 0; pData_EXINT[0] < 16; pData_EXINT[0]++)
1565   1          {
1566   2              g_pucHdcp2InputCipher[pData_EXINT[0]] = g_pucHdcp2Ks[pData_EXINT[0]] ^ g_stRxHdcp2DownLoadKeyType.
             -pucHdcp2Lc[pData_EXINT[0]];
1567   2      
1568   2              ScalerSetByte_EXINT(PB_81_HDCP_AES_CIPHER_KEY_15 + pData_EXINT[0], g_pucHdcp2InputCipher[pData_EXI
             -NT[0]]);
1569   2          }
1570   1      
1571   1          for(pData_EXINT[0] = 0; pData_EXINT[0] < 8; pData_EXINT[0]++)
1572   1          {
1573   2              ScalerSetByte_EXINT(PB_55_RIV0 + pData_EXINT[0], g_pucHdcp2Riv[pData_EXINT[0]]);
1574   2          }
1575   1      
1576   1          // Solve Mute Issue For S8_TW Which Has Not Sent Type Value After SKE
1577   1          if(ScalerDpRx0GetDpcdBitInfo_WDINT(0x06, 0x92, 0x1F, (_BIT1 | _BIT0)) == _BIT1)
1578   1          {
1579   2              // Enable HDCP2.2 Auth. Done
1580   2              ScalerSetBit_EXINT(PB_20_HDCP_DEBUG, ~_BIT4, _BIT4);
1581   2      
1582   2              SET_DP_RX0_HDCP2_AUTHENTICATION_DONE();
1583   2          }
1584   1      
1585   1          SET_DP_RX0_HDCP2_SKE_SEND_EKS_RECEIVED();
1586   1      }
1587          
1588          //--------------------------------------------------
1589          // Description  : As a part of Stored_km Proc, after Calculate Dkey
1590          //                Split here to avoid taking too long time in EXINT
1591          // Input Value  : Input Port
1592          // Output Value : None
1593          //--------------------------------------------------
1594          void ScalerDpRx0Hdcp2HPrimeProc_WDINT(void) using 3
1595          {
1596   1          BYTE ucBackUp = ScalerGetByte_EXINT(PB7_D0_AUX_MODE_SET);
1597   1      
1598   1          SET_DP_RX0_AUX_MANUAL_MODE_EXINT();
1599   1      
1600   1          // Calculate H'
1601   1          if(ScalerHdcp2HPrimeCalculate_WDINT(g_pucDpRx0Hdcp2dKey0, g_pucDpRx0Hdcp2dKey1, g_pucDpRx0Hdcp2Rtx, g_
             -pucDpRx0Hdcp2TxCaps, g_pucDPRx0Caps) == _TRUE)
1602   1          {
1603   2              for(pData_EXINT[0] = 0; pData_EXINT[0] < 32; pData_EXINT[0]++)
1604   2              {
1605   3                  g_pucHdcp2Sha256[pData_EXINT[0]] = ScalerGetByte_EXINT(P63_35_HDCP_SHA_0 + pData_EXINT[0]);
1606   3              }
1607   2      
1608   2              // Load H prime to DPCD Table
1609   2              ScalerDpRx0Hdcp2SetDpcdReadValue_WDINT(_HDCP_2_2_RX_H_PRIME, g_pucHdcp2Sha256, 32);
C51 COMPILER V8.12   SCALERCOMMONDPRX0HDCP2                                                09/16/2026 20:27:45 PAGE 28  

1610   2          }
1611   1      
1612   1          ScalerDpRx0CpIRQ_WDINT(_DP_HDCP2_H_PRIME_AVAILABLE);
1613   1      
1614   1          SET_DP_RX0_HDCP2_AKE_STORED_KM_RECEIVED();
1615   1      
1616   1          if((ucBackUp & _BIT1) == _BIT1)
1617   1          {
1618   2              SET_DP_RX0_AUX_AUTO_MODE_EXINT();
1619   2          }
1620   1      }
1621          
1622          //--------------------------------------------------
1623          // Description  : HDCP 2.2 Down Load Value in WDINT
1624          // Input Value  : ucDpcdAccessPortH --> High Byte of DPCD Address
1625          //                ucDpcdAccessPortM --> Middle Byte of DPCD Address
1626          //                ucDpcdAccessPortL --> Low Bye of DPCD Adress
1627          //                usLength == > Length,
1628          //                pReadArray == > Key Array
1629          // Output Value : None
1630          //--------------------------------------------------
1631          void ScalerDpRx0Hdcp2LoadDpcdValue_WDINT(BYTE ucDpcdAccessPortH, BYTE ucDpcdAccessPortM, BYTE ucDpcdAccess
             -PortL, BYTE ucLength, BYTE *pucReadArray) using 3
1632          {
1633   1          BYTE ucIndex = 0x00;
1634   1          WORD usDpcdAddress = 0;
1635   1      
1636   1          usDpcdAddress = (((WORD)ucDpcdAccessPortM << 8) | ((WORD)ucDpcdAccessPortL));
1637   1      
1638   1          // Load Value To FW
1639   1          for(ucIndex = 0; ucIndex < ucLength; ucIndex++)
1640   1          {
1641   2              pucReadArray[ucIndex] = ScalerDpRx0GetDpcdInfo_WDINT(ucDpcdAccessPortH, HIBYTE(usDpcdAddress), LOB
             -YTE(usDpcdAddress));
1642   2      
1643   2              usDpcdAddress = usDpcdAddress + 1;
1644   2          }
1645   1      }
1646          
1647          //--------------------------------------------------
1648          // Description  : As a part of AKE_INIT Proc, after Gen & Load Rrx
1649          //                Split here to avoid taking too long time in EXINT
1650          // Input Value  : Input Port
1651          // Output Value : None
1652          //--------------------------------------------------
1653          void ScalerDpRx0Hdcp2AkeInitProc_WDINT(void) using 3
1654          {
1655   1          ScalerDpRx0Hdcp2ClearDpcdReadValue_WDINT(_HDCP_2_2_RX_H_PRIME, 32);
1656   1          ScalerDpRx0Hdcp2ClearDpcdReadValue_WDINT(_HDCP_2_2_RX_L_PRIME, 32);
1657   1          ScalerDpRx0Hdcp2ClearDpcdReadValue_WDINT(_HDCP_2_2_RX_M_PRIME, 32);
1658   1          ScalerDpRx0Hdcp2ClearDpcdReadValue_WDINT(_HDCP_2_2_RX_PAIRING_INFO, 16);
1659   1      
1660   1          SET_DP_RX0_HDCP2_CLEAR_DPCD_READ_VALUE_DONE();
1661   1      }
1662          
1663          //--------------------------------------------------
1664          // Description  : Clear HDCP Receiver Public Key Certificate
1665          // Input Value  : Public Key / Write Length
1666          // Output Value : None
1667          //--------------------------------------------------
1668          void ScalerDpRx0Hdcp2ClearDpcdReadValue_WDINT(BYTE ucRSAType, WORD usLength) using 3
1669          {
C51 COMPILER V8.12   SCALERCOMMONDPRX0HDCP2                                                09/16/2026 20:27:45 PAGE 29  

1670   1          switch(ucRSAType)
1671   1          {
1672   2              case _HDCP_2_2_RRX:
1673   2      
1674   2                  pData_EXINT[1] = 0x06;
1675   2                  pData_EXINT[2] = 0x92;
1676   2                  pData_EXINT[3] = 0x15;
1677   2      
1678   2                  break;
1679   2      
1680   2              case _HDCP_2_2_RX_H_PRIME:
1681   2      
1682   2                  pData_EXINT[1] = 0x06;
1683   2                  pData_EXINT[2] = 0x92;
1684   2                  pData_EXINT[3] = 0xC0;
1685   2      
1686   2                  break;
1687   2      
1688   2              case _HDCP_2_2_RX_PAIRING_INFO:
1689   2      
1690   2                  pData_EXINT[1] = 0x06;
1691   2                  pData_EXINT[2] = 0x92;
1692   2                  pData_EXINT[3] = 0xE0;
1693   2      
1694   2                  break;
1695   2      
1696   2              case _HDCP_2_2_RX_L_PRIME:
1697   2      
1698   2                  pData_EXINT[1] = 0x06;
1699   2                  pData_EXINT[2] = 0x92;
1700   2                  pData_EXINT[3] = 0xF8;
1701   2      
1702   2                  break;
1703   2      
1704   2              case _HDCP_2_2_RX_M_PRIME:
1705   2      
1706   2                  pData_EXINT[1] = 0x06;
1707   2                  pData_EXINT[2] = 0x94;
1708   2                  pData_EXINT[3] = 0x73;
1709   2      
1710   2                  break;
1711   2      
1712   2              case _HDCP_2_2_RX_V_PRIME:
1713   2      
1714   2                  pData_EXINT[1] = 0x06;
1715   2                  pData_EXINT[2] = 0x93;
1716   2                  pData_EXINT[3] = 0x32;
1717   2      
1718   2                  break;
1719   2      
1720   2              default:
1721   2      
1722   2                  return;
1723   2          }
1724   1      
1725   1          for(pData_EXINT[0] = 0; pData_EXINT[0] < usLength; pData_EXINT[0]++)
1726   1          {
1727   2              ScalerDpRx0SetDpcdValue_WDINT(pData_EXINT[1], pData_EXINT[2], pData_EXINT[3], 0x00);
1728   2              PDATA_WORD_EXINT(1) = PDATA_WORD_EXINT(1) + 1;
1729   2          }
1730   1      }
1731          
C51 COMPILER V8.12   SCALERCOMMONDPRX0HDCP2                                                09/16/2026 20:27:45 PAGE 30  

1732          //--------------------------------------------------
1733          // Description  : Download HDCP Receiver Public Key Certificate
1734          // Input Value  : Public Key / Write Length
1735          // Output Value : None
1736          //--------------------------------------------------
1737          void ScalerDpRx0Hdcp2SetDpcdReadValue_WDINT(BYTE ucRSAType, BYTE *pucReadArray, WORD usLength) using 3
1738          {
1739   1          switch(ucRSAType)
1740   1          {
1741   2              case _HDCP_2_2_RRX:
1742   2      
1743   2                  pData_EXINT[1] = 0x06;
1744   2                  pData_EXINT[2] = 0x92;
1745   2                  pData_EXINT[3] = 0x15;
1746   2      
1747   2                  break;
1748   2      
1749   2              case _HDCP_2_2_RX_H_PRIME:
1750   2      
1751   2                  pData_EXINT[1] = 0x06;
1752   2                  pData_EXINT[2] = 0x92;
1753   2                  pData_EXINT[3] = 0xC0;
1754   2      
1755   2                  break;
1756   2      
1757   2              case _HDCP_2_2_RX_L_PRIME:
1758   2      
1759   2                  pData_EXINT[1] = 0x06;
1760   2                  pData_EXINT[2] = 0x92;
1761   2                  pData_EXINT[3] = 0xF8;
1762   2      
1763   2                  break;
1764   2      
1765   2              case _HDCP_2_2_RX_M_PRIME:
1766   2      
1767   2                  pData_EXINT[1] = 0x06;
1768   2                  pData_EXINT[2] = 0x94;
1769   2                  pData_EXINT[3] = 0x73;
1770   2      
1771   2                  break;
1772   2      
1773   2              default:
1774   2      
1775   2                  return;
1776   2          }
1777   1      
1778   1          for(pData_EXINT[0] = 0; pData_EXINT[0] < usLength; pData_EXINT[0]++)
1779   1          {
1780   2              ScalerDpRx0SetDpcdValue_WDINT(pData_EXINT[1], pData_EXINT[2], pData_EXINT[3], pucReadArray[pData_E
             -XINT[0]]);
1781   2              PDATA_WORD_EXINT(1) = PDATA_WORD_EXINT(1) + 1;
1782   2          }
1783   1      }
1784          #endif
1785          
1786          #if(_DP_TX_SUPPORT == _ON)
              //--------------------------------------------------
              // Description  : HDCP 2.2 Handler Process
              // Input Value  : None
              // Output Value : None
              //--------------------------------------------------
              void ScalerDpRx0Hdcp2RepeaterHandler(void)
C51 COMPILER V8.12   SCALERCOMMONDPRX0HDCP2                                                09/16/2026 20:27:45 PAGE 31  

              {
                  if(GET_DP_RX0_HDCP2_MODE() == _ENABLE)
                  {
                      if(GET_DP_RX0_HDCP2_REPEATER_CAPABLE() == _TRUE)
                      {
                          if(GET_DP_RX0_HDCP2_REPEATER_AUTH_1_START() == _TRUE)
                          {
                              DebugMessageHDCP2("DPRX0 HDCP2 - Get AKE INIT", 0);
              
                              ScalerTimerCancelTimerEvent(_SCALER_TIMER_EVENT_DP_RX0_HDCP2_CPIRQ_EVENT);
              
                              CLR_DP_RX0_HDCP2_AUTH_CPIRQ_TIMRE();
              
                              ScalerDpRx0HDCPChangeAuthState(_DP_RX_HDCP_STATE_IDLE);
              
                              ScalerDpRx0Hdcp2ChangeAuthState(_DP_RX_HDCP2_REPEATER_STATE_IDLE);
                          }
              
                          if(GET_DP_RX_HDCP2_UPSTREAM_PORT() == _HDCP_D0_PORT)
                          {
                              // For MST mode
                              if(ScalerDpGetSrcMstEnable(_D0_INPUT_PORT) == _ENABLE)
                              {
                                  if((ScalerDpRx0HdcpCheckValid() == _TRUE) && (GET_DP_RX0_HDCP2_AUTH_CPIRQ_TIMRE() == _
             -FALSE))
                                  {
                                      if(ScalerDpRx0HDCPCheckLvp() == _FALSE)
                                      {
                                          SET_DP_RX0_HDCP2_AUTH_CPIRQ_TIMRE();
              
                                          ScalerDpRx0CpIRQ(_DP_HDCP_BSTATUS_LINK_INTEGRITY_FAIL);
              
                                          ScalerTimerActiveTimerEvent(SEC(0.02), _SCALER_TIMER_EVENT_DP_RX0_HDCP2_CPIRQ_
             -EVENT);
                                      }
                                  }
                              }
                              else
                              {
                                  // In SST mode, issue HPD event for upstream device if DPTX connect a new downstream d
             -evice.
                                  if((GET_DP_RX0_HDCP2_AUTH_STATE() != _DP_RX_HDCP2_REPEATER_STATE_IDLE) &&
                                     (ScalerDpRx0HdcpCheckValid() == _TRUE))
                                  {
                                      if((GET_DP_TX_HDCP2_CAPABLE_SUPPORTED() == _TRUE) && (GET_DP_TX_HDCP2_VERSION_SUPP
             -ORTED() == _TRUE))
                                      {
                                          if(GET_DP_TX_HDCP2_DOWNSTREAM_EVENT() == _DP_TX_HDCP2_DOWNSTREAM_AUTH_EVENT_RE
             -AUTH)
                                          {
                                              ScalerDpRx0SetHotPlugEvent(_DP_HDCP_LONG_HPD_EVENT);
                                          }
                                      }
                                      else if(GET_DP_TX_HDCP_DOWNSTREAM_SUPPORTED() == _TRUE)
                                      {
                                          if(GET_DP_TX_HDCP_DOWNSTREAM_EVENT() == _DP_TX_HDCP_DOWNSTREAM_AUTH_EVENT_REAU
             -TH)
                                          {
                                              ScalerDpRx0SetHotPlugEvent(_DP_HDCP_LONG_HPD_EVENT);
                                          }
                                      }
                                  }
C51 COMPILER V8.12   SCALERCOMMONDPRX0HDCP2                                                09/16/2026 20:27:45 PAGE 32  

                              }
                          }
              
                          if((GET_DP_RX0_HDCP2_AUTH_STATE() != _DP_RX_HDCP2_REPEATER_STATE_IDLE) && (GET_DP_RX0_LINK_TRA
             -INING_STATUS() == _DP_LINK_TRAINING_NONE))
                          {
                              ScalerDpRx0Hdcp2ChangeAuthState(_DP_RX_HDCP2_REPEATER_STATE_IDLE);
                          }
                      }
                  }
              
                  switch(GET_DP_RX0_HDCP2_AUTH_STATE())
                  {
                      case _DP_RX_HDCP2_REPEATER_STATE_IDLE:
              
                          if(GET_DP_RX0_HDCP2_AUTH_STATE_CHANGE() == _TRUE)
                          {
                              CLR_DP_RX0_HDCP2_AUTH_STATE_CHANGE();
                              CLR_DP_RX0_HDCP2_AUTH_REPEATER_PROC_TIMEOUT();
                              CLR_DP_RX0_HDCP2_AUTH_CPIRQ_TIMRE();
                              CLR_DP_RX0_HDCP2_CONTENT_STREAM_MANAGEMENT();
              
                              ScalerTimerCancelTimerEvent(_SCALER_TIMER_EVENT_DP_RX0_HDCP2_REPEATER_PROC_TIMEOUT);
              
                              SET_DP_RX0_HDCP2_UPSTREAM_EVENT(_DP_RX_HDCP2_UPSTREAM_AUTH_EVENT_STOP_ENCRYPTION);
                          }
              
                          if((GET_DP_RX0_HDCP2_MODE() == _ENABLE) && (GET_DP_RX0_HDCP2_REPEATER_CAPABLE() == _TRUE))
                          {
                              if(GET_DP_RX0_HDCP2_REPEATER_AUTH_1_START() == _TRUE)
                              {
                                  CLR_DP_RX0_HDCP2_REPEATER_AUTH_1_START();
              
                                  ScalerDpRx0Hdcp2ChangeAuthState(_DP_RX_HDCP2_REPEATER_STATE_AUTH_1);
                              }
                          }
              
                          break;
              
                      case _DP_RX_HDCP2_REPEATER_STATE_AUTH_1:
              
                          if(GET_DP_RX0_HDCP2_AUTH_STATE_CHANGE() == _TRUE)
                          {
                              DebugMessageHDCP2("DPRX0 HDCP2 - Auth 1", 0);
              
                              CLR_DP_RX0_HDCP2_AUTH_STATE_CHANGE();
              
                              if(GET_DP_RX_HDCP2_UPSTREAM_PORT() == _HDCP_D0_PORT)
                              {
                                  // Check if downstream device support HDCP2 capability.
                                  if((GET_DP_TX_HDCP2_CAPABLE_SUPPORTED() == _TRUE) && (GET_DP_TX_HDCP2_VERSION_SUPPORTE
             -D() == _TRUE))
                                  {
                                      DebugMessageHDCP2("DPRX0 HDCP2 - To DPTX HDCP2", 0);
              
                                      // Issue event to make DPTX start HDCP2 handshake.
                                      SET_DP_RX0_HDCP2_UPSTREAM_EVENT(_DP_RX_HDCP2_UPSTREAM_AUTH_EVENT_START_HANDSHAKE);
              
                                      ScalerTimerActiveTimerEvent(SEC(6), _SCALER_TIMER_EVENT_DP_RX0_HDCP2_REPEATER_PROC
             -_TIMEOUT);
                                  }
                                  else if(GET_DP_TX_HDCP_DOWNSTREAM_SUPPORTED() == _TRUE)
C51 COMPILER V8.12   SCALERCOMMONDPRX0HDCP2                                                09/16/2026 20:27:45 PAGE 33  

                                  {
                                      DebugMessageHDCP2("DPRX0 HDCP2 - To DPTX HDCP1", 0);
              
                                      // Issue event to make DPTX start HDCP handshake.
                                      SET_DP_RX0_HDCP_UPSTREAM_EVENT(_DP_RX_HDCP_UPSTREAM_AUTH_EVENT_R0_PASS);
              
                                      ScalerTimerActiveTimerEvent(SEC(6), _SCALER_TIMER_EVENT_DP_RX0_HDCP2_REPEATER_PROC
             -_TIMEOUT);
                                  }
                                  else
                                  {
                                      ScalerDpRx0Hdcp2ChangeAuthState(_DP_RX_HDCP2_REPEATER_STATE_AUTH_2);
                                  }
                              }
                              else
                              {
                                  ScalerDpRx0Hdcp2ChangeAuthState(_DP_RX_HDCP2_REPEATER_STATE_AUTH_FAKE);
                              }
                          }
              
                          // Wait for downstream pass event or device/depth max event
                          if((GET_DP_TX_HDCP2_DOWNSTREAM_EVENT() == _DP_TX_HDCP2_DOWNSTREAM_AUTH_EVENT_PASS) ||
                             (GET_DP_TX_HDCP2_DOWNSTREAM_EVENT() == _DP_TX_HDCP2_DOWNSTREAM_AUTH_EVENT_DEVICE_DEPTH_EXCE
             -ED) ||
                             (GET_DP_TX_HDCP_DOWNSTREAM_EVENT() == _DP_TX_HDCP_DOWNSTREAM_AUTH_EVENT_PASS) ||
                             (GET_DP_TX_HDCP_DOWNSTREAM_EVENT() == _DP_TX_HDCP_DOWNSTREAM_AUTH_EVENT_DEVICE_DEPTH_MAX))
                          {
                              DebugMessageHDCP2("DPRX0 HDCP2 - TX PASS", 0);
              
                              ScalerTimerCancelTimerEvent(_SCALER_TIMER_EVENT_DP_RX0_HDCP2_REPEATER_PROC_TIMEOUT);
              
                              ScalerDpRx0Hdcp2ChangeAuthState(_DP_RX_HDCP2_REPEATER_STATE_AUTH_2);
                          }
                          else if(GET_DP_RX0_HDCP2_AUTH_REPEATER_PROC_TIMEOUT() == _TRUE)
                          {
                              CLR_DP_RX0_HDCP2_AUTH_REPEATER_PROC_TIMEOUT();
              
                              if((GET_DP_TX_HDCP2_CAPABLE_SUPPORTED() == _TRUE) && (GET_DP_TX_HDCP2_VERSION_SUPPORTED() 
             -== _TRUE))
                              {
                                  SET_DP_RX0_HDCP2_UPSTREAM_EVENT(_DP_RX_HDCP2_UPSTREAM_AUTH_EVENT_TIMEOUT);
                              }
                              else if(GET_DP_TX_HDCP_DOWNSTREAM_SUPPORTED() == _TRUE)
                              {
                                  SET_DP_RX0_HDCP_UPSTREAM_EVENT(_DP_RX_HDCP_UPSTREAM_AUTH_EVENT_TIMEOUT);
                              }
              
                              ScalerDpRx0Hdcp2ChangeAuthState(_DP_RX_HDCP2_REPEATER_STATE_AUTH_DONE);
                          }
              
                          break;
              
                      case _DP_RX_HDCP2_REPEATER_STATE_AUTH_2:
              
                          if(GET_DP_RX0_HDCP2_AUTH_STATE_CHANGE() == _TRUE)
                          {
                              DebugMessageHDCP2("DPRX0 HDCP2 - Auth 2", 0);
              
                              CLR_DP_RX0_HDCP2_AUTH_STATE_CHANGE();
                          }
              
                          if(GET_DP_RX0_HDCP2_REPEATER_AUTH_2_START() == _TRUE)
C51 COMPILER V8.12   SCALERCOMMONDPRX0HDCP2                                                09/16/2026 20:27:45 PAGE 34  

                          {
                              CLR_DP_RX0_HDCP2_REPEATER_AUTH_2_START();
              
                              if(ScalerDpRx0Hdcp2CheckRxInfo() == _TRUE)
                              {
                                  ScalerDpRx0Hdcp2LoadReceiverIdList();
              
                                  ScalerDpRx0Hdcp2VComputeProc();
                              }
              
                              DebugMessageHDCP2("DPRX0 HDCP2 - V Ready", 0);
              
                              // Set V' Ready Bit and Issue CP_IRQ
                              ScalerDpRx0CpIRQ(_DP_HDCP2_V_READY);
              
                              ScalerDpRx0Hdcp2ChangeAuthState(_DP_RX_HDCP2_REPEATER_STATE_AUTH_DONE);
                          }
              
                          break;
              
                      case _DP_RX_HDCP2_REPEATER_STATE_AUTH_FAKE:
              
                          if(GET_DP_RX0_HDCP2_AUTH_STATE_CHANGE() == _TRUE)
                          {
                              DebugMessageHDCP2("DPRX0 HDCP2 - Fake", 0);
              
                              CLR_DP_RX0_HDCP2_AUTH_STATE_CHANGE();
                          }
              
                          if(GET_DP_RX0_HDCP2_REPEATER_AUTH_2_START() == _TRUE)
                          {
                              CLR_DP_RX0_HDCP2_REPEATER_AUTH_2_START();
              
                              // Fake Authentication
                              ScalerDpRx0Hdcp2FakeAuthenProc();
              
                              // Set V' Ready Bit and Issue CP_IRQ
                              ScalerDpRx0CpIRQ(_DP_HDCP2_V_READY);
              
                              ScalerDpRx0Hdcp2ChangeAuthState(_DP_RX_HDCP2_REPEATER_STATE_AUTH_DONE);
                          }
              
                          break;
              
                      case _DP_RX_HDCP2_REPEATER_STATE_AUTH_DONE:
              
                          if(GET_DP_RX0_HDCP2_AUTH_STATE_CHANGE() == _TRUE)
                          {
                              DebugMessageHDCP2("DPRX0 HDCP2 - Done", 0);
              
                              CLR_DP_RX0_HDCP2_AUTH_STATE_CHANGE();
                          }
              
                          break;
              
                      default:
              
                          break;
                  }
              }
              
              //--------------------------------------------------
C51 COMPILER V8.12   SCALERCOMMONDPRX0HDCP2                                                09/16/2026 20:27:45 PAGE 35  

              // Description  : Change HDCP2 Auth State
              // Input Value  : Target HDCP2 Auth State
              // Output Value : None
              //--------------------------------------------------
              void ScalerDpRx0Hdcp2ChangeAuthState(EnumDpRxHdcp2RepeaterAuthState enumHdcp2AuthState)
              {
                  SET_DP_RX0_HDCP2_AUTH_STATE(enumHdcp2AuthState);
                  SET_DP_RX0_HDCP2_AUTH_STATE_CHANGE();
              }
              
              //--------------------------------------------------
              // Description  : Set HDCP2 Repeater Proc Timeout
              // Input Value  : None
              // Output Value : None
              //--------------------------------------------------
              void ScalerDpRx0Hdcp2SetRepeaterProcTimeout(void)
              {
                  SET_DP_RX0_HDCP2_AUTH_REPEATER_PROC_TIMEOUT();
              }
              
              //--------------------------------------------------
              // Description  : Check B info
              // Input Value  : None
              // Output Value : None
              //--------------------------------------------------
              bit ScalerDpRx0Hdcp2CheckRxInfo(void)
              {
                  BYTE ucRxInfoDevice = 0;
                  BYTE ucRxInfoDepth = 0;
                  bit bRxInfoDeviceExceed = _FALSE;
                  bit bRxInfoDepthExceed = _FALSE;
                  bit bRxInfoHdcp1Dowstream = _FALSE;
              
                  if(GET_DP_TX_HDCP2_CAPABLE_SUPPORTED() == _TRUE)
                  {
                      if(GET_DP_TX_HDCP2_REPEATER_SUPPORTED() == _TRUE)
                      {
                          if((GET_DP_TX_HDCP2_RXINFO_DEVICE_COUNT_EXCEED() == _TRUE) ||
                             (GET_DP_TX_HDCP2_RXINFO_DEPTH_EXCEED() == _TRUE))
                          {
                              bRxInfoDeviceExceed = (GET_DP_TX_HDCP2_RXINFO_DEVICE_COUNT_EXCEED() == _TRUE) ? _TRUE : _F
             -ALSE;
                              bRxInfoDepthExceed = (GET_DP_TX_HDCP2_RXINFO_DEPTH_EXCEED() == _TRUE) ? _TRUE : _FALSE;
                          }
                          else
                          {
                              ucRxInfoDevice = GET_DP_TX_HDCP2_RXINFO_DEVICE_COUNT();
                              ucRxInfoDepth = GET_DP_TX_HDCP2_RXINFO_DEPTH();
              
                              if(ucRxInfoDevice > 30)
                              {
                                  ucRxInfoDevice = 0x00;
                                  bRxInfoDeviceExceed = _TRUE;
                              }
              
                              if(ucRxInfoDepth > 3)
                              {
                                  ucRxInfoDepth = 0x00;
                                  bRxInfoDepthExceed = _TRUE;
                              }
                          }
                      }
C51 COMPILER V8.12   SCALERCOMMONDPRX0HDCP2                                                09/16/2026 20:27:45 PAGE 36  

              
                      if(bRxInfoDeviceExceed == _FALSE)
                      {
                          ucRxInfoDevice++;
                      }
              
                      bRxInfoHdcp1Dowstream = GET_DP_TX_HDCP2_RXINFO_HDCP1_DOWNSTREAM();
                  }
                  else if(GET_DP_TX_HDCP_DOWNSTREAM_SUPPORTED() == _TRUE)
                  {
                      if(GET_DP_TX_HDCP_DOWNSTREAM_REPEATER() == _TRUE)
                      {
                          if((GET_DP_TX_HDCP_DOWNSTREAM_DEVICE_COUNT_MAX() == _TRUE) || (GET_DP_TX_HDCP_DOWNSTREAM_DEVIC
             -E_COUNT() > 30))
                          {
                              bRxInfoDeviceExceed = _TRUE;
                          }
                          else
                          {
                              ucRxInfoDevice = GET_DP_TX_HDCP_DOWNSTREAM_DEVICE_COUNT();
                          }
              
                          if((GET_DP_TX_HDCP_DOWNSTREAM_DEPTH_MAX() == _TRUE) || (GET_DP_TX_HDCP_DOWNSTREAM_DEPTH() > 3)
             -)
                          {
                              bRxInfoDepthExceed = _TRUE;
                          }
                          else
                          {
                              ucRxInfoDepth = GET_DP_TX_HDCP_DOWNSTREAM_DEPTH();
                          }
                      }
              
                      if(bRxInfoDeviceExceed == _FALSE)
                      {
                          ucRxInfoDevice++;
                      }
              
                      bRxInfoHdcp1Dowstream = _TRUE;
                  }
              
                  if(bRxInfoDepthExceed == _FALSE)
                  {
                      ucRxInfoDepth++;
                  }
              
                  pData[0] = (ucRxInfoDepth << 1) | (ucRxInfoDevice >> 4);
                  pData[1] = (ucRxInfoDevice << 4) |
                             ((BYTE)bRxInfoDeviceExceed << 3) |
                             ((BYTE)bRxInfoDepthExceed << 2) |
                             ((BYTE)GET_DP_TX_HDCP2_RXINFO_HDCP20_REPEATER_DOWNSTREAM() << 1) |
                             (bRxInfoHdcp1Dowstream);
              
                  ScalerDpRx0SetDpcdValue(0x06, 0x93, 0x30, pData[0]);
                  ScalerDpRx0SetDpcdValue(0x06, 0x93, 0x31, pData[1]);
              
                  if((bRxInfoDeviceExceed == _TRUE) || (bRxInfoDepthExceed == _TRUE))
                  {
                      return _FALSE;
                  }
              
                  return _TRUE;
C51 COMPILER V8.12   SCALERCOMMONDPRX0HDCP2                                                09/16/2026 20:27:45 PAGE 37  

              }
              
              //--------------------------------------------------
              // Description  : Load Receiver ID List
              // Input Value  : None
              // Output Value : None
              //--------------------------------------------------
              void ScalerDpRx0Hdcp2LoadReceiverIdList(void)
              {
                  pData[0] = 0;
              
                  if(GET_DP_TX_HDCP2_CAPABLE_SUPPORTED() == _TRUE)
                  {
                      if(GET_DP_TX_HDCP2_REPEATER_SUPPORTED() == _TRUE)
                      {
                          pData[0] = GET_DP_TX_HDCP2_RXINFO_DEVICE_COUNT() * 5;
                      }
                      else
                      {
                          memset(g_pucDpTxHdcp2ReceiverIdList, 0, sizeof(g_pucDpTxHdcp2ReceiverIdList));
                      }
              
                      memcpy(&g_pucDpTxHdcp2ReceiverIdList[pData[0]], g_pucDpTxHdcp2ReceiverId, 5);
                  }
                  else if(GET_DP_TX_HDCP_DOWNSTREAM_SUPPORTED() == _TRUE)
                  {
                      if(GET_DP_TX_HDCP_DOWNSTREAM_REPEATER() == _TRUE)
                      {
                          pData[0] = GET_DP_TX_HDCP_DOWNSTREAM_DEVICE_COUNT() * 5;
              
                          memcpy(g_pucDpTxHdcp2ReceiverIdList, g_pucDpTxHdcpKsvFifo, pData[0]);
                      }
                      else
                      {
                          memset(g_pucDpTxHdcp2ReceiverIdList, 0, sizeof(g_pucDpTxHdcp2ReceiverIdList));
                      }
              
                      memcpy(&g_pucDpTxHdcp2ReceiverIdList[pData[0]], (volatile BYTE xdata *)PBB_4F_BKSV_0, 5);
                  }
                  else
                  {
                      memset(g_pucDpTxHdcp2ReceiverIdList, 0, sizeof(g_pucDpTxHdcp2ReceiverIdList));
                  }
              
                  SET_DP_RX0_AUX_MANUAL_MODE();
              
                  for(pData[1] = 0; pData[1] < 155; pData[1]++)
                  {
                      ScalerDpRx0SetDpcdValue(0x06, 0x93, (0x45 + pData[1]), g_pucDpTxHdcp2ReceiverIdList[pData[1]]);
                  }
              
                  SET_DP_RX0_AUX_AUTO_MODE();
              }
              
              //--------------------------------------------------
              // Description  : Load KSV List to Rx KSV FIFO
              // Input Value  : None
              // Output Value : None
              //--------------------------------------------------
              bit ScalerDpRx0Hdcp2VComputeProc(void)
              {
                  BYTE pucRxInfo[2] = {0};
C51 COMPILER V8.12   SCALERCOMMONDPRX0HDCP2                                                09/16/2026 20:27:45 PAGE 38  

                  BYTE pucSeqNumV[3] = {0};
              
                  pucRxInfo[0] = ScalerDpRx0GetDpcdInfo(0x06, 0x93, 0x30);
                  pucRxInfo[1] = ScalerDpRx0GetDpcdInfo(0x06, 0x93, 0x31);
              
                  // Compute V = HMAC-SHA256(Receiver ID List || RxInfo || seq_num_V, kd)
                  if(ScalerHdcp2VprimeCalculate(g_pucDpRx0Hdcp2dKey0, g_pucDpRx0Hdcp2dKey1, g_pucDpTxHdcp2ReceiverIdList
             -, pucRxInfo, pucSeqNumV) == _FALSE)
                  {
                      return _FALSE;
                  }
              
                  SET_DP_RX0_AUX_MANUAL_MODE();
              
                  for(pData[0] = 0; pData[0] < 3; pData[0]++)
                  {
                      // Load MSB of V' into DPCD table
                      ScalerDpRx0SetDpcdValue(0x06, 0x93, (0x32 + pData[0]), pucSeqNumV[pData[0]]);
                  }
              
                  for(pData[0] = 0; pData[0] < 16; pData[0]++)
                  {
                      // Load MSB of V' into DPCD table
                      g_pucDpRx0Hdcp2VPrime[pData[0]] = ScalerGetByte(P63_35_HDCP_SHA_0 + pData[0]);
                      ScalerDpRx0SetDpcdValue(0x06, 0x93, (0x35 + pData[0]), g_pucDpRx0Hdcp2VPrime[pData[0]]);
                  }
              
                  for(pData[0] = 16; pData[0] < 20; pData[0]++)
                  {
                      g_pucDpRx0Hdcp2VPrime[pData[0]] = ScalerGetByte(P63_35_HDCP_SHA_0 + pData[0]);
                  }
              
                  SET_DP_RX0_AUX_AUTO_MODE();
              
                  return _TRUE;
              }
              
              //--------------------------------------------------
              // Description  : Fake HDCP Authentication
              // Input Value  : None
              // Output Value : None
              //--------------------------------------------------
              bit ScalerDpRx0Hdcp2FakeAuthenProc(void)
              {
                  BYTE pucRxInfo[2] = {0};
                  BYTE pucSeqNumV[3] = {0};
              
                  ScalerDpRx0SetDpcdValue(0x06, 0x93, 0x30, pucRxInfo[0]);
                  ScalerDpRx0SetDpcdValue(0x06, 0x93, 0x31, pucRxInfo[1]);
              
                  SET_DP_RX0_AUX_MANUAL_MODE();
              
                  for(pData[0] = 0; pData[0] < 5; pData[0]++)
                  {
                      ScalerDpRx0SetDpcdValue(0x06, 0x93, (0x45 + pData[0]), g_pucHdcpAksvBackup[pData[0]]);
                  }
              
                  for(pData[0] = 0; pData[0] < 150; pData[0]++)
                  {
                      ScalerDpRx0SetDpcdValue(0x06, 0x93, (0x4A + pData[0]), 0x00);
                  }
              
C51 COMPILER V8.12   SCALERCOMMONDPRX0HDCP2                                                09/16/2026 20:27:45 PAGE 39  

                  SET_DP_RX0_AUX_AUTO_MODE();
              
                  // Compute V = HMAC-SHA256(Receiver ID List || RxInfo || seq_num_V, kd)
                  if(ScalerHdcp2VprimeCalculate(g_pucDpRx0Hdcp2dKey0, g_pucDpRx0Hdcp2dKey1, g_pucHdcpAksvBackup, pucRxIn
             -fo, pucSeqNumV) == _FALSE)
                  {
                      return _FALSE;
                  }
              
                  SET_DP_RX0_AUX_MANUAL_MODE();
              
                  for(pData[0] = 0; pData[0] < 16; pData[0]++)
                  {
                      // Load MSB of V' into DPCD table
                      ScalerDpRx0SetDpcdValue(0x06, 0x93, (0x35 + pData[0]), ScalerGetByte(P63_35_HDCP_SHA_0 + pData[0])
             -);
                  }
              
                  SET_DP_RX0_AUX_AUTO_MODE();
              
                  return _TRUE;
              }
              
              //--------------------------------------------------
              // Description  : Change DP HDCP2.2 Repeater Capable for Rx0 Base On DPTX Clone Status
              // Input Value  : InputPort, PortType, Clone Mode or not
              // Output Value : None
              //--------------------------------------------------
              void ScalerDpRx0Hdcp2RepeaterCapableProc(void)
              {
                  bit bDPRx0Hdcp2SetRepeater = _OFF;
              
                  if(GET_DP_TX_DOWNSTREAM_DPPLUG_STATUS() != _DP_UNPLUG)
                  {
                      if(GET_DP_RX_HDCP2_UPSTREAM_PORT() == _HDCP_D0_PORT)
                      {
                          bDPRx0Hdcp2SetRepeater = _ON;
                      }
                  }
              
                  if(bDPRx0Hdcp2SetRepeater != GET_DP_RX0_HDCP2_REPEATER_CAPABLE())
                  {
                      if(bDPRx0Hdcp2SetRepeater == _ON)
                      {
                          SET_DP_RX0_HDCP2_REPEATER_CAPABLE();
                      }
                      else
                      {
                          CLR_DP_RX0_HDCP2_REPEATER_CAPABLE();
                      }
              
                      switch(GET_DP_RX0_HOTPLUG_ASSERT_TYPE())
                      {
                          case _DP_HPD_NONE:
              
                              if(!((GET_DP_RX0_HDCP_MODE() == _HDCP_14) &&
                                   ((ScalerGetByte(PB_1E_HDCP_INTGT_VRF_ANS_MSB) == 0x53) && (ScalerGetByte(PB_1F_HDCP_I
             -NTGT_VRF_ANS_LSB) == 0x1F))))
                              {
                                  if(GET_DP_RX0_HDCP_AUTH_STATE() == _DP_RX_HDCP_STATE_IDLE)
                                  {
                                      if(ScalerSyncDpGetHotPlugStatus(_D0_INPUT_PORT) == _HIGH)
C51 COMPILER V8.12   SCALERCOMMONDPRX0HDCP2                                                09/16/2026 20:27:45 PAGE 40  

                                      {
                                          ScalerDpRx0CpIRQ(_DP_HDCP2_RXSTATUS_REAUTH_REQ);
                                      }
                                  }
                              }
              
                              break;
              
                          case _DP_HPD_ASSERTED:
              
              #if((_D6_INPUT_PORT_TYPE == _D6_DP_PORT) && (_D6_INPUT_PORT_SWITCH_FROM == _SWITCH_FROM_D0))
                              if(GET_D6_SWITCH_POWER_STATUS() != _DIGITAL_D6_SWITCH_POWER_ON)
                              {
                                  break;
                              }
              #endif
                              if(!((GET_DP_RX0_HDCP_MODE() == _HDCP_14) &&
                                   ((ScalerGetByte(PB_1E_HDCP_INTGT_VRF_ANS_MSB) == 0x53) && (ScalerGetByte(PB_1F_HDCP_I
             -NTGT_VRF_ANS_LSB) == 0x1F))))
                              {
                                  if(GET_DP_RX0_HDCP_AUTH_STATE() == _DP_RX_HDCP_STATE_IDLE)
                                  {
                                      if(ScalerSyncDpGetHotPlugStatus(_D0_INPUT_PORT) == _HIGH)
                                      {
                                          ScalerDpRx0CpIRQ(_DP_HDCP2_RXSTATUS_REAUTH_REQ);
                                      }
                                  }
                              }
              
                              break;
              
                          default:
                              break;
                      }
                  }
              }
              
              
              //--------------------------------------------------
              // Description  :
              // Input Value  : None
              // Output Value : None
              //--------------------------------------------------
              void ScalerDpRx0Hdcp2ClearDpcdRepeaterInfo(void)
              {
                  BYTE ucIndex = 0x00;
              
                  // Clear HDCP2: seq_num_V, V', Receiver ID List
                  ScalerDpRx0Hdcp2ClearDpcdReadValue(_HDCP_2_2_RX_V_PRIME, 190);
              
                  // Clear HDCP14: Bstatus, Binfo, V', KSV FIFO
                  if((ScalerDpRx0GetDpcdInfo(0x06, 0x80, 0x2A) != 0x00) || (ScalerDpRx0GetDpcdInfo(0x06, 0x80, 0x2B) != 
             -0x00))
                  {
                      ScalerDpRx0SetDpcdValue(0x06, 0x80, 0x29, 0x00);
                      ScalerDpRx0SetDpcdValue(0x06, 0x80, 0x2A, 0x00);
                      ScalerDpRx0SetDpcdValue(0x06, 0x80, 0x2B, 0x00);
              
                      for(ucIndex = 0; ucIndex < 20; ucIndex++)
                      {
                          // DPCD [0x68014 ~ 0x68027]
                          ScalerDpRx0SetDpcdValue(0x06, 0x80, (0x14 + ucIndex), 0x00);
C51 COMPILER V8.12   SCALERCOMMONDPRX0HDCP2                                                09/16/2026 20:27:45 PAGE 41  

                      }
              
                      for(ucIndex = 0; ucIndex < 15; ucIndex++)
                      {
                          // DPCD [0x6802C ~ 0x6803A]
                          ScalerDpRx0SetDpcdValue(0x06, 0x80, (0x2C + ucIndex), 0x00);
                      }
                  }
              }
              
              #endif // End of #if(_DP_TX_SUPPORT == _ON)
2403          #endif // End of #if(_D0_DP_EXIST == _ON)
2404          #endif // End of #if(_DP_HDCP_2_2_SUPPORT == _ON)


MODULE INFORMATION:   STATIC OVERLAYABLE
   CODE SIZE        =   3972    ----
   CONSTANT SIZE    =   ----    ----
   XDATA SIZE       =     97     263
   PDATA SIZE       =   ----    ----
   DATA SIZE        =   ----    ----
   IDATA SIZE       =   ----    ----
   BIT SIZE         =   ----    ----
END OF MODULE INFORMATION.


C51 COMPILATION COMPLETE.  0 WARNING(S),  0 ERROR(S)
