C51 COMPILER V8.12   TFONT_ARABIC                                                          09/16/2026 20:29:14 PAGE 1   


C51 COMPILER V8.12, COMPILATION OF MODULE TFONT_ARABIC
OBJECT MODULE PLACED IN .\Output\RL6432_Project\tFONT_ARABIC.obj
COMPILER INVOKED BY: c:\Keil\C51\BIN\C51.EXE User\RTD Series\RTD2014Osd\Code\tFONT_ARABIC.C LARGE OPTIMIZE(9,SPEED) INCD
                    -IR(.\Output\RL6432;.\Project\Header;.\Pcb;.\Panel;.\Kernel\Device\Header;.\Kernel\Common;.\Kernel\System\Header;.\Kernel
                    -\Scaler\ScalerFunction\Header;.\Kernel\Scaler\ScalerCommonFunction\Header;.\Kernel\Scaler\ScalerFunction\Lib\Header;.\Ke
                    -rnel\Scaler\ScalerCommonFunction\Lib\Header;.\Kernel\Scaler\RL6432_Series_Scaler\Header;.\Kernel\Scaler\RL6432_Series_Co
                    -mmon\Header;.\Kernel\Scaler\RL6432_Series_Scaler\Lib\Header;.\Kernel\Scaler\RL6432_Series_Common\Lib\Header;.\Kernel\Use
                    -r Common Function\Header;.\User\RTD Series\RTD2014Function\Header;.\User\RTD Series\RTD2014Osd\Header;.\User\RTD Factory
                    -\Header;.\User\None Series\NoneFunction\Header;.\User\None Series\NoneOsd\Header;.\User\None Factory\Header) DEFINE(_PRO
                    -JECT=_RL6432_PROJECT,_SCALER_TYPE=_RL6432_SERIES) DEBUG OBJECTEXTEND PRINT(.\Output\RL6432_Project\tFONT_ARABIC.lst) OBJ
                    -ECT(.\Output\RL6432_Project\tFONT_ARABIC.obj)

line level    source

   1          #include "UserCommonInclude.h"
   2          #if _MEW_FONT
   3          
   4          BYTE code tFONT_ARABIC[]=
   5          {
   6                  
   7                  
   8                  //========Address -- (00),
   9                  0x00,0x00,0x00,
  10                  0x00,0x00,0x00,
  11                  0x00,0x00,0x00,
  12                  0x00,0x00,0x00,
  13                  0x00,0x00,0x00,
  14                  0x00,0x00,0x00,
  15                  0x00,0x00,0x00,
  16                  0x00,0x00,0x00,
  17                  0x00,0x00,0x00,
  18                  
  19                  //========Address -- (01),
  20                  0x00,0x00,0x00,
  21                  0x00,0x00,0x00,
  22                  0x00,0x00,0x00,
  23                  0x03,0x08,0x00,
  24                  0x24,0x40,0x00,
  25                  0x67,0x2e,0x00,
  26                  0x12,0x80,0x00,
  27                  0x67,0x00,0x0c,
  28                  0x71,0xff,0x80,
  29                  
  30                  //========Address -- (02),
  31                  0x00,0x00,0x00,
  32                  0x00,0x00,0x02,
  33                  0x00,0x00,0x72,
  34                  0x00,0x00,0x22,
  35                  0x01,0x8c,0x23,
  36                  0x11,0x4f,0x3f,
  37                  0x10,0xf4,0xf0,
  38                  0x17,0xc8,0x00,
  39                  0x00,0x00,0x00,
  40                  
  41                  //========Address -- (03),
  42                  0x00,0x00,0x00,
  43                  0x00,0x00,0x00,
  44                  0x00,0x00,0x00,
  45                  0x07,0x00,0x00,
  46                  0xf8,0x88,0x05,
  47                  0x0f,0x8f,0x5f,
C51 COMPILER V8.12   TFONT_ARABIC                                                          09/16/2026 20:29:14 PAGE 2   

  48                  0xf0,0x70,0xf0,
  49                  0x00,0x00,0x00,
  50                  0x00,0x00,0x00,
  51                  
  52                  //========Address -- (04),
  53                  0x00,0x00,0x00,
  54                  0x00,0x00,0x01,
  55                  0x00,0x00,0x31,
  56                  0x02,0x00,0x11,
  57                  0x62,0x00,0x00,
  58                  0x2f,0x0f,0x0f,
  59                  0xd0,0xf0,0xf0,
  60                  0x00,0x00,0x00,
  61                  0x00,0x00,0x00,
  62                  
  63                  //========Address -- (05),
  64                  0x00,0x00,0x00,
  65                  0x00,0x00,0x00,
  66                  0x80,0x22,0x00,
  67                  0x00,0x22,0x00,
  68                  0x88,0x22,0x00,
  69                  0x88,0x22,0x00,
  70                  0x00,0x20,0x00,
  71                  0x00,0x00,0x00,
  72                  0x00,0x00,0x00,
  73                  
  74                  //========Address -- (06),
  75                  0x00,0x00,0x00,
  76                  0x00,0x00,0x00,
  77                  0x00,0x00,0x00,
  78                  0x10,0xc0,0x00,
  79                  0x01,0x0c,0x00,
  80                  0x01,0xa2,0x00,
  81                  0x11,0x2c,0x00,
  82                  0x00,0x00,0x00,
  83                  0x00,0x00,0x00,
  84                  
  85                  //========Address -- (07),
  86                  0x00,0x00,0x00,
  87                  0x00,0x00,0x00,
  88                  0x00,0x00,0x00,
  89                  0x00,0x00,0x00,
  90                  0x12,0x80,0x00,
  91                  0x30,0xc8,0x00,
  92                  0x10,0x00,0x00,
  93                  0x00,0x00,0x00,
  94                  0x00,0x00,0x00,
  95                  
  96                  //========Address -- (08),
  97                  0x00,0x00,0x00,
  98                  0x00,0x00,0x00,
  99                  0x08,0x00,0x00,
 100                  0x88,0x00,0x01,
 101                  0x88,0x00,0x00,
 102                  0x88,0x00,0x19,
 103                  0x87,0x0f,0xa7,
 104                  0x00,0x00,0x00,
 105                  0x00,0x00,0x00,
 106                  
 107                  //========Address -- (09),
 108                  0x00,0x00,0x00,
 109                  0x00,0x00,0x00,
C51 COMPILER V8.12   TFONT_ARABIC                                                          09/16/2026 20:29:14 PAGE 3   

 110                  0x00,0x00,0x02,
 111                  0x00,0x47,0x22,
 112                  0x0c,0x00,0xa6,
 113                  0x22,0x00,0x22,
 114                  0x2c,0x00,0x6e,
 115                  0x00,0x00,0x0c,
 116                  0x00,0x01,0x8c,
 117                  
 118                  //========Address -- (0a),
 119                  0x00,0x00,0x00,
 120                  0x00,0x00,0x00,
 121                  0x00,0x02,0x00,
 122                  0x00,0x22,0x00,
 123                  0x00,0x22,0x00,
 124                  0x00,0x22,0x00,
 125                  0x00,0x22,0x00,
 126                  0x00,0x00,0x00,
 127                  0x00,0x00,0x00,
 128                  
 129                  //========Address -- (0b),
 130                  0x00,0x00,0x00,
 131                  0x00,0x00,0x00,
 132                  0x00,0x00,0x00,
 133                  0x00,0x08,0x00,
 134                  0x00,0x00,0x00,
 135                  0x04,0x11,0x00,
 136                  0x44,0x11,0x0f,
 137                  0x44,0x12,0x00,
 138                  0x30,0xc0,0x00,
 139                  
 140                  //========Address -- (0c),
 141                  0x00,0x00,0x00,
 142                  0x00,0x00,0x00,
 143                  0x00,0x00,0x00,
 144                  0x00,0x00,0x00,
 145                  0x00,0x01,0x00,
 146                  0x00,0x11,0x00,
 147                  0x0f,0x1e,0x00,
 148                  0x00,0x00,0x00,
 149                  0x00,0xe0,0x00,
 150                  
 151                  //========Address -- (0d),
 152                  0x00,0x00,0x00,
 153                  0x00,0x00,0x00,
 154                  0x08,0x00,0x00,
 155                  0x88,0x00,0x00,
 156                  0x88,0x00,0x01,
 157                  0x88,0x00,0x11,
 158                  0x87,0x0f,0x1e,
 159                  0x00,0x00,0x00,
 160                  0x00,0x00,0x10,
 161                  
 162                  //========Address -- (0e),
 163                  0x00,0x00,0x00,
 164                  0x00,0x00,0x00,
 165                  0x00,0x00,0x00,
 166                  0x00,0x00,0xe0,
 167                  0x00,0x00,0x04,
 168                  0x00,0x00,0x44,
 169                  0x0f,0x0f,0x4b,
 170                  0x00,0x00,0x00,
 171                  0x00,0x00,0x00,
C51 COMPILER V8.12   TFONT_ARABIC                                                          09/16/2026 20:29:14 PAGE 4   

 172                  
 173                  //========Address -- (0f),
 174                  0x00,0x00,0x00,
 175                  0x00,0x00,0x00,
 176                  0x00,0x00,0x02,
 177                  0x00,0x00,0x22,
 178                  0x00,0x00,0x22,
 179                  0x00,0x00,0x22,
 180                  0x0f,0x0f,0x2c,
 181                  0x00,0x00,0x00,
 182                  0x00,0x00,0x00,
 183                  
 184                  //========Address -- (10),
 185                  0x00,0x00,0x00,
 186                  0x00,0x00,0x00,
 187                  0x00,0x08,0x00,
 188                  0x00,0x88,0x00,
 189                  0x00,0x88,0x00,
 190                  0x00,0x88,0x00,
 191                  0x00,0x88,0x00,
 192                  0x00,0x00,0x00,
 193                  0x00,0x00,0x00,
 194                  
 195                  //========Address -- (11),
 196                  0x00,0x00,0x00,
 197                  0x00,0x00,0x00,
 198                  0x00,0x00,0x00,
 199                  0x00,0x00,0x00,
 200                  0x00,0x42,0x00,
 201                  0x00,0x11,0x00,
 202                  0x11,0x1e,0x00,
 203                  0x00,0x00,0x00,
 204                  0x00,0x00,0x00,
 205                  
 206                  //========Address -- (12),
 207                  0x00,0x00,0x00,
 208                  0x00,0x00,0x00,
 209                  0x02,0x00,0x00,
 210                  0x22,0x00,0x00,
 211                  0x22,0x00,0x00,
 212                  0x22,0x00,0x00,
 213                  0x22,0x00,0x00,
 214                  0x00,0x00,0x00,
 215                  0x00,0x00,0x70,
 216                  
 217                  //========Address -- (13),
 218                  0x00,0x00,0x00,
 219                  0x00,0x00,0x00,
 220                  0x00,0x00,0x00,
 221                  0x00,0x00,0x00,
 222                  0x00,0x00,0x00,
 223                  0x4a,0x00,0x55,
 224                  0xaf,0x0f,0x5a,
 225                  0x24,0x00,0x00,
 226                  0x80,0x00,0x00,
 227                  
 228                  //========Address -- (14),
 229                  0x00,0x00,0x00,
 230                  0x00,0x00,0x00,
 231                  0x00,0x00,0x00,
 232                  0x00,0x00,0x00,
 233                  0x04,0x00,0x00,
C51 COMPILER V8.12   TFONT_ARABIC                                                          09/16/2026 20:29:14 PAGE 5   

 234                  0x44,0x00,0x00,
 235                  0x4b,0x0f,0x0f,
 236                  0x00,0x00,0x00,
 237                  0x00,0x00,0x00,
 238                  
 239                  //========Address -- (15),
 240                  0x00,0x00,0x00,
 241                  0x00,0x00,0x00,
 242                  0x08,0x02,0x00,
 243                  0x88,0x22,0x00,
 244                  0x88,0x22,0x00,
 245                  0x88,0x22,0x00,
 246                  0x80,0x22,0x00,
 247                  0x00,0x00,0x00,
 248                  0x00,0x00,0x00,
 249                  
 250                  //========Address -- (16),
 251                  0x00,0x00,0x00,
 252                  0x00,0x00,0x00,
 253                  0x00,0x04,0x00,
 254                  0x00,0x44,0x00,
 255                  0x00,0x42,0x00,
 256                  0x00,0x22,0x00,
 257                  0x88,0x22,0x11,
 258                  0x87,0x48,0x00,
 259                  0x00,0x00,0x00,
 260                  
 261                  //========Address -- (17),
 262                  0x00,0x00,0x00,
 263                  0x00,0x00,0x00,
 264                  0x00,0x00,0x00,
 265                  0x02,0x00,0x00,
 266                  0x22,0x00,0x03,
 267                  0x22,0x00,0x21,
 268                  0x2d,0x0f,0x2c,
 269                  0x00,0x00,0x00,
 270                  0x00,0x00,0x00,
 271                  
 272                  //========Address -- (18),
 273                  0x00,0x00,0x00,
 274                  0x00,0x00,0x00,
 275                  0x00,0x00,0x00,
 276                  0x00,0x00,0x00,
 277                  0x0c,0x00,0x01,
 278                  0x48,0x00,0x24,
 279                  0x87,0x0f,0x69,
 280                  0x00,0x00,0x00,
 281                  0x00,0x00,0x00,
 282                  
 283                  //========Address -- (19),
 284                  0x00,0x00,0x00,
 285                  0x00,0x00,0x00,
 286                  0x00,0x00,0x00,
 287                  0x00,0x00,0x00,
 288                  0x08,0x00,0x00,
 289                  0x88,0x00,0x00,
 290                  0x80,0x00,0x00,
 291                  0x00,0x00,0x00,
 292                  0x00,0x00,0x00,
 293                  
 294                  //========Address -- (1a),
 295                  0x00,0x00,0x00,
C51 COMPILER V8.12   TFONT_ARABIC                                                          09/16/2026 20:29:14 PAGE 6   

 296                  0x00,0x00,0x00,
 297                  0x00,0x00,0x00,
 298                  0x10,0xc0,0x00,
 299                  0x01,0x0c,0x00,
 300                  0x01,0xa2,0x00,
 301                  0x11,0x2c,0x00,
 302                  0x00,0x00,0x00,
 303                  0x00,0x00,0x00,
 304                  
 305                  //========Address -- (1b),
 306                  0x00,0x00,0x00,
 307                  0x00,0x00,0x00,
 308                  0x00,0x00,0x00,
 309                  0x00,0x08,0x00,
 310                  0x00,0x88,0x03,
 311                  0x00,0x88,0x20,
 312                  0x47,0x87,0x0f,
 313                  0x00,0x00,0x00,
 314                  0x00,0x00,0x00,
 315                  
 316                  //========Address -- (1c),
 317                  0x00,0x00,0x00,
 318                  0x00,0x00,0x00,
 319                  0x00,0x00,0x00,
 320                  0x00,0x00,0x00,
 321                  0x08,0x00,0x00,
 322                  0x43,0x00,0x00,
 323                  0xe3,0x0f,0x0f,
 324                  0x00,0x00,0x00,
 325                  0x00,0x00,0x00,
 326                  
 327                  //========Address -- (1d),
 328                  0x00,0x00,0x00,
 329                  0x00,0x00,0x00,
 330                  0x02,0x00,0x08,
 331                  0x22,0x00,0x88,
 332                  0x22,0x00,0x88,
 333                  0x22,0x00,0x88,
 334                  0x2c,0x00,0x88,
 335                  0x00,0x00,0x00,
 336                  0x00,0x00,0x00,
 337                  
 338                  //========Address -- (1e),
 339                  0x00,0x00,0x00,
 340                  0x00,0x00,0x00,
 341                  0x00,0x01,0x00,
 342                  0x00,0x11,0x80,
 343                  0x00,0x10,0x08,
 344                  0x00,0x00,0x88,
 345                  0x02,0x00,0x8c,
 346                  0x44,0x00,0xb8,
 347                  0x63,0x1e,0x80,
 348                  
 349                  //========Address -- (1f),
 350                  0x00,0x00,0x00,
 351                  0x00,0x00,0x00,
 352                  0x00,0x00,0x00,
 353                  0x00,0x00,0x00,
 354                  0x00,0x04,0x00,
 355                  0x00,0x44,0x00,
 356                  0x00,0x46,0x00,
 357                  0xf0,0x90,0xf0,
C51 COMPILER V8.12   TFONT_ARABIC                                                          09/16/2026 20:29:14 PAGE 7   

 358                  0x00,0x0e,0x00,
 359                  
 360                  //========Address -- (20),
 361                  0x00,0x00,0x00,
 362                  0x00,0x00,0x00,
 363                  0x00,0x00,0x00,
 364                  0x00,0x80,0x00,
 365                  0x03,0x0e,0x00,
 366                  0x21,0x24,0x00,
 367                  0x12,0x84,0x01,
 368                  0xc0,0x30,0xf0,
 369                  0x00,0x00,0x00,
 370                  
 371                  //========Address -- (21),
 372                  0x00,0x00,0x00,
 373                  0x00,0x00,0x00,
 374                  0x40,0x00,0x00,
 375                  0x60,0x00,0x00,
 376                  0x00,0x04,0x00,
 377                  0x0a,0x44,0x00,
 378                  0xaa,0x46,0x00,
 379                  0x50,0xb0,0xf0,
 380                  0x00,0x00,0x00,
 381                  
 382                  //========Address -- (22),
 383                  0x00,0x00,0x00,
 384                  0x00,0x00,0x00,
 385                  0x01,0x0c,0x00,
 386                  0x00,0x00,0x00,
 387                  0x00,0x04,0x00,
 388                  0x00,0x42,0x00,
 389                  0x00,0x22,0x00,
 390                  0xf0,0xc0,0x00,
 391                  0x00,0x00,0x00,
 392                  
 393                  //========Address -- (23),
 394                  0x00,0x00,0x00,
 395                  0x00,0x00,0x00,
 396                  0x00,0x01,0x00,
 397                  0x00,0x00,0x00,
 398                  0x00,0x01,0x84,
 399                  0x88,0x11,0x4c,
 400                  0x87,0x0f,0x48,
 401                  0x00,0x00,0x00,
 402                  0x00,0x00,0x00,
 403                  
 404                  //========Address -- (24),
 405                  0x00,0x00,0x00,
 406                  0x00,0x00,0x00,
 407                  0x02,0x00,0x00,
 408                  0x22,0x00,0x00,
 409                  0x22,0x00,0x00,
 410                  0x22,0x00,0x00,
 411                  0x21,0x0f,0x0f,
 412                  0x00,0x00,0x00,
 413                  0x00,0x00,0x00,
 414                  
 415                  //========Address -- (25),
 416                  0x00,0x00,0x00,
 417                  0x00,0x00,0x00,
 418                  0x03,0x08,0x00,
 419                  0x00,0x00,0x00,
C51 COMPILER V8.12   TFONT_ARABIC                                                          09/16/2026 20:29:14 PAGE 8   

 420                  0x12,0x88,0x00,
 421                  0x22,0x88,0x00,
 422                  0x1e,0x0f,0x0f,
 423                  0x00,0x00,0x00,
 424                  0x00,0x00,0x00,
 425                  
 426                  //========Address -- (26),
 427                  0x00,0x00,0x00,
 428                  0x00,0x00,0x00,
 429                  0x00,0x00,0x08,
 430                  0x00,0x00,0x88,
 431                  0x01,0x00,0x88,
 432                  0x11,0x00,0x88,
 433                  0x1e,0x00,0x88,
 434                  0x00,0x01,0x08,
 435                  0xe0,0x13,0x08,
 436                  
 437                  //========Address -- (27),
 438                  0x00,0x00,0x00,
 439                  0x00,0x00,0x00,
 440                  0x00,0x00,0x00,
 441                  0x00,0x00,0x00,
 442                  0x00,0x00,0x00,
 443                  0x00,0x00,0x00,
 444                  0x04,0x03,0x0f,
 445                  0x43,0x1e,0x00,
 446                  0x01,0x0c,0x00,
 447                  
 448                  //========Address -- (28),
 449                  0x00,0x00,0x00,
 450                  0x00,0x00,0x00,
 451                  0x00,0x00,0x00,
 452                  0x00,0x00,0x00,
 453                  0x00,0x02,0x00,
 454                  0x22,0xaa,0x00,
 455                  0x2d,0xa4,0x00,
 456                  0x00,0x00,0x00,
 457                  0x00,0x00,0x00,
 458                  
 459                  //========Address -- (29),
 460                  0x00,0x00,0x00,
 461                  0x00,0x00,0x00,
 462                  0x08,0x00,0x00,
 463                  0x88,0x00,0x00,
 464                  0x88,0x00,0x01,
 465                  0x88,0x00,0x11,
 466                  0x87,0x0f,0x1e,
 467                  0x00,0x00,0x00,
 468                  0x00,0x00,0x30,
 469                  
 470                  //========Address -- (2a),
 471                  0x00,0x00,0x00,
 472                  0x00,0x00,0x00,
 473                  0x00,0x00,0x01,
 474                  0x00,0x00,0x00,
 475                  0x00,0x00,0x01,
 476                  0x00,0x00,0x11,
 477                  0x0f,0x0f,0x0f,
 478                  0x00,0x00,0x00,
 479                  0x80,0x00,0x00,
 480                  
 481                  //========Address -- (2b),
C51 COMPILER V8.12   TFONT_ARABIC                                                          09/16/2026 20:29:14 PAGE 9   

 482                  0x00,0x00,0x00,
 483                  0x00,0x00,0x00,
 484                  0x0c,0x00,0x00,
 485                  0x00,0x00,0x00,
 486                  0x84,0x00,0x00,
 487                  0x4c,0x00,0x00,
 488                  0x48,0x00,0x00,
 489                  0x00,0x00,0x00,
 490                  0x00,0x00,0x00,
 491                  
 492                  //========Address -- (2c),
 493                  0x00,0x00,0x00,
 494                  0x00,0x00,0x00,
 495                  0x00,0x07,0x00,
 496                  0x00,0x02,0x00,
 497                  0x00,0x2e,0x00,
 498                  0x11,0x2e,0x00,
 499                  0x00,0x21,0x0f,
 500                  0x00,0x00,0x00,
 501                  0x00,0x00,0x00,
 502                  
 503                  //========Address -- (2d),
 504                  0x00,0x00,0x00,
 505                  0x00,0x00,0x00,
 506                  0x00,0x00,0x00,
 507                  0x00,0x00,0x00,
 508                  0x01,0x00,0x00,
 509                  0x11,0x00,0x00,
 510                  0x1e,0x0f,0x0f,
 511                  0x00,0x00,0x00,
 512                  0x10,0x00,0x00,
 513                  
 514                  //========Address -- (2e),
 515                  0x00,0x00,0x00,
 516                  0x00,0x00,0x00,
 517                  0x00,0x00,0x00,
 518                  0x00,0x00,0x00,
 519                  0x0f,0x00,0x00,
 520                  0x96,0x00,0x00,
 521                  0xa1,0x0f,0x0f,
 522                  0x00,0x00,0x00,
 523                  0x00,0x00,0x00,
 524                  
 525                  //========Address -- (2f),
 526                  0x00,0x00,0x00,
 527                  0x00,0x00,0x00,
 528                  0x02,0x00,0x00,
 529                  0x22,0x00,0x00,
 530                  0x22,0x00,0x00,
 531                  0x22,0x00,0x00,
 532                  0x2c,0x00,0x00,
 533                  0x00,0x00,0x00,
 534                  0x00,0x00,0x00,
 535                  
 536                  //========Address -- (30),
 537                  0x00,0x00,0x00,
 538                  0x00,0x00,0x00,
 539                  0x00,0x00,0x00,
 540                  0x00,0x00,0x00,
 541                  0x00,0x00,0x00,
 542                  0x01,0xe1,0x00,
 543                  0x10,0x0f,0x8f,
C51 COMPILER V8.12   TFONT_ARABIC                                                          09/16/2026 20:29:14 PAGE 10  

 544                  0x11,0x00,0x00,
 545                  0x00,0x88,0x00,
 546                  
 547                  //========Address -- (31),
 548                  0x00,0x00,0x00,
 549                  0x00,0x00,0x00,
 550                  0x00,0x08,0x00,
 551                  0x00,0x88,0x00,
 552                  0x00,0x88,0x00,
 553                  0x00,0x88,0x00,
 554                  0x0f,0x87,0x0f,
 555                  0x00,0x00,0x00,
 556                  0x00,0x00,0x00,
 557                  
 558                  //========Address -- (32),
 559                  0x00,0x00,0x00,
 560                  0x00,0x00,0x00,
 561                  0x01,0x00,0x00,
 562                  0x00,0x00,0x00,
 563                  0x01,0x84,0x00,
 564                  0x11,0x4c,0x00,
 565                  0x0f,0x48,0x00,
 566                  0x00,0x00,0x00,
 567                  0x00,0x00,0x00,
 568                  
 569                  //========Address -- (33),
 570                  0x00,0x00,0x00,
 571                  0x00,0x00,0x00,
 572                  0x00,0x07,0x00,
 573                  0x00,0x02,0x00,
 574                  0x00,0x2e,0x00,
 575                  0x11,0x2e,0x00,
 576                  0x00,0x21,0x0f,
 577                  0x00,0x00,0x00,
 578                  0x00,0x00,0x00,
 579                  
 580                  //========Address -- (34),
 581                  0x00,0x00,0x00,
 582                  0x00,0x00,0x00,
 583                  0x00,0x00,0x00,
 584                  0x00,0x00,0x00,
 585                  0x00,0x01,0x00,
 586                  0x00,0x11,0x00,
 587                  0x0f,0x1e,0x00,
 588                  0x00,0x00,0x00,
 589                  0x00,0x80,0x00,
 590                  
 591                  //========Address -- (35),
 592                  0x00,0x00,0x00,
 593                  0x00,0x00,0x00,
 594                  0x08,0x00,0x00,
 595                  0x88,0x00,0x30,
 596                  0x88,0x00,0x01,
 597                  0x88,0x00,0x11,
 598                  0x87,0x0f,0x1e,
 599                  0x00,0x00,0x00,
 600                  0x00,0x00,0x00,
 601                  
 602                  //========Address -- (36),
 603                  0x00,0x00,0x00,
 604                  0x00,0x00,0x00,
 605                  0x00,0x00,0x00,
C51 COMPILER V8.12   TFONT_ARABIC                                                          09/16/2026 20:29:14 PAGE 11  

 606                  0x80,0x00,0x12,
 607                  0x00,0x00,0x42,
 608                  0x00,0x00,0x10,
 609                  0x0f,0x0f,0x0f,
 610                  0x00,0x00,0x00,
 611                  0x00,0x00,0x00,
 612                  
 613                  //========Address -- (37),
 614                  0x00,0x00,0x00,
 615                  0x00,0x00,0x00,
 616                  0x04,0x00,0x00,
 617                  0x80,0x00,0x00,
 618                  0x00,0x00,0x00,
 619                  0x08,0x00,0x00,
 620                  0x88,0x00,0x00,
 621                  0x00,0x00,0x00,
 622                  0x00,0x00,0x00,
 623                  
 624                  //========Address -- (38),
 625                  0x00,0x00,0x00,
 626                  0x00,0x00,0x00,
 627                  0x00,0xfa,0x00,
 628                  0x00,0x06,0x00,
 629                  0x00,0xf9,0x00,
 630                  0x00,0x9f,0x00,
 631                  0x00,0xe0,0x00,
 632                  0x00,0x00,0x01,
 633                  0x00,0x00,0x00,
 634                  
 635                  //========Address -- (39),
 636                  0x00,0x00,0x00,
 637                  0x00,0x00,0x00,
 638                  0x00,0x00,0x00,
 639                  0x00,0x08,0x00,
 640                  0x00,0x8c,0x00,
 641                  0x00,0x44,0x00,
 642                  0x00,0x48,0x00,
 643                  0x1f,0x80,0x01,
 644                  0x00,0x00,0x00,
 645                  
 646                  //========Address -- (3a),
 647                  0x00,0x00,0x00,
 648                  0x00,0x00,0x00,
 649                  0x00,0x00,0x00,
 650                  0x00,0x00,0x00,
 651                  0x27,0x00,0x19,
 652                  0x57,0x0f,0xaf,
 653                  0x71,0xf0,0x70,
 654                  0x7e,0x00,0x00,
 655                  0x00,0x00,0x00,
 656                  
 657                  //========Address -- (3b),
 658                  0x00,0x00,0x00,
 659                  0x00,0x00,0x01,
 660                  0x00,0x00,0x31,
 661                  0x0c,0x00,0x11,
 662                  0xe2,0x00,0x00,
 663                  0x2f,0x0f,0x0f,
 664                  0xd0,0xf0,0xf0,
 665                  0x00,0x00,0x00,
 666                  0x00,0x00,0x00,
 667                  
C51 COMPILER V8.12   TFONT_ARABIC                                                          09/16/2026 20:29:14 PAGE 12  

 668                  //========Address -- (3c),
 669                  0x00,0x00,0x00,
 670                  0x00,0x00,0x00,
 671                  0x80,0x22,0x00,
 672                  0x00,0x22,0x00,
 673                  0x88,0x22,0x00,
 674                  0x88,0x22,0x00,
 675                  0x00,0x20,0x00,
 676                  0x00,0x00,0x00,
 677                  0x00,0x00,0x00,
 678                  
 679                  //========Address -- (3d),
 680                  0x00,0x00,0x00,
 681                  0x00,0x00,0x00,
 682                  0x00,0x00,0x00,
 683                  0x00,0x00,0x00,
 684                  0x00,0x0f,0x00,
 685                  0x00,0x96,0x00,
 686                  0x01,0xa1,0x0f,
 687                  0x22,0x00,0x00,
 688                  0x10,0x0f,0x48,
 689                  
 690                  //========Address -- (3e),
 691                  0x00,0x00,0x00,
 692                  0x00,0x00,0x00,
 693                  0x00,0x00,0x00,
 694                  0x00,0x00,0x00,
 695                  0x01,0x00,0x00,
 696                  0x11,0x00,0x11,
 697                  0x1e,0x0f,0x1e,
 698                  0x00,0x00,0x00,
 699                  0x10,0x00,0x00,
 700                  
 701                  //========Address -- (3f),
 702                  0x00,0x00,0x00,
 703                  0x00,0x00,0x00,
 704                  0x80,0x00,0x00,
 705                  0xc0,0x00,0x30,
 706                  0x01,0x00,0x01,
 707                  0x55,0x00,0x11,
 708                  0x5a,0x0f,0x1e,
 709                  0x00,0x00,0x00,
 710                  0x00,0x00,0x00,
 711                  
 712                  //========Address -- (40),
 713                  0x00,0x00,0x00,
 714                  0x00,0x00,0x00,
 715                  0x00,0x00,0x00,
 716                  0x80,0x00,0x00,
 717                  0x00,0x00,0x00,
 718                  0x00,0x00,0x00,
 719                  0x0f,0x0f,0x0f,
 720                  0x00,0x00,0x00,
 721                  0x00,0x00,0x00,
 722                  
 723                  //========Address -- (41),
 724                  0x00,0x00,0x00,
 725                  0x00,0x00,0x00,
 726                  0x08,0x02,0x00,
 727                  0x88,0x22,0x00,
 728                  0x88,0x22,0x00,
 729                  0x88,0x22,0x00,
C51 COMPILER V8.12   TFONT_ARABIC                                                          09/16/2026 20:29:14 PAGE 13  

 730                  0x80,0x22,0x00,
 731                  0x00,0x00,0x00,
 732                  0x00,0x00,0x00,
 733                  
 734                  //========Address -- (42),
 735                  0x00,0x00,0x00,
 736                  0x00,0x00,0x00,
 737                  0x00,0x00,0x00,
 738                  0x00,0x00,0x00,
 739                  0x00,0x68,0x00,
 740                  0x00,0xf2,0x00,
 741                  0x00,0x40,0x00,
 742                  0x00,0x00,0x00,
 743                  0x00,0x00,0x00,
 744                  
 745                  //========Address -- (43),
 746                  0x00,0x00,0x00,
 747                  0x00,0x00,0x00,
 748                  0x02,0x00,0x00,
 749                  0x22,0x00,0x00,
 750                  0x22,0x00,0x00,
 751                  0x22,0x00,0x00,
 752                  0x21,0x0f,0x0f,
 753                  0x00,0x00,0x00,
 754                  0x00,0x00,0x00,
 755                  
 756                  //========Address -- (44),
 757                  0x00,0x00,0x00,
 758                  0x00,0x00,0x00,
 759                  0x01,0x0c,0x00,
 760                  0x00,0x00,0x00,
 761                  0x01,0x84,0x00,
 762                  0x11,0x4c,0x00,
 763                  0x0f,0x48,0x00,
 764                  0x00,0x00,0x01,
 765                  0x00,0x10,0xe0,
 766                  
 767                  //========Address -- (45),
 768                  0x00,0x00,0x00,
 769                  0x00,0x00,0x00,
 770                  0x00,0x00,0x00,
 771                  0x00,0x00,0x80,
 772                  0x08,0x00,0x02,
 773                  0x88,0x00,0x22,
 774                  0x88,0x00,0x23,
 775                  0x80,0x00,0x24,
 776                  0x00,0x70,0x80,
 777                  
 778                  //========Address -- (46),
 779                  0x00,0x00,0x00,
 780                  0x00,0x00,0x00,
 781                  0x00,0x00,0x02,
 782                  0x00,0x00,0x22,
 783                  0x00,0x00,0x22,
 784                  0x00,0x00,0x22,
 785                  0x0f,0x0f,0x2c,
 786                  0x00,0x00,0x00,
 787                  0x00,0x00,0x00,
 788                  
 789                  //========Address -- (47),
 790                  0x00,0x00,0x00,
 791                  0x00,0x00,0x00,
C51 COMPILER V8.12   TFONT_ARABIC                                                          09/16/2026 20:29:14 PAGE 14  

 792                  0x00,0x08,0x00,
 793                  0x00,0x88,0x00,
 794                  0x00,0x88,0x00,
 795                  0x00,0x88,0x00,
 796                  0x00,0x88,0x00,
 797                  0x00,0x00,0x00,
 798                  0x00,0x00,0x00,
 799                  
 800                  //========Address -- (48),
 801                  0x00,0x00,0x00,
 802                  0x00,0x00,0x00,
 803                  0x00,0x00,0x00,
 804                  0x00,0x00,0x00,
 805                  0x00,0x00,0x00,
 806                  0x00,0x00,0x11,
 807                  0x00,0x00,0x00,
 808                  0x00,0x00,0x00,
 809                  0x00,0x00,0x00,
 810                  
 811                  //========Address -- (49),
 812                  0x00,0x00,0x00,
 813                  0x00,0x00,0x00,
 814                  0x07,0x00,0x00,
 815                  0x02,0x00,0x00,
 816                  0x2e,0x00,0x00,
 817                  0x2e,0x00,0x00,
 818                  0x21,0x0f,0x0f,
 819                  0x00,0x00,0x00,
 820                  0x00,0x00,0x00,
 821                  
 822                  //========Address -- (4a),
 823                  0x00,0x00,0x00,
 824                  0x00,0x00,0x00,
 825                  0x06,0x00,0x08,
 826                  0x4e,0x00,0x88,
 827                  0x01,0x00,0x88,
 828                  0x11,0x00,0x88,
 829                  0x1e,0x00,0x87,
 830                  0x00,0x00,0x00,
 831                  0x00,0x00,0x00,
 832                  
 833                  //========Address -- (4b),
 834                  0x00,0x00,0x00,
 835                  0x00,0x00,0x00,
 836                  0x00,0x00,0x00,
 837                  0x00,0x01,0x00,
 838                  0x00,0x00,0x0c,
 839                  0x00,0x19,0x22,
 840                  0x0f,0xa7,0x2c,
 841                  0x00,0x00,0x00,
 842                  0x00,0x00,0x00,
 843                  
 844                  //========Address -- (4c),
 845                  0x00,0x00,0x00,
 846                  0x00,0x00,0x00,
 847                  0x00,0x02,0x00,
 848                  0x47,0x22,0x00,
 849                  0x00,0xa6,0x00,
 850                  0x00,0x22,0x00,
 851                  0x00,0x6e,0x00,
 852                  0x00,0x00,0x00,
 853                  0x00,0x00,0x00,
C51 COMPILER V8.12   TFONT_ARABIC                                                          09/16/2026 20:29:14 PAGE 15  

 854                  
 855                  //========Address -- (4d),
 856                  0x00,0x00,0x00,
 857                  0x00,0x00,0x00,
 858                  0x02,0x00,0x00,
 859                  0x22,0x00,0x00,
 860                  0x22,0x00,0x00,
 861                  0x22,0x00,0x00,
 862                  0x22,0x00,0x00,
 863                  0x00,0x00,0x00,
 864                  0x00,0x00,0x00,
 865                  
 866                  //========Address -- (4e),
 867                  0x00,0x00,0x00,
 868                  0x00,0x00,0x00,
 869                  0x00,0x01,0x00,
 870                  0x00,0x00,0x00,
 871                  0x00,0x01,0x84,
 872                  0x88,0x11,0x4c,
 873                  0x87,0x0f,0x48,
 874                  0x00,0x00,0x00,
 875                  0x00,0x00,0x00,
 876                  
 877                  //========Address -- (4f),
 878                  0x00,0x00,0x00,
 879                  0x00,0x00,0x00,
 880                  0x02,0x00,0x00,
 881                  0x22,0x00,0x00,
 882                  0x22,0x00,0x00,
 883                  0x22,0x00,0x00,
 884                  0x21,0x0f,0x0f,
 885                  0x00,0x00,0x00,
 886                  0x00,0x00,0x00,
 887                  
 888                  //========Address -- (50),
 889                  0x00,0x00,0x00,
 890                  0x00,0x00,0x00,
 891                  0x03,0x08,0x00,
 892                  0x00,0x00,0x00,
 893                  0x12,0x88,0x00,
 894                  0x22,0x88,0x00,
 895                  0x1e,0x0f,0x0f,
 896                  0x00,0x00,0x00,
 897                  0x00,0x00,0x00,
 898                  
 899                  //========Address -- (51),
 900                  0x00,0x00,0x00,
 901                  0x00,0x00,0x00,
 902                  0x00,0x00,0x08,
 903                  0x00,0x00,0x88,
 904                  0x01,0x00,0x88,
 905                  0x11,0x00,0x88,
 906                  0x1e,0x00,0x88,
 907                  0x00,0x00,0x00,
 908                  0xe0,0x00,0x00,
 909                  
 910                  //========Address -- (52),
 911                  0x00,0x00,0x00,
 912                  0x00,0x00,0x00,
 913                  0x00,0x00,0x00,
 914                  0x00,0x00,0x00,
 915                  0x00,0x00,0x00,
C51 COMPILER V8.12   TFONT_ARABIC                                                          09/16/2026 20:29:14 PAGE 16  

 916                  0x00,0x00,0x00,
 917                  0x04,0x03,0x0f,
 918                  0x43,0x1e,0x00,
 919                  0x01,0x0c,0x00,
 920                  
 921                  //========Address -- (53),
 922                  0x00,0x00,0x00,
 923                  0x00,0x00,0x00,
 924                  0x00,0x06,0x00,
 925                  0x00,0x4e,0x00,
 926                  0x00,0x01,0x00,
 927                  0x00,0x11,0x00,
 928                  0x0f,0x1e,0x00,
 929                  0x00,0x00,0x00,
 930                  0x00,0x00,0x00,
 931                  
 932                  //========Address -- (54),
 933                  0x00,0x00,0x00,
 934                  0x00,0x00,0x00,
 935                  0x08,0x00,0x00,
 936                  0x88,0x00,0x00,
 937                  0x88,0x00,0x00,
 938                  0x88,0x00,0x00,
 939                  0x87,0x0f,0x0f,
 940                  0x00,0x00,0x00,
 941                  0x00,0x00,0x00,
 942                  
 943                  //========Address -- (55),
 944                  0x00,0x00,0x00,
 945                  0x00,0x00,0x00,
 946                  0x0e,0x00,0x02,
 947                  0x00,0x00,0x22,
 948                  0x6a,0x00,0x22,
 949                  0xaa,0x00,0x22,
 950                  0x4b,0x0f,0x2d,
 951                  0x00,0x00,0x00,
 952                  0x00,0x00,0x00,
 953                  
 954                  //========Address -- (56),
 955                  0x00,0x00,0x00,
 956                  0x00,0x00,0x00,
 957                  0x00,0x00,0x00,
 958                  0x00,0x00,0x70,
 959                  0x00,0x00,0x01,
 960                  0x00,0x00,0x11,
 961                  0x0f,0x0f,0x1e,
 962                  0x00,0x00,0x00,
 963                  0x00,0x00,0x00,
 964                  
 965                  //========Address -- (57),
 966                  0x00,0x00,0x00,
 967                  0x00,0x00,0x00,
 968                  0x00,0x01,0x00,
 969                  0x00,0x00,0x00,
 970                  0x00,0x01,0x84,
 971                  0x88,0x11,0x4c,
 972                  0x87,0x0f,0x48,
 973                  0x00,0x00,0x00,
 974                  0x00,0x00,0x00,
 975                  
 976                  //========Address -- (58),
 977                  0x00,0x00,0x00,
C51 COMPILER V8.12   TFONT_ARABIC                                                          09/16/2026 20:29:14 PAGE 17  

 978                  0x00,0x00,0x00,
 979                  0x02,0x00,0x00,
 980                  0x22,0x00,0x00,
 981                  0x22,0x00,0x00,
 982                  0x22,0x00,0x00,
 983                  0x21,0x0f,0x0f,
 984                  0x00,0x00,0x00,
 985                  0x00,0x00,0x00,
 986                  
 987                  //========Address -- (59),
 988                  0x00,0x00,0x00,
 989                  0x00,0x00,0x00,
 990                  0x03,0x08,0x00,
 991                  0x00,0x00,0x00,
 992                  0x12,0x88,0x00,
 993                  0x22,0x88,0x00,
 994                  0x1e,0x0f,0x0f,
 995                  0x00,0x00,0x00,
 996                  0x00,0x00,0x00,
 997                  
 998                  //========Address -- (5a),
 999                  0x00,0x00,0x00,
1000                  0x00,0x00,0x00,
1001                  0x00,0x00,0x08,
1002                  0x00,0x00,0x88,
1003                  0x01,0x00,0x88,
1004                  0x11,0x00,0x88,
1005                  0x1e,0x00,0x88,
1006                  0x00,0x01,0x08,
1007                  0xe0,0x13,0x08,
1008                  
1009                  //========Address -- (5b),
1010                  0x00,0x00,0x00,
1011                  0x00,0x00,0x00,
1012                  0x00,0xcc,0x00,
1013                  0x00,0x01,0x00,
1014                  0x02,0x11,0x08,
1015                  0x24,0x10,0x88,
1016                  0x46,0x01,0x88,
1017                  0x73,0xfe,0x00,
1018                  0x00,0x00,0x00,
1019                  
1020                  //========Address -- (5c),
1021                  0x00,0x00,0x00,
1022                  0x00,0x00,0x00,
1023                  0x00,0x00,0x00,
1024                  0x00,0x00,0x00,
1025                  0x01,0x8c,0x00,
1026                  0x11,0x4f,0x0f,
1027                  0x10,0xf4,0xf0,
1028                  0x17,0xc8,0x00,
1029                  0x00,0x00,0x00,
1030                  
1031                  //========Address -- (5d),
1032                  0x00,0x00,0x00,
1033                  0x04,0x00,0x00,
1034                  0x44,0x00,0x00,
1035                  0x44,0x00,0x00,
1036                  0x44,0x00,0x00,
1037                  0x6d,0x0f,0x0f,
1038                  0xd0,0xf0,0xf0,
1039                  0x00,0x00,0x00,
C51 COMPILER V8.12   TFONT_ARABIC                                                          09/16/2026 20:29:14 PAGE 18  

1040                  0x00,0x00,0x00,
1041                  
1042                  //========Address -- (5e),
1043                  0x00,0x00,0x00,
1044                  0x04,0x00,0x00,
1045                  0xe4,0x00,0x88,
1046                  0x44,0x00,0x88,
1047                  0x22,0x00,0x88,
1048                  0x2e,0x00,0x88,
1049                  0xc0,0x00,0x80,
1050                  0x00,0x00,0x00,
1051                  0x00,0x00,0x00,
1052                  
1053                  //========Address -- (5f),
1054                  0x00,0x00,0x00,
1055                  0x00,0x00,0x00,
1056                  0x00,0x00,0x00,
1057                  0x00,0x04,0x00,
1058                  0x00,0x00,0x00,
1059                  0x02,0x00,0x88,
1060                  0x22,0x00,0x88,
1061                  0x22,0x01,0x80,
1062                  0x10,0xe0,0x10,
1063                  
1064                  //========Address -- (60),
1065                  0x00,0x00,0x00,
1066                  0x00,0x00,0x00,
1067                  0x00,0x00,0x00,
1068                  0x00,0x00,0x00,
1069                  0x00,0x00,0x00,
1070                  0x12,0x08,0x00,
1071                  0x23,0x8f,0x0f,
1072                  0x01,0x80,0x00,
1073                  0xe0,0x00,0x00,
1074                  
1075                  //========Address -- (61),
1076                  0x00,0x00,0x00,
1077                  0x00,0x00,0x00,
1078                  0x02,0x00,0x00,
1079                  0x22,0x00,0x00,
1080                  0x22,0x00,0x00,
1081                  0x22,0x00,0x00,
1082                  0x2d,0x0f,0x0f,
1083                  0x00,0x00,0x00,
1084                  0x00,0x00,0x00,
1085                  
1086                  //========Address -- (62),
1087                  0x00,0x00,0x00,
1088                  0x00,0x00,0x00,
1089                  0x02,0x00,0x08,
1090                  0x22,0x00,0x88,
1091                  0x22,0x00,0x88,
1092                  0x22,0x00,0x88,
1093                  0x2c,0x00,0x88,
1094                  0x00,0x00,0x00,
1095                  0x00,0x00,0x00,
1096                  
1097                  //========Address -- (63),
1098                  0x00,0x00,0x00,
1099                  0x00,0x00,0x00,
1100                  0x00,0x00,0x00,
1101                  0x10,0xc0,0x00,
C51 COMPILER V8.12   TFONT_ARABIC                                                          09/16/2026 20:29:14 PAGE 19  

1102                  0x01,0x0c,0x00,
1103                  0x01,0xa2,0x00,
1104                  0x11,0x2c,0x00,
1105                  0x00,0x00,0x00,
1106                  0x00,0x00,0x10,
1107                  
1108                  //========Address -- (64),
1109                  0x00,0x00,0x00,
1110                  0x00,0x00,0x00,
1111                  0x00,0x00,0x00,
1112                  0x00,0x00,0x00,
1113                  0x00,0x08,0x00,
1114                  0x00,0x88,0x00,
1115                  0x00,0x88,0x00,
1116                  0x01,0x80,0x00,
1117                  0xe0,0x00,0x00,
1118                  
1119                  //========Address -- (65),
1120                  0x00,0x00,0x00,
1121                  0x00,0x00,0x00,
1122                  0x08,0x00,0x00,
1123                  0x88,0x00,0x00,
1124                  0x88,0x00,0x00,
1125                  0x88,0x00,0x00,
1126                  0x88,0x00,0x00,
1127                  0x00,0x00,0x01,
1128                  0x00,0x10,0xe0,
1129                  
1130                  //========Address -- (66),
1131                  0x00,0x00,0x00,
1132                  0x00,0x00,0x00,
1133                  0x00,0x00,0x00,
1134                  0x00,0x00,0x00,
1135                  0x08,0x00,0x0c,
1136                  0x88,0x10,0x23,
1137                  0x8f,0x0f,0xc0,
1138                  0x80,0x00,0x00,
1139                  0x00,0x00,0x00,
1140                  
1141                  //========Address -- (67),
1142                  0x00,0x00,0x00,
1143                  0x00,0x00,0x00,
1144                  0x00,0x00,0x00,
1145                  0x00,0x00,0x00,
1146                  0x00,0x00,0x00,
1147                  0x08,0x00,0x00,
1148                  0x00,0x00,0x00,
1149                  0x00,0x00,0x00,
1150                  0x00,0x00,0x00,
1151                  
1152                  //========Address -- (68),
1153                  0x00,0x00,0x00,
1154                  0x00,0x00,0x00,
1155                  0x00,0x00,0x00,
1156                  0x00,0x00,0x00,
1157                  0x00,0x02,0x00,
1158                  0x00,0x22,0x00,
1159                  0x00,0x23,0x0f,
1160                  0x00,0x24,0x00,
1161                  0x70,0x80,0x00,
1162                  
1163                  //========Address -- (69),
C51 COMPILER V8.12   TFONT_ARABIC                                                          09/16/2026 20:29:14 PAGE 20  

1164                  0x00,0x00,0x00,
1165                  0x00,0x00,0x00,
1166                  0x00,0x00,0x00,
1167                  0x00,0x00,0x00,
1168                  0x00,0x08,0x00,
1169                  0x12,0x44,0x10,
1170                  0x2d,0x4b,0x0f,
1171                  0x00,0x00,0x00,
1172                  0x00,0x00,0x00,
1173                  
1174                  //========Address -- (6a),
1175                  0x00,0x00,0x00,
1176                  0x00,0x00,0x00,
1177                  0x00,0x00,0x02,
1178                  0x00,0x00,0x22,
1179                  0x0c,0x00,0x22,
1180                  0x23,0x08,0x22,
1181                  0xc0,0x00,0x22,
1182                  0x00,0x00,0x00,
1183                  0x00,0x00,0x00,
1184                  
1185                  //========Address -- (6b),
1186                  0x00,0x00,0x00,
1187                  0x00,0x00,0x00,
1188                  0x00,0x00,0x00,
1189                  0x00,0x00,0x00,
1190                  0x00,0x02,0x00,
1191                  0x00,0x22,0x00,
1192                  0x00,0x23,0x0f,
1193                  0x00,0x24,0x00,
1194                  0x70,0x80,0x00,
1195                  
1196                  //========Address -- (6c),
1197                  0x00,0x00,0x00,
1198                  0x00,0x00,0x00,
1199                  0x00,0x00,0x00,
1200                  0x01,0x00,0x00,
1201                  0x00,0x0c,0x00,
1202                  0x19,0x22,0x10,
1203                  0xa7,0x2d,0x0f,
1204                  0x00,0x00,0x00,
1205                  0x00,0x00,0x00,
1206                  
1207                  //========Address -- (6d),
1208                  0x00,0x00,0x00,
1209                  0x00,0x00,0x00,
1210                  0x00,0x00,0x02,
1211                  0x20,0x00,0x22,
1212                  0x0c,0x00,0x22,
1213                  0x23,0x08,0x22,
1214                  0xc0,0x00,0x22,
1215                  0x00,0x00,0x00,
1216                  0x00,0x00,0x00,
1217                  
1218                  //========Address -- (6e),
1219                  0x00,0x00,0x00,
1220                  0x00,0x00,0x00,
1221                  0x00,0x00,0x00,
1222                  0x00,0x70,0x00,
1223                  0x00,0x03,0x00,
1224                  0x00,0x44,0x88,
1225                  0x44,0x70,0x88,
C51 COMPILER V8.12   TFONT_ARABIC                                                          09/16/2026 20:29:14 PAGE 21  

1226                  0x44,0x01,0x80,
1227                  0x30,0xe0,0x10,
1228                  
1229                  //========Address -- (6f),
1230                  0x00,0x00,0x00,
1231                  0x00,0x00,0x00,
1232                  0x00,0x00,0x00,
1233                  0x00,0x00,0x00,
1234                  0x00,0x08,0x00,
1235                  0x00,0x88,0x00,
1236                  0x00,0x88,0x00,
1237                  0x01,0x80,0x00,
1238                  0xe0,0x00,0x70,
1239                  
1240                  //========Address -- (70),
1241                  0x00,0x00,0x00,
1242                  0x00,0x00,0x00,
1243                  0x00,0x00,0x02,
1244                  0x80,0x00,0x22,
1245                  0x02,0x00,0x22,
1246                  0x22,0x00,0x22,
1247                  0x22,0x00,0x22,
1248                  0x24,0x00,0x00,
1249                  0x80,0x00,0x00,
1250                  
1251                  //========Address -- (71),
1252                  0x00,0x00,0x00,
1253                  0x00,0x00,0x00,
1254                  0x00,0x00,0x00,
1255                  0x00,0x00,0x00,
1256                  0x00,0xc8,0x00,
1257                  0x10,0xc0,0x00,
1258                  0x02,0x03,0x0f,
1259                  0x44,0x42,0x00,
1260                  0x43,0x1e,0x00,
1261                  
1262                  //========Address -- (72),
1263                  0x00,0x00,0x00,
1264                  0x00,0x00,0x00,
1265                  0x00,0x04,0x00,
1266                  0x00,0x00,0x00,
1267                  0x00,0x25,0x00,
1268                  0x00,0x57,0x00,
1269                  0x0f,0x1e,0x00,
1270                  0x00,0x00,0x00,
1271                  0x00,0x00,0x00,
1272                  
1273                  //========Address -- (73),
1274                  0x00,0x00,0x00,
1275                  0x00,0x00,0x00,
1276                  0x08,0x00,0x00,
1277                  0x88,0x00,0x00,
1278                  0x88,0x00,0x10,
1279                  0x88,0x00,0x00,
1280                  0x88,0x00,0x47,
1281                  0x00,0x00,0x00,
1282                  0x00,0x00,0x00,
1283                  
1284                  //========Address -- (74),
1285                  0x00,0x00,0x00,
1286                  0x00,0x00,0x00,
1287                  0x00,0x00,0x00,
C51 COMPILER V8.12   TFONT_ARABIC                                                          09/16/2026 20:29:14 PAGE 22  

1288                  0x00,0x00,0x00,
1289                  0x08,0x00,0x00,
1290                  0x44,0x00,0x00,
1291                  0x48,0x00,0x00,
1292                  0x00,0x00,0x00,
1293                  0x00,0x00,0x00,
1294                  
1295                  //========Address -- (75),
1296                  0x00,0x00,0x00,
1297                  0x00,0x00,0x00,
1298                  0x00,0x00,0x00,
1299                  0x00,0x00,0x00,
1300                  0x00,0x42,0x00,
1301                  0x00,0x11,0x00,
1302                  0x11,0x1e,0x00,
1303                  0x00,0x00,0x00,
1304                  0x00,0x00,0x10,
1305                  
1306                  //========Address -- (76),
1307                  0x00,0x00,0x00,
1308                  0x00,0x00,0x00,
1309                  0x00,0x00,0x00,
1310                  0x00,0x00,0x00,
1311                  0x00,0x08,0x00,
1312                  0x00,0x88,0x00,
1313                  0x00,0x88,0x00,
1314                  0x01,0x80,0x00,
1315                  0xe0,0x00,0x00,
1316                  
1317                  //========Address -- (77),
1318                  0x00,0x00,0x00,
1319                  0x00,0x00,0x00,
1320                  0x08,0x00,0x00,
1321                  0x88,0x00,0x00,
1322                  0x88,0x00,0x00,
1323                  0x88,0x00,0x00,
1324                  0x87,0x0f,0x0f,
1325                  0x00,0x00,0x00,
1326                  0x00,0x00,0x00,
1327                  
1328                  //========Address -- (78),
1329                  0x00,0x00,0x00,
1330                  0x00,0x00,0x00,
1331                  0x00,0x00,0x00,
1332                  0x00,0x00,0x00,
1333                  0x01,0x00,0x00,
1334                  0x11,0x00,0x00,
1335                  0x1e,0x00,0x00,
1336                  0x00,0x00,0x00,
1337                  0x80,0x00,0x00,
1338                  
1339                  //========Address -- (79),
1340                  0x00,0x00,0x00,
1341                  0x00,0x00,0x00,
1342                  0x00,0x00,0x00,
1343                  0x00,0x00,0x00,
1344                  0x00,0x00,0x00,
1345                  0x01,0xe1,0x00,
1346                  0x10,0x0f,0x8c,
1347                  0x11,0x00,0x00,
1348                  0x00,0x88,0x00,
1349                  
C51 COMPILER V8.12   TFONT_ARABIC                                                          09/16/2026 20:29:14 PAGE 23  

1350                  //========Address -- (7a),
1351                  0x00,0x00,0x00,
1352                  0x00,0x00,0x00,
1353                  0x00,0x00,0x00,
1354                  0x00,0x08,0x00,
1355                  0x00,0x88,0x03,
1356                  0x00,0x88,0x20,
1357                  0x47,0x87,0x0f,
1358                  0x00,0x00,0x00,
1359                  0x00,0x00,0x00,
1360                  
1361                  //========Address -- (7b),
1362                  0x00,0x00,0x00,
1363                  0x00,0x00,0x00,
1364                  0x00,0x00,0x00,
1365                  0x80,0x00,0x30,
1366                  0x08,0x00,0x01,
1367                  0x43,0x00,0x11,
1368                  0xe3,0x0f,0x1e,
1369                  0x00,0x00,0x00,
1370                  0x00,0x00,0x00,
1371                  
1372                  //========Address -- (7c),
1373                  0x00,0x00,0x00,
1374                  0x00,0x00,0x00,
1375                  0x00,0x00,0x00,
1376                  0x80,0x00,0x00,
1377                  0x00,0x00,0x01,
1378                  0x00,0x11,0x55,
1379                  0x0f,0x1e,0x5a,
1380                  0x00,0x00,0x00,
1381                  0x00,0x00,0x00,
1382                  
1383                  //========Address -- (7d),
1384                  0x00,0x00,0x00,
1385                  0x00,0x00,0x00,
1386                  0x00,0x00,0x00,
1387                  0x00,0x00,0x00,
1388                  0x00,0x00,0x08,
1389                  0x00,0x12,0x44,
1390                  0x0f,0x2d,0x4b,
1391                  0x00,0x00,0x00,
1392                  0x00,0x00,0x00,
1393                  
1394                  //========Address -- (7e),
1395                  0x00,0x00,0x00,
1396                  0x00,0x00,0x00,
1397                  0x00,0x00,0x08,
1398                  0x00,0x00,0x88,
1399                  0x00,0x00,0x88,
1400                  0x00,0x00,0x88,
1401                  0x0f,0x0f,0x80,
1402                  0x00,0x00,0x00,
1403                  0x00,0x00,0x00,
1404                  
1405                  //========Address -- (7f),
1406                  0x00,0x00,0x00,
1407                  0x00,0x00,0x00,
1408                  0x02,0x00,0x00,
1409                  0x22,0x00,0x00,
1410                  0x22,0x00,0x00,
1411                  0x22,0x00,0x00,
C51 COMPILER V8.12   TFONT_ARABIC                                                          09/16/2026 20:29:14 PAGE 24  

1412                  0x22,0x00,0x00,
1413                  0x00,0x00,0x00,
1414                  0x00,0x00,0x00,
1415                  
1416                  //========Address -- (80),
1417                  0x00,0x00,0x00,
1418                  0x00,0x00,0x00,
1419                  0x00,0x66,0x00,
1420                  0x00,0x03,0x00,
1421                  0x55,0x74,0x88,
1422                  0x99,0x8f,0x88,
1423                  0x99,0xf0,0x00,
1424                  0xf6,0x00,0x01,
1425                  0x00,0x00,0x00,
1426                  
1427                  //========Address -- (81),
1428                  0x00,0x00,0x00,
1429                  0x00,0x00,0x00,
1430                  0x00,0x00,0x00,
1431                  0x00,0x08,0x00,
1432                  0x00,0x8c,0x10,
1433                  0x00,0x47,0x0f,
1434                  0x00,0x78,0xe0,
1435                  0x1f,0x80,0x00,
1436                  0x00,0x00,0x00,
1437                  
1438                  //========Address -- (82),
1439                  0x00,0x00,0x00,
1440                  0x00,0x00,0x00,
1441                  0x00,0x00,0x00,
1442                  0x0f,0x00,0x00,
1443                  0x1f,0x00,0x00,
1444                  0xeb,0x0f,0x0f,
1445                  0x10,0xf0,0xf0,
1446                  0x00,0x00,0x00,
1447                  0x00,0x00,0x00,
1448                  
1449                  //========Address -- (83),
1450                  0x00,0x00,0x00,
1451                  0x04,0x00,0x00,
1452                  0xe4,0x00,0x88,
1453                  0x44,0x00,0x88,
1454                  0x22,0x00,0x88,
1455                  0x2e,0x00,0x88,
1456                  0xc0,0x00,0x80,
1457                  0x00,0x00,0x00,
1458                  0x00,0x00,0x00,
1459                  
1460                  //========Address -- (84),
1461                  0x00,0x00,0x00,
1462                  0x00,0xfa,0x00,
1463                  0x00,0x02,0x00,
1464                  0x00,0x66,0x00,
1465                  0x03,0xe2,0x00,
1466                  0x30,0xe3,0x0f,
1467                  0x00,0x30,0xf0,
1468                  0x00,0x00,0x00,
1469                  0x00,0x00,0x00,
1470                  
1471                  //========Address -- (85),
1472                  0x00,0x00,0x00,
1473                  0x03,0x00,0x00,
C51 COMPILER V8.12   TFONT_ARABIC                                                          09/16/2026 20:29:14 PAGE 25  

1474                  0x37,0x08,0x00,
1475                  0x70,0x82,0x00,
1476                  0x05,0x62,0x00,
1477                  0x5f,0x2e,0x00,
1478                  0xf0,0xc0,0x00,
1479                  0x00,0x00,0x00,
1480                  0x00,0x00,0x00,
1481                  
1482                  //========Address -- (86),
1483                  0x00,0x00,0x00,
1484                  0x00,0x00,0x03,
1485                  0x88,0x00,0x37,
1486                  0x88,0x00,0x70,
1487                  0x88,0x00,0x05,
1488                  0x8f,0x0f,0x5f,
1489                  0x70,0xf0,0xf0,
1490                  0x00,0x00,0x00,
1491                  0x00,0x00,0x00,
1492                  
1493                  //========Address -- (87),
1494                  0x00,0x00,0x00,
1495                  0x00,0x00,0x00,
1496                  0x08,0x00,0x00,
1497                  0x82,0x00,0x00,
1498                  0x62,0x00,0x00,
1499                  0x2e,0x00,0x00,
1500                  0xc0,0x00,0x00,
1501                  0x00,0x00,0x00,
1502                  0x00,0x00,0x00,
1503                  
1504                  //========Address -- (88),
1505                  0x00,0x00,0x00,
1506                  0x00,0x00,0x00,
1507                  0x00,0x0f,0x00,
1508                  0x00,0xa0,0x44,
1509                  0x12,0x00,0x62,
1510                  0x23,0x0f,0x2e,
1511                  0x10,0xf0,0xc0,
1512                  0x00,0x00,0x00,
1513                  0x00,0x00,0x00,
1514                  
1515                  //========Address -- (89),
1516                  0x00,0x00,0x00,
1517                  0x00,0x00,0x00,
1518                  0x00,0x88,0x00,
1519                  0x00,0x88,0x00,
1520                  0x00,0x88,0x00,
1521                  0x00,0x88,0x00,
1522                  0x00,0x80,0x00,
1523                  0x00,0x00,0x00,
1524                  0x00,0x00,0x00,
1525                  
1526                  //========Address -- (8a),
1527                  0x00,0x00,0x00,
1528                  0x00,0x00,0x00,
1529                  0x00,0x00,0x00,
1530                  0x23,0x00,0x00,
1531                  0x10,0x84,0x00,
1532                  0x47,0x4c,0x00,
1533                  0x30,0x80,0x00,
1534                  0x00,0x00,0x00,
1535                  0x00,0x00,0x00,
C51 COMPILER V8.12   TFONT_ARABIC                                                          09/16/2026 20:29:14 PAGE 26  

1536                  
1537                  //========Address -- (8b),
1538                  0x00,0x00,0x00,
1539                  0x00,0x00,0x00,
1540                  0x88,0x00,0x00,
1541                  0x88,0x00,0x00,
1542                  0x88,0x00,0x00,
1543                  0x88,0x00,0x47,
1544                  0x80,0x00,0x30,
1545                  0x00,0x00,0x00,
1546                  0x00,0x00,0x00,
1547                  
1548                  //========Address -- (8c),
1549                  0x00,0x00,0x00,
1550                  0x00,0x00,0x00,
1551                  0x04,0x00,0x00,
1552                  0x44,0x01,0x0f,
1553                  0x44,0x32,0x00,
1554                  0x4f,0x1f,0x3f,
1555                  0xb0,0xf0,0x80,
1556                  0x00,0x00,0x00,
1557                  0x00,0x00,0x00,
1558                  
1559                  //========Address -- (8d),
1560                  0x00,0x00,0x00,
1561                  0x00,0x00,0x00,
1562                  0x00,0x22,0x00,
1563                  0x00,0x22,0x00,
1564                  0x00,0x22,0x00,
1565                  0x00,0x22,0x00,
1566                  0x00,0x20,0x00,
1567                  0x00,0x64,0x00,
1568                  0x00,0x24,0x00,
1569                  
1570                  //========Address -- (8e),
1571                  0x00,0x00,0x00,
1572                  0x00,0x00,0x00,
1573                  0x00,0x07,0x00,
1574                  0x00,0x02,0x00,
1575                  0x00,0x2e,0x00,
1576                  0x11,0x2e,0x00,
1577                  0x00,0x21,0x0f,
1578                  0x00,0x00,0x00,
1579                  0x00,0x00,0x00,
1580                  
1581                  //========Address -- (8f),
1582                  0x00,0x00,0x00,
1583                  0x00,0x00,0x00,
1584                  0x00,0x00,0x00,
1585                  0x10,0x00,0x00,
1586                  0x03,0x0c,0x00,
1587                  0x21,0x48,0x00,
1588                  0x2c,0x87,0x0f,
1589                  0x00,0x00,0x00,
1590                  0x00,0x00,0x00,
1591                  
1592                  //========Address -- (90),
1593                  0x00,0x00,0x00,
1594                  0x00,0x00,0x00,
1595                  0x02,0x00,0x00,
1596                  0x22,0x00,0x00,
1597                  0x22,0x00,0x00,
C51 COMPILER V8.12   TFONT_ARABIC                                                          09/16/2026 20:29:14 PAGE 27  

1598                  0x22,0x00,0x00,
1599                  0x2d,0x0f,0x0f,
1600                  0x00,0x00,0x00,
1601                  0x00,0x00,0x00,
1602                  
1603                  //========Address -- (91),
1604                  0x00,0x00,0x00,
1605                  0x00,0x00,0x00,
1606                  0x02,0x00,0x08,
1607                  0x22,0x00,0x88,
1608                  0x22,0x00,0x88,
1609                  0x22,0x00,0x88,
1610                  0x2c,0x00,0x88,
1611                  0x00,0x00,0x00,
1612                  0x00,0x00,0x00,
1613                  
1614                  //========Address -- (92),
1615                  0x00,0x00,0x00,
1616                  0x00,0x00,0x00,
1617                  0x00,0x00,0x00,
1618                  0x00,0x00,0x00,
1619                  0x00,0x00,0x00,
1620                  0x00,0x00,0x00,
1621                  0x04,0x03,0x0f,
1622                  0x43,0x1e,0x00,
1623                  0x01,0x0c,0x00,
1624                  
1625                  //========Address -- (93),
1626                  0x00,0x00,0x00,
1627                  0x00,0x00,0x00,
1628                  0x00,0x0e,0x00,
1629                  0x00,0x00,0x00,
1630                  0x00,0x6a,0x00,
1631                  0x00,0xaa,0x00,
1632                  0x0f,0x4b,0x0f,
1633                  0x00,0x00,0x00,
1634                  0x00,0x00,0x00,
1635                  
1636                  //========Address -- (94),
1637                  0x00,0x00,0x00,
1638                  0x00,0x00,0x00,
1639                  0x01,0x00,0x00,
1640                  0x00,0x11,0x0c,
1641                  0x01,0x84,0x21,
1642                  0x11,0x4c,0x00,
1643                  0x0f,0x48,0x13,
1644                  0x00,0x00,0x00,
1645                  0x00,0x00,0x00,
1646                  
1647                  //========Address -- (95),
1648                  0x00,0x00,0x00,
1649                  0x00,0x00,0x00,
1650                  0x08,0x00,0x08,
1651                  0x88,0x00,0x88,
1652                  0x88,0x00,0x88,
1653                  0x88,0x00,0x88,
1654                  0x88,0x00,0x88,
1655                  0x00,0x00,0x00,
1656                  0x00,0x00,0x00,
1657                  
1658                  //========Address -- (96),
1659                  0x00,0x00,0x00,
C51 COMPILER V8.12   TFONT_ARABIC                                                          09/16/2026 20:29:14 PAGE 28  

1660                  0x00,0x00,0x00,
1661                  0x00,0x00,0x00,
1662                  0x00,0x00,0x00,
1663                  0x00,0x0f,0x00,
1664                  0x00,0x96,0x00,
1665                  0x01,0xa1,0x0f,
1666                  0x22,0x00,0x00,
1667                  0x10,0x0f,0x48,
1668                  
1669                  //========Address -- (97),
1670                  0x00,0x00,0x00,
1671                  0x00,0x00,0x00,
1672                  0x00,0x00,0x00,
1673                  0x01,0x00,0x00,
1674                  0x00,0x0c,0x00,
1675                  0x19,0x22,0x00,
1676                  0xa7,0x2c,0x00,
1677                  0x00,0x00,0x00,
1678                  0x00,0x00,0x70,
1679                  
1680                  //========Address -- (98),
1681                  0x00,0x00,0x00,
1682                  0x00,0x00,0x00,
1683                  0x00,0x00,0x00,
1684                  0x00,0x00,0x00,
1685                  0x00,0x00,0x00,
1686                  0x4a,0x00,0x00,
1687                  0xaf,0x0f,0x0f,
1688                  0x24,0x00,0x00,
1689                  0x80,0x00,0x00,
1690                  
1691                  //========Address -- (99),
1692                  0x00,0x00,0x00,
1693                  0x00,0x00,0x00,
1694                  0x02,0x00,0x08,
1695                  0x22,0x00,0x88,
1696                  0x22,0x00,0x88,
1697                  0x22,0x00,0x88,
1698                  0x2c,0x00,0x88,
1699                  0x00,0x00,0x00,
1700                  0x00,0x00,0x00,
1701                  
1702                  //========Address -- (9a),
1703                  0x00,0x00,0x00,
1704                  0x00,0x00,0x00,
1705                  0x00,0x00,0x00,
1706                  0x00,0x00,0x00,
1707                  0x00,0x00,0x00,
1708                  0x00,0x00,0x00,
1709                  0x04,0x03,0x0f,
1710                  0x43,0x1e,0x00,
1711                  0x01,0x0c,0x00,
1712                  
1713                  //========Address -- (9b),
1714                  0x00,0x00,0x00,
1715                  0x00,0x00,0x01,
1716                  0x00,0x00,0x00,
1717                  0x00,0x00,0x00,
1718                  0x00,0x02,0x00,
1719                  0x22,0xaa,0x00,
1720                  0x2d,0xa4,0x00,
1721                  0x00,0x00,0x00,
C51 COMPILER V8.12   TFONT_ARABIC                                                          09/16/2026 20:29:14 PAGE 29  

1722                  0x00,0x00,0x00,
1723                  
1724                  //========Address -- (9c),
1725                  0x0c,0x00,0x00,
1726                  0x8c,0x00,0x00,
1727                  0x08,0x00,0x00,
1728                  0x88,0x00,0x00,
1729                  0x88,0x00,0x00,
1730                  0x88,0x00,0x00,
1731                  0x88,0x00,0x00,
1732                  0x00,0x00,0x01,
1733                  0x00,0x10,0xe0,
1734                  
1735                  //========Address -- (9d),
1736                  0x00,0x00,0x00,
1737                  0x00,0x00,0x00,
1738                  0x00,0x00,0x00,
1739                  0x00,0x00,0x00,
1740                  0x08,0x00,0x00,
1741                  0x88,0x00,0x00,
1742                  0x8f,0x0f,0x0f,
1743                  0x80,0x00,0x00,
1744                  0x00,0x00,0x00,
1745                  
1746                  //========Address -- (9e),
1747                  0x00,0x00,0x00,
1748                  0x00,0x00,0x00,
1749                  0x08,0x02,0x00,
1750                  0x88,0x22,0x00,
1751                  0x88,0x22,0x00,
1752                  0x88,0x22,0x00,
1753                  0x80,0x22,0x00,
1754                  0x00,0x00,0x00,
1755                  0x00,0x00,0x00,
1756                  
1757                  //========Address -- (9f),
1758                  0x00,0x00,0x00,
1759                  0x00,0x00,0x00,
1760                  0x00,0x00,0x00,
1761                  0x00,0x02,0x00,
1762                  0x00,0x00,0x0c,
1763                  0x44,0x9a,0x44,
1764                  0x88,0xaf,0x48,
1765                  0x88,0x88,0x00,
1766                  0x70,0x00,0x10,
1767                  
1768                  //========Address -- (a0),
1769                  0x00,0x00,0x00,
1770                  0x00,0x00,0x00,
1771                  0x00,0x00,0x00,
1772                  0x00,0x00,0x00,
1773                  0x00,0x08,0x00,
1774                  0x00,0x88,0x00,
1775                  0x00,0x8f,0x0f,
1776                  0x01,0x80,0x00,
1777                  0xe0,0x00,0x00,
1778                  
1779                  //========Address -- (a1),
1780                  0x00,0x00,0x00,
1781                  0x00,0x00,0x00,
1782                  0x00,0x00,0x00,
1783                  0x00,0x00,0x00,
C51 COMPILER V8.12   TFONT_ARABIC                                                          09/16/2026 20:29:14 PAGE 30  

1784                  0x0f,0x00,0x00,
1785                  0x96,0x00,0x00,
1786                  0xa1,0x0f,0x0f,
1787                  0x00,0x00,0x00,
1788                  0x00,0x00,0x00,
1789                  
1790                  //========Address -- (a2),
1791                  0x00,0x00,0x00,
1792                  0x00,0x00,0x00,
1793                  0x02,0x00,0x08,
1794                  0x22,0x00,0x88,
1795                  0x22,0x00,0x88,
1796                  0x22,0x00,0x88,
1797                  0x2c,0x00,0x88,
1798                  0x00,0x00,0x00,
1799                  0x00,0x00,0x00,
1800                  
1801                  //========Address -- (a3),
1802                  0x00,0x00,0x00,
1803                  0x00,0x00,0x00,
1804                  0x00,0x00,0x00,
1805                  0x10,0xc0,0x00,
1806                  0x01,0x0c,0x00,
1807                  0x01,0xa2,0x00,
1808                  0x11,0x2c,0x00,
1809                  0x00,0x00,0x00,
1810                  0x00,0x00,0x00,
1811                  
1812                  //========Address -- (a4),
1813                  0x00,0x00,0x00,
1814                  0x00,0x00,0x00,
1815                  0x00,0x00,0x00,
1816                  0x00,0x08,0x00,
1817                  0x00,0x88,0x00,
1818                  0x00,0x88,0x00,
1819                  0x47,0x87,0x0f,
1820                  0x00,0x00,0x00,
1821                  0x00,0x00,0x00,
1822                  
1823                  //========Address -- (a5),
1824                  0x00,0x00,0x00,
1825                  0x00,0x00,0x00,
1826                  0x00,0x00,0x00,
1827                  0x00,0x00,0x00,
1828                  0x01,0x08,0x00,
1829                  0x24,0x88,0x00,
1830                  0x69,0x80,0x00,
1831                  0x00,0x00,0x00,
1832                  0x00,0x00,0x00,
1833                  
1834                  //========Address -- (a6),
1835                  0x00,0x00,0x00,
1836                  0x00,0x00,0x00,
1837                  0x00,0x07,0x00,
1838                  0x00,0x02,0x00,
1839                  0x00,0x2e,0x00,
1840                  0x11,0x2e,0x00,
1841                  0x00,0x21,0x0f,
1842                  0x00,0x00,0x00,
1843                  0x00,0x00,0x00,
1844                  
1845                  //========Address -- (a7),
C51 COMPILER V8.12   TFONT_ARABIC                                                          09/16/2026 20:29:14 PAGE 31  

1846                  0x00,0x00,0x00,
1847                  0x00,0x00,0x00,
1848                  0x00,0x00,0x00,
1849                  0x00,0x00,0x00,
1850                  0x01,0x00,0x00,
1851                  0x11,0x00,0x00,
1852                  0x1e,0x0f,0x0f,
1853                  0x00,0x00,0x00,
1854                  0x30,0x80,0x00,
1855                  
1856                  //========Address -- (a8),
1857                  0x00,0x00,0x00,
1858                  0x00,0x00,0x00,
1859                  0x01,0x00,0x02,
1860                  0x00,0x00,0x22,
1861                  0x01,0x84,0x22,
1862                  0x11,0x4c,0x22,
1863                  0x0f,0x48,0x21,
1864                  0x00,0x00,0x00,
1865                  0x00,0x00,0x00,
1866                  
1867                  //========Address -- (a9),
1868                  0x00,0x00,0x00,
1869                  0x00,0x00,0x00,
1870                  0x00,0x00,0x00,
1871                  0x00,0x00,0x10,
1872                  0x00,0x00,0x12,
1873                  0x00,0x00,0x22,
1874                  0x0f,0x0f,0x1e,
1875                  0x00,0x00,0x00,
1876                  0x00,0x00,0x00,
1877                  
1878                  //========Address -- (aa),
1879                  0x00,0x00,0x00,
1880                  0x00,0x00,0x00,
1881                  0x00,0x20,0x00,
1882                  0x00,0x30,0x00,
1883                  0x88,0x00,0x04,
1884                  0x88,0x55,0x44,
1885                  0x0f,0x5a,0x4b,
1886                  0x00,0x00,0x00,
1887                  0x00,0x00,0x00,
1888                  
1889                  //========Address -- (ab),
1890                  0x00,0x00,0x00,
1891                  0x00,0x00,0x00,
1892                  0x00,0x00,0x08,
1893                  0x00,0x00,0x88,
1894                  0x00,0x00,0x88,
1895                  0x00,0x00,0x88,
1896                  0x0f,0x0f,0x80,
1897                  0x00,0x00,0x00,
1898                  0x00,0x00,0x00,
1899                  
1900                  //========Address -- (ac),
1901                  0x00,0x00,0x00,
1902                  0x00,0x00,0x00,
1903                  0x02,0x00,0x00,
1904                  0x22,0x00,0x00,
1905                  0x22,0x00,0x00,
1906                  0x22,0x00,0x00,
1907                  0x22,0x00,0x00,
C51 COMPILER V8.12   TFONT_ARABIC                                                          09/16/2026 20:29:14 PAGE 32  

1908                  0x00,0x00,0x00,
1909                  0x00,0x00,0x00,
1910                  
1911                  //========Address -- (ad),
1912                  0x00,0x00,0x00,
1913                  0x00,0x00,0x00,
1914                  0x00,0x00,0x00,
1915                  0x00,0x00,0x00,
1916                  0x00,0x42,0x00,
1917                  0x00,0x11,0x00,
1918                  0x11,0x1e,0x00,
1919                  0x00,0x00,0x00,
1920                  0x00,0x00,0x00,
1921                  
1922                  //========Address -- (ae),
1923                  0x00,0x00,0x00,
1924                  0x00,0x00,0x00,
1925                  0x02,0x00,0x00,
1926                  0x22,0x00,0x00,
1927                  0x22,0x00,0x00,
1928                  0x22,0x00,0x00,
1929                  0x21,0x0f,0x0f,
1930                  0x00,0x00,0x00,
1931                  0x00,0x00,0x00,
1932                  
1933                  //========Address -- (af),
1934                  0x00,0x00,0x00,
1935                  0x00,0x00,0x00,
1936                  0x00,0x00,0x00,
1937                  0x00,0x00,0x00,
1938                  0x0f,0x00,0x00,
1939                  0x96,0x00,0x00,
1940                  0xa1,0x0f,0x0f,
1941                  0x00,0x00,0x00,
1942                  0x00,0x00,0x00,
1943                  
1944                  //========Address -- (b0),
1945                  0x00,0x00,0x00,
1946                  0x00,0x00,0x00,
1947                  0x00,0x00,0x02,
1948                  0x00,0x47,0x22,
1949                  0x01,0x00,0xa6,
1950                  0x11,0x00,0x22,
1951                  0x1e,0x00,0x6e,
1952                  0x00,0x00,0x00,
1953                  0x80,0x00,0x00,
1954                  
1955                  //========Address -- (b1),
1956                  0x00,0x00,0x00,
1957                  0x00,0x00,0x00,
1958                  0x00,0x02,0x00,
1959                  0x00,0x22,0x00,
1960                  0x00,0x22,0x00,
1961                  0x00,0x22,0x00,
1962                  0x00,0x22,0x00,
1963                  0x00,0x00,0x00,
1964                  0x00,0x00,0x00,
1965                  
1966                  //========Address -- (b2),
1967                  0x00,0x00,0x00,
1968                  0x02,0x00,0x00,
1969                  0x72,0x00,0x00,
C51 COMPILER V8.12   TFONT_ARABIC                                                          09/16/2026 20:29:14 PAGE 33  

1970                  0x22,0x07,0x00,
1971                  0x23,0xf8,0x88,
1972                  0x3f,0x0f,0x8f,
1973                  0x70,0xf0,0x70,
1974                  0x00,0x00,0x00,
1975                  0x00,0x00,0x00,
1976                  
1977                  //========Address -- (b3),
1978                  0x00,0x00,0x00,
1979                  0x00,0x00,0x00,
1980                  0x00,0x00,0x00,
1981                  0x01,0x88,0x00,
1982                  0x10,0x88,0x02,
1983                  0x0f,0x8f,0x2f,
1984                  0xe0,0xf0,0xd0,
1985                  0x11,0x88,0x00,
1986                  0x00,0x00,0x00,
1987                  
1988                  //========Address -- (b4),
1989                  0x00,0x00,0x00,
1990                  0x00,0x00,0x00,
1991                  0x33,0x00,0x00,
1992                  0x03,0x00,0x00,
1993                  0x74,0x88,0x00,
1994                  0x8f,0x88,0x00,
1995                  0xf0,0x00,0x00,
1996                  0x00,0x00,0x00,
1997                  0x00,0x00,0x00,
1998                  
1999                  //========Address -- (b5),
2000                  0x00,0x00,0x00,
2001                  0x00,0x00,0x00,
2002                  0x00,0x00,0xfa,
2003                  0x00,0x00,0x06,
2004                  0x00,0x00,0xf9,
2005                  0x00,0x00,0x9f,
2006                  0x00,0x00,0xe0,
2007                  0x00,0x00,0x00,
2008                  0x00,0x00,0x00,
2009                  
2010                  //========Address -- (b6),
2011                  0x00,0x00,0x00,
2012                  0x00,0x00,0x00,
2013                  0x00,0x00,0x00,
2014                  0x00,0x23,0x00,
2015                  0x00,0x10,0x84,
2016                  0x00,0x47,0x4c,
2017                  0x00,0x30,0x80,
2018                  0x00,0x00,0x00,
2019                  0x00,0x00,0x00,
2020                  
2021                  //========Address -- (b7),
2022                  0x00,0x00,0x00,
2023                  0x00,0x00,0x00,
2024                  0x00,0x88,0x00,
2025                  0x00,0x88,0x00,
2026                  0x00,0x88,0x00,
2027                  0x00,0x8f,0x0f,
2028                  0x00,0x70,0xf0,
2029                  0x00,0x00,0x00,
2030                  0x00,0x00,0x00,
2031                  
C51 COMPILER V8.12   TFONT_ARABIC                                                          09/16/2026 20:29:14 PAGE 34  

2032                  //========Address -- (b8),
2033                  0x00,0x00,0x00,
2034                  0x00,0x00,0x00,
2035                  0x00,0x00,0x00,
2036                  0x07,0x0c,0x00,
2037                  0xc8,0x00,0x00,
2038                  0x4f,0xcc,0x00,
2039                  0xe0,0x00,0x00,
2040                  0x00,0x00,0x00,
2041                  0x00,0x00,0x00,
2042                  
2043                  //========Address -- (b9),
2044                  0x00,0x00,0x00,
2045                  0x00,0x00,0x00,
2046                  0x88,0x00,0x00,
2047                  0x88,0x00,0x00,
2048                  0x88,0x00,0x00,
2049                  0x88,0x00,0x00,
2050                  0x80,0x00,0x00,
2051                  0x00,0x00,0x00,
2052                  0x00,0x00,0x00,
2053                  
2054                  //========Address -- (ba),
2055                  0x00,0x00,0x00,
2056                  0x00,0x00,0x00,
2057                  0x00,0x00,0x00,
2058                  0x00,0x00,0x00,
2059                  0x00,0x00,0x00,
2060                  0x00,0x00,0x00,
2061                  0x04,0x03,0x0f,
2062                  0x43,0x1e,0x00,
2063                  0x01,0x0c,0x00,
2064                  
2065                  //========Address -- (bb),
2066                  0x00,0x00,0x00,
2067                  0x00,0x00,0x00,
2068                  0x00,0x06,0x00,
2069                  0x00,0x4e,0x00,
2070                  0x00,0x01,0x00,
2071                  0x00,0x11,0x00,
2072                  0x0f,0x1e,0x00,
2073                  0x00,0x00,0x00,
2074                  0x00,0x00,0x00,
2075                  
2076                  //========Address -- (bc),
2077                  0x00,0x00,0x00,
2078                  0x00,0x00,0x00,
2079                  0x08,0x00,0x00,
2080                  0x88,0x00,0x00,
2081                  0x88,0x00,0x00,
2082                  0x88,0x00,0x00,
2083                  0x87,0x0f,0x0f,
2084                  0x00,0x00,0x00,
2085                  0x00,0x00,0x00,
2086                  
2087                  //========Address -- (bd),
2088                  0x00,0x00,0x00,
2089                  0x00,0x00,0x00,
2090                  0x0e,0x00,0x02,
2091                  0x00,0x00,0x22,
2092                  0x6a,0x00,0x22,
2093                  0xaa,0x00,0x22,
C51 COMPILER V8.12   TFONT_ARABIC                                                          09/16/2026 20:29:14 PAGE 35  

2094                  0x4b,0x0f,0x2d,
2095                  0x00,0x00,0x00,
2096                  0x00,0x00,0x00,
2097                  
2098                  //========Address -- (be),
2099                  0x00,0x00,0x00,
2100                  0x00,0x00,0x00,
2101                  0x00,0x00,0x00,
2102                  0x00,0x30,0x80,
2103                  0x00,0x01,0x00,
2104                  0x00,0x11,0x00,
2105                  0x0f,0x1e,0x0f,
2106                  0x00,0x00,0x00,
2107                  0x00,0x00,0x00,
2108                  
2109                  //========Address -- (bf),
2110                  0x00,0x00,0x00,
2111                  0x00,0x00,0x00,
2112                  0x00,0x00,0x08,
2113                  0x00,0x00,0x88,
2114                  0x00,0x00,0x88,
2115                  0x00,0x00,0x88,
2116                  0x0f,0x0f,0x80,
2117                  0x00,0x00,0x00,
2118                  0x00,0x00,0x00,
2119                  
2120                  //========Address -- (c0),
2121                  0x00,0x00,0x00,
2122                  0x00,0x00,0x00,
2123                  0x02,0x00,0x00,
2124                  0x22,0x00,0x00,
2125                  0x22,0x00,0x00,
2126                  0x22,0x00,0x00,
2127                  0x22,0x00,0x00,
2128                  0x00,0x00,0x00,
2129                  0x00,0x00,0x00,
2130                  
2131                  //========Address -- (c1),
2132                  0x00,0x00,0x00,
2133                  0x00,0x00,0x00,
2134                  0x00,0x00,0x00,
2135                  0x00,0x00,0x00,
2136                  0x00,0x00,0x00,
2137                  0x00,0x00,0x34,
2138                  0x00,0x00,0x43,
2139                  0x00,0x00,0x44,
2140                  0x00,0x00,0x22,
2141                  
2142                  //========Address -- (c2),
2143                  0x00,0x00,0x00,
2144                  0x00,0x00,0x00,
2145                  0x00,0x00,0x00,
2146                  0x00,0x00,0x00,
2147                  0x00,0x00,0x00,
2148                  0x84,0x00,0x4a,
2149                  0x2f,0x00,0xaf,
2150                  0x00,0x00,0x24,
2151                  0x00,0x70,0x80,
2152                  
2153                  //========Address -- (c3),
2154                  0x00,0x00,0x00,
2155                  0x00,0x00,0x00,
C51 COMPILER V8.12   TFONT_ARABIC                                                          09/16/2026 20:29:14 PAGE 36  

2156                  0x00,0x00,0x00,
2157                  0x00,0x20,0x00,
2158                  0x00,0x01,0x00,
2159                  0x00,0x11,0x00,
2160                  0x0f,0x1e,0x0f,
2161                  0x00,0x00,0x00,
2162                  0x00,0x00,0x00,
2163                  
2164                  //========Address -- (c4),
2165                  0x00,0x00,0x00,
2166                  0x00,0x00,0x00,
2167                  0x02,0x00,0x08,
2168                  0x22,0x00,0x88,
2169                  0x22,0x00,0x88,
2170                  0x22,0x00,0x88,
2171                  0x2c,0x00,0x88,
2172                  0x00,0x00,0x00,
2173                  0x00,0x00,0x00,
2174                  
2175                  //========Address -- (c5),
2176                  0x00,0x00,0x00,
2177                  0x00,0x00,0x00,
2178                  0x00,0x00,0x00,
2179                  0x01,0x0c,0x00,
2180                  0x00,0x00,0x04,
2181                  0x88,0x00,0x44,
2182                  0x87,0x0f,0x48,
2183                  0x00,0x00,0x00,
2184                  0x00,0x00,0x10,
2185                  
2186                  //========Address -- (c6),
2187                  0x00,0x00,0x00,
2188                  0x00,0x00,0x00,
2189                  0x00,0x00,0x00,
2190                  0x00,0x00,0x00,
2191                  0x00,0x00,0x00,
2192                  0x12,0x08,0x02,
2193                  0x23,0x8f,0x2d,
2194                  0x01,0x80,0x00,
2195                  0xe0,0x00,0x00,
2196                  
2197                  //========Address -- (c7),
2198                  0x00,0x00,0x00,
2199                  0x00,0x00,0x00,
2200                  0x00,0x00,0x00,
2201                  0x00,0x00,0x00,
2202                  0x03,0x00,0x00,
2203                  0x44,0x88,0x00,
2204                  0x8f,0x87,0x0f,
2205                  0x00,0x00,0x00,
2206                  0x00,0x00,0x00,
2207                  
2208                  //========Address -- (c8),
2209                  0x00,0x00,0x00,
2210                  0x00,0x00,0x00,
2211                  0x02,0x00,0x08,
2212                  0x22,0x00,0x88,
2213                  0x22,0x00,0x88,
2214                  0x22,0x00,0x88,
2215                  0x2c,0x00,0x88,
2216                  0x00,0x00,0x00,
2217                  0x00,0x00,0x00,
C51 COMPILER V8.12   TFONT_ARABIC                                                          09/16/2026 20:29:14 PAGE 37  

2218                  
2219                  //========Address -- (c9),
2220                  0x00,0x00,0x00,
2221                  0x00,0x00,0x00,
2222                  0x00,0x00,0x00,
2223                  0x00,0x00,0x00,
2224                  0x00,0x00,0x00,
2225                  0x01,0xe1,0x00,
2226                  0x10,0x0f,0x8f,
2227                  0x11,0x00,0x00,
2228                  0x00,0x88,0x00,
2229                  
2230                  //========Address -- (ca),
2231                  0x00,0x00,0x00,
2232                  0x00,0x00,0x00,
2233                  0x00,0x00,0x00,
2234                  0x30,0x80,0x00,
2235                  0x01,0x00,0x00,
2236                  0x11,0x00,0x00,
2237                  0x1e,0x0f,0x0f,
2238                  0x00,0x00,0x00,
2239                  0x00,0x00,0x00,
2240                  
2241                  //========Address -- (cb),
2242                  0x00,0x00,0x00,
2243                  0x00,0x00,0x00,
2244                  0x00,0x04,0x00,
2245                  0x12,0x80,0x00,
2246                  0x42,0x00,0x00,
2247                  0x10,0x08,0x00,
2248                  0x0f,0x88,0x00,
2249                  0x00,0x00,0x00,
2250                  0x00,0x00,0x00,
2251                  
2252                  //========Address -- (cc),
2253                  0x00,0x00,0x00,
2254                  0x00,0x00,0x00,
2255                  0x01,0x00,0x00,
2256                  0x11,0x00,0x00,
2257                  0x11,0x03,0x00,
2258                  0x11,0x48,0x88,
2259                  0x1f,0x0f,0x87,
2260                  0x00,0x00,0x00,
2261                  0x00,0x00,0x00,
2262                  
2263                  //========Address -- (cd),
2264                  0x00,0x00,0x00,
2265                  0x00,0x00,0x00,
2266                  0x00,0x00,0x00,
2267                  0x00,0x00,0x00,
2268                  0x01,0x00,0x00,
2269                  0x11,0x00,0x02,
2270                  0x1e,0x0f,0x2d,
2271                  0x00,0x00,0x00,
2272                  0x10,0x00,0x00,
2273                  
2274                  //========Address -- (ce),
2275                  0x00,0x00,0x00,
2276                  0x00,0x00,0x00,
2277                  0x00,0x00,0x00,
2278                  0x04,0x00,0x00,
2279                  0x03,0x00,0x00,
C51 COMPILER V8.12   TFONT_ARABIC                                                          09/16/2026 20:29:14 PAGE 38  

2280                  0x44,0x88,0x00,
2281                  0x8f,0x80,0x00,
2282                  0x00,0x00,0x00,
2283                  0x00,0x00,0x00,
2284                  
2285                  //========Address -- (cf),
2286                  0x00,0x00,0x00,
2287                  0x00,0x00,0x00,
2288                  0x00,0x00,0x00,
2289                  0x00,0x10,0xc0,
2290                  0x00,0x01,0x0c,
2291                  0x00,0x01,0xa2,
2292                  0x00,0x11,0x2c,
2293                  0x00,0x00,0x00,
2294                  0x00,0x00,0x00,
2295                  
2296                  //========Address -- (d0),
2297                  0x00,0x00,0x00,
2298                  0x00,0x00,0x00,
2299                  0x00,0x00,0x00,
2300                  0x00,0x00,0x00,
2301                  0x00,0x10,0x08,
2302                  0x00,0x00,0x44,
2303                  0x00,0x47,0x48,
2304                  0x00,0x00,0x00,
2305                  0x00,0x00,0x00,
2306                  
2307                  //========Address -- (d1),
2308                  0x00,0x00,0x00,
2309                  0x00,0x00,0x00,
2310                  0x00,0x08,0x00,
2311                  0x00,0x88,0x00,
2312                  0x00,0x88,0x00,
2313                  0x00,0x88,0x00,
2314                  0x00,0x87,0x0f,
2315                  0x00,0x00,0x00,
2316                  0x00,0x00,0x00,
2317                  
2318                  //========Address -- (d2),
2319                  0x00,0x00,0x00,
2320                  0x00,0x00,0x00,
2321                  0x00,0x00,0x00,
2322                  0x00,0x00,0x00,
2323                  0x78,0x08,0x00,
2324                  0x88,0x00,0x00,
2325                  0x78,0x80,0x00,
2326                  0x00,0x00,0x00,
2327                  0x00,0x00,0x00,
2328                  
2329                  //========Address -- (d3),
2330                  0x00,0x00,0x00,
2331                  0x00,0x00,0x00,
2332                  0x08,0x00,0x00,
2333                  0x88,0x00,0x00,
2334                  0x88,0x00,0x00,
2335                  0x88,0x00,0x00,
2336                  0x88,0x00,0x00,
2337                  0x00,0x00,0x00,
2338                  0x00,0x00,0x00,
2339                  
2340                  //========Address -- (d4),
2341                  0x00,0x00,0x00,
C51 COMPILER V8.12   TFONT_ARABIC                                                          09/16/2026 20:29:14 PAGE 39  

2342                  0x00,0x00,0x00,
2343                  0x00,0x00,0x00,
2344                  0x00,0x03,0x00,
2345                  0x04,0x7c,0x00,
2346                  0x88,0xe7,0x00,
2347                  0x8f,0x1e,0x00,
2348                  0x70,0xc0,0x01,
2349                  0x00,0x00,0x00,
2350                  
2351                  //========Address -- (d5),
2352                  0x00,0x00,0x00,
2353                  0x00,0x00,0x00,
2354                  0x00,0x00,0x00,
2355                  0x00,0x08,0x00,
2356                  0x00,0x8c,0x11,
2357                  0x00,0x47,0x0f,
2358                  0x00,0x78,0xf0,
2359                  0x1f,0x80,0x00,
2360                  0x00,0x00,0x00,
2361                  
2362                  //========Address -- (d6),
2363                  0x00,0x00,0x00,
2364                  0x00,0x00,0x00,
2365                  0x33,0x00,0x22,
2366                  0x0c,0x00,0x22,
2367                  0xf1,0x0c,0x22,
2368                  0xfc,0x80,0x22,
2369                  0x00,0x00,0x20,
2370                  0x00,0x00,0x00,
2371                  0x00,0x00,0x00,
2372                  
2373                  //========Address -- (d7),
2374                  0x00,0x00,0x00,
2375                  0x00,0x00,0x00,
2376                  0x00,0x02,0x00,
2377                  0x00,0x22,0x00,
2378                  0x00,0x21,0x00,
2379                  0x00,0x11,0x00,
2380                  0x04,0x11,0x0f,
2381                  0x44,0x11,0x00,
2382                  0x30,0xe0,0x00,
2383                  
2384                  //========Address -- (d8),
2385                  0x00,0x00,0x00,
2386                  0x00,0x00,0x00,
2387                  0x00,0x00,0x00,
2388                  0x00,0x80,0x00,
2389                  0x03,0x00,0x00,
2390                  0x40,0x8e,0x00,
2391                  0x3c,0x00,0x11,
2392                  0x00,0x00,0x00,
2393                  0x00,0x00,0x00,
2394                  
2395                  //========Address -- (d9),
2396                  0x00,0x00,0x00,
2397                  0x00,0x00,0x00,
2398                  0x00,0x00,0x00,
2399                  0x02,0x00,0x00,
2400                  0x22,0x00,0x00,
2401                  0x22,0x00,0x12,
2402                  0x2d,0x0f,0x2d,
2403                  0x00,0x00,0x00,
C51 COMPILER V8.12   TFONT_ARABIC                                                          09/16/2026 20:29:14 PAGE 40  

2404                  0x00,0x00,0x00,
2405                  
2406                  //========Address -- (da),
2407                  0x00,0x00,0x00,
2408                  0x00,0x00,0x00,
2409                  0x00,0x00,0x00,
2410                  0x00,0x00,0x00,
2411                  0x08,0x00,0x00,
2412                  0x44,0x00,0x00,
2413                  0x4b,0x0f,0x0f,
2414                  0x00,0x00,0x00,
2415                  0x00,0x00,0x00,
2416                  
2417                  //========Address -- (db),
2418                  0x00,0x00,0x00,
2419                  0x00,0x00,0x00,
2420                  0x08,0x02,0x00,
2421                  0x88,0x22,0x00,
2422                  0x88,0x22,0x00,
2423                  0x88,0x22,0x00,
2424                  0x80,0x22,0x00,
2425                  0x00,0x00,0x00,
2426                  0x00,0x00,0x00,
2427                  
2428                  //========Address -- (dc),
2429                  0x00,0x00,0x00,
2430                  0x00,0x00,0x00,
2431                  0x00,0x07,0x00,
2432                  0x00,0x02,0x00,
2433                  0x00,0x2e,0x00,
2434                  0x11,0x2e,0x00,
2435                  0x00,0x21,0x0f,
2436                  0x00,0x00,0x00,
2437                  0x00,0x00,0x00,
2438                  
2439                  //========Address -- (dd),
2440                  0x00,0x00,0x00,
2441                  0x00,0x00,0x00,
2442                  0x00,0x00,0x00,
2443                  0x00,0x00,0x00,
2444                  0x78,0x08,0x00,
2445                  0x88,0x00,0x00,
2446                  0x78,0x80,0x00,
2447                  0x00,0x00,0x00,
2448                  0x00,0x00,0x70,
2449                  
2450                  //========Address -- (de),
2451                  0x00,0x00,0x00,
2452                  0x00,0x00,0x00,
2453                  0x00,0x00,0x00,
2454                  0x00,0x00,0x00,
2455                  0x02,0x00,0x00,
2456                  0x22,0x00,0x55,
2457                  0x23,0x0f,0x5a,
2458                  0x24,0x00,0x00,
2459                  0x80,0x00,0x00,
2460                  
2461                  //========Address -- (df),
2462                  0x00,0x00,0x00,
2463                  0x00,0x00,0x00,
2464                  0x00,0x00,0x00,
2465                  0x00,0x00,0x00,
C51 COMPILER V8.12   TFONT_ARABIC                                                          09/16/2026 20:29:14 PAGE 41  

2466                  0x04,0x00,0x00,
2467                  0x44,0x00,0x00,
2468                  0x4b,0x0f,0x0f,
2469                  0x00,0x00,0x00,
2470                  0x00,0x00,0x00,
2471                  
2472                  //========Address -- (e0),
2473                  0x00,0x00,0x00,
2474                  0x00,0x00,0x00,
2475                  0x08,0x02,0x00,
2476                  0x88,0x22,0x00,
2477                  0x88,0x22,0x00,
2478                  0x88,0x22,0x00,
2479                  0x80,0x22,0x00,
2480                  0x00,0x00,0x00,
2481                  0x00,0x00,0x00,
2482                  
2483                  //========Address -- (e1),
2484                  0x00,0x00,0x00,
2485                  0x00,0x00,0x00,
2486                  0x00,0x00,0x00,
2487                  0x00,0x00,0x00,
2488                  0x00,0x00,0x00,
2489                  0x00,0x00,0x00,
2490                  0x00,0x00,0x00,
2491                  0x00,0x00,0x00,
2492                  0x00,0x00,0x10,
2493                  
2494                  //========Address -- (e2),
2495                  0x00,0x00,0x00,
2496                  0x00,0x00,0x00,
2497                  0x00,0x00,0x00,
2498                  0x00,0x00,0x00,
2499                  0x00,0x08,0x00,
2500                  0x00,0x88,0x11,
2501                  0x00,0x8f,0x1e,
2502                  0x01,0x80,0x00,
2503                  0xe0,0x00,0x00,
2504                  
2505                  //========Address -- (e3),
2506                  0x00,0x00,0x00,
2507                  0x00,0x00,0x00,
2508                  0x00,0x00,0x00,
2509                  0x00,0x00,0x00,
2510                  0x01,0x00,0x10,
2511                  0x55,0x00,0x00,
2512                  0x5a,0x0f,0x0f,
2513                  0x00,0x00,0x00,
2514                  0x00,0x00,0x00,
2515                  
2516                  //========Address -- (e4),
2517                  0x00,0x00,0x00,
2518                  0x00,0x00,0x00,
2519                  0x01,0x00,0x00,
2520                  0x68,0x00,0x00,
2521                  0x08,0x00,0x00,
2522                  0x42,0x00,0x00,
2523                  0x2e,0x00,0x00,
2524                  0x00,0x00,0x00,
2525                  0x00,0x00,0x00,
2526                  
2527                  //========Address -- (e5),
C51 COMPILER V8.12   TFONT_ARABIC                                                          09/16/2026 20:29:14 PAGE 42  

2528                  0x00,0x00,0x00,
2529                  0x00,0x00,0x00,
2530                  0x00,0x00,0x00,
2531                  0x00,0x00,0x00,
2532                  0x00,0x02,0x00,
2533                  0x00,0x22,0x00,
2534                  0x00,0x23,0x0f,
2535                  0x00,0x24,0x00,
2536                  0x70,0x80,0x00,
2537                  
2538                  //========Address -- (e6),
2539                  0x00,0x00,0x00,
2540                  0x00,0x00,0x00,
2541                  0x00,0x00,0x00,
2542                  0x00,0x00,0x00,
2543                  0x01,0x00,0x00,
2544                  0x11,0x00,0x00,
2545                  0x1e,0x0f,0x0f,
2546                  0x00,0x00,0x00,
2547                  0x30,0x80,0x00,
2548                  
2549                  //========Address -- (e7),
2550                  0x00,0x00,0x03,
2551                  0x00,0x00,0x27,
2552                  0x10,0x00,0x02,
2553                  0x10,0x80,0x22,
2554                  0x00,0x04,0x22,
2555                  0x00,0x44,0x22,
2556                  0x0f,0x48,0x21,
2557                  0x00,0x00,0x00,
2558                  0x00,0x00,0x00,
2559                  
2560                  //========Address -- (e8),
2561                  0x00,0x00,0x00,
2562                  0x00,0x00,0x00,
2563                  0x00,0x00,0x00,
2564                  0x00,0x00,0x10,
2565                  0x00,0x00,0x00,
2566                  0x00,0x00,0x00,
2567                  0x0f,0x0f,0x0f,
2568                  0x00,0x00,0x00,
2569                  0x00,0x00,0x00,
2570                  
2571                  //========Address -- (e9),
2572                  0x00,0x00,0x00,
2573                  0x00,0x00,0x00,
2574                  0x00,0x00,0x00,
2575                  0xc0,0x00,0x00,
2576                  0x04,0x00,0x00,
2577                  0x44,0x00,0x00,
2578                  0x48,0x00,0x00,
2579                  0x00,0x00,0x00,
2580                  0x00,0x00,0x00,
2581          };      
2582          BYTE code tFONT_ARABIC1[]=
2583          {
2584                  //========Address -- (00),
2585          0x00,0x00,0x00,
2586          0x00,0x00,0x00,
2587          0x00,0x00,0x00,
2588          0x00,0x00,0x00,
2589          0x00,0x00,0x00,
C51 COMPILER V8.12   TFONT_ARABIC                                                          09/16/2026 20:29:14 PAGE 43  

2590          0x00,0x00,0x00,
2591          0x00,0x00,0x00,
2592          0x00,0x00,0x00,
2593          0x00,0x00,0x00,
2594          
2595          //========Address -- (01),
2596          0x00,0x00,0x00,
2597          0x00,0x00,0x00,
2598          0x01,0xe1,0x00,
2599          0x22,0x00,0x88,
2600          0x22,0x00,0x88,
2601          0x22,0x00,0x88,
2602          0x10,0x1e,0x00,
2603          0x00,0x00,0x00,
2604          0x00,0x00,0x00,
2605          
2606          //========Address -- (02),
2607          0x00,0x00,0x00,
2608          0x00,0x00,0x00,
2609          0x01,0x4c,0x00,
2610          0x00,0x44,0x00,
2611          0x00,0x44,0x00,
2612          0x00,0x44,0x00,
2613          0x01,0x4f,0x00,
2614          0x00,0x00,0x00,
2615          0x00,0x00,0x00,
2616          
2617          //========Address -- (03),
2618          0x00,0x00,0x00,
2619          0x00,0x00,0x00,
2620          0x12,0xf0,0x08,
2621          0x00,0x00,0x88,
2622          0x00,0x16,0x00,
2623          0x01,0x80,0x00,
2624          0x23,0x0f,0x08,
2625          0x00,0x00,0x00,
2626          0x00,0x00,0x00,
2627          
2628          //========Address -- (04),
2629          0x00,0x00,0x00,
2630          0x00,0x00,0x00,
2631          0x12,0xf0,0x08,
2632          0x00,0x01,0x80,
2633          0x00,0xe1,0x00,
2634          0x00,0x00,0x88,
2635          0x21,0x1e,0x00,
2636          0x00,0x00,0x00,
2637          0x00,0x00,0x00,
2638          
2639          //========Address -- (05),
2640          0x00,0x00,0x00,
2641          0x00,0x00,0x00,
2642          0x00,0x13,0x00,
2643          0x00,0x59,0x00,
2644          0x12,0x11,0x00,
2645          0x30,0xf1,0xc0,
2646          0x00,0x11,0x00,
2647          0x00,0x00,0x00,
2648          0x00,0x00,0x00,
2649          
2650          //========Address -- (06),
2651          0x00,0x00,0x00,
C51 COMPILER V8.12   TFONT_ARABIC                                                          09/16/2026 20:29:14 PAGE 44  

2652          0x00,0x00,0x00,
2653          0x32,0xf0,0x80,
2654          0x22,0x00,0x00,
2655          0x30,0xe1,0x00,
2656          0x00,0x00,0x88,
2657          0x21,0x1e,0x00,
2658          0x00,0x00,0x00,
2659          0x00,0x00,0x00,
2660          
2661          //========Address -- (07),
2662          0x00,0x00,0x00,
2663          0x00,0x00,0x00,
2664          0x01,0x78,0x00,
2665          0x12,0x00,0x00,
2666          0x32,0xe1,0x00,
2667          0x22,0x00,0x88,
2668          0x10,0x1e,0x00,
2669          0x00,0x00,0x00,
2670          0x00,0x00,0x00,
2671          
2672          //========Address -- (08),
2673          0x00,0x00,0x00,
2674          0x00,0x00,0x00,
2675          0x30,0xf0,0x88,
2676          0x00,0x11,0x00,
2677          0x00,0x22,0x00,
2678          0x00,0x48,0x00,
2679          0x01,0x80,0x00,
2680          0x00,0x00,0x00,
2681          0x00,0x00,0x00,
2682          
2683          //========Address -- (09),
2684          0x00,0x00,0x00,
2685          0x00,0x00,0x00,
2686          0x12,0xf0,0x08,
2687          0x22,0x00,0x88,
2688          0x12,0xf0,0x08,
2689          0x22,0x00,0x88,
2690          0x21,0x0f,0x80,
2691          0x00,0x00,0x00,
2692          0x00,0x00,0x00,
2693          
2694          //========Address -- (0a),
2695          0x00,0x00,0x00,
2696          0x00,0x00,0x00,
2697          0x01,0xe1,0x00,
2698          0x22,0x00,0x88,
2699          0x10,0x0f,0x88,
2700          0x00,0x01,0x80,
2701          0x01,0x3c,0x00,
2702          0x00,0x00,0x00,
2703          0x00,0x00,0x00,
2704          
2705          //========Address -- (0b),
2706          0x00,0x00,0x00,
2707          0x00,0x00,0x00,
2708          0x01,0xc2,0x00,
2709          0x12,0x21,0x00,
2710          0x22,0x11,0x00,
2711          0x74,0xf0,0x88,
2712          0x88,0x00,0x44,
2713          0x00,0x00,0x00,
C51 COMPILER V8.12   TFONT_ARABIC                                                          09/16/2026 20:29:14 PAGE 45  

2714          0x00,0x00,0x00,
2715          
2716          //========Address -- (0c),
2717          0x00,0x00,0x00,
2718          0x00,0x00,0x00,
2719          0xf8,0xc2,0x00,
2720          0x88,0x22,0x00,
2721          0xf8,0xc2,0x00,
2722          0x88,0x11,0x00,
2723          0x8f,0x2c,0x00,
2724          0x00,0x00,0x00,
2725          0x00,0x00,0x00,
2726          
2727          //========Address -- (0d),
2728          0x00,0x00,0x00,
2729          0x00,0x00,0x00,
2730          0x16,0xe1,0x00,
2731          0x48,0x00,0x00,
2732          0x88,0x00,0x00,
2733          0x84,0x00,0x00,
2734          0x61,0x1e,0x00,
2735          0x00,0x00,0x00,
2736          0x00,0x00,0x00,
2737          
2738          //========Address -- (0e),
2739          0x00,0x00,0x00,
2740          0x00,0x00,0x00,
2741          0xf8,0xc3,0x00,
2742          0x88,0x10,0x08,
2743          0x88,0x00,0x88,
2744          0x88,0x01,0x80,
2745          0x8f,0x3c,0x00,
2746          0x00,0x00,0x00,
2747          0x00,0x00,0x00,
2748          
2749          //========Address -- (0f),
2750          0x00,0x00,0x00,
2751          0x00,0x00,0x00,
2752          0xf8,0xe0,0x00,
2753          0x88,0x00,0x00,
2754          0xf8,0xe0,0x00,
2755          0x88,0x00,0x00,
2756          0x8f,0x0e,0x00,
2757          0x00,0x00,0x00,
2758          0x00,0x00,0x00,
2759          
2760          //========Address -- (10),
2761          0x00,0x00,0x00,
2762          0x00,0x00,0x00,
2763          0xf8,0xe0,0x00,
2764          0x88,0x00,0x00,
2765          0xf8,0xc0,0x00,
2766          0x88,0x00,0x00,
2767          0x88,0x00,0x00,
2768          0x00,0x00,0x00,
2769          0x00,0x00,0x00,
2770          
2771          //========Address -- (11),
2772          0x00,0x00,0x00,
2773          0x00,0x00,0x00,
2774          0x16,0xe1,0x08,
2775          0x48,0x00,0x80,
C51 COMPILER V8.12   TFONT_ARABIC                                                          09/16/2026 20:29:14 PAGE 46  

2776          0x88,0x07,0x08,
2777          0x84,0x00,0x88,
2778          0x61,0x0f,0x80,
2779          0x00,0x00,0x00,
2780          0x00,0x00,0x00,
2781          
2782          //========Address -- (12),
2783          0x00,0x00,0x00,
2784          0x00,0x00,0x00,
2785          0x88,0x11,0x00,
2786          0x88,0x11,0x00,
2787          0xf8,0xf1,0x00,
2788          0x88,0x11,0x00,
2789          0x88,0x11,0x00,
2790          0x00,0x00,0x00,
2791          0x00,0x00,0x00,
2792          
2793          //========Address -- (13),
2794          0x00,0x00,0x00,
2795          0x00,0x00,0x00,
2796          0xe4,0x00,0x00,
2797          0x44,0x00,0x00,
2798          0x44,0x00,0x00,
2799          0x44,0x00,0x00,
2800          0x4e,0x00,0x00,
2801          0x00,0x00,0x00,
2802          0x00,0x00,0x00,
2803          
2804          //========Address -- (14),
2805          0x00,0x00,0x00,
2806          0x00,0x00,0x00,
2807          0x30,0x88,0x00,
2808          0x00,0x88,0x00,
2809          0x00,0x88,0x00,
2810          0x00,0x88,0x00,
2811          0x0f,0x80,0x00,
2812          0x00,0x00,0x00,
2813          0x00,0x00,0x00,
2814          
2815          //========Address -- (15),
2816          0x00,0x00,0x00,
2817          0x00,0x00,0x00,
2818          0x88,0x24,0x00,
2819          0x89,0x80,0x00,
2820          0xad,0x00,0x00,
2821          0x88,0x84,0x00,
2822          0x88,0x21,0x00,
2823          0x00,0x00,0x00,
2824          0x00,0x00,0x00,
2825          
2826          //========Address -- (16),
2827          0x00,0x00,0x00,
2828          0x00,0x00,0x00,
2829          0x88,0x00,0x00,
2830          0x88,0x00,0x00,
2831          0x88,0x00,0x00,
2832          0x88,0x00,0x00,
2833          0x8f,0x0e,0x00,
2834          0x00,0x00,0x00,
2835          0x00,0x00,0x00,
2836          
2837          //========Address -- (17),
C51 COMPILER V8.12   TFONT_ARABIC                                                          09/16/2026 20:29:14 PAGE 47  

2838          0x00,0x00,0x00,
2839          0x00,0x00,0x00,
2840          0xcc,0x11,0x88,
2841          0xaa,0x22,0x88,
2842          0x99,0x44,0x88,
2843          0x88,0x88,0x88,
2844          0x88,0x00,0x88,
2845          0x00,0x00,0x00,
2846          0x00,0x00,0x00,
2847          
2848          //========Address -- (18),
2849          0x00,0x00,0x00,
2850          0x00,0x00,0x00,
2851          0xcc,0x11,0x00,
2852          0xa9,0x11,0x00,
2853          0x98,0x19,0x00,
2854          0x88,0x95,0x00,
2855          0x88,0x33,0x00,
2856          0x00,0x00,0x00,
2857          0x00,0x00,0x00,
2858          
2859          //========Address -- (19),
2860          0x00,0x00,0x00,
2861          0x00,0x00,0x00,
2862          0x16,0xc3,0x00,
2863          0x48,0x10,0x08,
2864          0x88,0x00,0x88,
2865          0x84,0x01,0x80,
2866          0x61,0x3c,0x00,
2867          0x00,0x00,0x00,
2868          0x00,0x00,0x00,
2869          
2870          //========Address -- (1a),
2871          0x00,0x00,0x00,
2872          0x00,0x00,0x00,
2873          0xf8,0x84,0x00,
2874          0x88,0x22,0x00,
2875          0x8f,0x48,0x00,
2876          0x88,0x00,0x00,
2877          0x88,0x00,0x00,
2878          0x00,0x00,0x00,
2879          0x00,0x00,0x00,
2880          
2881          //========Address -- (1b),
2882          0x00,0x00,0x00,
2883          0x00,0x00,0x00,
2884          0x34,0xc2,0x00,
2885          0x88,0x11,0x00,
2886          0x88,0x11,0x00,
2887          0x84,0x12,0x00,
2888          0x30,0xc4,0x00,
2889          0x00,0x30,0x00,
2890          0x00,0x00,0x00,
2891          
2892          //========Address -- (1c),
2893          0x00,0x00,0x00,
2894          0x00,0x00,0x00,
2895          0xf8,0x84,0x00,
2896          0x88,0x44,0x00,
2897          0x8f,0x80,0x00,
2898          0x98,0x08,0x00,
2899          0x88,0x42,0x00,
C51 COMPILER V8.12   TFONT_ARABIC                                                          09/16/2026 20:29:14 PAGE 48  

2900          0x00,0x00,0x00,
2901          0x00,0x00,0x00,
2902          
2903          //========Address -- (1d),
2904          0x00,0x00,0x00,
2905          0x00,0x00,0x00,
2906          0x34,0xe1,0x00,
2907          0x88,0x00,0x00,
2908          0x70,0x0e,0x00,
2909          0x08,0x11,0x00,
2910          0x43,0x2c,0x00,
2911          0x00,0x00,0x00,
2912          0x00,0x00,0x00,
2913          
2914          //========Address -- (1e),
2915          0x00,0x00,0x00,
2916          0x00,0x00,0x00,
2917          0xf0,0xf8,0x80,
2918          0x00,0x88,0x00,
2919          0x00,0x88,0x00,
2920          0x00,0x88,0x00,
2921          0x00,0x88,0x00,
2922          0x00,0x00,0x00,
2923          0x00,0x00,0x00,
2924          
2925          //========Address -- (1f),
2926          0x00,0x00,0x00,
2927          0x00,0x00,0x00,
2928          0x88,0x11,0x00,
2929          0x88,0x11,0x00,
2930          0x88,0x11,0x00,
2931          0x88,0x11,0x00,
2932          0x43,0x2c,0x00,
2933          0x00,0x00,0x00,
2934          0x00,0x00,0x00,
2935          
2936          //========Address -- (20),
2937          0x00,0x00,0x00,
2938          0x00,0x00,0x00,
2939          0x88,0x00,0x44,
2940          0x44,0x00,0x88,
2941          0x22,0x11,0x00,
2942          0x21,0x12,0x00,
2943          0x10,0x2c,0x00,
2944          0x00,0x00,0x00,
2945          0x00,0x00,0x00,
2946          
2947          //========Address -- (21),
2948          0x00,0x00,0x00,
2949          0x00,0x00,0x00,
2950          0x88,0x44,0x22,
2951          0x88,0xaa,0x22,
2952          0x45,0xa1,0x44,
2953          0x52,0x10,0x48,
2954          0x20,0x00,0x80,
2955          0x00,0x00,0x00,
2956          0x00,0x00,0x00,
2957          
2958          //========Address -- (22),
2959          0x00,0x00,0x00,
2960          0x00,0x00,0x00,
2961          0x84,0x12,0x00,
C51 COMPILER V8.12   TFONT_ARABIC                                                          09/16/2026 20:29:14 PAGE 49  

2962          0x22,0x44,0x00,
2963          0x11,0x88,0x00,
2964          0x22,0x44,0x00,
2965          0x48,0x21,0x00,
2966          0x00,0x00,0x00,
2967          0x00,0x00,0x00,
2968          
2969          //========Address -- (23),
2970          0x00,0x00,0x00,
2971          0x00,0x00,0x00,
2972          0x84,0x01,0x80,
2973          0x22,0x22,0x00,
2974          0x10,0x48,0x00,
2975          0x00,0x88,0x00,
2976          0x00,0x88,0x00,
2977          0x00,0x00,0x00,
2978          0x00,0x00,0x00,
2979          
2980          //========Address -- (24),
2981          0x00,0x00,0x00,
2982          0x00,0x00,0x00,
2983          0xf0,0xf1,0x00,
2984          0x00,0x24,0x00,
2985          0x01,0x80,0x00,
2986          0x24,0x00,0x00,
2987          0x8f,0x0f,0x00,
2988          0x00,0x00,0x00,
2989          0x00,0x00,0x00,
2990          
2991          //========Address -- (25),
2992          0x00,0x00,0x00,
2993          0x00,0x00,0x00,
2994          0x00,0x00,0x00,
2995          0x34,0x84,0x00,
2996          0x07,0x4c,0x00,
2997          0x88,0x44,0x00,
2998          0x87,0xc4,0x00,
2999          0x00,0x00,0x00,
3000          0x00,0x00,0x00,
3001          
3002          //========Address -- (26),
3003          0x00,0x00,0x00,
3004          0x08,0x00,0x00,
3005          0x88,0x00,0x00,
3006          0xbc,0x84,0x00,
3007          0x88,0x22,0x00,
3008          0x88,0x22,0x00,
3009          0x8f,0x48,0x00,
3010          0x00,0x00,0x00,
3011          0x00,0x00,0x00,
3012          
3013          //========Address -- (27),
3014          0x00,0x00,0x00,
3015          0x00,0x00,0x00,
3016          0x00,0x00,0x00,
3017          0x34,0x84,0x00,
3018          0x88,0x00,0x00,
3019          0x88,0x00,0x00,
3020          0x43,0x48,0x00,
3021          0x00,0x00,0x00,
3022          0x00,0x00,0x00,
3023          
C51 COMPILER V8.12   TFONT_ARABIC                                                          09/16/2026 20:29:14 PAGE 50  

3024          //========Address -- (28),
3025          0x00,0x00,0x00,
3026          0x00,0x02,0x00,
3027          0x00,0x22,0x00,
3028          0x34,0xe2,0x00,
3029          0x88,0x22,0x00,
3030          0x88,0x22,0x00,
3031          0x43,0x6a,0x00,
3032          0x00,0x00,0x00,
3033          0x00,0x00,0x00,
3034          
3035          //========Address -- (29),
3036          0x00,0x00,0x00,
3037          0x00,0x00,0x00,
3038          0x00,0x00,0x00,
3039          0x34,0x08,0x00,
3040          0x8f,0x4c,0x00,
3041          0x88,0x00,0x00,
3042          0x43,0x48,0x00,
3043          0x00,0x00,0x00,
3044          0x00,0x00,0x00,
3045          
3046          //========Address -- (2a),
3047          0x00,0x00,0x00,
3048          0x00,0x00,0x00,
3049          0x34,0x80,0x00,
3050          0x4f,0x08,0x00,
3051          0x44,0x00,0x00,
3052          0x44,0x00,0x00,
3053          0x44,0x00,0x00,
3054          0x00,0x00,0x00,
3055          0x00,0x00,0x00,
3056          
3057          //========Address -- (2b),
3058          0x00,0x00,0x00,
3059          0x00,0x00,0x00,
3060          0x00,0x00,0x00,
3061          0x34,0xe2,0x00,
3062          0x88,0x22,0x00,
3063          0x88,0x22,0x00,
3064          0x43,0x6a,0x00,
3065          0x04,0x24,0x00,
3066          0x30,0x80,0x00,
3067          
3068          //========Address -- (2c),
3069          0x00,0x00,0x00,
3070          0x08,0x00,0x00,
3071          0x88,0x00,0x00,
3072          0xbc,0xc2,0x00,
3073          0x88,0x22,0x00,
3074          0x88,0x22,0x00,
3075          0x88,0x22,0x00,
3076          0x00,0x00,0x00,
3077          0x00,0x00,0x00,
3078          
3079          //========Address -- (2d),
3080          0x00,0x00,0x00,
3081          0x00,0x00,0x00,
3082          0x80,0x00,0x00,
3083          0x88,0x00,0x00,
3084          0x88,0x00,0x00,
3085          0x88,0x00,0x00,
C51 COMPILER V8.12   TFONT_ARABIC                                                          09/16/2026 20:29:14 PAGE 51  

3086          0x88,0x00,0x00,
3087          0x00,0x00,0x00,
3088          0x00,0x00,0x00,
3089          
3090          //========Address -- (2e),
3091          0x00,0x00,0x00,
3092          0x00,0x00,0x00,
3093          0x10,0x00,0x00,
3094          0x71,0x00,0x00,
3095          0x11,0x00,0x00,
3096          0x11,0x00,0x00,
3097          0x11,0x00,0x00,
3098          0xe0,0x00,0x00,
3099          0x00,0x00,0x00,
3100          
3101          //========Address -- (2f),
3102          0x00,0x00,0x00,
3103          0x00,0x00,0x00,
3104          0x88,0x00,0x00,
3105          0x88,0x48,0x00,
3106          0x9a,0x00,0x00,
3107          0xe9,0x00,0x00,
3108          0x88,0x84,0x00,
3109          0x00,0x00,0x00,
3110          0x00,0x00,0x00,
3111          
3112          //========Address -- (30),
3113          0x00,0x00,0x00,
3114          0x08,0x00,0x00,
3115          0x88,0x00,0x00,
3116          0x88,0x00,0x00,
3117          0x88,0x00,0x00,
3118          0x88,0x00,0x00,
3119          0x88,0x00,0x00,
3120          0x00,0x00,0x00,
3121          0x00,0x00,0x00,
3122          
3123          //========Address -- (31),
3124          0x00,0x00,0x00,
3125          0x00,0x00,0x00,
3126          0x00,0x00,0x00,
3127          0xbc,0x96,0xc2,
3128          0x88,0x44,0x22,
3129          0x88,0x44,0x22,
3130          0x88,0x44,0x22,
3131          0x00,0x00,0x00,
3132          0x00,0x00,0x00,
3133          
3134          //========Address -- (32),
3135          0x00,0x00,0x00,
3136          0x00,0x00,0x00,
3137          0x00,0x00,0x00,
3138          0xbc,0xc2,0x00,
3139          0x88,0x22,0x00,
3140          0x88,0x22,0x00,
3141          0x88,0x22,0x00,
3142          0x00,0x00,0x00,
3143          0x00,0x00,0x00,
3144          
3145          //========Address -- (33),
3146          0x00,0x00,0x00,
3147          0x00,0x00,0x00,
C51 COMPILER V8.12   TFONT_ARABIC                                                          09/16/2026 20:29:14 PAGE 52  

3148          0x00,0x00,0x00,
3149          0x34,0x84,0x00,
3150          0x88,0x22,0x00,
3151          0x88,0x22,0x00,
3152          0x43,0x48,0x00,
3153          0x00,0x00,0x00,
3154          0x00,0x00,0x00,
3155          
3156          //========Address -- (34),
3157          0x00,0x00,0x00,
3158          0x00,0x00,0x00,
3159          0x00,0x00,0x00,
3160          0xbc,0x84,0x00,
3161          0x88,0x22,0x00,
3162          0x88,0x22,0x00,
3163          0x8f,0x48,0x00,
3164          0x88,0x00,0x00,
3165          0x80,0x00,0x00,
3166          
3167          //========Address -- (35),
3168          0x00,0x00,0x00,
3169          0x00,0x00,0x00,
3170          0x00,0x00,0x00,
3171          0x34,0xe2,0x00,
3172          0x88,0x22,0x00,
3173          0x88,0x22,0x00,
3174          0x43,0x6a,0x00,
3175          0x00,0x22,0x00,
3176          0x00,0x20,0x00,
3177          
3178          //========Address -- (36),
3179          0x00,0x00,0x00,
3180          0x00,0x00,0x00,
3181          0x00,0x00,0x00,
3182          0xbc,0x80,0x00,
3183          0x88,0x00,0x00,
3184          0x88,0x00,0x00,
3185          0x88,0x00,0x00,
3186          0x00,0x00,0x00,
3187          0x00,0x00,0x00,
3188          
3189          //========Address -- (37),
3190          0x00,0x00,0x00,
3191          0x00,0x00,0x00,
3192          0x00,0x00,0x00,
3193          0x78,0x84,0x00,
3194          0x86,0x00,0x00,
3195          0x10,0x84,0x00,
3196          0x87,0x48,0x00,
3197          0x00,0x00,0x00,
3198          0x00,0x00,0x00,
3199          
3200          //========Address -- (38),
3201          0x00,0x00,0x00,
3202          0x00,0x00,0x00,
3203          0x44,0x00,0x00,
3204          0xf4,0x80,0x00,
3205          0x44,0x00,0x00,
3206          0x44,0x00,0x00,
3207          0x43,0x08,0x00,
3208          0x00,0x00,0x00,
3209          0x00,0x00,0x00,
C51 COMPILER V8.12   TFONT_ARABIC                                                          09/16/2026 20:29:14 PAGE 53  

3210          
3211          //========Address -- (39),
3212          0x00,0x00,0x00,
3213          0x00,0x00,0x00,
3214          0x00,0x00,0x00,
3215          0x88,0x22,0x00,
3216          0x88,0x22,0x00,
3217          0x88,0x22,0x00,
3218          0x87,0x6a,0x00,
3219          0x00,0x00,0x00,
3220          0x00,0x00,0x00,
3221          
3222          //========Address -- (3a),
3223          0x00,0x00,0x00,
3224          0x00,0x00,0x00,
3225          0x00,0x00,0x00,
3226          0x88,0x44,0x00,
3227          0x44,0x88,0x00,
3228          0x43,0x80,0x00,
3229          0x33,0x00,0x00,
3230          0x00,0x00,0x00,
3231          0x00,0x00,0x00,
3232          
3233          //========Address -- (3b),
3234          0x00,0x00,0x00,
3235          0x00,0x00,0x00,
3236          0x00,0x00,0x00,
3237          0x88,0x88,0x88,
3238          0x55,0x55,0x00,
3239          0x55,0x55,0x00,
3240          0x22,0x22,0x00,
3241          0x00,0x00,0x00,
3242          0x00,0x00,0x00,
3243          
3244          //========Address -- (3c),
3245          0x00,0x00,0x00,
3246          0x00,0x00,0x00,
3247          0x00,0x00,0x00,
3248          0x84,0x24,0x00,
3249          0x21,0x80,0x00,
3250          0x12,0x08,0x00,
3251          0x48,0x42,0x00,
3252          0x00,0x00,0x00,
3253          0x00,0x00,0x00,
3254          
3255          //========Address -- (3d),
3256          0x00,0x00,0x00,
3257          0x00,0x00,0x00,
3258          0x00,0x00,0x00,
3259          0x0c,0x03,0x00,
3260          0x42,0x24,0x00,
3261          0x22,0x48,0x00,
3262          0x11,0x80,0x00,
3263          0x1e,0x00,0x00,
3264          0x00,0x00,0x00,
3265          
3266          //========Address -- (3e),
3267          0x00,0x00,0x00,
3268          0x00,0x00,0x00,
3269          0x00,0x00,0x00,
3270          0xf0,0xc4,0x00,
3271          0x01,0x80,0x00,
C51 COMPILER V8.12   TFONT_ARABIC                                                          09/16/2026 20:29:14 PAGE 54  

3272          0x24,0x00,0x00,
3273          0x8f,0x0c,0x00,
3274          0x00,0x00,0x00,
3275          0x00,0x00,0x00,
3276          
3277          //========Address -- (3f),
3278          0x00,0x00,0x00,
3279          0x00,0x00,0x00,
3280          0x00,0x00,0x00,
3281          0x00,0x00,0x00,
3282          0x00,0x00,0x00,
3283          0x00,0x00,0x00,
3284          0x03,0x00,0x00,
3285          0x30,0x00,0x00,
3286          0x00,0x00,0x00,
3287          
3288          //========Address -- (40),
3289          0x00,0x00,0x00,
3290          0x00,0x00,0x00,
3291          0x00,0x00,0x00,
3292          0x00,0x06,0x00,
3293          0x00,0x60,0x00,
3294          0x00,0x00,0x00,
3295          0x00,0x06,0x00,
3296          0x00,0x60,0x00,
3297          0x00,0x00,0x00,
3298          
3299          //========Address -- (41),
3300          0x00,0x00,0x00,
3301          0x00,0x00,0x00,
3302          0x00,0x00,0x00,
3303          0x00,0x66,0x00,
3304          0x11,0xff,0x88,
3305          0x00,0x66,0x00,
3306          0x00,0x00,0x00,
3307          0x00,0x00,0x00,
3308          0x00,0x00,0x00,
3309          
3310          //========Address -- (42),
3311          0x00,0x00,0x00,
3312          0x00,0x11,0x88,
3313          0x00,0x33,0x00,
3314          0x00,0x66,0x00,
3315          0x00,0x6c,0x00,
3316          0x00,0xcc,0x00,
3317          0x11,0x88,0x00,
3318          0x33,0x00,0x00,
3319          0x00,0x00,0x00,
3320          
3321          //========Address -- (43),
3322          0x00,0x00,0x00,
3323          0x00,0x00,0x00,
3324          0x00,0x00,0x13,
3325          0x00,0x00,0x7f,
3326          0x00,0x11,0xff,
3327          0x00,0x00,0xf7,
3328          0x00,0x00,0x31,
3329          0x00,0x00,0x00,
3330          0x00,0x00,0x00,
3331          
3332          //========Address -- (44),
3333          0x00,0x00,0x00,
C51 COMPILER V8.12   TFONT_ARABIC                                                          09/16/2026 20:29:14 PAGE 55  

3334          0x00,0x00,0x00,
3335          0x8c,0x00,0x00,
3336          0xef,0x00,0x00,
3337          0xff,0x88,0x00,
3338          0xfe,0x00,0x00,
3339          0xc8,0x00,0x00,
3340          0x00,0x00,0x00,
3341          0x00,0x00,0x00,
3342          
3343          //========Address -- (45),
3344          0x00,0x00,0x00,
3345          0x00,0x00,0x00,
3346          0x00,0x00,0x00,
3347          0x00,0x00,0x00,
3348          0x00,0xff,0x00,
3349          0x00,0x00,0x00,
3350          0x00,0x00,0x00,
3351          0x00,0x00,0x00,
3352          0x00,0x00,0x00,
3353          
3354          
3355                  
3356                  
3357                  //========Address -- (00),
3358                  0x00,0x00,0x00,
3359                  0x00,0x00,0x00,
3360                  0x00,0x07,0x00,
3361                  0x00,0x02,0x00,
3362                  0x00,0x2e,0x00,
3363                  0x11,0x2e,0x00,
3364                  0x00,0x21,0x0f,
3365                  0x00,0x00,0x00,
3366                  0x00,0x00,0x00,
3367                  
3368                  //========Address -- (01),
3369                  0x00,0x00,0x00,
3370                  0x00,0x00,0x00,
3371                  0x00,0x00,0x00,
3372                  0x00,0x00,0x00,
3373                  0x78,0x08,0x00,
3374                  0x88,0x00,0x00,
3375                  0x78,0x80,0x00,
3376                  0x00,0x00,0x00,
3377                  0x00,0x00,0x00,
3378                  
3379                  //========Address -- (02),
3380                  0x00,0x00,0x00,
3381                  0x00,0x00,0x00,
3382                  0x08,0x00,0x00,
3383                  0x88,0x00,0x00,
3384                  0x88,0x00,0x00,
3385                  0x88,0x00,0x55,
3386                  0x87,0x0f,0x5a,
3387                  0x00,0x00,0x00,
3388                  0x00,0x00,0x00,
3389                  
3390                  //========Address -- (03),
3391                  0x00,0x00,0x00,
3392                  0x00,0x00,0x00,
3393                  0x00,0x00,0x00,
3394                  0x00,0x00,0x00,
3395                  0x04,0x00,0x00,
C51 COMPILER V8.12   TFONT_ARABIC                                                          09/16/2026 20:29:14 PAGE 56  

3396                  0x44,0x00,0x00,
3397                  0x4b,0x0f,0x0f,
3398                  0x00,0x00,0x00,
3399                  0x00,0x00,0x00,
3400                  
3401                  //========Address -- (04),
3402                  0x00,0x00,0x00,
3403                  0x00,0x00,0x00,
3404                  0x08,0x02,0x00,
3405                  0x88,0x22,0x00,
3406                  0x88,0x22,0x00,
3407                  0x88,0x22,0x00,
3408                  0x80,0x22,0x00,
3409                  0x00,0x00,0x00,
3410                  0x00,0x00,0x00,
3411                  
3412                  //========Address -- (05),
3413                  0x00,0x00,0x00,
3414                  0x00,0x00,0x00,
3415                  0x00,0x00,0x00,
3416                  0x10,0xc0,0x00,
3417                  0x01,0x0c,0x00,
3418                  0x01,0xa2,0x00,
3419                  0x11,0x2c,0x00,
3420                  0x00,0x00,0x00,
3421                  0x00,0x00,0x10,
3422                  
3423                  //========Address -- (06),
3424                  0x00,0x00,0x00,
3425                  0x00,0x00,0x00,
3426                  0x00,0x00,0x00,
3427                  0x00,0x00,0x00,
3428                  0x00,0x08,0x00,
3429                  0x00,0x88,0x00,
3430                  0x00,0x88,0x00,
3431                  0x01,0x80,0x00,
3432                  0xe0,0x00,0x00,
3433                  
3434                  //========Address -- (07),
3435                  0x00,0x00,0x00,
3436                  0x00,0x00,0x00,
3437                  0x08,0x00,0x10,
3438                  0x88,0x00,0x10,
3439                  0x88,0x00,0x00,
3440                  0x88,0x00,0x22,
3441                  0x87,0x0f,0x2d,
3442                  0x00,0x00,0x00,
3443                  0x00,0x00,0x00,
3444                  
3445                  //========Address -- (08),
3446                  0x00,0x00,0x00,
3447                  0x00,0x00,0x00,
3448                  0x00,0x00,0x08,
3449                  0x80,0x00,0x88,
3450                  0x02,0x00,0x88,
3451                  0xaa,0x00,0x88,
3452                  0xa4,0x00,0x88,
3453                  0x00,0x01,0x08,
3454                  0x00,0x13,0x08,
3455                  
3456                  //========Address -- (09),
3457                  0x00,0x00,0x00,
C51 COMPILER V8.12   TFONT_ARABIC                                                          09/16/2026 20:29:14 PAGE 57  

3458                  0x00,0x00,0x00,
3459                  0x00,0x00,0x00,
3460                  0x00,0x00,0x00,
3461                  0x00,0x00,0x00,
3462                  0x00,0x00,0x00,
3463                  0x00,0x00,0x00,
3464                  0x00,0x00,0x00,
3465                  0x00,0x00,0x00,
3466                  
3467                  //========Address -- (0a),
3468                  0x00,0x00,0x00,
3469                  0x00,0x00,0x00,
3470                  0x00,0x00,0x00,
3471                  0x00,0x02,0x00,
3472                  0x00,0x22,0x00,
3473                  0x00,0x22,0x00,
3474                  0x11,0x2d,0x0f,
3475                  0x00,0x00,0x00,
3476                  0x00,0x00,0x00,
3477                  
3478                  //========Address -- (0b),
3479                  0x00,0x00,0x00,
3480                  0x00,0x00,0x00,
3481                  0x00,0x00,0x00,
3482                  0x00,0x00,0x00,
3483                  0x03,0x00,0x00,
3484                  0x40,0x8e,0x00,
3485                  0x3c,0x00,0x00,
3486                  0x00,0x00,0x00,
3487                  0x20,0x00,0x70,
3488                  
3489                  //========Address -- (0c),
3490                  0x00,0x00,0x00,
3491                  0x00,0x00,0x00,
3492                  0x00,0x00,0x00,
3493                  0x00,0x00,0x00,
3494                  0x00,0x00,0x00,
3495                  0x4a,0x00,0x00,
3496                  0xaf,0x0f,0x0f,
3497                  0x24,0x00,0x00,
3498                  0x80,0x00,0x00,
3499                  
3500                  //========Address -- (0d),
3501                  0x00,0x00,0x00,
3502                  0x00,0x00,0x00,
3503                  0x00,0x00,0x00,
3504                  0x70,0x00,0x00,
3505                  0x01,0x00,0x00,
3506                  0x11,0x00,0x00,
3507                  0x1e,0x00,0x00,
3508                  0x00,0x00,0x00,
3509                  0x00,0x00,0x00,
3510                  
3511                  //========Address -- (0e),
3512                  0x00,0x00,0x00,
3513                  0x00,0x00,0x00,
3514                  0x00,0x00,0x08,
3515                  0x11,0x0c,0x88,
3516                  0x00,0x21,0x88,
3517                  0x00,0x00,0x88,
3518                  0x00,0x13,0x88,
3519                  0x00,0x00,0x00,
C51 COMPILER V8.12   TFONT_ARABIC                                                          09/16/2026 20:29:14 PAGE 58  

3520                  0x00,0x00,0x00,
3521                  
3522                  //========Address -- (0f),
3523                  0x00,0x00,0x00,
3524                  0x00,0x00,0x00,
3525                  0x00,0x07,0x00,
3526                  0x00,0x02,0x00,
3527                  0x00,0x2e,0x00,
3528                  0x11,0x2e,0x00,
3529                  0x00,0x21,0x0f,
3530                  0x00,0x00,0x00,
3531                  0x00,0x00,0x00,
3532                  
3533                  //========Address -- (10),
3534                  0x00,0x00,0x00,
3535                  0x00,0x00,0x00,
3536                  0x00,0x00,0x00,
3537                  0x00,0x00,0x00,
3538                  0x01,0x00,0x00,
3539                  0x11,0x00,0x00,
3540                  0x1e,0x0f,0x0f,
3541                  0x00,0x00,0x00,
3542                  0x30,0x80,0x00,
3543                  
3544                  //========Address -- (11),
3545                  0x00,0x00,0x00,
3546                  0x00,0x00,0x00,
3547                  0x00,0x00,0x04,
3548                  0x00,0x00,0x44,
3549                  0x04,0x00,0x44,
3550                  0x44,0x00,0x56,
3551                  0x4b,0x0f,0x4f,
3552                  0x00,0x00,0x00,
3553                  0x40,0x00,0x00,
3554                  
3555                  //========Address -- (12),
3556                  0x00,0x00,0x00,
3557                  0x00,0x00,0x00,
3558                  0x00,0x00,0x01,
3559                  0x00,0x00,0x00,
3560                  0x0c,0x00,0x01,
3561                  0x22,0x00,0x11,
3562                  0x2d,0x0f,0x0f,
3563                  0x00,0x00,0x00,
3564                  0x00,0x00,0x00,
3565                  
3566                  //========Address -- (13),
3567                  0x00,0x00,0x00,
3568                  0x00,0x00,0x00,
3569                  0x0c,0x00,0x00,
3570                  0x00,0x00,0x00,
3571                  0x84,0x00,0x00,
3572                  0x4c,0x00,0x00,
3573                  0x48,0x00,0x00,
3574                  0x00,0x00,0x00,
3575                  0x00,0x00,0x00,
3576                  
3577                  //========Address -- (14),
3578                  0x00,0x00,0x00,
3579                  0x00,0x00,0x00,
3580                  0x00,0x00,0x00,
3581                  0x00,0x00,0x00,
C51 COMPILER V8.12   TFONT_ARABIC                                                          09/16/2026 20:29:14 PAGE 59  

3582                  0x00,0x00,0x00,
3583                  0x01,0xe1,0x00,
3584                  0x10,0x0f,0x8f,
3585                  0x11,0x00,0x00,
3586                  0x00,0x88,0x00,
3587                  
3588                  //========Address -- (15),
3589                  0x00,0x00,0x00,
3590                  0x00,0x00,0x00,
3591                  0x00,0x00,0x00,
3592                  0x00,0x00,0x00,
3593                  0x78,0x08,0x00,
3594                  0x88,0x00,0x00,
3595                  0x78,0x80,0x11,
3596                  0x00,0x00,0x00,
3597                  0x00,0x00,0x00,
3598                  
3599                  //========Address -- (16),
3600                  0x00,0x00,0x00,
3601                  0x00,0x00,0x00,
3602                  0x00,0x00,0x00,
3603                  0x00,0x00,0x00,
3604                  0x42,0x00,0x00,
3605                  0x11,0x00,0x00,
3606                  0x1e,0x00,0x00,
3607                  0x00,0x00,0x00,
3608                  0x00,0x00,0x00,
3609                  
3610                  //========Address -- (17),
3611                  0x00,0x00,0x00,
3612                  0x00,0x00,0x00,
3613                  0x00,0x00,0x02,
3614                  0x00,0x47,0x22,
3615                  0x00,0x00,0xa6,
3616                  0x00,0x00,0x22,
3617                  0x00,0x00,0x6e,
3618                  0x00,0x00,0x00,
3619                  0x00,0x00,0x00,
3620                  
3621                  //========Address -- (18),
3622                  0x00,0x00,0x00,
3623                  0x00,0x00,0x00,
3624                  0x00,0x00,0x00,
3625                  0x01,0x0c,0x00,
3626                  0x00,0x00,0x04,
3627                  0x88,0x00,0x44,
3628                  0x87,0x0f,0x48,
3629                  0x00,0x00,0x00,
3630                  0x00,0x00,0x00,
3631                  
3632                  //========Address -- (19),
3633                  0x00,0x00,0x00,
3634                  0x00,0x00,0x00,
3635                  0x02,0x00,0x00,
3636                  0x22,0x00,0x00,
3637                  0x22,0x00,0x00,
3638                  0x22,0x00,0x00,
3639                  0x21,0x0f,0x0f,
3640                  0x00,0x00,0x00,
3641                  0x00,0x00,0x00,
3642                  
3643                  //========Address -- (1a),
C51 COMPILER V8.12   TFONT_ARABIC                                                          09/16/2026 20:29:14 PAGE 60  

3644                  0x00,0x00,0x00,
3645                  0x00,0x00,0x00,
3646                  0x01,0x0c,0x02,
3647                  0x00,0x00,0x22,
3648                  0x01,0x84,0x22,
3649                  0x11,0x4c,0x22,
3650                  0x0f,0x48,0x21,
3651                  0x00,0x00,0x00,
3652                  0x00,0x00,0x00,
3653                  
3654                  //========Address -- (1b),
3655                  0x00,0x00,0x00,
3656                  0x00,0x00,0x00,
3657                  0x00,0x01,0x00,
3658                  0x00,0x11,0x00,
3659                  0x00,0x11,0x03,
3660                  0x00,0x11,0x48,
3661                  0x0f,0x1f,0x0f,
3662                  0x00,0x00,0x00,
3663                  0x00,0x00,0x00,
3664                  
3665                  //========Address -- (1c),
3666                  0x00,0x00,0x00,
3667                  0x00,0x00,0x00,
3668                  0x00,0x00,0x00,
3669                  0x00,0x20,0x00,
3670                  0x00,0x01,0x00,
3671                  0x88,0x11,0x00,
3672                  0x87,0x1e,0x0f,
3673                  0x00,0x00,0x00,
3674                  0x00,0x00,0x00,
3675                  
3676                  //========Address -- (1d),
3677                  0x00,0x00,0x00,
3678                  0x00,0x00,0x00,
3679                  0x00,0x00,0x08,
3680                  0x00,0x00,0x88,
3681                  0x00,0x00,0x88,
3682                  0x00,0x00,0x88,
3683                  0x0f,0x0f,0x80,
3684                  0x00,0x00,0x00,
3685                  0x00,0x00,0x00,
3686                  
3687                  //========Address -- (1e),
3688                  0x00,0x00,0x00,
3689                  0x00,0x00,0x00,
3690                  0x02,0x00,0x00,
3691                  0x22,0x00,0x00,
3692                  0x22,0x00,0x00,
3693                  0x22,0x00,0x00,
3694                  0x22,0x00,0x00,
3695                  0x00,0x00,0x00,
3696                  0x00,0x00,0x00,
3697                  
3698                  //========Address -- (1f),
3699                  0x00,0x00,0x00,
3700                  0x00,0x00,0x00,
3701                  0x00,0x00,0x00,
3702                  0x00,0x00,0x00,
3703                  0x00,0x00,0x00,
3704                  0x00,0x11,0x22,
3705                  0x00,0x22,0x23,
C51 COMPILER V8.12   TFONT_ARABIC                                                          09/16/2026 20:29:14 PAGE 61  

3706                  0x00,0x22,0x22,
3707                  0x00,0x10,0xc0,
3708                  
3709                  //========Address -- (20),
3710                  0x00,0x00,0x00,
3711                  0x00,0x00,0x00,
3712                  0x00,0x00,0x00,
3713                  0x00,0x00,0x80,
3714                  0x02,0x00,0x04,
3715                  0xaa,0x00,0x44,
3716                  0xa5,0x0f,0x4b,
3717                  0x00,0x00,0x00,
3718                  0x00,0x00,0x00,
3719                  
3720                  //========Address -- (21),
3721                  0x00,0x00,0x00,
3722                  0x00,0x00,0x00,
3723                  0x00,0x00,0x00,
3724                  0x00,0x00,0x00,
3725                  0x00,0x0e,0x00,
3726                  0x00,0x90,0x0c,
3727                  0x0f,0x3c,0x8f,
3728                  0x00,0x00,0x00,
3729                  0x00,0x20,0x00,
3730                  
3731                  //========Address -- (22),
3732                  0x00,0x00,0x00,
3733                  0x00,0x00,0x00,
3734                  0x00,0x00,0x00,
3735                  0x10,0xc0,0x00,
3736                  0x01,0x0c,0x00,
3737                  0x01,0xa2,0x00,
3738                  0x11,0x2c,0x00,
3739                  0x00,0x00,0x00,
3740                  0x00,0x00,0x00,
3741                  
3742                  //========Address -- (23),
3743                  0x00,0x00,0x00,
3744                  0x00,0x00,0x00,
3745                  0x00,0x00,0x00,
3746                  0x00,0x00,0x00,
3747                  0x12,0x80,0x00,
3748                  0x30,0xc8,0x00,
3749                  0x10,0x00,0x00,
3750                  0x00,0x00,0x00,
3751                  0x00,0x00,0x00,
3752                  
3753                  //========Address -- (24),
3754                  0x00,0x00,0x00,
3755                  0x00,0x00,0x00,
3756                  0x08,0x00,0x00,
3757                  0x88,0x00,0x01,
3758                  0x88,0x00,0x00,
3759                  0x88,0x00,0x19,
3760                  0x87,0x0f,0xa7,
3761                  0x00,0x00,0x00,
3762                  0x00,0x00,0x00,
3763                  
3764                  //========Address -- (25),
3765                  0x00,0x00,0x00,
3766                  0x00,0x00,0x00,
3767                  0x00,0x00,0x02,
C51 COMPILER V8.12   TFONT_ARABIC                                                          09/16/2026 20:29:14 PAGE 62  

3768                  0x00,0x47,0x22,
3769                  0x0c,0x00,0xa6,
3770                  0x22,0x00,0x22,
3771                  0x2c,0x00,0x6e,
3772                  0x00,0x00,0x0c,
3773                  0x00,0x01,0x8c,
3774                  
3775                  //========Address -- (26),
3776                  0x00,0x00,0x00,
3777                  0x00,0x00,0x00,
3778                  0x00,0x02,0x00,
3779                  0x00,0x22,0x00,
3780                  0x00,0x22,0x00,
3781                  0x00,0x22,0x00,
3782                  0x00,0x22,0x00,
3783                  0x00,0x00,0x00,
3784                  0x00,0x00,0x00,
3785                  
3786                  //========Address -- (27),
3787                  0x00,0x00,0x00,
3788                  0x00,0x00,0x00,
3789                  0x00,0x00,0x00,
3790                  0x00,0x00,0x00,
3791                  0x00,0x00,0x00,
3792                  0x00,0x00,0x00,
3793                  0x00,0x00,0x00,
3794                  0x00,0x00,0x00,
3795                  0x00,0x00,0x10,
3796                  
3797                  //========Address -- (28),
3798                  0x00,0x00,0x00,
3799                  0x00,0x00,0x00,
3800                  0x00,0x00,0x00,
3801                  0x00,0x00,0x00,
3802                  0x00,0x08,0x00,
3803                  0x00,0x88,0x00,
3804                  0x00,0x8f,0x0f,
3805                  0x01,0x80,0x00,
3806                  0xe0,0x00,0x00,
3807                  
3808                  //========Address -- (29),
3809                  0x00,0x00,0x00,
3810                  0x00,0x00,0x00,
3811                  0x00,0x00,0x00,
3812                  0x00,0x00,0x00,
3813                  0x04,0x00,0x00,
3814                  0x44,0x00,0x00,
3815                  0x4b,0x0f,0x0f,
3816                  0x00,0x00,0x00,
3817                  0xe0,0x00,0x00,
3818                  
3819                  //========Address -- (2a),
3820                  0x00,0x00,0x0c,
3821                  0x00,0x01,0x8c,
3822                  0x40,0x00,0x08,
3823                  0x60,0x00,0x88,
3824                  0x01,0x00,0x88,
3825                  0x11,0x00,0x88,
3826                  0x1e,0x00,0x87,
3827                  0x00,0x00,0x00,
3828                  0x00,0x00,0x00,
3829                  
C51 COMPILER V8.12   TFONT_ARABIC                                                          09/16/2026 20:29:14 PAGE 63  

3830                  //========Address -- (2b),
3831                  0x00,0x00,0x00,
3832                  0x00,0x00,0x00,
3833                  0x00,0x00,0x00,
3834                  0x00,0x00,0x70,
3835                  0x00,0x00,0x01,
3836                  0x00,0x00,0x11,
3837                  0x0f,0x0f,0x1e,
3838                  0x00,0x00,0x00,
3839                  0x00,0x00,0x00,
3840                  
3841                  //========Address -- (2c),
3842                  0x00,0x00,0x00,
3843                  0x00,0x00,0x00,
3844                  0x00,0x00,0x00,
3845                  0x00,0x00,0x00,
3846                  0x00,0x00,0x00,
3847                  0x00,0x00,0x00,
3848                  0x00,0x00,0x00,
3849                  0x00,0x00,0x00,
3850                  0x00,0x00,0x00,
3851                  
3852                  //========Address -- (2d),
3853                  0x00,0x00,0x00,
3854                  0x00,0x00,0x00,
3855                  0x00,0x00,0x00,
3856                  0x00,0x00,0x00,
3857                  0x00,0x02,0x00,
3858                  0x00,0x22,0x00,
3859                  0x00,0x23,0x0f,
3860                  0x00,0x24,0x00,
3861                  0x70,0x80,0x00,
3862                  
3863                  //========Address -- (2e),
3864                  0x00,0x00,0x00,
3865                  0x00,0x00,0x00,
3866                  0x00,0x0e,0x00,
3867                  0x00,0x00,0x00,
3868                  0x00,0x6a,0x00,
3869                  0x00,0xaa,0x00,
3870                  0x0f,0x4b,0x0f,
3871                  0x00,0x00,0x00,
3872                  0x00,0x00,0x00,
3873                  
3874                  //========Address -- (2f),
3875                  0x00,0x00,0x00,
3876                  0x00,0x00,0x00,
3877                  0x00,0x00,0x00,
3878                  0x10,0x00,0x00,
3879                  0x00,0x04,0x00,
3880                  0x00,0x44,0x00,
3881                  0x0f,0x48,0x00,
3882                  0x00,0x00,0x00,
3883                  0x00,0x00,0x00,
3884                  
3885                  //========Address -- (30),
3886                  0x00,0x00,0x00,
3887                  0x00,0x00,0x00,
3888                  0x00,0x00,0x07,
3889                  0x00,0x00,0x02,
3890                  0x00,0x00,0x2e,
3891                  0x00,0x11,0x2e,
C51 COMPILER V8.12   TFONT_ARABIC                                                          09/16/2026 20:29:14 PAGE 64  

3892                  0x00,0x00,0x21,
3893                  0x00,0x00,0x00,
3894                  0x00,0x00,0x00,
3895                  
3896                  //========Address -- (31),
3897                  0x00,0x00,0x00,
3898                  0x00,0x00,0x00,
3899                  0x00,0x00,0x02,
3900                  0x00,0x00,0x22,
3901                  0x00,0x00,0x22,
3902                  0x00,0x00,0x22,
3903                  0x0f,0x0f,0x2c,
3904                  0x00,0x00,0x00,
3905                  0x00,0x00,0x00,
3906                  
3907                  //========Address -- (32),
3908                  0x00,0x00,0x00,
3909                  0x12,0x2c,0x00,
3910                  0x00,0x08,0x00,
3911                  0x00,0x88,0x00,
3912                  0x00,0x88,0x00,
3913                  0x00,0x88,0x00,
3914                  0x00,0x88,0x00,
3915                  0x00,0x00,0x00,
3916                  0x00,0x00,0x00,
3917                  
3918                  //========Address -- (33),
3919                  0x00,0x00,0x00,
3920                  0x00,0x00,0x00,
3921                  0x00,0x00,0x00,
3922                  0x00,0x10,0x00,
3923                  0x00,0x01,0x08,
3924                  0x88,0x22,0x88,
3925                  0x87,0x1e,0x0f,
3926                  0x00,0x00,0x00,
3927                  0x00,0x00,0x00,
3928                  
3929                  //========Address -- (34),
3930                  0x00,0x00,0x00,
3931                  0x00,0x00,0x00,
3932                  0x00,0x00,0x00,
3933                  0x00,0x00,0x00,
3934                  0x01,0x00,0x00,
3935                  0x11,0x00,0x00,
3936                  0x1e,0x0f,0x0f,
3937                  0x00,0x00,0x00,
3938                  0x30,0x80,0x00,
3939                  
3940                  //========Address -- (35),
3941                  0x00,0x00,0x00,
3942                  0x00,0x00,0x00,
3943                  0x00,0x00,0x00,
3944                  0x00,0x00,0x01,
3945                  0x0f,0x00,0x00,
3946                  0x96,0x00,0x19,
3947                  0xa1,0x0f,0xa7,
3948                  0x00,0x00,0x00,
3949                  0x00,0x00,0x00,
3950                  
3951                  //========Address -- (36),
3952                  0x00,0x00,0x00,
3953                  0x00,0x00,0x00,
C51 COMPILER V8.12   TFONT_ARABIC                                                          09/16/2026 20:29:14 PAGE 65  

3954                  0x00,0x00,0x00,
3955                  0x00,0x00,0x00,
3956                  0x0c,0x00,0x00,
3957                  0x22,0x00,0x00,
3958                  0x2c,0x00,0x00,
3959                  0x00,0x00,0x00,
3960                  0x00,0x00,0x00,
3961                  
3962                  //========Address -- (37),
3963                  0x00,0x00,0x00,
3964                  0x00,0x00,0x00,
3965                  0x00,0x00,0x00,
3966                  0x00,0x00,0x00,
3967                  0x00,0x00,0x00,
3968                  0x01,0xe1,0x00,
3969                  0x10,0x0f,0x8f,
3970                  0x11,0x00,0x00,
3971                  0x00,0x88,0x00,
3972                  
3973                  //========Address -- (38),
3974                  0x00,0x00,0x00,
3975                  0x00,0x00,0x00,
3976                  0x00,0x00,0x00,
3977                  0x00,0x00,0x00,
3978                  0x0e,0x00,0x03,
3979                  0x90,0x0c,0x20,
3980                  0x3c,0x8f,0x0f,
3981                  0x00,0x00,0x00,
3982                  0x20,0x00,0x00,
3983                  
3984                  //========Address -- (39),
3985                  0x00,0x00,0x00,
3986                  0x00,0x00,0x00,
3987                  0x00,0x00,0x00,
3988                  0x00,0x00,0x00,
3989                  0x08,0x00,0x00,
3990                  0x43,0x00,0x00,
3991                  0xe3,0x0f,0x0f,
3992                  0x00,0x00,0x00,
3993                  0x00,0x00,0x00,
3994                  
3995                  //========Address -- (3a),
3996                  0x00,0x00,0x00,
3997                  0x00,0x00,0x00,
3998                  0x02,0x00,0x08,
3999                  0x22,0x00,0x88,
4000                  0x22,0x00,0x88,
4001                  0x22,0x00,0x88,
4002                  0x2c,0x00,0x88,
4003                  0x00,0x00,0x00,
4004                  0x00,0x00,0x00,
4005                  
4006                  //========Address -- (3b),
4007                  0x00,0x00,0x00,
4008                  0x00,0x00,0x00,
4009                  0x00,0x00,0x00,
4010                  0x00,0x00,0x00,
4011                  0x00,0x00,0x00,
4012                  0x00,0x00,0x00,
4013                  0x00,0x00,0x00,
4014                  0x00,0x00,0x00,
4015                  0x00,0x00,0x00,
C51 COMPILER V8.12   TFONT_ARABIC                                                          09/16/2026 20:29:14 PAGE 66  

4016                  
4017                  //========Address -- (3c),
4018                  0x00,0x00,0x00,
4019                  0x00,0x00,0x00,
4020                  0x00,0x07,0x00,
4021                  0x00,0x02,0x00,
4022                  0x00,0x2e,0x00,
4023                  0x11,0x2e,0x00,
4024                  0x00,0x21,0x0f,
4025                  0x00,0x00,0x00,
4026                  0x00,0x00,0x00,
4027                  
4028                  //========Address -- (3d),
4029                  0x00,0x00,0x00,
4030                  0x00,0x00,0x00,
4031                  0x04,0x00,0x00,
4032                  0x44,0x00,0x00,
4033                  0x44,0x0c,0x00,
4034                  0x56,0x22,0x00,
4035                  0x4f,0x2d,0x0f,
4036                  0x00,0x00,0x00,
4037                  0x00,0x00,0x00,
4038                  
4039                  //========Address -- (3e),
4040                  0x00,0x00,0x00,
4041                  0x00,0x00,0x00,
4042                  0x00,0x00,0x00,
4043                  0x00,0x00,0x00,
4044                  0x00,0x08,0x00,
4045                  0xaa,0x88,0x12,
4046                  0xa5,0x80,0x23,
4047                  0x00,0x00,0x01,
4048                  0x00,0x10,0xe0,
4049                  
4050                  //========Address -- (3f),
4051                  0x00,0x00,0x00,
4052                  0x00,0x00,0x00,
4053                  0x00,0x00,0x00,
4054                  0x00,0x00,0xe0,
4055                  0x00,0x00,0x04,
4056                  0x08,0x00,0x44,
4057                  0x8f,0x0f,0x4b,
4058                  0x80,0x00,0x00,
4059                  0x00,0x00,0x00,
4060                  
4061                  //========Address -- (40),
4062                  0x00,0x00,0x00,
4063                  0x00,0x00,0x00,
4064                  0x00,0x00,0x00,
4065                  0x00,0x00,0x00,
4066                  0x00,0x00,0x06,
4067                  0x00,0x01,0xa2,
4068                  0x0f,0x1e,0xa4,
4069                  0x00,0x00,0x00,
4070                  0x00,0x00,0x00,
4071                  
4072                  //========Address -- (41),
4073                  0x00,0x00,0x00,
4074                  0x00,0x00,0x00,
4075                  0x00,0x00,0x00,
4076                  0x00,0x00,0x00,
4077                  0x00,0x03,0x00,
C51 COMPILER V8.12   TFONT_ARABIC                                                          09/16/2026 20:29:14 PAGE 67  

4078                  0x02,0x44,0x00,
4079                  0x44,0x71,0x00,
4080                  0x43,0x2c,0x00,
4081                  0x03,0x08,0x10,
4082                  
4083                  //========Address -- (42),
4084                  0x00,0x00,0x00,
4085                  0x00,0x00,0x00,
4086                  0x00,0x00,0x00,
4087                  0x00,0x00,0x00,
4088                  0x00,0x00,0x00,
4089                  0x12,0x08,0x00,
4090                  0x23,0x8f,0x0f,
4091                  0x01,0x80,0x00,
4092                  0xe0,0x00,0x00,
4093                  
4094                  //========Address -- (43),
4095                  0x00,0x00,0x00,
4096                  0x00,0x00,0x00,
4097                  0x01,0x0c,0x00,
4098                  0x00,0x00,0x00,
4099                  0x01,0x84,0x00,
4100                  0x11,0x4c,0x00,
4101                  0x0f,0x48,0x00,
4102                  0x00,0x00,0x00,
4103                  0x00,0x00,0x00,
4104                  
4105                  //========Address -- (44),
4106                  0x00,0x00,0x00,
4107                  0x00,0x00,0x00,
4108                  0x00,0x08,0x00,
4109                  0x00,0x88,0x00,
4110                  0x00,0x88,0x00,
4111                  0x00,0x88,0x00,
4112                  0x00,0x87,0x0f,
4113                  0x00,0x00,0x00,
4114                  0x00,0x00,0x00,
4115                  
4116                  //========Address -- (45),
4117                  0x00,0x00,0x00,
4118                  0x00,0x00,0x00,
4119                  0x00,0x00,0x00,
4120                  0x00,0x00,0x00,
4121                  0x00,0x08,0x00,
4122                  0x12,0x44,0x00,
4123                  0x2d,0x4b,0x0f,
4124                  0x00,0x00,0x00,
4125                  0x00,0x00,0x00,
4126                  
4127                  //========Address -- (46),
4128                  0x00,0x00,0x00,
4129                  0x00,0x00,0x00,
4130                  0x00,0x00,0x00,
4131                  0x80,0x00,0x00,
4132                  0x04,0x00,0x01,
4133                  0x44,0x00,0x11,
4134                  0x4b,0x0f,0x1e,
4135                  0x00,0x00,0x00,
4136                  0x00,0x00,0x30,
4137                  
4138                  //========Address -- (47),
4139                  0x00,0x00,0x00,
C51 COMPILER V8.12   TFONT_ARABIC                                                          09/16/2026 20:29:14 PAGE 68  

4140                  0x00,0x00,0x00,
4141                  0x00,0x00,0x00,
4142                  0x00,0x00,0x00,
4143                  0x00,0x00,0x01,
4144                  0x00,0x11,0x55,
4145                  0x0f,0x1e,0x5a,
4146                  0x00,0x00,0x00,
4147                  0x80,0x00,0x00,
4148                  
4149                  //========Address -- (48),
4150                  0x00,0x00,0x00,
4151                  0x00,0x00,0x00,
4152                  0x00,0x00,0x02,
4153                  0x00,0x00,0x22,
4154                  0x00,0x00,0x22,
4155                  0x00,0x00,0x22,
4156                  0x0f,0x0f,0x2c,
4157                  0x00,0x00,0x00,
4158                  0x00,0x00,0x00,
4159                  
4160                  //========Address -- (49),
4161                  0x00,0x00,0x00,
4162                  0x00,0x00,0x00,
4163                  0x00,0x08,0x00,
4164                  0x00,0x88,0x00,
4165                  0x00,0x88,0x00,
4166                  0x00,0x88,0x00,
4167                  0x00,0x88,0x00,
4168                  0x00,0x00,0x00,
4169                  0x00,0x00,0x00,
4170                  
4171                  //========Address -- (4a),
4172                  0x00,0x00,0x00,
4173                  0x00,0x00,0x00,
4174                  0x00,0x00,0x00,
4175                  0x00,0x00,0x00,
4176                  0x00,0x00,0x00,
4177                  0x00,0x00,0x11,
4178                  0x00,0x00,0x00,
4179                  0x00,0x00,0x00,
4180                  0x00,0x00,0x00,
4181                  
4182                  //========Address -- (4b),
4183                  0x00,0x00,0x00,
4184                  0x00,0x00,0x00,
4185                  0x07,0x00,0x10,
4186                  0x02,0x00,0x10,
4187                  0x2e,0x00,0x00,
4188                  0x2e,0x00,0x22,
4189                  0x21,0x0f,0x2d,
4190                  0x00,0x00,0x00,
4191                  0x00,0x00,0x00,
4192                  
4193                  //========Address -- (4c),
4194                  0x00,0x00,0x00,
4195                  0x00,0x00,0x00,
4196                  0x00,0x00,0x08,
4197                  0x80,0x00,0x88,
4198                  0x02,0x00,0x88,
4199                  0xaa,0x00,0x88,
4200                  0xa4,0x00,0x87,
4201                  0x00,0x00,0x00,
C51 COMPILER V8.12   TFONT_ARABIC                                                          09/16/2026 20:29:14 PAGE 69  

4202                  0x00,0x00,0x00,
4203                  
4204                  //========Address -- (4d),
4205                  0x00,0x00,0x00,
4206                  0x00,0x00,0x00,
4207                  0x00,0x10,0x00,
4208                  0x00,0x10,0x80,
4209                  0x00,0x00,0x02,
4210                  0x00,0x22,0xaa,
4211                  0x0f,0x2d,0xa4,
4212                  0x00,0x00,0x00,
4213                  0x00,0x00,0x00,
4214                  
4215                  //========Address -- (4e),
4216                  0x00,0x00,0x00,
4217                  0x00,0x00,0x00,
4218                  0x00,0x00,0x00,
4219                  0x00,0x08,0x00,
4220                  0x00,0x00,0x00,
4221                  0x04,0x11,0x00,
4222                  0x44,0x11,0x0f,
4223                  0x44,0x12,0x00,
4224                  0x30,0xc0,0x00,
4225                  
4226                  //========Address -- (4f),
4227                  0x00,0x00,0x00,
4228                  0x00,0x00,0x00,
4229                  0x00,0x00,0x00,
4230                  0x00,0x00,0x00,
4231                  0x01,0x00,0x00,
4232                  0x11,0x00,0x00,
4233                  0x1e,0x0f,0x0f,
4234                  0x00,0x00,0x00,
4235                  0x30,0x80,0x00,
4236                  
4237                  //========Address -- (50),
4238                  0x00,0x00,0x00,
4239                  0x00,0x00,0x00,
4240                  0x00,0x00,0x00,
4241                  0x00,0x00,0x00,
4242                  0x00,0x04,0x10,
4243                  0x00,0x44,0x00,
4244                  0x0f,0x48,0x47,
4245                  0x00,0x00,0x00,
4246                  0x30,0x80,0x00,
4247                  
4248                  //========Address -- (51),
4249                  0x00,0x00,0x00,
4250                  0x00,0x00,0x00,
4251                  0x00,0x00,0x08,
4252                  0x00,0x00,0x88,
4253                  0x08,0x00,0x88,
4254                  0x44,0x00,0x88,
4255                  0x48,0x00,0x87,
4256                  0x00,0x00,0x00,
4257                  0x00,0x00,0x00,
4258                  
4259                  //========Address -- (52),
4260                  0x00,0x00,0x00,
4261                  0x00,0x00,0x00,
4262                  0x00,0x00,0x00,
4263                  0x00,0x00,0x00,
C51 COMPILER V8.12   TFONT_ARABIC                                                          09/16/2026 20:29:14 PAGE 70  

4264                  0x00,0x03,0x0c,
4265                  0x00,0x21,0x48,
4266                  0x0f,0x2c,0x87,
4267                  0x00,0x00,0x00,
4268                  0x00,0x00,0x00,
4269                  
4270                  //========Address -- (53),
4271                  0x00,0x00,0x00,
4272                  0x00,0x00,0x00,
4273                  0x00,0x00,0x08,
4274                  0x00,0x00,0x88,
4275                  0x00,0x00,0x88,
4276                  0x00,0x00,0x88,
4277                  0x0f,0x0f,0x80,
4278                  0x00,0x00,0x00,
4279                  0x00,0x00,0x00,
4280                  
4281                  //========Address -- (54),
4282                  0x00,0x00,0x00,
4283                  0x00,0x00,0x00,
4284                  0x02,0x00,0x00,
4285                  0x22,0x00,0x00,
4286                  0x22,0x00,0x00,
4287                  0x22,0x00,0x00,
4288                  0x22,0x00,0x00,
4289                  0x00,0x00,0x00,
4290                  0x00,0x00,0x00,
4291                  
4292                  
4293          
4294          
4295          
4296          };
4297          
4298          
4299          
4300          BYTE GetStringPropExtend_ARABIC(DWORD index)
4301          {
4302   1              if(index>=(0x100*27))
4303   1              {
4304   2                      index-=(0x100*27);
4305   2                      return  tFONT_ARABIC1[index];
4306   2              }
4307   1              else
4308   1                      return  tFONT_ARABIC[index];
4309   1              
4310   1      }
4311          #endif
4312          
4313          
4314          


MODULE INFORMATION:   STATIC OVERLAYABLE
   CODE SIZE        =    102    ----
   CONSTANT SIZE    =  10503    ----
   XDATA SIZE       =   ----       4
   PDATA SIZE       =   ----    ----
   DATA SIZE        =   ----    ----
   IDATA SIZE       =   ----    ----
   BIT SIZE         =   ----    ----
END OF MODULE INFORMATION.

C51 COMPILER V8.12   TFONT_ARABIC                                                          09/16/2026 20:29:14 PAGE 71  


C51 COMPILATION COMPLETE.  0 WARNING(S),  0 ERROR(S)
