C51 COMPILER V9.60.0.0   TFONT_ENGLISH                                                     09/24/2026 09:31:48 PAGE 1   


C51 COMPILER V9.60.0.0, COMPILATION OF MODULE TFONT_ENGLISH
OBJECT MODULE PLACED IN .\Output\RL6432_Project\TFONT_ENGLISH.obj
COMPILER INVOKED BY: C:\Keil_v5\C51\BIN\C51.EXE User\RTD Series\RTD2014Osd\Code\TFONT_ENGLISH.c LARGE OPTIMIZE(9,SPEED) 
                    -INCDIR(.\Output\RL6432;.\Project\Header;.\Pcb;.\Panel;.\Kernel\Device\Header;.\Kernel\Common;.\Kernel\System\Header;.\Ke
                    -rnel\Scaler\ScalerFunction\Header;.\Kernel\Scaler\ScalerCommonFunction\Header;.\Kernel\Scaler\ScalerFunction\Lib\Header;
                    -.\Kernel\Scaler\ScalerCommonFunction\Lib\Header;.\Kernel\Scaler\RL6432_Series_Scaler\Header;.\Kernel\Scaler\RL6432_Serie
                    -s_Common\Header;.\Kernel\Scaler\RL6432_Series_Scaler\Lib\Header;.\Kernel\Scaler\RL6432_Series_Common\Lib\Header;.\Kernel
                    -\User Common Function\Header;.\User\RTD Series\RTD2014Function\Header;.\User\RTD Series\RTD2014Osd\Header;.\User\RTD Fac
                    -tory\Header;.\User\None Series\NoneFunction\Header;.\User\None Series\NoneOsd\Header;.\User\None Factory\Header) DEFINE(
                    -_PROJECT=_RL6432_PROJECT,_SCALER_TYPE=_RL6432_SERIES) DEBUG OBJECTEXTEND PRINT(.\Output\RL6432_Project\TFONT_ENGLISH.lst
                    -) TABS(2) OBJECT(.\Output\RL6432_Project\TFONT_ENGLISH.obj)

line level    source

   1          //////////////////////////////////////////////////////////////////////////////////////////////////////////
             -///////
   2          /*
   3          //RL6851_Project_Link.lin
   4          ;;==============================================
   5          ;; Global setting
   6          ;;==============================================
   7          ;@INCLUDE("Kernel\Link\RL6851_Link.lin")
   8          
   9          BANKAREA(0x0000, 0xFFFF)
  10          PRINT(".\Output\RL6851_Project.m51")
  11          
  12          ;;==============================================
  13          ;; User autolink setting
  14          ;;==============================================
  15          ;@if(_DUAL_BANK_SUPPORT == _ON)
  16            ;@if((_DUAL_BANK_TYPE != _DUAL_BANK_FLASH_PARTITION) && (_DUAL_BANK_TYPE != _DUAL_BANK_FLASH_PARTITION_US
             -ER_FLAG_MODE))
  17              ;@BANK0(SYSMAIN)
  18              ;@FUNC(?PR?SYSMAINSTARTUSERCODE?SYSMAIN, 0x4000)
  19              ;@BANK_LIMIT(_DUAL_BANK_USER_FW_CODE_SIZE)
  20            ;@else
  21              ;@if(_DUAL_BANK_FLASH_PARTITION_BOOT_USER_SEL == _DUAL_BANK_FLASH_PARTITION_USER)
  22                ;@BANK0(SYSMAIN)
  23                ;@FUNC(?PR?SYSMAINSTARTUSERCODE?SYSMAIN, 0x4000)
  24                ;@BANK_LIMIT(_DUAL_BANK_USER_FW_CODE_SIZE)
  25              ;@else
  26                ;@BANK0(USERCOMMONDUALBANKPROCESS)
  27                  ;@FUNC(?PR?USERCOMMONDUALBANKPROCESSRUNUSERCODE?USERCOMMONDUALBANKPROCESS, 0x4000)
  28                  ;@BANK_LIMIT(_DUAL_BANK_USER_FW_START_BANK)
  29                ;@endif
  30            ;@endif
  31          ;@endif
  32              ;@BANK0()
  33              ;@BANK1()
  34              ;@BANK2()
  35              ;@BANK3()
  36              ;@BANK4()
  37              ;@BANK5(tFONT_VIETNAMESE,tFONT_KOREAN,tFONT_JAPANESE,tFONT_HEBREW,TFONT_ENGLISH,tFONT_Energy,tFONT_CHINE
             -SE_S,tFONT_CHINESE_F,tFONT_ARABIC)
  38              ;@BANK6()
  39              ;@BANK7()
  40          ;;==============================================
  41          ;; Non-autolink setting
  42          ;;==============================================
  43          
  44          其它如遇keil编译芯片不亮也可参考
C51 COMPILER V9.60.0.0   TFONT_ENGLISH                                                     09/24/2026 09:31:48 PAGE 2   

  45          
  46          */
  47          //////////////////////////////////////////////////////////////////////////////////////////////////////////
             -///////
  48          
  49          #include "UserCommonInclude.h"
  50          #if _MEW_FONT
  51          
  52          #if(_MC_EUROPE)
              //原本的 "+" 更换为 "?"
              BYTE code tFONT_ENGLISH[]=
              {
                //========Address -- (00),
                0x00,0x00,0x00,
                0x00,0x00,0x00,
                0x00,0x00,0x00,
                0x00,0x00,0x00,
                0x00,0x00,0x00,
                0x00,0x00,0x00,
                0x00,0x00,0x00,
                0x00,0x00,0x00,
                0x00,0x00,0x00,
                
                //========Address -- (01),
                0x00,0x00,0x00,
                0x00,0x00,0x00,
                0x01,0xe1,0x00,
                0x22,0x00,0x88,
                0x22,0x00,0x88,
                0x22,0x00,0x88,
                0x10,0x1e,0x00,
                0x00,0x00,0x00,
                0x00,0x00,0x00,
                
                //========Address -- (02),
                0x00,0x00,0x00,
                0x00,0x00,0x00,
                0x01,0x4c,0x00,
                0x00,0x44,0x00,
                0x00,0x44,0x00,
                0x00,0x44,0x00,
                0x01,0x4f,0x00,
                0x00,0x00,0x00,
                0x00,0x00,0x00,
                
                //========Address -- (03),
                0x00,0x00,0x00,
                0x00,0x00,0x00,
                0x12,0xf0,0x08,
                0x00,0x00,0x88,
                0x00,0x16,0x00,
                0x01,0x80,0x00,
                0x23,0x0f,0x08,
                0x00,0x00,0x00,
                0x00,0x00,0x00,
                
                //========Address -- (04),
                0x00,0x00,0x00,
                0x00,0x00,0x00,
                0x12,0xf0,0x08,
                0x00,0x01,0x80,
                0x00,0xe1,0x00,
C51 COMPILER V9.60.0.0   TFONT_ENGLISH                                                     09/24/2026 09:31:48 PAGE 3   

                0x00,0x00,0x88,
                0x21,0x1e,0x00,
                0x00,0x00,0x00,
                0x00,0x00,0x00,
                
                //========Address -- (05),
                0x00,0x00,0x00,
                0x00,0x00,0x00,
                0x00,0x13,0x00,
                0x00,0x59,0x00,
                0x12,0x11,0x00,
                0x30,0xf1,0xc0,
                0x00,0x11,0x00,
                0x00,0x00,0x00,
                0x00,0x00,0x00,
                
                //========Address -- (06),
                0x00,0x00,0x00,
                0x00,0x00,0x00,
                0x32,0xf0,0x80,
                0x22,0x00,0x00,
                0x30,0xe1,0x00,
                0x00,0x00,0x88,
                0x21,0x1e,0x00,
                0x00,0x00,0x00,
                0x00,0x00,0x00,
                
                //========Address -- (07),
                0x00,0x00,0x00,
                0x00,0x00,0x00,
                0x01,0x78,0x00,
                0x12,0x00,0x00,
                0x32,0xe1,0x00,
                0x22,0x00,0x88,
                0x10,0x1e,0x00,
                0x00,0x00,0x00,
                0x00,0x00,0x00,
                
                //========Address -- (08),
                0x00,0x00,0x00,
                0x00,0x00,0x00,
                0x30,0xf0,0x88,
                0x00,0x11,0x00,
                0x00,0x22,0x00,
                0x00,0x48,0x00,
                0x01,0x80,0x00,
                0x00,0x00,0x00,
                0x00,0x00,0x00,
                
                //========Address -- (09),
                0x00,0x00,0x00,
                0x00,0x00,0x00,
                0x12,0xf0,0x08,
                0x22,0x00,0x88,
                0x12,0xf0,0x08,
                0x22,0x00,0x88,
                0x21,0x0f,0x80,
                0x00,0x00,0x00,
                0x00,0x00,0x00,
                
                //========Address -- (0a),
                0x00,0x00,0x00,
C51 COMPILER V9.60.0.0   TFONT_ENGLISH                                                     09/24/2026 09:31:48 PAGE 4   

                0x00,0x00,0x00,
                0x01,0xe1,0x00,
                0x22,0x00,0x88,
                0x10,0x0f,0x88,
                0x00,0x01,0x80,
                0x01,0x3c,0x00,
                0x00,0x00,0x00,
                0x00,0x00,0x00,
                
                //========Address -- (0b),
                0x00,0x00,0x00,
                0x00,0x00,0x00,
                0x01,0xc2,0x00,
                0x12,0x21,0x00,
                0x22,0x11,0x00,
                0x74,0xf0,0x88,
                0x88,0x00,0x44,
                0x00,0x00,0x00,
                0x00,0x00,0x00,
                
                //========Address -- (0c),
                0x00,0x00,0x00,
                0x00,0x00,0x00,
                0xf8,0xc2,0x00,
                0x88,0x22,0x00,
                0xf8,0xc2,0x00,
                0x88,0x11,0x00,
                0x8f,0x2c,0x00,
                0x00,0x00,0x00,
                0x00,0x00,0x00,
                
                //========Address -- (0d),
                0x00,0x00,0x00,
                0x00,0x00,0x00,
                0x16,0xe1,0x00,
                0x48,0x00,0x00,
                0x88,0x00,0x00,
                0x84,0x00,0x00,
                0x61,0x1e,0x00,
                0x00,0x00,0x00,
                0x00,0x00,0x00,
                
                //========Address -- (0e),
                0x00,0x00,0x00,
                0x00,0x00,0x00,
                0xf8,0xc3,0x00,
                0x88,0x10,0x08,
                0x88,0x00,0x88,
                0x88,0x01,0x80,
                0x8f,0x3c,0x00,
                0x00,0x00,0x00,
                0x00,0x00,0x00,
                
                //========Address -- (0f),
                0x00,0x00,0x00,
                0x00,0x00,0x00,
                0xf8,0xe0,0x00,
                0x88,0x00,0x00,
                0xf8,0xe0,0x00,
                0x88,0x00,0x00,
                0x8f,0x0e,0x00,
                0x00,0x00,0x00,
C51 COMPILER V9.60.0.0   TFONT_ENGLISH                                                     09/24/2026 09:31:48 PAGE 5   

                0x00,0x00,0x00,
                
                //========Address -- (10),
                0x00,0x00,0x00,
                0x00,0x00,0x00,
                0xf8,0xe0,0x00,
                0x88,0x00,0x00,
                0xf8,0xc0,0x00,
                0x88,0x00,0x00,
                0x88,0x00,0x00,
                0x00,0x00,0x00,
                0x00,0x00,0x00,
                
                //========Address -- (11),
                0x00,0x00,0x00,
                0x00,0x00,0x00,
                0x16,0xe1,0x08,
                0x48,0x00,0x80,
                0x88,0x07,0x08,
                0x84,0x00,0x88,
                0x61,0x0f,0x80,
                0x00,0x00,0x00,
                0x00,0x00,0x00,
                
                //========Address -- (12),
                0x00,0x00,0x00,
                0x00,0x00,0x00,
                0x88,0x11,0x00,
                0x88,0x11,0x00,
                0xf8,0xf1,0x00,
                0x88,0x11,0x00,
                0x88,0x11,0x00,
                0x00,0x00,0x00,
                0x00,0x00,0x00,
                
                //========Address -- (13),
                0x00,0x00,0x00,
                0x00,0x00,0x00,
                0xe4,0x00,0x00,
                0x44,0x00,0x00,
                0x44,0x00,0x00,
                0x44,0x00,0x00,
                0x4e,0x00,0x00,
                0x00,0x00,0x00,
                0x00,0x00,0x00,
                
                //========Address -- (14),
                0x00,0x00,0x00,
                0x00,0x00,0x00,
                0x30,0x88,0x00,
                0x00,0x88,0x00,
                0x00,0x88,0x00,
                0x00,0x88,0x00,
                0x0f,0x80,0x00,
                0x00,0x00,0x00,
                0x00,0x00,0x00,
                
                //========Address -- (15),
                0x00,0x00,0x00,
                0x00,0x00,0x00,
                0x88,0x24,0x00,
                0x89,0x80,0x00,
C51 COMPILER V9.60.0.0   TFONT_ENGLISH                                                     09/24/2026 09:31:48 PAGE 6   

                0xad,0x00,0x00,
                0x88,0x84,0x00,
                0x88,0x21,0x00,
                0x00,0x00,0x00,
                0x00,0x00,0x00,
                
                //========Address -- (16),
                0x00,0x00,0x00,
                0x00,0x00,0x00,
                0x88,0x00,0x00,
                0x88,0x00,0x00,
                0x88,0x00,0x00,
                0x88,0x00,0x00,
                0x8f,0x0e,0x00,
                0x00,0x00,0x00,
                0x00,0x00,0x00,
                
                //========Address -- (17),
                0x00,0x00,0x00,
                0x00,0x00,0x00,
                0xcc,0x11,0x88,
                0xaa,0x22,0x88,
                0x99,0x44,0x88,
                0x88,0x88,0x88,
                0x88,0x00,0x88,
                0x00,0x00,0x00,
                0x00,0x00,0x00,
                
                //========Address -- (18),
                0x00,0x00,0x00,
                0x00,0x00,0x00,
                0xcc,0x11,0x00,
                0xa9,0x11,0x00,
                0x98,0x19,0x00,
                0x88,0x95,0x00,
                0x88,0x33,0x00,
                0x00,0x00,0x00,
                0x00,0x00,0x00,
                
                //========Address -- (19),
                0x00,0x00,0x00,
                0x00,0x00,0x00,
                0x16,0xc3,0x00,
                0x48,0x10,0x08,
                0x88,0x00,0x88,
                0x84,0x01,0x80,
                0x61,0x3c,0x00,
                0x00,0x00,0x00,
                0x00,0x00,0x00,
                
                //========Address -- (1a),
                0x00,0x00,0x00,
                0x00,0x00,0x00,
                0xf8,0x84,0x00,
                0x88,0x22,0x00,
                0x8f,0x48,0x00,
                0x88,0x00,0x00,
                0x88,0x00,0x00,
                0x00,0x00,0x00,
                0x00,0x00,0x00,
                
                //========Address -- (1b),
C51 COMPILER V9.60.0.0   TFONT_ENGLISH                                                     09/24/2026 09:31:48 PAGE 7   

                0x00,0x00,0x00,
                0x00,0x00,0x00,
                0x34,0xc2,0x00,
                0x88,0x11,0x00,
                0x88,0x11,0x00,
                0x84,0x12,0x00,
                0x30,0xc4,0x00,
                0x00,0x30,0x00,
                0x00,0x00,0x00,
                
                //========Address -- (1c),
                0x00,0x00,0x00,
                0x00,0x00,0x00,
                0xf8,0x84,0x00,
                0x88,0x44,0x00,
                0x8f,0x80,0x00,
                0x98,0x08,0x00,
                0x88,0x42,0x00,
                0x00,0x00,0x00,
                0x00,0x00,0x00,
                
                //========Address -- (1d),
                0x00,0x00,0x00,
                0x00,0x00,0x00,
                0x34,0xe1,0x00,
                0x88,0x00,0x00,
                0x70,0x0e,0x00,
                0x08,0x11,0x00,
                0x43,0x2c,0x00,
                0x00,0x00,0x00,
                0x00,0x00,0x00,
                
                //========Address -- (1e),
                0x00,0x00,0x00,
                0x00,0x00,0x00,
                0xf0,0xf8,0x80,
                0x00,0x88,0x00,
                0x00,0x88,0x00,
                0x00,0x88,0x00,
                0x00,0x88,0x00,
                0x00,0x00,0x00,
                0x00,0x00,0x00,
                
                //========Address -- (1f),
                0x00,0x00,0x00,
                0x00,0x00,0x00,
                0x88,0x11,0x00,
                0x88,0x11,0x00,
                0x88,0x11,0x00,
                0x88,0x11,0x00,
                0x43,0x2c,0x00,
                0x00,0x00,0x00,
                0x00,0x00,0x00,
                
                //========Address -- (20),
                0x00,0x00,0x00,
                0x00,0x00,0x00,
                0x88,0x00,0x44,
                0x44,0x00,0x88,
                0x22,0x11,0x00,
                0x21,0x12,0x00,
                0x10,0x2c,0x00,
C51 COMPILER V9.60.0.0   TFONT_ENGLISH                                                     09/24/2026 09:31:48 PAGE 8   

                0x00,0x00,0x00,
                0x00,0x00,0x00,
                
                //========Address -- (21),
                0x00,0x00,0x00,
                0x00,0x00,0x00,
                0x88,0x44,0x22,
                0x88,0xaa,0x22,
                0x45,0xa1,0x44,
                0x52,0x10,0x48,
                0x20,0x00,0x80,
                0x00,0x00,0x00,
                0x00,0x00,0x00,
                
                //========Address -- (22),
                0x00,0x00,0x00,
                0x00,0x00,0x00,
                0x84,0x12,0x00,
                0x22,0x44,0x00,
                0x11,0x88,0x00,
                0x22,0x44,0x00,
                0x48,0x21,0x00,
                0x00,0x00,0x00,
                0x00,0x00,0x00,
                
                //========Address -- (23),
                0x00,0x00,0x00,
                0x00,0x00,0x00,
                0x84,0x01,0x80,
                0x22,0x22,0x00,
                0x10,0x48,0x00,
                0x00,0x88,0x00,
                0x00,0x88,0x00,
                0x00,0x00,0x00,
                0x00,0x00,0x00,
                
                //========Address -- (24),
                0x00,0x00,0x00,
                0x00,0x00,0x00,
                0xf0,0xf1,0x00,
                0x00,0x24,0x00,
                0x01,0x80,0x00,
                0x24,0x00,0x00,
                0x8f,0x0f,0x00,
                0x00,0x00,0x00,
                0x00,0x00,0x00,
                
                //========Address -- (25),
                0x00,0x00,0x00,
                0x00,0x00,0x00,
                0x00,0x00,0x00,
                0x34,0x84,0x00,
                0x07,0x4c,0x00,
                0x88,0x44,0x00,
                0x87,0xc4,0x00,
                0x00,0x00,0x00,
                0x00,0x00,0x00,
                
                //========Address -- (26),
                0x00,0x00,0x00,
                0x08,0x00,0x00,
                0x88,0x00,0x00,
C51 COMPILER V9.60.0.0   TFONT_ENGLISH                                                     09/24/2026 09:31:48 PAGE 9   

                0xbc,0x84,0x00,
                0x88,0x22,0x00,
                0x88,0x22,0x00,
                0x8f,0x48,0x00,
                0x00,0x00,0x00,
                0x00,0x00,0x00,
                
                //========Address -- (27),
                0x00,0x00,0x00,
                0x00,0x00,0x00,
                0x00,0x00,0x00,
                0x34,0x84,0x00,
                0x88,0x00,0x00,
                0x88,0x00,0x00,
                0x43,0x48,0x00,
                0x00,0x00,0x00,
                0x00,0x00,0x00,
                
                //========Address -- (28),
                0x00,0x00,0x00,
                0x00,0x02,0x00,
                0x00,0x22,0x00,
                0x34,0xe2,0x00,
                0x88,0x22,0x00,
                0x88,0x22,0x00,
                0x43,0x6a,0x00,
                0x00,0x00,0x00,
                0x00,0x00,0x00,
                
                //========Address -- (29),
                0x00,0x00,0x00,
                0x00,0x00,0x00,
                0x00,0x00,0x00,
                0x34,0x08,0x00,
                0x8f,0x4c,0x00,
                0x88,0x00,0x00,
                0x43,0x48,0x00,
                0x00,0x00,0x00,
                0x00,0x00,0x00,
                
                //========Address -- (2a),
                0x00,0x00,0x00,
                0x00,0x00,0x00,
                0x34,0x80,0x00,
                0x4f,0x08,0x00,
                0x44,0x00,0x00,
                0x44,0x00,0x00,
                0x44,0x00,0x00,
                0x00,0x00,0x00,
                0x00,0x00,0x00,
                
                //========Address -- (2b),
                0x00,0x00,0x00,
                0x00,0x00,0x00,
                0x00,0x00,0x00,
                0x34,0xe2,0x00,
                0x88,0x22,0x00,
                0x88,0x22,0x00,
                0x43,0x6a,0x00,
                0x04,0x24,0x00,
                0x30,0x80,0x00,
                
C51 COMPILER V9.60.0.0   TFONT_ENGLISH                                                     09/24/2026 09:31:48 PAGE 10  

                //========Address -- (2c),
                0x00,0x00,0x00,
                0x08,0x00,0x00,
                0x88,0x00,0x00,
                0xbc,0xc2,0x00,
                0x88,0x22,0x00,
                0x88,0x22,0x00,
                0x88,0x22,0x00,
                0x00,0x00,0x00,
                0x00,0x00,0x00,
                
                //========Address -- (2d),
                0x00,0x00,0x00,
                0x00,0x00,0x00,
                0x80,0x00,0x00,
                0x88,0x00,0x00,
                0x88,0x00,0x00,
                0x88,0x00,0x00,
                0x88,0x00,0x00,
                0x00,0x00,0x00,
                0x00,0x00,0x00,
                
                //========Address -- (2e),
                0x00,0x00,0x00,
                0x00,0x00,0x00,
                0x10,0x00,0x00,
                0x71,0x00,0x00,
                0x11,0x00,0x00,
                0x11,0x00,0x00,
                0x11,0x00,0x00,
                0xe0,0x00,0x00,
                0x00,0x00,0x00,
                
                //========Address -- (2f),
                0x00,0x00,0x00,
                0x00,0x00,0x00,
                0x88,0x00,0x00,
                0x88,0x48,0x00,
                0x9a,0x00,0x00,
                0xe9,0x00,0x00,
                0x88,0x84,0x00,
                0x00,0x00,0x00,
                0x00,0x00,0x00,
                
                //========Address -- (30),
                0x00,0x00,0x00,
                0x08,0x00,0x00,
                0x88,0x00,0x00,
                0x88,0x00,0x00,
                0x88,0x00,0x00,
                0x88,0x00,0x00,
                0x88,0x00,0x00,
                0x00,0x00,0x00,
                0x00,0x00,0x00,
                
                //========Address -- (31),
                0x00,0x00,0x00,
                0x00,0x00,0x00,
                0x00,0x00,0x00,
                0xbc,0x96,0xc2,
                0x88,0x44,0x22,
                0x88,0x44,0x22,
C51 COMPILER V9.60.0.0   TFONT_ENGLISH                                                     09/24/2026 09:31:48 PAGE 11  

                0x88,0x44,0x22,
                0x00,0x00,0x00,
                0x00,0x00,0x00,
                
                //========Address -- (32),
                0x00,0x00,0x00,
                0x00,0x00,0x00,
                0x00,0x00,0x00,
                0xbc,0xc2,0x00,
                0x88,0x22,0x00,
                0x88,0x22,0x00,
                0x88,0x22,0x00,
                0x00,0x00,0x00,
                0x00,0x00,0x00,
                
                //========Address -- (33),
                0x00,0x00,0x00,
                0x00,0x00,0x00,
                0x00,0x00,0x00,
                0x34,0x84,0x00,
                0x88,0x22,0x00,
                0x88,0x22,0x00,
                0x43,0x48,0x00,
                0x00,0x00,0x00,
                0x00,0x00,0x00,
                
                //========Address -- (34),
                0x00,0x00,0x00,
                0x00,0x00,0x00,
                0x00,0x00,0x00,
                0xbc,0x84,0x00,
                0x88,0x22,0x00,
                0x88,0x22,0x00,
                0x8f,0x48,0x00,
                0x88,0x00,0x00,
                0x80,0x00,0x00,
                
                //========Address -- (35),
                0x00,0x00,0x00,
                0x00,0x00,0x00,
                0x00,0x00,0x00,
                0x34,0xe2,0x00,
                0x88,0x22,0x00,
                0x88,0x22,0x00,
                0x43,0x6a,0x00,
                0x00,0x22,0x00,
                0x00,0x20,0x00,
                
                //========Address -- (36),
                0x00,0x00,0x00,
                0x00,0x00,0x00,
                0x00,0x00,0x00,
                0xbc,0x80,0x00,
                0x88,0x00,0x00,
                0x88,0x00,0x00,
                0x88,0x00,0x00,
                0x00,0x00,0x00,
                0x00,0x00,0x00,
                
                //========Address -- (37),
                0x00,0x00,0x00,
                0x00,0x00,0x00,
C51 COMPILER V9.60.0.0   TFONT_ENGLISH                                                     09/24/2026 09:31:48 PAGE 12  

                0x00,0x00,0x00,
                0x78,0x84,0x00,
                0x86,0x00,0x00,
                0x10,0x84,0x00,
                0x87,0x48,0x00,
                0x00,0x00,0x00,
                0x00,0x00,0x00,
                
                //========Address -- (38),
                0x00,0x00,0x00,
                0x00,0x00,0x00,
                0x44,0x00,0x00,
                0xf4,0x80,0x00,
                0x44,0x00,0x00,
                0x44,0x00,0x00,
                0x43,0x08,0x00,
                0x00,0x00,0x00,
                0x00,0x00,0x00,
                
                //========Address -- (39),
                0x00,0x00,0x00,
                0x00,0x00,0x00,
                0x00,0x00,0x00,
                0x88,0x22,0x00,
                0x88,0x22,0x00,
                0x88,0x22,0x00,
                0x87,0x6a,0x00,
                0x00,0x00,0x00,
                0x00,0x00,0x00,
                
                //========Address -- (3a),
                0x00,0x00,0x00,
                0x00,0x00,0x00,
                0x00,0x00,0x00,
                0x88,0x44,0x00,
                0x44,0x88,0x00,
                0x43,0x80,0x00,
                0x33,0x00,0x00,
                0x00,0x00,0x00,
                0x00,0x00,0x00,
                
                //========Address -- (3b),
                0x00,0x00,0x00,
                0x00,0x00,0x00,
                0x00,0x00,0x00,
                0x88,0x88,0x88,
                0x55,0x55,0x00,
                0x55,0x55,0x00,
                0x22,0x22,0x00,
                0x00,0x00,0x00,
                0x00,0x00,0x00,
                
                //========Address -- (3c),
                0x00,0x00,0x00,
                0x00,0x00,0x00,
                0x00,0x00,0x00,
                0x84,0x24,0x00,
                0x21,0x80,0x00,
                0x12,0x08,0x00,
                0x48,0x42,0x00,
                0x00,0x00,0x00,
                0x00,0x00,0x00,
C51 COMPILER V9.60.0.0   TFONT_ENGLISH                                                     09/24/2026 09:31:48 PAGE 13  

                
                //========Address -- (3d),
                0x00,0x00,0x00,
                0x00,0x00,0x00,
                0x00,0x00,0x00,
                0x0c,0x03,0x00,
                0x42,0x24,0x00,
                0x22,0x48,0x00,
                0x11,0x80,0x00,
                0x1e,0x00,0x00,
                0x00,0x00,0x00,
                
                //========Address -- (3e),
                0x00,0x00,0x00,
                0x00,0x00,0x00,
                0x00,0x00,0x00,
                0xf0,0xc4,0x00,
                0x01,0x80,0x00,
                0x24,0x00,0x00,
                0x8f,0x0c,0x00,
                0x00,0x00,0x00,
                0x00,0x00,0x00,
                
                //========Address -- (3f),
                0x00,0x00,0x00,
                0x00,0x00,0x00,
                0x00,0x00,0x00,
                0x00,0x00,0x00,
                0x00,0x00,0x00,
                0x00,0x00,0x00,
                0x03,0x00,0x00,
                0x30,0x00,0x00,
                0x00,0x00,0x00,
                
                //========Address -- (40),
                0x00,0x00,0x00,
                0x00,0x00,0x00,
                0x00,0x00,0x00,
                0x00,0x06,0x00,
                0x00,0x60,0x00,
                0x00,0x00,0x00,
                0x00,0x06,0x00,
                0x00,0x60,0x00,
                0x00,0x00,0x00,
                
                //========Address -- (41),
                0x00,0x00,0x00,
                0x00,0x06,0x00,
                0x01,0x99,0x08,
                0x10,0x93,0x80,
                0x00,0x66,0x00,
                0x00,0x60,0x00,
                0x00,0x66,0x00,
                0x00,0x00,0x00,
                0x00,0x00,0x00,
                
                //========Address -- (42),
                0x00,0x00,0x00,
                0x00,0x11,0x88,
                0x00,0x33,0x00,
                0x00,0x66,0x00,
                0x00,0x6c,0x00,
C51 COMPILER V9.60.0.0   TFONT_ENGLISH                                                     09/24/2026 09:31:48 PAGE 14  

                0x00,0xcc,0x00,
                0x11,0x88,0x00,
                0x33,0x00,0x00,
                0x00,0x00,0x00,
                
                //========Address -- (43),
                0x00,0x00,0x00,
                0x00,0x00,0x00,
                0x00,0x00,0x13,
                0x00,0x00,0x7f,
                0x00,0x11,0xff,
                0x00,0x00,0xf7,
                0x00,0x00,0x31,
                0x00,0x00,0x00,
                0x00,0x00,0x00,
                
                //========Address -- (44),
                0x00,0x00,0x00,
                0x00,0x00,0x00,
                0x8c,0x00,0x00,
                0xef,0x00,0x00,
                0xff,0x88,0x00,
                0xfe,0x00,0x00,
                0xc8,0x00,0x00,
                0x00,0x00,0x00,
                0x00,0x00,0x00,
                
                //========Address -- (45),
                0x00,0x00,0x00,
                0x00,0x00,0x00,
                0x00,0x00,0x00,
                0x00,0x00,0x00,
                0x00,0xff,0x00,
                0x00,0x00,0x00,
                0x00,0x00,0x00,
                0x00,0x00,0x00,
                0x00,0x00,0x00,
                
                //========Address -- (46),
                0x00,0x00,0x00,
                0x04,0x08,0x00,
                0x30,0x00,0x00,
                0x34,0x08,0x00,
                0x8f,0x4c,0x00,
                0x88,0x00,0x00,
                0x43,0x48,0x00,
                0x00,0x00,0x00,
                0x00,0x00,0x00,
                
                //========Address -- (47),
                0x00,0x00,0x00,
                0x00,0x00,0x00,
                0x03,0x4f,0x00,
                0x48,0x44,0x84,
                0x88,0x44,0x44,
                0x84,0x44,0x48,
                0x30,0xf4,0x00,
                0x00,0x40,0x00,
                0x00,0x00,0x00,
                
                //========Address -- (48),
                0x00,0x00,0x00,
C51 COMPILER V9.60.0.0   TFONT_ENGLISH                                                     09/24/2026 09:31:48 PAGE 15  

                0x00,0x00,0x00,
                0x00,0x00,0x00,
                0x48,0x00,0x84,
                0x88,0x88,0x44,
                0x88,0x88,0x44,
                0xc7,0xc7,0xc8,
                0x00,0x00,0x00,
                0x00,0x00,0x00,
                
                //========Address -- (49),
                0x00,0x00,0x00,
                0x00,0x00,0x00,
                0x00,0x00,0x00,
                0x79,0xe0,0x00,
                0x11,0x00,0x00,
                0x11,0x00,0x00,
                0x10,0x0c,0x00,
                0x00,0x00,0x00,
                0x00,0x00,0x00,
                
                //========Address -- (4a),
                0x00,0x00,0x00,
                0x00,0x00,0x00,
                0x00,0x00,0x00,
                0x78,0x84,0x00,
                0x87,0x08,0x00,
                0xc8,0x00,0x00,
                0x87,0x48,0x00,
                0x00,0x00,0x00,
                0x00,0x00,0x00,
                
                //========Address -- (4b),
                0x00,0x00,0x00,
                0x00,0x00,0x00,
                0x00,0x00,0x00,
                0x88,0x00,0x00,
                0x88,0x00,0x00,
                0x88,0x00,0x00,
                0x86,0x00,0x00,
                0x00,0x00,0x00,
                0x00,0x00,0x00,
                
                //========Address -- (4c),
                0x00,0x00,0x00,
                0x00,0x00,0x00,
                0x00,0x00,0x00,
                0x84,0x22,0x00,
                0x44,0x22,0x00,
                0x22,0x44,0x00,
                0x21,0x80,0x00,
                0x00,0x00,0x00,
                0x00,0x00,0x00,
                
                //========Address -- (4d),
                0x00,0x00,0x00,
                0x01,0x88,0x00,
                0x10,0x00,0x00,
                0x34,0x84,0x00,
                0x88,0x22,0x00,
                0x88,0x22,0x00,
                0x43,0x48,0x00,
                0x00,0x00,0x00,
C51 COMPILER V9.60.0.0   TFONT_ENGLISH                                                     09/24/2026 09:31:48 PAGE 16  

                0x00,0x00,0x00,
                
                //========Address -- (4e),
                0x00,0x00,0x00,
                0x00,0x00,0x00,
                0x00,0x00,0x00,
                0xbc,0x8c,0x00,
                0x88,0x44,0x00,
                0x88,0x44,0x00,
                0x88,0x44,0x00,
                0x00,0x44,0x00,
                0x00,0x40,0x00,
                
                //========Address -- (4f),
                0x00,0x00,0x00,
                0x00,0x00,0x00,
                0x00,0x00,0x00,
                0x34,0x9e,0x00,
                0x88,0x66,0x00,
                0x88,0x66,0x00,
                0x47,0xa3,0x00,
                0x00,0x00,0x00,
                0x00,0x00,0x00,
                
                //========Address -- (50),
                0x00,0x00,0x00,
                0x01,0x88,0x00,
                0x10,0x00,0x00,
                0xc4,0x42,0x00,
                0x44,0x22,0x00,
                0x44,0x22,0x00,
                0x63,0x6c,0x00,
                0x00,0x00,0x00,
                0x00,0x00,0x00,
                
                //========Address -- (51),
                0x00,0x00,0x00,
                0x03,0x08,0x00,
                0x4c,0x42,0x00,
                0x88,0x22,0x00,
                0xf8,0xe2,0x00,
                0x88,0x22,0x00,
                0x43,0x48,0x00,
                0x00,0x00,0x00,
                0x00,0x00,0x00,
                
                //========Address -- (52),
                0x00,0x00,0x00,
                0x00,0x00,0x00,
                0x08,0x04,0x00,
                0x88,0x44,0x00,
                0x88,0x44,0x00,
                0x8c,0x4c,0x00,
                0xf8,0x40,0x00,
                0x88,0x00,0x00,
                0x00,0x00,0x00,
                
                //========Address -- (53),
                0x00,0x00,0x00,
                0x00,0x00,0x00,
                0x00,0x00,0x00,
                0x34,0xf4,0x00,
C51 COMPILER V9.60.0.0   TFONT_ENGLISH                                                     09/24/2026 09:31:48 PAGE 17  

                0x88,0x22,0x00,
                0x88,0x22,0x00,
                0x43,0x48,0x00,
                0x00,0x00,0x00,
                0x00,0x00,0x00,
                
                //========Address -- (54),
                0x00,0x00,0x00,
                0x00,0x00,0x00,
                0x00,0x00,0x00,
                0x89,0xc0,0x00,
                0xaa,0x00,0x00,
                0xf9,0x00,0x00,
                0x98,0x8c,0x00,
                0x00,0x00,0x00,
                0x00,0x00,0x00,
                
                //========Address -- (55),
                0x00,0x00,0x00,
                0x00,0x00,0x00,
                0x03,0x08,0x00,
                0x4c,0x40,0x00,
                0x88,0x00,0x00,
                0x8c,0x00,0x00,
                0x70,0x8c,0x00,
                0x00,0x40,0x00,
                0x00,0x00,0x00,
                
                //========Address -- (56),
                0x00,0x00,0x00,
                0x00,0x00,0x00,
                0x0c,0x06,0x00,
                0x62,0x4c,0x00,
                0x11,0x88,0x00,
                0x13,0x88,0x00,
                0x26,0xc4,0x00,
                0x48,0x63,0x00,
                0x00,0x00,0x00,
                
                //========Address -- (57),
                0x00,0x00,0x00,
                0x00,0x00,0x00,
                0x07,0x08,0x00,
                0x48,0x42,0x00,
                0x88,0x22,0x00,
                0x8c,0x24,0x00,
                0xb8,0x80,0x00,
                0x88,0x00,0x00,
                0x00,0x00,0x00,
                
                //========Address -- (58),
                0x00,0x00,0x00,
                0x00,0x26,0x00,
                0x00,0x40,0x00,
                0x48,0x00,0x84,
                0x88,0x88,0x44,
                0x88,0x88,0x44,
                0xc7,0xc7,0xc8,
                0x00,0x00,0x00,
                0x00,0x00,0x00,
                
                //========Address -- (59),
C51 COMPILER V9.60.0.0   TFONT_ENGLISH                                                     09/24/2026 09:31:48 PAGE 18  

                0x00,0x00,0x00,
                0x00,0x00,0x00,
                0x00,0x00,0x00,
                0xfa,0xf2,0x80,
                0x22,0x22,0x00,
                0x22,0x22,0x00,
                0x22,0x21,0x08,
                0x00,0x00,0x00,
                0x00,0x00,0x00,
                
                //========Address -- (5a),
                0x00,0x00,0x00,
                0x00,0x00,0x00,
                0x04,0x07,0x00,
                0xc8,0x98,0x08,
                0x88,0x88,0x88,
                0x84,0x89,0x80,
                0x30,0xe8,0x00,
                0x00,0x88,0x00,
                0x00,0x00,0x00,
                
                //========Address -- (5b),
                0x00,0x00,0x00,
                0x01,0x88,0x00,
                0x10,0x00,0x00,
                0x34,0x9e,0x00,
                0x88,0x66,0x00,
                0x88,0x66,0x00,
                0x47,0xa3,0x00,
                0x00,0x00,0x00,
                0x00,0x00,0x00,
                
                //========Address -- (5c),
                0x00,0x00,0x00,
                0x0f,0x0f,0x00,
                0x88,0x11,0x00,
                0x88,0x11,0x00,
                0x88,0x11,0x00,
                0x88,0x11,0x00,
                0x88,0x11,0x00,
                0x00,0x00,0x00,
                0x00,0x00,0x00,
                
                //========Address -- (5d),
                0x00,0x00,0x00,
                0x4c,0x00,0x00,
                0x80,0x00,0x00,
                0x88,0x00,0x00,
                0x88,0x00,0x00,
                0x88,0x00,0x00,
                0x86,0x00,0x00,
                0x00,0x00,0x00,
                0x00,0x00,0x00,
                
                //========Address -- (5e),
                0x00,0x00,0x00,
                0x00,0x0c,0x00,
                0x11,0xc4,0x00,
                0x13,0x22,0x00,
                0x22,0x21,0x00,
                0x44,0x11,0x00,
                0x48,0x00,0x88,
C51 COMPILER V9.60.0.0   TFONT_ENGLISH                                                     09/24/2026 09:31:48 PAGE 19  

                0x00,0x00,0x00,
                0x00,0x00,0x00,
                
                //========Address -- (5f),
                0x00,0x00,0x00,
                0x00,0x00,0x00,
                0x00,0x00,0x00,
                0xc4,0x42,0x00,
                0x44,0x22,0x00,
                0x44,0x22,0x00,
                0x63,0x6c,0x00,
                0x00,0x00,0x00,
                0x00,0x00,0x00,
                
                //========Address -- (60),
                0x00,0x00,0x00,
                0x00,0x00,0x00,
                0x0c,0x02,0x00,
                0x46,0x22,0x00,
                0x22,0x64,0x00,
                0x11,0xc8,0x00,
                0x11,0x00,0x00,
                0x11,0x00,0x00,
                0x00,0x00,0x00,
                
                //========Address -- (61),
                0x00,0x00,0x00,
                0x03,0x08,0x00,
                0x44,0x40,0x00,
                0x31,0x08,0x00,
                0x68,0x42,0x00,
                0x88,0x22,0x00,
                0xc7,0x48,0x00,
                0x00,0x00,0x00,
                0x00,0x00,0x00,
                
                //========Address -- (62),
                0x00,0x00,0x00,
                0x13,0x00,0x00,
                0x20,0x00,0x00,
                0x78,0x84,0x00,
                0x87,0x08,0x00,
                0xc8,0x00,0x00,
                0x87,0x48,0x00,
                0x00,0x00,0x00,
                0x00,0x00,0x00,
                
                //========Address -- (63),
                0x00,0x00,0x00,
                0x07,0x0c,0x00,
                0x01,0x80,0x00,
                0x24,0x00,0x00,
                0x48,0x00,0x00,
                0x88,0x00,0x00,
                0xc7,0x08,0x00,
                0x00,0x44,0x00,
                0x00,0x00,0x00,
                
                //========Address -- (64),
                0x00,0x00,0x00,
                0x03,0x0e,0x00,
                0x64,0x31,0x00,
C51 COMPILER V9.60.0.0   TFONT_ENGLISH                                                     09/24/2026 09:31:48 PAGE 20  

                0x88,0x00,0x88,
                0x98,0xc0,0x88,
                0x84,0x01,0x80,
                0x63,0x3e,0x00,
                0x00,0x00,0x00,
                0x00,0x00,0x00,
                
                //========Address -- (65),
                0x00,0x00,0x00,
                0x08,0x08,0x04,
                0x88,0x88,0x44,
                0x88,0x88,0x44,
                0x84,0x88,0x48,
                0x30,0xf8,0x00,
                0x00,0x88,0x00,
                0x00,0x00,0x00,
                0x00,0x00,0x00,
                
                //========Address -- (66),
                0x00,0x00,0x00,
                0x0f,0x0c,0x00,
                0x88,0x00,0x00,
                0x88,0x00,0x00,
                0x88,0x00,0x00,
                0x88,0x00,0x00,
                0x88,0x00,0x00,
                0x00,0x00,0x00,
                0x00,0x00,0x00,
                
                //========Address -- (67),
                0x00,0x00,0x00,
                0x00,0x04,0x00,
                0x00,0xea,0x00,
                0x11,0x11,0x00,
                0x22,0x00,0x88,
                0x44,0x00,0x44,
                0x8f,0x0f,0x2e,
                0x00,0x00,0x00,
                0x00,0x00,0x00,
                
                //========Address -- (68),
                0x00,0x00,0x00,
                0x05,0x0f,0x08,
                0xd9,0x00,0x00,
                0x11,0x00,0x00,
                0x11,0xf0,0x00,
                0x11,0x00,0x00,
                0x11,0x0f,0x08,
                0x00,0x00,0x00,
                0x00,0x00,0x00,
                
                //========Address -- (69),
                0x00,0x00,0x00,
                0x01,0x08,0x00,
                0x30,0x00,0x00,
                0x34,0x84,0x00,
                0x8f,0x4c,0x00,
                0x88,0x00,0x00,
                0x43,0x48,0x00,
                0x00,0x00,0x00,
                0x00,0x00,0x00,
                
C51 COMPILER V9.60.0.0   TFONT_ENGLISH                                                     09/24/2026 09:31:48 PAGE 21  

                //========Address -- (6a),
                0x00,0x00,0x00,
                0x01,0x08,0x00,
                0x30,0x00,0x00,
                0x34,0x84,0x00,
                0x03,0x4c,0x00,
                0xc8,0x44,0x00,
                0x87,0xc4,0x00,
                0x00,0x00,0x00,
                0x00,0x00,0x00,
                
                //========Address -- (6b),
                0x00,0x00,0x00,
                0x06,0x00,0x00,
                0xc0,0x00,0x00,
                0x88,0x00,0x00,
                0x88,0x00,0x00,
                0x88,0x00,0x00,
                0x88,0x00,0x00,
                0x00,0x00,0x00,
                0x00,0x00,0x00,
                
                //========Address -- (6c),
                0x00,0x00,0x00,
                0x06,0x0c,0x00,
                0x60,0xc0,0x00,
                0x34,0x84,0x00,
                0x88,0x22,0x00,
                0x88,0x22,0x00,
                0x43,0x48,0x00,
                0x00,0x00,0x00,
                0x00,0x00,0x00,
                
                //========Address -- (6d),
                0x00,0x00,0x00,
                0x06,0x0c,0x00,
                0x60,0xc0,0x00,
                0x88,0x44,0x00,
                0x88,0x44,0x00,
                0x88,0x44,0x00,
                0xc7,0xc4,0x00,
                0x00,0x00,0x00,
                0x00,0x00,0x00,
                
                //========Address -- (6e),
                0x00,0x00,0x00,
                0x06,0x0c,0x00,
                0x60,0xc0,0x00,
                0x34,0x84,0x00,
                0x03,0x4c,0x00,
                0xc8,0x44,0x00,
                0x87,0xc4,0x00,
                0x00,0x00,0x00,
                0x00,0x00,0x00,
                
                //========Address -- (6f),
                0x00,0x00,0x00,
                0x00,0x0c,0x00,
                0x10,0x80,0x00,
                0x34,0x84,0x00,
                0x88,0x22,0x00,
                0x88,0x22,0x00,
C51 COMPILER V9.60.0.0   TFONT_ENGLISH                                                     09/24/2026 09:31:48 PAGE 22  

                0x43,0x48,0x00,
                0x00,0x00,0x00,
                0x00,0x00,0x00,
                
                //========Address -- (70),
                0x00,0x0c,0x00,
                0x11,0x22,0x00,
                0x00,0xcc,0x00,
                0x11,0x22,0x00,
                0x22,0x11,0x00,
                0x74,0xf0,0x88,
                0x88,0x00,0x44,
                0x00,0x00,0x00,
                0x00,0x00,0x00,
                
                //========Address -- (71),
                0x00,0x00,0x00,
                0x00,0x00,0x00,
                0x00,0x00,0x00,
                0x88,0x00,0x00,
                0x88,0x00,0x00,
                0x88,0x00,0x00,
                0x88,0x00,0x00,
                0x00,0x00,0x00,
                0x00,0x00,0x00,
                
                //========Address -- (72),
                0x00,0x00,0x00,
                0x03,0x00,0x00,
                0x60,0x00,0x00,
                0x78,0x84,0x00,
                0x86,0x00,0x00,
                0x10,0x84,0x00,
                0x87,0x48,0x00,
                0x00,0x00,0x00,
                0x00,0x00,0x00,
                
                //========Address -- (73),
                0x00,0x00,0x00,
                0x01,0x08,0x00,
                0x30,0x00,0x00,
                0x34,0x84,0x00,
                0x88,0x00,0x00,
                0x88,0x00,0x00,
                0x43,0x48,0x00,
                0x00,0x00,0x00,
                0x00,0x00,0x00,
                
                //========Address -- (74),
                0x00,0x00,0x00,
                0x04,0x08,0x00,
                0x30,0x00,0x00,
                0x34,0x08,0x00,
                0x8f,0x4c,0x00,
                0x88,0x00,0x00,
                0x43,0x48,0x00,
                0x00,0x00,0x00,
                0x00,0x00,0x00,
                
                //========Address -- (75),
                0x00,0x00,0x00,
                0x01,0x02,0x00,
C51 COMPILER V9.60.0.0   TFONT_ENGLISH                                                     09/24/2026 09:31:48 PAGE 23  

                0x20,0x40,0x00,
                0x34,0x84,0x00,
                0x88,0x22,0x00,
                0x88,0x22,0x00,
                0x43,0x48,0x00,
                0x00,0x00,0x00,
                0x00,0x00,0x00,
                
                //========Address -- (76),
                0x06,0x06,0x00,
                0x60,0x60,0x00,
                0x16,0xc3,0x00,
                0x48,0x10,0x08,
                0x88,0x00,0x88,
                0x84,0x01,0x80,
                0x61,0x3c,0x00,
                0x00,0x00,0x00,
                0x00,0x00,0x00,
                
                //========Address -- (77),
                0x00,0x00,0x00,
                0x03,0x02,0x00,
                0x40,0xc0,0x00,
                0x34,0x84,0x00,
                0x07,0x4c,0x00,
                0x88,0x44,0x00,
                0x87,0xc4,0x00,
                0x00,0x00,0x00,
                0x00,0x00,0x00,
                
                //========Address -- (78),
                0x03,0x08,0x00,
                0x44,0x44,0x00,
                0x30,0x80,0x00,
                0x34,0x84,0x00,
                0x07,0x4c,0x00,
                0x88,0x44,0x00,
                0x87,0xc4,0x00,
                0x00,0x00,0x00,
                0x00,0x00,0x00,
                
                //========Address -- (79),
                0x00,0x00,0x00,
                0x07,0x00,0x00,
                0x11,0x08,0x00,
                0x01,0x88,0x00,
                0x13,0x44,0x00,
                0x24,0x22,0x00,
                0x48,0x21,0x00,
                0x00,0x00,0x00,
                0x00,0x00,0x00,
                
                //========Address -- (7a),
                0x00,0x00,0x00,
                0x00,0x00,0x00,
                0x00,0x00,0x00,
                0x78,0x84,0x00,
                0x86,0x00,0x00,
                0x10,0x84,0x00,
                0x87,0x48,0x00,
                0x11,0x00,0x00,
                0xe0,0x00,0x00,
C51 COMPILER V9.60.0.0   TFONT_ENGLISH                                                     09/24/2026 09:31:48 PAGE 24  

                
                //========Address -- (7b),
                0x00,0x00,0x00,
                0x04,0x00,0x00,
                0x44,0x00,0x00,
                0x44,0x00,0x00,
                0x6c,0x00,0x00,
                0x44,0x00,0x00,
                0x44,0x00,0x00,
                0x00,0x00,0x00,
                0x00,0x00,0x00,
                
                //========Address -- (7c),
                0x00,0x00,0x00,
                0x00,0x00,0x00,
                0x00,0x00,0x00,
                0x34,0x84,0x00,
                0x07,0x4c,0x00,
                0x88,0x44,0x00,
                0x87,0xc4,0x00,
                0x00,0x44,0x00,
                0x00,0x20,0x00,
                
                //========Address -- (7d),
                0x00,0x00,0x00,
                0x00,0x00,0x00,
                0x00,0x00,0x00,
                0x34,0x84,0x00,
                0x88,0x00,0x00,
                0x88,0x00,0x00,
                0x43,0x48,0x00,
                0x00,0x88,0x00,
                0x70,0x00,0x00,
                
                //========Address -- (7e),
                0x06,0x06,0x00,
                0x60,0x60,0x00,
                0x88,0x11,0x00,
                0x88,0x11,0x00,
                0x88,0x11,0x00,
                0x88,0x11,0x00,
                0x43,0x2c,0x00,
                0x00,0x00,0x00,
                0x00,0x00,0x00,
                
                //========Address -- (7f),
                0x00,0x00,0x00,
                0x00,0x08,0x00,
                0x10,0x00,0x00,
                0xbc,0xc2,0x00,
                0x88,0x22,0x00,
                0x88,0x22,0x00,
                0x88,0x22,0x00,
                0x00,0x00,0x00,
                0x00,0x00,0x00,
                
                //========Address -- (80),
                0x10,0x2c,0x00,
                0x00,0x00,0x00,
                0x16,0xe1,0x00,
                0x48,0x00,0x00,
                0x88,0x00,0x00,
C51 COMPILER V9.60.0.0   TFONT_ENGLISH                                                     09/24/2026 09:31:48 PAGE 25  

                0x84,0x00,0x00,
                0x61,0x1e,0x00,
                0x00,0x00,0x00,
                0x00,0x00,0x00,
                
                //========Address -- (81),
                0x00,0x00,0x00,
                0x01,0x08,0x00,
                0x30,0x00,0x00,
                0x88,0x44,0x00,
                0x44,0x88,0x00,
                0x43,0x80,0x00,
                0x33,0x00,0x00,
                0x22,0x00,0x00,
                0x40,0x00,0x00,
                
                //========Address -- (82),
                0x00,0x00,0x00,
                0x03,0x00,0x00,
                0x40,0x80,0x00,
                0x34,0x08,0x00,
                0x8f,0x4c,0x00,
                0x88,0x00,0x00,
                0x43,0x48,0x00,
                0x00,0x00,0x00,
                0x00,0x00,0x00,
                
                //========Address -- (83),
                0x03,0x08,0x00,
                0x44,0x44,0x00,
                0x30,0x80,0x00,
                0x88,0x22,0x00,
                0x88,0x22,0x00,
                0x88,0x22,0x00,
                0x87,0x6a,0x00,
                0x00,0x00,0x00,
                0x00,0x00,0x00,
                
                //========Address -- (84),
                0x00,0x6c,0x00,
                0x00,0x00,0x00,
                0x01,0xc2,0x00,
                0x12,0x21,0x00,
                0x22,0x11,0x00,
                0x74,0xf0,0x88,
                0x88,0x00,0x44,
                0x00,0x00,0x00,
                0x00,0x00,0x00,
                
                //========Address -- (85),
                0x00,0x00,0x00,
                0x00,0x00,0x00,
                0x34,0xe1,0x00,
                0x88,0x00,0x00,
                0x70,0x0e,0x00,
                0x08,0x11,0x00,
                0x43,0x2c,0x00,
                0x00,0x44,0x00,
                0x30,0x80,0x00,
                
                //========Address -- (86),
                0x00,0x00,0x00,
C51 COMPILER V9.60.0.0   TFONT_ENGLISH                                                     09/24/2026 09:31:48 PAGE 26  

                0x01,0x08,0x00,
                0x30,0x00,0x00,
                0xbc,0x8c,0x00,
                0x88,0x44,0x00,
                0x88,0x44,0x00,
                0x88,0x44,0x00,
                0x00,0x44,0x00,
                0x00,0x40,0x00,
                
                //========Address -- (87),
                0x03,0x03,0x00,
                0x30,0x30,0x00,
                0x01,0xc2,0x00,
                0x12,0x21,0x00,
                0x22,0x11,0x00,
                0x74,0xf0,0x88,
                0x88,0x00,0x44,
                0x00,0x00,0x00,
                0x00,0x00,0x00,
                
                //========Address -- (88),
                0x00,0x00,0x00,
                0x03,0x02,0x00,
                0x40,0xc0,0x00,
                0xbc,0xc2,0x00,
                0x88,0x22,0x00,
                0x88,0x22,0x00,
                0x88,0x22,0x00,
                0x00,0x00,0x00,
                0x00,0x00,0x00,
                
                //========Address -- (89),
                0x21,0x48,0x00,
                0x00,0x00,0x00,
                0xf0,0xf1,0x00,
                0x00,0x24,0x00,
                0x01,0x80,0x00,
                0x24,0x00,0x00,
                0x8f,0x0f,0x00,
                0x00,0x00,0x00,
                0x00,0x00,0x00,
                
                //========Address -- (8a),
                0x00,0x00,0x00,
                0x01,0x08,0x00,
                0x20,0x40,0x00,
                0x34,0x84,0x00,
                0x07,0x4c,0x00,
                0x88,0x44,0x00,
                0x87,0xc4,0x00,
                0x00,0x00,0x00,
                0x00,0x00,0x00,
                
                //========Address -- (8b),
                0x00,0x00,0x00,
                0x09,0x00,0x00,
                0x60,0x00,0x00,
                0xbc,0x80,0x00,
                0x88,0x00,0x00,
                0x88,0x00,0x00,
                0x88,0x00,0x00,
                0x00,0x00,0x00,
C51 COMPILER V9.60.0.0   TFONT_ENGLISH                                                     09/24/2026 09:31:48 PAGE 27  

                0x00,0x00,0x00,
                
                //========Address -- (8c),
                0x00,0x00,0x00,
                0x21,0x2c,0x00,
                0x03,0x0e,0x00,
                0x48,0x22,0x00,
                0x88,0x22,0x00,
                0x84,0x26,0x00,
                0x30,0xa2,0x00,
                0x43,0x48,0x00,
                0x00,0x00,0x00,
                
                //========Address -- (8d),
                0x00,0x00,0x00,
                0x00,0x00,0x00,
                0x00,0x00,0x00,
                0x34,0x08,0x00,
                0x8f,0x4c,0x00,
                0x88,0x00,0x00,
                0x43,0x48,0x00,
                0x11,0x00,0x00,
                0x00,0xc0,0x00,
                
                //========Address -- (8e),
                0x00,0x00,0x00,
                0x04,0x08,0x00,
                0x30,0x00,0x00,
                0x78,0x84,0x00,
                0x86,0x00,0x00,
                0x10,0x84,0x00,
                0x87,0x48,0x00,
                0x00,0x00,0x00,
                0x00,0x00,0x00,
                
                //========Address -- (8f),
                0x00,0x00,0x00,
                0x03,0x00,0x00,
                0x30,0x00,0x00,
                0xf0,0xc4,0x00,
                0x01,0x80,0x00,
                0x24,0x00,0x00,
                0x8f,0x0c,0x00,
                0x00,0x00,0x00,
                0x00,0x00,0x00,
                
                //========Address -- (90),
                0x21,0x48,0x00,
                0x00,0x00,0x00,
                0x34,0xe1,0x00,
                0x88,0x00,0x00,
                0x70,0x0e,0x00,
                0x08,0x11,0x00,
                0x43,0x2c,0x00,
                0x00,0x00,0x00,
                0x00,0x00,0x00,
                
                //========Address -- (91),
                0x00,0x00,0x00,
                0x00,0x0c,0x00,
                0x10,0x80,0x00,
                0x88,0x22,0x00,
C51 COMPILER V9.60.0.0   TFONT_ENGLISH                                                     09/24/2026 09:31:48 PAGE 28  

                0x88,0x22,0x00,
                0x88,0x22,0x00,
                0x87,0x6a,0x00,
                0x00,0x00,0x00,
                0x00,0x00,0x00,
                
                //========Address -- (92),
                0x01,0x68,0x00,
                0x00,0x00,0x00,
                0x16,0xc3,0x00,
                0x48,0x10,0x08,
                0x88,0x00,0x88,
                0x84,0x01,0x80,
                0x61,0x3c,0x00,
                0x00,0x00,0x00,
                0x00,0x00,0x00,
                
                //========Address -- (93),
                0x00,0x00,0x00,
                0x04,0x02,0x00,
                0x79,0xb4,0xe8,
                0x42,0xf0,0xc4,
                0x15,0xf1,0x44,
                0x55,0xf1,0x44,
                0x54,0xf0,0x44,
                0x40,0x10,0xc0,
                0x00,0x00,0x00,
                
                //========Address -- (94),
                0x00,0x00,0x00,
                0x02,0x02,0x00,
                0x24,0x22,0x00,
                0x5c,0xf2,0xc0,
                0x44,0x7a,0x08,
                0x56,0x22,0x42,
                0x44,0xf2,0x80,
                0x40,0x20,0x00,
                0x00,0x00,0x00,
                
                //========Address -- (95),
                0x00,0x00,0x00,
                0x00,0x04,0x00,
                0x0f,0x4f,0x0e,
                0x88,0x44,0x22,
                0x88,0x44,0x22,
                0xf0,0xf4,0xe0,
                0x00,0x44,0x00,
                0x00,0x40,0x00,
                0x00,0x00,0x00,
                
                //========Address -- (96),
                0x00,0x00,0x00,
                0x00,0x08,0x00,
                0x00,0x42,0x00,
                0xf1,0xf0,0xf8,
                0x00,0x89,0x80,
                0x00,0x52,0x00,
                0x01,0x58,0x0c,
                0xe0,0x00,0x30,
                0x00,0x00,0x00,
                
                //========Address -- (97),
C51 COMPILER V9.60.0.0   TFONT_ENGLISH                                                     09/24/2026 09:31:48 PAGE 29  

                0x00,0x00,0x00,
                0x04,0x01,0x00,
                0x7d,0xd6,0xe4,
                0x75,0xd4,0x48,
                0x71,0xd1,0x42,
                0x30,0xe8,0x08,
                0x72,0xf4,0xc8,
                0x40,0xc0,0x40,
                0x00,0x00,0x00,
                
                //========Address -- (98),
                0x00,0x00,0x00,
                0x07,0x02,0x08,
                0x55,0xfa,0xea,
                0xf8,0xfa,0xea,
                0x75,0xf0,0xe0,
                0x75,0xf4,0xe4,
                0x75,0x72,0xc8,
                0x50,0xf0,0xe0,
                0x00,0x00,0x00,
                
                //========Address -- (99),
                0x00,0x00,0x00,
                0x30,0x80,0xc4,
                0xf0,0xe0,0x44,
                0x34,0x84,0x46,
                0x43,0x48,0x44,
                0x00,0x00,0x44,
                0x31,0x00,0x00,
                0x10,0xf0,0xc0,
                0x00,0x00,0x00,
                
                //========Address -- (9a),
                0x00,0x00,0x00,
                0x03,0x0f,0x0c,
                0x00,0x00,0x44,
                0x0f,0x0f,0x8e,
                0x00,0x22,0x00,
                0x03,0x2f,0x0c,
                0x00,0x00,0x44,
                0x00,0x00,0x40,
                0x00,0x00,0x00,
                
                //========Address -- (9b),
                0x00,0x00,0x00,
                0x00,0x00,0xc4,
                0x34,0x08,0x44,
                0x88,0x47,0x4c,
                0x88,0x44,0x44,
                0x43,0x80,0x44,
                0x00,0x00,0x44,
                0x00,0x00,0x40,
                0x00,0x00,0x00,
                
                //========Address -- (9c),
                0x00,0x00,0x00,
                0x0f,0x0f,0x00,
                0x88,0x11,0x00,
                0x88,0x11,0x00,
                0xf8,0xf1,0x00,
                0x88,0x11,0x00,
                0x8f,0x1f,0x00,
C51 COMPILER V9.60.0.0   TFONT_ENGLISH                                                     09/24/2026 09:31:48 PAGE 30  

                0x00,0x00,0x00,
                0x00,0x00,0x00,
                
                //========Address -- (9d),
                0x00,0x00,0x00,
                0x00,0x04,0x00,
                0x0f,0x4f,0x0e,
                0x00,0x4e,0x00,
                0x12,0x54,0x08,
                0x49,0x4f,0x42,
                0x00,0x44,0x00,
                0x00,0x00,0x00,
                0x00,0x00,0x00,
                
                //========Address -- (9e),
                0x00,0x00,0x00,
                0x0f,0x07,0x0c,
                0x0f,0x17,0x0c,
                0x0f,0x22,0x44,
                0x0f,0xf0,0xe0,
                0x0f,0x74,0xc4,
                0x9f,0x47,0x4c,
                0x00,0x00,0x00,
                0x00,0x00,0x00,
                
                //========Address -- (9f),
                0x00,0x00,0x00,
                0x00,0x00,0x00,
                0x01,0xc2,0x00,
                0x12,0x21,0x00,
                0x22,0x11,0x00,
                0x74,0xf0,0x88,
                0x88,0x00,0x44,
                0x00,0x00,0x00,
                0x00,0x00,0x00,
                
                //========Address -- (a0),
                0x00,0x00,0x00,
                0x00,0x00,0x00,
                0x07,0x08,0x00,
                0x80,0x44,0x00,
                0x34,0xc4,0x00,
                0x88,0x44,0x00,
                0x87,0xd2,0x00,
                0x00,0x00,0x00,
                0x00,0x00,0x00,
                
                //========Address -- (a1),
                0x00,0x00,0x00,
                0x0f,0x0f,0x0c,
                0x44,0x00,0x40,
                0x44,0x00,0x00,
                0x74,0xf0,0x08,
                0x44,0x00,0x44,
                0x4f,0x0f,0x80,
                0x00,0x00,0x00,
                0x00,0x00,0x00,
                
                //========Address -- (a2),
                0x00,0x00,0x00,
                0x00,0x02,0x00,
                0x34,0xc0,0x00,
C51 COMPILER V9.60.0.0   TFONT_ENGLISH                                                     09/24/2026 09:31:48 PAGE 31  

                0x8b,0x08,0x00,
                0xc8,0x42,0x00,
                0x88,0x22,0x00,
                0x43,0x48,0x00,
                0x00,0x00,0x00,
                0x00,0x00,0x00,
                
                //========Address -- (a3),
                0x00,0x00,0x00,
                0x0f,0x0f,0x00,
                0x44,0x00,0x84,
                0x44,0x00,0x48,
                0x74,0xf0,0x08,
                0x44,0x00,0x44,
                0x4f,0x0f,0x48,
                0x00,0x00,0x00,
                0x00,0x00,0x00,
                
                //========Address -- (a4),
                0x00,0x00,0x00,
                0x00,0x00,0x00,
                0x0f,0x0c,0x00,
                0x44,0x22,0x00,
                0x47,0x2c,0x00,
                0x44,0x22,0x00,
                0x4f,0x2c,0x00,
                0x00,0x00,0x00,
                0x00,0x00,0x00,
                
                //========Address -- (a5),
                0x00,0x00,0x00,
                0x0f,0x0f,0x0c,
                0x44,0x00,0x40,
                0x44,0x00,0x00,
                0x44,0x00,0x00,
                0x44,0x00,0x00,
                0x4e,0x00,0x00,
                0x00,0x00,0x00,
                0x00,0x00,0x00,
                
                //========Address -- (a6),
                0x00,0x00,0x00,
                0x00,0x00,0x00,
                0x0f,0x0f,0x00,
                0x44,0x10,0x00,
                0x44,0x00,0x00,
                0x44,0x00,0x00,
                0x4e,0x00,0x00,
                0x00,0x00,0x00,
                0x00,0x00,0x00,
                
                //========Address -- (a7),
                0x00,0x00,0x00,
                0x03,0x0f,0x0c,
                0x00,0x88,0x88,
                0x00,0x88,0x88,
                0x11,0x00,0x88,
                0x24,0x00,0x88,
                0x78,0xf0,0xc2,
                0x80,0x00,0x20,
                0x00,0x00,0x00,
                
C51 COMPILER V9.60.0.0   TFONT_ENGLISH                                                     09/24/2026 09:31:48 PAGE 32  

                //========Address -- (a8),
                0x00,0x00,0x00,
                0x00,0x00,0x00,
                0x31,0xf1,0x80,
                0x11,0x11,0x00,
                0x12,0x11,0x00,
                0x24,0x11,0x00,
                0xf8,0xf0,0x88,
                0x00,0x00,0x00,
                0x00,0x00,0x00,
                
                //========Address -- (a9),
                0x00,0x00,0x00,
                0x0f,0x0f,0x0c,
                0x44,0x00,0x40,
                0x44,0x01,0x00,
                0x74,0xf1,0x00,
                0x44,0x00,0x04,
                0x4f,0x0f,0x4c,
                0x00,0x00,0x00,
                0x00,0x00,0x00,
                
                //========Address -- (aa),
                0x00,0x00,0x00,
                0x00,0x00,0x00,
                0x03,0x08,0x00,
                0x48,0x42,0x00,
                0x8f,0x2e,0x00,
                0x88,0x00,0x00,
                0x43,0x2c,0x00,
                0x00,0x00,0x00,
                0x00,0x00,0x00,
                
                //========Address -- (ab),
                0x00,0x00,0x00,
                0x10,0x10,0x00,
                0xf4,0xf0,0xc4,
                0x44,0x01,0x40,
                0x74,0xf1,0x00,
                0x44,0x00,0x04,
                0x4f,0x0f,0x4c,
                0x00,0x00,0x00,
                0x00,0x00,0x00,
                
                //========Address -- (ac),
                0x00,0x00,0x00,
                0x04,0x04,0x00,
                0x03,0x08,0x00,
                0x48,0x42,0x00,
                0x8f,0x2e,0x00,
                0x88,0x00,0x00,
                0x43,0x2c,0x00,
                0x00,0x00,0x00,
                0x00,0x00,0x00,
                
                //========Address -- (ad),
                0x00,0x00,0x00,
                0x08,0x0e,0x02,
                0x42,0x44,0x48,
                0x21,0x45,0x80,
                0x01,0xe5,0x00,
                0x24,0x44,0x84,
C51 COMPILER V9.60.0.0   TFONT_ENGLISH                                                     09/24/2026 09:31:48 PAGE 33  

                0x48,0x4e,0x42,
                0x00,0x00,0x00,
                0x00,0x00,0x00,
                
                //========Address -- (ae),
                0x00,0x00,0x00,
                0x00,0x00,0x00,
                0x0c,0x0e,0x06,
                0x22,0x44,0x88,
                0x11,0x5f,0x00,
                0x22,0x44,0x88,
                0x48,0x4e,0x42,
                0x00,0x00,0x00,
                0x00,0x00,0x00,
                
                //========Address -- (af),
                0x00,0x00,0x00,
                0x05,0x0e,0x00,
                0x64,0x10,0x08,
                0x00,0x01,0x80,
                0x00,0xe1,0x00,
                0x88,0x00,0x88,
                0x43,0x1e,0x00,
                0x00,0x00,0x00,
                0x00,0x00,0x00,
                
                //========Address -- (b0),
                0x00,0x00,0x00,
                0x00,0x00,0x00,
                0x0b,0x0c,0x00,
                0xc8,0x22,0x00,
                0x01,0x2c,0x00,
                0x00,0x22,0x00,
                0x87,0x2c,0x00,
                0x00,0x00,0x00,
                0x00,0x00,0x00,
                
                //========Address -- (b1),
                0x00,0x00,0x00,
                0x0e,0x00,0x06,
                0x44,0x01,0xc4,
                0x44,0x22,0x44,
                0x44,0x48,0x44,
                0x45,0x80,0x44,
                0x6c,0x00,0x4e,
                0x00,0x00,0x00,
                0x00,0x00,0x00,
                
                //========Address -- (b2),
                0x00,0x00,0x00,
                0x00,0x00,0x00,
                0x0e,0x01,0x0c,
                0x44,0x01,0x88,
                0x44,0x24,0x88,
                0x45,0x80,0x88,
                0x6c,0x01,0x8c,
                0x00,0x00,0x00,
                0x00,0x00,0x00,
                
                //========Address -- (b3),
                0x00,0x00,0x00,
                0x00,0x99,0x00,
C51 COMPILER V9.60.0.0   TFONT_ENGLISH                                                     09/24/2026 09:31:48 PAGE 34  

                0xe4,0x60,0x6c,
                0x44,0x12,0x44,
                0x44,0x44,0x44,
                0x45,0x80,0x44,
                0x6c,0x00,0x4e,
                0x00,0x00,0x00,
                0x00,0x00,0x00,
                
                //========Address -- (b4),
                0x00,0x00,0x00,
                0x01,0x02,0x00,
                0x0e,0xc1,0x0c,
                0x44,0x01,0x88,
                0x44,0x24,0x88,
                0x45,0x80,0x88,
                0x6c,0x01,0x8c,
                0x00,0x00,0x00,
                0x00,0x00,0x00,
                
                //========Address -- (b5),
                0x00,0x00,0x00,
                0x0e,0x01,0x08,
                0x44,0x24,0x40,
                0x44,0x48,0x00,
                0x74,0x84,0x00,
                0x44,0x21,0x00,
                0x4e,0x10,0x0c,
                0x00,0x00,0x00,
                0x00,0x00,0x00,
                
                //========Address -- (b6),
                0x00,0x00,0x00,
                0x00,0x00,0x00,
                0x0e,0x03,0x00,
                0x44,0x44,0x00,
                0x47,0x80,0x00,
                0x44,0x84,0x00,
                0x4e,0x43,0x80,
                0x00,0x00,0x00,
                0x00,0x00,0x00,
                
                //========Address -- (b7),
                0x00,0x00,0x00,
                0x07,0x0f,0x0e,
                0x22,0x00,0x44,
                0x22,0x00,0x44,
                0x22,0x00,0x44,
                0x22,0x00,0x44,
                0xa4,0x00,0x4e,
                0x00,0x00,0x00,
                0x00,0x00,0x00,
                
                //========Address -- (b8),
                0x00,0x00,0x00,
                0x00,0x00,0x00,
                0x00,0x00,0x00,
                0x72,0xf1,0x80,
                0x22,0x11,0x00,
                0x22,0x11,0x00,
                0xa4,0x13,0x08,
                0x00,0x00,0x00,
                0x00,0x00,0x00,
C51 COMPILER V9.60.0.0   TFONT_ENGLISH                                                     09/24/2026 09:31:48 PAGE 35  

                
                //========Address -- (b9),
                0x00,0x00,0x00,
                0x0c,0x00,0x0e,
                0x65,0x01,0xc4,
                0x54,0x1a,0x44,
                0x44,0xa4,0x44,
                0x44,0x40,0x44,
                0x4e,0x00,0x4e,
                0x00,0x00,0x00,
                0x00,0x00,0x00,
                
                //========Address -- (ba),
                0x00,0x00,0x00,
                0x00,0x00,0x00,
                0x0e,0x00,0x0e,
                0x65,0x01,0xc4,
                0x54,0x1a,0x44,
                0x44,0xa4,0x44,
                0x4e,0x00,0x4e,
                0x00,0x00,0x00,
                0x00,0x00,0x00,
                
                //========Address -- (bb),
                0x00,0x00,0x00,
                0x0e,0x00,0x0e,
                0x44,0x00,0x44,
                0x44,0x00,0x44,
                0x74,0xf0,0xc4,
                0x44,0x00,0x44,
                0x4e,0x00,0x4e,
                0x00,0x00,0x00,
                0x00,0x00,0x00,
                
                //========Address -- (bc),
                0x00,0x00,0x00,
                0x00,0x00,0x00,
                0x0e,0x03,0x08,
                0x44,0x11,0x00,
                0x47,0x1f,0x00,
                0x44,0x11,0x00,
                0x4e,0x13,0x08,
                0x00,0x00,0x00,
                0x00,0x00,0x00,
                
                //========Address -- (bd),
                0x00,0x00,0x00,
                0x03,0x0f,0x00,
                0x48,0x00,0x84,
                0x88,0x00,0x44,
                0x88,0x00,0x44,
                0x88,0x00,0x44,
                0x43,0x0f,0x80,
                0x00,0x00,0x00,
                0x00,0x00,0x00,
                
                //========Address -- (be),
                0x00,0x00,0x00,
                0x00,0x00,0x00,
                0x03,0x08,0x00,
                0x48,0x42,0x00,
                0x88,0x22,0x00,
C51 COMPILER V9.60.0.0   TFONT_ENGLISH                                                     09/24/2026 09:31:48 PAGE 36  

                0x88,0x22,0x00,
                0x43,0x48,0x00,
                0x00,0x00,0x00,
                0x00,0x00,0x00,
                
                //========Address -- (bf),
                0x00,0x00,0x00,
                0x0f,0x0f,0x0e,
                0x44,0x00,0x44,
                0x44,0x00,0x44,
                0x44,0x00,0x44,
                0x44,0x00,0x44,
                0x4e,0x00,0x4e,
                0x00,0x00,0x00,
                0x00,0x00,0x00,
                
                //========Address -- (c0),
                0x00,0x00,0x00,
                0x00,0x00,0x00,
                0x0f,0x0f,0x08,
                0x44,0x11,0x00,
                0x44,0x11,0x00,
                0x44,0x11,0x00,
                0x4e,0x13,0x08,
                0x00,0x00,0x00,
                0x00,0x00,0x00,
                
                //========Address -- (c1),
                0x00,0x00,0x00,
                0x0f,0x0f,0x00,
                0x44,0x00,0x84,
                0x44,0x00,0x48,
                0x74,0xf0,0x00,
                0x44,0x00,0x00,
                0x4e,0x00,0x00,
                0x00,0x00,0x00,
                0x00,0x00,0x00,
                
                //========Address -- (c2),
                0x00,0x00,0x00,
                0x00,0x00,0x00,
                0x05,0x08,0x00,
                0xe4,0x44,0x00,
                0x44,0x44,0x00,
                0x74,0x80,0x00,
                0x4e,0x00,0x00,
                0x00,0x00,0x00,
                0x00,0x00,0x00,
                
                //========Address -- (c3),
                0x00,0x00,0x00,
                0x03,0x0f,0x04,
                0x48,0x00,0xc4,
                0x88,0x00,0x40,
                0x88,0x00,0x00,
                0x88,0x00,0x04,
                0x43,0x0f,0x80,
                0x00,0x00,0x00,
                0x00,0x00,0x00,
                
                //========Address -- (c4),
                0x00,0x00,0x00,
C51 COMPILER V9.60.0.0   TFONT_ENGLISH                                                     09/24/2026 09:31:48 PAGE 37  

                0x00,0x00,0x00,
                0x03,0x08,0x00,
                0x48,0x44,0x00,
                0x88,0x00,0x00,
                0x88,0x02,0x00,
                0x43,0x48,0x00,
                0x00,0x00,0x00,
                0x00,0x00,0x00,
                
                //========Address -- (c5),
                0x00,0x00,0x00,
                0x0f,0x0f,0x0e,
                0x80,0x44,0x20,
                0x00,0x44,0x00,
                0x00,0x44,0x00,
                0x00,0x44,0x00,
                0x00,0x4e,0x00,
                0x00,0x00,0x00,
                0x00,0x00,0x00,
                
                //========Address -- (c6),
                0x00,0x00,0x00,
                0x00,0x00,0x00,
                0x0f,0x0f,0x08,
                0x80,0x88,0x80,
                0x00,0x88,0x00,
                0x00,0x88,0x00,
                0x01,0x8c,0x00,
                0x00,0x00,0x00,
                0x00,0x00,0x00,
                
                //========Address -- (c7),
                0x00,0x00,0x00,
                0x00,0x00,0x00,
                0x72,0x10,0xc8,
                0x21,0x01,0x80,
                0x10,0x1a,0x00,
                0x00,0xa4,0x00,
                0x09,0x80,0x00,
                0x60,0x00,0x00,
                0x00,0x00,0x00,
                
                //========Address -- (c8),
                0x00,0x00,0x00,
                0x00,0x00,0x00,
                0x00,0x00,0x00,
                0x06,0x07,0x00,
                0x22,0x22,0x00,
                0x11,0x44,0x00,
                0x09,0x80,0x00,
                0x60,0x00,0x00,
                0x00,0x00,0x00,
                
                //========Address -- (c9),
                0x00,0x00,0x00,
                0x00,0x0e,0x00,
                0x03,0x4f,0x08,
                0x48,0x44,0x42,
                0x88,0x44,0x22,
                0x43,0x4f,0x48,
                0x00,0x4e,0x00,
                0x00,0x00,0x00,
C51 COMPILER V9.60.0.0   TFONT_ENGLISH                                                     09/24/2026 09:31:48 PAGE 38  

                0x00,0x00,0x00,
                
                //========Address -- (ca),
                0x00,0x00,0x00,
                0x00,0x00,0x00,
                0x10,0xc8,0x00,
                0x34,0xe9,0x00,
                0x88,0x88,0x88,
                0x43,0x9e,0x00,
                0x01,0x8c,0x00,
                0x00,0x00,0x00,
                0x00,0x00,0x00,
                
                //========Address -- (cb),
                0x00,0x00,0x00,
                0x0e,0x00,0x0e,
                0x42,0x00,0x48,
                0x10,0x1a,0x00,
                0x00,0x4a,0x00,
                0x12,0x10,0x08,
                0x4e,0x00,0x4e,
                0x00,0x00,0x00,
                0x00,0x00,0x00,
                
                //========Address -- (cc),
                0x00,0x00,0x00,
                0x00,0x00,0x00,
                0x0e,0x03,0x08,
                0x42,0x12,0x00,
                0x10,0x48,0x00,
                0x12,0x42,0x00,
                0x4e,0x13,0x08,
                0x00,0x00,0x00,
                0x00,0x00,0x00,
                
                //========Address -- (cd),
                0x00,0x00,0x00,
                0x00,0x00,0x00,
                0xe4,0x10,0xc8,
                0x44,0x00,0x88,
                0x44,0x00,0x88,
                0x44,0x00,0x88,
                0x4f,0x0f,0x8c,
                0x00,0x00,0x22,
                0x00,0x00,0x00,
                
                //========Address -- (ce),
                0x00,0x00,0x00,
                0x00,0x00,0x00,
                0xe4,0x31,0x80,
                0x44,0x11,0x00,
                0x44,0x11,0x00,
                0x44,0x11,0x00,
                0xf0,0xf0,0x84,
                0x00,0x00,0x40,
                0x00,0x00,0x00,
                
                //========Address -- (cf),
                0x00,0x00,0x00,
                0x0e,0x01,0x0c,
                0x44,0x00,0x88,
                0x44,0x00,0x88,
C51 COMPILER V9.60.0.0   TFONT_ENGLISH                                                     09/24/2026 09:31:48 PAGE 39  

                0x21,0x1e,0x88,
                0x00,0x00,0x88,
                0x00,0x01,0x8c,
                0x00,0x00,0x00,
                0x00,0x00,0x00,
                
                //========Address -- (d0),
                0x00,0x00,0x00,
                0x00,0x00,0x00,
                0x0f,0x03,0x08,
                0x44,0x11,0x00,
                0x43,0x1f,0x00,
                0x00,0x11,0x00,
                0x00,0x13,0x08,
                0x00,0x00,0x00,
                0x00,0x00,0x00,
                
                //========Address -- (d1),
                0x00,0x00,0x00,
                0x0e,0x0e,0x0e,
                0x44,0x44,0x44,
                0x44,0x44,0x44,
                0x44,0x44,0x44,
                0x44,0x44,0x44,
                0x4f,0x4f,0x4e,
                0x00,0x00,0x00,
                0x00,0x00,0x00,
                
                //========Address -- (d2),
                0x00,0x00,0x00,
                0x00,0x00,0x00,
                0x0e,0x0e,0x0e,
                0x44,0x44,0x44,
                0x44,0x44,0x44,
                0x44,0x44,0x44,
                0x4f,0x4f,0x4e,
                0x00,0x00,0x00,
                0x00,0x00,0x00,
                
                //========Address -- (d3),
                0x00,0x00,0x00,
                0x00,0x00,0x00,
                0xe4,0xe4,0xe4,
                0x44,0x44,0x44,
                0x44,0x44,0x44,
                0x44,0x44,0x44,
                0x4f,0x4f,0x4e,
                0x00,0x00,0x11,
                0x00,0x00,0x00,
                
                //========Address -- (d4),
                0x00,0x00,0x00,
                0x00,0x00,0x00,
                0x0e,0x0e,0x0e,
                0x44,0x44,0x44,
                0x44,0x44,0x44,
                0x44,0x44,0x44,
                0x4f,0x4f,0x4e,
                0x00,0x00,0x11,
                0x00,0x00,0x00,
                
                //========Address -- (d5),
C51 COMPILER V9.60.0.0   TFONT_ENGLISH                                                     09/24/2026 09:31:48 PAGE 40  

                0x00,0x00,0x00,
                0x0f,0x08,0x00,
                0x91,0x00,0x00,
                0x11,0x0f,0x08,
                0x11,0x00,0x42,
                0x11,0x00,0x22,
                0x13,0x0f,0x48,
                0x00,0x00,0x00,
                0x00,0x00,0x00,
                
                //========Address -- (d6),
                0x00,0x00,0x00,
                0x00,0x00,0x00,
                0x0f,0x00,0x00,
                0xa2,0x00,0x00,
                0x23,0x0f,0x00,
                0x22,0x00,0x88,
                0x27,0x0f,0x80,
                0x00,0x00,0x00,
                0x00,0x00,0x00,
                
                //========Address -- (d7),
                0x00,0x00,0x00,
                0x0e,0x00,0x0e,
                0x44,0x00,0x44,
                0x47,0x08,0x44,
                0x44,0x42,0x44,
                0x44,0x22,0x44,
                0x4f,0x48,0x4e,
                0x00,0x00,0x00,
                0x00,0x00,0x00,
                
                //========Address -- (d8),
                0x00,0x00,0x00,
                0x00,0x00,0x00,
                0x0e,0x00,0x0e,
                0x44,0x00,0x44,
                0x47,0x0c,0x44,
                0x44,0x22,0x44,
                0x4f,0x2c,0x4e,
                0x00,0x00,0x00,
                0x00,0x00,0x00,
                
                //========Address -- (d9),
                0x00,0x00,0x00,
                0x0e,0x00,0x00,
                0x44,0x00,0x00,
                0x47,0x0e,0x00,
                0x44,0x10,0x08,
                0x44,0x00,0x88,
                0x4f,0x1e,0x00,
                0x00,0x00,0x00,
                0x00,0x00,0x00,
                
                //========Address -- (da),
                0x00,0x00,0x00,
                0x00,0x00,0x00,
                0x0e,0x00,0x00,
                0x44,0x00,0x00,
                0x47,0x0e,0x00,
                0x44,0x11,0x00,
                0x4f,0x1e,0x00,
C51 COMPILER V9.60.0.0   TFONT_ENGLISH                                                     09/24/2026 09:31:48 PAGE 41  

                0x00,0x00,0x00,
                0x00,0x00,0x00,
                
                //========Address -- (db),
                0x00,0x00,0x00,
                0x0b,0x0c,0x00,
                0xc8,0x21,0x00,
                0x00,0x00,0x88,
                0x10,0xf0,0x88,
                0x08,0x01,0x80,
                0x43,0x2c,0x00,
                0x00,0x00,0x00,
                0x00,0x00,0x00,
                
                //========Address -- (dc),
                0x00,0x00,0x00,
                0x00,0x00,0x00,
                0x07,0x08,0x00,
                0x80,0x42,0x00,
                0x01,0x2e,0x00,
                0x08,0x22,0x00,
                0x87,0x48,0x00,
                0x00,0x00,0x00,
                0x00,0x00,0x00,
                
                //========Address -- (dd),
                0x00,0x00,0x00,
                0x0e,0x03,0x08,
                0x44,0x48,0x42,
                0x44,0x88,0x22,
                0x74,0x88,0x22,
                0x44,0x88,0x22,
                0x4e,0x43,0x48,
                0x00,0x00,0x00,
                0x00,0x00,0x00,
                
                //========Address -- (de),
                0x00,0x00,0x00,
                0x00,0x00,0x00,
                0x0e,0x03,0x00,
                0x44,0x48,0x84,
                0x47,0x88,0x44,
                0x44,0x88,0x44,
                0x4e,0x43,0x80,
                0x00,0x00,0x00,
                0x00,0x00,0x00,
                
                //========Address -- (df),
                0x00,0x00,0x00,
                0x01,0x0f,0x0e,
                0x24,0x00,0x44,
                0x42,0x00,0x44,
                0x10,0xf4,0xc4,
                0x01,0x80,0x44,
                0x2c,0x00,0x4e,
                0x00,0x00,0x00,
                0x00,0x00,0x00,
                
                //========Address -- (e0),
                0x00,0x00,0x00,
                0x00,0x00,0x00,
                0x03,0x0f,0x00,
C51 COMPILER V9.60.0.0   TFONT_ENGLISH                                                     09/24/2026 09:31:48 PAGE 42  

                0x44,0x22,0x00,
                0x43,0x2e,0x00,
                0x12,0x22,0x00,
                0xa4,0x27,0x00,
                0x00,0x00,0x00,
                0x00,0x00,0x00,
                
                //========Address -- (e1),
                0x00,0x00,0x00,
                0x04,0x08,0x00,
                0x30,0x00,0x00,
                0xf0,0xc4,0x00,
                0x01,0x80,0x00,
                0x24,0x00,0x00,
                0x8f,0x0c,0x00,
                0x00,0x00,0x00,
                0x00,0x00,0x00,
                
                //========Address -- (e2),
                0x00,0x00,0x00,
                0x02,0x04,0x00,
                0x10,0x80,0x00,
                0x34,0x84,0x00,
                0x88,0x00,0x00,
                0x88,0x00,0x00,
                0x43,0x48,0x00,
                0x00,0x00,0x00,
                0x00,0x00,0x00,
                
                //========Address -- (e3),
                0x13,0x00,0x00,
                0x20,0x00,0x00,
                0xf8,0xc0,0x00,
                0x88,0x00,0x00,
                0x8f,0x08,0x00,
                0x88,0x00,0x00,
                0x88,0x00,0x00,
                0xf0,0xc0,0x00,
                0x00,0x00,0x00,
                
                //========Address -- (e4),
                0x00,0x0c,0x00,
                0x10,0x80,0x00,
                0x34,0xe1,0x00,
                0x88,0x00,0x00,
                0x70,0x0e,0x00,
                0x08,0x11,0x00,
                0x43,0x2c,0x00,
                0x00,0x00,0x00,
                0x00,0x00,0x00,
                
                //========Address -- (e5),
                0x00,0x00,0x00,
                0x78,0x08,0x00,
                0x88,0x88,0x00,
                0x9b,0x00,0x00,
                0x88,0x84,0x00,
                0x8c,0x44,0x00,
                0xb8,0x80,0x00,
                0x88,0x00,0x00,
                0x00,0x00,0x00,
                
C51 COMPILER V9.60.0.0   TFONT_ENGLISH                                                     09/24/2026 09:31:48 PAGE 43  

                //========Address -- (e6),
                0x00,0x00,0x00,
                0x03,0x00,0x00,
                0x10,0x80,0x00,
                0x34,0x84,0x00,
                0x03,0x4c,0x00,
                0xc8,0x44,0x00,
                0x87,0xc4,0x00,
                0x00,0x00,0x00,
                0x00,0x00,0x00,
                
                //========Address -- (e7),
                0x00,0x00,0x00,
                0x12,0x08,0x00,
                0x03,0x08,0x00,
                0x64,0x44,0x00,
                0x74,0xc0,0x00,
                0x46,0x04,0x00,
                0x30,0x80,0x00,
                0x10,0x00,0x00,
                0x00,0x00,0x00,
                
                //========Address -- (e8),
                0x00,0x00,0x00,
                0x00,0x00,0x00,
                0x00,0x00,0x00,
                0x72,0xe1,0x00,
                0x22,0x11,0x00,
                0x22,0x11,0x00,
                0x26,0x11,0x00,
                0x00,0x00,0x00,
                0x00,0x00,0x00,
                
                //========Address -- (e9),
                0x00,0x00,0x00,
                0x00,0x00,0x00,
                0x00,0x00,0x00,
                0x71,0x00,0x70,
                0x11,0x00,0x00,
                0x00,0x00,0x00,
                0x00,0x00,0x00,
                0x00,0x00,0x00,
                0x00,0x00,0x00,
                
                //========Address -- (ea),
                0x00,0x00,0x00,
                0x00,0x00,0x00,
                0x00,0x00,0x00,
                0xc2,0x10,0xf0,
                0x22,0x00,0x00,
                0x22,0x00,0x00,
                0x22,0x01,0x0f,
                0x00,0x00,0x00,
                0x00,0x00,0x00,
                
                //========Address -- (eb),
                0x00,0x00,0x00,
                0x00,0x00,0x00,
                0x00,0x00,0x00,
                0x08,0x62,0x31,
                0x88,0x22,0x11,
                0x88,0x22,0x11,
C51 COMPILER V9.60.0.0   TFONT_ENGLISH                                                     09/24/2026 09:31:48 PAGE 44  

                0x8c,0x27,0x2c,
                0x00,0x00,0x00,
                0x00,0x00,0x00,
                
                //========Address -- (ec),
                0x00,0x00,0x00,
                0x00,0x00,0x00,
                0x00,0x07,0x00,
                0x00,0x02,0x00,
                0x00,0x2e,0x00,
                0x11,0x2e,0x00,
                0x00,0x21,0x0f,
                0x00,0x00,0x00,
                0x00,0x00,0x00,
                
                //========Address -- (ed),
                0x00,0x00,0x00,
                0x00,0x00,0x00,
                0x00,0x00,0x00,
                0x00,0x00,0x00,
                0x01,0x00,0x00,
                0x11,0x00,0x00,
                0x1e,0x0f,0x0f,
                0x00,0x00,0x00,
                0x30,0x80,0x00,
                
                //========Address -- (ee),
                0x00,0x00,0x00,
                0x00,0x00,0x00,
                0x00,0x00,0x00,
                0x00,0x00,0x00,
                0x00,0x04,0x00,
                0x00,0x44,0x00,
                0x0f,0x48,0x00,
                0x00,0x00,0x01,
                0x20,0x10,0xe0,
                
                //========Address -- (ef),
                0x00,0x00,0x00,
                0x00,0x00,0x00,
                0x00,0x00,0x00,
                0x00,0x00,0x00,
                0x08,0x00,0x0f,
                0x88,0x00,0x96,
                0x8f,0x0f,0xa1,
                0x80,0x00,0x00,
                0x00,0x00,0x00,
                
                //========Address -- (f0),
                0x00,0x00,0x00,
                0x00,0x00,0x00,
                0x00,0x00,0x02,
                0x00,0x00,0x22,
                0x00,0x00,0x22,
                0x00,0x00,0x22,
                0x0f,0x0f,0x2c,
                0x00,0x00,0x00,
                0x00,0x00,0x00,
                
                //========Address -- (f1),
                0x00,0x00,0x00,
                0x00,0x00,0x00,
C51 COMPILER V9.60.0.0   TFONT_ENGLISH                                                     09/24/2026 09:31:48 PAGE 45  

                0x00,0x08,0x00,
                0x00,0x88,0x00,
                0x00,0x88,0x00,
                0x00,0x88,0x00,
                0x00,0x88,0x00,
                0x00,0x00,0x00,
                0x00,0x00,0x00,
                
                
              #if(_UKRAINE_SUPPRT == _ON)
                //========Address -- (f2), Ukrainian I
                0x00,0x00,0x00,
                0x00,0x00,0x00,
                0xe4,0x00,0x00,
                0x44,0x00,0x00,
                0x44,0x00,0x00,
                0x44,0x00,0x00,
                0x4e,0x00,0x00,
                0x00,0x00,0x00,
                0x00,0x00,0x00,
              
                //========Address -- (f3),
                0x00,0x00,0x00,
                0x62,0x00,0x00,
                0x24,0x00,0x00,
                0x00,0x00,0x00,
                0x00,0x00,0x00,
                0x00,0x00,0x00,
                0x00,0x00,0x00,
                0x00,0x00,0x00,
                0x00,0x00,0x00,
                
                //========Address -- (f4),
                0x00,0x00,0x00,
                0x34,0x08,0x00,
                0x43,0x80,0x00,
                0x00,0x00,0x00,
                0x00,0x00,0x00,
                0x00,0x00,0x00,
                0x00,0x00,0x00,
                0x00,0x00,0x00,
                0x00,0x00,0x00,
              
                //========Address -- (f5), Ukrainian i
                0x00,0x00,0x00,
                0x00,0x00,0x00,
                0x80,0x00,0x00,
                0x88,0x00,0x00,
                0x88,0x00,0x00,
                0x88,0x00,0x00,
                0x88,0x00,0x00,
                0x00,0x00,0x00,
                0x00,0x00,0x00,
              
                //========Address -- (f6), Ukrainian Yi
                0x00,0x00,0x00,
                0xa0,0x00,0x00,
                0xe4,0x00,0x00,
                0x44,0x00,0x00,
                0x44,0x00,0x00,
                0x44,0x00,0x00,
                0x4e,0x00,0x00,
C51 COMPILER V9.60.0.0   TFONT_ENGLISH                                                     09/24/2026 09:31:48 PAGE 46  

                0x00,0x00,0x00,
                0x00,0x00,0x00,
              
                //========Address -- (f7), Ukrainian yi
                0x00,0x00,0x00,
                0x00,0x00,0x00,
                0x00,0x00,0x00,
                0xa0,0x00,0x00,
                0x44,0x00,0x00,
                0x44,0x00,0x00,
                0x44,0x00,0x00,
                0x40,0x00,0x00,
                0x00,0x00,0x00,
              
                //========Address -- (f8), Ukrainian Ye
                0x00,0x00,0x00,
                0x00,0x00,0x00,
                0x03,0x08,0x00,
                0x48,0x42,0x00,
                0x8f,0x00,0x00,
                0x88,0x00,0x00,
                0x84,0x24,0x00,
                0x30,0x80,0x00,
                0x00,0x00,0x00,
              
                //========Address -- (f9), Ukrainian ye
                0x00,0x00,0x00,
                0x00,0x00,0x00,
                0x03,0x0c,0x00,
                0x48,0x62,0x00,
                0x8f,0x08,0x00,
                0x88,0x00,0x00,
                0x84,0x26,0x00,
                0x30,0xc0,0x00,
                0x00,0x00,0x00,
              
              
                //========Address -- (fa), Ukrainian Ghe
                0x00,0x00,0x00,
                0x00,0x04,0x00,
                0x0f,0x0c,0x00,
                0x88,0x00,0x00,
                0x88,0x00,0x00,
                0x88,0x00,0x00,
                0x88,0x00,0x00,
                0x80,0x00,0x00,
                0x00,0x00,0x00,
              
                //========Address -- (fb), Ukrainian ghe
                0x00,0x00,0x00,
                0x00,0x00,0x00,
                0x00,0x00,0x00,
                0x00,0x04,0x00,
                0xf8,0x00,0x00,
                0x88,0x00,0x00,
                0x88,0x00,0x00,
                0x80,0x00,0x00,
                0x00,0x00,0x00,
              #endif
              };
              
              #else
C51 COMPILER V9.60.0.0   TFONT_ENGLISH                                                     09/24/2026 09:31:48 PAGE 47  

2834          BYTE code tFONT_ENGLISH[]=
2835          {
2836            
2837            //========Address -- (00),
2838            0x00,0x00,0x00,
2839            0x00,0x00,0x00,
2840            0x00,0x00,0x00,
2841            0x00,0x00,0x00,
2842            0x00,0x00,0x00,
2843            0x00,0x00,0x00,
2844            0x00,0x00,0x00,
2845            0x00,0x00,0x00,
2846            0x00,0x00,0x00,
2847            
2848            //========Address -- (01),
2849            0x00,0x00,0x00,
2850            0x00,0x00,0x00,
2851            0x01,0xe1,0x00,
2852            0x22,0x00,0x88,
2853            0x22,0x00,0x88,
2854            0x22,0x00,0x88,
2855            0x10,0x1e,0x00,
2856            0x00,0x00,0x00,
2857            0x00,0x00,0x00,
2858            
2859            //========Address -- (02),
2860            0x00,0x00,0x00,
2861            0x00,0x00,0x00,
2862            0x01,0x4c,0x00,
2863            0x00,0x44,0x00,
2864            0x00,0x44,0x00,
2865            0x00,0x44,0x00,
2866            0x01,0x4f,0x00,
2867            0x00,0x00,0x00,
2868            0x00,0x00,0x00,
2869            
2870            //========Address -- (03),
2871            0x00,0x00,0x00,
2872            0x00,0x00,0x00,
2873            0x12,0xf0,0x08,
2874            0x00,0x00,0x88,
2875            0x00,0x16,0x00,
2876            0x01,0x80,0x00,
2877            0x23,0x0f,0x08,
2878            0x00,0x00,0x00,
2879            0x00,0x00,0x00,
2880            
2881            //========Address -- (04),
2882            0x00,0x00,0x00,
2883            0x00,0x00,0x00,
2884            0x12,0xf0,0x08,
2885            0x00,0x01,0x80,
2886            0x00,0xe1,0x00,
2887            0x00,0x00,0x88,
2888            0x21,0x1e,0x00,
2889            0x00,0x00,0x00,
2890            0x00,0x00,0x00,
2891            
2892            //========Address -- (05),
2893            0x00,0x00,0x00,
2894            0x00,0x00,0x00,
2895            0x00,0x13,0x00,
C51 COMPILER V9.60.0.0   TFONT_ENGLISH                                                     09/24/2026 09:31:48 PAGE 48  

2896            0x00,0x59,0x00,
2897            0x12,0x11,0x00,
2898            0x30,0xf1,0xc0,
2899            0x00,0x11,0x00,
2900            0x00,0x00,0x00,
2901            0x00,0x00,0x00,
2902            
2903            //========Address -- (06),
2904            0x00,0x00,0x00,
2905            0x00,0x00,0x00,
2906            0x32,0xf0,0x80,
2907            0x22,0x00,0x00,
2908            0x30,0xe1,0x00,
2909            0x00,0x00,0x88,
2910            0x21,0x1e,0x00,
2911            0x00,0x00,0x00,
2912            0x00,0x00,0x00,
2913            
2914            //========Address -- (07),
2915            0x00,0x00,0x00,
2916            0x00,0x00,0x00,
2917            0x01,0x78,0x00,
2918            0x12,0x00,0x00,
2919            0x32,0xe1,0x00,
2920            0x22,0x00,0x88,
2921            0x10,0x1e,0x00,
2922            0x00,0x00,0x00,
2923            0x00,0x00,0x00,
2924            
2925            //========Address -- (08),
2926            0x00,0x00,0x00,
2927            0x00,0x00,0x00,
2928            0x30,0xf0,0x88,
2929            0x00,0x11,0x00,
2930            0x00,0x22,0x00,
2931            0x00,0x48,0x00,
2932            0x01,0x80,0x00,
2933            0x00,0x00,0x00,
2934            0x00,0x00,0x00,
2935            
2936            //========Address -- (09),
2937            0x00,0x00,0x00,
2938            0x00,0x00,0x00,
2939            0x12,0xf0,0x08,
2940            0x22,0x00,0x88,
2941            0x12,0xf0,0x08,
2942            0x22,0x00,0x88,
2943            0x21,0x0f,0x80,
2944            0x00,0x00,0x00,
2945            0x00,0x00,0x00,
2946            
2947            //========Address -- (0a),
2948            0x00,0x00,0x00,
2949            0x00,0x00,0x00,
2950            0x01,0xe1,0x00,
2951            0x22,0x00,0x88,
2952            0x10,0x0f,0x88,
2953            0x00,0x01,0x80,
2954            0x01,0x3c,0x00,
2955            0x00,0x00,0x00,
2956            0x00,0x00,0x00,
2957            
C51 COMPILER V9.60.0.0   TFONT_ENGLISH                                                     09/24/2026 09:31:48 PAGE 49  

2958            //========Address -- (0b),
2959            0x00,0x00,0x00,
2960            0x00,0x00,0x00,
2961            0x01,0xc2,0x00,
2962            0x12,0x21,0x00,
2963            0x22,0x11,0x00,
2964            0x74,0xf0,0x88,
2965            0x88,0x00,0x44,
2966            0x00,0x00,0x00,
2967            0x00,0x00,0x00,
2968            
2969            //========Address -- (0c),
2970            0x00,0x00,0x00,
2971            0x00,0x00,0x00,
2972            0xf8,0xc2,0x00,
2973            0x88,0x22,0x00,
2974            0xf8,0xc2,0x00,
2975            0x88,0x11,0x00,
2976            0x8f,0x2c,0x00,
2977            0x00,0x00,0x00,
2978            0x00,0x00,0x00,
2979            
2980            //========Address -- (0d),
2981            0x00,0x00,0x00,
2982            0x00,0x00,0x00,
2983            0x16,0xe1,0x00,
2984            0x48,0x00,0x00,
2985            0x88,0x00,0x00,
2986            0x84,0x00,0x00,
2987            0x61,0x1e,0x00,
2988            0x00,0x00,0x00,
2989            0x00,0x00,0x00,
2990            
2991            //========Address -- (0e),
2992            0x00,0x00,0x00,
2993            0x00,0x00,0x00,
2994            0xf8,0xc3,0x00,
2995            0x88,0x10,0x08,
2996            0x88,0x00,0x88,
2997            0x88,0x01,0x80,
2998            0x8f,0x3c,0x00,
2999            0x00,0x00,0x00,
3000            0x00,0x00,0x00,
3001            
3002            //========Address -- (0f),
3003            0x00,0x00,0x00,
3004            0x00,0x00,0x00,
3005            0xf8,0xe0,0x00,
3006            0x88,0x00,0x00,
3007            0xf8,0xe0,0x00,
3008            0x88,0x00,0x00,
3009            0x8f,0x0e,0x00,
3010            0x00,0x00,0x00,
3011            0x00,0x00,0x00,
3012            
3013            //========Address -- (10),
3014            0x00,0x00,0x00,
3015            0x00,0x00,0x00,
3016            0xf8,0xe0,0x00,
3017            0x88,0x00,0x00,
3018            0xf8,0xc0,0x00,
3019            0x88,0x00,0x00,
C51 COMPILER V9.60.0.0   TFONT_ENGLISH                                                     09/24/2026 09:31:48 PAGE 50  

3020            0x88,0x00,0x00,
3021            0x00,0x00,0x00,
3022            0x00,0x00,0x00,
3023            
3024            //========Address -- (11),
3025            0x00,0x00,0x00,
3026            0x00,0x00,0x00,
3027            0x16,0xe1,0x08,
3028            0x48,0x00,0x80,
3029            0x88,0x07,0x08,
3030            0x84,0x00,0x88,
3031            0x61,0x0f,0x80,
3032            0x00,0x00,0x00,
3033            0x00,0x00,0x00,
3034            
3035            //========Address -- (12),
3036            0x00,0x00,0x00,
3037            0x00,0x00,0x00,
3038            0x88,0x11,0x00,
3039            0x88,0x11,0x00,
3040            0xf8,0xf1,0x00,
3041            0x88,0x11,0x00,
3042            0x88,0x11,0x00,
3043            0x00,0x00,0x00,
3044            0x00,0x00,0x00,
3045            
3046            //========Address -- (13),
3047            0x00,0x00,0x00,
3048            0x00,0x00,0x00,
3049            0xe4,0x00,0x00,
3050            0x44,0x00,0x00,
3051            0x44,0x00,0x00,
3052            0x44,0x00,0x00,
3053            0x4e,0x00,0x00,
3054            0x00,0x00,0x00,
3055            0x00,0x00,0x00,
3056            
3057            //========Address -- (14),
3058            0x00,0x00,0x00,
3059            0x00,0x00,0x00,
3060            0x30,0x88,0x00,
3061            0x00,0x88,0x00,
3062            0x00,0x88,0x00,
3063            0x00,0x88,0x00,
3064            0x0f,0x80,0x00,
3065            0x00,0x00,0x00,
3066            0x00,0x00,0x00,
3067            
3068            //========Address -- (15),
3069            0x00,0x00,0x00,
3070            0x00,0x00,0x00,
3071            0x88,0x24,0x00,
3072            0x89,0x80,0x00,
3073            0xad,0x00,0x00,
3074            0x88,0x84,0x00,
3075            0x88,0x21,0x00,
3076            0x00,0x00,0x00,
3077            0x00,0x00,0x00,
3078            
3079            //========Address -- (16),
3080            0x00,0x00,0x00,
3081            0x00,0x00,0x00,
C51 COMPILER V9.60.0.0   TFONT_ENGLISH                                                     09/24/2026 09:31:48 PAGE 51  

3082            0x88,0x00,0x00,
3083            0x88,0x00,0x00,
3084            0x88,0x00,0x00,
3085            0x88,0x00,0x00,
3086            0x8f,0x0e,0x00,
3087            0x00,0x00,0x00,
3088            0x00,0x00,0x00,
3089            
3090            //========Address -- (17),
3091            0x00,0x00,0x00,
3092            0x00,0x00,0x00,
3093            0xcc,0x11,0x88,
3094            0xaa,0x22,0x88,
3095            0x99,0x44,0x88,
3096            0x88,0x88,0x88,
3097            0x88,0x00,0x88,
3098            0x00,0x00,0x00,
3099            0x00,0x00,0x00,
3100            
3101            //========Address -- (18),
3102            0x00,0x00,0x00,
3103            0x00,0x00,0x00,
3104            0xcc,0x11,0x00,
3105            0xa9,0x11,0x00,
3106            0x98,0x19,0x00,
3107            0x88,0x95,0x00,
3108            0x88,0x33,0x00,
3109            0x00,0x00,0x00,
3110            0x00,0x00,0x00,
3111            
3112            //========Address -- (19),
3113            0x00,0x00,0x00,
3114            0x00,0x00,0x00,
3115            0x16,0xc3,0x00,
3116            0x48,0x10,0x08,
3117            0x88,0x00,0x88,
3118            0x84,0x01,0x80,
3119            0x61,0x3c,0x00,
3120            0x00,0x00,0x00,
3121            0x00,0x00,0x00,
3122            
3123            //========Address -- (1a),
3124            0x00,0x00,0x00,
3125            0x00,0x00,0x00,
3126            0xf8,0x84,0x00,
3127            0x88,0x22,0x00,
3128            0x8f,0x48,0x00,
3129            0x88,0x00,0x00,
3130            0x88,0x00,0x00,
3131            0x00,0x00,0x00,
3132            0x00,0x00,0x00,
3133            
3134            //========Address -- (1b),
3135            0x00,0x00,0x00,
3136            0x00,0x00,0x00,
3137            0x34,0xc2,0x00,
3138            0x88,0x11,0x00,
3139            0x88,0x11,0x00,
3140            0x84,0x12,0x00,
3141            0x30,0xc4,0x00,
3142            0x00,0x30,0x00,
3143            0x00,0x00,0x00,
C51 COMPILER V9.60.0.0   TFONT_ENGLISH                                                     09/24/2026 09:31:48 PAGE 52  

3144            
3145            //========Address -- (1c),
3146            0x00,0x00,0x00,
3147            0x00,0x00,0x00,
3148            0xf8,0x84,0x00,
3149            0x88,0x44,0x00,
3150            0x8f,0x80,0x00,
3151            0x98,0x08,0x00,
3152            0x88,0x42,0x00,
3153            0x00,0x00,0x00,
3154            0x00,0x00,0x00,
3155            
3156            //========Address -- (1d),
3157            0x00,0x00,0x00,
3158            0x00,0x00,0x00,
3159            0x34,0xe1,0x00,
3160            0x88,0x00,0x00,
3161            0x70,0x0e,0x00,
3162            0x08,0x11,0x00,
3163            0x43,0x2c,0x00,
3164            0x00,0x00,0x00,
3165            0x00,0x00,0x00,
3166            
3167            //========Address -- (1e),
3168            0x00,0x00,0x00,
3169            0x00,0x00,0x00,
3170            0xf0,0xf8,0x80,
3171            0x00,0x88,0x00,
3172            0x00,0x88,0x00,
3173            0x00,0x88,0x00,
3174            0x00,0x88,0x00,
3175            0x00,0x00,0x00,
3176            0x00,0x00,0x00,
3177            
3178            //========Address -- (1f),
3179            0x00,0x00,0x00,
3180            0x00,0x00,0x00,
3181            0x88,0x11,0x00,
3182            0x88,0x11,0x00,
3183            0x88,0x11,0x00,
3184            0x88,0x11,0x00,
3185            0x43,0x2c,0x00,
3186            0x00,0x00,0x00,
3187            0x00,0x00,0x00,
3188            
3189            //========Address -- (20),
3190            0x00,0x00,0x00,
3191            0x00,0x00,0x00,
3192            0x88,0x00,0x44,
3193            0x44,0x00,0x88,
3194            0x22,0x11,0x00,
3195            0x21,0x12,0x00,
3196            0x10,0x2c,0x00,
3197            0x00,0x00,0x00,
3198            0x00,0x00,0x00,
3199            
3200            //========Address -- (21),
3201            0x00,0x00,0x00,
3202            0x00,0x00,0x00,
3203            0x88,0x44,0x22,
3204            0x88,0xaa,0x22,
3205            0x45,0xa1,0x44,
C51 COMPILER V9.60.0.0   TFONT_ENGLISH                                                     09/24/2026 09:31:48 PAGE 53  

3206            0x52,0x10,0x48,
3207            0x20,0x00,0x80,
3208            0x00,0x00,0x00,
3209            0x00,0x00,0x00,
3210            
3211            //========Address -- (22),
3212            0x00,0x00,0x00,
3213            0x00,0x00,0x00,
3214            0x84,0x12,0x00,
3215            0x22,0x44,0x00,
3216            0x11,0x88,0x00,
3217            0x22,0x44,0x00,
3218            0x48,0x21,0x00,
3219            0x00,0x00,0x00,
3220            0x00,0x00,0x00,
3221            
3222            //========Address -- (23),
3223            0x00,0x00,0x00,
3224            0x00,0x00,0x00,
3225            0x84,0x01,0x80,
3226            0x22,0x22,0x00,
3227            0x10,0x48,0x00,
3228            0x00,0x88,0x00,
3229            0x00,0x88,0x00,
3230            0x00,0x00,0x00,
3231            0x00,0x00,0x00,
3232            
3233            //========Address -- (24),
3234            0x00,0x00,0x00,
3235            0x00,0x00,0x00,
3236            0xf0,0xf1,0x00,
3237            0x00,0x24,0x00,
3238            0x01,0x80,0x00,
3239            0x24,0x00,0x00,
3240            0x8f,0x0f,0x00,
3241            0x00,0x00,0x00,
3242            0x00,0x00,0x00,
3243            
3244            //========Address -- (25),
3245            0x00,0x00,0x00,
3246            0x00,0x00,0x00,
3247            0x00,0x00,0x00,
3248            0x34,0x84,0x00,
3249            0x07,0x4c,0x00,
3250            0x88,0x44,0x00,
3251            0x87,0xc4,0x00,
3252            0x00,0x00,0x00,
3253            0x00,0x00,0x00,
3254            
3255            //========Address -- (26),
3256            0x00,0x00,0x00,
3257            0x08,0x00,0x00,
3258            0x88,0x00,0x00,
3259            0xbc,0x84,0x00,
3260            0x88,0x22,0x00,
3261            0x88,0x22,0x00,
3262            0x8f,0x48,0x00,
3263            0x00,0x00,0x00,
3264            0x00,0x00,0x00,
3265            
3266            //========Address -- (27),
3267            0x00,0x00,0x00,
C51 COMPILER V9.60.0.0   TFONT_ENGLISH                                                     09/24/2026 09:31:48 PAGE 54  

3268            0x00,0x00,0x00,
3269            0x00,0x00,0x00,
3270            0x34,0x84,0x00,
3271            0x88,0x00,0x00,
3272            0x88,0x00,0x00,
3273            0x43,0x48,0x00,
3274            0x00,0x00,0x00,
3275            0x00,0x00,0x00,
3276            
3277            //========Address -- (28),
3278            0x00,0x00,0x00,
3279            0x00,0x02,0x00,
3280            0x00,0x22,0x00,
3281            0x34,0xe2,0x00,
3282            0x88,0x22,0x00,
3283            0x88,0x22,0x00,
3284            0x43,0x6a,0x00,
3285            0x00,0x00,0x00,
3286            0x00,0x00,0x00,
3287            
3288            //========Address -- (29),
3289            0x00,0x00,0x00,
3290            0x00,0x00,0x00,
3291            0x00,0x00,0x00,
3292            0x34,0x08,0x00,
3293            0x8f,0x4c,0x00,
3294            0x88,0x00,0x00,
3295            0x43,0x48,0x00,
3296            0x00,0x00,0x00,
3297            0x00,0x00,0x00,
3298            
3299            //========Address -- (2a),
3300            0x00,0x00,0x00,
3301            0x00,0x00,0x00,
3302            0x34,0x80,0x00,
3303            0x4f,0x08,0x00,
3304            0x44,0x00,0x00,
3305            0x44,0x00,0x00,
3306            0x44,0x00,0x00,
3307            0x00,0x00,0x00,
3308            0x00,0x00,0x00,
3309            
3310            //========Address -- (2b),
3311            0x00,0x00,0x00,
3312            0x00,0x00,0x00,
3313            0x00,0x00,0x00,
3314            0x34,0xe2,0x00,
3315            0x88,0x22,0x00,
3316            0x88,0x22,0x00,
3317            0x43,0x6a,0x00,
3318            0x04,0x24,0x00,
3319            0x30,0x80,0x00,
3320            
3321            //========Address -- (2c),
3322            0x00,0x00,0x00,
3323            0x08,0x00,0x00,
3324            0x88,0x00,0x00,
3325            0xbc,0xc2,0x00,
3326            0x88,0x22,0x00,
3327            0x88,0x22,0x00,
3328            0x88,0x22,0x00,
3329            0x00,0x00,0x00,
C51 COMPILER V9.60.0.0   TFONT_ENGLISH                                                     09/24/2026 09:31:48 PAGE 55  

3330            0x00,0x00,0x00,
3331            
3332            //========Address -- (2d),
3333            0x00,0x00,0x00,
3334            0x00,0x00,0x00,
3335            0x80,0x00,0x00,
3336            0x88,0x00,0x00,
3337            0x88,0x00,0x00,
3338            0x88,0x00,0x00,
3339            0x88,0x00,0x00,
3340            0x00,0x00,0x00,
3341            0x00,0x00,0x00,
3342            
3343            //========Address -- (2e),
3344            0x00,0x00,0x00,
3345            0x00,0x00,0x00,
3346            0x10,0x00,0x00,
3347            0x71,0x00,0x00,
3348            0x11,0x00,0x00,
3349            0x11,0x00,0x00,
3350            0x11,0x00,0x00,
3351            0xe0,0x00,0x00,
3352            0x00,0x00,0x00,
3353            
3354            //========Address -- (2f),
3355            0x00,0x00,0x00,
3356            0x00,0x00,0x00,
3357            0x88,0x00,0x00,
3358            0x88,0x48,0x00,
3359            0x9a,0x00,0x00,
3360            0xe9,0x00,0x00,
3361            0x88,0x84,0x00,
3362            0x00,0x00,0x00,
3363            0x00,0x00,0x00,
3364            
3365            //========Address -- (30),
3366            0x00,0x00,0x00,
3367            0x08,0x00,0x00,
3368            0x88,0x00,0x00,
3369            0x88,0x00,0x00,
3370            0x88,0x00,0x00,
3371            0x88,0x00,0x00,
3372            0x88,0x00,0x00,
3373            0x00,0x00,0x00,
3374            0x00,0x00,0x00,
3375            
3376            //========Address -- (31),
3377            0x00,0x00,0x00,
3378            0x00,0x00,0x00,
3379            0x00,0x00,0x00,
3380            0xbc,0x96,0xc2,
3381            0x88,0x44,0x22,
3382            0x88,0x44,0x22,
3383            0x88,0x44,0x22,
3384            0x00,0x00,0x00,
3385            0x00,0x00,0x00,
3386            
3387            //========Address -- (32),
3388            0x00,0x00,0x00,
3389            0x00,0x00,0x00,
3390            0x00,0x00,0x00,
3391            0xbc,0xc2,0x00,
C51 COMPILER V9.60.0.0   TFONT_ENGLISH                                                     09/24/2026 09:31:48 PAGE 56  

3392            0x88,0x22,0x00,
3393            0x88,0x22,0x00,
3394            0x88,0x22,0x00,
3395            0x00,0x00,0x00,
3396            0x00,0x00,0x00,
3397            
3398            //========Address -- (33),
3399            0x00,0x00,0x00,
3400            0x00,0x00,0x00,
3401            0x00,0x00,0x00,
3402            0x34,0x84,0x00,
3403            0x88,0x22,0x00,
3404            0x88,0x22,0x00,
3405            0x43,0x48,0x00,
3406            0x00,0x00,0x00,
3407            0x00,0x00,0x00,
3408            
3409            //========Address -- (34),
3410            0x00,0x00,0x00,
3411            0x00,0x00,0x00,
3412            0x00,0x00,0x00,
3413            0xbc,0x84,0x00,
3414            0x88,0x22,0x00,
3415            0x88,0x22,0x00,
3416            0x8f,0x48,0x00,
3417            0x88,0x00,0x00,
3418            0x80,0x00,0x00,
3419            
3420            //========Address -- (35),
3421            0x00,0x00,0x00,
3422            0x00,0x00,0x00,
3423            0x00,0x00,0x00,
3424            0x34,0xe2,0x00,
3425            0x88,0x22,0x00,
3426            0x88,0x22,0x00,
3427            0x43,0x6a,0x00,
3428            0x00,0x22,0x00,
3429            0x00,0x20,0x00,
3430            
3431            //========Address -- (36),
3432            0x00,0x00,0x00,
3433            0x00,0x00,0x00,
3434            0x00,0x00,0x00,
3435            0xbc,0x80,0x00,
3436            0x88,0x00,0x00,
3437            0x88,0x00,0x00,
3438            0x88,0x00,0x00,
3439            0x00,0x00,0x00,
3440            0x00,0x00,0x00,
3441            
3442            //========Address -- (37),
3443            0x00,0x00,0x00,
3444            0x00,0x00,0x00,
3445            0x00,0x00,0x00,
3446            0x78,0x84,0x00,
3447            0x86,0x00,0x00,
3448            0x10,0x84,0x00,
3449            0x87,0x48,0x00,
3450            0x00,0x00,0x00,
3451            0x00,0x00,0x00,
3452            
3453            //========Address -- (38),
C51 COMPILER V9.60.0.0   TFONT_ENGLISH                                                     09/24/2026 09:31:48 PAGE 57  

3454            0x00,0x00,0x00,
3455            0x00,0x00,0x00,
3456            0x44,0x00,0x00,
3457            0xf4,0x80,0x00,
3458            0x44,0x00,0x00,
3459            0x44,0x00,0x00,
3460            0x43,0x08,0x00,
3461            0x00,0x00,0x00,
3462            0x00,0x00,0x00,
3463            
3464            //========Address -- (39),
3465            0x00,0x00,0x00,
3466            0x00,0x00,0x00,
3467            0x00,0x00,0x00,
3468            0x88,0x22,0x00,
3469            0x88,0x22,0x00,
3470            0x88,0x22,0x00,
3471            0x87,0x6a,0x00,
3472            0x00,0x00,0x00,
3473            0x00,0x00,0x00,
3474            
3475            //========Address -- (3a),
3476            0x00,0x00,0x00,
3477            0x00,0x00,0x00,
3478            0x00,0x00,0x00,
3479            0x88,0x44,0x00,
3480            0x44,0x88,0x00,
3481            0x43,0x80,0x00,
3482            0x33,0x00,0x00,
3483            0x00,0x00,0x00,
3484            0x00,0x00,0x00,
3485            
3486            //========Address -- (3b),
3487            0x00,0x00,0x00,
3488            0x00,0x00,0x00,
3489            0x00,0x00,0x00,
3490            0x88,0x88,0x88,
3491            0x55,0x55,0x00,
3492            0x55,0x55,0x00,
3493            0x22,0x22,0x00,
3494            0x00,0x00,0x00,
3495            0x00,0x00,0x00,
3496            
3497            //========Address -- (3c),
3498            0x00,0x00,0x00,
3499            0x00,0x00,0x00,
3500            0x00,0x00,0x00,
3501            0x84,0x24,0x00,
3502            0x21,0x80,0x00,
3503            0x12,0x08,0x00,
3504            0x48,0x42,0x00,
3505            0x00,0x00,0x00,
3506            0x00,0x00,0x00,
3507            
3508            //========Address -- (3d),
3509            0x00,0x00,0x00,
3510            0x00,0x00,0x00,
3511            0x00,0x00,0x00,
3512            0x0c,0x03,0x00,
3513            0x42,0x24,0x00,
3514            0x22,0x48,0x00,
3515            0x11,0x80,0x00,
C51 COMPILER V9.60.0.0   TFONT_ENGLISH                                                     09/24/2026 09:31:48 PAGE 58  

3516            0x1e,0x00,0x00,
3517            0x00,0x00,0x00,
3518            
3519            //========Address -- (3e),
3520            0x00,0x00,0x00,
3521            0x00,0x00,0x00,
3522            0x00,0x00,0x00,
3523            0xf0,0xc4,0x00,
3524            0x01,0x80,0x00,
3525            0x24,0x00,0x00,
3526            0x8f,0x0c,0x00,
3527            0x00,0x00,0x00,
3528            0x00,0x00,0x00,
3529            
3530            //========Address -- (3f),
3531            0x00,0x00,0x00,
3532            0x00,0x00,0x00,
3533            0x00,0x00,0x00,
3534            0x00,0x00,0x00,
3535            0x00,0x00,0x00,
3536            0x00,0x00,0x00,
3537            0x03,0x00,0x00,
3538            0x30,0x00,0x00,
3539            0x00,0x00,0x00,
3540            
3541            //========Address -- (40),
3542            0x00,0x00,0x00,
3543            0x00,0x00,0x00,
3544            0x00,0x00,0x00,
3545            0x00,0x06,0x00,
3546            0x00,0x60,0x00,
3547            0x00,0x00,0x00,
3548            0x00,0x06,0x00,
3549            0x00,0x60,0x00,
3550            0x00,0x00,0x00,
3551            
3552            //========Address -- (41),
3553            0x00,0x00,0x00,
3554            0x00,0x00,0x00,
3555            0x00,0x00,0x00,
3556            0x00,0x66,0x00,
3557            0x11,0xff,0x88,
3558            0x00,0x66,0x00,
3559            0x00,0x00,0x00,
3560            0x00,0x00,0x00,
3561            0x00,0x00,0x00,
3562            
3563            //========Address -- (42),
3564            0x00,0x00,0x00,
3565            0x00,0x11,0x88,
3566            0x00,0x33,0x00,
3567            0x00,0x66,0x00,
3568            0x00,0x6c,0x00,
3569            0x00,0xcc,0x00,
3570            0x11,0x88,0x00,
3571            0x33,0x00,0x00,
3572            0x00,0x00,0x00,
3573            
3574            //========Address -- (43),
3575            0x00,0x00,0x00,
3576            0x00,0x00,0x00,
3577            0x00,0x00,0x13,
C51 COMPILER V9.60.0.0   TFONT_ENGLISH                                                     09/24/2026 09:31:48 PAGE 59  

3578            0x00,0x00,0x7f,
3579            0x00,0x11,0xff,
3580            0x00,0x00,0xf7,
3581            0x00,0x00,0x31,
3582            0x00,0x00,0x00,
3583            0x00,0x00,0x00,
3584            
3585            //========Address -- (44),
3586            0x00,0x00,0x00,
3587            0x00,0x00,0x00,
3588            0x8c,0x00,0x00,
3589            0xef,0x00,0x00,
3590            0xff,0x88,0x00,
3591            0xfe,0x00,0x00,
3592            0xc8,0x00,0x00,
3593            0x00,0x00,0x00,
3594            0x00,0x00,0x00,
3595            
3596            //========Address -- (45),
3597            0x00,0x00,0x00,
3598            0x00,0x00,0x00,
3599            0x00,0x00,0x00,
3600            0x00,0x00,0x00,
3601            0x00,0xff,0x00,
3602            0x00,0x00,0x00,
3603            0x00,0x00,0x00,
3604            0x00,0x00,0x00,
3605            0x00,0x00,0x00,
3606            
3607            //========Address -- (46),
3608            0x00,0x00,0x00,
3609            0x04,0x08,0x00,
3610            0x30,0x00,0x00,
3611            0x34,0x08,0x00,
3612            0x8f,0x4c,0x00,
3613            0x88,0x00,0x00,
3614            0x43,0x48,0x00,
3615            0x00,0x00,0x00,
3616            0x00,0x00,0x00,
3617            
3618            //========Address -- (47),
3619            0x00,0x00,0x00,
3620            0x00,0x00,0x00,
3621            0x03,0x4f,0x00,
3622            0x48,0x44,0x84,
3623            0x88,0x44,0x44,
3624            0x84,0x44,0x48,
3625            0x30,0xf4,0x00,
3626            0x00,0x40,0x00,
3627            0x00,0x00,0x00,
3628            
3629            //========Address -- (48),
3630            0x00,0x00,0x00,
3631            0x00,0x00,0x00,
3632            0x00,0x00,0x00,
3633            0x48,0x00,0x84,
3634            0x88,0x88,0x44,
3635            0x88,0x88,0x44,
3636            0xc7,0xc7,0xc8,
3637            0x00,0x00,0x00,
3638            0x00,0x00,0x00,
3639            
C51 COMPILER V9.60.0.0   TFONT_ENGLISH                                                     09/24/2026 09:31:48 PAGE 60  

3640            //========Address -- (49),
3641            0x00,0x00,0x00,
3642            0x00,0x00,0x00,
3643            0x00,0x00,0x00,
3644            0x79,0xe0,0x00,
3645            0x11,0x00,0x00,
3646            0x11,0x00,0x00,
3647            0x10,0x0c,0x00,
3648            0x00,0x00,0x00,
3649            0x00,0x00,0x00,
3650            
3651            //========Address -- (4a),
3652            0x00,0x00,0x00,
3653            0x00,0x00,0x00,
3654            0x00,0x00,0x00,
3655            0x78,0x84,0x00,
3656            0x87,0x08,0x00,
3657            0xc8,0x00,0x00,
3658            0x87,0x48,0x00,
3659            0x00,0x00,0x00,
3660            0x00,0x00,0x00,
3661            
3662            //========Address -- (4b),
3663            0x00,0x00,0x00,
3664            0x00,0x00,0x00,
3665            0x00,0x00,0x00,
3666            0x88,0x00,0x00,
3667            0x88,0x00,0x00,
3668            0x88,0x00,0x00,
3669            0x86,0x00,0x00,
3670            0x00,0x00,0x00,
3671            0x00,0x00,0x00,
3672            
3673            //========Address -- (4c),
3674            0x00,0x00,0x00,
3675            0x00,0x00,0x00,
3676            0x00,0x00,0x00,
3677            0x84,0x22,0x00,
3678            0x44,0x22,0x00,
3679            0x22,0x44,0x00,
3680            0x21,0x80,0x00,
3681            0x00,0x00,0x00,
3682            0x00,0x00,0x00,
3683            
3684            //========Address -- (4d),
3685            0x00,0x00,0x00,
3686            0x01,0x88,0x00,
3687            0x10,0x00,0x00,
3688            0x34,0x84,0x00,
3689            0x88,0x22,0x00,
3690            0x88,0x22,0x00,
3691            0x43,0x48,0x00,
3692            0x00,0x00,0x00,
3693            0x00,0x00,0x00,
3694            
3695            //========Address -- (4e),
3696            0x00,0x00,0x00,
3697            0x00,0x00,0x00,
3698            0x00,0x00,0x00,
3699            0xbc,0x8c,0x00,
3700            0x88,0x44,0x00,
3701            0x88,0x44,0x00,
C51 COMPILER V9.60.0.0   TFONT_ENGLISH                                                     09/24/2026 09:31:48 PAGE 61  

3702            0x88,0x44,0x00,
3703            0x00,0x44,0x00,
3704            0x00,0x40,0x00,
3705            
3706            //========Address -- (4f),
3707            0x00,0x00,0x00,
3708            0x00,0x00,0x00,
3709            0x00,0x00,0x00,
3710            0x34,0x9e,0x00,
3711            0x88,0x66,0x00,
3712            0x88,0x66,0x00,
3713            0x47,0xa3,0x00,
3714            0x00,0x00,0x00,
3715            0x00,0x00,0x00,
3716            
3717            //========Address -- (50),
3718            0x00,0x00,0x00,
3719            0x01,0x88,0x00,
3720            0x10,0x00,0x00,
3721            0xc4,0x42,0x00,
3722            0x44,0x22,0x00,
3723            0x44,0x22,0x00,
3724            0x63,0x6c,0x00,
3725            0x00,0x00,0x00,
3726            0x00,0x00,0x00,
3727            
3728            //========Address -- (51),
3729            0x00,0x00,0x00,
3730            0x03,0x08,0x00,
3731            0x4c,0x42,0x00,
3732            0x88,0x22,0x00,
3733            0xf8,0xe2,0x00,
3734            0x88,0x22,0x00,
3735            0x43,0x48,0x00,
3736            0x00,0x00,0x00,
3737            0x00,0x00,0x00,
3738            
3739            //========Address -- (52),
3740            0x00,0x00,0x00,
3741            0x00,0x00,0x00,
3742            0x08,0x04,0x00,
3743            0x88,0x44,0x00,
3744            0x88,0x44,0x00,
3745            0x8c,0x4c,0x00,
3746            0xf8,0x40,0x00,
3747            0x88,0x00,0x00,
3748            0x00,0x00,0x00,
3749            
3750            //========Address -- (53),
3751            0x00,0x00,0x00,
3752            0x00,0x00,0x00,
3753            0x00,0x00,0x00,
3754            0x34,0xf4,0x00,
3755            0x88,0x22,0x00,
3756            0x88,0x22,0x00,
3757            0x43,0x48,0x00,
3758            0x00,0x00,0x00,
3759            0x00,0x00,0x00,
3760            
3761            //========Address -- (54),
3762            0x00,0x00,0x00,
3763            0x00,0x00,0x00,
C51 COMPILER V9.60.0.0   TFONT_ENGLISH                                                     09/24/2026 09:31:48 PAGE 62  

3764            0x00,0x00,0x00,
3765            0x89,0xc0,0x00,
3766            0xaa,0x00,0x00,
3767            0xf9,0x00,0x00,
3768            0x98,0x8c,0x00,
3769            0x00,0x00,0x00,
3770            0x00,0x00,0x00,
3771            
3772            //========Address -- (55),
3773            0x00,0x00,0x00,
3774            0x00,0x00,0x00,
3775            0x03,0x08,0x00,
3776            0x4c,0x40,0x00,
3777            0x88,0x00,0x00,
3778            0x8c,0x00,0x00,
3779            0x70,0x8c,0x00,
3780            0x00,0x40,0x00,
3781            0x00,0x00,0x00,
3782            
3783            //========Address -- (56),
3784            0x00,0x00,0x00,
3785            0x00,0x00,0x00,
3786            0x0c,0x06,0x00,
3787            0x62,0x4c,0x00,
3788            0x11,0x88,0x00,
3789            0x13,0x88,0x00,
3790            0x26,0xc4,0x00,
3791            0x48,0x63,0x00,
3792            0x00,0x00,0x00,
3793            
3794            //========Address -- (57),
3795            0x00,0x00,0x00,
3796            0x00,0x00,0x00,
3797            0x07,0x08,0x00,
3798            0x48,0x42,0x00,
3799            0x88,0x22,0x00,
3800            0x8c,0x24,0x00,
3801            0xb8,0x80,0x00,
3802            0x88,0x00,0x00,
3803            0x00,0x00,0x00,
3804            
3805            //========Address -- (58),
3806            0x00,0x00,0x00,
3807            0x00,0x26,0x00,
3808            0x00,0x40,0x00,
3809            0x48,0x00,0x84,
3810            0x88,0x88,0x44,
3811            0x88,0x88,0x44,
3812            0xc7,0xc7,0xc8,
3813            0x00,0x00,0x00,
3814            0x00,0x00,0x00,
3815            
3816            //========Address -- (59),
3817            0x00,0x00,0x00,
3818            0x00,0x00,0x00,
3819            0x00,0x00,0x00,
3820            0xfa,0xf2,0x80,
3821            0x22,0x22,0x00,
3822            0x22,0x22,0x00,
3823            0x22,0x21,0x08,
3824            0x00,0x00,0x00,
3825            0x00,0x00,0x00,
C51 COMPILER V9.60.0.0   TFONT_ENGLISH                                                     09/24/2026 09:31:48 PAGE 63  

3826            
3827            //========Address -- (5a),
3828            0x00,0x00,0x00,
3829            0x00,0x00,0x00,
3830            0x04,0x07,0x00,
3831            0xc8,0x98,0x08,
3832            0x88,0x88,0x88,
3833            0x84,0x89,0x80,
3834            0x30,0xe8,0x00,
3835            0x00,0x88,0x00,
3836            0x00,0x00,0x00,
3837            
3838            //========Address -- (5b),
3839            0x00,0x00,0x00,
3840            0x01,0x88,0x00,
3841            0x10,0x00,0x00,
3842            0x34,0x9e,0x00,
3843            0x88,0x66,0x00,
3844            0x88,0x66,0x00,
3845            0x47,0xa3,0x00,
3846            0x00,0x00,0x00,
3847            0x00,0x00,0x00,
3848            
3849            //========Address -- (5c),
3850            0x00,0x00,0x00,
3851            0x0f,0x0f,0x00,
3852            0x88,0x11,0x00,
3853            0x88,0x11,0x00,
3854            0x88,0x11,0x00,
3855            0x88,0x11,0x00,
3856            0x88,0x11,0x00,
3857            0x00,0x00,0x00,
3858            0x00,0x00,0x00,
3859            
3860            //========Address -- (5d),
3861            0x00,0x00,0x00,
3862            0x4c,0x00,0x00,
3863            0x80,0x00,0x00,
3864            0x88,0x00,0x00,
3865            0x88,0x00,0x00,
3866            0x88,0x00,0x00,
3867            0x86,0x00,0x00,
3868            0x00,0x00,0x00,
3869            0x00,0x00,0x00,
3870            
3871            //========Address -- (5e),
3872            0x00,0x00,0x00,
3873            0x00,0x0c,0x00,
3874            0x11,0xc4,0x00,
3875            0x13,0x22,0x00,
3876            0x22,0x21,0x00,
3877            0x44,0x11,0x00,
3878            0x48,0x00,0x88,
3879            0x00,0x00,0x00,
3880            0x00,0x00,0x00,
3881            
3882            //========Address -- (5f),
3883            0x00,0x00,0x00,
3884            0x00,0x00,0x00,
3885            0x00,0x00,0x00,
3886            0xc4,0x42,0x00,
3887            0x44,0x22,0x00,
C51 COMPILER V9.60.0.0   TFONT_ENGLISH                                                     09/24/2026 09:31:48 PAGE 64  

3888            0x44,0x22,0x00,
3889            0x63,0x6c,0x00,
3890            0x00,0x00,0x00,
3891            0x00,0x00,0x00,
3892            
3893            //========Address -- (60),
3894            0x00,0x00,0x00,
3895            0x00,0x00,0x00,
3896            0x0c,0x02,0x00,
3897            0x46,0x22,0x00,
3898            0x22,0x64,0x00,
3899            0x11,0xc8,0x00,
3900            0x11,0x00,0x00,
3901            0x11,0x00,0x00,
3902            0x00,0x00,0x00,
3903            
3904            //========Address -- (61),
3905            0x00,0x00,0x00,
3906            0x03,0x08,0x00,
3907            0x44,0x40,0x00,
3908            0x31,0x08,0x00,
3909            0x68,0x42,0x00,
3910            0x88,0x22,0x00,
3911            0xc7,0x48,0x00,
3912            0x00,0x00,0x00,
3913            0x00,0x00,0x00,
3914            
3915            //========Address -- (62),
3916            0x00,0x00,0x00,
3917            0x13,0x00,0x00,
3918            0x20,0x00,0x00,
3919            0x78,0x84,0x00,
3920            0x87,0x08,0x00,
3921            0xc8,0x00,0x00,
3922            0x87,0x48,0x00,
3923            0x00,0x00,0x00,
3924            0x00,0x00,0x00,
3925            
3926            //========Address -- (63),
3927            0x00,0x00,0x00,
3928            0x07,0x0c,0x00,
3929            0x01,0x80,0x00,
3930            0x24,0x00,0x00,
3931            0x48,0x00,0x00,
3932            0x88,0x00,0x00,
3933            0xc7,0x08,0x00,
3934            0x00,0x44,0x00,
3935            0x00,0x00,0x00,
3936            
3937            //========Address -- (64),
3938            0x00,0x00,0x00,
3939            0x03,0x0e,0x00,
3940            0x64,0x31,0x00,
3941            0x88,0x00,0x88,
3942            0x98,0xc0,0x88,
3943            0x84,0x01,0x80,
3944            0x63,0x3e,0x00,
3945            0x00,0x00,0x00,
3946            0x00,0x00,0x00,
3947            
3948            //========Address -- (65),
3949            0x00,0x00,0x00,
C51 COMPILER V9.60.0.0   TFONT_ENGLISH                                                     09/24/2026 09:31:48 PAGE 65  

3950            0x08,0x08,0x04,
3951            0x88,0x88,0x44,
3952            0x88,0x88,0x44,
3953            0x84,0x88,0x48,
3954            0x30,0xf8,0x00,
3955            0x00,0x88,0x00,
3956            0x00,0x00,0x00,
3957            0x00,0x00,0x00,
3958            
3959            //========Address -- (66),
3960            0x00,0x00,0x00,
3961            0x0f,0x0c,0x00,
3962            0x88,0x00,0x00,
3963            0x88,0x00,0x00,
3964            0x88,0x00,0x00,
3965            0x88,0x00,0x00,
3966            0x88,0x00,0x00,
3967            0x00,0x00,0x00,
3968            0x00,0x00,0x00,
3969            
3970            //========Address -- (67),
3971            0x00,0x00,0x00,
3972            0x00,0x04,0x00,
3973            0x00,0xea,0x00,
3974            0x11,0x11,0x00,
3975            0x22,0x00,0x88,
3976            0x44,0x00,0x44,
3977            0x8f,0x0f,0x2e,
3978            0x00,0x00,0x00,
3979            0x00,0x00,0x00,
3980            
3981            //========Address -- (68),
3982            0x00,0x00,0x00,
3983            0x05,0x0f,0x08,
3984            0xd9,0x00,0x00,
3985            0x11,0x00,0x00,
3986            0x11,0xf0,0x00,
3987            0x11,0x00,0x00,
3988            0x11,0x0f,0x08,
3989            0x00,0x00,0x00,
3990            0x00,0x00,0x00,
3991            
3992            //========Address -- (69),
3993            0x00,0x00,0x00,
3994            0x01,0x08,0x00,
3995            0x30,0x00,0x00,
3996            0x34,0x84,0x00,
3997            0x8f,0x4c,0x00,
3998            0x88,0x00,0x00,
3999            0x43,0x48,0x00,
4000            0x00,0x00,0x00,
4001            0x00,0x00,0x00,
4002            
4003            //========Address -- (6a),
4004            0x00,0x00,0x00,
4005            0x01,0x08,0x00,
4006            0x30,0x00,0x00,
4007            0x34,0x84,0x00,
4008            0x03,0x4c,0x00,
4009            0xc8,0x44,0x00,
4010            0x87,0xc4,0x00,
4011            0x00,0x00,0x00,
C51 COMPILER V9.60.0.0   TFONT_ENGLISH                                                     09/24/2026 09:31:48 PAGE 66  

4012            0x00,0x00,0x00,
4013            
4014            //========Address -- (6b),
4015            0x00,0x00,0x00,
4016            0x06,0x00,0x00,
4017            0xc0,0x00,0x00,
4018            0x88,0x00,0x00,
4019            0x88,0x00,0x00,
4020            0x88,0x00,0x00,
4021            0x88,0x00,0x00,
4022            0x00,0x00,0x00,
4023            0x00,0x00,0x00,
4024            
4025            //========Address -- (6c),
4026            0x00,0x00,0x00,
4027            0x06,0x0c,0x00,
4028            0x60,0xc0,0x00,
4029            0x34,0x84,0x00,
4030            0x88,0x22,0x00,
4031            0x88,0x22,0x00,
4032            0x43,0x48,0x00,
4033            0x00,0x00,0x00,
4034            0x00,0x00,0x00,
4035            
4036            //========Address -- (6d),
4037            0x00,0x00,0x00,
4038            0x06,0x0c,0x00,
4039            0x60,0xc0,0x00,
4040            0x88,0x44,0x00,
4041            0x88,0x44,0x00,
4042            0x88,0x44,0x00,
4043            0xc7,0xc4,0x00,
4044            0x00,0x00,0x00,
4045            0x00,0x00,0x00,
4046            
4047            //========Address -- (6e),
4048            0x00,0x00,0x00,
4049            0x06,0x0c,0x00,
4050            0x60,0xc0,0x00,
4051            0x34,0x84,0x00,
4052            0x03,0x4c,0x00,
4053            0xc8,0x44,0x00,
4054            0x87,0xc4,0x00,
4055            0x00,0x00,0x00,
4056            0x00,0x00,0x00,
4057            
4058            //========Address -- (6f),
4059            0x00,0x00,0x00,
4060            0x00,0x0c,0x00,
4061            0x10,0x80,0x00,
4062            0x34,0x84,0x00,
4063            0x88,0x22,0x00,
4064            0x88,0x22,0x00,
4065            0x43,0x48,0x00,
4066            0x00,0x00,0x00,
4067            0x00,0x00,0x00,
4068            
4069            //========Address -- (70),
4070            0x00,0x0c,0x00,
4071            0x11,0x22,0x00,
4072            0x00,0xcc,0x00,
4073            0x11,0x22,0x00,
C51 COMPILER V9.60.0.0   TFONT_ENGLISH                                                     09/24/2026 09:31:48 PAGE 67  

4074            0x22,0x11,0x00,
4075            0x74,0xf0,0x88,
4076            0x88,0x00,0x44,
4077            0x00,0x00,0x00,
4078            0x00,0x00,0x00,
4079            
4080            //========Address -- (71),
4081            0x00,0x00,0x00,
4082            0x00,0x00,0x00,
4083            0x00,0x00,0x00,
4084            0x88,0x00,0x00,
4085            0x88,0x00,0x00,
4086            0x88,0x00,0x00,
4087            0x88,0x00,0x00,
4088            0x00,0x00,0x00,
4089            0x00,0x00,0x00,
4090            
4091            //========Address -- (72),
4092            0x00,0x00,0x00,
4093            0x03,0x00,0x00,
4094            0x60,0x00,0x00,
4095            0x78,0x84,0x00,
4096            0x86,0x00,0x00,
4097            0x10,0x84,0x00,
4098            0x87,0x48,0x00,
4099            0x00,0x00,0x00,
4100            0x00,0x00,0x00,
4101            
4102            //========Address -- (73),
4103            0x00,0x00,0x00,
4104            0x01,0x08,0x00,
4105            0x30,0x00,0x00,
4106            0x34,0x84,0x00,
4107            0x88,0x00,0x00,
4108            0x88,0x00,0x00,
4109            0x43,0x48,0x00,
4110            0x00,0x00,0x00,
4111            0x00,0x00,0x00,
4112            
4113            //========Address -- (74),
4114            0x00,0x00,0x00,
4115            0x04,0x08,0x00,
4116            0x30,0x00,0x00,
4117            0x34,0x08,0x00,
4118            0x8f,0x4c,0x00,
4119            0x88,0x00,0x00,
4120            0x43,0x48,0x00,
4121            0x00,0x00,0x00,
4122            0x00,0x00,0x00,
4123            
4124            //========Address -- (75),
4125            0x00,0x00,0x00,
4126            0x01,0x02,0x00,
4127            0x20,0x40,0x00,
4128            0x34,0x84,0x00,
4129            0x88,0x22,0x00,
4130            0x88,0x22,0x00,
4131            0x43,0x48,0x00,
4132            0x00,0x00,0x00,
4133            0x00,0x00,0x00,
4134            
4135            //========Address -- (76),
C51 COMPILER V9.60.0.0   TFONT_ENGLISH                                                     09/24/2026 09:31:48 PAGE 68  

4136            0x06,0x06,0x00,
4137            0x60,0x60,0x00,
4138            0x16,0xc3,0x00,
4139            0x48,0x10,0x08,
4140            0x88,0x00,0x88,
4141            0x84,0x01,0x80,
4142            0x61,0x3c,0x00,
4143            0x00,0x00,0x00,
4144            0x00,0x00,0x00,
4145            
4146            //========Address -- (77),
4147            0x00,0x00,0x00,
4148            0x03,0x02,0x00,
4149            0x40,0xc0,0x00,
4150            0x34,0x84,0x00,
4151            0x07,0x4c,0x00,
4152            0x88,0x44,0x00,
4153            0x87,0xc4,0x00,
4154            0x00,0x00,0x00,
4155            0x00,0x00,0x00,
4156            
4157            //========Address -- (78),
4158            0x03,0x08,0x00,
4159            0x44,0x44,0x00,
4160            0x30,0x80,0x00,
4161            0x34,0x84,0x00,
4162            0x07,0x4c,0x00,
4163            0x88,0x44,0x00,
4164            0x87,0xc4,0x00,
4165            0x00,0x00,0x00,
4166            0x00,0x00,0x00,
4167            
4168            //========Address -- (79),
4169            0x00,0x00,0x00,
4170            0x07,0x00,0x00,
4171            0x11,0x08,0x00,
4172            0x01,0x88,0x00,
4173            0x13,0x44,0x00,
4174            0x24,0x22,0x00,
4175            0x48,0x21,0x00,
4176            0x00,0x00,0x00,
4177            0x00,0x00,0x00,
4178            
4179            //========Address -- (7a),
4180            0x00,0x00,0x00,
4181            0x00,0x00,0x00,
4182            0x00,0x00,0x00,
4183            0x78,0x84,0x00,
4184            0x86,0x00,0x00,
4185            0x10,0x84,0x00,
4186            0x87,0x48,0x00,
4187            0x11,0x00,0x00,
4188            0xe0,0x00,0x00,
4189            
4190            //========Address -- (7b),
4191            0x00,0x00,0x00,
4192            0x04,0x00,0x00,
4193            0x44,0x00,0x00,
4194            0x44,0x00,0x00,
4195            0x6c,0x00,0x00,
4196            0x44,0x00,0x00,
4197            0x44,0x00,0x00,
C51 COMPILER V9.60.0.0   TFONT_ENGLISH                                                     09/24/2026 09:31:48 PAGE 69  

4198            0x00,0x00,0x00,
4199            0x00,0x00,0x00,
4200            
4201            //========Address -- (7c),
4202            0x00,0x00,0x00,
4203            0x00,0x00,0x00,
4204            0x00,0x00,0x00,
4205            0x34,0x84,0x00,
4206            0x07,0x4c,0x00,
4207            0x88,0x44,0x00,
4208            0x87,0xc4,0x00,
4209            0x00,0x44,0x00,
4210            0x00,0x20,0x00,
4211            
4212            //========Address -- (7d),
4213            0x00,0x00,0x00,
4214            0x00,0x00,0x00,
4215            0x00,0x00,0x00,
4216            0x34,0x84,0x00,
4217            0x88,0x00,0x00,
4218            0x88,0x00,0x00,
4219            0x43,0x48,0x00,
4220            0x00,0x88,0x00,
4221            0x70,0x00,0x00,
4222            
4223            //========Address -- (7e),
4224            0x06,0x06,0x00,
4225            0x60,0x60,0x00,
4226            0x88,0x11,0x00,
4227            0x88,0x11,0x00,
4228            0x88,0x11,0x00,
4229            0x88,0x11,0x00,
4230            0x43,0x2c,0x00,
4231            0x00,0x00,0x00,
4232            0x00,0x00,0x00,
4233            
4234            //========Address -- (7f),
4235            0x00,0x00,0x00,
4236            0x00,0x08,0x00,
4237            0x10,0x00,0x00,
4238            0xbc,0xc2,0x00,
4239            0x88,0x22,0x00,
4240            0x88,0x22,0x00,
4241            0x88,0x22,0x00,
4242            0x00,0x00,0x00,
4243            0x00,0x00,0x00,
4244            
4245            //========Address -- (80),
4246            0x10,0x2c,0x00,
4247            0x00,0x00,0x00,
4248            0x16,0xe1,0x00,
4249            0x48,0x00,0x00,
4250            0x88,0x00,0x00,
4251            0x84,0x00,0x00,
4252            0x61,0x1e,0x00,
4253            0x00,0x00,0x00,
4254            0x00,0x00,0x00,
4255            
4256            //========Address -- (81),
4257            0x00,0x00,0x00,
4258            0x01,0x08,0x00,
4259            0x30,0x00,0x00,
C51 COMPILER V9.60.0.0   TFONT_ENGLISH                                                     09/24/2026 09:31:48 PAGE 70  

4260            0x88,0x44,0x00,
4261            0x44,0x88,0x00,
4262            0x43,0x80,0x00,
4263            0x33,0x00,0x00,
4264            0x22,0x00,0x00,
4265            0x40,0x00,0x00,
4266            
4267            //========Address -- (82),
4268            0x00,0x00,0x00,
4269            0x03,0x00,0x00,
4270            0x40,0x80,0x00,
4271            0x34,0x08,0x00,
4272            0x8f,0x4c,0x00,
4273            0x88,0x00,0x00,
4274            0x43,0x48,0x00,
4275            0x00,0x00,0x00,
4276            0x00,0x00,0x00,
4277            
4278            //========Address -- (83),
4279            0x03,0x08,0x00,
4280            0x44,0x44,0x00,
4281            0x30,0x80,0x00,
4282            0x88,0x22,0x00,
4283            0x88,0x22,0x00,
4284            0x88,0x22,0x00,
4285            0x87,0x6a,0x00,
4286            0x00,0x00,0x00,
4287            0x00,0x00,0x00,
4288            
4289            //========Address -- (84),
4290            0x00,0x6c,0x00,
4291            0x00,0x00,0x00,
4292            0x01,0xc2,0x00,
4293            0x12,0x21,0x00,
4294            0x22,0x11,0x00,
4295            0x74,0xf0,0x88,
4296            0x88,0x00,0x44,
4297            0x00,0x00,0x00,
4298            0x00,0x00,0x00,
4299            
4300            //========Address -- (85),
4301            0x00,0x00,0x00,
4302            0x00,0x00,0x00,
4303            0x34,0xe1,0x00,
4304            0x88,0x00,0x00,
4305            0x70,0x0e,0x00,
4306            0x08,0x11,0x00,
4307            0x43,0x2c,0x00,
4308            0x00,0x44,0x00,
4309            0x30,0x80,0x00,
4310            
4311            //========Address -- (86),
4312            0x00,0x00,0x00,
4313            0x01,0x08,0x00,
4314            0x30,0x00,0x00,
4315            0xbc,0x8c,0x00,
4316            0x88,0x44,0x00,
4317            0x88,0x44,0x00,
4318            0x88,0x44,0x00,
4319            0x00,0x44,0x00,
4320            0x00,0x40,0x00,
4321            
C51 COMPILER V9.60.0.0   TFONT_ENGLISH                                                     09/24/2026 09:31:48 PAGE 71  

4322            //========Address -- (87),
4323            0x03,0x03,0x00,
4324            0x30,0x30,0x00,
4325            0x01,0xc2,0x00,
4326            0x12,0x21,0x00,
4327            0x22,0x11,0x00,
4328            0x74,0xf0,0x88,
4329            0x88,0x00,0x44,
4330            0x00,0x00,0x00,
4331            0x00,0x00,0x00,
4332            
4333            //========Address -- (88),
4334            0x00,0x00,0x00,
4335            0x03,0x02,0x00,
4336            0x40,0xc0,0x00,
4337            0xbc,0xc2,0x00,
4338            0x88,0x22,0x00,
4339            0x88,0x22,0x00,
4340            0x88,0x22,0x00,
4341            0x00,0x00,0x00,
4342            0x00,0x00,0x00,
4343            
4344            //========Address -- (89),
4345            0x21,0x48,0x00,
4346            0x00,0x00,0x00,
4347            0xf0,0xf1,0x00,
4348            0x00,0x24,0x00,
4349            0x01,0x80,0x00,
4350            0x24,0x00,0x00,
4351            0x8f,0x0f,0x00,
4352            0x00,0x00,0x00,
4353            0x00,0x00,0x00,
4354            
4355            //========Address -- (8a),
4356            0x00,0x00,0x00,
4357            0x01,0x08,0x00,
4358            0x20,0x40,0x00,
4359            0x34,0x84,0x00,
4360            0x07,0x4c,0x00,
4361            0x88,0x44,0x00,
4362            0x87,0xc4,0x00,
4363            0x00,0x00,0x00,
4364            0x00,0x00,0x00,
4365            
4366            //========Address -- (8b),
4367            0x00,0x00,0x00,
4368            0x09,0x00,0x00,
4369            0x60,0x00,0x00,
4370            0xbc,0x80,0x00,
4371            0x88,0x00,0x00,
4372            0x88,0x00,0x00,
4373            0x88,0x00,0x00,
4374            0x00,0x00,0x00,
4375            0x00,0x00,0x00,
4376            
4377            //========Address -- (8c),
4378            0x00,0x00,0x00,
4379            0x21,0x2c,0x00,
4380            0x03,0x0e,0x00,
4381            0x48,0x22,0x00,
4382            0x88,0x22,0x00,
4383            0x84,0x26,0x00,
C51 COMPILER V9.60.0.0   TFONT_ENGLISH                                                     09/24/2026 09:31:48 PAGE 72  

4384            0x30,0xa2,0x00,
4385            0x43,0x48,0x00,
4386            0x00,0x00,0x00,
4387            
4388            //========Address -- (8d),
4389            0x00,0x00,0x00,
4390            0x00,0x00,0x00,
4391            0x00,0x00,0x00,
4392            0x34,0x08,0x00,
4393            0x8f,0x4c,0x00,
4394            0x88,0x00,0x00,
4395            0x43,0x48,0x00,
4396            0x11,0x00,0x00,
4397            0x00,0xc0,0x00,
4398            
4399            //========Address -- (8e),
4400            0x00,0x00,0x00,
4401            0x04,0x08,0x00,
4402            0x30,0x00,0x00,
4403            0x78,0x84,0x00,
4404            0x86,0x00,0x00,
4405            0x10,0x84,0x00,
4406            0x87,0x48,0x00,
4407            0x00,0x00,0x00,
4408            0x00,0x00,0x00,
4409            
4410            //========Address -- (8f),
4411            0x00,0x00,0x00,
4412            0x03,0x00,0x00,
4413            0x30,0x00,0x00,
4414            0xf0,0xc4,0x00,
4415            0x01,0x80,0x00,
4416            0x24,0x00,0x00,
4417            0x8f,0x0c,0x00,
4418            0x00,0x00,0x00,
4419            0x00,0x00,0x00,
4420            
4421            //========Address -- (90),
4422            0x21,0x48,0x00,
4423            0x00,0x00,0x00,
4424            0x34,0xe1,0x00,
4425            0x88,0x00,0x00,
4426            0x70,0x0e,0x00,
4427            0x08,0x11,0x00,
4428            0x43,0x2c,0x00,
4429            0x00,0x00,0x00,
4430            0x00,0x00,0x00,
4431            
4432            //========Address -- (91),
4433            0x00,0x00,0x00,
4434            0x00,0x0c,0x00,
4435            0x10,0x80,0x00,
4436            0x88,0x22,0x00,
4437            0x88,0x22,0x00,
4438            0x88,0x22,0x00,
4439            0x87,0x6a,0x00,
4440            0x00,0x00,0x00,
4441            0x00,0x00,0x00,
4442            
4443            //========Address -- (92),
4444            0x01,0x68,0x00,
4445            0x00,0x00,0x00,
C51 COMPILER V9.60.0.0   TFONT_ENGLISH                                                     09/24/2026 09:31:48 PAGE 73  

4446            0x16,0xc3,0x00,
4447            0x48,0x10,0x08,
4448            0x88,0x00,0x88,
4449            0x84,0x01,0x80,
4450            0x61,0x3c,0x00,
4451            0x00,0x00,0x00,
4452            0x00,0x00,0x00,
4453            
4454            //========Address -- (93),
4455            0x00,0x00,0x00,
4456            0x04,0x02,0x00,
4457            0x79,0xb4,0xe8,
4458            0x42,0xf0,0xc4,
4459            0x15,0xf1,0x44,
4460            0x55,0xf1,0x44,
4461            0x54,0xf0,0x44,
4462            0x40,0x10,0xc0,
4463            0x00,0x00,0x00,
4464            
4465            //========Address -- (94),
4466            0x00,0x00,0x00,
4467            0x02,0x02,0x00,
4468            0x24,0x22,0x00,
4469            0x5c,0xf2,0xc0,
4470            0x44,0x7a,0x08,
4471            0x56,0x22,0x42,
4472            0x44,0xf2,0x80,
4473            0x40,0x20,0x00,
4474            0x00,0x00,0x00,
4475            
4476            //========Address -- (95),
4477            0x00,0x00,0x00,
4478            0x00,0x04,0x00,
4479            0x0f,0x4f,0x0e,
4480            0x88,0x44,0x22,
4481            0x88,0x44,0x22,
4482            0xf0,0xf4,0xe0,
4483            0x00,0x44,0x00,
4484            0x00,0x40,0x00,
4485            0x00,0x00,0x00,
4486            
4487            //========Address -- (96),
4488            0x00,0x00,0x00,
4489            0x00,0x08,0x00,
4490            0x00,0x42,0x00,
4491            0xf1,0xf0,0xf8,
4492            0x00,0x89,0x80,
4493            0x00,0x52,0x00,
4494            0x01,0x58,0x0c,
4495            0xe0,0x00,0x30,
4496            0x00,0x00,0x00,
4497            
4498            //========Address -- (97),
4499            0x00,0x00,0x00,
4500            0x04,0x01,0x00,
4501            0x7d,0xd6,0xe4,
4502            0x75,0xd4,0x48,
4503            0x71,0xd1,0x42,
4504            0x30,0xe8,0x08,
4505            0x72,0xf4,0xc8,
4506            0x40,0xc0,0x40,
4507            0x00,0x00,0x00,
C51 COMPILER V9.60.0.0   TFONT_ENGLISH                                                     09/24/2026 09:31:48 PAGE 74  

4508            
4509            //========Address -- (98),
4510            0x00,0x00,0x00,
4511            0x07,0x02,0x08,
4512            0x55,0xfa,0xea,
4513            0xf8,0xfa,0xea,
4514            0x75,0xf0,0xe0,
4515            0x75,0xf4,0xe4,
4516            0x75,0x72,0xc8,
4517            0x50,0xf0,0xe0,
4518            0x00,0x00,0x00,
4519            
4520            //========Address -- (99),
4521            0x00,0x00,0x00,
4522            0x30,0x80,0xc4,
4523            0xf0,0xe0,0x44,
4524            0x34,0x84,0x46,
4525            0x43,0x48,0x44,
4526            0x00,0x00,0x44,
4527            0x31,0x00,0x00,
4528            0x10,0xf0,0xc0,
4529            0x00,0x00,0x00,
4530            
4531            //========Address -- (9a),
4532            0x00,0x00,0x00,
4533            0x03,0x0f,0x0c,
4534            0x00,0x00,0x44,
4535            0x0f,0x0f,0x8e,
4536            0x00,0x22,0x00,
4537            0x03,0x2f,0x0c,
4538            0x00,0x00,0x44,
4539            0x00,0x00,0x40,
4540            0x00,0x00,0x00,
4541            
4542            //========Address -- (9b),
4543            0x00,0x00,0x00,
4544            0x00,0x00,0xc4,
4545            0x34,0x08,0x44,
4546            0x88,0x47,0x4c,
4547            0x88,0x44,0x44,
4548            0x43,0x80,0x44,
4549            0x00,0x00,0x44,
4550            0x00,0x00,0x40,
4551            0x00,0x00,0x00,
4552            
4553            //========Address -- (9c),
4554            0x00,0x00,0x00,
4555            0x0f,0x0f,0x00,
4556            0x88,0x11,0x00,
4557            0x88,0x11,0x00,
4558            0xf8,0xf1,0x00,
4559            0x88,0x11,0x00,
4560            0x8f,0x1f,0x00,
4561            0x00,0x00,0x00,
4562            0x00,0x00,0x00,
4563            
4564            //========Address -- (9d),
4565            0x00,0x00,0x00,
4566            0x00,0x04,0x00,
4567            0x0f,0x4f,0x0e,
4568            0x00,0x4e,0x00,
4569            0x12,0x54,0x08,
C51 COMPILER V9.60.0.0   TFONT_ENGLISH                                                     09/24/2026 09:31:48 PAGE 75  

4570            0x49,0x4f,0x42,
4571            0x00,0x44,0x00,
4572            0x00,0x00,0x00,
4573            0x00,0x00,0x00,
4574            
4575            //========Address -- (9e),
4576            0x00,0x00,0x00,
4577            0x0f,0x07,0x0c,
4578            0x0f,0x17,0x0c,
4579            0x0f,0x22,0x44,
4580            0x0f,0xf0,0xe0,
4581            0x0f,0x74,0xc4,
4582            0x9f,0x47,0x4c,
4583            0x00,0x00,0x00,
4584            0x00,0x00,0x00,
4585            
4586            //========Address -- (9f),
4587            0x00,0x00,0x00,
4588            0x00,0x00,0x00,
4589            0x01,0xc2,0x00,
4590            0x12,0x21,0x00,
4591            0x22,0x11,0x00,
4592            0x74,0xf0,0x88,
4593            0x88,0x00,0x44,
4594            0x00,0x00,0x00,
4595            0x00,0x00,0x00,
4596            
4597            //========Address -- (a0),
4598            0x00,0x00,0x00,
4599            0x00,0x00,0x00,
4600            0x07,0x08,0x00,
4601            0x80,0x44,0x00,
4602            0x34,0xc4,0x00,
4603            0x88,0x44,0x00,
4604            0x87,0xd2,0x00,
4605            0x00,0x00,0x00,
4606            0x00,0x00,0x00,
4607            
4608            //========Address -- (a1),
4609            0x00,0x00,0x00,
4610            0x0f,0x0f,0x0c,
4611            0x44,0x00,0x40,
4612            0x44,0x00,0x00,
4613            0x74,0xf0,0x08,
4614            0x44,0x00,0x44,
4615            0x4f,0x0f,0x80,
4616            0x00,0x00,0x00,
4617            0x00,0x00,0x00,
4618            
4619            //========Address -- (a2),
4620            0x00,0x00,0x00,
4621            0x00,0x02,0x00,
4622            0x34,0xc0,0x00,
4623            0x8b,0x08,0x00,
4624            0xc8,0x42,0x00,
4625            0x88,0x22,0x00,
4626            0x43,0x48,0x00,
4627            0x00,0x00,0x00,
4628            0x00,0x00,0x00,
4629            
4630            //========Address -- (a3),
4631            0x00,0x00,0x00,
C51 COMPILER V9.60.0.0   TFONT_ENGLISH                                                     09/24/2026 09:31:48 PAGE 76  

4632            0x0f,0x0f,0x00,
4633            0x44,0x00,0x84,
4634            0x44,0x00,0x48,
4635            0x74,0xf0,0x08,
4636            0x44,0x00,0x44,
4637            0x4f,0x0f,0x48,
4638            0x00,0x00,0x00,
4639            0x00,0x00,0x00,
4640            
4641            //========Address -- (a4),
4642            0x00,0x00,0x00,
4643            0x00,0x00,0x00,
4644            0x0f,0x0c,0x00,
4645            0x44,0x22,0x00,
4646            0x47,0x2c,0x00,
4647            0x44,0x22,0x00,
4648            0x4f,0x2c,0x00,
4649            0x00,0x00,0x00,
4650            0x00,0x00,0x00,
4651            
4652            //========Address -- (a5),
4653            0x00,0x00,0x00,
4654            0x0f,0x0f,0x0c,
4655            0x44,0x00,0x40,
4656            0x44,0x00,0x00,
4657            0x44,0x00,0x00,
4658            0x44,0x00,0x00,
4659            0x4e,0x00,0x00,
4660            0x00,0x00,0x00,
4661            0x00,0x00,0x00,
4662            
4663            //========Address -- (a6),
4664            0x00,0x00,0x00,
4665            0x00,0x00,0x00,
4666            0x0f,0x0f,0x00,
4667            0x44,0x10,0x00,
4668            0x44,0x00,0x00,
4669            0x44,0x00,0x00,
4670            0x4e,0x00,0x00,
4671            0x00,0x00,0x00,
4672            0x00,0x00,0x00,
4673            
4674            //========Address -- (a7),
4675            0x00,0x00,0x00,
4676            0x03,0x0f,0x0c,
4677            0x00,0x88,0x88,
4678            0x00,0x88,0x88,
4679            0x11,0x00,0x88,
4680            0x24,0x00,0x88,
4681            0x78,0xf0,0xc2,
4682            0x80,0x00,0x20,
4683            0x00,0x00,0x00,
4684            
4685            //========Address -- (a8),
4686            0x00,0x00,0x00,
4687            0x00,0x00,0x00,
4688            0x31,0xf1,0x80,
4689            0x11,0x11,0x00,
4690            0x12,0x11,0x00,
4691            0x24,0x11,0x00,
4692            0xf8,0xf0,0x88,
4693            0x00,0x00,0x00,
C51 COMPILER V9.60.0.0   TFONT_ENGLISH                                                     09/24/2026 09:31:48 PAGE 77  

4694            0x00,0x00,0x00,
4695            
4696            //========Address -- (a9),
4697            0x00,0x00,0x00,
4698            0x0f,0x0f,0x0c,
4699            0x44,0x00,0x40,
4700            0x44,0x01,0x00,
4701            0x74,0xf1,0x00,
4702            0x44,0x00,0x04,
4703            0x4f,0x0f,0x4c,
4704            0x00,0x00,0x00,
4705            0x00,0x00,0x00,
4706            
4707            //========Address -- (aa),
4708            0x00,0x00,0x00,
4709            0x00,0x00,0x00,
4710            0x03,0x08,0x00,
4711            0x48,0x42,0x00,
4712            0x8f,0x2e,0x00,
4713            0x88,0x00,0x00,
4714            0x43,0x2c,0x00,
4715            0x00,0x00,0x00,
4716            0x00,0x00,0x00,
4717            
4718            //========Address -- (ab),
4719            0x00,0x00,0x00,
4720            0x10,0x10,0x00,
4721            0xf4,0xf0,0xc4,
4722            0x44,0x01,0x40,
4723            0x74,0xf1,0x00,
4724            0x44,0x00,0x04,
4725            0x4f,0x0f,0x4c,
4726            0x00,0x00,0x00,
4727            0x00,0x00,0x00,
4728            
4729            //========Address -- (ac),
4730            0x00,0x00,0x00,
4731            0x04,0x04,0x00,
4732            0x03,0x08,0x00,
4733            0x48,0x42,0x00,
4734            0x8f,0x2e,0x00,
4735            0x88,0x00,0x00,
4736            0x43,0x2c,0x00,
4737            0x00,0x00,0x00,
4738            0x00,0x00,0x00,
4739            
4740            //========Address -- (ad),
4741            0x00,0x00,0x00,
4742            0x08,0x0e,0x02,
4743            0x42,0x44,0x48,
4744            0x21,0x45,0x80,
4745            0x01,0xe5,0x00,
4746            0x24,0x44,0x84,
4747            0x48,0x4e,0x42,
4748            0x00,0x00,0x00,
4749            0x00,0x00,0x00,
4750            
4751            //========Address -- (ae),
4752            0x00,0x00,0x00,
4753            0x00,0x00,0x00,
4754            0x0c,0x0e,0x06,
4755            0x22,0x44,0x88,
C51 COMPILER V9.60.0.0   TFONT_ENGLISH                                                     09/24/2026 09:31:48 PAGE 78  

4756            0x11,0x5f,0x00,
4757            0x22,0x44,0x88,
4758            0x48,0x4e,0x42,
4759            0x00,0x00,0x00,
4760            0x00,0x00,0x00,
4761            
4762            //========Address -- (af),
4763            0x00,0x00,0x00,
4764            0x05,0x0e,0x00,
4765            0x64,0x10,0x08,
4766            0x00,0x01,0x80,
4767            0x00,0xe1,0x00,
4768            0x88,0x00,0x88,
4769            0x43,0x1e,0x00,
4770            0x00,0x00,0x00,
4771            0x00,0x00,0x00,
4772            
4773            //========Address -- (b0),
4774            0x00,0x00,0x00,
4775            0x00,0x00,0x00,
4776            0x0b,0x0c,0x00,
4777            0xc8,0x22,0x00,
4778            0x01,0x2c,0x00,
4779            0x00,0x22,0x00,
4780            0x87,0x2c,0x00,
4781            0x00,0x00,0x00,
4782            0x00,0x00,0x00,
4783            
4784            //========Address -- (b1),
4785            0x00,0x00,0x00,
4786            0x0e,0x00,0x06,
4787            0x44,0x01,0xc4,
4788            0x44,0x22,0x44,
4789            0x44,0x48,0x44,
4790            0x45,0x80,0x44,
4791            0x6c,0x00,0x4e,
4792            0x00,0x00,0x00,
4793            0x00,0x00,0x00,
4794            
4795            //========Address -- (b2),
4796            0x00,0x00,0x00,
4797            0x00,0x00,0x00,
4798            0x0e,0x01,0x0c,
4799            0x44,0x01,0x88,
4800            0x44,0x24,0x88,
4801            0x45,0x80,0x88,
4802            0x6c,0x01,0x8c,
4803            0x00,0x00,0x00,
4804            0x00,0x00,0x00,
4805            
4806            //========Address -- (b3),
4807            0x00,0x00,0x00,
4808            0x00,0x99,0x00,
4809            0xe4,0x60,0x6c,
4810            0x44,0x12,0x44,
4811            0x44,0x44,0x44,
4812            0x45,0x80,0x44,
4813            0x6c,0x00,0x4e,
4814            0x00,0x00,0x00,
4815            0x00,0x00,0x00,
4816            
4817            //========Address -- (b4),
C51 COMPILER V9.60.0.0   TFONT_ENGLISH                                                     09/24/2026 09:31:48 PAGE 79  

4818            0x00,0x00,0x00,
4819            0x01,0x02,0x00,
4820            0x0e,0xc1,0x0c,
4821            0x44,0x01,0x88,
4822            0x44,0x24,0x88,
4823            0x45,0x80,0x88,
4824            0x6c,0x01,0x8c,
4825            0x00,0x00,0x00,
4826            0x00,0x00,0x00,
4827            
4828            //========Address -- (b5),
4829            0x00,0x00,0x00,
4830            0x0e,0x01,0x08,
4831            0x44,0x24,0x40,
4832            0x44,0x48,0x00,
4833            0x74,0x84,0x00,
4834            0x44,0x21,0x00,
4835            0x4e,0x10,0x0c,
4836            0x00,0x00,0x00,
4837            0x00,0x00,0x00,
4838            
4839            //========Address -- (b6),
4840            0x00,0x00,0x00,
4841            0x00,0x00,0x00,
4842            0x0e,0x03,0x00,
4843            0x44,0x44,0x00,
4844            0x47,0x80,0x00,
4845            0x44,0x84,0x00,
4846            0x4e,0x43,0x80,
4847            0x00,0x00,0x00,
4848            0x00,0x00,0x00,
4849            
4850            //========Address -- (b7),
4851            0x00,0x00,0x00,
4852            0x07,0x0f,0x0e,
4853            0x22,0x00,0x44,
4854            0x22,0x00,0x44,
4855            0x22,0x00,0x44,
4856            0x22,0x00,0x44,
4857            0xa4,0x00,0x4e,
4858            0x00,0x00,0x00,
4859            0x00,0x00,0x00,
4860            
4861            //========Address -- (b8),
4862            0x00,0x00,0x00,
4863            0x00,0x00,0x00,
4864            0x00,0x00,0x00,
4865            0x72,0xf1,0x80,
4866            0x22,0x11,0x00,
4867            0x22,0x11,0x00,
4868            0xa4,0x13,0x08,
4869            0x00,0x00,0x00,
4870            0x00,0x00,0x00,
4871            
4872            //========Address -- (b9),
4873            0x00,0x00,0x00,
4874            0x0c,0x00,0x0e,
4875            0x65,0x01,0xc4,
4876            0x54,0x1a,0x44,
4877            0x44,0xa4,0x44,
4878            0x44,0x40,0x44,
4879            0x4e,0x00,0x4e,
C51 COMPILER V9.60.0.0   TFONT_ENGLISH                                                     09/24/2026 09:31:48 PAGE 80  

4880            0x00,0x00,0x00,
4881            0x00,0x00,0x00,
4882            
4883            //========Address -- (ba),
4884            0x00,0x00,0x00,
4885            0x00,0x00,0x00,
4886            0x0e,0x00,0x0e,
4887            0x65,0x01,0xc4,
4888            0x54,0x1a,0x44,
4889            0x44,0xa4,0x44,
4890            0x4e,0x00,0x4e,
4891            0x00,0x00,0x00,
4892            0x00,0x00,0x00,
4893            
4894            //========Address -- (bb),
4895            0x00,0x00,0x00,
4896            0x0e,0x00,0x0e,
4897            0x44,0x00,0x44,
4898            0x44,0x00,0x44,
4899            0x74,0xf0,0xc4,
4900            0x44,0x00,0x44,
4901            0x4e,0x00,0x4e,
4902            0x00,0x00,0x00,
4903            0x00,0x00,0x00,
4904            
4905            //========Address -- (bc),
4906            0x00,0x00,0x00,
4907            0x00,0x00,0x00,
4908            0x0e,0x03,0x08,
4909            0x44,0x11,0x00,
4910            0x47,0x1f,0x00,
4911            0x44,0x11,0x00,
4912            0x4e,0x13,0x08,
4913            0x00,0x00,0x00,
4914            0x00,0x00,0x00,
4915            
4916            //========Address -- (bd),
4917            0x00,0x00,0x00,
4918            0x03,0x0f,0x00,
4919            0x48,0x00,0x84,
4920            0x88,0x00,0x44,
4921            0x88,0x00,0x44,
4922            0x88,0x00,0x44,
4923            0x43,0x0f,0x80,
4924            0x00,0x00,0x00,
4925            0x00,0x00,0x00,
4926            
4927            //========Address -- (be),
4928            0x00,0x00,0x00,
4929            0x00,0x00,0x00,
4930            0x03,0x08,0x00,
4931            0x48,0x42,0x00,
4932            0x88,0x22,0x00,
4933            0x88,0x22,0x00,
4934            0x43,0x48,0x00,
4935            0x00,0x00,0x00,
4936            0x00,0x00,0x00,
4937            
4938            //========Address -- (bf),
4939            0x00,0x00,0x00,
4940            0x0f,0x0f,0x0e,
4941            0x44,0x00,0x44,
C51 COMPILER V9.60.0.0   TFONT_ENGLISH                                                     09/24/2026 09:31:48 PAGE 81  

4942            0x44,0x00,0x44,
4943            0x44,0x00,0x44,
4944            0x44,0x00,0x44,
4945            0x4e,0x00,0x4e,
4946            0x00,0x00,0x00,
4947            0x00,0x00,0x00,
4948            
4949            //========Address -- (c0),
4950            0x00,0x00,0x00,
4951            0x00,0x00,0x00,
4952            0x0f,0x0f,0x08,
4953            0x44,0x11,0x00,
4954            0x44,0x11,0x00,
4955            0x44,0x11,0x00,
4956            0x4e,0x13,0x08,
4957            0x00,0x00,0x00,
4958            0x00,0x00,0x00,
4959            
4960            //========Address -- (c1),
4961            0x00,0x00,0x00,
4962            0x0f,0x0f,0x00,
4963            0x44,0x00,0x84,
4964            0x44,0x00,0x48,
4965            0x74,0xf0,0x00,
4966            0x44,0x00,0x00,
4967            0x4e,0x00,0x00,
4968            0x00,0x00,0x00,
4969            0x00,0x00,0x00,
4970            
4971            //========Address -- (c2),
4972            0x00,0x00,0x00,
4973            0x00,0x00,0x00,
4974            0x05,0x08,0x00,
4975            0xe4,0x44,0x00,
4976            0x44,0x44,0x00,
4977            0x74,0x80,0x00,
4978            0x4e,0x00,0x00,
4979            0x00,0x00,0x00,
4980            0x00,0x00,0x00,
4981            
4982            //========Address -- (c3),
4983            0x00,0x00,0x00,
4984            0x03,0x0f,0x04,
4985            0x48,0x00,0xc4,
4986            0x88,0x00,0x40,
4987            0x88,0x00,0x00,
4988            0x88,0x00,0x04,
4989            0x43,0x0f,0x80,
4990            0x00,0x00,0x00,
4991            0x00,0x00,0x00,
4992            
4993            //========Address -- (c4),
4994            0x00,0x00,0x00,
4995            0x00,0x00,0x00,
4996            0x03,0x08,0x00,
4997            0x48,0x44,0x00,
4998            0x88,0x00,0x00,
4999            0x88,0x02,0x00,
5000            0x43,0x48,0x00,
5001            0x00,0x00,0x00,
5002            0x00,0x00,0x00,
5003            
C51 COMPILER V9.60.0.0   TFONT_ENGLISH                                                     09/24/2026 09:31:48 PAGE 82  

5004            //========Address -- (c5),
5005            0x00,0x00,0x00,
5006            0x0f,0x0f,0x0e,
5007            0x80,0x44,0x20,
5008            0x00,0x44,0x00,
5009            0x00,0x44,0x00,
5010            0x00,0x44,0x00,
5011            0x00,0x4e,0x00,
5012            0x00,0x00,0x00,
5013            0x00,0x00,0x00,
5014            
5015            //========Address -- (c6),
5016            0x00,0x00,0x00,
5017            0x00,0x00,0x00,
5018            0x0f,0x0f,0x08,
5019            0x80,0x88,0x80,
5020            0x00,0x88,0x00,
5021            0x00,0x88,0x00,
5022            0x01,0x8c,0x00,
5023            0x00,0x00,0x00,
5024            0x00,0x00,0x00,
5025            
5026            //========Address -- (c7),
5027            0x00,0x00,0x00,
5028            0x00,0x00,0x00,
5029            0x72,0x10,0xc8,
5030            0x21,0x01,0x80,
5031            0x10,0x1a,0x00,
5032            0x00,0xa4,0x00,
5033            0x09,0x80,0x00,
5034            0x60,0x00,0x00,
5035            0x00,0x00,0x00,
5036            
5037            //========Address -- (c8),
5038            0x00,0x00,0x00,
5039            0x00,0x00,0x00,
5040            0x00,0x00,0x00,
5041            0x06,0x07,0x00,
5042            0x22,0x22,0x00,
5043            0x11,0x44,0x00,
5044            0x09,0x80,0x00,
5045            0x60,0x00,0x00,
5046            0x00,0x00,0x00,
5047            
5048            //========Address -- (c9),
5049            0x00,0x00,0x00,
5050            0x00,0x0e,0x00,
5051            0x03,0x4f,0x08,
5052            0x48,0x44,0x42,
5053            0x88,0x44,0x22,
5054            0x43,0x4f,0x48,
5055            0x00,0x4e,0x00,
5056            0x00,0x00,0x00,
5057            0x00,0x00,0x00,
5058            
5059            //========Address -- (ca),
5060            0x00,0x00,0x00,
5061            0x00,0x00,0x00,
5062            0x10,0xc8,0x00,
5063            0x34,0xe9,0x00,
5064            0x88,0x88,0x88,
5065            0x43,0x9e,0x00,
C51 COMPILER V9.60.0.0   TFONT_ENGLISH                                                     09/24/2026 09:31:48 PAGE 83  

5066            0x01,0x8c,0x00,
5067            0x00,0x00,0x00,
5068            0x00,0x00,0x00,
5069            
5070            //========Address -- (cb),
5071            0x00,0x00,0x00,
5072            0x0e,0x00,0x0e,
5073            0x42,0x00,0x48,
5074            0x10,0x1a,0x00,
5075            0x00,0x4a,0x00,
5076            0x12,0x10,0x08,
5077            0x4e,0x00,0x4e,
5078            0x00,0x00,0x00,
5079            0x00,0x00,0x00,
5080            
5081            //========Address -- (cc),
5082            0x00,0x00,0x00,
5083            0x00,0x00,0x00,
5084            0x0e,0x03,0x08,
5085            0x42,0x12,0x00,
5086            0x10,0x48,0x00,
5087            0x12,0x42,0x00,
5088            0x4e,0x13,0x08,
5089            0x00,0x00,0x00,
5090            0x00,0x00,0x00,
5091            
5092            //========Address -- (cd),
5093            0x00,0x00,0x00,
5094            0x00,0x00,0x00,
5095            0xe4,0x10,0xc8,
5096            0x44,0x00,0x88,
5097            0x44,0x00,0x88,
5098            0x44,0x00,0x88,
5099            0x4f,0x0f,0x8c,
5100            0x00,0x00,0x22,
5101            0x00,0x00,0x00,
5102            
5103            //========Address -- (ce),
5104            0x00,0x00,0x00,
5105            0x00,0x00,0x00,
5106            0xe4,0x31,0x80,
5107            0x44,0x11,0x00,
5108            0x44,0x11,0x00,
5109            0x44,0x11,0x00,
5110            0xf0,0xf0,0x84,
5111            0x00,0x00,0x40,
5112            0x00,0x00,0x00,
5113            
5114            //========Address -- (cf),
5115            0x00,0x00,0x00,
5116            0x0e,0x01,0x0c,
5117            0x44,0x00,0x88,
5118            0x44,0x00,0x88,
5119            0x21,0x1e,0x88,
5120            0x00,0x00,0x88,
5121            0x00,0x01,0x8c,
5122            0x00,0x00,0x00,
5123            0x00,0x00,0x00,
5124            
5125            //========Address -- (d0),
5126            0x00,0x00,0x00,
5127            0x00,0x00,0x00,
C51 COMPILER V9.60.0.0   TFONT_ENGLISH                                                     09/24/2026 09:31:48 PAGE 84  

5128            0x0f,0x03,0x08,
5129            0x44,0x11,0x00,
5130            0x43,0x1f,0x00,
5131            0x00,0x11,0x00,
5132            0x00,0x13,0x08,
5133            0x00,0x00,0x00,
5134            0x00,0x00,0x00,
5135            
5136            //========Address -- (d1),
5137            0x00,0x00,0x00,
5138            0x0e,0x0e,0x0e,
5139            0x44,0x44,0x44,
5140            0x44,0x44,0x44,
5141            0x44,0x44,0x44,
5142            0x44,0x44,0x44,
5143            0x4f,0x4f,0x4e,
5144            0x00,0x00,0x00,
5145            0x00,0x00,0x00,
5146            
5147            //========Address -- (d2),
5148            0x00,0x00,0x00,
5149            0x00,0x00,0x00,
5150            0x0e,0x0e,0x0e,
5151            0x44,0x44,0x44,
5152            0x44,0x44,0x44,
5153            0x44,0x44,0x44,
5154            0x4f,0x4f,0x4e,
5155            0x00,0x00,0x00,
5156            0x00,0x00,0x00,
5157            
5158            //========Address -- (d3),
5159            0x00,0x00,0x00,
5160            0x00,0x00,0x00,
5161            0xe4,0xe4,0xe4,
5162            0x44,0x44,0x44,
5163            0x44,0x44,0x44,
5164            0x44,0x44,0x44,
5165            0x4f,0x4f,0x4e,
5166            0x00,0x00,0x11,
5167            0x00,0x00,0x00,
5168            
5169            //========Address -- (d4),
5170            0x00,0x00,0x00,
5171            0x00,0x00,0x00,
5172            0x0e,0x0e,0x0e,
5173            0x44,0x44,0x44,
5174            0x44,0x44,0x44,
5175            0x44,0x44,0x44,
5176            0x4f,0x4f,0x4e,
5177            0x00,0x00,0x11,
5178            0x00,0x00,0x00,
5179            
5180            //========Address -- (d5),
5181            0x00,0x00,0x00,
5182            0x0f,0x08,0x00,
5183            0x91,0x00,0x00,
5184            0x11,0x0f,0x08,
5185            0x11,0x00,0x42,
5186            0x11,0x00,0x22,
5187            0x13,0x0f,0x48,
5188            0x00,0x00,0x00,
5189            0x00,0x00,0x00,
C51 COMPILER V9.60.0.0   TFONT_ENGLISH                                                     09/24/2026 09:31:48 PAGE 85  

5190            
5191            //========Address -- (d6),
5192            0x00,0x00,0x00,
5193            0x00,0x00,0x00,
5194            0x0f,0x00,0x00,
5195            0xa2,0x00,0x00,
5196            0x23,0x0f,0x00,
5197            0x22,0x00,0x88,
5198            0x27,0x0f,0x80,
5199            0x00,0x00,0x00,
5200            0x00,0x00,0x00,
5201            
5202            //========Address -- (d7),
5203            0x00,0x00,0x00,
5204            0x0e,0x00,0x0e,
5205            0x44,0x00,0x44,
5206            0x47,0x08,0x44,
5207            0x44,0x42,0x44,
5208            0x44,0x22,0x44,
5209            0x4f,0x48,0x4e,
5210            0x00,0x00,0x00,
5211            0x00,0x00,0x00,
5212            
5213            //========Address -- (d8),
5214            0x00,0x00,0x00,
5215            0x00,0x00,0x00,
5216            0x0e,0x00,0x0e,
5217            0x44,0x00,0x44,
5218            0x47,0x0c,0x44,
5219            0x44,0x22,0x44,
5220            0x4f,0x2c,0x4e,
5221            0x00,0x00,0x00,
5222            0x00,0x00,0x00,
5223            
5224            //========Address -- (d9),
5225            0x00,0x00,0x00,
5226            0x0e,0x00,0x00,
5227            0x44,0x00,0x00,
5228            0x47,0x0e,0x00,
5229            0x44,0x10,0x08,
5230            0x44,0x00,0x88,
5231            0x4f,0x1e,0x00,
5232            0x00,0x00,0x00,
5233            0x00,0x00,0x00,
5234            
5235            //========Address -- (da),
5236            0x00,0x00,0x00,
5237            0x00,0x00,0x00,
5238            0x0e,0x00,0x00,
5239            0x44,0x00,0x00,
5240            0x47,0x0e,0x00,
5241            0x44,0x11,0x00,
5242            0x4f,0x1e,0x00,
5243            0x00,0x00,0x00,
5244            0x00,0x00,0x00,
5245            
5246            //========Address -- (db),
5247            0x00,0x00,0x00,
5248            0x0b,0x0c,0x00,
5249            0xc8,0x21,0x00,
5250            0x00,0x00,0x88,
5251            0x10,0xf0,0x88,
C51 COMPILER V9.60.0.0   TFONT_ENGLISH                                                     09/24/2026 09:31:48 PAGE 86  

5252            0x08,0x01,0x80,
5253            0x43,0x2c,0x00,
5254            0x00,0x00,0x00,
5255            0x00,0x00,0x00,
5256            
5257            //========Address -- (dc),
5258            0x00,0x00,0x00,
5259            0x00,0x00,0x00,
5260            0x07,0x08,0x00,
5261            0x80,0x42,0x00,
5262            0x01,0x2e,0x00,
5263            0x08,0x22,0x00,
5264            0x87,0x48,0x00,
5265            0x00,0x00,0x00,
5266            0x00,0x00,0x00,
5267            
5268            //========Address -- (dd),
5269            0x00,0x00,0x00,
5270            0x0e,0x03,0x08,
5271            0x44,0x48,0x42,
5272            0x44,0x88,0x22,
5273            0x74,0x88,0x22,
5274            0x44,0x88,0x22,
5275            0x4e,0x43,0x48,
5276            0x00,0x00,0x00,
5277            0x00,0x00,0x00,
5278            
5279            //========Address -- (de),
5280            0x00,0x00,0x00,
5281            0x00,0x00,0x00,
5282            0x0e,0x03,0x00,
5283            0x44,0x48,0x84,
5284            0x47,0x88,0x44,
5285            0x44,0x88,0x44,
5286            0x4e,0x43,0x80,
5287            0x00,0x00,0x00,
5288            0x00,0x00,0x00,
5289            
5290            //========Address -- (df),
5291            0x00,0x00,0x00,
5292            0x01,0x0f,0x0e,
5293            0x24,0x00,0x44,
5294            0x42,0x00,0x44,
5295            0x10,0xf4,0xc4,
5296            0x01,0x80,0x44,
5297            0x2c,0x00,0x4e,
5298            0x00,0x00,0x00,
5299            0x00,0x00,0x00,
5300            
5301            //========Address -- (e0),
5302            0x00,0x00,0x00,
5303            0x00,0x00,0x00,
5304            0x03,0x0f,0x00,
5305            0x44,0x22,0x00,
5306            0x43,0x2e,0x00,
5307            0x12,0x22,0x00,
5308            0xa4,0x27,0x00,
5309            0x00,0x00,0x00,
5310            0x00,0x00,0x00,
5311            
5312            //========Address -- (e1),
5313            0x00,0x00,0x00,
C51 COMPILER V9.60.0.0   TFONT_ENGLISH                                                     09/24/2026 09:31:48 PAGE 87  

5314            0x04,0x08,0x00,
5315            0x30,0x00,0x00,
5316            0xf0,0xc4,0x00,
5317            0x01,0x80,0x00,
5318            0x24,0x00,0x00,
5319            0x8f,0x0c,0x00,
5320            0x00,0x00,0x00,
5321            0x00,0x00,0x00,
5322            
5323            //========Address -- (e2),
5324            0x00,0x00,0x00,
5325            0x02,0x04,0x00,
5326            0x10,0x80,0x00,
5327            0x34,0x84,0x00,
5328            0x88,0x00,0x00,
5329            0x88,0x00,0x00,
5330            0x43,0x48,0x00,
5331            0x00,0x00,0x00,
5332            0x00,0x00,0x00,
5333            
5334            //========Address -- (e3),
5335            0x13,0x00,0x00,
5336            0x20,0x00,0x00,
5337            0xf8,0xc0,0x00,
5338            0x88,0x00,0x00,
5339            0x8f,0x08,0x00,
5340            0x88,0x00,0x00,
5341            0x88,0x00,0x00,
5342            0xf0,0xc0,0x00,
5343            0x00,0x00,0x00,
5344            
5345            //========Address -- (e4),
5346            0x00,0x0c,0x00,
5347            0x10,0x80,0x00,
5348            0x34,0xe1,0x00,
5349            0x88,0x00,0x00,
5350            0x70,0x0e,0x00,
5351            0x08,0x11,0x00,
5352            0x43,0x2c,0x00,
5353            0x00,0x00,0x00,
5354            0x00,0x00,0x00,
5355            
5356            //========Address -- (e5),
5357            0x00,0x00,0x00,
5358            0x78,0x08,0x00,
5359            0x88,0x88,0x00,
5360            0x9b,0x00,0x00,
5361            0x88,0x84,0x00,
5362            0x8c,0x44,0x00,
5363            0xb8,0x80,0x00,
5364            0x88,0x00,0x00,
5365            0x00,0x00,0x00,
5366            
5367            //========Address -- (e6),
5368            0x00,0x00,0x00,
5369            0x03,0x00,0x00,
5370            0x10,0x80,0x00,
5371            0x34,0x84,0x00,
5372            0x03,0x4c,0x00,
5373            0xc8,0x44,0x00,
5374            0x87,0xc4,0x00,
5375            0x00,0x00,0x00,
C51 COMPILER V9.60.0.0   TFONT_ENGLISH                                                     09/24/2026 09:31:48 PAGE 88  

5376            0x00,0x00,0x00,
5377            
5378            //========Address -- (e7),
5379            0x00,0x00,0x00,
5380            0x12,0x08,0x00,
5381            0x03,0x08,0x00,
5382            0x64,0x44,0x00,
5383            0x74,0xc0,0x00,
5384            0x46,0x04,0x00,
5385            0x30,0x80,0x00,
5386            0x10,0x00,0x00,
5387            0x00,0x00,0x00,
5388            
5389            //========Address -- (e8),
5390            0x00,0x00,0x00,
5391            0x00,0x00,0x00,
5392            0x00,0x00,0x00,
5393            0x72,0xe1,0x00,
5394            0x22,0x11,0x00,
5395            0x22,0x11,0x00,
5396            0x26,0x11,0x00,
5397            0x00,0x00,0x00,
5398            0x00,0x00,0x00,
5399            
5400            //========Address -- (e9),
5401            0x00,0x00,0x00,
5402            0x00,0x00,0x00,
5403            0x00,0x00,0x00,
5404            0x71,0x00,0x70,
5405            0x11,0x00,0x00,
5406            0x00,0x00,0x00,
5407            0x00,0x00,0x00,
5408            0x00,0x00,0x00,
5409            0x00,0x00,0x00,
5410            
5411            //========Address -- (ea),
5412            0x00,0x00,0x00,
5413            0x00,0x00,0x00,
5414            0x00,0x00,0x00,
5415            0xc2,0x10,0xf0,
5416            0x22,0x00,0x00,
5417            0x22,0x00,0x00,
5418            0x22,0x01,0x0f,
5419            0x00,0x00,0x00,
5420            0x00,0x00,0x00,
5421            
5422            //========Address -- (eb),
5423            0x00,0x00,0x00,
5424            0x00,0x00,0x00,
5425            0x00,0x00,0x00,
5426            0x08,0x62,0x31,
5427            0x88,0x22,0x11,
5428            0x88,0x22,0x11,
5429            0x8c,0x27,0x2c,
5430            0x00,0x00,0x00,
5431            0x00,0x00,0x00,
5432            
5433            //========Address -- (ec),
5434            0x00,0x00,0x00,
5435            0x00,0x00,0x00,
5436            0x00,0x07,0x00,
5437            0x00,0x02,0x00,
C51 COMPILER V9.60.0.0   TFONT_ENGLISH                                                     09/24/2026 09:31:48 PAGE 89  

5438            0x00,0x2e,0x00,
5439            0x11,0x2e,0x00,
5440            0x00,0x21,0x0f,
5441            0x00,0x00,0x00,
5442            0x00,0x00,0x00,
5443            
5444            //========Address -- (ed),
5445            0x00,0x00,0x00,
5446            0x00,0x00,0x00,
5447            0x00,0x00,0x00,
5448            0x00,0x00,0x00,
5449            0x01,0x00,0x00,
5450            0x11,0x00,0x00,
5451            0x1e,0x0f,0x0f,
5452            0x00,0x00,0x00,
5453            0x30,0x80,0x00,
5454            
5455            //========Address -- (ee),
5456            0x00,0x00,0x00,
5457            0x00,0x00,0x00,
5458            0x00,0x00,0x00,
5459            0x00,0x00,0x00,
5460            0x00,0x04,0x00,
5461            0x00,0x44,0x00,
5462            0x0f,0x48,0x00,
5463            0x00,0x00,0x01,
5464            0x20,0x10,0xe0,
5465            
5466            //========Address -- (ef),
5467            0x00,0x00,0x00,
5468            0x00,0x00,0x00,
5469            0x00,0x00,0x00,
5470            0x00,0x00,0x00,
5471            0x08,0x00,0x0f,
5472            0x88,0x00,0x96,
5473            0x8f,0x0f,0xa1,
5474            0x80,0x00,0x00,
5475            0x00,0x00,0x00,
5476            
5477            //========Address -- (f0),
5478            0x00,0x00,0x00,
5479            0x00,0x00,0x00,
5480            0x00,0x00,0x02,
5481            0x00,0x00,0x22,
5482            0x00,0x00,0x22,
5483            0x00,0x00,0x22,
5484            0x0f,0x0f,0x2c,
5485            0x00,0x00,0x00,
5486            0x00,0x00,0x00,
5487            
5488            //========Address -- (f1),
5489            0x00,0x00,0x00,
5490            0x00,0x00,0x00,
5491            0x00,0x08,0x00,
5492            0x00,0x88,0x00,
5493            0x00,0x88,0x00,
5494            0x00,0x88,0x00,
5495            0x00,0x88,0x00,
5496            0x00,0x00,0x00,
5497            0x00,0x00,0x00,
5498            
5499          #if(_UKRAINE_SUPPRT == _ON)
C51 COMPILER V9.60.0.0   TFONT_ENGLISH                                                     09/24/2026 09:31:48 PAGE 90  

                //========Address -- (f2), Ukrainian I
                0x00,0x00,0x00,
                0x00,0x00,0x00,
                0xe4,0x00,0x00,
                0x44,0x00,0x00,
                0x44,0x00,0x00,
                0x44,0x00,0x00,
                0x4e,0x00,0x00,
                0x00,0x00,0x00,
                0x00,0x00,0x00,
              #else
5511            //========Address -- (f2),
5512            0x00,0x00,0x00,
5513            0x00,0x06,0x00,
5514            0x01,0x99,0x08,
5515            0x10,0x93,0x80,
5516            0x00,0x66,0x00,
5517            0x00,0x60,0x00,
5518            0x00,0x66,0x00,
5519            0x00,0x00,0x00,
5520            0x00,0x00,0x00,
5521          #endif
5522          
5523          #if(_UZBEK_SUPPRT || (_UKRAINE_SUPPRT == _ON))
                //========Address -- (f3),
                0x00,0x00,0x00,
                0x62,0x00,0x00,
                0x24,0x00,0x00,
                0x00,0x00,0x00,
                0x00,0x00,0x00,
                0x00,0x00,0x00,
                0x00,0x00,0x00,
                0x00,0x00,0x00,
                0x00,0x00,0x00,
                
                //========Address -- (f4),
                0x00,0x00,0x00,
                0x34,0x08,0x00,
                0x43,0x80,0x00,
                0x00,0x00,0x00,
                0x00,0x00,0x00,
                0x00,0x00,0x00,
                0x00,0x00,0x00,
                0x00,0x00,0x00,
                0x00,0x00,0x00,
              #endif
5546          
5547          #if(_UKRAINE_SUPPRT == _ON)
                //========Address -- (f5), Ukrainian i
                0x00,0x00,0x00,
                0x00,0x00,0x00,
                0x80,0x00,0x00,
                0x88,0x00,0x00,
                0x88,0x00,0x00,
                0x88,0x00,0x00,
                0x88,0x00,0x00,
                0x00,0x00,0x00,
                0x00,0x00,0x00,
              
                //========Address -- (f6), Ukrainian Yi
                0x00,0x00,0x00,
                0xa0,0x00,0x00,
C51 COMPILER V9.60.0.0   TFONT_ENGLISH                                                     09/24/2026 09:31:48 PAGE 91  

                0xe4,0x00,0x00,
                0x44,0x00,0x00,
                0x44,0x00,0x00,
                0x44,0x00,0x00,
                0x4e,0x00,0x00,
                0x00,0x00,0x00,
                0x00,0x00,0x00,
              
                //========Address -- (f7), Ukrainian yi
                0x00,0x00,0x00,
                0x00,0x00,0x00,
                0x00,0x00,0x00,
                0xa0,0x00,0x00,
                0x44,0x00,0x00,
                0x44,0x00,0x00,
                0x44,0x00,0x00,
                0x40,0x00,0x00,
                0x00,0x00,0x00,
              
                //========Address -- (f8), Ukrainian Ye
                0x00,0x00,0x00,
                0x00,0x00,0x00,
                0x03,0x08,0x00,
                0x48,0x42,0x00,
                0x8f,0x00,0x00,
                0x88,0x00,0x00,
                0x84,0x24,0x00,
                0x30,0x80,0x00,
                0x00,0x00,0x00,
              
                //========Address -- (f9), Ukrainian ye
                0x00,0x00,0x00,
                0x00,0x00,0x00,
                0x03,0x0c,0x00,
                0x48,0x62,0x00,
                0x8f,0x08,0x00,
                0x88,0x00,0x00,
                0x84,0x26,0x00,
                0x30,0xc0,0x00,
                0x00,0x00,0x00,
              
              
                //========Address -- (fa), Ukrainian Ghe
                0x00,0x00,0x00,
                0x00,0x04,0x00,
                0x0f,0x0c,0x00,
                0x88,0x00,0x00,
                0x88,0x00,0x00,
                0x88,0x00,0x00,
                0x88,0x00,0x00,
                0x80,0x00,0x00,
                0x00,0x00,0x00,
              
                //========Address -- (fb), Ukrainian ghe
                0x00,0x00,0x00,
                0x00,0x00,0x00,
                0x00,0x00,0x00,
                0x00,0x04,0x00,
                0xf8,0x00,0x00,
                0x88,0x00,0x00,
                0x88,0x00,0x00,
                0x80,0x00,0x00,
C51 COMPILER V9.60.0.0   TFONT_ENGLISH                                                     09/24/2026 09:31:48 PAGE 92  

                0x00,0x00,0x00,
              #endif
5626            
5627          
5628          };
5629          #endif
5630          
5631          BYTE GetStringPropExtend_English(DWORD index)
5632          {
5633   1        return  tFONT_ENGLISH[index];
5634   1      }
5635          #endif
5636          
5637          


MODULE INFORMATION:   STATIC OVERLAYABLE
   CODE SIZE        =     14    ----
   CONSTANT SIZE    =   6561    ----
   XDATA SIZE       =   ----    ----
   PDATA SIZE       =   ----    ----
   DATA SIZE        =   ----    ----
   IDATA SIZE       =   ----    ----
   BIT SIZE         =   ----    ----
END OF MODULE INFORMATION.


C51 COMPILATION COMPLETE.  0 WARNING(S),  0 ERROR(S)
