C51 COMPILER V8.12   USERCOMMONADJUST                                                      09/16/2026 20:28:41 PAGE 1   


C51 COMPILER V8.12, COMPILATION OF MODULE USERCOMMONADJUST
OBJECT MODULE PLACED IN .\Output\RL6432_Project\UserCommonAdjust.obj
COMPILER INVOKED BY: c:\Keil\C51\BIN\C51.EXE Kernel\User Common Function\Code\UserCommonAdjust.c LARGE OPTIMIZE(9,SPEED)
                    - INCDIR(.\Output\RL6432;.\Project\Header;.\Pcb;.\Panel;.\Kernel\Device\Header;.\Kernel\Common;.\Kernel\System\Header;.\K
                    -ernel\Scaler\ScalerFunction\Header;.\Kernel\Scaler\ScalerCommonFunction\Header;.\Kernel\Scaler\ScalerFunction\Lib\Header
                    -;.\Kernel\Scaler\ScalerCommonFunction\Lib\Header;.\Kernel\Scaler\RL6432_Series_Scaler\Header;.\Kernel\Scaler\RL6432_Seri
                    -es_Common\Header;.\Kernel\Scaler\RL6432_Series_Scaler\Lib\Header;.\Kernel\Scaler\RL6432_Series_Common\Lib\Header;.\Kerne
                    -l\User Common Function\Header;.\User\RTD Series\RTD2014Function\Header;.\User\RTD Series\RTD2014Osd\Header;.\User\RTD Fa
                    -ctory\Header;.\User\None Series\NoneFunction\Header;.\User\None Series\NoneOsd\Header;.\User\None Factory\Header) DEFINE
                    -(_PROJECT=_RL6432_PROJECT,_SCALER_TYPE=_RL6432_SERIES) DEBUG OBJECTEXTEND PRINT(.\Output\RL6432_Project\UserCommonAdjust
                    -.lst) OBJECT(.\Output\RL6432_Project\UserCommonAdjust.obj)

line level    source

   1          /********************************************************************************/
   2          /*   Copyright (c) 2021 Realtek Semiconductor Corp. All rights reserved.        */
   3          /*                                                                              */
   4          /*   SPDX-License-Identifier: LicenseRef-Realtek-Proprietary                    */
   5          /*                                                                              */
   6          /*   This software component is confidential and proprietary to Realtek         */
   7          /*   Semiconductor Corp. Disclosure, reproduction, redistribution, in whole     */
   8          /*   or in part, of this work and its derivatives without express permission    */
   9          /*   is prohibited.                                                             */
  10          /********************************************************************************/
  11          
  12          //----------------------------------------------------------------------------------------------------
  13          // ID Code      : UserCommonAdjust.c No.0000
  14          // Update Note  :
  15          //----------------------------------------------------------------------------------------------------
  16          
  17          #define __USER_COMMON_ADJUST__
  18          
  19          #include "UserCommonInclude.h"
  20          
  21          //****************************************************************************
  22          // DEFINITIONS / MACROS
  23          //****************************************************************************
  24          
  25          //****************************************************************************
  26          // STRUCT / TYPE / ENUM DEFINITTIONS
  27          //****************************************************************************
  28          
  29          //****************************************************************************
  30          // CODE TABLES
  31          //****************************************************************************
  32          
  33          #if(_VGA_SUPPORT == _ON)
  34          
  35          #if(_DIG_FILTER_ENHANCE_PHASE_ENABLE == _ENABLE)
  36          //----------------------------------------------------------------------------------------------------
  37          // TABLE DIGITAL FILTER ENHANCE PHASE MODE
  38          //----------------------------------------------------------------------------------------------------
  39          #include _DIGITAL_FILTER_ENHANCE_PHASE_TABLE
  40          #endif
  41          
  42          #if(_RINGING_FILTER_SUPPORT == _ON)
  43          //----------------------------------------------------------------------------------------------------
  44          // TABLE RINGING FILTER OFFSET COEFFICIENT
  45          //----------------------------------------------------------------------------------------------------
  46          #include _RINGING_FILTER_TABLE
  47          #endif
C51 COMPILER V8.12   USERCOMMONADJUST                                                      09/16/2026 20:28:41 PAGE 2   

  48          
  49          #endif  // End of #if(_VGA_SUPPORT == _ON)
  50          
  51          
  52          //****************************************************************************
  53          // VARIABLE DECLARATIONS
  54          //****************************************************************************
  55          
  56          #if(_UNIFORMITY_SUPPORT == _ON)
              
              BYTE code tUniformityType[] =
              {
                  _UNIFORMITY_1ST_TABLE_LEVEL,
                  _UNIFORMITY_2ND_TABLE_LEVEL,
                  _UNIFORMITY_3RD_TABLE_LEVEL,
                  _UNIFORMITY_4TH_TABLE_LEVEL,
                  _UNIFORMITY_5TH_TABLE_LEVEL,
                  _UNIFORMITY_6TH_TABLE_LEVEL,
              };
              
              #if(_UNIFORMITY_LEVEL0_SUPPORT == _ON)
              //----------------------------------------------------------------------------------------------------
              // TABLE Uniformity Offset and Decay Address
              //----------------------------------------------------------------------------------------------------
              
              BYTE code tUNIFORMITY_OSD_TYPE_OFFSET_ENABLE_INDEX[] =
              {
                  _UNIFORMITY_OFFSET_TYPE0,
                  _UNIFORMITY_OFFSET_TYPE1,
                  _UNIFORMITY_OFFSET_TYPE2,
                  _UNIFORMITY_OFFSET_TYPE3,
                  _UNIFORMITY_OFFSET_TYPE4,
                  _UNIFORMITY_OFFSET_TYPE5,
              };
              #endif // End of #if(_UNIFORMITY_LEVEL0_SUPPORT == _ON)
              #endif // End of #if(_UNIFORMITY_SUPPORT == _ON)
  84          
  85          //****************************************************************************
  86          // FUNCTION DECLARATIONS
  87          //****************************************************************************
  88          
  89          #if(_VGA_SUPPORT == _ON)
  90          WORD UserCommonAdjustGetAdcClockRange(BYTE ucPar);
  91          void UserCommonAdjustClock(WORD usUserIHTotal);
  92          void UserCommonAdjustPhase(BYTE ucPhase);
  93          
  94          #if(_DIG_FILTER_ENHANCE_PHASE_ENABLE == _ENABLE)
  95          void UserCommonAdjustDigitalFilterEnhancePhase(void);
  96          #endif
  97          
  98          #if(_RINGING_FILTER_SUPPORT == _ON)
  99          void UserCommonAdjustRingingFilter(void);
 100          #endif
 101          #endif
 102          
 103          #if(_DP_EMBEDDED_SWITCH_SUPPORT_TYPE == _DP_EMBEDDED_SWITCH_2_DP)
              void UserCommonAdjustEmbeddedDpSwitch(void);
              #endif
 106          
 107          #if(_TRANSLATOR_SUPPORT == _OFF)
 108          WORD UserCommonAdjustGetHPositionRange(BYTE ucPar);
 109          WORD UserCommonAdjustGetHPositionHBiasValue(void);
C51 COMPILER V8.12   USERCOMMONADJUST                                                      09/16/2026 20:28:41 PAGE 3   

 110          WORD UserCommonAdjustGetVPositionRange(BYTE ucPar);
 111          WORD UserCommonAdjustGetVPositionVBiasValue(void);
 112          void UserCommonAdjustHPosition(BYTE ucUserHPosition);
 113          void UserCommonAdjustVPosition(BYTE ucUserVPosition);
 114          #endif
 115          
 116          BYTE UserCommonAdjustRealValueToPercent(WORD usRealValue, WORD usMax, WORD usMin, WORD usCenter);
 117          WORD UserCommonAdjustPercentToRealValue(BYTE ucPercentValue, WORD usMax, WORD usMin, WORD usCenter);
 118          
 119          #if(_OVERSCAN_SUPPORT == _ON)
              void UserCommonAdjustOverScan(void);
              #endif
 122          
 123          #if(_UNDERSCAN_SUPPORT == _ON)
 124          void UserCommonAdjustUnderScan(void);
 125          #endif
 126          
 127          #if(_ASPECT_RATIO_SUPPORT == _ON)
 128          void UserCommonAdjustAspectRatio(void);
 129          #endif
 130          
 131          #if(_DISPLAY_ROTATION_SUPPORT == _ON)
 132          void UserCommonAdjustRotationInputSize(void);
 133          void UserCommonAdjustRotationDisplaySize(void);
 134          #endif
 135          
 136          #if(_I_DITHER_SUPPORT == _ON)
 137          void UserCommonAdjustIDither(void);
 138          #endif
 139          
 140          #if(_RGB_QUANTIZATION_RANGE_SUPPORT == _ON)
 141          void UserCommonAdjustRGBQuantizationRange(void);
 142          #endif
 143          
 144          #if(_ULTRA_VIVID_SUPPORT == _ON)
              void UserCommonAdjustUltraVivid(EnumFunctionOnOFF enumFunctionOnOFF, EnumColorSpace enumColorFormat, EnumD
             -BApply enumDBApply);
              #endif
 147          
 148          #if(_D_DITHER_SUPPORT == _ON)
 149          void UserCommonAdjustDDither(void);
 150          #endif
 151          
 152          #if(_CONTRAST_6BIT_PANEL_COMPENSATE == _ON)
              WORD UserCommonAdjust6bitPanelCompensate(WORD usData);
              #endif
 155          
 156          // 10  bit Panel
 157          WORD UserCommonAdjust10bitPanelCompensate(WORD usData);
 158          
 159          #if(_SHARPNESS_SUPPORT == _ON)
 160          void UserCommonAdjustSharpness(EnumSourceSearchPort enumSourceSearchPort);
 161          #endif
 162          
 163          #if(_FREEZE_SUPPORT == _ON)
              void UserCommonAdjustDisplayFreeze(bit bEn);
              #endif
 166          
 167          #if(_UNIFORMITY_SUPPORT == _ON)
              BYTE UserCommonAdjustGetUniformityType(BYTE ucIndex);
              void UserCommonAdjustPanelUniformity(EnumUniformityTypeSelect enumUniformityType, EnumUniformityModeSelect
             - enumUniformityMode);
C51 COMPILER V8.12   USERCOMMONADJUST                                                      09/16/2026 20:28:41 PAGE 4   

              BYTE UserCommonAdjustPanelUniformityGainBank(EnumUniformityTypeSelect enumUniformityType);
              WORD UserCommonAdjustPanelUniformityGainAddr(EnumUniformityTypeSelect enumUniformityType);
              #if(_UNIFORMITY_LEVEL0_SUPPORT == _ON)
              BYTE UserCommonAdjustPanelUniformityOffsetBank(EnumUniformityTypeSelect enumUniformityType);
              WORD UserCommonAdjustPanelUniformityOffsetAddr(EnumUniformityTypeSelect enumUniformityType);
              WORD UserCommonAdjustPanelUniformityDecayAddr(EnumUniformityTypeSelect enumUniformityType);
              #endif
              #endif
 178          
 179          #if(_OGC_SUPPORT == _ON)
              void UserCommonAdjustOGCColorTempGain(BYTE ucColorTemp, BYTE ucGammaMode, BYTE *pucData, EnumOGCModeSelect
             - enumOGCModeSelect);
              #endif
 182          
 183          #if((_OGC_SUPPORT == _ON) || (_OCC_SUPPORT == _ON) || (_OGC_DICOM_SUPPORT == _ON))
 184          BYTE UserCommonAdjustOGCBank(EnumOGCTypeSelect enumOGCTypeSelect, EnumOGCModeSelect enumOGCModeSelect);
 185          BYTE *UserCommonAdjustOGCAddr(EnumOGCTypeSelect enumOGCTypeSelect, EnumOGCModeSelect enumOGCModeSelect);
 186          #if(_OGC_DICOM_SUPPORT == _ON)
              BYTE UserCommonAdjustDICOMBank(EnumDICOMTypeSelect enumDICOMTypeSelect);
              BYTE *UserCommonAdjustDICOMAddr(EnumDICOMTypeSelect enumDICOMTypeSelect);
              #endif
 190          #endif
 191          
 192          #if(_PCM_FUNCTION == _ON)
 193          void UserCommonAdjustPCM(EnumPCMType enumPCMMode, BYTE *pucIGammaTableArray, BYTE *pucOGammaTableArray, BY
             -TE *pucColorMatrixArray, BYTE ucPCMBankNum, WORD usLength);
 194          #if(_OCC_PCM_GAMMA_SUPPORT == _ON)
              WORD UserCommonAdjustOCCPCMGammaGetTableAddress(EnumOCCPCMGammaType enumOCCPCMGammaType);
              WORD UserCommonAdjustOCCPCMGammaGetsRGBCTTableAddress(EnumOCCPCMGammaCTMatrix enumOCCPCMGammaCTMatrix, Enu
             -mOGCModeSelect enumOGCModeSelect);
              #endif
 198          #endif
 199          
 200          #if(_GAMMA_FUNCTION == _ON)
 201          void UserCommonAdjustGamma(BYTE *pucOGammaTableArray, BYTE ucGammaBankNum);
 202          void UserCommonAdjustGammaRegionEnable(EnumFunctionOnOFF enumOn);
 203          #endif
 204          
 205          #if(_SDR_TO_HDR_SUPPORT == _ON)
              void UserCommonAdjustSDRToHDR(BYTE *pucIGammaTableArray, BYTE *pucICMTableArray, BYTE *pucDCCTableArray, B
             -YTE ucSDRtoHDRBank);
              #endif
 208          
 209          #if(_GLOBAL_HUE_SATURATION == _ON)
 210          void UserCommonAdjustGlobalHueSat(SWORD shHue, WORD usSat);
 211          #if(_GLOBAL_COLOR_CONVERT_HUE_SATURATION_FUNCTION == _ON)
              void UserCommonAdjustColorConvertHueSat(SWORD shHue, WORD usSat);
              #endif
 214          #endif
 215          
 216          #if(_CONTRAST_BY_SRGB_SUPPORT == _ON)
              void UserCommonAdjustContrastBysRGB(WORD *pusData);
              #endif
 219          
 220          #if(_DYNAMIC_COLOR_AUTO_MEASURE == _ON)
              void UserCommonAdjustColorSetDynamicColorInitialBoundary(WORD usDHStart, WORD usDHEnd, WORD usDVStart, WOR
             -D usDVEnd);
              void UserCommonAdjustColorSetAutoMeasure(BYTE ucColor);
              bit UserCommonAdjustColorGetDynamicColorMeasureResult(BYTE *pucMeasureResult, bit bWait);
              #endif
 225          
 226          //****************************************************************************
C51 COMPILER V8.12   USERCOMMONADJUST                                                      09/16/2026 20:28:41 PAGE 5   

 227          // FUNCTION DEFINITIONS
 228          //****************************************************************************
 229          
 230          #if(_VGA_SUPPORT == _ON)
 231          //--------------------------------------------------
 232          // Description  : Check if the ADC clock (IHTotal) is out of range. Range = (BackPorch + FrontPorch) * 2 /
             - 5 .
 233          // Input Value  : usClock   --> ADC Clock (IHTotal)
 234          // Output Value : Return _TRUE if not out of range
 235          //--------------------------------------------------
 236          WORD UserCommonAdjustGetAdcClockRange(BYTE ucPar)
 237          {
 238   1          WORD usDelta1 = 0;
 239   1          WORD usDelta2 = 0;
 240   1          WORD usDelta = 0;
 241   1      
 242   1          usDelta1 = GET_ADC_LIMIT_CLOCK() - g_stVGAModeUserData.usCenterClock;
 243   1      
 244   1          usDelta2 = g_stVGAModeUserData.usCenterClock - ScalerVgaTopGetCaptureHStartPosition() - ScalerVgaTopGe
             -tCaptureHWidth();
 245   1      
 246   1          usDelta = (usDelta1 < usDelta2) ? usDelta1 : usDelta2;
 247   1      
 248   1          if(ucPar == _GET_CLOCKRANGE_MAX)
 249   1          {
 250   2              if(usDelta < _CLOCK_BIAS)
 251   2              {
 252   3                  return (g_stVGAModeUserData.usCenterClock + usDelta);
 253   3              }
 254   2              else
 255   2              {
 256   3                  return (g_stVGAModeUserData.usCenterClock + _CLOCK_BIAS);
 257   3              }
 258   2          }
 259   1          else if(ucPar == _GET_CLOCKRANGE_MIN)
 260   1          {
 261   2              if(usDelta < _CLOCK_BIAS)
 262   2              {
 263   3                  return (g_stVGAModeUserData.usCenterClock - usDelta);
 264   3              }
 265   2              else
 266   2              {
 267   3                  return (g_stVGAModeUserData.usCenterClock - _CLOCK_BIAS);
 268   3              }
 269   2          }
 270   1      
 271   1          return (g_stVGAModeUserData.usCenterClock);
 272   1      }
 273          
 274          //--------------------------------------------------
 275          // Description  : Adjust clock.
 276          // Input Value  : usUserIHTotal --> OSD Value(0~100) or Real Value
 277          // Output Value : None
 278          //--------------------------------------------------
 279          void UserCommonAdjustClock(WORD usUserIHTotal)
 280          {
 281   1      #if(_AUTO_CLOCK_SAVE_VALUE_OPTION == _CLOCK_SAVE_PERCENT_VALUE)
 282   1      
 283   1          WORD usClockRangeMax = 0;
 284   1          WORD usClockRangeMin = 0;
 285   1      
 286   1          usClockRangeMax = UserCommonAdjustGetAdcClockRange(_GET_CLOCKRANGE_MAX);
C51 COMPILER V8.12   USERCOMMONADJUST                                                      09/16/2026 20:28:41 PAGE 6   

 287   1          usClockRangeMin = UserCommonAdjustGetAdcClockRange(_GET_CLOCKRANGE_MIN);
 288   1          usUserIHTotal = UserCommonAdjustPercentToRealValue((BYTE)usUserIHTotal, usClockRangeMax, usClockRangeM
             -in, (((usClockRangeMax - usClockRangeMin) / 2) + usClockRangeMin));
 289   1      
 290   1      #endif
 291   1      
 292   1          ScalerGlobalWatchDog(_DISABLE);
 293   1      
 294   1          ScalerAPLLFastLockAdjust(usUserIHTotal);
 295   1      
 296   1          ScalerGlobalWatchDog(_ENABLE);
 297   1      }
 298          
 299          //--------------------------------------------------
 300          // Description  : Adjust phase
 301          // Input Value  : ucPhase --> phase value
 302          // Output Value : None
 303          //--------------------------------------------------
 304          void UserCommonAdjustPhase(BYTE ucPhase)
 305          {
 306   1          ucPhase = UserCommonAdjustPercentToRealValue(ucPhase, _ADJUST_PHASE_MAX, _ADJUST_PHASE_MIN, _ADJUST_PH
             -ASE_CENTER);
 307   1      
 308   1          ScalerGlobalWatchDog(_DISABLE);
 309   1      
 310   1          ScalerPLLSetPhase(ucPhase, UserCommonModeSearchGetModetableTimingDataItem(g_stVGAModeUserData.ucModeNu
             -mber, _IVFREQ));
 311   1      
 312   1          ScalerGlobalWatchDog(_ENABLE);
 313   1      }
 314          
 315          #if(_DIG_FILTER_ENHANCE_PHASE_ENABLE == _ENABLE)
 316          //--------------------------------------------------
 317          // Description  : Adjust Digital Filter Enhanced Phase Mode
 318          // Input Value  : None
 319          // Output Value : None
 320          //--------------------------------------------------
 321          void UserCommonAdjustDigitalFilterEnhancePhase(void)
 322          {
 323   1          BYTE ucI = 0;
 324   1          BYTE ucTemp = 0;
 325   1          BYTE ucSpan = 0;
 326   1          SWORD shTemp = 0;
 327   1          WORD usPixelRate = (ScalerSyncGetInputPixelClk() + 5) / 10;
 328   1      
 329   1          if(usPixelRate <= tDF_ENHANCE_PHASE_SETTING[0])
 330   1          {
 331   2              pData[0] = tDF_ENHANCE_PHASE_SETTING[1];
 332   2              pData[1] = tDF_ENHANCE_PHASE_SETTING[2];
 333   2              pData[2] = tDF_ENHANCE_PHASE_SETTING[3];
 334   2          }
 335   1          else if(usPixelRate >= tDF_ENHANCE_PHASE_SETTING[sizeof(tDF_ENHANCE_PHASE_SETTING) - 4])
 336   1          {
 337   2              pData[0] = tDF_ENHANCE_PHASE_SETTING[sizeof(tDF_ENHANCE_PHASE_SETTING) - 3];
 338   2              pData[1] = tDF_ENHANCE_PHASE_SETTING[sizeof(tDF_ENHANCE_PHASE_SETTING) - 2];
 339   2              pData[2] = tDF_ENHANCE_PHASE_SETTING[sizeof(tDF_ENHANCE_PHASE_SETTING) - 1];
 340   2          }
 341   1          else
 342   1          {
 343   2              for(ucI = 1; tDF_ENHANCE_PHASE_SETTING[ucI * 4] < usPixelRate; ucI++) {}
 344   2      
 345   2              ucI--;
C51 COMPILER V8.12   USERCOMMONADJUST                                                      09/16/2026 20:28:41 PAGE 7   

 346   2      
 347   2              ucTemp = usPixelRate - tDF_ENHANCE_PHASE_SETTING[ucI * 4];
 348   2              ucSpan = tDF_ENHANCE_PHASE_SETTING[(ucI + 1) * 4] - tDF_ENHANCE_PHASE_SETTING[ucI * 4];
 349   2      
 350   2              shTemp = tDF_ENHANCE_PHASE_SETTING[((ucI + 1) * 4) + 1] - tDF_ENHANCE_PHASE_SETTING[(ucI * 4) + 1]
             -;
 351   2              pData[0] = tDF_ENHANCE_PHASE_SETTING[(ucI * 4) + 1] + (SWORD)ucTemp * shTemp / ucSpan;
 352   2      
 353   2              shTemp = tDF_ENHANCE_PHASE_SETTING[((ucI + 1) * 4) + 2] - tDF_ENHANCE_PHASE_SETTING[(ucI * 4) + 2]
             -;
 354   2              pData[1] = tDF_ENHANCE_PHASE_SETTING[(ucI * 4) + 2] + (SWORD)ucTemp * shTemp / ucSpan;
 355   2      
 356   2              shTemp = tDF_ENHANCE_PHASE_SETTING[((ucI + 1) * 4) + 3] - tDF_ENHANCE_PHASE_SETTING[(ucI * 4) + 3]
             -;
 357   2              pData[2] = tDF_ENHANCE_PHASE_SETTING[(ucI * 4) + 3] + (SWORD)ucTemp * shTemp / ucSpan;
 358   2          }
 359   1      
 360   1          ScalerColorDigitalFilterEnhancePhaseAdjust(pData);
 361   1      }
 362          #endif // End of #if(_DIG_FILTER_ENHANCE_PHASE_ENABLE == _ENABLE)
 363          
 364          
 365          #if(_RINGING_FILTER_SUPPORT == _ON)
 366          //--------------------------------------------------
 367          // Description  : Adjust Ringing Filter
 368          // Input Value  : None
 369          // Output Value : None
 370          //--------------------------------------------------
 371          void UserCommonAdjustRingingFilter(void)
 372          {
 373   1          BYTE ucI = 0;
 374   1          BYTE ucTemp = 0;
 375   1          BYTE ucSpan = 0;
 376   1          SWORD shTemp = 0;
 377   1          WORD usPixelRate = (ScalerSyncGetInputPixelClk() + 5) / 10;
 378   1      
 379   1          if(usPixelRate <= tRF_OFFSET_COEF_SETTING[0])
 380   1          {
 381   2              pData[0] = tRF_OFFSET_COEF_SETTING[1];
 382   2          }
 383   1          else if(usPixelRate >= tRF_OFFSET_COEF_SETTING[sizeof(tRF_OFFSET_COEF_SETTING) - 2])
 384   1          {
 385   2              pData[0] = tRF_OFFSET_COEF_SETTING[sizeof(tRF_OFFSET_COEF_SETTING) - 1];
 386   2          }
 387   1          else
 388   1          {
 389   2              for(ucI = 1; tRF_OFFSET_COEF_SETTING[ucI * 2] < usPixelRate; ucI++) {}
 390   2      
 391   2              ucI--;
 392   2      
 393   2              ucTemp = usPixelRate - tRF_OFFSET_COEF_SETTING[ucI * 2];
 394   2              ucSpan = tRF_OFFSET_COEF_SETTING[(ucI + 1) * 2] - tRF_OFFSET_COEF_SETTING[ucI * 2];
 395   2      
 396   2              shTemp = tRF_OFFSET_COEF_SETTING[((ucI + 1) * 2) + 1] - tRF_OFFSET_COEF_SETTING[(ucI * 2) + 1];
 397   2              pData[0] = tRF_OFFSET_COEF_SETTING[(ucI * 2) + 1] + (SWORD)ucTemp * shTemp / ucSpan;
 398   2          }
 399   1      
 400   1          ScalerColorRingingFilterAdjust(pData);
 401   1      }
 402          #endif // End of #if(_RINGING_FILTER_SUPPORT == _ON)
 403          #endif // End of #if(_VGA_SUPPORT == _ON)
 404          
C51 COMPILER V8.12   USERCOMMONADJUST                                                      09/16/2026 20:28:41 PAGE 8   

 405          #if(_DP_EMBEDDED_SWITCH_SUPPORT_TYPE == _DP_EMBEDDED_SWITCH_2_DP)
              //--------------------------------------------------
              // Description  : Check embedded DP switch status
              // Input Value  : None
              // Output Value : None
              //--------------------------------------------------
              void UserCommonAdjustEmbeddedDpSwitch(void)
              {
                  // Proceed if not DP
                  if(SysSourceGetSourceType() == _SOURCE_DP)
                  {
                      return;
                  }
                  else
                  {
                      // Proceed when in steady states
                      switch(SysModeGetModeState())
                      {
                          case _MODE_STATUS_ACTIVE:
                          case _MODE_STATUS_NOSUPPORT:
                              break;
              
                          default:
                              return;
                      }
                  }
              
                  UserInterfaceEmbeddedDpSwitch();
              }
              #endif
 435          
 436          #if(_TRANSLATOR_SUPPORT == _OFF)
 437          //--------------------------------------------------
 438          // Description  : Get Max or Min H-Position
 439          // Input Value  : ucPar--> Max or Min paramater
 440          // Output Value : Max or Min H-Position
 441          //--------------------------------------------------
 442          WORD UserCommonAdjustGetHPositionRange(BYTE ucPar)
 443          {
 444   1          WORD usDeltaIHWidthOverScan = 0;
 445   1          WORD usIHWidth = 0;
 446   1      
 447   1      #if(_VGA_SUPPORT == _ON)
 448   1          if(SysSourceGetSourceType() == _SOURCE_VGA)
 449   1          {
 450   2              usIHWidth = UserCommonModeSearchGetModetableTimingDataItem(g_stVGAModeUserData.ucModeNumber, _IHWI
             -DTH);
 451   2      
 452   2      #if((_OVERSCAN_SUPPORT == _ON) && (_VGA_CAPTURE_SUPPORT == _OFF))
                      if(UserInterfaceGetOverScanStatus() == _TRUE)
                      {
                          if(usIHWidth >= ScalerVgaTopGetCaptureHWidth())
                          {
              #if(_FORMAT_CONVERSION_SUPPORT == _ON)
                              if(ScalerFmtCnvFtoPGetStatus() == _TRUE)
                              {
                                  usDeltaIHWidthOverScan = ((usIHWidth - ScalerVgaTopGetCaptureHWidth()));
                              }
                              else
              #endif
                              {
                                  usDeltaIHWidthOverScan = ((usIHWidth - ScalerVgaTopGetCaptureHWidth()) / 2);
C51 COMPILER V8.12   USERCOMMONADJUST                                                      09/16/2026 20:28:41 PAGE 9   

                              }
                          }
                      }
              #endif
 470   2          }
 471   1          else
 472   1      #endif
 473   1          {
 474   2              usIHWidth = GET_INPUT_TIMING_HWIDTH();
 475   2      
 476   2      #if(_OVERSCAN_SUPPORT == _ON)
                      if(UserInterfaceGetOverScanStatus() == _TRUE)
                      {
                          if(usIHWidth >= ScalerVgipGetCaptureHWidth())
                          {
              #if(_FORMAT_CONVERSION_SUPPORT == _ON)
                              if(ScalerFmtCnvFtoPGetStatus() == _TRUE)
                              {
                                  usDeltaIHWidthOverScan = ((usIHWidth - ScalerVgipGetCaptureHWidth()));
                              }
                              else
              #endif
                              {
                                  usDeltaIHWidthOverScan = ((usIHWidth - ScalerVgipGetCaptureHWidth()) / 2);
                              }
                          }
                      }
              #endif
 494   2          }
 495   1      
 496   1      #if(_DISPLAY_ROTATION_SUPPORT == _ON)
 497   1      #if(_OVERSCAN_SUPPORT == _ON)
                  if(UserInterfaceGetOverScanStatus() == _FALSE)
              #endif
 500   1          {
 501   2              if((ScalerRotationCheckStatus() == _TRUE) && (GET_ROT_DISP_SIZE() == _ROT_PIXEL_BY_PIXEL))
 502   2              {
 503   3                  if((GET_ROT_TYPE() == _ROT_CW90) || (GET_ROT_TYPE() == _ROT_CW270))
 504   3                  {
 505   4                      if(_PANEL_DV_HEIGHT < usIHWidth)
 506   4                      {
 507   5                          usDeltaIHWidthOverScan = (usIHWidth - _PANEL_DV_HEIGHT);
 508   5                      }
 509   4                  }
 510   3                  else if(GET_ROT_TYPE() == _ROT_CW180)
 511   3                  {
 512   4                      // Calculate / Set H
 513   4                      if(_PANEL_DH_WIDTH < usIHWidth)
 514   4                      {
 515   5                          usDeltaIHWidthOverScan = (usIHWidth - _PANEL_DH_WIDTH);
 516   5                      }
 517   4                  }
 518   3              }
 519   2          }
 520   1      #endif
 521   1      
 522   1      #if(_VGA_SUPPORT == _ON)
 523   1          if(SysSourceGetSourceType() == _SOURCE_VGA)
 524   1          {
 525   2              if(ucPar == _GET_HPOSITIONRANGE_MAX)
 526   2              {
 527   3                  return (g_stVGAModeUserData.usCenterHPosition + usDeltaIHWidthOverScan + _HPOSITION_BIAS);
C51 COMPILER V8.12   USERCOMMONADJUST                                                      09/16/2026 20:28:41 PAGE 10  

 528   3              }
 529   2              else if(ucPar == _GET_HPOSITIONRANGE_MIN)
 530   2              {
 531   3                  return (g_stVGAModeUserData.usCenterHPosition + usDeltaIHWidthOverScan - _HPOSITION_BIAS);
 532   3              }
 533   2              else
 534   2              {
 535   3                  return (g_stVGAModeUserData.usCenterHPosition);
 536   3              }
 537   2          }
 538   1          else
 539   1      #endif
 540   1          {
 541   2              if(ucPar == _GET_HPOSITIONRANGE_MAX)
 542   2              {
 543   3                  return (GET_INPUT_TIMING_HSTART() + usDeltaIHWidthOverScan + _HPOSITION_BIAS);
 544   3              }
 545   2              else if(ucPar == _GET_HPOSITIONRANGE_MIN)
 546   2              {
 547   3                  return (GET_INPUT_TIMING_HSTART() + usDeltaIHWidthOverScan - _HPOSITION_BIAS);
 548   3              }
 549   2              else
 550   2              {
 551   3                  return (GET_INPUT_TIMING_HSTART() + usDeltaIHWidthOverScan);
 552   3              }
 553   2          }
 554   1      }
 555          
 556          //--------------------------------------------------
 557          // Description  : Get HPosition H Bias Value
 558          // Input Value  : None
 559          // Output Value : H Bias Value
 560          //--------------------------------------------------
 561          WORD UserCommonAdjustGetHPositionHBiasValue(void)
 562          {
 563   1          WORD usHBias = 0;
 564   1          WORD usDeltaIHWidthOverScan = 0;
 565   1          WORD usIHWidth = 0;
 566   1      
 567   1      #if(_VGA_SUPPORT == _ON)
 568   1          if(SysSourceGetSourceType() == _SOURCE_VGA)
 569   1          {
 570   2              usIHWidth = UserCommonModeSearchGetModetableTimingDataItem(g_stVGAModeUserData.ucModeNumber, _IHWI
             -DTH);
 571   2      
 572   2      #if((_OVERSCAN_SUPPORT == _ON) && (_VGA_CAPTURE_SUPPORT == _OFF))
                      if(UserInterfaceGetOverScanStatus() == _TRUE)
                      {
                          if(usIHWidth >= ScalerVgaTopGetCaptureHWidth())
                          {
                              usDeltaIHWidthOverScan = ((usIHWidth - ScalerVgaTopGetCaptureHWidth()) / 2);
                          }
                      }
              #endif
 581   2      
 582   2              usHBias = ((g_stVGAModeUserData.usCenterHPosition - ScalerVgaTopGetCaptureHStartPosition()) <= (_M
             -AX_H_POSITION_RANGE / 2)) ?
 583   2                        (g_stVGAModeUserData.usCenterHPosition - ScalerVgaTopGetCaptureHStartPosition() - 1) : (
             -_MAX_H_POSITION_RANGE / 2);
 584   2          }
 585   1          else
 586   1      #endif
C51 COMPILER V8.12   USERCOMMONADJUST                                                      09/16/2026 20:28:41 PAGE 11  

 587   1          {
 588   2              usIHWidth = GET_INPUT_TIMING_HWIDTH();
 589   2      
 590   2      #if(_OVERSCAN_SUPPORT == _ON)
                      if(UserInterfaceGetOverScanStatus() == _TRUE)
                      {
                          if(usIHWidth >= ScalerVgipGetCaptureHWidth())
                          {
                              usDeltaIHWidthOverScan = ((usIHWidth - ScalerVgipGetCaptureHWidth()) / 2);
                          }
                      }
              #endif
 599   2      
 600   2              usHBias = ((GET_INPUT_TIMING_HSTART() + usDeltaIHWidthOverScan - ScalerVgipGetCaptureHStartPositio
             -n()) <= (_MAX_H_POSITION_RANGE / 2)) ?
 601   2                        (GET_INPUT_TIMING_HSTART() + usDeltaIHWidthOverScan - ScalerVgipGetCaptureHStartPosition
             -() - 1) : (_MAX_H_POSITION_RANGE / 2);
 602   2          }
 603   1      
 604   1          return usHBias;
 605   1      }
 606          
 607          //--------------------------------------------------
 608          // Description  : Get Max or Min V-Position
 609          // Input Value  : ucPar--> Max or Min paramater
 610          // Output Value : Max or Min V-Position
 611          //--------------------------------------------------
 612          WORD UserCommonAdjustGetVPositionRange(BYTE ucPar)
 613          {
 614   1          WORD usDeltaIVHeightOverScan = 0;
 615   1          WORD usDeltaIVHeightUnderScan = 0;
 616   1          WORD usIVHeight = 0;
 617   1      
 618   1      #if(_VGA_SUPPORT == _ON)
 619   1          if(SysSourceGetSourceType() == _SOURCE_VGA)
 620   1          {
 621   2              usIVHeight = UserCommonModeSearchGetModetableTimingDataItem(g_stVGAModeUserData.ucModeNumber, _IVH
             -EIGHT);
 622   2      
 623   2      #if(_OVERSCAN_SUPPORT == _ON)
                      if(UserInterfaceGetOverScanStatus() == _TRUE)
                      {
                          if(usIVHeight >= ScalerVgaTopGetCaptureVHeight())
                          {
                              usDeltaIVHeightOverScan = ((usIVHeight - ScalerVgaTopGetCaptureVHeight()) / 2);
                          }
                      }
              #endif
 632   2          }
 633   1          else
 634   1      #endif
 635   1          {
 636   2              usIVHeight = GET_INPUT_TIMING_VHEIGHT();
 637   2      
 638   2      #if(_OVERSCAN_SUPPORT == _ON)
                      if(UserInterfaceGetOverScanStatus() == _TRUE)
                      {
                          if(usIVHeight >= ScalerVgipGetCaptureVHeight())
                          {
                              usDeltaIVHeightOverScan = ((usIVHeight - ScalerVgipGetCaptureVHeight()) / 2);
                          }
                      }
C51 COMPILER V8.12   USERCOMMONADJUST                                                      09/16/2026 20:28:41 PAGE 12  

              #endif
 647   2          }
 648   1      
 649   1      #if(_DISPLAY_ROTATION_SUPPORT == _ON)
 650   1      #if(_OVERSCAN_SUPPORT == _ON)
                  if(UserInterfaceGetOverScanStatus() == _FALSE)
              #endif
 653   1          {
 654   2              if((ScalerRotationCheckStatus() == _TRUE) && (GET_ROT_DISP_SIZE() == _ROT_PIXEL_BY_PIXEL))
 655   2              {
 656   3                  if((GET_ROT_TYPE() == _ROT_CW90) || (GET_ROT_TYPE() == _ROT_CW270))
 657   3                  {
 658   4                      // Calculate / Set V
 659   4                      if(_PANEL_DH_WIDTH < usIVHeight)
 660   4                      {
 661   5                          usDeltaIVHeightOverScan = ((usIVHeight - _PANEL_DH_WIDTH) / 2);
 662   5                      }
 663   4                  }
 664   3                  else if(GET_ROT_TYPE() == _ROT_CW180)
 665   3                  {
 666   4                      if(_PANEL_DV_HEIGHT < usIVHeight)
 667   4                      {
 668   5                          usDeltaIVHeightOverScan = ((usIVHeight - _PANEL_DV_HEIGHT) / 2);
 669   5                      }
 670   4                  }
 671   3              }
 672   2          }
 673   1      #endif
 674   1      
 675   1      #if(_VGA_SUPPORT == _ON)
 676   1          if(SysSourceGetSourceType() == _SOURCE_VGA)
 677   1          {
 678   2              if(usIVHeight <= ScalerVgaTopGetCaptureVHeight())
 679   2              {
 680   3                  usDeltaIVHeightUnderScan = ((ScalerVgaTopGetCaptureVHeight() - usIVHeight) / 2);
 681   3              }
 682   2      
 683   2              if(ucPar == _GET_VPOSITIONRANGE_MAX)
 684   2              {
 685   3                  return (g_stVGAModeUserData.usCenterVPosition + usDeltaIVHeightOverScan - usDeltaIVHeightUnder
             -Scan + _VPOSITION_BIAS);
 686   3              }
 687   2              else if(ucPar == _GET_VPOSITIONRANGE_MIN)
 688   2              {
 689   3                  return (g_stVGAModeUserData.usCenterVPosition + usDeltaIVHeightOverScan - usDeltaIVHeightUnder
             -Scan - _VPOSITION_BIAS);
 690   3              }
 691   2              else
 692   2              {
 693   3                  return (g_stVGAModeUserData.usCenterVPosition + usDeltaIVHeightOverScan - usDeltaIVHeightUnder
             -Scan);
 694   3              }
 695   2          }
 696   1          else
 697   1      #endif
 698   1          {
 699   2              if(usIVHeight <= ScalerVgipGetCaptureVHeight())
 700   2              {
 701   3                  usDeltaIVHeightUnderScan = ((ScalerVgipGetCaptureVHeight() - usIVHeight) / 2);
 702   3              }
 703   2      
 704   2              if(ucPar == _GET_VPOSITIONRANGE_MAX)
C51 COMPILER V8.12   USERCOMMONADJUST                                                      09/16/2026 20:28:41 PAGE 13  

 705   2              {
 706   3                  return (GET_INPUT_TIMING_VSTART() + usDeltaIVHeightOverScan - usDeltaIVHeightUnderScan + _VPOS
             -ITION_BIAS);
 707   3              }
 708   2              else if(ucPar == _GET_VPOSITIONRANGE_MIN)
 709   2              {
 710   3                  return (GET_INPUT_TIMING_VSTART() + usDeltaIVHeightOverScan - usDeltaIVHeightUnderScan - _VPOS
             -ITION_BIAS);
 711   3              }
 712   2              else
 713   2              {
 714   3                  return (GET_INPUT_TIMING_VSTART() + usDeltaIVHeightOverScan - usDeltaIVHeightUnderScan);
 715   3              }
 716   2          }
 717   1      }
 718          
 719          //--------------------------------------------------
 720          // Description  : Get VPosition V Bias Value
 721          // Input Value  : None
 722          // Output Value : V Bias Value
 723          //--------------------------------------------------
 724          WORD UserCommonAdjustGetVPositionVBiasValue(void)
 725          {
 726   1          WORD usVBias = 0;
 727   1          WORD usDeltaIVHeightOverScan = 0;
 728   1          WORD usDeltaIVHeightUnderScan = 0;
 729   1          WORD usIVHeight = 0;
 730   1      
 731   1      #if(_VGA_SUPPORT == _ON)
 732   1          if(SysSourceGetSourceType() == _SOURCE_VGA)
 733   1          {
 734   2              usIVHeight = UserCommonModeSearchGetModetableTimingDataItem(g_stVGAModeUserData.ucModeNumber, _IVH
             -EIGHT);
 735   2      
 736   2      #if(_OVERSCAN_SUPPORT == _ON)
                      if(UserInterfaceGetOverScanStatus() == _TRUE)
                      {
                          if(usIVHeight >= ScalerVgaTopGetCaptureVHeight())
                          {
                              usDeltaIVHeightOverScan = ((usIVHeight - ScalerVgaTopGetCaptureVHeight()) / 2);
                          }
                      }
              #endif
 745   2      
 746   2              if(usIVHeight <= ScalerVgaTopGetCaptureVHeight())
 747   2              {
 748   3                  usDeltaIVHeightUnderScan = ((ScalerVgaTopGetCaptureVHeight() - usIVHeight) / 2);
 749   3              }
 750   2      
 751   2              usVBias = ((g_stVGAModeUserData.usCenterVPosition + usDeltaIVHeightOverScan - usDeltaIVHeightUnder
             -Scan - ScalerVgaTopGetCaptureVStartPosition()) < (_MAX_V_POSITION_RANGE / 2)) ?
 752   2                        (g_stVGAModeUserData.usCenterVPosition + usDeltaIVHeightOverScan - usDeltaIVHeightUnderS
             -can - ScalerVgaTopGetCaptureVStartPosition()) : (_MAX_V_POSITION_RANGE / 2);
 753   2      
 754   2              return usVBias;
 755   2          }
 756   1          else
 757   1      #endif
 758   1          {
 759   2              usIVHeight = GET_INPUT_TIMING_VHEIGHT();
 760   2      
 761   2      #if(_OVERSCAN_SUPPORT == _ON)
C51 COMPILER V8.12   USERCOMMONADJUST                                                      09/16/2026 20:28:41 PAGE 14  

                      if(UserInterfaceGetOverScanStatus() == _TRUE)
                      {
                          if(usIVHeight >= ScalerVgipGetCaptureVHeight())
                          {
                              usDeltaIVHeightOverScan = ((usIVHeight - ScalerVgipGetCaptureVHeight()) / 2);
                          }
                      }
              #endif
 770   2      
 771   2              if(usIVHeight <= ScalerVgipGetCaptureVHeight())
 772   2              {
 773   3                  usDeltaIVHeightUnderScan = ((ScalerVgipGetCaptureVHeight() - usIVHeight) / 2);
 774   3              }
 775   2      
 776   2              usVBias = ((GET_INPUT_TIMING_VSTART() + usDeltaIVHeightOverScan - usDeltaIVHeightUnderScan - Scale
             -rVgipGetCaptureVStartPosition()) < (_MAX_V_POSITION_RANGE / 2)) ?
 777   2                        (GET_INPUT_TIMING_VSTART() + usDeltaIVHeightOverScan - usDeltaIVHeightUnderScan - Scaler
             -VgipGetCaptureVStartPosition()) : (_MAX_V_POSITION_RANGE / 2);
 778   2      
 779   2              return usVBias;
 780   2          }
 781   1      }
 782          
 783          //--------------------------------------------------
 784          // Description  : Adjust picture position.
 785          // Input Value  : ucUserHPosition --> Current percentage of H position associate to OSD bar
 786          // Output Value : None
 787          //--------------------------------------------------
 788          void UserCommonAdjustHPosition(BYTE ucUserHPosition)
 789          {
 790   1          WORD usTargetIHStart = 0;
 791   1          WORD usHPositionRangeMax = 0;
 792   1          WORD usHPositionRangeMin = 0;
 793   1          SWORD shHDelay = 0;
 794   1      
 795   1          usHPositionRangeMax = UserCommonAdjustGetHPositionRange(_GET_HPOSITIONRANGE_MAX);
 796   1          usHPositionRangeMin = UserCommonAdjustGetHPositionRange(_GET_HPOSITIONRANGE_MIN);
 797   1      
 798   1          usTargetIHStart = UserCommonAdjustPercentToRealValue((100 - ucUserHPosition), usHPositionRangeMax, usH
             -PositionRangeMin, (((usHPositionRangeMax - usHPositionRangeMin) / 2) + usHPositionRangeMin));
 799   1      
 800   1      #if(_VGA_SUPPORT == _ON)
 801   1          if(SysSourceGetSourceType() == _SOURCE_VGA)
 802   1          {
 803   2              // Disable Wach dog
 804   2              ScalerGlobalWatchDog(_DISABLE);
 805   2      
 806   2              shHDelay = (SWORD)usTargetIHStart - (SWORD)ScalerVgaTopGetCaptureHStartPosition();
 807   2      
 808   2              if((ScalerColorGetColorSpace() == _COLOR_SPACE_YCBCR422) || (ScalerColorGetColorSpace() == _COLOR_
             -SPACE_YCBCR420))
 809   2              {
 810   3                  shHDelay += ((shHDelay - ScalerVgaTopGetCaptureHDelay()) % 2);
 811   3              }
 812   2      
 813   2              // Can't set IH delay to 0 by HW limit
 814   2              shHDelay = (shHDelay < 1) ? 1 : shHDelay;
 815   2      
 816   2              // Compensate IHS delay
 817   2              ScalerVgaTopSetCaptureHDelay(shHDelay);
 818   2      
 819   2              // Apply the above setting by setting Double Buffer Ready in VGIP
C51 COMPILER V8.12   USERCOMMONADJUST                                                      09/16/2026 20:28:41 PAGE 15  

 820   2              ScalerVgaTopDoubleBufferApply();
 821   2      
 822   2              // Enable Wach dog
 823   2              ScalerGlobalWatchDog(_ENABLE);
 824   2          }
 825   1          else
 826   1      #endif
 827   1          {
 828   2              if(ScalerVgipGetDigitalCaptureStatus() == _FALSE)
 829   2              {
 830   3                  // Disable Wach dog
 831   3                  ScalerGlobalWatchDog(_DISABLE);
 832   3      
 833   3                  shHDelay = (SWORD)usTargetIHStart - (SWORD)ScalerVgipGetCaptureHStartPosition();
 834   3      
 835   3                  if((ScalerColorGetColorSpace() == _COLOR_SPACE_YCBCR422) || (ScalerColorGetColorSpace() == _CO
             -LOR_SPACE_YCBCR420))
 836   3                  {
 837   4                      shHDelay += ((shHDelay - ScalerVgipGetCaptureHDelay()) % 2);
 838   4                  }
 839   3      
 840   3                  // Can't set IH delay to 0 by HW limit
 841   3                  shHDelay = (shHDelay < 1) ? 1 : shHDelay;
 842   3      
 843   3                  // Compensate IHS delay
 844   3                  ScalerVgipSetCaptureHDelay(shHDelay);
 845   3      
 846   3                  // Apply the above setting by setting Double Buffer Ready in VGIP
 847   3                  ScalerGlobalIDomainDBApply(_DB_APPLY_POLLING);
 848   3      
 849   3                  // Enable Wach dog
 850   3                  ScalerGlobalWatchDog(_ENABLE);
 851   3              }
 852   2          }
 853   1      }
 854          
 855          //--------------------------------------------------
 856          // Description  : Adjust picture position.
 857          // Input Value  : ucUserVPosition --> Current percentage of V position associate to OSD bar
 858          // Output Value : None
 859          //--------------------------------------------------
 860          void UserCommonAdjustVPosition(BYTE ucUserVPosition)
 861          {
 862   1          WORD usTargetIVStart = 0;
 863   1          WORD usVDelayAdjustDeltaLimit = 0;
 864   1          WORD usVPositionRangeMax = 0;
 865   1          WORD usVPositionRangeMin = 0;
 866   1          SWORD shVDelay = 0;
 867   1          BYTE ucTimeoutCounter = 0;
 868   1      
 869   1          usVPositionRangeMax = UserCommonAdjustGetVPositionRange(_GET_VPOSITIONRANGE_MAX);
 870   1          usVPositionRangeMin = UserCommonAdjustGetVPositionRange(_GET_VPOSITIONRANGE_MIN);
 871   1      
 872   1          usTargetIVStart = UserCommonAdjustPercentToRealValue(ucUserVPosition, usVPositionRangeMax, usVPosition
             -RangeMin, (((usVPositionRangeMax - usVPositionRangeMin) / 2) + usVPositionRangeMin));
 873   1      
 874   1      #if(_VGA_SUPPORT == _ON)
 875   1          if(SysSourceGetSourceType() == _SOURCE_VGA)
 876   1          {
 877   2              // Disable Wach dog
 878   2              ScalerGlobalWatchDog(_DISABLE);
 879   2      
C51 COMPILER V8.12   USERCOMMONADJUST                                                      09/16/2026 20:28:41 PAGE 16  

 880   2              shVDelay = (SWORD)usTargetIVStart - (SWORD)ScalerVgaTopGetCaptureVStartPosition();
 881   2      
 882   2              shVDelay = (shVDelay < 0) ? 0 : shVDelay;
 883   2      
 884   2              // Get current V adjust limit
 885   2              usVDelayAdjustDeltaLimit = ScalerMDomainGetVerticalAdjustLimit(_SOURCE_VGA);
 886   2      
 887   2              ucTimeoutCounter = (abs(shVDelay - ScalerVgaTopGetCaptureVDelay()) / usVDelayAdjustDeltaLimit) + 1
             -;
 888   2      
 889   2              do
 890   2              {
 891   3                  if(shVDelay > ScalerVgaTopGetCaptureVDelay())
 892   3                  {
 893   4                      ScalerVgaTopSetCaptureVDelay(shVDelay);
 894   4                  }
 895   3                  else
 896   3                  {
 897   4                      if((ScalerVgaTopGetCaptureVDelay() - shVDelay) <= usVDelayAdjustDeltaLimit)
 898   4                      {
 899   5                          ScalerVgaTopSetCaptureVDelay(shVDelay);
 900   5                      }
 901   4                      else
 902   4                      {
 903   5                          ScalerVgaTopSetCaptureVDelay(ScalerVgaTopGetCaptureVDelay() - usVDelayAdjustDeltaLimit
             -);
 904   5                      }
 905   4                  }
 906   3      
 907   3                  ScalerVgaTopDoubleBufferApply();
 908   3      
 909   3                  ucTimeoutCounter--;
 910   3              }
 911   2              while((shVDelay != ScalerVgaTopGetCaptureVDelay()) && (ucTimeoutCounter > 0));
 912   2      
 913   2              // VGA Top capture adjust need wait one full ivs time
 914   2              ScalerTimerWaitForEvent(_EVENT_IVS);
 915   2              ScalerTimerWaitForEvent(_EVENT_IVS);
 916   2      
 917   2              // Enable Wach dog
 918   2              ScalerGlobalWatchDog(_ENABLE);
 919   2          }
 920   1          else
 921   1      #endif
 922   1          {
 923   2              if(ScalerVgipGetDigitalCaptureStatus() == _FALSE)
 924   2              {
 925   3                  // Disable Wach dog
 926   3                  ScalerGlobalWatchDog(_DISABLE);
 927   3      
 928   3                  shVDelay = (SWORD)usTargetIVStart - (SWORD)ScalerVgipGetCaptureVStartPosition();
 929   3      
 930   3                  shVDelay = (shVDelay < 0) ? 0 : shVDelay;
 931   3      
 932   3                  // Get current V adjust limit
 933   3                  usVDelayAdjustDeltaLimit = ScalerMDomainGetVerticalAdjustLimit(SysSourceGetSourceType());
 934   3      
 935   3                  ucTimeoutCounter = (abs(shVDelay - ScalerVgipGetCaptureVDelay()) / usVDelayAdjustDeltaLimit) +
             - 1;
 936   3      
 937   3                  do
 938   3                  {
C51 COMPILER V8.12   USERCOMMONADJUST                                                      09/16/2026 20:28:41 PAGE 17  

 939   4                      if(shVDelay > ScalerVgipGetCaptureVDelay())
 940   4                      {
 941   5                          ScalerVgipSetCaptureVDelay(shVDelay);
 942   5                      }
 943   4                      else
 944   4                      {
 945   5                          if((ScalerVgipGetCaptureVDelay() - shVDelay) <= usVDelayAdjustDeltaLimit)
 946   5                          {
 947   6                              ScalerVgipSetCaptureVDelay(shVDelay);
 948   6                          }
 949   5                          else
 950   5                          {
 951   6                              ScalerVgipSetCaptureVDelay(ScalerVgipGetCaptureVDelay() - usVDelayAdjustDeltaLimit
             -);
 952   6                          }
 953   5                      }
 954   4      
 955   4                      ScalerGlobalIDomainDBApply(_DB_APPLY_POLLING);
 956   4      
 957   4                      ucTimeoutCounter--;
 958   4                  }
 959   3                  while((shVDelay != ScalerVgipGetCaptureVDelay()) && (ucTimeoutCounter > 0));
 960   3      
 961   3                  ScalerTimerWaitForEvent(_EVENT_IVS);
 962   3      
 963   3                  // Enable Wach dog
 964   3                  ScalerGlobalWatchDog(_ENABLE);
 965   3              }
 966   2          }
 967   1      }
 968          #endif // End of #if(_TRANSLATOR_SUPPORT == _OFF)
 969          
 970          //--------------------------------------------------
 971          // Description  :  Calculate value to percent for input range for 2 Sectors
 972          // Input Value  :  usRealValue --> input real value
 973          //                 usMax       --> the max value
 974          //                 usMin       --> the min value
 975          //                 usCenter    --> the Center Value
 976          // Output Value :  Percent
 977          //--------------------------------------------------
 978          BYTE UserCommonAdjustRealValueToPercent(WORD usRealValue, WORD usMax, WORD usMin, WORD usCenter)
 979          {
 980   1          WORD usTemp = 0;
 981   1          usRealValue = MINOF(usRealValue, usMax);
 982   1          usRealValue = MAXOF(usRealValue, usMin);
 983   1      
 984   1          if((usMax <= usMin) || (usCenter <= usMin) || (usCenter >= usMax))
 985   1          {
 986   2              usTemp = 0;
 987   2          }
 988   1          else
 989   1          {
 990   2              if(usRealValue < usCenter)
 991   2              {
 992   3                  usTemp = (((DWORD)(usRealValue - usMin) * 10000) / (usCenter - usMin)) / 2;
 993   3              }
 994   2              else if(usRealValue > usCenter)
 995   2              {
 996   3                  usTemp = (((DWORD)(usRealValue - usCenter) * 10000) / (usMax - usCenter)) / 2 + 5000;
 997   3              }
 998   2              else
 999   2              {
C51 COMPILER V8.12   USERCOMMONADJUST                                                      09/16/2026 20:28:41 PAGE 18  

1000   3                  return 50;
1001   3              }
1002   2          }
1003   1      
1004   1          if((usTemp % 100) > 49)
1005   1          {
1006   2              usTemp = usTemp + 100;
1007   2          }
1008   1      
1009   1          usTemp = usTemp / 100;
1010   1      
1011   1          return ((BYTE)usTemp);
1012   1      }
1013          
1014          //--------------------------------------------------
1015          // Description  :  Calculate percent to real value for input range for 2 Sectors
1016          // Input Value  :  ucPercentValue --> input percent value
1017          //                 usMax          --> the max value
1018          //                 usMin          --> the min value
1019          //                 usCenter       --> the Center Value
1020          // Output Value :  Real value
1021          //--------------------------------------------------
1022          WORD UserCommonAdjustPercentToRealValue(BYTE ucPercentValue, WORD usMax, WORD usMin, WORD usCenter)
1023          {
1024   1          DWORD ulTemp = 0;
1025   1      
1026   1          ucPercentValue = MINOF(100, ucPercentValue);
1027   1      
1028   1          if(ucPercentValue > 50)
1029   1          {
1030   2              ulTemp = (((DWORD)(ucPercentValue - 50) * (usMax - usCenter) * 10) / 50);
1031   2                      DebugMessageOsd("99.ulTemp", ulTemp);
1032   2          }
1033   1          else if(ucPercentValue < 50)
1034   1          {
1035   2              ulTemp = (((DWORD)ucPercentValue * (usCenter - usMin) * 10) / 50);
1036   2          }
1037   1          else
1038   1          {
1039   2              return usCenter;
1040   2          }
1041   1      
1042   1          if((ulTemp % 10) > 5)
1043   1          {
1044   2              ulTemp = ulTemp + 10;
1045   2          }
1046   1      
1047   1          if(ucPercentValue > 50)
1048   1          {
1049   2              DebugMessageOsd("((ulTemp / 10) + usCenter)", ((ulTemp / 10) + usCenter));
1050   2              return (WORD)((ulTemp / 10) + usCenter);
1051   2          }
1052   1          else
1053   1          {
1054   2              return (WORD)((ulTemp / 10) + usMin); // <= 50
1055   2          }
1056   1      }
1057          
1058          #if(_OVERSCAN_SUPPORT == _ON)
              //--------------------------------------------------
              // Description  : Modify Timing For Overscan
              // Input Value  : Current Input Timing
C51 COMPILER V8.12   USERCOMMONADJUST                                                      09/16/2026 20:28:41 PAGE 19  

              // Output Value : Modified Input Timing
              //--------------------------------------------------
              void UserCommonAdjustOverScan(void)
              {
                  BYTE ucDelta = 0;
              
                  if(UserInterfaceGetOverScanStatus() == _FALSE)
                  {
                      return;
                  }
              
                  // Modify Over Scanned H
                  ucDelta = (BYTE)((DWORD)GET_MDOMAIN_INPUT_HWIDTH() * _OVERSCAN_H_RATIO / 1000);
              
                  // Let Adjusted Value be 2's multiple
                  ucDelta += ucDelta % 2;
              
                  SET_MDOMAIN_INPUT_HSTART(GET_MDOMAIN_INPUT_HSTART() + ucDelta);
                  SET_MDOMAIN_INPUT_HWIDTH(GET_MDOMAIN_INPUT_HWIDTH() - 2 * ucDelta);
              
                  // Modify Over Scanned V
                  ucDelta = (BYTE)((DWORD)GET_MDOMAIN_INPUT_VHEIGHT() * _OVERSCAN_V_RATIO / 1000);
              
              #if(_FORMAT_CONVERSION_SUPPORT == _ON)
                  if(ScalerFmtCnvFtoPGetStatus() == _TRUE)
                  {
                      // Let Adjusted Value be 2's multiple under E/O mode
                      ucDelta += ucDelta % 2;
                  }
              #endif
              
                  SET_MDOMAIN_INPUT_VSTART(GET_MDOMAIN_INPUT_VSTART() + ucDelta);
                  SET_MDOMAIN_INPUT_VHEIGHT(GET_MDOMAIN_INPUT_VHEIGHT() - 2 * ucDelta);
              }
              #endif  // End of #if(_OVERSCAN_SUPPORT == _ON)
1097          
1098          #if(_UNDERSCAN_SUPPORT == _ON)
1099          //--------------------------------------------------
1100          // Description  : Modify Timing For Underscan
1101          // Input Value  : None
1102          // Output Value : None
1103          //--------------------------------------------------
1104          void UserCommonAdjustUnderScan(void)
1105          {
1106   1          if(UserInterfaceAdjustUnderScan() == _FALSE)
1107   1          {
1108   2              return;
1109   2          }
1110   1      
1111   1          if(GET_MDOMAIN_INPUT_VHEIGHT() < GET_UNDERSCAN_VHEIGHT())
1112   1          {
1113   2              // Adjust M-domain Vstart for underscan; Default center-positioned
1114   2              WORD usVdiff = (GET_UNDERSCAN_VHEIGHT() - GET_MDOMAIN_INPUT_VHEIGHT()) / 2;
1115   2      
1116   2              if(GET_MDOMAIN_INPUT_VSTART() > (usVdiff + ScalerIDomainVgipGetVCaptureStartMinValue()))
1117   2              {
1118   3                  SET_MDOMAIN_INPUT_VSTART(GET_MDOMAIN_INPUT_VSTART() - usVdiff);
1119   3              }
1120   2              else
1121   2              {
1122   3                  SET_MDOMAIN_INPUT_VSTART(ScalerIDomainVgipGetVCaptureStartMinValue());
1123   3              }
C51 COMPILER V8.12   USERCOMMONADJUST                                                      09/16/2026 20:28:41 PAGE 20  

1124   2      
1125   2              SET_MDOMAIN_INPUT_VHEIGHT(GET_UNDERSCAN_VHEIGHT());
1126   2          }
1127   1      }
1128          #endif
1129          
1130          #if(_ASPECT_RATIO_SUPPORT == _ON)
1131          //--------------------------------------------------
1132          // Description  : Modify Display Timing For Aspect Ratio
1133          // Input Value  : void
1134          // Output Value : void
1135          //--------------------------------------------------
1136          void UserCommonAdjustAspectRatio(void)
1137          {
1138   1          WORD usHRatio = 0x0000;
1139   1          WORD usVRatio = 0x0000;
1140   1      
1141   1      #if(_DISPLAY_ROTATION_SUPPORT == _ON)
1142   1          // No aspect ratio allowed in rotation 90/270
1143   1          if((ScalerRotationCheckStatus() == _TRUE) &&
1144   1             ((GET_ROT_TYPE() == _ROT_CW90) || (GET_ROT_TYPE() == _ROT_CW270)))
1145   1          {
1146   2              return;
1147   2          }
1148   1      #endif
1149   1      #if(_ASPECT_RATIO_WITHOUT_MUTE == _ON)
                  SET_ASPECT_RATIO_MIN_DVH(0);
              #endif
1152   1      
1153   1          switch(UserInterfaceGetAspectRatioType())
1154   1          {
1155   2              case _ASPECT_RATIO_FULL:
1156   2              default:
1157   2      
1158   2      #if(_ASPECT_ORIGINAL_MODE_SUPPORT == _ON)
1159   2                  ScalerMDomainAspectOriginMode(_FALSE);
1160   2      #endif
1161   2                  break;
1162   2      
1163   2              case _ASPECT_RATIO_FIXED:
1164   2      
1165   2      #if(_ASPECT_ORIGINAL_MODE_SUPPORT == _ON)
1166   2                  ScalerMDomainAspectOriginMode(_FALSE);
1167   2      #endif
1168   2      
1169   2                  UserInterfaceGetAspectRatio(&usHRatio, &usVRatio);
1170   2      
1171   2                  if((usHRatio == 0) || (usVRatio == 0))
1172   2                  {
1173   3                      break;
1174   3                  }
1175   2      
1176   2                  // Calculate H Width
1177   2                  PDATA_WORD(0) = (DWORD)GET_MDOMAIN_OUTPUT_VHEIGHT() * usHRatio / usVRatio;
1178   2      
1179   2                  // H Width Should be 4x
1180   2                  PDATA_WORD(0) &= 0xFFFC;
1181   2      
1182   2                  if(PDATA_WORD(0) > GET_MDOMAIN_OUTPUT_HWIDTH())
1183   2                  {
1184   3                      // Calculate V Height
1185   3                      PDATA_WORD(0) = (DWORD)GET_MDOMAIN_OUTPUT_HWIDTH() * usVRatio / usHRatio;
C51 COMPILER V8.12   USERCOMMONADJUST                                                      09/16/2026 20:28:41 PAGE 21  

1186   3      
1187   3                      // V Height Should be 4x
1188   3                      PDATA_WORD(0) &= 0xFFFC;
1189   3      
1190   3                      // Set V Start, V Height
1191   3                      SET_MDOMAIN_OUTPUT_VSTART(GET_MDOMAIN_OUTPUT_VSTART() + ((GET_MDOMAIN_OUTPUT_VHEIGHT() - P
             -DATA_WORD(0)) / 2));
1192   3                      SET_MDOMAIN_OUTPUT_VHEIGHT(PDATA_WORD(0));
1193   3                  }
1194   2                  else if(PDATA_WORD(0) < GET_MDOMAIN_OUTPUT_HWIDTH())
1195   2                  {
1196   3                      // Calculate H Start
1197   3                      PDATA_WORD(1) = GET_MDOMAIN_OUTPUT_HSTART() + ((GET_MDOMAIN_OUTPUT_HWIDTH() - PDATA_WORD(0
             -)) / 2);
1198   3      
1199   3                      // Set H Start, H Width
1200   3                      SET_MDOMAIN_OUTPUT_HSTART(PDATA_WORD(1));
1201   3                      SET_MDOMAIN_OUTPUT_HWIDTH(PDATA_WORD(0));
1202   3                  }
1203   2      
1204   2                  break;
1205   2      
1206   2              case _ASPECT_RATIO_USER:
1207   2      
1208   2                  // User defined adjust aspect ratio
1209   2                  UserInterfaceAdjustAspectRatio();
1210   2      #if(_ASPECT_RATIO_WITHOUT_MUTE == _ON)
                          SET_ASPECT_RATIO_MIN_DVH(UserInterfaceGetAspectRatioMinDVHeight());
              #endif
1213   2                  break;
1214   2      
1215   2      #if(_ASPECT_ORIGINAL_MODE_SUPPORT == _ON)
1216   2              case _ASPECT_RATIO_ORIGIN:
1217   2      
1218   2                  ScalerMDomainAspectOriginMode(_TRUE);
1219   2      
1220   2                  // Consider Panel Height and Input Height
1221   2                  if(GET_MDOMAIN_OUTPUT_VHEIGHT() > GET_MDOMAIN_INPUT_VHEIGHT())
1222   2                  {
1223   3                      // Double V height for interlaced timing
1224   3                      if((GET_MDOMAIN_INPUT_INTERLACE_FLG() == _TRUE) &&
1225   3                         (GET_MDOMAIN_INPUT_HWIDTH() > (GET_MDOMAIN_INPUT_VHEIGHT() << 1)))
1226   3                      {
1227   4                          // Check if output V height > (input V height x 2)
1228   4                          if(GET_MDOMAIN_OUTPUT_VHEIGHT() > (GET_MDOMAIN_INPUT_VHEIGHT() << 1))
1229   4                          {
1230   5                              PDATA_WORD(0) = GET_MDOMAIN_OUTPUT_VHEIGHT() - (GET_MDOMAIN_INPUT_VHEIGHT() << 1);
1231   5                              SET_MDOMAIN_OUTPUT_VHEIGHT(GET_MDOMAIN_INPUT_VHEIGHT() << 1);
1232   5                          }
1233   4                          else
1234   4                          {
1235   5                              // Output V height unchanged
1236   5                              PDATA_WORD(0) = 0x00;
1237   5                          }
1238   4                      }
1239   3                      else
1240   3                      {
1241   4                          PDATA_WORD(0) = GET_MDOMAIN_OUTPUT_VHEIGHT() - GET_MDOMAIN_INPUT_VHEIGHT();
1242   4                          SET_MDOMAIN_OUTPUT_VHEIGHT(GET_MDOMAIN_INPUT_VHEIGHT());
1243   4                      }
1244   3      
1245   3                      PDATA_WORD(0) &= 0xFFFC; // V start should be even
C51 COMPILER V8.12   USERCOMMONADJUST                                                      09/16/2026 20:28:41 PAGE 22  

1246   3                      SET_MDOMAIN_OUTPUT_VSTART(GET_MDOMAIN_OUTPUT_VSTART() + (PDATA_WORD(0) / 2));
1247   3                  }
1248   2                  else
1249   2                  {
1250   3                      usHRatio = 0x01;
1251   3                  }
1252   2      
1253   2                  // Consider Panel Width and Input Width
1254   2                  if(GET_MDOMAIN_OUTPUT_HWIDTH() > GET_MDOMAIN_INPUT_HWIDTH())
1255   2                  {
1256   3                      PDATA_WORD(0) = GET_MDOMAIN_OUTPUT_HWIDTH() - GET_MDOMAIN_INPUT_HWIDTH();
1257   3                      PDATA_WORD(0) &= 0xFFFC; // H start should be even
1258   3                      SET_MDOMAIN_OUTPUT_HSTART(GET_MDOMAIN_OUTPUT_HSTART() + (PDATA_WORD(0) / 2));
1259   3                      SET_MDOMAIN_OUTPUT_HWIDTH(GET_MDOMAIN_INPUT_HWIDTH());
1260   3                  }
1261   2                  else
1262   2                  {
1263   3                      usVRatio = 0x01;
1264   3                  }
1265   2      
1266   2                  if((usHRatio != 1) || (usVRatio != 1))
1267   2                  {
1268   3                      // Enlarge or Maintain Vertical
1269   3                      PDATA_WORD(1) = GET_MDOMAIN_OUTPUT_VSTART() - ((DWORD)GET_MDOMAIN_OUTPUT_VSTART() * UserIn
             -terfaceGetAspectRatioOriginalRatio() / 0xFF);
1270   3                      PDATA_WORD(1) &= 0xFFFE; // V start should be even
1271   3      
1272   3                      // Enlarge Vertical
1273   3                      if(PDATA_WORD(1) != 0)
1274   3                      {
1275   4                          SET_MDOMAIN_OUTPUT_VSTART(GET_MDOMAIN_OUTPUT_VSTART() - PDATA_WORD(1));
1276   4                          SET_MDOMAIN_OUTPUT_VHEIGHT(GET_MDOMAIN_OUTPUT_VHEIGHT() + PDATA_WORD(1) * 2);
1277   4                      }
1278   3                      // Maintain or Decrease Vertical
1279   3                      else
1280   3                      {
1281   4                          PDATA_WORD(1) = GET_MDOMAIN_OUTPUT_VSTART() - ((DWORD)GET_MDOMAIN_OUTPUT_VSTART() * Us
             -erInterfaceGetAspectRatioOriginalRatioSmall() / 0xFF);
1282   4                          PDATA_WORD(1) &= 0xFFFE; // V start should be even
1283   4      
1284   4                          // Decrease Vertical
1285   4                          if(PDATA_WORD(1) != 0)
1286   4                          {
1287   5                              // Add NO Support Check
1288   5                              if((GET_MDOMAIN_OUTPUT_VHEIGHT() > (PDATA_WORD(1) * 2)) &&
1289   5                                 (GET_MDOMAIN_INPUT_VHEIGHT() / _VSD_MAX_RATIO < GET_MDOMAIN_OUTPUT_VHEIGHT() - 
             -PDATA_WORD(1) * 2))
1290   5                              {
1291   6                                  SET_MDOMAIN_OUTPUT_VSTART(GET_MDOMAIN_OUTPUT_VSTART() + PDATA_WORD(1));
1292   6                                  SET_MDOMAIN_OUTPUT_VHEIGHT(GET_MDOMAIN_OUTPUT_VHEIGHT() - PDATA_WORD(1) * 2);
1293   6                              }
1294   5                              else
1295   5                              {
1296   6                                  DebugMessageMemory("Exceed Minimum Limit", UserInterfaceGetAspectRatioOriginal
             -RatioSmall());
1297   6      
1298   6                                  // GET_MDOMAIN_OUTPUT_VHEIGHT() = GET_MDOMAIN_INPUT_VHEIGHT() / _VSD_MAX_RATIO
1299   6                                  PDATA_WORD(1) = GET_MDOMAIN_OUTPUT_VHEIGHT() - GET_MDOMAIN_INPUT_VHEIGHT() / _
             -VSD_MAX_RATIO;
1300   6                                  PDATA_WORD(1) &= 0xFFFC; // H start should be even
1301   6      
1302   6                                  SET_MDOMAIN_OUTPUT_VSTART(GET_MDOMAIN_OUTPUT_VSTART() + PDATA_WORD(1) / 2);
C51 COMPILER V8.12   USERCOMMONADJUST                                                      09/16/2026 20:28:41 PAGE 23  

1303   6                                  SET_MDOMAIN_OUTPUT_VHEIGHT(GET_MDOMAIN_OUTPUT_VHEIGHT() - PDATA_WORD(1));
1304   6                              }
1305   5                          }
1306   4                      }
1307   3      
1308   3                      // Enlarge or Maintain Horizontal
1309   3                      PDATA_WORD(1) = GET_MDOMAIN_OUTPUT_HSTART() - ((DWORD)GET_MDOMAIN_OUTPUT_HSTART() * UserIn
             -terfaceGetAspectRatioOriginalRatio() / 0xFF);
1310   3                      PDATA_WORD(1) &= 0xFFFE; // H start should be even
1311   3      
1312   3                      // Enlarge Horizontal
1313   3                      if(PDATA_WORD(1) != 0)
1314   3                      {
1315   4                          SET_MDOMAIN_OUTPUT_HSTART(GET_MDOMAIN_OUTPUT_HSTART() - PDATA_WORD(1));
1316   4                          SET_MDOMAIN_OUTPUT_HWIDTH(GET_MDOMAIN_OUTPUT_HWIDTH() + PDATA_WORD(1) * 2);
1317   4                      }
1318   3                      // Maintain or Decrease Horizontal
1319   3                      else
1320   3                      {
1321   4                          PDATA_WORD(1) = GET_MDOMAIN_OUTPUT_HSTART() - ((DWORD)GET_MDOMAIN_OUTPUT_HSTART() * Us
             -erInterfaceGetAspectRatioOriginalRatioSmall() / 0xFF);
1322   4                          PDATA_WORD(1) &= 0xFFFE; // H start should be even
1323   4      
1324   4                          // Decrease Horizontal
1325   4                          if(PDATA_WORD(1) != 0)
1326   4                          {
1327   5                              // Add NO Support Check
1328   5                              if((GET_MDOMAIN_OUTPUT_HWIDTH() > (PDATA_WORD(1) * 2)) &&
1329   5                                 (GET_MDOMAIN_INPUT_HWIDTH() / _HSD_MAX_RATIO < GET_MDOMAIN_OUTPUT_HWIDTH() - PD
             -ATA_WORD(1) * 2))
1330   5                              {
1331   6                                  SET_MDOMAIN_OUTPUT_HSTART(GET_MDOMAIN_OUTPUT_HSTART() + PDATA_WORD(1));
1332   6                                  SET_MDOMAIN_OUTPUT_HWIDTH(GET_MDOMAIN_OUTPUT_HWIDTH() - PDATA_WORD(1) * 2);
1333   6                              }
1334   5                              else
1335   5                              {
1336   6                                  DebugMessageMemory("Exceed Minimum Limit", UserInterfaceGetAspectRatioOriginal
             -RatioSmall());
1337   6      
1338   6                                  // GET_MDOMAIN_OUTPUT_HWIDTH() = GET_MDOMAIN_INPUT_HWIDTH() / _HSD_MAX_RATIO
1339   6                                  PDATA_WORD(1) = GET_MDOMAIN_OUTPUT_HWIDTH() - GET_MDOMAIN_INPUT_HWIDTH() / _HS
             -D_MAX_RATIO;
1340   6                                  PDATA_WORD(1) &= 0xFFFC; // H start should be even
1341   6      
1342   6                                  SET_MDOMAIN_OUTPUT_HSTART(GET_MDOMAIN_OUTPUT_HSTART() + PDATA_WORD(1) / 2);
1343   6                                  SET_MDOMAIN_OUTPUT_HWIDTH(GET_MDOMAIN_OUTPUT_HWIDTH() - PDATA_WORD(1));
1344   6                              }
1345   5                          }
1346   4                      }
1347   3                  }
1348   2      
1349   2                  break;
1350   2      #endif // End of #if(_ASPECT_ORIGINAL_MODE_SUPPORT == _ON)
1351   2          }
1352   1      }
1353          #endif // End of #if(_ASPECT_RATIO_SUPPORT == _ON)
1354          
1355          #if(_DISPLAY_ROTATION_SUPPORT == _ON)
1356          //--------------------------------------------------
1357          // Description  : Adjust input size for rotation
1358          // Input Value  : None
1359          // Output Value : None
C51 COMPILER V8.12   USERCOMMONADJUST                                                      09/16/2026 20:28:41 PAGE 24  

1360          //--------------------------------------------------
1361          void UserCommonAdjustRotationInputSize(void)
1362          {
1363   1          if((ScalerRotationCheckStatus() == _FALSE) ||
1364   1             ((GET_ROT_TYPE() != _ROT_CW90) && (GET_ROT_TYPE() != _ROT_CW270)))
1365   1          {
1366   2              return;
1367   2          }
1368   1      
1369   1          switch(GET_ROT_DISP_SIZE())
1370   1          {
1371   2              default:
1372   2                  break;
1373   2      
1374   2              case _ROT_PIXEL_BY_PIXEL:
1375   2                  // Calculate / Set V
1376   2                  if(_PANEL_DH_WIDTH < GET_INPUT_TIMING_VHEIGHT())
1377   2                  {
1378   3                      PDATA_WORD(0) = ((GET_INPUT_TIMING_VHEIGHT() - _PANEL_DH_WIDTH) / 2);
1379   3                      PDATA_WORD(0) += GET_INPUT_TIMING_VSTART();
1380   3      
1381   3                      // VStart / VHeight
1382   3                      SET_MDOMAIN_INPUT_VSTART(PDATA_WORD(0));
1383   3                      SET_MDOMAIN_INPUT_VHEIGHT(_PANEL_DH_WIDTH);
1384   3                  }
1385   2      
1386   2                  // Calculate / Set H
1387   2                  if(_PANEL_DV_HEIGHT < GET_INPUT_TIMING_HWIDTH())
1388   2                  {
1389   3                      PDATA_WORD(0) = (GET_INPUT_TIMING_HWIDTH() - _PANEL_DV_HEIGHT);
1390   3                      PDATA_WORD(0) += GET_INPUT_TIMING_HSTART();
1391   3                      PDATA_WORD(0) += (PDATA_WORD(0) % 2);
1392   3      
1393   3                      // HStart / HWidth
1394   3                      SET_MDOMAIN_INPUT_HSTART(PDATA_WORD(0));
1395   3                      SET_MDOMAIN_INPUT_HWIDTH(_PANEL_DV_HEIGHT);
1396   3                  }
1397   2      
1398   2                  break;
1399   2          }
1400   1      }
1401          
1402          //--------------------------------------------------
1403          // Description  : Adjust display size for rotation
1404          // Input Value  : None
1405          // Output Value : None
1406          //--------------------------------------------------
1407          void UserCommonAdjustRotationDisplaySize(void)
1408          {
1409   1          if((ScalerRotationCheckStatus() == _FALSE) ||
1410   1             ((GET_ROT_TYPE() != _ROT_CW90) && (GET_ROT_TYPE() != _ROT_CW270)))
1411   1          {
1412   2              return;
1413   2          }
1414   1      
1415   1          switch(GET_ROT_DISP_SIZE())
1416   1          {
1417   2              default:
1418   2              case _ROT_FULL:
1419   2      
1420   2                  // Set Size
1421   2                  SET_MDOMAIN_OUTPUT_HSTART(_PANEL_DH_START);
C51 COMPILER V8.12   USERCOMMONADJUST                                                      09/16/2026 20:28:41 PAGE 25  

1422   2                  SET_MDOMAIN_OUTPUT_HWIDTH(_PANEL_DH_WIDTH);
1423   2                  SET_MDOMAIN_OUTPUT_VSTART(_PANEL_DV_START);
1424   2                  SET_MDOMAIN_OUTPUT_VHEIGHT(_PANEL_DV_HEIGHT);
1425   2      
1426   2                  break;
1427   2      
1428   2              case _ROT_PIXEL_BY_PIXEL:
1429   2      
1430   2                  PDATA_WORD(0) = _PANEL_DH_START;
1431   2                  PDATA_WORD(1) = _PANEL_DH_WIDTH;
1432   2                  PDATA_WORD(2) = _PANEL_DV_START;
1433   2                  PDATA_WORD(3) = _PANEL_DV_HEIGHT;
1434   2      
1435   2                  // Calculate / Set Display Window H
1436   2                  if(_PANEL_DH_WIDTH > GET_MDOMAIN_INPUT_VHEIGHT())
1437   2                  {
1438   3                      // Underscan
1439   3                      PDATA_WORD(0) += ((_PANEL_DH_WIDTH - GET_MDOMAIN_INPUT_VHEIGHT()) / 2);
1440   3                      PDATA_WORD(0) += (PDATA_WORD(0) % 2);
1441   3                      PDATA_WORD(1) = GET_INPUT_TIMING_VHEIGHT();
1442   3                  }
1443   2      
1444   2                  // Calculate / Set Display Window V Start
1445   2                  if(_PANEL_DV_HEIGHT > GET_MDOMAIN_INPUT_HWIDTH())
1446   2                  {
1447   3                      // Underscan
1448   3                      PDATA_WORD(2) += ((_PANEL_DV_HEIGHT - GET_MDOMAIN_INPUT_HWIDTH()) / 2);
1449   3                      PDATA_WORD(3) = GET_MDOMAIN_INPUT_HWIDTH();
1450   3                  }
1451   2      
1452   2                  // Set Display Window H Start/Width
1453   2                  SET_MDOMAIN_OUTPUT_HSTART(PDATA_WORD(0));
1454   2                  SET_MDOMAIN_OUTPUT_HWIDTH(PDATA_WORD(1));
1455   2      
1456   2                  // Set Display Window V Start/Height
1457   2                  SET_MDOMAIN_OUTPUT_VSTART(PDATA_WORD(2));
1458   2                  SET_MDOMAIN_OUTPUT_VHEIGHT(PDATA_WORD(3));
1459   2      
1460   2                  break;
1461   2      
1462   2              case _ROT_KEEP_SRC_ASPECT_RATIO:
1463   2      
1464   2                  // Double V height for interlaced timing
1465   2                  if((GET_MDOMAIN_INPUT_INTERLACE_FLG() == _TRUE) &&
1466   2                     (GET_MDOMAIN_INPUT_VHEIGHT() < (GET_MDOMAIN_INPUT_HWIDTH() / 2)))
1467   2                  {
1468   3                      PDATA_WORD(1) = GET_MDOMAIN_INPUT_VHEIGHT() * 2;
1469   3                  }
1470   2                  else
1471   2                  {
1472   3                      PDATA_WORD(1) = GET_MDOMAIN_INPUT_VHEIGHT();
1473   3                  }
1474   2      
1475   2                  // Calculate VHeight
1476   2                  PDATA_WORD(0) = ((DWORD)_PANEL_DH_WIDTH * GET_MDOMAIN_INPUT_HWIDTH()) / PDATA_WORD(1);
1477   2      
1478   2                  if(PDATA_WORD(0) > _PANEL_DV_HEIGHT)
1479   2                  {
1480   3                      // Calculate HWidth
1481   3                      PDATA_WORD(0) = ((DWORD)_PANEL_DV_HEIGHT * PDATA_WORD(1)) / GET_MDOMAIN_INPUT_HWIDTH();
1482   3      
1483   3                      // Set HWidth / VHeight
C51 COMPILER V8.12   USERCOMMONADJUST                                                      09/16/2026 20:28:41 PAGE 26  

1484   3                      PDATA_WORD(0) += (PDATA_WORD(0) % 2);
1485   3                      SET_MDOMAIN_OUTPUT_HWIDTH(PDATA_WORD(0));
1486   3                      SET_MDOMAIN_OUTPUT_VHEIGHT(_PANEL_DV_HEIGHT);
1487   3      
1488   3                      // HStart / VStart
1489   3                      PDATA_WORD(0) = (_PANEL_DH_START + (_PANEL_DH_WIDTH - PDATA_WORD(0)) / 2);
1490   3                      PDATA_WORD(0) += (PDATA_WORD(0) % 2);
1491   3                      SET_MDOMAIN_OUTPUT_HSTART(PDATA_WORD(0));
1492   3                      SET_MDOMAIN_OUTPUT_VSTART(_PANEL_DV_START);
1493   3                  }
1494   2                  else
1495   2                  {
1496   3                      // HWidth / VHeight
1497   3                      SET_MDOMAIN_OUTPUT_HWIDTH(_PANEL_DH_WIDTH);
1498   3                      SET_MDOMAIN_OUTPUT_VHEIGHT(PDATA_WORD(0));
1499   3      
1500   3                      // HStart / VStart
1501   3                      SET_MDOMAIN_OUTPUT_HSTART(_PANEL_DH_START);
1502   3                      SET_MDOMAIN_OUTPUT_VSTART((_PANEL_DV_START + (_PANEL_DV_HEIGHT - PDATA_WORD(0)) / 2));
1503   3                  }
1504   2      
1505   2                  break;
1506   2          }
1507   1      }
1508          #endif  // #if(_DISPLAY_ROTATION_SUPPORT == _ON)
1509          
1510          #if(_I_DITHER_SUPPORT == _ON)
1511          //--------------------------------------------------
1512          // Description  : Set IDither Table
1513          // Input Value  : None
1514          // Output Value : None
1515          //--------------------------------------------------
1516          void UserCommonAdjustIDither(void)
1517          {
1518   1      #if(_IDITHER_TYPE == _IDITHER_GEN_2_1_SEQ_NO_TEMPO_TRUNCATE_2_0_BIT)
                  BYTE code *pucTempoTable = _NULL_POINTER;
              #else
1521   1          BYTE code *pucTempoTable = tIDITHER_TEMPOFFSET_TABLE;
1522   1      #endif
1523   1      
1524   1      #if(_IDITHER_SD_MASK_SUPPORT == _ON)
1525   1          ScalerColorSetScalingDownMaskLSB();
1526   1      #endif
1527   1      
1528   1          if(ScalerMDomainGetColorDepth() == _COLOR_DEPTH_8_BITS)
1529   1          {
1530   2              ScalerColorIDitherAdjust(tIDITHER_TABLE_FIFO8, tIDITHER_SEQ_TABLE, pucTempoTable, GET_CURRENT_BANK
             -_NUMBER());
1531   2          }
1532   1          else if(ScalerMDomainGetColorDepth() == _COLOR_DEPTH_10_BITS)
1533   1          {
1534   2              ScalerColorIDitherAdjust(tIDITHER_TABLE_FIFO10, tIDITHER_SEQ_TABLE, pucTempoTable, GET_CURRENT_BAN
             -K_NUMBER());
1535   2          }
1536   1      #if(_IDITHER_TYPE == _IDITHER_GEN_3_4_SEQ_TRUNCATE_6_4_2_BIT)
                  else if(ScalerMDomainGetColorDepth() == _COLOR_DEPTH_6_BITS)
                  {
                      ScalerColorIDitherAdjust(tIDITHER_TABLE_FIFO8, tIDITHER_SEQ_TABLE, pucTempoTable, GET_CURRENT_BANK
             -_NUMBER());
                  }
              #endif
1542   1      }
C51 COMPILER V8.12   USERCOMMONADJUST                                                      09/16/2026 20:28:41 PAGE 27  

1543          #endif // End of #if(_I_DITHER_SUPPORT == _ON)
1544          
1545          #if(_RGB_QUANTIZATION_RANGE_SUPPORT == _ON)
1546          //--------------------------------------------------
1547          // Description  : Set RGB Quantization Range
1548          // Input Value  : None
1549          // Output Value : None
1550          //--------------------------------------------------
1551          void UserCommonAdjustRGBQuantizationRange(void)
1552          {
1553   1          EnumColorRGBQuantization enumColorRGBQuantization = ScalerColorGetRGBQuantizationRange();
1554   1          bit bRGBLimitRange = _FALSE;
1555   1      
1556   1      #if(_RGB_QUANTIZATION_DEFAULT_RANGE_JUDGE_BY_USER == _ON)
                  bRGBLimitRange = UserInterfaceGetRGBQuantizationLimitRangeStatus(enumColorRGBQuantization);
              #else
1559   1          bRGBLimitRange = UserCommonInterfaceGetRGBQuantizationLimitRangeStatus(enumColorRGBQuantization);
1560   1      #endif
1561   1      
1562   1          ScalerColorSetRGBLimitRange(bRGBLimitRange);
1563   1      }
1564          #endif // End of #if(_RGB_QUANTIZATION_RANGE_SUPPORT == _ON)
1565          
1566          #if(_ULTRA_VIVID_SUPPORT == _ON)
              //--------------------------------------------------
              // Description  : Set UltraVivid Settings
              // Input Value  : None
              // Output Value : None
              //--------------------------------------------------
              void UserCommonAdjustUltraVivid(EnumFunctionOnOFF enumFunctionOnOFF, EnumColorSpace enumColorFormat, EnumD
             -BApply enumDBApply)
              {
              #if(_FORCE_D_DOMAIN_DB_APPLY == _ON)
                  ScalerGlobalForceDDomainDBRecovery(enumDBApply, _FALSE);
              #endif
              
                  if(enumFunctionOnOFF == _FUNCTION_ON)
                  {
                      if(ScalerColorUltraVividSetDisable() == _TRUE)
                      {
              #if(_YPEAKING_SUPPORT == _ON)
                          UserInterfaceAdjustYpeaking();
              #endif
                          ScalerColorUltraVividEnable(_FUNCTION_OFF, _DB_APPLY_NONE);
                      }
                      else
                      {
              #if(_YPEAKING_SUPPORT == _ON)
                          ScalerColorYpeaking(_OFF);
              #endif
                          UserInterfaceAdjustUltraVivid();
                      }
                  }
                  else
                  {
              #if(_YPEAKING_SUPPORT == _ON)
                      ScalerColorYpeaking(_OFF);
              #endif
                      ScalerColorUltraVividEnable(_FUNCTION_OFF, _DB_APPLY_NONE);
                  }
              
                  SysModeColorSpaceConvert(enumColorFormat, enumDBApply);
C51 COMPILER V8.12   USERCOMMONADJUST                                                      09/16/2026 20:28:41 PAGE 28  

              }
              #endif  // End of #if(_ULTRA_VIVID_SUPPORT == _ON)
1606          
1607          #if(_D_DITHER_SUPPORT == _ON)
1608          //--------------------------------------------------
1609          // Description  : Set DDither Table
1610          // Input Value  : None
1611          // Output Value : None
1612          //--------------------------------------------------
1613          void UserCommonAdjustDDither(void)
1614          {
1615   1      #if(_DDITHER_TYPE == _DDITHER_GEN_2_4_SEQ_NO_TEMPO_4BIT_DITHERTBL)
                  BYTE code *pucTempoTable = _NULL_POINTER;
              #else
1618   1          BYTE code *pucTempoTable = tDDITHER_TEMPOFFSET_TABLE;
1619   1      #endif
1620   1      
1621   1      #if(_PANEL_EXIST_MULTIPANEL == _OFF)
1622   1          ScalerColorDDitherAdjust(tDDITHER_TABLE, tDDITHER_SEQ_TABLE, pucTempoTable, GET_CURRENT_BANK_NUMBER())
             -;
1623   1      #else
                  switch(_PANEL_DISP_BIT_MODE)
                  {
                      case _PANEL_DISP_18_BIT:
              #if(_DDITHER_TYPE == _DDITHER_GEN_1_6BIT_DITHERTBL)
                          ScalerColorDDitherAdjust(_NULL_POINTER, tDDITHER_SEQ_TABLE, pucTempoTable, GET_CURRENT_BANK_NU
             -MBER());
              #else
                          ScalerColorDDitherAdjust(tDDITHER_TABLE18Bit, tDDITHER_SEQ_TABLE, pucTempoTable, GET_CURRENT_B
             -ANK_NUMBER());
              #endif
                          break;
              
                      case _PANEL_DISP_24_BIT:
                          ScalerColorDDitherAdjust(tDDITHER_TABLE24Bit, tDDITHER_SEQ_TABLE, pucTempoTable, GET_CURRENT_B
             -ANK_NUMBER());
                          break;
              
                      case _PANEL_DISP_30_BIT:
                      default:
                          ScalerColorDDitherAdjust(tDDITHER_TABLE30Bit, tDDITHER_SEQ_TABLE, pucTempoTable, GET_CURRENT_B
             -ANK_NUMBER());
                          break;
                  }
              #endif
1644   1      
1645   1      #if(_D_DITHER_ADVANCE_SETTING_ENABLE == _ENABLE)
              
              #if(_PANEL_EXIST_MULTIPANEL == _OFF)
                  ScalerColorDDitherAdvanceSettingAdjust(tDDITHER_REALIGN_TABLE, tDDITHER_REALIGN_TEMPO_TABLE, tDDITHER_
             -LSB_TABLE, tDDITHER_ADVANCE_SETTING_TABLE, GET_CURRENT_BANK_NUMBER());
              #else
                  switch(_PANEL_DISP_BIT_MODE)
                  {
                      case _PANEL_DISP_18_BIT:
              #if((_DDITHER_TYPE == _DDITHER_GEN_3_6BIT_DITHERTBL_6BIT_PANEL) || (_DDITHER_TYPE == _DDITHER_GEN_4_6BIT_D
             -ITHERTBL_6BIT_PANEL_S2))
                          ScalerColorDDitherAdvanceSettingAdjust(tDDITHER_REALIGN_TABLE, tDDITHER_REALIGN_TEMPO_TABLE, t
             -DDITHER_LSB_TABLE18Bit, tDDITHER_ADVANCE_SETTING_TABLE18Bit, GET_CURRENT_BANK_NUMBER());
              #endif
                          break;
              
C51 COMPILER V8.12   USERCOMMONADJUST                                                      09/16/2026 20:28:41 PAGE 29  

                      case _PANEL_DISP_24_BIT:
                          ScalerColorDDitherAdvanceSettingAdjust(tDDITHER_REALIGN_TABLE, tDDITHER_REALIGN_TEMPO_TABLE, t
             -DDITHER_LSB_TABLE24Bit, tDDITHER_ADVANCE_SETTING_TABLE24Bit, GET_CURRENT_BANK_NUMBER());
                          break;
              
                      case _PANEL_DISP_30_BIT:
                      default:
                          ScalerColorDDitherAdvanceSettingAdjust(tDDITHER_REALIGN_TABLE, tDDITHER_REALIGN_TEMPO_TABLE, t
             -DDITHER_LSB_TABLE30Bit, tDDITHER_ADVANCE_SETTING_TABLE30Bit, GET_CURRENT_BANK_NUMBER());
                          break;
                  }
              #endif
              
              #endif
1670   1      }
1671          #endif // End of #if(_D_DITHER_SUPPORT == _ON)
1672          
1673          #if(_CONTRAST_6BIT_PANEL_COMPENSATE == _ON)
              //--------------------------------------------------
              // Description  : Output Data
              // Input Value  : Input Data
              // Output Value : compensate value for 6bit panel
              //--------------------------------------------------
              WORD UserCommonAdjust6bitPanelCompensate(WORD usData)
              {
              #if(_TRANSLATOR_SUPPORT == _OFF)
                  usData = (DWORD)usData * 252 / 255;
              #endif
              
                  return usData;
              }
              #endif
1688          
1689          //--------------------------------------------------
1690          // Description  : Set 10bit Panel Compesate
1691          // Input Value  : Row Data
1692          // Output Value : Compesate Data
1693          //--------------------------------------------------
1694          WORD UserCommonAdjust10bitPanelCompensate(WORD usData)
1695          {
1696   1      #if(_TRANSLATOR_SUPPORT == _OFF)
1697   1          if(ScalerColorGetColorDepth() == _COLOR_DEPTH_8_BITS)
1698   1          {
1699   2              usData = (WORD)(((DWORD)usData * 1023 / 1020) > 4095) ? 4095 : (WORD)((DWORD)usData * 1023 / 1020)
             -;
1700   2          }
1701   1      #endif
1702   1      
1703   1          return usData;
1704   1      }
1705          
1706          #if(_SHARPNESS_SUPPORT == _ON)
1707          //--------------------------------------------------
1708          // Description  : Set Sharpness Table
1709          // Input Value  : Request Sharpness Table
1710          // Output Value : None
1711          //--------------------------------------------------
1712          void UserCommonAdjustSharpness(EnumSourceSearchPort enumSourceSearchPort)
1713          {
1714   1          switch(ScalerScalingGetScalingUpType())
1715   1          {
1716   2              case _VSU_2D_4LINE_COEF:
C51 COMPILER V8.12   USERCOMMONADJUST                                                      09/16/2026 20:28:41 PAGE 30  

1717   2      
1718   2                  // 1:1 Mode Use Different Scaling Table
1719   2                  if((ScalerColorScalingByPassTableSel() == _TRUE) || (UserInterfaceSharpnessBypassCheck() == _T
             -RUE))
1720   2                  {
1721   3                      ScalerMemorySetScalingCoef(UserInterfaceGetSharpnessCoef(_H_SU_128TAPS_1_TO_1, enumSourceS
             -earchPort),
1722   3                                                 UserInterfaceGetSharpnessCoef(_H_V_SU_128TAPS_NORMAL, enumSourc
             -eSearchPort),
1723   3                                                 UserInterfaceGetSharpnessCoefBankNum());
1724   3                  }
1725   2                  else
1726   2                  {
1727   3                      ScalerMemorySetScalingCoef(UserInterfaceGetSharpnessCoef(_H_V_SU_128TAPS_NORMAL, enumSourc
             -eSearchPort),
1728   3                                                 UserInterfaceGetSharpnessCoef(_H_V_SU_128TAPS_NORMAL, enumSourc
             -eSearchPort),
1729   3                                                 UserInterfaceGetSharpnessCoefBankNum());
1730   3                  }
1731   2      
1732   2                  break;
1733   2      
1734   2      #if(_VSU_3L_SUPPORT == _ON)
                      case _VSU_2D_3LINE_COEF:
              
                          // 1:1 Mode Use Different Scaling Table
                          if((ScalerColorScalingByPassTableSel() == _TRUE) || (UserInterfaceSharpnessBypassCheck() == _T
             -RUE))
                          {
                              ScalerMemorySetScalingCoef(UserInterfaceGetSharpnessCoef(_H_SU_128TAPS_1_TO_1, enumSourceS
             -earchPort),
                                                         UserInterfaceGetSharpnessCoef(_H_V_SU_96TAPS_NORMAL, enumSource
             -SearchPort),
                                                         UserInterfaceGetSharpnessCoefBankNum());
                          }
                          else
                          {
                              ScalerMemorySetScalingCoef(UserInterfaceGetSharpnessCoef(_H_V_SU_128TAPS_NORMAL, enumSourc
             -eSearchPort),
                                                         UserInterfaceGetSharpnessCoef(_H_V_SU_96TAPS_NORMAL, enumSource
             -SearchPort),
                                                         UserInterfaceGetSharpnessCoefBankNum());
                          }
              
                          break;
              #endif
1753   2      
1754   2              default:
1755   2      
1756   2                  break;
1757   2          }
1758   1      }
1759          #endif
1760          
1761          #if(_FREEZE_SUPPORT == _ON)
              //--------------------------------------------------
              // Description  : Display freeze
              // Input Value  : ON --> Display freeze
              // Output Value : None
              //--------------------------------------------------
              void UserCommonAdjustDisplayFreeze(bit bEn)
              {
C51 COMPILER V8.12   USERCOMMONADJUST                                                      09/16/2026 20:28:41 PAGE 31  

                  ScalerFRCDisplayFreeze(bEn);
              }
              #endif // End of #if(_FREEZE_SUPPORT == _ON)
1772          
1773          #if(_UNIFORMITY_SUPPORT == _ON)
              //--------------------------------------------------
              // Description  : Get Uniformity type level mode
              // Input Value  : UniformityType Index
              // Output Value : Level mode
              //--------------------------------------------------
              BYTE UserCommonAdjustGetUniformityType(BYTE ucIndex)
              {
                  return tUniformityType[ucIndex];
              }
              //--------------------------------------------------
              // Description  : Load gain, offset and decay LUT, turn on/off offset function
              // Input Value  : EnumUniformityType, EnumUniformityModeSelect
              // Output Value : None
              //--------------------------------------------------
              void UserCommonAdjustPanelUniformity(EnumUniformityTypeSelect enumUniformityType, EnumUniformityModeSelect
             - enumUniformityMode)
              {
                  BYTE ucGainTableBank = 0;
                  WORD usGainTableAddr = 0;
              #if(_UNIFORMITY_LEVEL0_SUPPORT == _ON)
                  BYTE ucOffsetTableBank = 0;
                  WORD usOffsetTableAddr = 0;
                  WORD usDecayTableAddr = 0;
              #endif
                  ucGainTableBank = UserCommonAdjustPanelUniformityGainBank(enumUniformityType);
                  usGainTableAddr = UserCommonAdjustPanelUniformityGainAddr(enumUniformityType);
              #if(_UNIFORMITY_LEVEL0_SUPPORT == _ON)
              
                  if(tUNIFORMITY_OSD_TYPE_OFFSET_ENABLE_INDEX[enumUniformityType] == _ON)
                  {
                      ucOffsetTableBank = UserCommonAdjustPanelUniformityOffsetBank(enumUniformityType);
                      usOffsetTableAddr = UserCommonAdjustPanelUniformityOffsetAddr(enumUniformityType);
                      usDecayTableAddr = UserCommonAdjustPanelUniformityDecayAddr(enumUniformityType);
                      ScalerColorPanelUniformityOffsetAdjust(g_pucDISP_CALIBRATION_FLASH + usOffsetTableAddr, _PANEL_UNI
             -FORMITY_OFFSET_LUT_SIZE, ucOffsetTableBank);
                      ScalerColorPanelUniformityDecayAdjust(g_pucDISP_CALIBRATION_FLASH + usDecayTableAddr, _PANEL_UNIFO
             -RMITY_DECAY_LUT_SIZE, ucOffsetTableBank, enumUniformityMode, UserCommonAdjustGetUniformityType(enumUniformityType));
                      ScalerColorPanelUniformityOffsetEnable(_FUNCTION_ON);
                  }
                  else
                  {
                      ScalerColorPanelUniformityOffsetEnable(_FUNCTION_OFF);
                  }
              #endif // End of #if(_UNIFORMITY_LEVEL0_SUPPORT == _ON)
              
                  ScalerColorPanelUniformityAdjust(g_pucDISP_CALIBRATION_FLASH + usGainTableAddr, _PANEL_UNIFORMITY_1LEV
             -EL_SIZE * UserCommonAdjustGetUniformityType(enumUniformityType), ucGainTableBank, enumUniformityMode, UserCommonAdjustGe
             -tUniformityType(enumUniformityType));
              }
              //--------------------------------------------------
              // Description  : Calculate Uniformity Gain Bank
              // Input Value  : enumUniformityType, ucStartBank, usUNILUTSize
              // Output Value : usUniformityTypeBank
              //--------------------------------------------------
              BYTE UserCommonAdjustPanelUniformityGainBank(EnumUniformityTypeSelect enumUniformityType)
              {
                  BYTE ucUniformityTypeBank = 0;
C51 COMPILER V8.12   USERCOMMONADJUST                                                      09/16/2026 20:28:41 PAGE 32  

                  DWORD ulRemainder = 65536;
                  BYTE ucUniformityTypeNum = 0;
                  WORD usUniformityTableSize = 0;
              
                  for(ucUniformityTypeNum = 0; ucUniformityTypeNum <= enumUniformityType; ucUniformityTypeNum++)
                  {
                      usUniformityTableSize = ((DWORD)_PANEL_UNIFORMITY_1LEVEL_SIZE * UserCommonAdjustGetUniformityType(
             -ucUniformityTypeNum) + 1); // +1 checksum address size
              
                      if(ulRemainder < usUniformityTableSize)
                      {
                          ulRemainder = 65536;
                          ucUniformityTypeBank++;
                      }
                      ulRemainder = (ulRemainder - usUniformityTableSize);
                  }
              
                  return ucUniformityTypeBank + _UNIFORMITY_FLASH_BANK0;
              }
              //--------------------------------------------------
              // Description  : Calculate Panel Uniformity Gain Table Address
              // Input Value  : enumUniformityType, usUNILUTSize
              // Output Value : usUniformityTypeAddr
              //--------------------------------------------------
              WORD UserCommonAdjustPanelUniformityGainAddr(EnumUniformityTypeSelect enumUniformityType)
              {
                  WORD usUniformityTypeAddr = 0;
                  DWORD ulRemainder = 0;
                  BYTE ucUniformityTypeNum = 0;
                  BYTE ucQuotient = 0;
                  WORD usUniformityTableSize = 0;
              
                  for(ucUniformityTypeNum = 0; ucUniformityTypeNum <= enumUniformityType; ucUniformityTypeNum++)
                  {
                      usUniformityTableSize = ((DWORD)_PANEL_UNIFORMITY_1LEVEL_SIZE * UserCommonAdjustGetUniformityType(
             -ucUniformityTypeNum) + 1);
                      if(ulRemainder < usUniformityTableSize)
                      {
                          if(ucQuotient == 0)
                          {
                              ulRemainder = 65536 - _UNIFORMITY_FINISH_ADDRESS - 1;
                              usUniformityTypeAddr = _UNIFORMITY_FINISH_ADDRESS + 1;
                          }
                          else
                          {
                              ulRemainder = 65536;
                              usUniformityTypeAddr = 0;
                          }
                          ucQuotient++;
                      }
                      else
                      {
                          usUniformityTypeAddr += (_PANEL_UNIFORMITY_1LEVEL_SIZE * UserCommonAdjustGetUniformityType(ucU
             -niformityTypeNum - 1) + 1);
                      }
                      ulRemainder = (ulRemainder - usUniformityTableSize);
                  }
                  return usUniformityTypeAddr;
              }
              #if(_UNIFORMITY_LEVEL0_SUPPORT == _ON)
              //--------------------------------------------------
              // Description  : Calculate Uniformity Offset and Decay Table Bank
C51 COMPILER V8.12   USERCOMMONADJUST                                                      09/16/2026 20:28:41 PAGE 33  

              // Input Value  : enumUniformityType, ucStartBank, usUNILUTSize, usUNIOffsetLUTSize, usUNIDecayLUTSize
              // Output Value : usUniformityTypeOffsetBank
              //--------------------------------------------------
              BYTE UserCommonAdjustPanelUniformityOffsetBank(EnumUniformityTypeSelect enumUniformityType)
              {
                  BYTE ucTotalGainBank = 0;
                  BYTE ucDivisor = 0;
                  BYTE ucQuotient = 0;
                  DWORD ulRemainder = 65536;
                  BYTE ucUniformityTypeNum = 0;
                  WORD usUniformityTableSize = 0;
              
                  ucDivisor = (BYTE)(65536 / ((DWORD)_PANEL_UNIFORMITY_OFFSET_LUT_SIZE + (DWORD)_PANEL_UNIFORMITY_DECAY_
             -LUT_SIZE + 2)); // +2 Offset and Decay table checksum address size
                  ucQuotient = enumUniformityType / ucDivisor;
              
                  for(ucUniformityTypeNum = 0; ucUniformityTypeNum < _UNIFORMITY_TOTAL_SET; ucUniformityTypeNum++)
                  {
                      usUniformityTableSize = ((DWORD)_PANEL_UNIFORMITY_1LEVEL_SIZE * UserCommonAdjustGetUniformityType(
             -ucUniformityTypeNum) + 1);
                      if(ulRemainder < usUniformityTableSize)
                      {
                          ulRemainder = 65536;
                          ucTotalGainBank++;
                      }
                      ulRemainder = (ulRemainder - usUniformityTableSize);
                  }
                  ucTotalGainBank++;
                  return ucQuotient + _UNIFORMITY_FLASH_BANK0 + ucTotalGainBank;
              }
              //--------------------------------------------------
              // Description  : Calculate Panel Uniformity Offset Table Address
              // Input Value  : enumUniformityType, usUNILUTSize
              // Output Value : usUniformityTypeAddr
              //--------------------------------------------------
              WORD UserCommonAdjustPanelUniformityOffsetAddr(EnumUniformityTypeSelect enumUniformityType)
              {
                  WORD usUniformityTypeOffsetAddr = 0;
                  BYTE ucDivisor = 0;
                  BYTE ucQuotient = 0;
                  BYTE ucRemainder = 0;
              
                  ucDivisor = (BYTE)(65536 / ((DWORD)_PANEL_UNIFORMITY_OFFSET_LUT_SIZE + (DWORD)_PANEL_UNIFORMITY_DECAY_
             -LUT_SIZE + 2)); // +2 offset and decay checksum address size
                  ucQuotient = enumUniformityType / ucDivisor;
                  ucRemainder = enumUniformityType % ucDivisor;
              
                  usUniformityTypeOffsetAddr = ucRemainder * (_PANEL_UNIFORMITY_OFFSET_LUT_SIZE + _PANEL_UNIFORMITY_DECA
             -Y_LUT_SIZE + 2);
              
                  if(ucQuotient == 0)
                  {
                      usUniformityTypeOffsetAddr = usUniformityTypeOffsetAddr + _UNIFORMITY_OFFSET_FINISH_ADDRESS + 1;
                  }
              
                  return usUniformityTypeOffsetAddr;
              }
              //--------------------------------------------------
              // Description  : Load Panel Uniformity LUT
              // Input Value  : enumUniformityType, usUNIOffsetLUTSize, usUNIDecayLUTSize
              // Output Value : usUniformityTypeAddr
              //--------------------------------------------------
C51 COMPILER V8.12   USERCOMMONADJUST                                                      09/16/2026 20:28:41 PAGE 34  

              WORD UserCommonAdjustPanelUniformityDecayAddr(EnumUniformityTypeSelect enumUniformityType)
              {
                  return UserCommonAdjustPanelUniformityOffsetAddr(enumUniformityType) + _PANEL_UNIFORMITY_OFFSET_LUT_SI
             -ZE + 1;
              }
              #endif
              #endif // End of #if(_UNIFORMITY_SUPPORT == _ON)
1949          
1950          #if(_OGC_SUPPORT == _ON)
              //--------------------------------------------------
              // Description  : None
              // Input Value  : None
              // Output Value : None
              //--------------------------------------------------
              void UserCommonAdjustOGCColorTempGain(BYTE ucColorTemp, BYTE ucGammaMode, BYTE *pucData, EnumOGCModeSelect
             - enumOGCModeSelect)
              {
              #if(_CTS_TYPE == _CTS_GEN_1_12BIT)
              #if(_LOCAL_DIMMING_SUPPORT == _ON)
                  if(UserCommonLocalDimmingGetEnableStatus() == _LD_ENABLE)
                  {
                      UserCommonFlashRead(_OGC_FLASH_BANK, ((WORD)_OGC_FLASH_PAGE << 12) | (ucColorTemp * _OGC_TOTAL_GAM
             -MA * 6 + ucGammaMode * 6 + _DIMMING_OGC_RGB_GAIN_ADDRESS), 6, pucData);
                  }
                  else
              #endif
                  {
              #if(_GLOBAL_DIMMING_SUPPORT == _ON)
                      if(UserCommonGlobalDimmingGetEnableStatus() == _GD_ENABLE)
                      {
                          UserCommonFlashRead(_OGC_FLASH_BANK, ((WORD)_OGC_FLASH_PAGE << 12) | (ucColorTemp * _OGC_TOTAL
             -_GAMMA * 6 + ucGammaMode * 6 + _DIMMING_OGC_RGB_GAIN_ADDRESS), 6, pucData);
                      }
                      else
              #endif
                      {
              #if(_TWO_BRI_CALIBRATION_TYPE == _TWO_BRI_CALIBRATION_OGC_OCC_DICOM_HDR)
                          if(enumOGCModeSelect > _OGC_NORMAL_TYPE)
                          {
                              UserCommonFlashRead(_OGC_FLASH_BANK, ((WORD)_OGC_FLASH_PAGE << 12) | (ucColorTemp * _OGC_T
             -OTAL_GAMMA * 6 + ucGammaMode * 6 + _OGC_RGB_GAIN_MAX_BRI_ADDRESS), 6, pucData);
                          }
                          else
              #endif
                          {
                              UserCommonFlashRead(_OGC_FLASH_BANK, ((WORD)_OGC_FLASH_PAGE << 12) | (ucColorTemp * _OGC_T
             -OTAL_GAMMA * 6 + ucGammaMode * 6 + _OGC_RGB_GAIN_ADDRESS), 6, pucData);
                              enumOGCModeSelect = enumOGCModeSelect;
                          }
                      }
                  }
              #elif(_CTS_TYPE == _CTS_GEN_0_8BIT)
                  UserCommonFlashRead(_OGC_FLASH_BANK, ((WORD)_OGC_FLASH_PAGE << 12) | (ucColorTemp * _OGC_TOTAL_GAMMA *
             - 3 + ucGammaMode * 3 + _OGC_RGB_GAIN_ADDRESS), 3, pucData);
                  enumOGCModeSelect = enumOGCModeSelect;
              #endif
              }
              #endif
1994          
1995          #if((_OGC_SUPPORT == _ON) || (_OCC_SUPPORT == _ON) || (_OGC_DICOM_SUPPORT == _ON))
1996          //--------------------------------------------------
1997          // Description  : Calculate OutputGamma LUT Bank
C51 COMPILER V8.12   USERCOMMONADJUST                                                      09/16/2026 20:28:41 PAGE 35  

1998          // Input Value  : enumOGCTypeSelect, enumOGCModeSelect
1999          // Output Value : usOutputGammaTypeBank
2000          //--------------------------------------------------
2001          BYTE UserCommonAdjustOGCBank(EnumOGCTypeSelect enumOGCTypeSelect, EnumOGCModeSelect enumOGCModeSelect)
2002          {
2003   1      #if(_OGC_GEN_TYPE == _OGC_GEN_1)
2004   1          BYTE ucDivisor_HeaderBank = 0;
2005   1          BYTE ucDivisor = 0;
2006   1          BYTE ucQuotient = 0;
2007   1          BYTE ucGammaNum = 0;
2008   1      
2009   1          ucDivisor_HeaderBank = (BYTE)((65536 - _DISP_CALIBRATION_PCM_END) / (DWORD)_OGC_GAMMA_TABLE_SIZE);
2010   1          ucDivisor = (BYTE)(65536 / (DWORD)_OGC_GAMMA_TABLE_SIZE);
2011   1      
2012   1      #if(_TWO_BRI_CALIBRATION_TYPE == _TWO_BRI_CALIBRATION_OGC_OCC_DICOM_HDR)
                  if(enumOGCModeSelect > _OGC_NORMAL_TYPE)
                  {
                      ucGammaNum = enumOGCTypeSelect + _OGC_TOTAL_GAMMA;
                  }
                  else
              #endif
2019   1          {
2020   2              ucGammaNum = enumOGCTypeSelect;
2021   2              enumOGCModeSelect = enumOGCModeSelect;
2022   2          }
2023   1      
2024   1      
2025   1          if(ucGammaNum < ucDivisor_HeaderBank)
2026   1          {
2027   2              ucQuotient = 0;
2028   2          }
2029   1          else
2030   1          {
2031   2              ucQuotient = (ucGammaNum - ucDivisor_HeaderBank) / ucDivisor + 1;
2032   2          }
2033   1      
2034   1          return ucQuotient + _OGC_FLASH_BANK;
2035   1      #else
                  enumOGCTypeSelect = enumOGCTypeSelect;
                  enumOGCModeSelect = enumOGCModeSelect;
              
                  return _OGC_FLASH_BANK;
              #endif
2041   1      }
2042          //--------------------------------------------------
2043          // Description  : Calculate OutputGamma LUT Address
2044          // Input Value  : enumOGCTypeSelect, enumOGCModeSelect
2045          // Output Value : usOutputGammaTypeAddr
2046          //--------------------------------------------------
2047          BYTE *UserCommonAdjustOGCAddr(EnumOGCTypeSelect enumOGCTypeSelect, EnumOGCModeSelect enumOGCModeSelect)
2048          {
2049   1          BYTE *pucOutputGammaTypeAddr = _NULL_POINTER;
2050   1      #if(_OGC_GEN_TYPE == _OGC_GEN_1)
2051   1          BYTE ucDivisor_HeaderBank = 0;
2052   1          BYTE ucDivisor = 0;
2053   1          BYTE ucGammaNum = 0;
2054   1      
2055   1          ucDivisor_HeaderBank = (BYTE)((65536 - _DISP_CALIBRATION_PCM_END) / (DWORD)_OGC_GAMMA_TABLE_SIZE);
2056   1          ucDivisor = (BYTE)(65536 / (DWORD)_OGC_GAMMA_TABLE_SIZE);
2057   1      
2058   1      #if(_TWO_BRI_CALIBRATION_TYPE == _TWO_BRI_CALIBRATION_OGC_OCC_DICOM_HDR)
                  if(enumOGCModeSelect > _OGC_NORMAL_TYPE)
C51 COMPILER V8.12   USERCOMMONADJUST                                                      09/16/2026 20:28:41 PAGE 36  

                  {
                      ucGammaNum = enumOGCTypeSelect + _OGC_TOTAL_GAMMA;
                  }
                  else
              #endif
2065   1          {
2066   2              ucGammaNum = enumOGCTypeSelect;
2067   2              enumOGCModeSelect = enumOGCModeSelect;
2068   2          }
2069   1      
2070   1          if(ucGammaNum < ucDivisor_HeaderBank)
2071   1          {
2072   2              pucOutputGammaTypeAddr = g_pucDISP_CALIBRATION_FLASH + _DISP_CALIBRATION_PCM_END + ucGammaNum * _O
             -GC_GAMMA_TABLE_SIZE;
2073   2          }
2074   1          else
2075   1          {
2076   2              pucOutputGammaTypeAddr = g_pucDISP_CALIBRATION_FLASH + (ucGammaNum - ucDivisor_HeaderBank) % ucDiv
             -isor * _OGC_GAMMA_TABLE_SIZE;
2077   2          }
2078   1      #else
                  enumOGCModeSelect = enumOGCModeSelect;
              
                  if(enumOGCTypeSelect == _OGC_GAMMA1_TYPE)
                  {
                      pucOutputGammaTypeAddr = g_pucDISP_CALIBRATION_FLASH + _OGC_GAMMA1_ADDRESS;
                  }
                  else if(enumOGCTypeSelect == _OGC_GAMMA2_TYPE)
                  {
                      pucOutputGammaTypeAddr = g_pucDISP_CALIBRATION_FLASH + _OGC_GAMMA2_ADDRESS;
                  }
                  else if(enumOGCTypeSelect == _OGC_GAMMA3_TYPE)
                  {
                      pucOutputGammaTypeAddr = g_pucDISP_CALIBRATION_FLASH + _OGC_GAMMA3_ADDRESS;
                  }
                  else if(enumOGCTypeSelect == _OGC_GAMMA4_TYPE)
                  {
                      pucOutputGammaTypeAddr = g_pucDISP_CALIBRATION_FLASH + _OGC_GAMMA4_ADDRESS;
                  }
                  else if(enumOGCTypeSelect == _OGC_GAMMA5_TYPE)
                  {
                      pucOutputGammaTypeAddr = g_pucDISP_CALIBRATION_FLASH + _OGC_GAMMA5_ADDRESS;
                  }
              #endif
2102   1      
2103   1          return pucOutputGammaTypeAddr;
2104   1      }
2105          #if(_OGC_DICOM_SUPPORT == _ON)
              //--------------------------------------------------
              // Description  : Calculate DICOM LUT Bank
              // Input Value  : enumDICOMTypeSelect
              // Output Value : usOutputGammaTypeBank
              //--------------------------------------------------
              BYTE UserCommonAdjustDICOMBank(EnumDICOMTypeSelect enumDICOMTypeSelect)
              {
              #if(_OGC_TOTAL_DICOM == 1)
                  enumDICOMTypeSelect = _DICOM1_TYPE;
              #else
                  enumDICOMTypeSelect = enumDICOMTypeSelect;
              #endif
                  return _OGC_FLASH_BANK;
              }
C51 COMPILER V8.12   USERCOMMONADJUST                                                      09/16/2026 20:28:41 PAGE 37  

              
              //--------------------------------------------------
              // Description  : Calculate DICOM LUT Address
              // Input Value  : enumDICOMTypeSelect
              // Output Value : pucOutputGammaTypeAddr
              //--------------------------------------------------
              BYTE *UserCommonAdjustDICOMAddr(EnumDICOMTypeSelect enumDICOMTypeSelect)
              {
                  BYTE *pucOutputGammaTypeAddr = _NULL_POINTER;
              #if(_OGC_TOTAL_DICOM == 1)
                  enumDICOMTypeSelect = _DICOM1_TYPE;
              #endif
              #if(_OGC_GEN_TYPE == _OGC_GEN_1)
                  if(enumDICOMTypeSelect == _DICOM2_TYPE)
                  {
                      pucOutputGammaTypeAddr = g_pucDISP_CALIBRATION_FLASH + _OGC_DICOM2_ADDRESS;
                  }
                  else if(enumDICOMTypeSelect == _DICOM3_TYPE)
                  {
                      pucOutputGammaTypeAddr = g_pucDISP_CALIBRATION_FLASH + _OGC_DICOM3_ADDRESS;
                  }
                  else if(enumDICOMTypeSelect == _DICOM4_TYPE)
                  {
                      pucOutputGammaTypeAddr = g_pucDISP_CALIBRATION_FLASH + _OGC_DICOM4_ADDRESS;
                  }
                  else
              #endif
                  {
                      pucOutputGammaTypeAddr = g_pucDISP_CALIBRATION_FLASH + _OGC_DICOM_ADDRESS;
                  }
              
                  return pucOutputGammaTypeAddr;
              }
              #endif
2154          #endif
2155          
2156          #if(_PCM_FUNCTION == _ON)
2157          //--------------------------------------------------
2158          // Description  : None
2159          // Input Value  : None
2160          // Output Value : None
2161          //--------------------------------------------------
2162          void UserCommonAdjustPCM(EnumPCMType enumPCMMode, BYTE *pucIGammaTableArray, BYTE *pucOGammaTableArray, BY
             -TE *pucColorMatrixArray, BYTE ucPCMBankNum, WORD usLength)
2163          {
2164   1          BYTE ucGammaBankNum = ucPCMBankNum;
2165   1      #if(_LOCAL_DIMMING_SUPPORT == _ON)
                  EnumLDStatus enumLDStatus = UserCommonLocalDimmingGetEnableStatus();
              #endif
2168   1      
2169   1      #if(_BACKLIGHT_DIMMING_SUPPORT == _ON)
              #if(_OGC_SUPPORT == _ON)
                  EnumSDROGCStatus enumGammaIndex = 0;
                  WORD code tusDIMMING_GAMMA_OSD_INDEX[] =
                  {
                      _DIMMING_OGC_GAMMA1_ADDRESS,
              #if(_OGC_TOTAL_GAMMA > 1)
                      _DIMMING_OGC_GAMMA2_ADDRESS,
              #if(_OGC_TOTAL_GAMMA > 2)
                      _DIMMING_OGC_GAMMA3_ADDRESS,
              #if(_OGC_TOTAL_GAMMA > 3)
                      _DIMMING_OGC_GAMMA4_ADDRESS,
C51 COMPILER V8.12   USERCOMMONADJUST                                                      09/16/2026 20:28:41 PAGE 38  

              #if(_OGC_TOTAL_GAMMA > 4)
                      _DIMMING_OGC_GAMMA5_ADDRESS,
              #endif
              #endif
              #endif
              #endif
                  };
                  enumGammaIndex = UserInterfaceGetSDROGCMode();
                  if(enumGammaIndex >= (sizeof(tusDIMMING_GAMMA_OSD_INDEX) / sizeof(tusDIMMING_GAMMA_OSD_INDEX[0])))
                  {
                      enumGammaIndex = 0;
                  }
              #endif
              
              #endif // End of #if(_BACKLIGHT_DIMMING_SUPPORT == _ON)
2196   1      
2197   1          ScalerTimerWaitForEvent(_EVENT_DEN_STOP);
2198   1          ScalerColorOutputGammaEnable(_FUNCTION_OFF);
2199   1          ScalerColorSRGBEnable(_FUNCTION_OFF);
2200   1          ScalerColorPCMInputGammaEnable(_FUNCTION_OFF);
2201   1      
2202   1      #if(_LOCAL_DIMMING_SUPPORT == _ON)
                  if(enumLDStatus == _LD_ENABLE)
                  {
                      ScalerColorPanelUniformityEnable(_FUNCTION_OFF);
              
                      if(ScalerColorDCRGetLocalDimmingHistoEnable() == _FALSE)
                      {
                          UserCommonLocalDimmingInitialSetting(_ENABLE);
                      }
              
              #if(_OGC_SUPPORT == _ON)
                      if(enumPCMMode == _PCM_BYPASS)
                      {
                          pucIGammaTableArray = g_pucDISP_CALIBRATION_FLASH + tusDIMMING_GAMMA_OSD_INDEX[enumGammaIndex]
             -;
                      }
              #endif
                      ucGammaBankNum = _OGC_FLASH_BANK;
              
              #if(_OCC_PCM_GAMMA_SUPPORT == _ON)
                      if(enumPCMMode == _PCM_OCC_GAMMA)
                      {
                          ScalerColorOCCPCMGammaLoadTable(pucIGammaTableArray, (g_pucDISP_CALIBRATION_FLASH + _DIMMING_O
             -CC_GAMMA10_ADDRESS), pucColorMatrixArray, _OGC_FLASH_BANK, usLength, _OCC_GAMMA_FLASH_BANK);
                      }
                      else
              #endif
                      {
              #if(_OCC_DISPLAY_P3_GAMMA_22_SUPPORT == _ON)
                          if(enumPCMMode == _PCM_DISPLAY_P3)
                          {
                              ScalerColorPCMLoadTable(_PCM_ADOBE_RGB, pucIGammaTableArray, (g_pucDISP_CALIBRATION_FLASH 
             -+ _DIMMING_OCC_GAMMA10_ADDRESS), pucColorMatrixArray, ucPCMBankNum, usLength, ucGammaBankNum);
                          }
                          else
              #endif
                          {
                              ScalerColorPCMLoadTable(enumPCMMode, pucIGammaTableArray, (g_pucDISP_CALIBRATION_FLASH + _
             -DIMMING_OCC_GAMMA10_ADDRESS), pucColorMatrixArray, ucPCMBankNum, usLength, ucGammaBankNum);
                          }
                      }
C51 COMPILER V8.12   USERCOMMONADJUST                                                      09/16/2026 20:28:41 PAGE 39  

                  }
                  else
              #endif // End of #if(_LOCAL_DIMMING_SUPPORT == _ON)
2242   1          {
2243   2      #if(_GLOBAL_DIMMING_SUPPORT == _ON)
                      if(UserCommonGlobalDimmingGetEnableStatus() == _GD_ENABLE)
                      {
              #if(_OGC_SUPPORT == _ON)
                          if(enumPCMMode == _PCM_BYPASS)
                          {
                              pucIGammaTableArray = g_pucDISP_CALIBRATION_FLASH + tusDIMMING_GAMMA_OSD_INDEX[enumGammaIn
             -dex];
                          }
              #endif
                          ucGammaBankNum = _OGC_FLASH_BANK;
              
              #if(_OCC_PCM_GAMMA_SUPPORT == _ON)
                          if(enumPCMMode == _PCM_OCC_GAMMA)
                          {
                              ScalerColorOCCPCMGammaLoadTable(pucIGammaTableArray, (g_pucDISP_CALIBRATION_FLASH + _DIMMI
             -NG_OCC_GAMMA10_ADDRESS), pucColorMatrixArray, _OGC_FLASH_BANK, usLength, _OCC_GAMMA_FLASH_BANK);
                          }
                          else
              #endif
                          {
              #if(_OCC_DISPLAY_P3_GAMMA_22_SUPPORT == _ON)
                              if(enumPCMMode == _PCM_DISPLAY_P3)
                              {
                                  ScalerColorPCMLoadTable(_PCM_ADOBE_RGB, pucIGammaTableArray, (g_pucDISP_CALIBRATION_FL
             -ASH + _DIMMING_OCC_GAMMA10_ADDRESS), pucColorMatrixArray, ucPCMBankNum, usLength, ucGammaBankNum);
                              }
                              else
              #endif
                              {
                                  ScalerColorPCMLoadTable(enumPCMMode, pucIGammaTableArray, (g_pucDISP_CALIBRATION_FLASH
             - + _DIMMING_OCC_GAMMA10_ADDRESS), pucColorMatrixArray, ucPCMBankNum, usLength, ucGammaBankNum);
                              }
                          }
                          UserCommonGlobalDimmingInitialSetting(_ENABLE);
                      }
                      else
              #endif
2277   2              {
2278   3      #if(_OCC_PCM_GAMMA_SUPPORT == _ON)
                          if(enumPCMMode == _PCM_OCC_GAMMA)
                          {
                              ScalerColorOCCPCMGammaLoadTable(pucIGammaTableArray, pucOGammaTableArray, pucColorMatrixAr
             -ray, _OGC_FLASH_BANK, usLength, _OCC_GAMMA_FLASH_BANK);
                          }
                          else
              #endif
2285   3                  {
2286   4      #if(_OCC_DISPLAY_P3_GAMMA_22_SUPPORT == _ON)
                              if(enumPCMMode == _PCM_DISPLAY_P3)
                              {
                                  ScalerColorPCMLoadTable(_PCM_ADOBE_RGB, pucIGammaTableArray, pucOGammaTableArray, pucC
             -olorMatrixArray, ucPCMBankNum, usLength, ucGammaBankNum);
                              }
                              else
              #endif
2293   4                      {
2294   5                          ScalerColorPCMLoadTable(enumPCMMode, pucIGammaTableArray, pucOGammaTableArray, pucColo
C51 COMPILER V8.12   USERCOMMONADJUST                                                      09/16/2026 20:28:41 PAGE 40  

             -rMatrixArray, ucPCMBankNum, usLength, ucGammaBankNum);
2295   5                      }
2296   4                  }
2297   3              }
2298   2          }
2299   1      
2300   1          switch(enumPCMMode)
2301   1          {
2302   2      #if((_DCIP3_NO_COMPRESSION_SUPPORT == _ON) || (_OCC_GAMUT_NO_COMPRESSION_SUPPORT == _ON))
                      case _PCM_DCI_P3:
                      case _PCM_DISPLAY_P3:
                          ScalerColorPCMSRGBAdjust(_SRGB_1_BIT_SHIFT_LEFT, pucColorMatrixArray, ucPCMBankNum, usLength);
                          break;
              #endif
2308   2      #if((_OCC_USER_DEFINE_SHIFT_1_BIT_SUPPORT == _ON) || (_OCC_GAMUT_NO_COMPRESSION_SUPPORT == _ON))
                      case _PCM_USER_DEFINE:
                      case _PCM_USER_DEFINE_2:
                      case _PCM_USER_DEFINE_3:
                      case _PCM_USER_DEFINE_4:
                      case _PCM_USER_DEFINE_5:
                      case _PCM_USER_DEFINE_6:
                          ScalerColorPCMSRGBAdjust(_SRGB_1_BIT_SHIFT_LEFT, pucColorMatrixArray, ucPCMBankNum, usLength);
                          break;
              #endif
2318   2      #if(_OCC_GAMUT_NO_COMPRESSION_SUPPORT == _ON)
                      case _PCM_ADOBE_RGB:
                          ScalerColorPCMSRGBAdjust(_SRGB_1_BIT_SHIFT_LEFT, pucColorMatrixArray, ucPCMBankNum, usLength);
                          break;
              #endif
2323   2              default:
2324   2                  break;
2325   2          }
2326   1      
2327   1      
2328   1          ScalerTimerWaitForEvent(_EVENT_DEN_STOP);
2329   1          ScalerColorOutputGammaEnable(_FUNCTION_ON);
2330   1          ScalerColorSRGBEnable(_FUNCTION_ON);
2331   1          ScalerColorPCMInputGammaEnable(_FUNCTION_ON);
2332   1      
2333   1      #if(_LOCAL_DIMMING_SUPPORT == _ON)
                  if(enumLDStatus == _LD_ENABLE)
                  {
                      ScalerColorPanelUniformityEnable(_FUNCTION_ON);
                  }
              #endif
2339   1      }
2340          
2341          #if(_OCC_PCM_GAMMA_SUPPORT == _ON)
              //--------------------------------------------------
              // Description  : Set PCM Gamma(Input Gamma, Output Gamma, Color Matrix)
              // Input Value  : PCM Gamma Type --> Gamma05-Gamma40
              // Output Value : Gamma table address
              //--------------------------------------------------
              WORD UserCommonAdjustOCCPCMGammaGetTableAddress(EnumOCCPCMGammaType enumOCCPCMGammaType)
              {
                  return ScalerColorOCCPCMGammaGetTableAddress(enumOCCPCMGammaType);
              }
              
              //--------------------------------------------------
              // Description  : Set PCM Gamma(Input Gamma, Output Gamma, Color Matrix)
              // Input Value  : PCM Gamma CT Type --> CT_MODE1~6
              // Output Value : sRGB table address
C51 COMPILER V8.12   USERCOMMONADJUST                                                      09/16/2026 20:28:41 PAGE 41  

              //--------------------------------------------------
              WORD UserCommonAdjustOCCPCMGammaGetsRGBCTTableAddress(EnumOCCPCMGammaCTMatrix enumOCCPCMGammaCTMatrix, Enu
             -mOGCModeSelect enumOGCModeSelect)
              {
                  switch(enumOCCPCMGammaCTMatrix)
                  {
                      case _OCC_PCM_GAMMA_CT_MODE1:
                          return (_OCC_USERDEFINE_ADDRESS + enumOGCModeSelect * _OCC_COLOR_MATRIX_TOTAL_SPACE);
                          break;
              
                      case _OCC_PCM_GAMMA_CT_MODE2:
                          return (_OCC_USERDEFINE2_ADDRESS + enumOGCModeSelect * _OCC_COLOR_MATRIX_TOTAL_SPACE);
                          break;
              
                      case _OCC_PCM_GAMMA_CT_MODE3:
                          return (_OCC_USERDEFINE3_ADDRESS + enumOGCModeSelect * _OCC_COLOR_MATRIX_TOTAL_SPACE);
                          break;
              
                      case _OCC_PCM_GAMMA_CT_MODE4:
                          return (_OCC_USERDEFINE4_ADDRESS + enumOGCModeSelect * _OCC_COLOR_MATRIX_TOTAL_SPACE);
                          break;
              
                      case _OCC_PCM_GAMMA_CT_MODE5:
                          return (_OCC_USERDEFINE5_ADDRESS + enumOGCModeSelect * _OCC_COLOR_MATRIX_TOTAL_SPACE);
                          break;
              
                      case _OCC_PCM_GAMMA_CT_MODE6:
                          return (_OCC_USERDEFINE6_ADDRESS + enumOGCModeSelect * _OCC_COLOR_MATRIX_TOTAL_SPACE);
                          break;
              
                      default:
                          return (_OCC_USERDEFINE_ADDRESS + enumOGCModeSelect * _OCC_COLOR_MATRIX_TOTAL_SPACE);
                          break;
                  }
                  return _OCC_USERDEFINE_ADDRESS;
              }
              #endif
2392          #endif // End of #if(_PCM_FUNCTION == _ON)
2393          
2394          #if(_GAMMA_FUNCTION == _ON)
2395          //--------------------------------------------------
2396          // Description  : None
2397          // Input Value  : None
2398          // Output Value : None
2399          //--------------------------------------------------
2400          void UserCommonAdjustGamma(BYTE *pucOGammaTableArray, BYTE ucGammaBankNum)
2401          {
2402   1      #if(_LOCAL_DIMMING_SUPPORT == _ON)
                  if(UserCommonLocalDimmingGetEnableStatus() == _LD_ENABLE)
                  {
                      UserCommonAdjustPCM(_PCM_BYPASS, (_NULL_POINTER),
                                          (g_pucDISP_CALIBRATION_FLASH + _DIMMING_OCC_GAMMA10_ADDRESS),
                                          _NULL_POINTER, _OGC_FLASH_BANK, _OCC_COLORMATRIX_TABLE_SIZE);
                  }
                  else
              #endif
2411   1          {
2412   2      #if(_GLOBAL_DIMMING_SUPPORT == _ON)
                      if(UserCommonGlobalDimmingGetEnableStatus() == _GD_ENABLE)
                      {
                          UserCommonAdjustPCM(_PCM_BYPASS, (_NULL_POINTER),
                                              (g_pucDISP_CALIBRATION_FLASH + _DIMMING_OCC_GAMMA10_ADDRESS),
C51 COMPILER V8.12   USERCOMMONADJUST                                                      09/16/2026 20:28:41 PAGE 42  

                                              _NULL_POINTER, _OGC_FLASH_BANK, _OCC_COLORMATRIX_TABLE_SIZE);
                      }
                      else
              #endif
2421   2              {
2422   3                  ScalerColorOutputGammaAdjust(pucOGammaTableArray, ucGammaBankNum);
2423   3              }
2424   2          }
2425   1      }
2426          
2427          //--------------------------------------------------
2428          // Description  : None
2429          // Input Value  : None
2430          // Output Value : None
2431          //--------------------------------------------------
2432          void UserCommonAdjustGammaRegionEnable(EnumFunctionOnOFF enumOn)
2433          {
2434   1      #if(_LOCAL_DIMMING_SUPPORT == _ON)
                  if(UserCommonLocalDimmingGetEnableStatus() == _LD_ENABLE)
                  {
                      ScalerColorPanelUniformityEnable(enumOn);
                      ScalerColorSRGBEnable(enumOn);
                      ScalerColorPCMInputGammaEnable(enumOn);
                  }
                  else
                  {
                      // Local dimming enable status disable, uniformity local dimming function should be off.
                      if(ScalerColorPanelUniformityGetLDStatus() == _ON)
                      {
                          ScalerColorPCMInputGammaEnable(_FUNCTION_OFF);
                          ScalerColorPanelUniformityEnable(_FUNCTION_OFF);
                      }
                  }
              #endif
2451   1      
2452   1      #if(_GLOBAL_DIMMING_SUPPORT == _ON)
                  if(UserCommonGlobalDimmingGetEnableStatus() == _GD_ENABLE)
                  {
                      ScalerColorSRGBEnable(enumOn);
                      ScalerColorPCMInputGammaEnable(enumOn);
                  }
                  else
                  {
                      if((UserInterfaceSDROCCOGCMode() == _SDR_CALIBRATION_BY_OGC_TOOL) &&
                         (UserInterfaceGetGlobalDimmingStatus() == _GD_ENABLE))
                      {
                          ScalerColorSRGBEnable(enumOn);
                          ScalerColorPCMInputGammaEnable(_FUNCTION_OFF);
                      }
                  }
              #endif
2468   1      
2469   1          ScalerColorOutputGammaEnable(enumOn);
2470   1      }
2471          #endif // End of #if(_GAMMA_FUNCTION == _ON)
2472          
2473          #if(_SDR_TO_HDR_SUPPORT == _ON)
              //--------------------------------------------------
              // Description  : None
              // Input Value  : None
              // Output Value : None
              //--------------------------------------------------
C51 COMPILER V8.12   USERCOMMONADJUST                                                      09/16/2026 20:28:41 PAGE 43  

              void UserCommonAdjustSDRToHDR(BYTE *pucIGammaTableArray, BYTE *pucICMTableArray, BYTE *pucDCCTableArray, B
             -YTE ucSDRtoHDRBank)
              {
              #if(_LOCAL_DIMMING_SUPPORT == _ON)
              
                  EnumLDStatus enumLDStatus = UserCommonLocalDimmingGetEnableStatus();
              
                  if(enumLDStatus == _LD_ENABLE)
                  {
                      ScalerColorPanelUniformityEnable(_FUNCTION_OFF);
                  }
              #endif
              
                  ScalerTimerWaitForEvent(_EVENT_DEN_STOP);
                  ScalerColorDCCEnable(_FUNCTION_OFF);
                  ScalerColorICMEnable(_FUNCTION_OFF);
              
                  ScalerColorOutputGammaEnable(_FUNCTION_OFF);
                  ScalerColorSRGBEnable(_FUNCTION_OFF);
                  ScalerColorPCMInputGammaEnable(_FUNCTION_OFF);
              
                  // load DCC table
                  ScalerColorDCCAdjust(pucDCCTableArray, ucSDRtoHDRBank);
                  // load ICM table
                  ScalerColorICMLoadTable(pucICMTableArray, ucSDRtoHDRBank);
              
                  // Set InputGamma LUT
                  ScalerColorPCMInputGammaAdjust(pucIGammaTableArray, ucSDRtoHDRBank);
              
              #if(_LOCAL_DIMMING_SUPPORT == _ON)
                  if(enumLDStatus == _LD_ENABLE)
                  {
                      ScalerColorPCMOutputGammaAdjust(g_pucDISP_CALIBRATION_FLASH + _DIMMING_OCC_GAMMA10_ADDRESS, _OGC_F
             -LASH_BANK);
                  }
                  else
              #endif
                  {
              #if(_GLOBAL_DIMMING_SUPPORT == _ON)
                      if(UserCommonGlobalDimmingGetEnableStatus() == _GD_ENABLE)
                      {
                          ScalerColorPCMOutputGammaAdjust(g_pucDISP_CALIBRATION_FLASH + _DIMMING_OCC_GAMMA10_ADDRESS, _O
             -GC_FLASH_BANK);
                      }
                      else
              #endif
                      {
                          // Load Gamma table
                          ScalerColorPCMOutputGammaAdjust(g_pucDISP_CALIBRATION_FLASH + _OCC_GAMMA10_ADDRESS, _OGC_FLASH
             -_BANK);
                      }
                  }
              
              #if(_SDR_TO_HDR_ADOBE_RGB_SUPPORT == _ON)
                  ScalerColorPCMSRGBAdjust(_SRGB_0_BIT_SHIFT_LEFT, g_pucDISP_CALIBRATION_FLASH + _OCC_ADOBEMATRIX_ADDRES
             -S, _OGC_FLASH_BANK, _OCC_COLORMATRIX_TABLE_SIZE);
              #else
                  ScalerColorPCMSRGBAdjust(_SRGB_0_BIT_SHIFT_LEFT, g_pucDISP_CALIBRATION_FLASH + _OCC_SRGBMATRIX_ADDRESS
             -, _OGC_FLASH_BANK, _OCC_COLORMATRIX_TABLE_SIZE);
              #endif
              
                  ScalerTimerWaitForEvent(_EVENT_DEN_STOP);
C51 COMPILER V8.12   USERCOMMONADJUST                                                      09/16/2026 20:28:41 PAGE 44  

              #if(_LOCAL_DIMMING_SUPPORT == _ON)
                  if(enumLDStatus == _LD_ENABLE)
                  {
                      ScalerColorPanelUniformityEnable(_FUNCTION_ON);
                  }
              #endif
                  ScalerColorDCCEnable(_FUNCTION_ON);
                  ScalerColorICMEnable(_FUNCTION_ON);
                  ScalerColorOutputGammaEnable(_FUNCTION_ON);
                  ScalerColorSRGBEnable(_FUNCTION_ON);
                  ScalerColorPCMInputGammaEnable(_FUNCTION_ON);
              }
              #endif
2548          
2549          #if(_GLOBAL_HUE_SATURATION == _ON)
2550          //--------------------------------------------------
2551          // Description  : Adjust Global Hue Saturation
2552          // Input Value  : Hue and Saturation
2553          // Output Value : None
2554          //--------------------------------------------------
2555          void UserCommonAdjustGlobalHueSat(SWORD shHue, WORD usSat)
2556          {
2557   1      #if(_GLOBAL_COLOR_CONVERT_HUE_SATURATION_FUNCTION == _ON)
                  // recover the color convertion
                  UserCommonAdjustColorConvertHueSat(0, 100);
              #endif
2561   1      
2562   1      #if((_LOCAL_DIMMING_SUPPORT == _ON) && (_DISPLAY_HDR_VERSION == _DISPLAY_HDR_VERSION_1_1))
                  if(UserCommonLocalDimmingGetEnableStatus() == _LD_DISABLE)
              #endif
2565   1          {
2566   2      #if(_GLOBAL_DIMMING_SUPPORT == _ON)
                      if(UserCommonGlobalDimmingGetEnableStatus() == _GD_DISABLE)
              #endif
2569   2              {
2570   3                  ScalerColorSetSRGBGlobalHueSat(shHue, usSat);
2571   3              }
2572   2          }
2573   1      }
2574          
2575          #if(_GLOBAL_COLOR_CONVERT_HUE_SATURATION_FUNCTION == _ON)
              //--------------------------------------------------
              // Description  : Adjust Global Hue Saturation
              // Input Value  : Hue and Saturation
              // Output Value : None
              //--------------------------------------------------
              void UserCommonAdjustColorConvertHueSat(SWORD shHue, WORD usSat)
              {
              #if(_HIGHLIGHT_WINDOW_SUPPORT == _ON)
                  if(UserInterfaceGetDemoModeType() == _FUNCTION_ON)
                  {
                      // not support in demo mode
                      ScalerColorConvertSetGlobalHueSat(0, 100);
                  }
                  else
              #endif
                  {
                      ScalerColorConvertSetGlobalHueSat(shHue, usSat);
                  }
              }
              #endif  // Enf of #if(_GLOBAL_COLOR_CONVERT_HUE_SATURATION_FUNCTION == _ON)
2596          #endif  // Enf of #if(_GLOBAL_HUE_SATURATION == _ON)
C51 COMPILER V8.12   USERCOMMONADJUST                                                      09/16/2026 20:28:41 PAGE 45  

2597          
2598          #if(_CONTRAST_BY_SRGB_SUPPORT == _ON)
              //--------------------------------------------------
              // Description  : adjust contrast value by srgb
              // Input Value  : 10 bit contrast value 0 - 1023 (0 - 1.998) / 1 = 512
              // Output Value : None
              //--------------------------------------------------
              void UserCommonAdjustContrastBysRGB(WORD *pusData)
              {
                  SWORD pshTempBuff[3] = {0};
                  BYTE pucColorMatrix[24] = {0};
                  BYTE ucI = 0;
              
                  for(ucI = 0; ucI < 3; ucI++)
                  {
                      pshTempBuff[ucI] = ((SWORD)(pusData[ucI] - 512) >= 511) ? (511) : ((SWORD)(pusData[ucI] - 512));
              
                      // Set sign byteXXH
                      pucColorMatrix[2 * (3 * ucI + ucI)] = (pshTempBuff[ucI] < 0) ? 1 : 0;  // [0] sign
                      pucColorMatrix[2 * (3 * ucI + ucI)] += (((WORD)pshTempBuff[ucI] & 0x01) << 7); // [7] bit0
                      // Set data byte XXL
                      pucColorMatrix[2 * (3 * ucI + ucI) + 1] = ((WORD)pshTempBuff[ucI] >> 1) & 0xFF;// [7:0] bit8~1
                  }
              
                  ScalerColorSRGBAdjust(pucColorMatrix, _SRGB_1_BIT_SHIFT_LEFT);
              }
              #endif
2624          
2625          #if(_DYNAMIC_COLOR_AUTO_MEASURE == _ON)
              //--------------------------------------------------
              // Description  : Set Initial Boundary for dynamic crosshair color
              // Input Value  : usDHStart, usDHEnd, usDVStart, usDVEnd
              // Output Value : void
              //--------------------------------------------------
              void UserCommonAdjustColorSetDynamicColorInitialBoundary(WORD usDHStart, WORD usDHEnd, WORD usDVStart, WOR
             -D usDVEnd)
              {
                  // Set measure HV boundary
                  ScalerMeasureDynamicColorInitial(usDHStart, usDHEnd, usDVStart, usDVEnd);
              }
              
              //--------------------------------------------------
              // Description  : Start Auto function measure for color value
              // Input Value  : usDHStart, usDHEnd, ucColor
              // Output Value : void
              //--------------------------------------------------
              void UserCommonAdjustColorSetAutoMeasure(BYTE ucColor)
              {
                  ScalerMeasureDynamicColorSetAutoMeasure(ucColor);
              }
              
              //--------------------------------------------------
              // Description  : Get Auto measure value for dynamic crosshair color
              // Input Value  : usDHStart, usDHEnd, ucColor, bWait
              // Output Value : _TRUE if auto-function measure passed
              //--------------------------------------------------
              bit UserCommonAdjustColorGetDynamicColorMeasureResult(BYTE *pucMeasureResult, bit bWait)
              {
                  StructAutoActiveData stAutoData;
                  memset(&stAutoData, 0, sizeof(stAutoData));
              
                  if(ScalerMeasureDynamicColorGetResult(&stAutoData.ucColorAverageValue, bWait) == _FALSE)
C51 COMPILER V8.12   USERCOMMONADJUST                                                      09/16/2026 20:28:41 PAGE 46  

                  {
                      return _FALSE;
                  }
              
                  *pucMeasureResult = stAutoData.ucColorAverageValue;
              
                  return _TRUE;
              }
              #endif
2667          


MODULE INFORMATION:   STATIC OVERLAYABLE
   CODE SIZE        =   5605    ----
   CONSTANT SIZE    =    328    ----
   XDATA SIZE       =   ----     116
   PDATA SIZE       =   ----    ----
   DATA SIZE        =   ----    ----
   IDATA SIZE       =   ----    ----
   BIT SIZE         =   ----       1
END OF MODULE INFORMATION.


C51 COMPILATION COMPLETE.  0 WARNING(S),  0 ERROR(S)
