C51 COMPILER V9.60.0.0   USERCOMMONNVRAMSYSTEM                                             09/18/2026 20:39:43 PAGE 1   


C51 COMPILER V9.60.0.0, COMPILATION OF MODULE USERCOMMONNVRAMSYSTEM
OBJECT MODULE PLACED IN .\Output\RL6432_Project\UserCommonNVRamSystem.obj
COMPILER INVOKED BY: C:\Keil_v5\C51\BIN\C51.EXE Kernel\User Common Function\Code\UserCommonNVRamSystem.c LARGE OPTIMIZE(
                    -9,SPEED) INCDIR(.\Output\RL6432;.\Project\Header;.\Pcb;.\Panel;.\Kernel\Device\Header;.\Kernel\Common;.\Kernel\System\He
                    -ader;.\Kernel\Scaler\ScalerFunction\Header;.\Kernel\Scaler\ScalerCommonFunction\Header;.\Kernel\Scaler\ScalerFunction\Li
                    -b\Header;.\Kernel\Scaler\ScalerCommonFunction\Lib\Header;.\Kernel\Scaler\RL6432_Series_Scaler\Header;.\Kernel\Scaler\RL6
                    -432_Series_Common\Header;.\Kernel\Scaler\RL6432_Series_Scaler\Lib\Header;.\Kernel\Scaler\RL6432_Series_Common\Lib\Header
                    -;.\Kernel\User Common Function\Header;.\User\RTD Series\RTD2014Function\Header;.\User\RTD Series\RTD2014Osd\Header;.\Use
                    -r\RTD Factory\Header;.\User\None Series\NoneFunction\Header;.\User\None Series\NoneOsd\Header;.\User\None Factory\Header
                    -) DEFINE(_PROJECT=_RL6432_PROJECT,_SCALER_TYPE=_RL6432_SERIES) DEBUG OBJECTEXTEND PRINT(.\Output\RL6432_Project\UserComm
                    -onNVRamSystem.lst) TABS(2) OBJECT(.\Output\RL6432_Project\UserCommonNVRamSystem.obj)

line level    source

   1          /********************************************************************************/
   2          /*   Copyright (c) 2021 Realtek Semiconductor Corp. All rights reserved.        */
   3          /*                                                                              */
   4          /*   SPDX-License-Identifier: LicenseRef-Realtek-Proprietary                    */
   5          /*                                                                              */
   6          /*   This software component is confidential and proprietary to Realtek         */
   7          /*   Semiconductor Corp. Disclosure, reproduction, redistribution, in whole     */
   8          /*   or in part, of this work and its derivatives without express permission    */
   9          /*   is prohibited.                                                             */
  10          /********************************************************************************/
  11          
  12          //----------------------------------------------------------------------------------------------------
  13          // ID Code      : UserCommonNVRamSystem.c No.0000
  14          // Update Note  :
  15          //----------------------------------------------------------------------------------------------------
  16          
  17          #define __USER_COMMON_NVRAM_SYSTEM__
  18          
  19          #include "UserCommonInclude.h"
*** WARNING C320 IN LINE 940 OF \Workdir\workdir\Project-CNR27\Kernel\Common\Project_Config_Check.h: "NOTE: _WRITE_EDID_
             -TO_SYSTEM_EEPROM _ON!!"
  20          
  21          //****************************************************************************
  22          // DEFINITIONS / MACROS
  23          //****************************************************************************
  24          #define _EEPROM_READ_SIZE                           24
  25          #define _EEPROM_TIMEOUT_LIMIT                       50
  26          
  27          #if(_WRITE_HDCP_TO_SYSTEM_EEPROM == _ON)
              #warning "NOTE: _WRITE_HDCP_TO_SYSTEM_EEPROM _ON!!"
              #endif
  30          
  31          
  32          //****************************************************************************
  33          // STRUCT / TYPE / ENUM DEFINITTIONS
  34          //****************************************************************************
  35          
  36          //****************************************************************************
  37          // CODE TABLES
  38          //****************************************************************************
  39          #ifdef _CUSTOM_SYSTEM_DEFAULT_DATA
              StructSystemDataType code g_stSystemDefaultData = _CUSTOM_SYSTEM_DEFAULT_DATA;
              #else
  42          StructSystemDataType code g_stSystemDefaultData =
  43          {
  44              0x00,                              // Mode Slot Index
  45              _USER_DEFAULT_DCLK_SPREAD_RANGE,   // SSC
C51 COMPILER V9.60.0.0   USERCOMMONNVRAMSYSTEM                                             09/18/2026 20:39:43 PAGE 2   

  46              _DP_EDID_1080P,                    // DP EDID Select
  47          
  48              0x02,                              // HDMIHotPlugSupportTime
  49              _ON,                               // HDMIHotPlugSupport
  50              _DP_AUX_ADJR_DEFAULT_VALUE,        // DPAuxAdjrSetting
  51          
  52          
  53              _ON,                               // DPHotPlugDCOffHigh
  54              _ON,                               // DPAuxDiffMode
  55              _D0_DP_MAIN_LINK_LANES,            // BYTE b3D0DpLanes;
  56              _D1_DP_MAIN_LINK_LANES,            // BYTE b3D1DpLanes;
  57          
  58              _D2_DP_MAIN_LINK_LANES,            // BYTE b3D2DpLanes;
  59              _D6_DP_MAIN_LINK_LANES,            // BYTE b3D6DpLanes;
  60              _ON,                               // Monitor Flag
  61              _TRUE,                             // BYTE b1DigitalColorInfoChangeReset;
  62          
  63              _INPUT_PORT_SEARCH_PRI_0,          // Search Port
  64              0,                                 // BYTE b3EdidD0 : 3;
  65              0,                                 // BYTE b3EdidD1 : 3;
  66              0,                                 // BYTE b3EdidD2 : 3;
  67              0,                                 // BYTE b3EdidD3 : 3;
  68          
  69              0,                                 // BYTE b3EdidD4 : 3;
  70              0,                                 // BYTE b3EdidD5 : 3;
  71              0,                                 // BYTE b3EdidD6 : 3;
  72              _SOURCE_SWITCH_AUTO_IN_GROUP,      // Source Scan Type
  73              _FALSE,                            // Eizo DP Illegal Idle Pattern Check Support
  74          #if(_SOURCE_BACKGROUND_DETECT_SUPPORT == _ON)
                  _SOURCE_BG_SWITCH_AUTO_WITHOUT_GROUP, // Source Bg Scan Type
              #endif
  77          #if(_HP_SOURCE_SCAN_SUPPORT == _ON)
                  _ON,                               // HP User Auto Search
              #endif
  80          
  81              75,                                // BYTE ucDpIrqTime_10us; (unit : 10us)
  82          };
  83          #endif
  84          
  85          #if(_VGA_SUPPORT == _ON)
  86          code StructAdcDataType g_stADCRgbDefaultData =
  87          {
  88              _ADC_RGB_DEFAULT_PGA_VALUE,
  89              {  _ADC_RGB_DEFAULT_RED_GAIN,   _ADC_RGB_DEFAULT_GREEN_GAIN,   _ADC_RGB_DEFAULT_BLUE_GAIN}, // Gain MS
             -B
  90              {                       0x00,                          0x00,                         0x00}, // Gain LS
             -B
  91              {_ADC_RGB_DEFAULT_RED_OFFSET, _ADC_RGB_DEFAULT_GREEN_OFFSET, _ADC_RGB_DEFAULT_BLUE_OFFSET}, // Offset 
             -MSB
  92              {                       0x00,                          0x00,                         0x00}, // Offset 
             -LSB
  93          };
  94          
  95          
  96          #if(_YPBPR_SUPPORT == _ON)
              code StructAdcDataType g_stADCYpbprDefaultData =
              {
                  _ADC_YPBPR_DEFAULT_PGA_VALUE,
                  {_ADC_YPBPR_DEFAULT_PR_GAIN,     _ADC_YPBPR_DEFAULT_Y_GAIN,   _ADC_YPBPR_DEFAULT_PB_GAIN}, // Gain MSB
                  {                       0x00,                         0x00,                         0x00}, // Gain LSB
                  {_ADC_YPBPR_DEFAULT_PR_OFFSET, _ADC_YPBPR_DEFAULT_Y_OFFSET, _ADC_YPBPR_DEFAULT_PB_OFFSET}, // Offset M
             -SB
C51 COMPILER V9.60.0.0   USERCOMMONNVRAMSYSTEM                                             09/18/2026 20:39:43 PAGE 3   

                  {                       0x00,                         0x00,                         0x00}, // Offset L
             -SB
              };
              #endif
 106          
 107          #endif  // End of #if(_VGA_SUPPORT == _ON)
 108          
 109          //****************************************************************************
 110          // VARIABLE DECLARATIONS
 111          //****************************************************************************
 112          StructSystemDataType g_stSystemData;
 113          
 114          #if(_VGA_SUPPORT == _ON)
 115          StructVGAModeUserDataType g_stVGAModeUserData;
 116          StructAdcDataType g_stAdcData;
 117          #endif
 118          
 119          //****************************************************************************
 120          // FUNCTION DECLARATIONS
 121          //****************************************************************************
 122          BYTE UserCommonNVRamGetSystemData(EnumSystemDataItemDataType enumDataType);
 123          void UserCommonNVRamSetSystemData(EnumSystemDataItemDataType enumDataType, BYTE ucValue);
 124          
 125          #if(_EEPROM_ACCESS_FUNCTION_SUPPORT == _ON || _HDMI_24C02_SUPPORT||_Anjian_EFFECT)
 126          bit UserCommonEepromIICRead(BYTE ucSlaveAddr, DWORD ulSubAddr, BYTE ucSubAddrLength, DWORD ulLength, BYTE 
             -*pucReadArray, BYTE ucSWIICStatus, BYTE ucHwIICPinNum);
 127          bit UserCommonEepromIICWrite(BYTE ucSlaveAddr, DWORD ulSubAddr, BYTE ucSubAddrLength, DWORD ulLength, BYTE
             - *pucWriteArray, BYTE ucSWIICStatus, BYTE ucHwIICPinNum, EnumEepromWriteSize enumWriteSize);
 128          #endif
 129          
 130          #if(_SYSTEM_EEPROM_EMULATION_SUPPORT == _OFF)
              bit UserCommonEepromRead(DWORD ulSubAddr, WORD usLength, BYTE *pucReadArray);
              bit UserCommonEepromWrite(DWORD ulSubAddr, WORD usLength, BYTE *pucWriteArray);
              void UserCommonEepromSaveSystemData(void);
              void UserCommonEepromLoadSystemData(void);
              void UserCommonEepromRestoreSystemData(void);
              
              #if(_VGA_SUPPORT == _ON)
              void UserCommonEepromLoadModeUserData(DWORD ulSlotIndex);
              void UserCommonEepromSaveModeUserData(void);
              BYTE UserCommonEepromLoadModeUserModeNumberData(DWORD ulSlotIndex);
              void UserCommonEepromRestoreModeUserData(void);
              BYTE UserCommonEepromVGAFifoModeIndexOffsetInc(BYTE ucStep);
              BYTE UserCommonEepromGetMaxFifoGroupCnt(void);
              void UserCommonEepromLoadADCSetting(EnumColorSpace enumColorFormat);
              void UserCommonEepromSaveADCSetting(EnumColorSpace enumColorFormat);
              void UserCommonEepromRestoreADCSetting(void);
              #endif
              
              #else // Else of #if(_SYSTEM_EEPROM_EMULATION_SUPPORT == _OFF)
 150          bit UserCommonFlashLoadItem(EnumFlashItemIDType enumItemID, BYTE *pucData, BYTE ucLength);
 151          BYTE UserCommonFlashCalculateCheckSumData(BYTE *pucData, BYTE ucLength);
 152          bit UserCommonFlashSaveItem(EnumFlashItemIDType enumItemID, BYTE *pucData, BYTE ucLength);
 153          void UserCommonFlashSaveSystemData(void);
 154          void UserCommonFlashLoadSystemData(void);
 155          void UserCommonFlashRestoreSystemData(void);
 156          
 157          #if(_VGA_SUPPORT == _ON)
 158          void UserCommonFlashLoadModeUserData(BYTE ucSlotIndex);
 159          void UserCommonFlashSaveModeUserData(void);
 160          BYTE UserCommonFlashLoadModeUserModeNumberData(BYTE ucSlotIndex);
 161          void UserCommonFlashRestoreModeUserData(void);
C51 COMPILER V9.60.0.0   USERCOMMONNVRAMSYSTEM                                             09/18/2026 20:39:43 PAGE 4   

 162          BYTE UserCommonFlashVGAFifoModeIndexOffsetInc(BYTE ucStep);
 163          BYTE UserCommonFlashGetMaxFifoGroupCnt(void);
 164          void UserCommonFlashLoadADCSetting(EnumColorSpace enumColorFormat);
 165          void UserCommonFlashSaveADCSetting(EnumColorSpace enumColorFormat);
 166          void UserCommonFlashRestoreADCSetting(void);
 167          #endif
 168          
 169          #endif // End of #elif(_SYSTEM_EEPROM_EMULATION_SUPPORT == _ON)
 170          
 171          // EDID
 172          #if((_WRITE_EDID_TO_SYSTEM_EEPROM == _ON) &&\
 173              ((_A0_EMBEDDED_DDCRAM_LOCATION == _EDID_TABLE_LOCATION_SYSTEM_EEPROM) ||\
 174               (_D0_EMBEDDED_DDCRAM_LOCATION == _EDID_TABLE_LOCATION_SYSTEM_EEPROM) ||\
 175               (_D1_EMBEDDED_DDCRAM_LOCATION == _EDID_TABLE_LOCATION_SYSTEM_EEPROM) ||\
 176               (_D2_EMBEDDED_DDCRAM_LOCATION == _EDID_TABLE_LOCATION_SYSTEM_EEPROM) ||\
 177               (_D3_EMBEDDED_DDCRAM_LOCATION == _EDID_TABLE_LOCATION_SYSTEM_EEPROM) ||\
 178               (_D4_EMBEDDED_DDCRAM_LOCATION == _EDID_TABLE_LOCATION_SYSTEM_EEPROM) ||\
 179               (_D5_EMBEDDED_DDCRAM_LOCATION == _EDID_TABLE_LOCATION_SYSTEM_EEPROM) ||\
 180               (_D0_MHL_EMBEDDED_DDCRAM_LOCATION == _EDID_TABLE_LOCATION_SYSTEM_EEPROM) ||\
 181               (_D1_MHL_EMBEDDED_DDCRAM_LOCATION == _EDID_TABLE_LOCATION_SYSTEM_EEPROM) ||\
 182               (_D2_MHL_EMBEDDED_DDCRAM_LOCATION == _EDID_TABLE_LOCATION_SYSTEM_EEPROM) ||\
 183               (_D3_MHL_EMBEDDED_DDCRAM_LOCATION == _EDID_TABLE_LOCATION_SYSTEM_EEPROM) ||\
 184               (_D4_MHL_EMBEDDED_DDCRAM_LOCATION == _EDID_TABLE_LOCATION_SYSTEM_EEPROM) ||\
 185               (_D5_MHL_EMBEDDED_DDCRAM_LOCATION == _EDID_TABLE_LOCATION_SYSTEM_EEPROM)))
              void UserCommonEepromRestoreEDID(DWORD ulOffset, BYTE ucLength, BYTE *pucBuf);
              #endif
 188          
 189          #if((_WRITE_EDID_TO_SYSTEM_EEPROM == _ON) &&\
 190              ((_A0_EMBEDDED_DDCRAM_LOCATION == _EDID_TABLE_LOCATION_FLASH) ||\
 191               (_D0_EMBEDDED_DDCRAM_LOCATION == _EDID_TABLE_LOCATION_FLASH) ||\
 192               (_D1_EMBEDDED_DDCRAM_LOCATION == _EDID_TABLE_LOCATION_FLASH) ||\
 193               (_D2_EMBEDDED_DDCRAM_LOCATION == _EDID_TABLE_LOCATION_FLASH) ||\
 194               (_D3_EMBEDDED_DDCRAM_LOCATION == _EDID_TABLE_LOCATION_FLASH) ||\
 195               (_D4_EMBEDDED_DDCRAM_LOCATION == _EDID_TABLE_LOCATION_FLASH) ||\
 196               (_D5_EMBEDDED_DDCRAM_LOCATION == _EDID_TABLE_LOCATION_FLASH) ||\
 197               (_D0_MHL_EMBEDDED_DDCRAM_LOCATION == _EDID_TABLE_LOCATION_FLASH) ||\
 198               (_D1_MHL_EMBEDDED_DDCRAM_LOCATION == _EDID_TABLE_LOCATION_FLASH) ||\
 199               (_D2_MHL_EMBEDDED_DDCRAM_LOCATION == _EDID_TABLE_LOCATION_FLASH) ||\
 200               (_D3_MHL_EMBEDDED_DDCRAM_LOCATION == _EDID_TABLE_LOCATION_FLASH) ||\
 201               (_D4_MHL_EMBEDDED_DDCRAM_LOCATION == _EDID_TABLE_LOCATION_FLASH) ||\
 202               (_D5_MHL_EMBEDDED_DDCRAM_LOCATION == _EDID_TABLE_LOCATION_FLASH)))
              void UserCommonFlashRestoreEDID(WORD usAddr, BYTE ucLength, BYTE *pucBuf);
              #endif
 205          
 206          // HDCP
 207          #if(_DIGITAL_PORT_SUPPORT == _ON)
 208          #if(_HDCP_1_4_KEY_LOCATION == _TABLE_LOCATION_SYSTEM_EEPROM)
              void UserCommonEepromGetHDCPKeyBKsv(DWORD ulSubAddr, BYTE ucLength, BYTE *pucReadArray);
              void UserCommonEepromGetHDCPKey(DWORD ulSubAddr, WORD usLength, BYTE *pucReadArray);
              
              #if(_WRITE_HDCP_TO_SYSTEM_EEPROM == _ON)
              void UserCommonEepromRestoreHDCP1P4(DWORD ulOffset, BYTE ucLength, BYTE *pucBuf);
              #endif
              
              #if(_DP_TX_SUPPORT == _ON)
              void UserCommonEepromGetTxHDCPKeyAKsv(DWORD ulSubAddr, BYTE ucLength, BYTE *pucReadArray);
              void UserCommonEepromGetTxHDCPKey(DWORD ulSubAddr, WORD usLength, BYTE *pucReadArray);
              #if(_WRITE_HDCP_TO_SYSTEM_EEPROM == _ON)
              void UserCommonEepromRestoreTxHDCP1P4(DWORD ulOffset, BYTE ucLength, BYTE *pucBuf);
              #endif
              #endif // End of #if(_DP_TX_SUPPORT == _ON)
              
C51 COMPILER V9.60.0.0   USERCOMMONNVRAMSYSTEM                                             09/18/2026 20:39:43 PAGE 5   

              #elif(_HDCP_1_4_KEY_LOCATION == _TABLE_LOCATION_FLASH)
              void UserCommonFlashGetHDCPKeyBKsv(BYTE ucSubAddr, BYTE ucLength, BYTE *pucReadArray);
              void UserCommonFlashGetHDCPKey(WORD usSubAddr, WORD usLength, BYTE *pucReadArray);
              
              #if(_WRITE_HDCP_TO_SYSTEM_EEPROM == _ON)
              void UserCommonFlashRestoreHDCP1P4(WORD usAddr, BYTE ucLength, BYTE *pucBuf);
              #endif
              
              #if(_DP_TX_SUPPORT == _ON)
              void UserCommonFlashGetTxHDCPKeyAKsv(BYTE ucSubAddr, BYTE ucLength, BYTE *pucReadArray);
              void UserCommonFlashGetTxHDCPKey(WORD usSubAddr, WORD usLength, BYTE *pucReadArray);
              #if(_WRITE_HDCP_TO_SYSTEM_EEPROM == _ON)
              void UserCommonFlashRestoreTxHDCP1P4(WORD usOffset, BYTE ucLength, BYTE *pucBuf);
              #endif
              #endif // End of #if(_DP_TX_SUPPORT == _ON)
              
              #endif // End of #if(_HDCP_1_4_KEY_LOCATION == _TABLE_LOCATION_SYSTEM_EEPROM)
 241          
 242          #if(_HDCP_2_2_SUPPORT == _ON)
 243          #if(_HDCP_2_2_KEY_LOCATION == _TABLE_LOCATION_SYSTEM_EEPROM)
              void UserCommonEepromGetHdcp2Certrx(DWORD ulSubAddr, WORD usLength, BYTE *pucReadArray);
              void UserCommonEepromGetHdcp2RSAKPriv(DWORD ulSubAddr, WORD usLength, BYTE *pucReadArray);
              void UserCommonEepromGetHdcp2RSARRModN(DWORD ulSubAddr, WORD usLength, BYTE *pucReadArray);
              void UserCommonEepromGetHdcp2RSANpinv(DWORD ulSubAddr, WORD usLength, BYTE *pucReadArray);
              void UserCommonEepromGetHdcp2RSADkey(DWORD ulSubAddr, WORD usLength, BYTE *pucReadArray);
              void UserCommonEepromGetHdcp2LCKey(DWORD ulSubAddr, WORD usLength, BYTE *pucReadArray);
              
              #if(_WRITE_HDCP_TO_SYSTEM_EEPROM == _ON)
              void UserCommonEepromRestoreHDCP2(DWORD ulOffset, BYTE ucLength, BYTE *pucBuf);
              #endif
              
              #if(_DP_TX_SUPPORT == _ON)
              void UserCommonEepromGetTxHdcp2RRMODN(DWORD ulSubAddr, WORD usLength, BYTE *pucReadArray);
              void UserCommonEepromGetTxHdcp2DcpLlcN(DWORD ulSubAddr, WORD usLength, BYTE *pucReadArray);
              void UserCommonEepromGetTxHdcp2EKey(DWORD ulSubAddr, WORD usLength, BYTE *pucReadArray);
              void UserCommonEepromGetTxHdcp2NPinv(DWORD ulSubAddr, WORD usLength, BYTE *pucReadArray);
              #if(_WRITE_HDCP_TO_SYSTEM_EEPROM == _ON)
              void UserCommonEepromRestoreTxHDCP2(DWORD ulOffset, BYTE ucLength, BYTE *pucBuf);
              #endif
              #endif
              
              #elif(_HDCP_2_2_KEY_LOCATION == _TABLE_LOCATION_FLASH)
              void UserCommonFlashGetHdcp2Certrx(WORD usSubAddr, WORD usLength, BYTE *pucReadArray);
              void UserCommonFlashGetHdcp2RSAKPriv(WORD usSubAddr, WORD usLength, BYTE *pucReadArray);
              void UserCommonFlashGetHdcp2RSARRModN(WORD usSubAddr, WORD usLength, BYTE *pucReadArray);
              void UserCommonFlashGetHdcp2RSANpinv(WORD usSubAddr, WORD usLength, BYTE *pucReadArray);
              void UserCommonFlashGetHdcp2RSADkey(WORD usSubAddr, WORD usLength, BYTE *pucReadArray);
              void UserCommonFlashGetHdcp2LCKey(WORD usSubAddr, WORD usLength, BYTE *pucReadArray);
              
              #if(_WRITE_HDCP_TO_SYSTEM_EEPROM == _ON)
              void UserCommonFlashRestoreHDCP2(WORD usAddr, BYTE ucLength, BYTE *pucBuf);
              #endif
              
              #if(_DP_TX_SUPPORT == _ON)
              void UserCommonFlashGetTxHdcp2RRMODN(WORD usSubAddr, WORD usLength, BYTE *pucReadArray);
              void UserCommonFlashGetTxHdcp2DcpLlcN(WORD usSubAddr, WORD usLength, BYTE *pucReadArray);
              void UserCommonFlashGetTxHdcp2EKey(WORD usSubAddr, WORD usLength, BYTE *pucReadArray);
              void UserCommonFlashGetTxHdcp2NPinv(WORD usSubAddr, WORD usLength, BYTE *pucReadArray);
              #if(_WRITE_HDCP_TO_SYSTEM_EEPROM == _ON)
              void UserCommonFlashRestoreTxHDCP2(WORD usAddr, BYTE ucLength, BYTE *pucBuf);
              #endif
              #endif
C51 COMPILER V9.60.0.0   USERCOMMONNVRAMSYSTEM                                             09/18/2026 20:39:43 PAGE 6   

              #endif // End of #if(_HDCP_2_2_KEY_LOCATION == _TABLE_LOCATION_SYSTEM_EEPROM)
 287          #endif // End of #if(_HDCP_2_2_SUPPORT == _ON)
 288          
 289          #endif // End of #if(_DIGITAL_PORT_SUPPORT == _ON)
 290          
 291          
 292          #if(_FLASH_WRITE_FUNCTION_SUPPORT == _ON)
 293          bit UserCommonFlashErasePage(BYTE ucBank, BYTE ucPage);
 294          bit UserCommonFlashWrite(BYTE ucBank, WORD usAddr, WORD usLength, BYTE *pucData);
 295          #endif
 296          
 297          #if(_FLASH_READ_FUNCTION_SUPPORT == _ON)
 298          bit UserCommonFlashRead(BYTE ucBank, WORD usAddr, WORD usLength, BYTE *pucData);
 299          #endif
 300          
 301          #if(_FLASH_WR_PROTECT == _ON)
              void UserCommonFlashWRProtect(void);
              #endif
 304          
 305          //****************************************************************************
 306          // FUNCTION DEFINITIONS
 307          //****************************************************************************
 308          //--------------------------------------------------
 309          // Description  : Get System Data Info
 310          // Input Value  : enumDataType --> Data Type in StructSystemData
 311          // Output Value : ucValue --> Value of the Input Data Type
 312          //--------------------------------------------------
 313          BYTE UserCommonNVRamGetSystemData(EnumSystemDataItemDataType enumDataType)
 314          {
 315   1          BYTE ucValue = 0;
 316   1      
 317   1          switch(enumDataType)
 318   1          {
 319   2              case _MONITOR_POWER_STATUS:
 320   2                  ucValue = (bit)(g_stSystemData.b1PowerStatus);
 321   2                  break;
 322   2      
 323   2              case _SEARCH_PORT:
 324   2                  ucValue = g_stSystemData.b4SearchPort;
 325   2                  break;
 326   2      
 327   2              case _SOURCE_SCAN_TYPE:
 328   2                  ucValue = g_stSystemData.b4SourceScanType;
 329   2                  break;
 330   2      
 331   2      #if(_SOURCE_BACKGROUND_DETECT_SUPPORT == _ON)
                      case _SOURCE_BG_SCAN_TYPE:
                          ucValue = g_stSystemData.b1SourceBgScanType;
                          break;
              #endif
 336   2      
 337   2      #if(_VGA_SUPPORT == _ON)
 338   2              case _MODE_SLOT_INDEX:
 339   2                  ucValue = g_stSystemData.ucModeSlotIndex;
 340   2                  break;
 341   2      #endif
 342   2              case _SSC:
 343   2                  ucValue = g_stSystemData.ucSSC;
 344   2                  break;
 345   2      
 346   2              case _DP_HOT_PLUG_DC_OFF_HIGH:
 347   2                  ucValue = g_stSystemData.b1DPHotPlugDCOffHigh;
C51 COMPILER V9.60.0.0   USERCOMMONNVRAMSYSTEM                                             09/18/2026 20:39:43 PAGE 7   

 348   2                  break;
 349   2      
 350   2              case _HDMI_HOT_PLUG_SUPPORT:
 351   2      #if((_DIGITAL_PORT_SUPPORT == _ON) &&\
 352   2          ((_HDMI_FREESYNC_SUPPORT == _ON) || (_TMDS_HDCP_2_2_SUPPORT == _ON)))
 353   2                  ucValue = _TRUE;
 354   2      #else
                          ucValue = g_stSystemData.b1HDMIHotPlugSupport;
              #endif
 357   2                  break;
 358   2      
 359   2              case _HDMI_HOT_PLUG_SUPPORT_TIME:
 360   2                  ucValue = g_stSystemData.b4HDMIHotPlugSupportTime;
 361   2                  break;
 362   2      
 363   2              case _DP_AUX_DIFF_MODE:
 364   2                  ucValue = g_stSystemData.b1DPAuxDiffMode;
 365   2                  break;
 366   2      
 367   2      #if(_HP_SOURCE_SCAN_SUPPORT == _ON)
                      case _SOURCE_HP_AUTO_SEARCH:
                          ucValue = g_stSystemData.b1SourceHPAutoSearch;
                          break;
              #endif
 372   2              case _DP_EDID_SELECT:
 373   2                  ucValue = g_stSystemData.ucDPEDIDSelect;
 374   2                  break;
 375   2      
 376   2              case _DP_AUX_ADJR_SETTING:
 377   2                  ucValue = g_stSystemData.b4DPAuxAdjrSetting;
 378   2                  break;
 379   2      
 380   2      #if(_D0_INPUT_PORT_TYPE == _D0_DP_PORT)
 381   2              case _DP_D0_LANES:
 382   2                  ucValue = g_stSystemData.b3D0DpLanes;
 383   2                  break;
 384   2      #endif
 385   2      #if(_D1_INPUT_PORT_TYPE == _D1_DP_PORT)
                      case _DP_D1_LANES:
                          ucValue = g_stSystemData.b3D1DpLanes;
                          break;
              #endif
 390   2      #if(_D2_INPUT_PORT_TYPE == _D2_DP_PORT)
                      case _DP_D2_LANES:
                          ucValue = g_stSystemData.b3D2DpLanes;
                          break;
              #endif
 395   2      #if(_D6_INPUT_PORT_TYPE == _D6_DP_PORT)
                      case _DP_D6_LANES:
                          ucValue = g_stSystemData.b3D6DpLanes;
                          break;
              #endif
 400   2      
 401   2              case _COLORIMETRY_SEAMLESS_CHANGE:
 402   2                  ucValue = g_stSystemData.b1ColorSeamlessChange;
 403   2                  break;
 404   2              case _EDID_D0_SELECT:
 405   2                  ucValue = g_stSystemData.b3EdidD0;
 406   2                  break;
 407   2              case _EDID_D1_SELECT:
 408   2                  ucValue = g_stSystemData.b3EdidD1;
 409   2                  break;
C51 COMPILER V9.60.0.0   USERCOMMONNVRAMSYSTEM                                             09/18/2026 20:39:43 PAGE 8   

 410   2              case _EDID_D2_SELECT:
 411   2                  ucValue = g_stSystemData.b3EdidD2;
 412   2                  break;
 413   2              case _EDID_D3_SELECT:
 414   2                  ucValue = g_stSystemData.b3EdidD3;
 415   2                  break;
 416   2              case _EDID_D4_SELECT:
 417   2                  ucValue = g_stSystemData.b3EdidD4;
 418   2                  break;
 419   2              case _EDID_D5_SELECT:
 420   2                  ucValue = g_stSystemData.b3EdidD5;
 421   2                  break;
 422   2              case _EDID_D6_SELECT:
 423   2                  ucValue = g_stSystemData.b3EdidD6;
 424   2                  break;
 425   2              case _DP_IRQ_TIME:
 426   2                  ucValue = g_stSystemData.ucDpIrqTime_10us;
 427   2                  break;
 428   2              case _DP_ILLEGAL_IDLE_PATTERN_CHECK:
 429   2                  ucValue = g_stSystemData.b1DPIllegalIdlePatternCheck;
 430   2                  break;
 431   2      
 432   2              default:
 433   2                  break;
 434   2          }
 435   1      
 436   1          return ucValue;
 437   1      }
 438          
 439          //--------------------------------------------------
 440          // Description  : Set System Data Info
 441          // Input Value  : ucDataType --> Data Type in StructSystemData
 442          //                  ucValue --> Value to be set for the Input Data Type
 443          // Output Value : None
 444          //--------------------------------------------------
 445          void UserCommonNVRamSetSystemData(EnumSystemDataItemDataType enumDataType, BYTE ucValue)
 446          {
 447   1          switch(enumDataType)
 448   1          {
 449   2              case _MONITOR_POWER_STATUS:
 450   2      
 451   2      #if(_D0_TWO_CHIP_DATA_EXCHANGE_MODE != _DATA_EXCHANGE_MODE_NONE)
                          if(UserInterfaceGetFakePowerOffStatus() != _USER_FORCE_FAKE_POWER_OFF)
                          {
                              g_stD0DataExchange.unionDataExchangeItem.stPowerStatus.b1PowerStatus = (bit)ucValue;
                              SET_DATA_EXCHANGE_EVENT_MESSAGE(_DATA_EXCHAGNE_CMD_POWER_STATUS);
                          }
              #endif
 458   2      
 459   2                  g_stSystemData.b1PowerStatus = (bit)ucValue;
 460   2                  break;
 461   2      
 462   2              case _SEARCH_PORT:
 463   2                  g_stSystemData.b4SearchPort = ucValue;
 464   2                  break;
 465   2      
 466   2              case _SOURCE_SCAN_TYPE:
 467   2      
 468   2                  if(ucValue == _SOURCE_SWITCH_DELL_HOTKEY_FIXED)
 469   2                  {
 470   3                      ucValue = _SOURCE_SWITCH_FIXED_PORT;
 471   3                  }
C51 COMPILER V9.60.0.0   USERCOMMONNVRAMSYSTEM                                             09/18/2026 20:39:43 PAGE 9   

 472   2                  else if(ucValue == _SOURCE_SWITCH_DELL_HOTKEY_AUTO)
 473   2                  {
 474   3                      ucValue = _SOURCE_SWITCH_AUTO_IN_GROUP;
 475   3                  }
 476   2      
 477   2                  g_stSystemData.b4SourceScanType = ucValue;
 478   2      
 479   2                  break;
 480   2      
 481   2      #if(_SOURCE_BACKGROUND_DETECT_SUPPORT == _ON)
                      case _SOURCE_BG_SCAN_TYPE:
                          g_stSystemData.b1SourceBgScanType = ucValue;
                          break;
              #endif
 486   2      
 487   2      #if(_VGA_SUPPORT == _ON)
 488   2              case _MODE_SLOT_INDEX:
 489   2                  g_stSystemData.ucModeSlotIndex = ucValue;
 490   2                  break;
 491   2      #endif
 492   2              case _SSC:
 493   2                  g_stSystemData.ucSSC = ucValue;
 494   2                  break;
 495   2      
 496   2              case _DP_HOT_PLUG_DC_OFF_HIGH:
 497   2      
 498   2      #if(_D0_TWO_CHIP_DATA_EXCHANGE_MODE != _DATA_EXCHANGE_MODE_NONE)
                          g_stD0DataExchange.unionDataExchangeItem.stDcoffHpdMode.b1DPHotPlugDCOffHigh = ucValue;
                          SET_DATA_EXCHANGE_EVENT_MESSAGE(_DATA_EXCHAGNE_CMD_DCOFF_HPD_MODE);
              #endif
 502   2      
 503   2                  g_stSystemData.b1DPHotPlugDCOffHigh = ucValue;
 504   2      
 505   2      #if(_DIGITAL_PORT_SUPPORT == _ON)
 506   2                  if(g_stSystemData.b1DPHotPlugDCOffHigh == _TRUE)
 507   2                  {
 508   3                      SET_DP_DC_OFF_HPD_HIGH();
 509   3                  }
 510   2                  else
 511   2                  {
 512   3                      CLR_DP_DC_OFF_HPD_HIGH();
 513   3                  }
 514   2      #endif
 515   2                  break;
 516   2      
 517   2              case _HDMI_HOT_PLUG_SUPPORT:
 518   2      
 519   2                  g_stSystemData.b1HDMIHotPlugSupport = ucValue;
 520   2      
 521   2      #if(_DIGITAL_PORT_SUPPORT == _ON)
 522   2      #if((_HDMI_FREESYNC_SUPPORT == _ON) && (_TMDS_HDCP_2_2_SUPPORT == _ON))
 523   2                  SET_HDMI_HOTPLUG_TOGGLE();
 524   2      #else
                          if(g_stSystemData.b1HDMIHotPlugSupport == _TRUE)
                          {
                              SET_HDMI_HOTPLUG_TOGGLE();
                          }
                          else
                          {
                              CLR_HDMI_HOTPLUG_TOGGLE();
                          }
              #endif
C51 COMPILER V9.60.0.0   USERCOMMONNVRAMSYSTEM                                             09/18/2026 20:39:43 PAGE 10  

 534   2      #endif
 535   2                  break;
 536   2      
 537   2              case _HDMI_HOT_PLUG_SUPPORT_TIME:
 538   2      
 539   2                  g_stSystemData.b4HDMIHotPlugSupportTime = ucValue;
 540   2      
 541   2      #if(_DIGITAL_PORT_SUPPORT == _ON)
 542   2                  SET_HDMI_HOTPLUG_TIME(g_stSystemData.b4HDMIHotPlugSupportTime);
 543   2      #endif
 544   2                  break;
 545   2      
 546   2              case _DP_AUX_DIFF_MODE:
 547   2      
 548   2      #if(_D0_TWO_CHIP_DATA_EXCHANGE_MODE != _DATA_EXCHANGE_MODE_NONE)
                          g_stD0DataExchange.unionDataExchangeItem.stAuxDiffMode.b1DPAuxDiffMode = ucValue;
                          SET_DATA_EXCHANGE_EVENT_MESSAGE(_DATA_EXCHAGNE_CMD_AUX_DIFF_MODE);
              #endif
 552   2      
 553   2      #if(_HW_DP_AUX_SINGLE_ENDED_MODE_SUPPORT == _TRUE)
 554   2                  g_stSystemData.b1DPAuxDiffMode = ucValue;
 555   2      #else
                          g_stSystemData.b1DPAuxDiffMode = _TRUE;
              #endif
 558   2      
 559   2      #if(_DP_SUPPORT == _ON)
 560   2                  if(g_stSystemData.b1DPAuxDiffMode == _TRUE)
 561   2                  {
 562   3                      SET_DP_AUX_DIFF_MODE();
 563   3                  }
 564   2                  else
 565   2                  {
 566   3                      CLR_DP_AUX_DIFF_MODE();
 567   3                  }
 568   2      #endif
 569   2                  break;
 570   2      
 571   2              case _DP_AUX_ADJR_SETTING:
 572   2      
 573   2      #if(_D0_TWO_CHIP_DATA_EXCHANGE_MODE != _DATA_EXCHANGE_MODE_NONE)
                          g_stD0DataExchange.unionDataExchangeItem.stAuxAdjr.b4DPAuxAdjrSetting = ucValue;
                          SET_DATA_EXCHANGE_EVENT_MESSAGE(_DATA_EXCHAGNE_CMD_AUX_ADJR_MODE);
              #endif
 577   2      
 578   2                  g_stSystemData.b4DPAuxAdjrSetting = ucValue;
 579   2      
 580   2      #if(_DP_SUPPORT == _ON)
 581   2                  SET_DP_AUX_ADJR_SETTING(g_stSystemData.b4DPAuxAdjrSetting);
 582   2      #endif
 583   2                  break;
 584   2      
 585   2      #if(_HP_SOURCE_SCAN_SUPPORT == _ON)
                      case _SOURCE_HP_AUTO_SEARCH:
                          g_stSystemData.b1SourceHPAutoSearch = ucValue;
                          break;
              #endif
 590   2      
 591   2              case _DP_EDID_SELECT:
 592   2                  g_stSystemData.ucDPEDIDSelect = ucValue;
 593   2      
 594   2                  g_stSystemData.b3EdidD0 = ucValue;
 595   2                  g_stSystemData.b3EdidD1 = ucValue;
C51 COMPILER V9.60.0.0   USERCOMMONNVRAMSYSTEM                                             09/18/2026 20:39:43 PAGE 11  

 596   2                  g_stSystemData.b3EdidD2 = ucValue;
 597   2                  g_stSystemData.b3EdidD6 = ucValue;
 598   2                  break;
 599   2      
 600   2      #if(_D0_INPUT_PORT_TYPE == _D0_DP_PORT)
 601   2              case _DP_D0_LANES:
 602   2                  g_stSystemData.b3D0DpLanes = ucValue;
 603   2                  break;
 604   2      #endif
 605   2      #if(_D1_INPUT_PORT_TYPE == _D1_DP_PORT)
                      case _DP_D1_LANES:
                          g_stSystemData.b3D1DpLanes = ucValue;
                          break;
              #endif
 610   2      #if(_D2_INPUT_PORT_TYPE == _D2_DP_PORT)
                      case _DP_D2_LANES:
                          g_stSystemData.b3D2DpLanes = ucValue;
                          break;
              #endif
 615   2      #if(_D6_INPUT_PORT_TYPE == _D6_DP_PORT)
                      case _DP_D6_LANES:
                          g_stSystemData.b3D6DpLanes = ucValue;
                          break;
              #endif
 620   2      
 621   2              case _COLORIMETRY_SEAMLESS_CHANGE:
 622   2                  g_stSystemData.b1ColorSeamlessChange = ucValue;
 623   2      
 624   2      #if(_DIGITAL_PORT_SUPPORT == _ON)
 625   2      #if(_COLORIMETRY_SEAMLESS_CHANGE_SUPPORT == _ON)
                          if(ucValue == _ON)
                          {
                              CLR_DIGITAL_COLOR_INFO_CHANGE_RESET();
                          }
                          else
              #endif
 632   2                  {
 633   3                      SET_DIGITAL_COLOR_INFO_CHANGE_RESET();
 634   3                  }
 635   2      #endif
 636   2                  break;
 637   2      
 638   2              case _EDID_D0_SELECT:
 639   2                  g_stSystemData.b3EdidD0 = ucValue;
 640   2                  break;
 641   2              case _EDID_D1_SELECT:
 642   2                  g_stSystemData.b3EdidD1 = ucValue;
 643   2                  break;
 644   2              case _EDID_D2_SELECT:
 645   2                  g_stSystemData.b3EdidD2 = ucValue;
 646   2                  break;
 647   2              case _EDID_D3_SELECT:
 648   2                  g_stSystemData.b3EdidD3 = ucValue;
 649   2                  break;
 650   2              case _EDID_D4_SELECT:
 651   2                  g_stSystemData.b3EdidD4 = ucValue;
 652   2                  break;
 653   2              case _EDID_D5_SELECT:
 654   2                  g_stSystemData.b3EdidD5 = ucValue;
 655   2                  break;
 656   2              case _EDID_D6_SELECT:
 657   2                  g_stSystemData.b3EdidD6 = ucValue;
C51 COMPILER V9.60.0.0   USERCOMMONNVRAMSYSTEM                                             09/18/2026 20:39:43 PAGE 12  

 658   2                  break;
 659   2      
 660   2              case _DP_IRQ_TIME:
 661   2      
 662   2      #if(_D0_TWO_CHIP_DATA_EXCHANGE_MODE != _DATA_EXCHANGE_MODE_NONE)
                          g_stD0DataExchange.unionDataExchangeItem.stIrqTime.ucDpIrqTime_10us = ucValue;
                          SET_DATA_EXCHANGE_EVENT_MESSAGE(_DATA_EXCHAGNE_CMD_DP_IRQ_TIME);
              #endif
 666   2      
 667   2                  g_stSystemData.ucDpIrqTime_10us = ucValue;
 668   2      
 669   2      #if(_DP_SUPPORT == _ON)
 670   2                  SET_DP_IRQ_TIME_10US(g_stSystemData.ucDpIrqTime_10us);
 671   2      #endif
 672   2      
 673   2                  break;
 674   2      
 675   2              case _DP_ILLEGAL_IDLE_PATTERN_CHECK:
 676   2                  g_stSystemData.b1DPIllegalIdlePatternCheck = ucValue;
 677   2      
 678   2      #if(_DP_SUPPORT == _ON)
 679   2      
 680   2      #if(_DP_ILLEGAL_IDLE_PATTERN_CHECK_SUPPORT == _ON)
                          if(g_stSystemData.b1DPIllegalIdlePatternCheck == _ON)
                          {
                              SET_DP_ILLEGAL_IDLE_PATTERN_CHECK();
                          }
                          else
              #endif
 687   2                  {
 688   3                      CLR_DP_ILLEGAL_IDLE_PATTERN_CHECK();
 689   3                  }
 690   2      
 691   2      #endif
 692   2                  break;
 693   2      
 694   2              default:
 695   2                  break;
 696   2          }
 697   1      }
 698          
 699          #if(_EEPROM_ACCESS_FUNCTION_SUPPORT == _ON || _HDMI_24C02_SUPPORT||_Anjian_EFFECT)
 700          //--------------------------------------------------
 701          // Description  : Read data to the External EEPROM by IIC
 702          // Input Value  : usSubAddr    --> Start address of selected device
 703          //                usLength     --> Numbers of data we want to read
 704          //                pReadArray   --> Result array
 705          //                ucIICStatus   --> SW IIC Applications
 706          //                ucHwIICPinNum --> HW IIC Pin Used
 707          // Output Value : Reading result (Fail/Success)
 708          //--------------------------------------------------
 709          bit UserCommonEepromIICRead(BYTE ucSlaveAddr, DWORD ulSubAddr, BYTE ucSubAddrLength, DWORD ulLength, BYTE 
             -*pucReadArray, BYTE ucSWIICStatus, BYTE ucHwIICPinNum)
 710          {
 711   1          BYTE ucSlaveAddress = ucSlaveAddr;
 712   1          BYTE ucDataCnt = 0;
 713   1      
 714   1          ucSWIICStatus = ucSWIICStatus;
 715   1      
 716   1          while(ulLength > 0)
 717   1          {
 718   2              if(ucSubAddrLength == 1)
C51 COMPILER V9.60.0.0   USERCOMMONNVRAMSYSTEM                                             09/18/2026 20:39:43 PAGE 13  

 719   2              {
 720   3                  ucSlaveAddress = ucSlaveAddr + (BYTE)((ulSubAddr & 0xFF00) >> 7);
 721   3              }
 722   2              else if(ucSubAddrLength == 2)
 723   2              {
 724   3                  ucSlaveAddress = ucSlaveAddr + (BYTE)((ulSubAddr & 0x00FF0000) >> 15);
 725   3              }
 726   2      
 727   2              // Receive 24 bytes each time
 728   2              ucDataCnt = _EEPROM_READ_SIZE;
 729   2      
 730   2              // Check if more than 24 bytes are needed to be received
 731   2              if(ulLength > ucDataCnt)
 732   2              {
 733   3                  ulLength -= ucDataCnt;
 734   3              }
 735   2              else
 736   2              {
 737   3                  ucDataCnt = ulLength;
 738   3                  ulLength = 0;
 739   3              }
 740   2      
 741   2              // Execute Hardware IIC Read Command
 742   2              if(ucHwIICPinNum == _SW_IIC_PIN_GPIO)
 743   2              {
 744   3      #if(_SW_IIC_SUPPORT == _ON)
                          SET_SW_IIC_STATUS(ucSWIICStatus);
              
                          if(ScalerMcuIICRead(ucSlaveAddress, ucSubAddrLength, (WORD)ulSubAddr, ucDataCnt, pucReadArray)
             - == _FAIL)
                          {
                              return _FAIL;
                          }
              #endif // End of #if(_SW_IIC_SUPPORT == _ON)
 752   3      
 753   3              }
 754   2              else if(ucHwIICPinNum != _NO_IIC_PIN)
 755   2              {
 756   3      #if(_HW_IIC_SUPPORT == _ON)
 757   3                  if(ScalerMcuHwIICRead(ucSlaveAddress, ucSubAddrLength, (WORD)ulSubAddr, ucDataCnt, pucReadArra
             -y, ucHwIICPinNum) == _FAIL)
 758   3                  {
 759   4                      return _FAIL;
 760   4                  }
 761   3      #endif // End of #if(_HW_IIC_SUPPORT == _ON)
 762   3      
 763   3              }
 764   2      
 765   2              // Increase data location
 766   2              pucReadArray += ucDataCnt;
 767   2      
 768   2              // Increment Sub-Addr for next Read
 769   2              ulSubAddr += ucDataCnt;
 770   2          }
 771   1      
 772   1          return _SUCCESS;
 773   1      }
 774          
 775          //--------------------------------------------------
 776          // Description  : Write data to the System EEPROM by IIC
 777          // Input Value  : usSubAddr    --> Start address of selected device
 778          //                usLength     --> Numbers of data we want to write
C51 COMPILER V9.60.0.0   USERCOMMONNVRAMSYSTEM                                             09/18/2026 20:39:43 PAGE 14  

 779          //                pReadArray   --> Result array
 780          //                ucIICStatus   --> SW IIC Applications
 781          //                ucHwIICPinNum --> HW IIC Pin Used
 782          //                enumWriteSize --> 8 or 16 or 32
 783          // Output Value : Reading result (Fail/Success)
 784          //--------------------------------------------------
 785          #pragma save
 786          #pragma OT(8)
 787          bit UserCommonEepromIICWrite(BYTE ucSlaveAddr, DWORD ulSubAddr, BYTE ucSubAddrLength, DWORD ulLength, BYTE
             - *pucWriteArray, BYTE ucSWIICStatus, BYTE ucHwIICPinNum, EnumEepromWriteSize enumWriteSize)
 788          {
 789   1          BYTE ucSlaveAddress = ucSlaveAddr;
 790   1          BYTE ucDataCnt = 0;
 791   1          BYTE ucTimeOutCnt = _EEPROM_TIMEOUT_LIMIT;
 792   1          BYTE pucTempData[32];
 793   1      
 794   1          ucSWIICStatus = ucSWIICStatus;
 795   1      
 796   1          if(ulLength <= 0)
 797   1          {
 798   2              return _FAIL;
 799   2          }
 800   1      
 801   1          while(ulLength > 0)
 802   1          {
 803   2              if(ucSubAddrLength == 1)
 804   2              {
 805   3                  ucSlaveAddress = ucSlaveAddr + (BYTE)((ulSubAddr & 0xFF00) >> 7);
 806   3              }
 807   2              else if(ucSubAddrLength == 2)
 808   2              {
 809   3                  ucSlaveAddress = ucSlaveAddr + (BYTE)((ulSubAddr & 0x00FF0000) >> 15);
 810   3              }
 811   2      
 812   2              // Transmit 8, 16 or 32 bytes each time
 813   2              ucDataCnt = enumWriteSize;
 814   2      
 815   2              // Check if more than 8, 16 or 32 bytes are needed to be transmitted
 816   2              if(enumWriteSize == _WRITE_SIZE_32)
 817   2              {
 818   3                  if(((ulSubAddr & 0x001F) + ulLength - 1) >= enumWriteSize)
 819   3                  {
 820   4                      ucDataCnt = enumWriteSize - (ulSubAddr & 0x001F);
 821   4                  }
 822   3              }
 823   2              else if(enumWriteSize == _WRITE_SIZE_16)
 824   2              {
 825   3                  if(((ulSubAddr & 0x000F) + ulLength - 1) >= enumWriteSize)
 826   3                  {
 827   4                      ucDataCnt = enumWriteSize - (ulSubAddr & 0x000F);
 828   4                  }
 829   3              }
 830   2              else if(enumWriteSize == _WRITE_SIZE_8)
 831   2              {
 832   3                  if(((ulSubAddr & 0x0007) + ulLength - 1) >= enumWriteSize)
 833   3                  {
 834   4                      ucDataCnt = enumWriteSize - (ulSubAddr & 0x0007);
 835   4                  }
 836   3              }
 837   2      
 838   2              if(ulLength > ucDataCnt)
 839   2              {
C51 COMPILER V9.60.0.0   USERCOMMONNVRAMSYSTEM                                             09/18/2026 20:39:43 PAGE 15  

 840   3                  ulLength -= ucDataCnt;
 841   3              }
 842   2              else
 843   2              {
 844   3                  ucDataCnt = ulLength;
 845   3                  ulLength = 0;
 846   3              }
 847   2      
 848   2              // Save the data to be transfered to pData to ensure the data is saved in XDATA SPACE
 849   2              memcpy(pucTempData, pucWriteArray, ucDataCnt);
 850   2      
 851   2              // Increase data location
 852   2              pucWriteArray += ucDataCnt;
 853   2      
 854   2              // Disable EEPROM Write Protect
 855   2              PCB_EEPROM_WRITE_PROTECT(_EEPROM_WP_DISABLE);
 856   2      
 857   2              // Execute Hardware IIC Write Command
 858   2              if(ucHwIICPinNum == _SW_IIC_PIN_GPIO)
 859   2              {
 860   3      #if(_SW_IIC_SUPPORT == _ON)
                          SET_SW_IIC_STATUS(ucSWIICStatus);
              
                          if(ScalerMcuIICWrite(ucSlaveAddress, ucSubAddrLength, (WORD)ulSubAddr, ucDataCnt, pucTempData)
             - == _FAIL)
                          {
                              // Enable EEPROM Write Protect
                              PCB_EEPROM_WRITE_PROTECT(_EEPROM_WP_ENABLE);
              
                              return _FAIL;
                          }
              #endif // End of #if(_SW_IIC_SUPPORT == _ON)
 871   3      
 872   3              }
 873   2              else if(ucHwIICPinNum != _NO_IIC_PIN)
 874   2              {
 875   3      #if(_HW_IIC_SUPPORT == _ON)
 876   3                  if(ScalerMcuHwIICWrite(ucSlaveAddress, ucSubAddrLength, (WORD)ulSubAddr, ucDataCnt, pucTempDat
             -a, ucHwIICPinNum) == _FAIL)
 877   3                  {
 878   4                      // Enable EEPROM Write Protect
 879   4                      PCB_EEPROM_WRITE_PROTECT(_EEPROM_WP_ENABLE);
 880   4      
 881   4                      return _FAIL;
 882   4                  }
 883   3      #endif // End of #if(_HW_IIC_SUPPORT == _ON)
 884   3      
 885   3              }
 886   2      
 887   2              // Increment Sub-Addr for next Write
 888   2              ulSubAddr += ucDataCnt;
 889   2      
 890   2              // Need to delay until internal write cycle is finished
 891   2              if(ucHwIICPinNum == _SW_IIC_PIN_GPIO)
 892   2              {
 893   3      #if(_SW_IIC_SUPPORT == _ON)
                          SET_SW_IIC_STATUS(ucSWIICStatus);
              
                          while(ScalerMcuIICWritePolling(ucSlaveAddress) == _FAIL)
                          {
                              ucTimeOutCnt--;
              
C51 COMPILER V9.60.0.0   USERCOMMONNVRAMSYSTEM                                             09/18/2026 20:39:43 PAGE 16  

                              ScalerDelay5us();
              
                              if(ucTimeOutCnt == 0x00)
                              {
                                  // Enable EEPROM Write Protect
                                  PCB_EEPROM_WRITE_PROTECT(_EEPROM_WP_ENABLE);
              
                                  return _FAIL;
                              }
                          }
              #endif // End of #if(_SW_IIC_SUPPORT == _ON)
 911   3      
 912   3              }
 913   2              else if(ucHwIICPinNum != _NO_IIC_PIN)
 914   2              {
 915   3      #if(_HW_IIC_SUPPORT == _ON)
 916   3                  while(ScalerMcuHwIICWritePolling(ucSlaveAddress, ucSubAddrLength, ucHwIICPinNum) == _FAIL)
 917   3                  {
 918   4                      ucTimeOutCnt--;
 919   4      
 920   4                      ScalerDelay5us();
 921   4      
 922   4                      if(ucTimeOutCnt == 0x00)
 923   4                      {
 924   5                          // Enable EEPROM Write Protect
 925   5                          PCB_EEPROM_WRITE_PROTECT(_EEPROM_WP_ENABLE);
 926   5      
 927   5                          return _FAIL;
 928   5                      }
 929   4                  }
 930   3      #endif // End of #if(_HW_IIC_SUPPORT == _ON)
 931   3      
 932   3              }
 933   2      
 934   2              ucTimeOutCnt = _EEPROM_TIMEOUT_LIMIT;
 935   2      
 936   2              // Enable EEPROM Write Protect
 937   2              PCB_EEPROM_WRITE_PROTECT(_EEPROM_WP_ENABLE);
 938   2          }
 939   1      
 940   1          return _SUCCESS;
 941   1      }
 942          #pragma restore
 943          
 944          #endif // End of #if(_EEPROM_ACCESS_FUNCTION_SUPPORT == _ON)
 945          
 946          #if(_SYSTEM_EEPROM_EMULATION_SUPPORT == _OFF)
              //--------------------------------------------------
              // Description  : Read data to the System EEPROM by IIC
              // Input Value  : usLength     --> Numbers of data we want to read
              //                pReadArray   --> Result array
              // Output Value : Reading result (Fail/Success)
              //--------------------------------------------------
              bit UserCommonEepromRead(DWORD ulSubAddr, WORD usLength, BYTE *pucReadArray)
              {
                  ulSubAddr = ulSubAddr;
                  usLength = usLength;
                  pucReadArray = pucReadArray;
              
              #if(_USER_SYSTEM_EEPROM_CUSTOMIZATION == _ON)
                  if(UserInterfaceSystemEepromReadCustomProc(ulSubAddr, usLength, pucReadArray) == _FAIL)
                  {
C51 COMPILER V9.60.0.0   USERCOMMONNVRAMSYSTEM                                             09/18/2026 20:39:43 PAGE 17  

                      return _FAIL;
                  }
                  return _SUCCESS;
              #endif
              
                  if(ulSubAddr > _EEPROM_SIZE_RANGE)
                  {
                      return _FAIL;
                  }
              
                  // Execute Hardware IIC Read Command
              #if(_PCB_SYS_EEPROM_IIC == _SW_IIC_PIN_GPIO)
              
              #if(_EEPROM_TYPE == _EEPROM_24LC16)
                  if(UserCommonEepromIICRead(_EEPROM_SLAVE_ADDRESS, ulSubAddr, 1, usLength, pucReadArray, _IIC_SYS_EEPRO
             -M, _PCB_SYS_EEPROM_IIC) == _FAIL)
              #elif((_EEPROM_TYPE == _EEPROM_24WC64) || (_EEPROM_TYPE == _EEPROM_CAT24M01) || (_EEPROM_TYPE == _EEPROM_2
             -4256))
                  if(UserCommonEepromIICRead(_EEPROM_SLAVE_ADDRESS, ulSubAddr, 2, usLength, pucReadArray, _IIC_SYS_EEPRO
             -M, _PCB_SYS_EEPROM_IIC) == _FAIL)
              #endif
              
                  {
                      return _FAIL;
                  }
              
              #elif(_PCB_SYS_EEPROM_IIC != _NO_IIC_PIN)   // Else of #if(_PCB_SYS_EEPROM_IIC == _SW_IIC_PIN_GPIO)
              
              #if(_EEPROM_TYPE == _EEPROM_24LC16)
                  if(UserCommonEepromIICRead(_EEPROM_SLAVE_ADDRESS, ulSubAddr, 1, usLength, pucReadArray, _IIC_SYS_EEPRO
             -M, _PCB_SYS_EEPROM_IIC) == _FAIL)
              #elif((_EEPROM_TYPE == _EEPROM_24WC64) || (_EEPROM_TYPE == _EEPROM_CAT24M01) || (_EEPROM_TYPE == _EEPROM_2
             -4256))
                  if(UserCommonEepromIICRead(_EEPROM_SLAVE_ADDRESS, ulSubAddr, 2, usLength, pucReadArray, _IIC_SYS_EEPRO
             -M, _PCB_SYS_EEPROM_IIC) == _FAIL)
              #endif
              
                  {
                      return _FAIL;
                  }
              #endif  // End of #if(_PCB_SYS_EEPROM_IIC == _SW_IIC_PIN_GPIO)
              
                  return _SUCCESS;
              }
              
              //--------------------------------------------------
              // Description  : Write data to the System EEPROM by IIC
              // Input Value  : usSubAddr    --> Start address of selected device
              //                usLength     --> Numbers of data we want to read
              //                pReadArray   --> Result array
              // Output Value : Reading result (Fail/Success)
              //--------------------------------------------------
              #pragma save
              #pragma OT(8)
              bit UserCommonEepromWrite(DWORD ulSubAddr, WORD usLength, BYTE *pucWriteArray)
              {
                  ulSubAddr = ulSubAddr;
                  usLength = usLength;
                  pucWriteArray = pucWriteArray;
              
              #if(_USER_SYSTEM_EEPROM_CUSTOMIZATION == _ON)
                  if(UserInterfaceSystemEepromWriteCustomProc(ulSubAddr, usLength, pucWriteArray) == _FAIL)
C51 COMPILER V9.60.0.0   USERCOMMONNVRAMSYSTEM                                             09/18/2026 20:39:43 PAGE 18  

                  {
                      return _FAIL;
                  }
              
                  return _SUCCESS;
              #endif
              
                  if(ulSubAddr > _EEPROM_SIZE_RANGE)
                  {
                      return _FAIL;
                  }
              
                  // Execute Hardware IIC Write Command
              #if(_PCB_SYS_EEPROM_IIC == _SW_IIC_PIN_GPIO)
              
              #if(_EEPROM_TYPE == _EEPROM_24LC16)
                  if(UserCommonEepromIICWrite(_EEPROM_SLAVE_ADDRESS, ulSubAddr, 1, usLength, pucWriteArray, _IIC_SYS_EEP
             -ROM, _PCB_SYS_EEPROM_IIC, _WRITE_SIZE_16) == _FAIL)
              #elif((_EEPROM_TYPE == _EEPROM_24WC64) || (_EEPROM_TYPE == _EEPROM_CAT24M01) || (_EEPROM_TYPE == _EEPROM_2
             -4256))
                  if(UserCommonEepromIICWrite(_EEPROM_SLAVE_ADDRESS, ulSubAddr, 2, usLength, pucWriteArray, _IIC_SYS_EEP
             -ROM, _PCB_SYS_EEPROM_IIC, _WRITE_SIZE_32) == _FAIL)
              #endif
              
                  {
                      return _FAIL;
                  }
              
              #elif(_PCB_SYS_EEPROM_IIC != _NO_IIC_PIN)   // Else of #if(_PCB_SYS_EEPROM_IIC == _SW_IIC_PIN_GPIO)
              
              #if(_EEPROM_TYPE == _EEPROM_24LC16)
                  if(UserCommonEepromIICWrite(_EEPROM_SLAVE_ADDRESS, ulSubAddr, 1, usLength, pucWriteArray, _IIC_SYS_EEP
             -ROM, _PCB_SYS_EEPROM_IIC, _WRITE_SIZE_16) == _FAIL)
              #elif((_EEPROM_TYPE == _EEPROM_24WC64) || (_EEPROM_TYPE == _EEPROM_CAT24M01) || (_EEPROM_TYPE == _EEPROM_2
             -4256))
                  if(UserCommonEepromIICWrite(_EEPROM_SLAVE_ADDRESS, ulSubAddr, 2, usLength, pucWriteArray, _IIC_SYS_EEP
             -ROM, _PCB_SYS_EEPROM_IIC, _WRITE_SIZE_32) == _FAIL)
              #endif
                  {
                      return _FAIL;
                  }
              #endif  // End of #if(_PCB_SYS_EEPROM_IIC == _SW_IIC_PIN_GPIO)
              
                  return _SUCCESS;
              }
              #pragma restore
              
              //--------------------------------------------------
              // Description  : Save system data to EEPROM
              // Input Value  : None
              // Output Value : None
              //--------------------------------------------------
              void UserCommonEepromSaveSystemData(void)
              {
                  if(UserInterfaceGetNVRamDataStatus(_CHECK_SYSTEM_DATA_SAVE) == _FAIL)
                  {
                      return;
                  }
              
                  UserCommonEepromWrite(_SYSTEM_DATA_ADDRESS, sizeof(StructSystemDataType), (BYTE *)(&g_stSystemData));
              }
              
C51 COMPILER V9.60.0.0   USERCOMMONNVRAMSYSTEM                                             09/18/2026 20:39:43 PAGE 19  

              //--------------------------------------------------
              // Description  : Load system data from EEPROM
              // Input Value  : None
              // Output Value : None
              //--------------------------------------------------
              void UserCommonEepromLoadSystemData(void)
              {
                  UserCommonEepromRead(_SYSTEM_DATA_ADDRESS, sizeof(StructSystemDataType), (BYTE *)(&g_stSystemData));
              
                  UserInterfaceGetNVRamDataStatus(_CHECK_SYSTEM_DATA_LOAD);
              }
              
              //--------------------------------------------------
              // Description  : Restore default system data
              // Input Value  : None
              // Output Value : None
              //--------------------------------------------------
              void UserCommonEepromRestoreSystemData(void)
              {
                  g_stSystemData = g_stSystemDefaultData;
                  UserCommonEepromSaveSystemData();
              }
              
              #if(_VGA_SUPPORT == _ON)
              //--------------------------------------------------
              // Description  : Load mode user data from EEPROM
              // Input Value  : ucSlotIndex
              // Output Value : None
              //--------------------------------------------------
              void UserCommonEepromLoadModeUserData(DWORD ulSlotIndex)
              {
                  UserCommonEepromRead((DWORD)_MODE_USER_DATA_ADDRESS + (ulSlotIndex % _MODE_SLOT_AMOUNT) * sizeof(Struc
             -tVGAModeUserDataType),
                                       sizeof(StructVGAModeUserDataType),
                                       (BYTE *)(&g_stVGAModeUserData));
              
                  UserInterfaceGetNVRamDataStatus(_CHECK_MODE_USER_DATA_LOAD);
              }
              
              //--------------------------------------------------
              // Description  : Save mode user data to EEPROM
              // Input Value  : None
              // Output Value : None
              //--------------------------------------------------
              void UserCommonEepromSaveModeUserData(void)
              {
                  BYTE ucFIFOInx = 0;
                  BYTE ucSlotIndex = UserCommonEepromGetMaxFifoGroupCnt() + 1;
              
                  if(UserInterfaceGetNVRamDataStatus(_CHECK_MODE_USER_DATA_SAVE) == _FAIL)
                  {
                      return;
                  }
              
                  for(ucFIFOInx = 0; ucFIFOInx < UserCommonEepromGetMaxFifoGroupCnt(); ucFIFOInx++)
                  {
                      if(UserCommonEepromLoadModeUserModeNumberData(ucFIFOInx) == g_stVGAModeUserData.ucModeNumber)
                      {
                          ucSlotIndex = ucFIFOInx;
                          break;
                      }
                  }
C51 COMPILER V9.60.0.0   USERCOMMONNVRAMSYSTEM                                             09/18/2026 20:39:43 PAGE 20  

              
                  if(ucSlotIndex == (UserCommonEepromGetMaxFifoGroupCnt() + 1))
                  {
                      // Add FIFO mode index number by step
                      ucSlotIndex = UserCommonEepromVGAFifoModeIndexOffsetInc(1);
                  }
              
                  UserCommonEepromWrite(_MODE_USER_DATA_ADDRESS + (ucSlotIndex % _MODE_SLOT_AMOUNT) * sizeof(StructVGAMo
             -deUserDataType),
                                        sizeof(StructVGAModeUserDataType),
                                        (BYTE *)(&g_stVGAModeUserData));
              }
              
              //--------------------------------------------------
              // Description  : Load mode user Mode Number data from EEPROM
              // Input Value  : ucSlotIndex
              // Output Value : Mode Number
              //--------------------------------------------------
              BYTE UserCommonEepromLoadModeUserModeNumberData(DWORD ulSlotIndex)
              {
                  BYTE ucModeNumber = 0xFF;
              
                  UserCommonEepromRead((DWORD)_MODE_USER_DATA_ADDRESS + (ulSlotIndex % _MODE_SLOT_AMOUNT) * sizeof(Struc
             -tVGAModeUserDataType) + 1,
                                       1, &ucModeNumber);
              
                  return ucModeNumber;
              }
              //--------------------------------------------------
              // Description  : Restore default mode user data
              // Input Value  : None
              // Output Value : None
              //--------------------------------------------------
              void UserCommonEepromRestoreModeUserData(void)
              {
                  StructVGAModeUserDataType stVGAModeUserData;
              
                  // g_stVGAModeUserData will be clear
                  memset(&stVGAModeUserData, 0xFF, sizeof(StructVGAModeUserDataType));
              
                  for(g_stSystemData.ucModeSlotIndex = 0; g_stSystemData.ucModeSlotIndex < _MODE_SLOT_AMOUNT; g_stSystem
             -Data.ucModeSlotIndex++)
                  {
                      UserCommonEepromWrite(_MODE_USER_DATA_ADDRESS + (g_stSystemData.ucModeSlotIndex * sizeof(StructVGA
             -ModeUserDataType)),
                                            sizeof(StructVGAModeUserDataType), (BYTE *)(&stVGAModeUserData));
                  }
              
                  g_stSystemData.ucModeSlotIndex = 0;
              }
              
              //--------------------------------------------------
              // Description  : Increase VGA Fifo mode index
              // Input Value  : None
              // Output Value : FIFO Mode Current Index
              //--------------------------------------------------
              BYTE UserCommonEepromVGAFifoModeIndexOffsetInc(BYTE ucStep)
              {
                  StructVGAModeUserDataType stVGAModeUserData;
                  BYTE ucMNumber = 0xFF;
                  BYTE ucInx = 0;
              
C51 COMPILER V9.60.0.0   USERCOMMONNVRAMSYSTEM                                             09/18/2026 20:39:43 PAGE 21  

                  // g_stVGAModeUserData will be clear
                  memset(&stVGAModeUserData, 0xFF, sizeof(StructVGAModeUserDataType));
              
                  for(ucInx = 0; ucInx < _MODE_SLOT_AMOUNT; ucInx++)
                  {
                      g_stSystemData.ucModeSlotIndex = (g_stSystemData.ucModeSlotIndex + ucStep) % _MODE_SLOT_AMOUNT;
              
                      ucMNumber = UserCommonEepromLoadModeUserModeNumberData(g_stSystemData.ucModeSlotIndex);
              
                      if(UserCommonModeSearchCheckPresetModeTable(ucMNumber) == _TRUE)
                      {
                          UserCommonEepromRead(_MODE_USER_DATA_ADDRESS + (g_stSystemData.ucModeSlotIndex) * sizeof(Struc
             -tVGAModeUserDataType),
                                               1, (BYTE *)(&stVGAModeUserData));
              
                          if(stVGAModeUserData.b1IsPresetMode == _PRESET_MODE_TYPE)
                          {
                              DebugMessageAnalog("4. Match presetmode", ucMNumber);
              
                              continue;
                          }
                          else
                          {
                              break;
                          }
                      }
                      else
                      {
                          break;
                      }
                  }
              
                  return g_stSystemData.ucModeSlotIndex;
              }
              
              //--------------------------------------------------
              // Description  : Get VGA FIFO Mode Maximum No.
              // Input Value  : None
              // Output Value : None
              //--------------------------------------------------
              BYTE UserCommonEepromGetMaxFifoGroupCnt(void)
              {
                  return _MODE_SLOT_AMOUNT;
              }
              
              //--------------------------------------------------
              // Description  : Load adc settings from EEPROM
              // Input Value  : ucADCConfig
              // Output Value : None
              //--------------------------------------------------
              void UserCommonEepromLoadADCSetting(EnumColorSpace enumColorFormat)
              {
                  if(enumColorFormat == _COLOR_SPACE_RGB)
                  {
                      UserCommonEepromRead(_ADC_SETTING_ADDRESS, sizeof(StructAdcDataType),
                                           &g_stAdcData.ucAdcPGA);
                  }
              #if(_YPBPR_SUPPORT == _ON)
                  else if(enumColorFormat == _COLOR_SPACE_YPBPR)
                  {
                      UserCommonEepromRead(_ADC_SETTING_ADDRESS + sizeof(StructAdcDataType),
                                           sizeof(StructAdcDataType),
C51 COMPILER V9.60.0.0   USERCOMMONNVRAMSYSTEM                                             09/18/2026 20:39:43 PAGE 22  

                                           &g_stAdcData.ucAdcPGA);
                  }
              #endif
              
                  UserInterfaceGetNVRamDataStatus(_CHECK_ADC_LOAD);
              }
              
              //--------------------------------------------------
              // Description  : Save adc settings to EEPROM
              // Input Value  : ucADCConfig
              // Output Value : None
              //--------------------------------------------------
              void UserCommonEepromSaveADCSetting(EnumColorSpace enumColorFormat)
              {
                  if(UserInterfaceGetNVRamDataStatus(_CHECK_ADC_SAVE) == _FAIL)
                  {
                      return;
                  }
              
                  if(enumColorFormat == _COLOR_SPACE_RGB)
                  {
                      UserCommonEepromWrite(_ADC_SETTING_ADDRESS, sizeof(StructAdcDataType),
                                            &g_stAdcData.ucAdcPGA);
                  }
              #if(_YPBPR_SUPPORT == _ON)
                  else if(enumColorFormat == _COLOR_SPACE_YPBPR)
                  {
                      UserCommonEepromWrite(_ADC_SETTING_ADDRESS + sizeof(StructAdcDataType),
                                            sizeof(StructAdcDataType),
                                            &g_stAdcData.ucAdcPGA);
                  }
              #endif
              }
              
              //--------------------------------------------------
              // Description  : Restore default adc settings
              // Input Value  : None
              // Output Value : None
              //--------------------------------------------------
              void UserCommonEepromRestoreADCSetting(void)
              {
                  g_stAdcData = g_stADCRgbDefaultData;
              
                  UserCommonEepromSaveADCSetting(_COLOR_SPACE_RGB);
              
              #if(_YPBPR_SUPPORT == _ON)
                  g_stAdcData = g_stADCYpbprDefaultData;
                  UserCommonEepromSaveADCSetting(_COLOR_SPACE_YPBPR);
              #endif
              }
              #endif // End of #if(_VGA_SUPPORT == _ON)
              
              
              #else // Else of #if(_SYSTEM_EEPROM_EMULATION_SUPPORT == _OFF)
1308          
1309          //--------------------------------------------------
1310          // Description  : Load one iterm from flash
1311          // Input Value  : enumItemID: flash item id
1312          //                pucData: buf to save data loaded
1313          //                ucLength: buf length
1314          // Output Value : return _TRUE if load success, else return _FALSE
1315          //--------------------------------------------------
C51 COMPILER V9.60.0.0   USERCOMMONNVRAMSYSTEM                                             09/18/2026 20:39:43 PAGE 23  

1316          bit UserCommonFlashLoadItem(EnumFlashItemIDType enumItemID, BYTE *pucData, BYTE ucLength)
1317          {
1318   1          BYTE ucItemChecksum = 0;
1319   1          WORD usAddrIndex = 0;
1320   1          WORD usPageAddr = 0;
1321   1          WORD usItemAddr = 0;
1322   1          BYTE pucDataArry[_DATA_ITEM_LENGTH] = {0};
1323   1          BYTE ucPageID = HIBYTE(enumItemID);
1324   1      
1325   1          if(ucLength > (_DATA_ITEM_LENGTH - 2))
1326   1          {
1327   2              return _FALSE;
1328   2          }
1329   1      
1330   1          usPageAddr = g_pucFlashPageArr[ucPageID] * _FLASH_PAGE_SIZE;
1331   1      
1332   1          // Find the data item which item index is ucIndex in the ucPage page from bottom to top
1333   1          for(usAddrIndex = g_pusFlashAddrArr[ucPageID]; usAddrIndex > 0; usAddrIndex--)
1334   1          {
1335   2              usItemAddr = (usAddrIndex - 1) * _DATA_ITEM_LENGTH;
1336   2      
1337   2              // If data item index matches
1338   2              UserCommonFlashRead(_SYSTEM_EEPROM_EMULATION_FLASH_BANK, usPageAddr + usItemAddr, 1, pucDataArry);
1339   2              if(pucDataArry[0] == LOBYTE(enumItemID))
1340   2              {
1341   3                  ucItemChecksum = 0;
1342   3      
1343   3                  // Calculate the checksum of the data item
1344   3                  UserCommonFlashRead(_SYSTEM_EEPROM_EMULATION_FLASH_BANK, usPageAddr + usItemAddr, _DATA_ITEM_L
             -ENGTH, pucDataArry);
1345   3                  ucItemChecksum = UserCommonFlashCalculateCheckSumData(pucDataArry, (_DATA_ITEM_LENGTH - 1));
1346   3                  ucItemChecksum = (ucItemChecksum & 0x7F);
1347   3      
1348   3                  // Check checksum value matches or not
1349   3                  if(pucDataArry[_DATA_ITEM_LENGTH - 1] != ucItemChecksum)
1350   3                  {
1351   4                      return _FALSE;
1352   4                  }
1353   3      
1354   3                  // Load the found data item to the buffer
1355   3                  memcpy(pucData, pucDataArry + 1, ucLength);
1356   3      
1357   3                  return _TRUE;
1358   3              }
1359   2          }
1360   1      
1361   1          return _FALSE;
1362   1      }
1363          
1364          
1365          //--------------------------------------------------
1366          // Description  : Calculate item data or page info checksum
1367          // Input Value  : pucData: buf to item data or page info data
1368          //                ucLength: buf length
1369          // Output Value : checksum value
1370          //--------------------------------------------------
1371          BYTE UserCommonFlashCalculateCheckSumData(BYTE *pucData, BYTE ucLength)
1372          {
1373   1          BYTE ucIndex = 0;
1374   1          BYTE ucResult = 0;
1375   1          BYTE ucData = 0;
1376   1      
C51 COMPILER V9.60.0.0   USERCOMMONNVRAMSYSTEM                                             09/18/2026 20:39:43 PAGE 24  

1377   1          bit bDataBit0 = 0;
1378   1          bit bDataBit1 = 0;
1379   1          bit bDataBit2 = 0;
1380   1          bit bDataBit3 = 0;
1381   1          bit bDataBit4 = 0;
1382   1          bit bDataBit5 = 0;
1383   1          bit bDataBit6 = 0;
1384   1          bit bDataBit7 = 0;
1385   1      
1386   1          bit bTempCRC0 = 0;
1387   1          bit bTempCRC1 = 0;
1388   1          bit bTempCRC2 = 0;
1389   1          bit bTempCRC3 = 0;
1390   1          bit bTempCRC4 = 0;
1391   1          bit bTempCRC5 = 0;
1392   1          bit bTempCRC6 = 0;
1393   1          bit bTempCRC7 = 0;
1394   1      
1395   1          bit bLastCRC0 = 0;
1396   1          bit bLastCRC1 = 0;
1397   1          bit bLastCRC2 = 0;
1398   1          bit bLastCRC3 = 0;
1399   1          bit bLastCRC4 = 0;
1400   1          bit bLastCRC5 = 0;
1401   1          bit bLastCRC6 = 0;
1402   1          bit bLastCRC7 = 0;
1403   1      
1404   1          for(ucIndex = 0; ucIndex < ucLength; ucIndex++)
1405   1          {
1406   2              ucData = pucData[ucIndex];
1407   2              bDataBit0 = (bit)(ucData & _BIT0);
1408   2              bDataBit1 = (bit)(ucData & _BIT1);
1409   2              bDataBit2 = (bit)(ucData & _BIT2);
1410   2              bDataBit3 = (bit)(ucData & _BIT3);
1411   2              bDataBit4 = (bit)(ucData & _BIT4);
1412   2              bDataBit5 = (bit)(ucData & _BIT5);
1413   2              bDataBit6 = (bit)(ucData & _BIT6);
1414   2              bDataBit7 = (bit)(ucData & _BIT7);
1415   2      
1416   2              bTempCRC0 = bDataBit7 ^ bDataBit6 ^ bDataBit0 ^ bLastCRC7 ^ bLastCRC6 ^ bLastCRC0;
1417   2              bTempCRC1 = bDataBit6 ^ bDataBit1 ^ bDataBit0 ^ bLastCRC6 ^ bLastCRC1 ^ bLastCRC0;
1418   2              bTempCRC2 = bDataBit6 ^ bDataBit2 ^ bDataBit1 ^ bDataBit0 ^ bLastCRC6 ^ bLastCRC2 ^ bLastCRC1 ^ bL
             -astCRC0;
1419   2              bTempCRC3 = bDataBit7 ^ bDataBit3 ^ bDataBit2 ^ bDataBit1 ^ bLastCRC7 ^ bLastCRC3 ^ bLastCRC2 ^ bL
             -astCRC1;
1420   2              bTempCRC4 = bDataBit4 ^ bDataBit3 ^ bDataBit2 ^ bLastCRC4 ^ bLastCRC3 ^ bLastCRC2;
1421   2              bTempCRC5 = bDataBit5 ^ bDataBit4 ^ bDataBit3 ^ bLastCRC5 ^ bLastCRC4 ^ bLastCRC3;
1422   2              bTempCRC6 = bDataBit6 ^ bDataBit5 ^ bDataBit4 ^ bLastCRC6 ^ bLastCRC5 ^ bLastCRC4;
1423   2              bTempCRC7 = bDataBit7 ^ bDataBit6 ^ bDataBit5 ^ bLastCRC7 ^ bLastCRC6 ^ bLastCRC5;
1424   2      
1425   2              bLastCRC0 = bTempCRC0;
1426   2              bLastCRC1 = bTempCRC1;
1427   2              bLastCRC2 = bTempCRC2;
1428   2              bLastCRC3 = bTempCRC3;
1429   2              bLastCRC4 = bTempCRC4;
1430   2              bLastCRC5 = bTempCRC5;
1431   2              bLastCRC6 = bTempCRC6;
1432   2              bLastCRC7 = bTempCRC7;
1433   2          }
1434   1      
1435   1          ucResult = (((BYTE)bLastCRC0) + (((BYTE)bLastCRC1) << 1) + (((BYTE)bLastCRC2) << 2) + (((BYTE)bLastCRC
             -3) << 3) + (((BYTE)bLastCRC4) << 4) + (((BYTE)bLastCRC5) << 5) + (((BYTE)bLastCRC6) << 6) + (((BYTE)bLastCRC7) << 7));
C51 COMPILER V9.60.0.0   USERCOMMONNVRAMSYSTEM                                             09/18/2026 20:39:43 PAGE 25  

1436   1      
1437   1          return ucResult;
1438   1      }
1439          
1440          //--------------------------------------------------
1441          // Description  : Save one iterm to flash
1442          // Input Value  : enumItemID: flash item id
1443          //                pucData: data to save
1444          //                ucLength: buf length
1445          // Output Value : return _TRUE if save success, else return _FALSE
1446          //--------------------------------------------------
1447          #pragma save
1448          #pragma OT(8)
1449          bit UserCommonFlashSaveItem(EnumFlashItemIDType enumItemID, BYTE *pucData, BYTE ucLength)
1450          {
1451   1          bit bNeedSave = _TRUE;
1452   1          BYTE ucItemIndex = 0;
1453   1          BYTE ucChecksum = 0;
1454   1          WORD usAddrIndex = 0;
1455   1          WORD usPageAddr = 0;
1456   1          WORD usItemAddr = 0;
1457   1          BYTE pucDataArry[_DATA_ITEM_LENGTH] = {0};
1458   1          BYTE pucWholeItem[_DATA_ITEM_LENGTH] = {0};
1459   1          BYTE ucPageID = HIBYTE(enumItemID);
1460   1      
1461   1          if(ucLength > (_DATA_ITEM_LENGTH - 2))
1462   1          {
1463   2              return _FALSE;
1464   2          }
1465   1      
1466   1          usPageAddr = g_pucFlashPageArr[ucPageID] * _FLASH_PAGE_SIZE;
1467   1      
1468   1          // Check all saved items
1469   1          for(usAddrIndex = g_pusFlashAddrArr[ucPageID]; usAddrIndex > 0; usAddrIndex--)
1470   1          {
1471   2              usItemAddr = (usAddrIndex - 1) * _DATA_ITEM_LENGTH;
1472   2      
1473   2              // Check item ID index and item checksum to make sure that this item which has the same ID index i
             -s valid
1474   2              UserCommonFlashRead(_SYSTEM_EEPROM_EMULATION_FLASH_BANK, usPageAddr + usItemAddr, 1, pucDataArry);
1475   2              if(pucDataArry[0] == LOBYTE(enumItemID))
1476   2              {
1477   3                  ucChecksum = 0;
1478   3      
1479   3                  // Calculate the item checksum
1480   3                  UserCommonFlashRead(_SYSTEM_EEPROM_EMULATION_FLASH_BANK, usPageAddr + usItemAddr, _DATA_ITEM_L
             -ENGTH, pucDataArry);
1481   3                  ucChecksum = UserCommonFlashCalculateCheckSumData(pucDataArry, (_DATA_ITEM_LENGTH - 1));
1482   3                  ucChecksum = (ucChecksum & 0x7F);
1483   3      
1484   3                  // Compare the calculate checksum and flash data
1485   3                  if(ucChecksum == pucDataArry[_DATA_ITEM_LENGTH - 1])
1486   3                  {
1487   4                      // Check data item in buffer is equal to the existed data item in page or not
1488   4                      for(ucItemIndex = 0; ucItemIndex < ucLength; ucItemIndex++)
1489   4                      {
1490   5                          if(pucDataArry[ucItemIndex + 1] != pucData[ucItemIndex])
1491   5                          {
1492   6                              break;
1493   6                          }
1494   5                      }
1495   4      
C51 COMPILER V9.60.0.0   USERCOMMONNVRAMSYSTEM                                             09/18/2026 20:39:43 PAGE 26  

1496   4                      // Same item has been saved last time
1497   4                      if(ucItemIndex >= ucLength)
1498   4                      {
1499   5                          bNeedSave = _FALSE;
1500   5                      }
1501   4      
1502   4                      break;
1503   4                  }
1504   3              }
1505   2          }
1506   1      
1507   1          // Same item is saved last time, do not need save again here
1508   1          if(bNeedSave == _FALSE)
1509   1          {
1510   2              return _TRUE;
1511   2          }
1512   1      
1513   1          // Get the whole item
1514   1          memset(pucWholeItem, 0xFFU, _DATA_ITEM_LENGTH);
1515   1          pucWholeItem[0] = LOBYTE(enumItemID);
1516   1          memcpy(pucWholeItem + 1, pucData, ucLength);
1517   1          pucWholeItem[15] = 0x00;
1518   1          pucWholeItem[15] = UserCommonFlashCalculateCheckSumData(pucWholeItem, (_DATA_ITEM_LENGTH - 1));
1519   1          pucWholeItem[15] = (pucWholeItem[15] & 0x7F);
1520   1      
1521   1          // Find an available Item space address which is 0xFF for Item all fields
1522   1          // Use this mechanism to avoid save Item to the wrong address which update data exception happens
1523   1          for(usAddrIndex = g_pusFlashAddrArr[ucPageID]; usAddrIndex <= ((_FLASH_PAGE_SIZE - _PAGE_INFO_LENGTH) 
             -/ _DATA_ITEM_LENGTH); usAddrIndex++)
1524   1          {
1525   2              if(usAddrIndex == ((_FLASH_PAGE_SIZE - _PAGE_INFO_LENGTH) / _DATA_ITEM_LENGTH))
1526   2              {
1527   3                  RTDFlashMoveData(ucPageID, pucWholeItem);
1528   3                  return _TRUE;
1529   3              }
1530   2      
1531   2              usItemAddr = usAddrIndex * _DATA_ITEM_LENGTH;
1532   2      
1533   2              UserCommonFlashRead(_SYSTEM_EEPROM_EMULATION_FLASH_BANK, usPageAddr + usItemAddr, _DATA_ITEM_LENGT
             -H, pucDataArry);
1534   2              for(ucItemIndex = 0; ucItemIndex < _DATA_ITEM_LENGTH; ucItemIndex++)
1535   2              {
1536   3                  if((pucDataArry[ucItemIndex]) != 0xFF)
1537   3                  {
1538   4                      break;
1539   4                  }
1540   3              }
1541   2      
1542   2              if(ucItemIndex >= _DATA_ITEM_LENGTH)
1543   2              {
1544   3                  g_pusFlashAddrArr[ucPageID] = usAddrIndex;
1545   3                  break;
1546   3              }
1547   2          }
1548   1      
1549   1          // Write item data
1550   1          UserCommonFlashWrite(_SYSTEM_EEPROM_EMULATION_FLASH_BANK, usPageAddr + g_pusFlashAddrArr[ucPageID] * _
             -DATA_ITEM_LENGTH, _DATA_ITEM_LENGTH - 1, pucWholeItem);
1551   1          // Write checksum
1552   1          UserCommonFlashWrite(_SYSTEM_EEPROM_EMULATION_FLASH_BANK, usPageAddr + g_pusFlashAddrArr[ucPageID] * _
             -DATA_ITEM_LENGTH + _DATA_ITEM_LENGTH - 1, 1, pucWholeItem + _DATA_ITEM_LENGTH - 1);
1553   1      
C51 COMPILER V9.60.0.0   USERCOMMONNVRAMSYSTEM                                             09/18/2026 20:39:43 PAGE 27  

1554   1          g_pusFlashAddrArr[ucPageID]++;
1555   1      
1556   1          return _TRUE;
1557   1      }
1558          #pragma restore
1559          
1560          //--------------------------------------------------
1561          // Description  : Save system data to flash
1562          // Input Value  : None
1563          // Output Value : None
1564          //--------------------------------------------------
1565          void UserCommonFlashSaveSystemData(void)
1566          {
1567   1          UserCommonFlashSaveItem(_FLASH_ITEMID_SYSTEM_DATA, (BYTE *)(&g_stSystemData), sizeof(StructSystemDataT
             -ype));
1568   1      }
1569          
1570          //--------------------------------------------------
1571          // Description  : Load system data to flash
1572          // Input Value  : None
1573          // Output Value : None
1574          //--------------------------------------------------
1575          void UserCommonFlashLoadSystemData(void)
1576          {
1577   1          if(UserCommonFlashLoadItem(_FLASH_ITEMID_SYSTEM_DATA, pData, sizeof(StructSystemDataType)) == _TRUE)
1578   1          {
1579   2              memcpy(&g_stSystemData, pData, sizeof(StructSystemDataType));
1580   2          }
1581   1          else
1582   1          {
1583   2              g_stSystemData = g_stSystemDefaultData;
1584   2          }
1585   1      }
1586          
1587          //--------------------------------------------------
1588          // Description  : Restore system data to flash
1589          // Input Value  : None
1590          // Output Value : None
1591          //--------------------------------------------------
1592          void UserCommonFlashRestoreSystemData(void)
1593          {
1594   1          g_stSystemData = g_stSystemDefaultData;
1595   1      
1596   1          if(UserCommonFlashLoadItem(_FLASH_ITEMID_SYSTEM_DATA, pData, 1) == _TRUE)
1597   1          {
1598   2              UserCommonFlashSaveSystemData();
1599   2          }
1600   1      }
1601          
1602          #if(_VGA_SUPPORT == _ON)
1603          //--------------------------------------------------
1604          // Description  : Save mode data to flash
1605          // Input Value  : ucSlotIndex
1606          // Output Value : None
1607          //--------------------------------------------------
1608          void UserCommonFlashLoadModeUserData(BYTE ucSlotIndex)
1609          {
1610   1          ucSlotIndex = ucSlotIndex % _MODE_SLOT_AMOUNT;
1611   1      
1612   1          if(UserCommonFlashLoadItem(_FLASH_ITEMID_MODE_USER_DATA + ucSlotIndex, pData, sizeof(StructVGAModeUser
             -DataType)) == _TRUE)
1613   1          {
C51 COMPILER V9.60.0.0   USERCOMMONNVRAMSYSTEM                                             09/18/2026 20:39:43 PAGE 28  

1614   2              memcpy(&g_stVGAModeUserData, pData, sizeof(StructVGAModeUserDataType));
1615   2          }
1616   1          else
1617   1          {
1618   2              memset(&g_stVGAModeUserData, 0xFF, sizeof(StructVGAModeUserDataType));
1619   2          }
1620   1      }
1621          
1622          //--------------------------------------------------
1623          // Description  : Save mode data to flash
1624          // Input Value  : None
1625          // Output Value : None
1626          //--------------------------------------------------
1627          void UserCommonFlashSaveModeUserData(void)
1628          {
1629   1          BYTE ucFifoIndex = 0;
1630   1          BYTE ucSlotIndex = 0;
1631   1      
1632   1          for(ucFifoIndex = 0; ucFifoIndex < UserCommonFlashGetMaxFifoGroupCnt(); ucFifoIndex++)
1633   1          {
1634   2              if(UserCommonFlashLoadModeUserModeNumberData(ucFifoIndex) == g_stVGAModeUserData.ucModeNumber)
1635   2              {
1636   3                  ucSlotIndex = ucFifoIndex;
1637   3                  break;
1638   3              }
1639   2          }
1640   1      
1641   1          if(ucFifoIndex >= UserCommonFlashGetMaxFifoGroupCnt())
1642   1          {
1643   2              ucSlotIndex = UserCommonFlashVGAFifoModeIndexOffsetInc(1);
1644   2          }
1645   1      
1646   1          // Save mode user data
1647   1          UserCommonFlashSaveItem(_FLASH_ITEMID_MODE_USER_DATA + ucSlotIndex, (BYTE *)(&g_stVGAModeUserData), si
             -zeof(StructVGAModeUserDataType));
1648   1      }
1649          
1650          //--------------------------------------------------
1651          // Description  : Load mode data to flash
1652          // Input Value  : None
1653          // Output Value : None
1654          //--------------------------------------------------
1655          BYTE UserCommonFlashLoadModeUserModeNumberData(BYTE ucSlotIndex)
1656          {
1657   1          BYTE ucModeNumber = 0xFF;
1658   1          StructVGAModeUserDataType stVGAModeUserData;
1659   1          memset(&stVGAModeUserData, 0, sizeof(StructVGAModeUserDataType));
1660   1      
1661   1          if(UserCommonFlashLoadItem(_FLASH_ITEMID_MODE_USER_DATA + ucSlotIndex, (BYTE *)(&stVGAModeUserData), s
             -izeof(StructVGAModeUserDataType)) == _TRUE)
1662   1          {
1663   2              ucModeNumber = stVGAModeUserData.ucModeNumber;
1664   2          }
1665   1      
1666   1          return ucModeNumber;
1667   1      }
1668          
1669          //--------------------------------------------------
1670          // Description  : Restore mode data to flash
1671          // Input Value  : None
1672          // Output Value : None
1673          //--------------------------------------------------
C51 COMPILER V9.60.0.0   USERCOMMONNVRAMSYSTEM                                             09/18/2026 20:39:43 PAGE 29  

1674          void UserCommonFlashRestoreModeUserData(void)
1675          {
1676   1          StructVGAModeUserDataType stVGAModeUserData = {0};
1677   1      
1678   1          // Default mode user data is all 0xFF
1679   1          for(g_stSystemData.ucModeSlotIndex = 0; g_stSystemData.ucModeSlotIndex < _MODE_SLOT_AMOUNT; g_stSystem
             -Data.ucModeSlotIndex++)
1680   1          {
1681   2              if(UserCommonFlashLoadItem(_FLASH_ITEMID_MODE_USER_DATA + g_stSystemData.ucModeSlotIndex, pData, 1
             -) == _TRUE)
1682   2              {
1683   3                  memset(&stVGAModeUserData, 0xFF, _DATA_ITEM_LENGTH - 2);
1684   3                  UserCommonFlashSaveItem(_FLASH_ITEMID_MODE_USER_DATA + g_stSystemData.ucModeSlotIndex, (BYTE *
             -)(&stVGAModeUserData), sizeof(StructVGAModeUserDataType));
1685   3              }
1686   2          }
1687   1      
1688   1          // Restore slot index
1689   1          g_stSystemData.ucModeSlotIndex = 0;
1690   1      }
1691          
1692          //--------------------------------------------------
1693          // Description  : Increase mode index offset for VGA fifo
1694          // Input Value  : step
1695          // Output Value : mode fifo
1696          //--------------------------------------------------
1697          BYTE UserCommonFlashVGAFifoModeIndexOffsetInc(BYTE ucStep)
1698          {
1699   1          BYTE ucMNumber = 0xFF;
1700   1          BYTE ucInx = 0;
1701   1          StructVGAModeUserDataType stVGAModeUserData;
1702   1          memset(&stVGAModeUserData, 0xFF, sizeof(StructVGAModeUserDataType));
1703   1      
1704   1          for(ucInx = 0; ucInx < _MODE_SLOT_AMOUNT; ucInx++)
1705   1          {
1706   2              g_stSystemData.ucModeSlotIndex = (g_stSystemData.ucModeSlotIndex + ucStep) % _MODE_SLOT_AMOUNT;
1707   2      
1708   2              ucMNumber = UserCommonFlashLoadModeUserModeNumberData(g_stSystemData.ucModeSlotIndex);
1709   2      
1710   2              if(UserCommonModeSearchCheckPresetModeTable(ucMNumber) == _TRUE)
1711   2              {
1712   3                  if(UserCommonFlashLoadItem(_FLASH_ITEMID_MODE_USER_DATA + g_stSystemData.ucModeSlotIndex, (BYT
             -E *)(&stVGAModeUserData), sizeof(StructVGAModeUserDataType)) == _TRUE)
1713   3                  {
1714   4                      if((stVGAModeUserData.b1IsPresetMode == _PRESET_MODE_TYPE))
1715   4                      {
1716   5                          DebugMessageAnalog("4. Match presetmode", ucMNumber);
1717   5                          continue;
1718   5                      }
1719   4                      else
1720   4                      {
1721   5                          break;
1722   5                      }
1723   4                  }
1724   3              }
1725   2              else
1726   2              {
1727   3                  break;
1728   3              }
1729   2          }
1730   1      
1731   1          return g_stSystemData.ucModeSlotIndex;
C51 COMPILER V9.60.0.0   USERCOMMONNVRAMSYSTEM                                             09/18/2026 20:39:43 PAGE 30  

1732   1      }
1733          
1734          //--------------------------------------------------
1735          // Description  : Get max fifo count
1736          // Input Value  : None
1737          // Output Value : slot amount
1738          //--------------------------------------------------
1739          BYTE UserCommonFlashGetMaxFifoGroupCnt(void)
1740          {
1741   1          return _MODE_SLOT_AMOUNT;
1742   1      }
1743          
1744          //--------------------------------------------------
1745          // Description  : Load VGA setting
1746          // Input Value  : color format
1747          // Output Value : None
1748          //--------------------------------------------------
1749          void UserCommonFlashLoadADCSetting(EnumColorSpace enumColorFormat)
1750          {
1751   1          if(enumColorFormat == _COLOR_SPACE_RGB)
1752   1          {
1753   2              if(UserCommonFlashLoadItem(_FLASH_ITEMID_VGA_ADC_DATA, pData, sizeof(StructAdcDataType)) == _TRUE)
1754   2              {
1755   3                  memcpy(&g_stAdcData, pData, sizeof(StructAdcDataType));
1756   3              }
1757   2              else
1758   2              {
1759   3                  g_stAdcData = g_stADCRgbDefaultData;
1760   3              }
1761   2          }
1762   1      #if(_YPBPR_SUPPORT == _ON)
                  else if(enumColorFormat == _COLOR_SPACE_YPBPR)
                  {
                      if(UserCommonFlashLoadItem(_FLASH_ITEMID_YPBPR_ADC_DATA, pData, sizeof(StructAdcDataType)) == _TRU
             -E)
                      {
                          memcpy(&g_stAdcData, pData, sizeof(StructAdcDataType));
                      }
                      else
                      {
                          g_stAdcData = g_stADCYpbprDefaultData;
                      }
                  }
              #endif
1775   1      
1776   1          UserInterfaceGetNVRamDataStatus(_CHECK_ADC_LOAD);
1777   1      }
1778          
1779          //--------------------------------------------------
1780          // Description  : Save VGA setting
1781          // Input Value  : color format
1782          // Output Value : None
1783          //--------------------------------------------------
1784          void UserCommonFlashSaveADCSetting(EnumColorSpace enumColorFormat)
1785          {
1786   1          if(UserInterfaceGetNVRamDataStatus(_CHECK_ADC_SAVE) == _FAIL)
1787   1          {
1788   2              return;
1789   2          }
1790   1      
1791   1          if(enumColorFormat == _COLOR_SPACE_RGB)
1792   1          {
C51 COMPILER V9.60.0.0   USERCOMMONNVRAMSYSTEM                                             09/18/2026 20:39:43 PAGE 31  

1793   2              UserCommonFlashSaveItem(_FLASH_ITEMID_VGA_ADC_DATA, (BYTE *)(&g_stAdcData), sizeof(StructAdcDataTy
             -pe));
1794   2          }
1795   1      #if(_YPBPR_SUPPORT == _ON)
                  else if(enumColorFormat == _COLOR_SPACE_YPBPR)
                  {
                      UserCommonFlashSaveItem(_FLASH_ITEMID_YPBPR_ADC_DATA, (BYTE *)(&g_stAdcData), sizeof(StructAdcData
             -Type));
                  }
              #endif
1801   1      }
1802          
1803          //--------------------------------------------------
1804          // Description  : Restore VGA setting
1805          // Input Value  : None
1806          // Output Value : None
1807          //--------------------------------------------------
1808          void UserCommonFlashRestoreADCSetting(void)
1809          {
1810   1          g_stAdcData = g_stADCRgbDefaultData;
1811   1      
1812   1          if(UserCommonFlashLoadItem(_FLASH_ITEMID_VGA_ADC_DATA, pData, 1) == _TRUE)
1813   1          {
1814   2              UserCommonFlashSaveADCSetting(_COLOR_SPACE_RGB);
1815   2          }
1816   1      
1817   1      #if(_YPBPR_SUPPORT == _ON)
                  g_stAdcData = g_stADCYpbprDefaultData;
              
                  if(UserCommonFlashLoadItem(_FLASH_ITEMID_YPBPR_ADC_DATA, pData, 1) == _TRUE)
                  {
                      UserCommonFlashSaveADCSetting(_COLOR_SPACE_YPBPR);
                  }
              #endif
1825   1      }
1826          #endif // End of #if(_VGA_SUPPORT == _ON)
1827          
1828          #endif // End of #if(_SYSTEM_EEPROM_EMULATION_SUPPORT == _OFF)
1829          
1830          
1831          #if((_WRITE_EDID_TO_SYSTEM_EEPROM == _ON) &&\
1832              ((_A0_EMBEDDED_DDCRAM_LOCATION == _EDID_TABLE_LOCATION_SYSTEM_EEPROM) ||\
1833               (_D0_EMBEDDED_DDCRAM_LOCATION == _EDID_TABLE_LOCATION_SYSTEM_EEPROM) ||\
1834               (_D1_EMBEDDED_DDCRAM_LOCATION == _EDID_TABLE_LOCATION_SYSTEM_EEPROM) ||\
1835               (_D2_EMBEDDED_DDCRAM_LOCATION == _EDID_TABLE_LOCATION_SYSTEM_EEPROM) ||\
1836               (_D3_EMBEDDED_DDCRAM_LOCATION == _EDID_TABLE_LOCATION_SYSTEM_EEPROM) ||\
1837               (_D4_EMBEDDED_DDCRAM_LOCATION == _EDID_TABLE_LOCATION_SYSTEM_EEPROM) ||\
1838               (_D5_EMBEDDED_DDCRAM_LOCATION == _EDID_TABLE_LOCATION_SYSTEM_EEPROM) ||\
1839               (_D0_MHL_EMBEDDED_DDCRAM_LOCATION == _EDID_TABLE_LOCATION_SYSTEM_EEPROM) ||\
1840               (_D1_MHL_EMBEDDED_DDCRAM_LOCATION == _EDID_TABLE_LOCATION_SYSTEM_EEPROM) ||\
1841               (_D2_MHL_EMBEDDED_DDCRAM_LOCATION == _EDID_TABLE_LOCATION_SYSTEM_EEPROM) ||\
1842               (_D3_MHL_EMBEDDED_DDCRAM_LOCATION == _EDID_TABLE_LOCATION_SYSTEM_EEPROM) ||\
1843               (_D4_MHL_EMBEDDED_DDCRAM_LOCATION == _EDID_TABLE_LOCATION_SYSTEM_EEPROM) ||\
1844               (_D5_MHL_EMBEDDED_DDCRAM_LOCATION == _EDID_TABLE_LOCATION_SYSTEM_EEPROM)))
              //--------------------------------------------------
              // Description  : Restore EDID EEPROM
              // Input Value  : None
              // Output Value : None
              //--------------------------------------------------
              void UserCommonEepromRestoreEDID(DWORD ulOffset, BYTE ucLength, BYTE *pucBuf)
              {
                  UserCommonEepromWrite(ulOffset, ucLength, pucBuf);
C51 COMPILER V9.60.0.0   USERCOMMONNVRAMSYSTEM                                             09/18/2026 20:39:43 PAGE 32  

              }
              #endif
1855          
1856          
1857          #if((_WRITE_EDID_TO_SYSTEM_EEPROM == _ON) &&\
1858              ((_A0_EMBEDDED_DDCRAM_LOCATION == _EDID_TABLE_LOCATION_FLASH) ||\
1859               (_D0_EMBEDDED_DDCRAM_LOCATION == _EDID_TABLE_LOCATION_FLASH) ||\
1860               (_D1_EMBEDDED_DDCRAM_LOCATION == _EDID_TABLE_LOCATION_FLASH) ||\
1861               (_D2_EMBEDDED_DDCRAM_LOCATION == _EDID_TABLE_LOCATION_FLASH) ||\
1862               (_D3_EMBEDDED_DDCRAM_LOCATION == _EDID_TABLE_LOCATION_FLASH) ||\
1863               (_D4_EMBEDDED_DDCRAM_LOCATION == _EDID_TABLE_LOCATION_FLASH) ||\
1864               (_D5_EMBEDDED_DDCRAM_LOCATION == _EDID_TABLE_LOCATION_FLASH) ||\
1865               (_D0_MHL_EMBEDDED_DDCRAM_LOCATION == _EDID_TABLE_LOCATION_FLASH) ||\
1866               (_D1_MHL_EMBEDDED_DDCRAM_LOCATION == _EDID_TABLE_LOCATION_FLASH) ||\
1867               (_D2_MHL_EMBEDDED_DDCRAM_LOCATION == _EDID_TABLE_LOCATION_FLASH) ||\
1868               (_D3_MHL_EMBEDDED_DDCRAM_LOCATION == _EDID_TABLE_LOCATION_FLASH) ||\
1869               (_D4_MHL_EMBEDDED_DDCRAM_LOCATION == _EDID_TABLE_LOCATION_FLASH) ||\
1870               (_D5_MHL_EMBEDDED_DDCRAM_LOCATION == _EDID_TABLE_LOCATION_FLASH)))
              //--------------------------------------------------
              // Description  : Restore EDID EEPROM
              // Input Value  : None
              // Output Value : None
              //--------------------------------------------------
              void UserCommonFlashRestoreEDID(WORD usAddr, BYTE ucLength, BYTE *pucBuf)
              {
                  UserCommonFlashWrite(_EDID_FLASH_BANK, usAddr, ucLength, pucBuf);
              }
              #endif
1881          
1882          
1883          #if(_DIGITAL_PORT_SUPPORT == _ON)
1884          #if(_HDCP_1_4_KEY_LOCATION == _TABLE_LOCATION_SYSTEM_EEPROM)
              //--------------------------------------------------
              // Description  : Get HDCP Bksv
              // Input Value  : None
              // Output Value : None
              //--------------------------------------------------
              void UserCommonEepromGetHDCPKeyBKsv(DWORD ulSubAddr, BYTE ucLength, BYTE *pucReadArray)
              {
                  UserCommonEepromRead(((DWORD)_RX_HDCP_1_4_KEY_ADDRESS_EEPROM + ulSubAddr), ucLength, pucReadArray);
              }
              
              //--------------------------------------------------
              // Description  : Get HDCP Key
              // Input Value  : None
              // Output Value : None
              //--------------------------------------------------
              void UserCommonEepromGetHDCPKey(DWORD ulSubAddr, WORD usLength, BYTE *pucReadArray)
              {
                  UserCommonEepromRead(((DWORD)_RX_HDCP_1_4_KEY_ADDRESS_EEPROM + 5 + (ulSubAddr)), usLength, pucReadArra
             -y);
              }
              
              #if(_WRITE_HDCP_TO_SYSTEM_EEPROM == _ON)
              //--------------------------------------------------
              // Description  : Restore HDCP Key
              // Input Value  : None
              // Output Value : None
              //--------------------------------------------------
              void UserCommonEepromRestoreHDCP1P4(DWORD ulOffset, BYTE ucLength, BYTE *pucBuf)
              {
                  UserCommonEepromWrite((DWORD)_RX_HDCP_1_4_KEY_ADDRESS_EEPROM + ulOffset, ucLength, pucBuf);
C51 COMPILER V9.60.0.0   USERCOMMONNVRAMSYSTEM                                             09/18/2026 20:39:43 PAGE 33  

              }
              #endif
              
              #if(_DP_TX_SUPPORT == _ON)
              //--------------------------------------------------
              // Description  : Get HDCP Aksv
              // Input Value  : None
              // Output Value : None
              //--------------------------------------------------
              void UserCommonEepromGetTxHDCPKeyAKsv(DWORD ulSubAddr, BYTE ucLength, BYTE *pucReadArray)
              {
                  UserCommonEepromRead(((DWORD)_TX_HDCP_1_4_KEY_ADDRESS_EEPROM + ulSubAddr), ucLength, pucReadArray);
              }
              
              //--------------------------------------------------
              // Description  : Get TxHDCP Key
              // Input Value  : None
              // Output Value : None
              //--------------------------------------------------
              void UserCommonEepromGetTxHDCPKey(DWORD ulSubAddr, WORD usLength, BYTE *pucReadArray)
              {
                  UserCommonEepromRead(((DWORD)_TX_HDCP_1_4_KEY_ADDRESS_EEPROM + 5 + (ulSubAddr)), usLength, pucReadArra
             -y);
              }
              
              #if(_WRITE_HDCP_TO_SYSTEM_EEPROM == _ON)
              //--------------------------------------------------
              // Description  : Restore HDCP Key
              // Input Value  : None
              // Output Value : None
              //--------------------------------------------------
              void UserCommonEepromRestoreTxHDCP1P4(DWORD ulOffset, BYTE ucLength, BYTE *pucBuf)
              {
                  UserCommonEepromWrite((DWORD)_TX_HDCP_1_4_KEY_ADDRESS_EEPROM + ulOffset, ucLength, pucBuf);
              }
              #endif // End of #if(_WRITE_HDCP_TO_SYSTEM_EEPROM == _ON)
              #endif // End of #if(_DP_TX_SUPPORT == _ON)
              
              #elif(_HDCP_1_4_KEY_LOCATION == _TABLE_LOCATION_FLASH)
              //--------------------------------------------------
              // Description  : Get HDCP Bksv
              // Input Value  : None
              // Output Value : None
              //--------------------------------------------------
              void UserCommonFlashGetHDCPKeyBKsv(BYTE ucSubAddr, BYTE ucLength, BYTE *pucReadArray)
              {
                  UserCommonFlashRead(_RX_HDCP_1_4_KEY_FLASH_BANK, (_RX_HDCP_1_4_KEY_ADDRESS_FLASH + ucSubAddr), ucLengt
             -h, pucReadArray);
              }
              
              //--------------------------------------------------
              // Description  : Get HDCP Key
              // Input Value  : None
              // Output Value : None
              //--------------------------------------------------
              void UserCommonFlashGetHDCPKey(WORD usSubAddr, WORD usLength, BYTE *pucReadArray)
              {
                  UserCommonFlashRead(_RX_HDCP_1_4_KEY_FLASH_BANK, (_RX_HDCP_1_4_KEY_ADDRESS_FLASH + 5 + (usSubAddr)), u
             -sLength, pucReadArray);
              }
              
              #if(_WRITE_HDCP_TO_SYSTEM_EEPROM == _ON)
C51 COMPILER V9.60.0.0   USERCOMMONNVRAMSYSTEM                                             09/18/2026 20:39:43 PAGE 34  

              //--------------------------------------------------
              // Description  : Restore HDCP 1.4 Key
              // Input Value  : None
              // Output Value : None
              //--------------------------------------------------
              void UserCommonFlashRestoreHDCP1P4(WORD usAddr, BYTE ucLength, BYTE *pucBuf)
              {
                  UserCommonFlashWrite(_RX_HDCP_1_4_KEY_FLASH_BANK, _RX_HDCP_1_4_KEY_ADDRESS_FLASH + usAddr, ucLength, p
             -ucBuf);
              }
              #endif
              
              #if(_DP_TX_SUPPORT == _ON)
              //--------------------------------------------------
              // Description  : Get HDCP Aksv
              // Input Value  : None
              // Output Value : None
              //--------------------------------------------------
              void UserCommonFlashGetTxHDCPKeyAKsv(BYTE ucSubAddr, BYTE ucLength, BYTE *pucReadArray)
              {
                  UserCommonFlashRead(_TX_HDCP_1_4_KEY_FLASH_BANK, (_TX_HDCP_1_4_KEY_ADDRESS_FLASH + ucSubAddr), ucLengt
             -h, pucReadArray);
              }
              
              //--------------------------------------------------
              // Description  : Get TxHDCP Key
              // Input Value  : None
              // Output Value : None
              //--------------------------------------------------
              void UserCommonFlashGetTxHDCPKey(WORD usSubAddr, WORD usLength, BYTE *pucReadArray)
              {
                  UserCommonFlashRead(_TX_HDCP_1_4_KEY_FLASH_BANK, (_TX_HDCP_1_4_KEY_ADDRESS_FLASH + 5 + (usSubAddr)), u
             -sLength, pucReadArray);
              }
              
              #if(_WRITE_HDCP_TO_SYSTEM_EEPROM == _ON)
              //--------------------------------------------------
              // Description  : Restore HDCP Key
              // Input Value  : None
              // Output Value : None
              //--------------------------------------------------
              void UserCommonFlashRestoreTxHDCP1P4(WORD usOffset, BYTE ucLength, BYTE *pucBuf)
              {
                  UserCommonFlashWrite(_TX_HDCP_1_4_KEY_FLASH_BANK, _TX_HDCP_1_4_KEY_ADDRESS_FLASH + usOffset, ucLength,
             - pucBuf);
              }
              #endif // End of #if(_WRITE_HDCP_TO_SYSTEM_EEPROM == _ON)
              #endif // End of #if(_DP_TX_SUPPORT == _ON)
              #endif // End of #if(_HDCP_1_4_KEY_LOCATION == _TABLE_LOCATION_SYSTEM_EEPROM)
2018          
2019          #if(_HDCP_2_2_SUPPORT == _ON)
2020          #if(_HDCP_2_2_KEY_LOCATION == _TABLE_LOCATION_SYSTEM_EEPROM)
              //--------------------------------------------------
              // Description  : Get HDCP By User Defined Method
              // Input Value  : None
              // Output Value : None
              //--------------------------------------------------
              void UserCommonEepromGetHdcp2Certrx(DWORD ulSubAddr, WORD usLength, BYTE *pucReadArray)
              {
                  UserCommonEepromRead(((DWORD)_RX_HDCP_2_2_KEY_ADDRESS_EEPROM + (ulSubAddr)), usLength, pucReadArray);
              }
              
C51 COMPILER V9.60.0.0   USERCOMMONNVRAMSYSTEM                                             09/18/2026 20:39:43 PAGE 35  

              //--------------------------------------------------
              // Description  : Get HDCP By User Defined Method
              // Input Value  : None
              // Output Value : None
              //--------------------------------------------------
              void UserCommonEepromGetHdcp2RSAKPriv(DWORD ulSubAddr, WORD usLength, BYTE *pucReadArray)
              {
                  UserCommonEepromRead(((DWORD)_RX_HDCP_2_2_KEY_ADDRESS_EEPROM + 522 + (ulSubAddr)), usLength, pucReadAr
             -ray);
              }
              
              //--------------------------------------------------
              // Description  : Get HDCP By User Defined Method
              // Input Value  : None
              // Output Value : None
              //--------------------------------------------------
              void UserCommonEepromGetHdcp2RSARRModN(DWORD ulSubAddr, WORD usLength, BYTE *pucReadArray)
              {
                  UserCommonEepromRead(((DWORD)_RX_HDCP_2_2_KEY_ADDRESS_EEPROM + 842 + (ulSubAddr)), usLength, pucReadAr
             -ray);
              }
              
              //--------------------------------------------------
              // Description  : Get HDCP By User Defined Method
              // Input Value  : None
              // Output Value : None
              //--------------------------------------------------
              void UserCommonEepromGetHdcp2RSANpinv(DWORD ulSubAddr, WORD usLength, BYTE *pucReadArray)
              {
                  UserCommonEepromRead(((DWORD)_RX_HDCP_2_2_KEY_ADDRESS_EEPROM + 970 + (ulSubAddr)), usLength, pucReadAr
             -ray);
              }
              
              //--------------------------------------------------
              // Description  : Get HDCP By User Defined Method
              // Input Value  : None
              // Output Value : None
              //--------------------------------------------------
              void UserCommonEepromGetHdcp2RSADkey(DWORD ulSubAddr, WORD usLength, BYTE *pucReadArray)
              {
                  UserCommonEepromRead(((DWORD)_RX_HDCP_2_2_KEY_ADDRESS_EEPROM + 974 + (ulSubAddr)), usLength, pucReadAr
             -ray);
              }
              
              //--------------------------------------------------
              // Description  : Get HDCP By User Defined Method
              // Input Value  : None
              // Output Value : None
              //--------------------------------------------------
              void UserCommonEepromGetHdcp2LCKey(DWORD ulSubAddr, WORD usLength, BYTE *pucReadArray)
              {
                  UserCommonEepromRead(((DWORD)_RX_HDCP_2_2_KEY_ADDRESS_EEPROM + 1102 + (ulSubAddr)), usLength, pucReadA
             -rray);
              }
              
              #if(_WRITE_HDCP_TO_SYSTEM_EEPROM == _ON)
              //--------------------------------------------------
              // Description  : Restore HDCP Key
              // Input Value  : None
              // Output Value : None
              //--------------------------------------------------
              void UserCommonEepromRestoreHDCP2(DWORD ulOffset, BYTE ucLength, BYTE *pucBuf)
C51 COMPILER V9.60.0.0   USERCOMMONNVRAMSYSTEM                                             09/18/2026 20:39:43 PAGE 36  

              {
                  UserCommonEepromWrite((DWORD)_RX_HDCP_2_2_KEY_ADDRESS_EEPROM + ulOffset, ucLength, pucBuf);
              }
              #endif
              
              #if(_DP_TX_SUPPORT == _ON)
              //--------------------------------------------------
              // Description  : Get HDCP By User Defined Method
              // Input Value  : None
              // Output Value : None
              //--------------------------------------------------
              void UserCommonEepromGetTxHdcp2RRMODN(DWORD ulSubAddr, WORD usLength, BYTE *pucReadArray)
              {
                  UserCommonEepromRead(((DWORD)_TX_HDCP_2_2_KEY_ADDRESS_EEPROM + (ulSubAddr)), usLength, pucReadArray);
              }
              
              //--------------------------------------------------
              // Description  : Get HDCP By User Defined Method
              // Input Value  : None
              // Output Value : None
              //--------------------------------------------------
              void UserCommonEepromGetTxHdcp2DcpLlcN(DWORD ulSubAddr, WORD usLength, BYTE *pucReadArray)
              {
                  UserCommonEepromRead(((DWORD)_TX_HDCP_2_2_KEY_ADDRESS_EEPROM + 384 + (ulSubAddr)), usLength, pucReadAr
             -ray);
              }
              
              //--------------------------------------------------
              // Description  : Get HDCP By User Defined Method
              // Input Value  : None
              // Output Value : None
              //--------------------------------------------------
              void UserCommonEepromGetTxHdcp2EKey(DWORD ulSubAddr, WORD usLength, BYTE *pucReadArray)
              {
                  UserCommonEepromRead(((DWORD)_TX_HDCP_2_2_KEY_ADDRESS_EEPROM + 772 + (ulSubAddr)), usLength, pucReadAr
             -ray);
              }
              
              //--------------------------------------------------
              // Description  : Get HDCP By User Defined Method
              // Input Value  : None
              // Output Value : None
              //--------------------------------------------------
              void UserCommonEepromGetTxHdcp2NPinv(DWORD ulSubAddr, WORD usLength, BYTE *pucReadArray)
              {
                  UserCommonEepromRead(((DWORD)_TX_HDCP_2_2_KEY_ADDRESS_EEPROM + 768 + (ulSubAddr)), usLength, pucReadAr
             -ray);
              }
              
              #if(_WRITE_HDCP_TO_SYSTEM_EEPROM == _ON)
              //--------------------------------------------------
              // Description  : Restore HDCP Key
              // Input Value  : None
              // Output Value : None
              //--------------------------------------------------
              void UserCommonEepromRestoreTxHDCP2(DWORD ulOffset, BYTE ucLength, BYTE *pucBuf)
              {
                  UserCommonEepromWrite((DWORD)_TX_HDCP_2_2_KEY_ADDRESS_EEPROM + ulOffset, ucLength, pucBuf);
              }
              #endif // End of #if(_WRITE_HDCP_TO_SYSTEM_EEPROM == _ON)
              
              #endif
C51 COMPILER V9.60.0.0   USERCOMMONNVRAMSYSTEM                                             09/18/2026 20:39:43 PAGE 37  

              
              #elif(_HDCP_2_2_KEY_LOCATION == _TABLE_LOCATION_FLASH)
              //--------------------------------------------------
              // Description  : Get HDCP By User Defined Method
              // Input Value  : None
              // Output Value : None
              //--------------------------------------------------
              void UserCommonFlashGetHdcp2Certrx(WORD usSubAddr, WORD usLength, BYTE *pucReadArray)
              {
                  UserCommonFlashRead(_RX_HDCP_2_2_KEY_FLASH_BANK, (_RX_HDCP_2_2_KEY_ADDRESS_FLASH + (usSubAddr)), usLen
             -gth, pucReadArray);
              }
              
              //--------------------------------------------------
              // Description  : Get HDCP By User Defined Method
              // Input Value  : None
              // Output Value : None
              //--------------------------------------------------
              void UserCommonFlashGetHdcp2RSAKPriv(WORD usSubAddr, WORD usLength, BYTE *pucReadArray)
              {
                  UserCommonFlashRead(_RX_HDCP_2_2_KEY_FLASH_BANK, (_RX_HDCP_2_2_KEY_ADDRESS_FLASH + 522 + (usSubAddr)),
             - usLength, pucReadArray);
              }
              
              //--------------------------------------------------
              // Description  : Get HDCP By User Defined Method
              // Input Value  : None
              // Output Value : None
              //--------------------------------------------------
              void UserCommonFlashGetHdcp2RSARRModN(WORD usSubAddr, WORD usLength, BYTE *pucReadArray)
              {
                  UserCommonFlashRead(_RX_HDCP_2_2_KEY_FLASH_BANK, (_RX_HDCP_2_2_KEY_ADDRESS_FLASH + 842 + (usSubAddr)),
             - usLength, pucReadArray);
              }
              
              //--------------------------------------------------
              // Description  : Get HDCP By User Defined Method
              // Input Value  : None
              // Output Value : None
              //--------------------------------------------------
              void UserCommonFlashGetHdcp2RSANpinv(WORD usSubAddr, WORD usLength, BYTE *pucReadArray)
              {
                  UserCommonFlashRead(_RX_HDCP_2_2_KEY_FLASH_BANK, (_RX_HDCP_2_2_KEY_ADDRESS_FLASH + 970 + (usSubAddr)),
             - usLength, pucReadArray);
              }
              
              //--------------------------------------------------
              // Description  : Get HDCP By User Defined Method
              // Input Value  : None
              // Output Value : None
              //--------------------------------------------------
              void UserCommonFlashGetHdcp2RSADkey(WORD usSubAddr, WORD usLength, BYTE *pucReadArray)
              {
                  UserCommonFlashRead(_RX_HDCP_2_2_KEY_FLASH_BANK, (_RX_HDCP_2_2_KEY_ADDRESS_FLASH + 974 + (usSubAddr)),
             - usLength, pucReadArray);
              }
              
              //--------------------------------------------------
              // Description  : Get HDCP By User Defined Method
              // Input Value  : None
              // Output Value : None
              //--------------------------------------------------
C51 COMPILER V9.60.0.0   USERCOMMONNVRAMSYSTEM                                             09/18/2026 20:39:43 PAGE 38  

              void UserCommonFlashGetHdcp2LCKey(WORD usSubAddr, WORD usLength, BYTE *pucReadArray)
              {
                  UserCommonFlashRead(_RX_HDCP_2_2_KEY_FLASH_BANK, (_RX_HDCP_2_2_KEY_ADDRESS_FLASH + 1102 + (usSubAddr))
             -, usLength, pucReadArray);
              }
              
              #if(_WRITE_HDCP_TO_SYSTEM_EEPROM == _ON)
              //--------------------------------------------------
              // Description  : Restore HDCP 2.0 key
              // Input Value  : None
              // Output Value : None
              //--------------------------------------------------
              void UserCommonFlashRestoreHDCP2(WORD usAddr, BYTE ucLength, BYTE *pucBuf)
              {
                  UserCommonFlashWrite(_RX_HDCP_2_2_KEY_FLASH_BANK, _RX_HDCP_2_2_KEY_ADDRESS_FLASH + usAddr, ucLength, p
             -ucBuf);
              }
              #endif
              
              #if(_DP_TX_SUPPORT == _ON)
              //--------------------------------------------------
              // Description  : Get HDCP By User Defined Method
              // Input Value  : None
              // Output Value : None
              //--------------------------------------------------
              void UserCommonFlashGetTxHdcp2RRMODN(WORD usSubAddr, WORD usLength, BYTE *pucReadArray)
              {
                  UserCommonFlashRead(_TX_HDCP_2_2_KEY_FLASH_BANK, (_TX_HDCP_2_2_KEY_ADDRESS_FLASH + (usSubAddr)), usLen
             -gth, pucReadArray);
              }
              
              //--------------------------------------------------
              // Description  : Get HDCP By User Defined Method
              // Input Value  : None
              // Output Value : None
              //--------------------------------------------------
              void UserCommonFlashGetTxHdcp2DcpLlcN(WORD usSubAddr, WORD usLength, BYTE *pucReadArray)
              {
                  UserCommonFlashRead(_TX_HDCP_2_2_KEY_FLASH_BANK, (_TX_HDCP_2_2_KEY_ADDRESS_FLASH + 384 + (usSubAddr)),
             - usLength, pucReadArray);
              }
              
              //--------------------------------------------------
              // Description  : Get HDCP By User Defined Method
              // Input Value  : None
              // Output Value : None
              //--------------------------------------------------
              void UserCommonFlashGetTxHdcp2EKey(WORD usSubAddr, WORD usLength, BYTE *pucReadArray)
              {
                  UserCommonFlashRead(_TX_HDCP_2_2_KEY_FLASH_BANK, (_TX_HDCP_2_2_KEY_ADDRESS_FLASH + 772 + (usSubAddr)),
             - usLength, pucReadArray);
              }
              
              //--------------------------------------------------
              // Description  : Get HDCP By User Defined Method
              // Input Value  : None
              // Output Value : None
              //--------------------------------------------------
              void UserCommonFlashGetTxHdcp2NPinv(WORD usSubAddr, WORD usLength, BYTE *pucReadArray)
              {
                  UserCommonFlashRead(_TX_HDCP_2_2_KEY_FLASH_BANK, (_TX_HDCP_2_2_KEY_ADDRESS_FLASH + 768 + (usSubAddr)),
             - usLength, pucReadArray);
C51 COMPILER V9.60.0.0   USERCOMMONNVRAMSYSTEM                                             09/18/2026 20:39:43 PAGE 39  

              }
              
              #if(_WRITE_HDCP_TO_SYSTEM_EEPROM == _ON)
              //--------------------------------------------------
              // Description  : Restore HDCP 2.0 key
              // Input Value  : None
              // Output Value : None
              //--------------------------------------------------
              void UserCommonFlashRestoreTxHDCP2(WORD usAddr, BYTE ucLength, BYTE *pucBuf)
              {
                  UserCommonFlashWrite(_TX_HDCP_2_2_KEY_FLASH_BANK, _TX_HDCP_2_2_KEY_ADDRESS_FLASH + usAddr, ucLength, p
             -ucBuf);
              }
              #endif
              #endif
              #endif // End of #if(_HDCP_2_2_KEY_LOCATION == _TABLE_LOCATION_SYSTEM_EEPROM)
2275          #endif // End of #if(_HDCP_2_2_SUPPORT == _ON)
2276          
2277          #endif // End of #if(_DIGITAL_PORT_SUPPORT == _ON)
2278          
2279          
2280          #if(_FLASH_WRITE_FUNCTION_SUPPORT == _ON)
2281          //--------------------------------------------------
2282          // Description  : Erase page
2283          // Input Value  : ucBank: bank index
2284          //                ucPage: page index (0 ~ 15)
2285          // Output Value : _TRUE for erase success and _FALSE for erase fail
2286          //--------------------------------------------------
2287          bit UserCommonFlashErasePage(BYTE ucBank, BYTE ucPage)
2288          {
2289   1          return ScalerFlashErasePage(ucBank, ucPage);
2290   1      }
2291          
2292          //--------------------------------------------------
2293          // Description  : Save data to flash
2294          // Input Value  : ucBank: bank index
2295          //                usAddr: address in ucBank
2296          //                ucLength: the data length to save
2297          //                pucData: data buffer to save
2298          // Output Value : _TRUE for save success and _FALSE for save fail
2299          //--------------------------------------------------
2300          bit UserCommonFlashWrite(BYTE ucBank, WORD usAddr, WORD usLength, BYTE *pucData)
2301          {
2302   1          return ScalerFlashWrite(ucBank, usAddr, usLength, pucData);
2303   1      }
2304          #endif // End of #if(_FLASH_WRITE_FUNCTION_SUPPORT == _ON)
2305          
2306          #if(_FLASH_READ_FUNCTION_SUPPORT == _ON)
2307          //--------------------------------------------------
2308          // Description  : Load data from flash
2309          // Input Value  : ucBank: bank index
2310          //                usAddr: address in ucBank
2311          //                ucLength: the data length to load
2312          //                pucData: data buffer to save the load data
2313          // Output Value : _TRUE for load success and _FALSE for load fail
2314          //--------------------------------------------------
2315          bit UserCommonFlashRead(BYTE ucBank, WORD usAddr, WORD usLength, BYTE *pucData)
2316          {
2317   1          return ScalerFlashRead(ucBank, usAddr, usLength, pucData);
2318   1      }
2319          #endif // End of #if(_FLASH_READ_FUNCTION_SUPPORT == _ON)
2320          
C51 COMPILER V9.60.0.0   USERCOMMONNVRAMSYSTEM                                             09/18/2026 20:39:43 PAGE 40  

2321          #if(_FLASH_WR_PROTECT == _ON)
              //--------------------------------------------------
              // Description  : Set SR to protect flash
              // Input Value  : None
              // Output Value : Return _TURE if succeed, else return _FALSE
              //--------------------------------------------------
              void UserCommonFlashWRProtect(void)
              {
                  ScalerFlashWRProtect();
              }
              #endif


MODULE INFORMATION:   STATIC OVERLAYABLE
   CODE SIZE        =   4420    ----
   CONSTANT SIZE    =     87    ----
   XDATA SIZE       =     39     213
   PDATA SIZE       =   ----    ----
   DATA SIZE        =   ----    ----
   IDATA SIZE       =   ----    ----
   BIT SIZE         =   ----      25
END OF MODULE INFORMATION.


C51 COMPILATION COMPLETE.  1 WARNING(S),  0 ERROR(S)
